Frequency,S12_Magnitude,
1000000,-3.407924095,
1599959,-3.174724943,
2199919,-3.114294837,
2799879,-3.044174993,
3399839,-3.029594149,
3999799,-2.926738996,
4599759,-2.939781593,
5199719,-3.066920078,
5799679,-3.049631782,
6399639,-3.170210249,
6999599,-3.203973061,
7599559,-3.417625212,
8199519,-3.558563922,
8799479,-3.599127256,
9399439,-3.805923127,
9999399,-3.989502047,
10599359,-4.085228007,
11199319,-4.257998494,
11799279,-4.426827487,
12399239,-4.498634979,
12999199,-4.718628984,
13599159,-4.90533167,
14199119,-5.094191778,
14799079,-5.305833878,
15399039,-5.485590075,
15998999,-5.707551057,
16598959,-5.973855731,
17198919,-6.112093318,
17798879,-6.41325563,
18398839,-6.603636304,
18998799,-6.779593269,
19598759,-6.949470362,
20198719,-7.243483137,
20798679,-7.472089474,
21398639,-7.779620562,
21998599,-7.843159934,
22598559,-8.130071297,
23198519,-8.343696011,
23798479,-8.686705235,
24398439,-8.723141832,
24998399,-9.331954869,
25598359,-9.321637605,
26198319,-9.697101499,
26798279,-10.01145603,
27398239,-10.18123758,
27998199,-10.5573567,
28598159,-10.68652424,
29198119,-10.903319,
29798079,-11.39510056,
30398039,-11.90186494,
30997999,-12.06443797,
31597959,-12.36445558,
32197919,-12.79611545,
32797879,-13.04695685,
33397839,-13.4136632,
33997799,-14.11395929,
34597759,-14.29814787,
35197719,-14.6673515,
35797679,-15.23107446,
36397639,-15.59012339,
36997599,-15.96754602,
37597559,-16.62564881,
38197519,-17.40962021,
38797479,-17.74660074,
39397439,-18.30872536,
39997399,-19.19119177,
40597359,-19.67486765,
41197319,-20.89779122,
41797279,-21.63759412,
42397239,-22.52971906,
42997199,-23.58323642,
43597159,-24.64628762,
44197119,-26.28144341,
44797079,-28.71237107,
45397039,-34.97730072,
45996999,-37.48953343,
46596959,-37.89290274,
47196919,-45.16595952,
47796879,-41.29140275,
48396839,-38.85474359,
48996799,-37.44387823,
49596759,-27.93490616,
50196719,-26.18250013,
50796679,-25.19260977,
51396639,-24.21523825,
51996599,-23.27700769,
52596559,-22.44122324,
53196519,-22.09796843,
53796479,-20.06877757,
54396439,-19.73945438,
54996399,-18.44829744,
55596359,-18.04919601,
56196319,-17.44708677,
56796279,-17.04179805,
57396239,-16.47318312,
57996199,-15.41857957,
58596159,-15.48906875,
59196119,-14.78623019,
59796079,-14.40199426,
60396039,-14.27905744,
60995999,-13.83672005,
61595959,-13.43263793,
62195919,-13.07357152,
62795879,-12.72318709,
63395839,-12.37752457,
63995799,-12.09065283,
64595759,-11.76414851,
65195719,-11.82606888,
65795679,-11.21884696,
66395639,-10.73538386,
66995599,-10.74066025,
67595559,-10.41583424,
68195519,-10.25954659,
68795479,-10.05275085,
69395439,-9.898390279,
69995399,-9.468904018,
70595359,-9.527465122,
71195319,-9.238339995,
71795279,-9.041487246,
72395239,-8.81192091,
72995199,-8.629066209,
73595159,-8.59576126,
74195119,-8.326334094,
74795079,-8.099933228,
75395039,-7.9429022,
75994999,-7.869055559,
76594959,-7.712508068,
77194919,-7.574549568,
77794879,-7.458303018,
78394839,-7.32552456,
78994799,-7.263287619,
79594759,-7.15335504,
80194719,-6.991424467,
80794679,-6.872111701,
81394639,-6.656543777,
81994599,-6.585420516,
82594559,-6.555117752,
83194519,-6.454421921,
83794479,-6.319880269,
84394439,-6.21971395,
84994399,-6.171640144,
85594359,-6.017938196,
86194319,-5.993057478,
86794279,-6.005622051,
87394239,-5.780167021,
87994199,-5.821537169,
88594159,-5.608800434,
89194119,-5.637746393,
89794079,-5.531411475,
90394039,-5.451999916,
90993999,-5.385528646,
91593959,-5.368179547,
92193919,-5.333147939,
92793879,-5.272601531,
93393839,-5.156099556,
93993799,-5.214867759,
94593759,-5.141335897,
95193719,-5.097995202,
95793679,-5.108117169,
96393639,-4.91735287,
96993599,-4.965591987,
97593559,-4.993339789,
98193519,-4.91402865,
98793479,-4.878643396,
99393439,-4.766467886,
99993399,-4.763108871,
100593359,-4.835885628,
101193319,-4.664657833,
101793279,-4.642380032,
102393239,-4.663341255,
102993199,-4.618479816,
103593159,-4.542164548,
104193119,-4.563998343,
104793079,-4.564664929,
105393039,-4.50960631,
105992999,-4.590424049,
106592959,-4.513806117,
107192919,-4.463251253,
107792879,-4.465116527,
108392839,-4.423560868,
108992799,-4.399619692,
109592759,-4.383704873,
110192719,-4.350791147,
110792679,-4.295238574,
111392639,-4.344212388,
111992599,-4.328455965,
112592559,-4.288470748,
113192519,-4.308711403,
113792479,-4.27186126,
114392439,-4.286527527,
114992399,-4.23721869,
115592359,-4.250399182,
116192319,-4.229641515,
116792279,-4.238830029,
117392239,-4.164349188,
117992199,-4.273349174,
118592159,-4.234881152,
119192119,-4.173936613,
119792079,-4.093571617,
120392039,-4.185514311,
120991999,-4.22838823,
121591959,-4.196534124,
122191919,-4.157786221,
122791879,-4.099499848,
123391839,-4.068202334,
123991799,-4.163303564,
124591759,-4.044860957,
125191719,-4.181640465,
125791679,-4.136437547,
126391639,-4.168067233,
126991599,-4.057654778,
127591559,-4.09762966,
128191519,-4.045366107,
128791479,-4.156969365,
129391439,-4.163310836,
129991399,-4.154037933,
130591359,-4.142345862,
131191319,-4.072674325,
131791279,-4.095587436,
132391239,-3.996595151,
132991199,-4.140633463,
133591159,-4.01866158,
134191119,-4.119131948,
134791079,-4.140215657,
135391039,-4.084024152,
135990999,-4.101452087,
136590959,-4.061167269,
137190919,-4.032680593,
137790879,-4.117308297,
138390839,-4.048340762,
138990799,-4.055865856,
139590759,-4.132761245,
140190719,-4.117987684,
140790679,-4.007223346,
141390639,-4.099956613,
141990599,-4.045683539,
142590559,-4.135889324,
143190519,-4.165731672,
143790479,-4.163371513,
144390438,-4.131058433,
144990398,-4.081358049,
145590358,-4.023170078,
146190318,-4.079123778,
146790278,-4.009009548,
147390238,-4.138472874,
147990198,-4.123151673,
148590158,-4.161551257,
149190118,-4.046814815,
149790078,-4.067098449,
150390038,-4.068675146,
150989998,-4.049800655,
151589958,-4.048965681,
152189918,-4.084996629,
152789878,-4.147730864,
153389838,-4.142003151,
153989798,-4.050429144,
154589758,-4.152152003,
155189718,-4.101668605,
155789678,-4.053114684,
156389638,-4.033514699,
156989598,-3.997293321,
157589558,-4.074646294,
158189518,-4.074935447,
158789478,-4.082692786,
159389438,-4.068503631,
159989398,-4.047881144,
160589358,-4.046346818,
161189318,-4.084652223,
161789278,-3.997106366,
162389238,-4.113326128,
162989198,-4.116095032,
163589158,-4.076245313,
164189118,-4.041819898,
164789078,-4.073379927,
165389038,-4.088611696,
165988998,-4.028037711,
166588958,-4.147064526,
167188918,-4.155147296,
167788878,-4.166609978,
168388838,-4.133534331,
168988798,-4.1275567,
169588758,-4.065581675,
170188718,-4.090646337,
170788678,-4.118152993,
171388638,-4.06676479,
171988598,-4.084850714,
172588558,-4.028885232,
173188518,-4.148085324,
173788478,-4.050762455,
174388438,-4.154556921,
174988398,-4.082315651,
175588358,-4.133955269,
176188318,-4.054211293,
176788278,-4.041369407,
177388238,-4.030481868,
177988198,-4.121932521,
178588158,-4.146158879,
179188118,-4.058310343,
179788078,-4.175075908,
180388038,-4.103577928,
180987998,-4.081617596,
181587958,-4.007745997,
182187918,-4.052302876,
182787878,-4.046311596,
183387838,-4.064007061,
183987798,-4.048721077,
184587758,-4.107303225,
185187718,-4.222289789,
185787678,-4.127970601,
186387638,-4.11043478,
186987598,-3.99052298,
187587558,-4.064168897,
188187518,-4.0576456,
188787478,-4.01583277,
189387438,-3.980830951,
189987398,-3.976802573,
190587358,-3.934569223,
191187318,-3.934231965,
191787278,-3.807237374,
192387238,-3.946265448,
192987198,-3.868955146,
193587158,-3.90998988,
194187118,-3.983632533,
194787078,-3.916856206,
195387038,-3.869762666,
195986998,-3.921013875,
196586958,-3.936992776,
197186918,-3.912828708,
197786878,-3.916020609,
198386838,-3.870935093,
198986798,-3.919091414,
199586758,-3.935946937,
200186718,-3.906944006,
200786678,-3.896605304,
201386638,-3.910143283,
201986598,-3.943013396,
202586558,-3.843627609,
203186518,-3.888349439,
203786478,-3.939353663,
204386438,-3.834455091,
204986398,-3.843095092,
205586358,-3.923853027,
206186318,-3.855009513,
206786278,-3.954969645,
207386238,-3.837501221,
207986198,-3.854211586,
208586158,-3.8264407,
209186118,-3.848556653,
209786078,-3.808115351,
210386038,-3.869919934,
210985998,-3.821220218,
211585958,-3.779942312,
212185918,-3.710709766,
212785878,-3.740691336,
213385838,-3.80600541,
213985798,-3.758065326,
214585758,-3.839811112,
215185718,-3.759031916,
215785678,-3.768465231,
216385638,-3.789343845,
216985598,-3.808674176,
217585558,-3.796376814,
218185518,-3.802696773,
218785478,-3.762009464,
219385438,-3.762262777,
219985398,-3.825928747,
220585358,-3.663476182,
221185318,-3.740450768,
221785278,-3.721495414,
222385238,-3.636698624,
222985198,-3.678225439,
223585158,-3.683970295,
224185118,-3.566402061,
224785078,-3.610494937,
225385038,-3.563822256,
225984998,-3.496693231,
226584958,-3.574794987,
227184918,-3.502634029,
227784878,-3.469197758,
228384838,-3.435742253,
228984798,-3.518561098,
229584758,-3.450111763,
230184718,-3.52797283,
230784678,-3.46878324,
231384638,-3.449766071,
231984598,-3.391958593,
232584558,-3.45391285,
233184518,-3.425556195,
233784478,-3.415449328,
234384438,-3.354042966,
234984398,-3.354285901,
235584358,-3.370840787,
236184318,-3.384250654,
236784278,-3.40685866,
237384238,-3.413441963,
237984198,-3.367141442,
238584158,-3.345996384,
239184118,-3.378350561,
239784078,-3.355380486,
240384038,-3.320583017,
240983998,-3.378796611,
241583958,-3.335974597,
242183918,-3.343220443,
242783878,-3.387883993,
243383838,-3.358836841,
243983798,-3.285024817,
244583758,-3.362205856,
245183718,-3.329295698,
245783678,-3.208688613,
246383638,-3.266932026,
246983598,-3.278687398,
247583558,-3.269528198,
248183518,-3.273703043,
248783478,-3.218622201,
249383438,-3.228730774,
249983398,-3.313619237,
250583358,-3.226948257,
251183318,-3.28682681,
251783278,-3.27504597,
252383238,-3.293858279,
252983198,-3.319998812,
253583158,-3.194260192,
254183118,-3.309144177,
254783078,-3.323441498,
255383038,-3.287156434,
255982998,-3.26121856,
256582958,-3.311664242,
257182918,-3.304125717,
257782878,-3.217547585,
258382838,-3.292690954,
258982798,-3.248468906,
259582758,-3.261624603,
260182718,-3.295637382,
260782678,-3.337546471,
261382638,-3.233991631,
261982598,-3.261101007,
262582558,-3.26584722,
263182518,-3.242609246,
263782478,-3.273896357,
264382438,-3.234436347,
264982398,-3.269950413,
265582358,-3.2878574,
266182318,-3.276854881,
266782278,-3.240422501,
267382238,-3.248667439,
267982198,-3.233341322,
268582158,-3.172773349,
269182118,-3.259259658,
269782078,-3.224915185,
270382038,-3.239601394,
270981998,-3.26726396,
271581958,-3.28509643,
272181918,-3.325937282,
272781878,-3.235419302,
273381838,-3.300628136,
273981798,-3.287465612,
274581758,-3.220826276,
275181718,-3.226173428,
275781678,-3.285092472,
276381638,-3.293812813,
276981598,-3.219595096,
277581558,-3.284738895,
278181518,-3.258001814,
278781478,-3.29294892,
279381438,-3.299651328,
279981398,-3.289760845,
280581358,-3.332868284,
281181318,-3.328521086,
281781278,-3.3240877,
282381238,-3.361028462,
282981198,-3.39012972,
283581158,-3.400603866,
284181118,-3.436677558,
284781078,-3.356281342,
285381038,-3.425252278,
285980998,-3.372134768,
286580958,-3.385506852,
287180917,-3.428727296,
287780877,-3.367410499,
288380837,-3.409790572,
288980797,-3.356507639,
289580757,-3.461107558,
290180717,-3.476901113,
290780677,-3.46800214,
291380637,-3.409967008,
291980597,-3.461322447,
292580557,-3.440224512,
293180517,-3.492003441,
293780477,-3.466032892,
294380437,-3.438352474,
294980397,-3.458270523,
295580357,-3.523470402,
296180317,-3.548591402,
296780277,-3.496999797,
297380237,-3.452961534,
297980197,-3.490668101,
298580157,-3.522550485,
299180117,-3.478010662,
299780077,-3.521228231,
300380037,-3.627675283,
300979997,-3.60774681,
301579957,-3.594850937,
302179917,-3.534594153,
302779877,-3.55208075,
303379837,-3.583215534,
303979797,-3.600374643,
304579757,-3.577643821,
305179717,-3.579245006,
305779677,-3.562902193,
306379637,-3.566996165,
306979597,-3.588037734,
307579557,-3.61160065,
308179517,-3.638038225,
308779477,-3.704579394,
309379437,-3.641887381,
309979397,-3.599925507,
310579357,-3.761793031,
311179317,-3.657101569,
311779277,-3.63160612,
312379237,-3.695890296,
312979197,-3.767491611,
313579157,-3.663641255,
314179117,-3.658997907,
314779077,-3.748311885,
315379037,-3.783236059,
315978997,-3.707323651,
316578957,-3.66533162,
317178917,-3.717881039,
317778877,-3.790508315,
318378837,-3.69795367,
318978797,-3.727701269,
319578757,-3.729003757,
320178717,-3.70611181,
320778677,-3.724406618,
321378637,-3.740922228,
321978597,-3.720293376,
322578557,-3.824049229,
323178517,-3.752786206,
323778477,-3.768342005,
324378437,-3.715599346,
324978397,-3.719709776,
325578357,-3.880250409,
326178317,-3.808194298,
326778277,-3.807041609,
327378237,-3.706671744,
327978197,-3.735524498,
328578157,-3.819591466,
329178117,-3.772271082,
329778077,-3.789196758,
330378037,-3.877254691,
330977997,-3.807581842,
331577957,-3.830856539,
332177917,-3.77401737,
332777877,-3.760427912,
333377837,-3.870918356,
333977797,-3.851920954,
334577757,-3.771281846,
335177717,-3.828196153,
335777677,-3.798458274,
336377637,-3.753656574,
336977597,-3.81120833,
337577557,-3.807823641,
338177517,-3.752632445,
338777477,-3.753558813,
339377437,-3.771299655,
339977397,-3.817714831,
340577357,-3.810874926,
341177317,-3.819554344,
341777277,-3.867096919,
342377237,-3.796155137,
342977197,-3.787180943,
343577157,-3.784639476,
344177117,-3.854220823,
344777077,-3.819243045,
345377037,-3.774610358,
345976997,-3.82186036,
346576957,-3.78882326,
347176917,-3.761840113,
347776877,-3.832425553,
348376837,-3.807890552,
348976797,-3.757506818,
349576757,-3.80755206,
350176717,-3.85661151,
350776677,-3.741634596,
351376637,-3.747409839,
351976597,-3.761382378,
352576557,-3.729165016,
353176517,-3.691942897,
353776477,-3.747675666,
354376437,-3.792703685,
354976397,-3.731654965,
355576357,-3.827347332,
356176317,-3.774563444,
356776277,-3.811557334,
357376237,-3.691812362,
357976197,-3.782420316,
358576157,-3.732481725,
359176117,-3.695519285,
359776077,-3.716215299,
360376037,-3.666726595,
360975997,-3.636809782,
361575957,-3.665338686,
362175917,-3.758956604,
362775877,-3.734941142,
363375837,-3.69023668,
363975797,-3.750101836,
364575757,-3.65637784,
365175717,-3.743363831,
365775677,-3.745234537,
366375637,-3.737746553,
366975597,-3.800538201,
367575557,-3.700642478,
368175517,-3.725743456,
368775477,-3.689449046,
369375437,-3.683027543,
369975397,-3.73925972,
370575357,-3.649414384,
371175317,-3.621856233,
371775277,-3.625604982,
372375237,-3.653785031,
372975197,-3.629212596,
373575157,-3.628517843,
374175117,-3.634783034,
374775077,-3.610135307,
375375037,-3.597747811,
375974997,-3.646312374,
376574957,-3.595121326,
377174917,-3.543658058,
377774877,-3.549677678,
378374837,-3.56270398,
378974797,-3.571635959,
379574757,-3.531017886,
380174717,-3.579834378,
380774677,-3.589771254,
381374637,-3.488313929,
381974597,-3.593016492,
382574557,-3.550232888,
383174517,-3.454619971,
383774477,-3.5076557,
384374437,-3.561139923,
384974397,-3.431735383,
385574357,-3.418012903,
386174317,-3.537275877,
386774277,-3.523609248,
387374237,-3.518592548,
387974197,-3.537933861,
388574157,-3.317756634,
389174117,-3.404728474,
389774077,-3.415458944,
390374037,-3.427475602,
390973997,-3.408369233,
391573957,-3.437829016,
392173917,-3.377228126,
392773877,-3.370050598,
393373837,-3.390749443,
393973797,-3.340568917,
394573757,-3.405528182,
395173717,-3.314464743,
395773677,-3.380147199,
396373637,-3.352294668,
396973597,-3.36052373,
397573557,-3.297449725,
398173517,-3.371551847,
398773477,-3.292434461,
399373437,-3.373181225,
399973397,-3.340697523,
400573357,-3.413552713,
401173317,-3.34735804,
401773277,-3.347255838,
402373237,-3.392373433,
402973197,-3.334312187,
403573157,-3.310097788,
404173117,-3.267342082,
404773077,-3.22971929,
405373037,-3.258738771,
405972997,-3.220538137,
406572957,-3.280958747,
407172917,-3.218959012,
407772877,-3.234650125,
408372837,-3.353852116,
408972797,-3.289271815,
409572757,-3.320242923,
410172717,-3.216443661,
410772677,-3.271544928,
411372637,-3.283613726,
411972597,-3.282629974,
412572557,-3.188051048,
413172517,-3.261976013,
413772477,-3.225414984,
414372437,-3.34263503,
414972397,-3.186560773,
415572357,-3.218153955,
416172317,-3.192069203,
416772277,-3.242637772,
417372237,-3.185887931,
417972197,-3.221919258,
418572157,-3.295657867,
419172117,-3.206292458,
419772077,-3.21353383,
420372037,-3.3228181,
420971997,-3.24639724,
421571957,-3.214451968,
422171917,-3.203430074,
422771877,-3.237903449,
423371837,-3.314043311,
423971797,-3.233572027,
424571757,-3.291108027,
425171717,-3.222976198,
425771677,-3.246454148,
426371637,-3.210044063,
426971597,-3.307586684,
427571557,-3.155970985,
428171517,-3.170583702,
428771477,-3.246692581,
429371437,-3.243447618,
429971396,-3.230889399,
430571356,-3.177424317,
431171316,-3.249712421,
431771276,-3.189241867,
432371236,-3.18607996,
432971196,-3.121698528,
433571156,-3.180166856,
434171116,-3.227230496,
434771076,-3.15683253,
435371036,-3.22502674,
435970996,-3.217471061,
436570956,-3.248868105,
437170916,-3.246000661,
437770876,-3.102546655,
438370836,-3.108072517,
438970796,-3.113655796,
439570756,-3.246453636,
440170716,-3.107490799,
440770676,-3.194301985,
441370636,-3.23391922,
441970596,-3.133195988,
442570556,-3.135525775,
443170516,-3.139538121,
443770476,-3.138296868,
444370436,-3.132546123,
444970396,-3.133362259,
445570356,-3.059855529,
446170316,-3.202615775,
446770276,-3.121200343,
447370236,-3.134653801,
447970196,-3.100613704,
448570156,-3.221132883,
449170116,-3.153580558,
449770076,-3.163137153,
450370036,-3.195204009,
450969996,-3.141725451,
451569956,-3.13660739,
452169916,-3.212193969,
452769876,-3.066656391,
453369836,-3.071089402,
453969796,-3.204090469,
454569756,-3.117328221,
455169716,-3.127298706,
455769676,-3.138354193,
456369636,-3.196779498,
456969596,-3.211253648,
457569556,-3.16786353,
458169516,-3.154663121,
458769476,-3.186236888,
459369436,-3.176646454,
459969396,-3.124333752,
460569356,-3.185415425,
461169316,-3.14653058,
461769276,-3.229356769,
462369236,-3.156393413,
462969196,-3.210986085,
463569156,-3.25376082,
464169116,-3.113624399,
464769076,-3.095792198,
465369036,-3.238661999,
465968996,-3.191675734,
466568956,-3.203113287,
467168916,-3.250811886,
467768876,-3.251597441,
468368836,-3.275344207,
468968796,-3.259330701,
469568756,-3.235298524,
470168716,-3.232346191,
470768676,-3.192617167,
471368636,-3.273479035,
471968596,-3.316205466,
472568556,-3.229289536,
473168516,-3.18794126,
473768476,-3.192212375,
474368436,-3.238038356,
474968396,-3.183269099,
475568356,-3.244419296,
476168316,-3.316950967,
476768276,-3.301041647,
477368236,-3.299108271,
477968196,-3.32442743,
478568156,-3.283112998,
479168116,-3.295009681,
479768076,-3.269988574,
480368036,-3.320882227,
480967996,-3.263931834,
481567956,-3.274232663,
482167916,-3.29649375,
482767876,-3.311947576,
483367836,-3.298502441,
483967796,-3.275066565,
484567756,-3.349430752,
485167716,-3.277304698,
485767676,-3.375131975,
486367636,-3.454995472,
486967596,-3.359139618,
487567556,-3.311510044,
488167516,-3.24724147,
488767476,-3.334987569,
489367436,-3.30351695,
489967396,-3.281890044,
490567356,-3.357498078,
491167316,-3.41598043,
491767276,-3.334711503,
492367236,-3.424743606,
492967196,-3.354984929,
493567156,-3.41536568,
494167116,-3.440778755,
494767076,-3.488208601,
495367036,-3.407385723,
495966996,-3.395687079,
496566956,-3.388893782,
497166916,-3.51719938,
497766876,-3.532346678,
498366836,-3.429204652,
498966796,-3.513361522,
499566756,-3.456593512,
500166716,-3.532450878,
500766676,-3.434956775,
501366636,-3.424507961,
501966596,-3.503833034,
502566556,-3.536669137,
503166516,-3.554806007,
503766476,-3.540801798,
504366436,-3.496481391,
504966396,-3.575791327,
505566356,-3.543588782,
506166316,-3.502844619,
506766276,-3.543729757,
507366236,-3.594424883,
507966196,-3.550128727,
508566156,-3.491037547,
509166116,-3.592442644,
509766076,-3.588401779,
510366036,-3.557094691,
510965996,-3.550046813,
511565956,-3.583629942,
512165916,-3.570574291,
512765876,-3.637137951,
513365836,-3.680035516,
513965796,-3.610810224,
514565756,-3.629468814,
515165716,-3.633917032,
515765676,-3.675544095,
516365636,-3.726819532,
516965596,-3.677156635,
517565556,-3.658629331,
518165516,-3.734219068,
518765476,-3.712219573,
519365436,-3.730792924,
519965396,-3.693976972,
520565356,-3.732587286,
521165316,-3.817008047,
521765276,-3.782653338,
522365236,-3.727535148,
522965196,-3.709152191,
523565156,-3.773505992,
524165116,-3.674249436,
524765076,-3.772523888,
525365036,-3.789318313,
525964996,-3.870027206,
526564956,-3.815589966,
527164916,-3.862167448,
527764876,-3.849453654,
528364836,-3.843235473,
528964796,-3.835084851,
529564756,-3.942742298,
530164716,-3.904527974,
530764676,-3.853622357,
531364636,-3.855081171,
531964596,-3.891956597,
532564556,-3.917222406,
533164516,-3.848755619,
533764476,-3.986856575,
534364436,-4.006247171,
534964396,-4.062312995,
535564356,-3.940821564,
536164316,-3.962955035,
536764276,-4.037063977,
537364236,-4.021943011,
537964196,-3.949598519,
538564156,-3.964019115,
539164116,-4.10069537,
539764076,-3.993194002,
540364036,-4.019217026,
540963996,-3.975141331,
541563956,-4.059338975,
542163916,-4.125135674,
542763876,-4.12563856,
543363836,-4.18651052,
543963796,-4.252870478,
544563756,-4.252597262,
545163716,-4.215696941,
545763676,-4.170796006,
546363636,-4.188296847,
546963596,-4.187087352,
547563556,-4.178121948,
548163516,-4.135528928,
548763476,-4.102007541,
549363436,-4.233623333,
549963396,-4.154915164,
550563356,-4.294173081,
551163316,-4.238940256,
551763276,-4.224435782,
552363236,-4.197495161,
552963196,-4.230517939,
553563156,-4.384016107,
554163116,-4.256842281,
554763076,-4.267057219,
555363036,-4.315717596,
555962996,-4.242731023,
556562956,-4.301540181,
557162916,-4.270186824,
557762876,-4.298677781,
558362836,-4.315507707,
558962796,-4.357442173,
559562756,-4.322754636,
560162716,-4.320299696,
560762676,-4.341910282,
561362636,-4.371306889,
561962596,-4.323351429,
562562556,-4.329516777,
563162516,-4.334362692,
563762476,-4.418403447,
564362436,-4.421414844,
564962396,-4.43613008,
565562356,-4.394105238,
566162316,-4.476985098,
566762276,-4.337446561,
567362236,-4.513766011,
567962196,-4.417532448,
568562156,-4.350337564,
569162116,-4.40735259,
569762076,-4.455819831,
570362036,-4.420572177,
570961996,-4.400987413,
571561956,-4.517110249,
572161916,-4.458375938,
572761875,-4.504879373,
573361835,-4.51402325,
573961795,-4.508881176,
574561755,-4.429731424,
575161715,-4.521444453,
575761675,-4.516946932,
576361635,-4.546615287,
576961595,-4.431316549,
577561555,-4.505483558,
578161515,-4.499410468,
578761475,-4.511109932,
579361435,-4.592314548,
579961395,-4.530182411,
580561355,-4.578660876,
581161315,-4.552794734,
581761275,-4.563898572,
582361235,-4.54953069,
582961195,-4.480779101,
583561155,-4.456085514,
584161115,-4.599738011,
584761075,-4.547351123,
585361035,-4.59709832,
585960995,-4.530737943,
586560955,-4.523865413,
587160915,-4.571215104,
587760875,-4.5665152,
588360835,-4.574288665,
588960795,-4.534230518,
589560755,-4.65014751,
590160715,-4.602933107,
590760675,-4.507428154,
591360635,-4.641025844,
591960595,-4.683725327,
592560555,-4.61690605,
593160515,-4.573575235,
593760475,-4.647965115,
594360435,-4.603572963,
594960395,-4.547534931,
595560355,-4.559815632,
596160315,-4.594920307,
596760275,-4.673871448,
597360235,-4.583529323,
597960195,-4.598885813,
598560155,-4.609025653,
599160115,-4.544234095,
599760075,-4.590054179,
600360035,-4.564135226,
600959995,-4.6704011,
601559955,-4.56008766,
602159915,-4.531845172,
602759875,-4.560038762,
603359835,-4.662985821,
603959795,-4.582762637,
604559755,-4.6520051,
605159715,-4.52732945,
605759675,-4.556326185,
606359635,-4.527288884,
606959595,-4.583230723,
607559555,-4.715139583,
608159515,-4.503734834,
608759475,-4.644402281,
609359435,-4.566724873,
609959395,-4.56006632,
610559355,-4.544112232,
611159315,-4.577130535,
611759275,-4.521336955,
612359235,-4.57809422,
612959195,-4.683147576,
613559155,-4.559492513,
614159115,-4.572900966,
614759075,-4.586630255,
615359035,-4.543534489,
615958995,-4.644185862,
616558955,-4.552466159,
617158915,-4.573570838,
617758875,-4.475376792,
618358835,-4.574555001,
618958795,-4.633020779,
619558755,-4.519328433,
620158715,-4.516331311,
620758675,-4.53258062,
621358635,-4.564376735,
621958595,-4.564926159,
622558555,-4.465761789,
623158515,-4.497634406,
623758475,-4.484941621,
624358435,-4.522772127,
624958395,-4.490118779,
625558355,-4.520553767,
626158315,-4.434692946,
626758275,-4.43208156,
627358235,-4.506689863,
627958195,-4.51035232,
628558155,-4.475685866,
629158115,-4.462065032,
629758075,-4.394972453,
630358035,-4.390829509,
630957995,-4.425600058,
631557955,-4.324859985,
632157915,-4.407504366,
632757875,-4.426773011,
633357835,-4.526629672,
633957795,-4.417148661,
634557755,-4.452443026,
635157715,-4.400220261,
635757675,-4.349874055,
636357635,-4.562705426,
636957595,-4.404921724,
637557555,-4.398037671,
638157515,-4.392257609,
638757475,-4.377900653,
639357435,-4.395403173,
639957395,-4.359783464,
640557355,-4.295889013,
641157315,-4.248098346,
641757275,-4.320117841,
642357235,-4.331326287,
642957195,-4.356636594,
643557155,-4.300118997,
644157115,-4.352768554,
644757075,-4.271907905,
645357035,-4.405400193,
645956995,-4.208520786,
646556955,-4.314326901,
647156915,-4.219278597,
647756875,-4.288419328,
648356835,-4.278013193,
648956795,-4.295752579,
649556755,-4.28003196,
650156715,-4.240056678,
650756675,-4.215296885,
651356635,-4.195149805,
651956595,-4.241273593,
652556555,-4.248573713,
653156515,-4.136922333,
653756475,-4.206011484,
654356435,-4.184307959,
654956395,-4.172967111,
655556355,-4.171856461,
656156315,-4.145495762,
656756275,-4.152143906,
657356235,-4.152304436,
657956195,-4.197117404,
658556155,-4.154909326,
659156115,-4.142557191,
659756075,-4.139373169,
660356035,-4.113868849,
660955995,-4.121287567,
661555955,-4.125208172,
662155915,-4.092868576,
662755875,-4.075564792,
663355835,-3.961226217,
663955795,-4.017865103,
664555755,-4.105674692,
665155715,-4.038120173,
665755675,-4.086295718,
666355635,-4.107033032,
666955595,-4.009358118,
667555555,-3.977374213,
668155515,-4.066611058,
668755475,-3.97028913,
669355435,-3.974602386,
669955395,-3.912188635,
670555355,-3.932341796,
671155315,-3.912726177,
671755275,-3.884023979,
672355235,-3.843123725,
672955195,-3.892984254,
673555155,-3.919791038,
674155115,-3.804441081,
674755075,-3.896149301,
675355035,-3.817639928,
675954995,-3.803152639,
676554955,-3.845581151,
677154915,-3.789672318,
677754875,-3.850301691,
678354835,-3.860929152,
678954795,-3.7719162,
679554755,-3.787595346,
680154715,-3.696447325,
680754675,-3.802582044,
681354635,-3.71417714,
681954595,-3.760788391,
682554555,-3.801475355,
683154515,-3.749216678,
683754475,-3.795466236,
684354435,-3.750637663,
684954395,-3.735767527,
685554355,-3.69525524,
686154315,-3.738447987,
686754275,-3.820642984,
687354235,-3.741207039,
687954195,-3.703799607,
688554155,-3.625912431,
689154115,-3.650666014,
689754075,-3.650786277,
690354035,-3.665694308,
690953995,-3.647772508,
691553955,-3.719728733,
692153915,-3.686689843,
692753875,-3.615986938,
693353835,-3.546422704,
693953795,-3.639702581,
694553755,-3.615097685,
695153715,-3.620739457,
695753675,-3.66711465,
696353635,-3.647432779,
696953595,-3.651781192,
697553555,-3.6753189,
698153515,-3.594947615,
698753475,-3.596978735,
699353435,-3.499327093,
699953395,-3.631230242,
700553355,-3.529915903,
701153315,-3.587668455,
701753275,-3.575484511,
702353235,-3.549998517,
702953195,-3.586695292,
703553155,-3.541897742,
704153115,-3.582731524,
704753075,-3.554127902,
705353035,-3.569646568,
705952995,-3.526319505,
706552955,-3.474319429,
707152915,-3.548036431,
707752875,-3.519111597,
708352835,-3.456035201,
708952795,-3.549112279,
709552755,-3.498818587,
710152715,-3.528025277,
710752675,-3.455748794,
711352635,-3.447394015,
711952595,-3.467306542,
712552555,-3.396910314,
713152515,-3.496651154,
713752475,-3.467278982,
714352435,-3.4838909,
714952395,-3.454573945,
715552354,-3.393464507,
716152314,-3.506412835,
716752274,-3.414208955,
717352234,-3.445653742,
717952194,-3.432374569,
718552154,-3.430026735,
719152114,-3.474844272,
719752074,-3.392254506,
720352034,-3.36917948,
720951994,-3.350501462,
721551954,-3.362350835,
722151914,-3.340102428,
722751874,-3.407945901,
723351834,-3.391024692,
723951794,-3.418126934,
724551754,-3.311279309,
725151714,-3.377951391,
725751674,-3.370955519,
726351634,-3.388885708,
726951594,-3.391464071,
727551554,-3.454973533,
728151514,-3.408196217,
728751474,-3.364058509,
729351434,-3.397269802,
729951394,-3.376621254,
730551354,-3.377531587,
731151314,-3.310443036,
731751274,-3.335953828,
732351234,-3.382999927,
732951194,-3.286776846,
733551154,-3.344769962,
734151114,-3.415935592,
734751074,-3.379446937,
735351034,-3.437432703,
735950994,-3.382403203,
736550954,-3.373591058,
737150914,-3.280761487,
737750874,-3.30590654,
738350834,-3.328706185,
738950794,-3.348874856,
739550754,-3.30865921,
740150714,-3.289683318,
740750674,-3.356017467,
741350634,-3.382448623,
741950594,-3.41948394,
742550554,-3.326243957,
743150514,-3.418460007,
743750474,-3.352863113,
744350434,-3.441503847,
744950394,-3.325031825,
745550354,-3.349194812,
746150314,-3.360131269,
746750274,-3.331341604,
747350234,-3.301082336,
747950194,-3.415965054,
748550154,-3.367940353,
749150114,-3.378087912,
749750074,-3.453598824,
750350034,-3.354616415,
750949994,-3.385382364,
751549954,-3.371278839,
752149914,-3.414531324,
752749874,-3.40168022,
753349834,-3.339206346,
753949794,-3.335244795,
754549754,-3.371179891,
755149714,-3.348575651,
755749674,-3.435808181,
756349634,-3.33746278,
756949594,-3.412513118,
757549554,-3.384431953,
758149514,-3.463527115,
758749474,-3.349542039,
759349434,-3.382443348,
759949394,-3.387892582,
760549354,-3.372573414,
761149314,-3.433982997,
761749274,-3.355390969,
762349234,-3.423783648,
762949194,-3.333876822,
763549154,-3.414467185,
764149114,-3.326941913,
764749074,-3.385199787,
765349034,-3.421589888,
765948994,-3.345832485,
766548954,-3.415510924,
767148914,-3.437396652,
767748874,-3.479086647,
768348834,-3.413358885,
768948794,-3.447283222,
769548754,-3.464133347,
770148714,-3.456358016,
770748674,-3.543528882,
771348634,-3.4758841,
771948594,-3.497075108,
772548554,-3.385729076,
773148514,-3.494986206,
773748474,-3.508097887,
774348434,-3.496418566,
774948394,-3.539987208,
775548354,-3.455291626,
776148314,-3.538972922,
776748274,-3.56211149,
777348234,-3.49147584,
777948194,-3.552551588,
778548154,-3.652332591,
779148114,-3.603707741,
779748074,-3.635005811,
780348034,-3.628739178,
780947994,-3.592872143,
781547954,-3.58317639,
782147914,-3.692115252,
782747874,-3.598483357,
783347834,-3.67575829,
783947794,-3.668422014,
784547754,-3.62409673,
785147714,-3.619556652,
785747674,-3.6327404,
786347634,-3.673129213,
786947594,-3.698871653,
787547554,-3.639306309,
788147514,-3.70512235,
788747474,-3.738606465,
789347434,-3.704934503,
789947394,-3.662046238,
790547354,-3.729608922,
791147314,-3.653293737,
791747274,-3.73727106,
792347234,-3.785567099,
792947194,-3.710878413,
793547154,-3.801524859,
794147114,-3.772908303,
794747074,-3.806506803,
795347034,-3.752004169,
795946994,-3.805024439,
796546954,-3.807584488,
797146914,-3.779279039,
797746874,-3.898187142,
798346834,-3.851704707,
798946794,-3.790703944,
799546754,-3.860001043,
800146714,-3.884059078,
800746674,-3.87948141,
801346634,-3.874024742,
801946594,-3.997885475,
802546554,-3.932091693,
803146514,-3.859719196,
803746474,-3.957711255,
804346434,-3.883192629,
804946394,-3.86594189,
805546354,-4.030246585,
806146314,-4.038036437,
806746274,-3.902217451,
807346234,-3.969685725,
807946194,-4.009546134,
808546154,-3.998543968,
809146114,-4.069460906,
809746074,-4.09371831,
810346034,-4.097457119,
810945994,-3.99927348,
811545954,-3.99826748,
812145914,-4.118414668,
812745874,-4.053020422,
813345834,-4.084755878,
813945794,-4.078203536,
814545754,-4.079530226,
815145714,-4.131492419,
815745674,-4.020024976,
816345634,-4.196476379,
816945594,-4.238071677,
817545554,-4.108731311,
818145514,-4.140448196,
818745474,-4.219868969,
819345434,-4.177444351,
819945394,-4.324032936,
820545354,-4.26051946,
821145314,-4.304160141,
821745274,-4.250638132,
822345234,-4.235466884,
822945194,-4.307796426,
823545154,-4.287571275,
824145114,-4.39073254,
824745074,-4.340336155,
825345034,-4.310234831,
825944994,-4.348569218,
826544954,-4.446523515,
827144914,-4.423650245,
827744874,-4.500894695,
828344834,-4.468204111,
828944794,-4.521157347,
829544754,-4.519944161,
830144714,-4.439545027,
830744674,-4.561042692,
831344634,-4.428547768,
831944594,-4.48727943,
832544554,-4.464618532,
833144514,-4.374517489,
833744474,-4.504327546,
834344434,-4.583673138,
834944394,-4.507455143,
835544354,-4.616630522,
836144314,-4.621989181,
836744274,-4.538649295,
837344234,-4.541041726,
837944194,-4.536001445,
838544154,-4.589000837,
839144114,-4.584994316,
839744074,-4.61305049,
840344034,-4.537615577,
840943994,-4.616795659,
841543954,-4.657178832,
842143914,-4.633976631,
842743874,-4.640832088,
843343834,-4.600144178,
843943794,-4.685748998,
844543754,-4.711538417,
845143714,-4.63062397,
845743674,-4.659135044,
846343634,-4.603555848,
846943594,-4.703571376,
847543554,-4.750811292,
848143514,-4.741967471,
848743474,-4.676768903,
849343434,-4.650381416,
849943394,-4.678421715,
850543354,-4.713696914,
851143314,-4.696661616,
851743274,-4.722915152,
852343234,-4.812818212,
852943194,-4.77635501,
853543154,-4.780159606,
854143114,-4.78062678,
854743074,-4.773957268,
855343034,-4.777110816,
855942994,-4.863109575,
856542954,-4.825641531,
857142914,-4.860290057,
857742874,-4.814165167,
858342833,-4.81696756,
858942793,-4.79911832,
859542753,-4.887938096,
860142713,-4.778471418,
860742673,-4.85443362,
861342633,-4.830671682,
861942593,-4.81699174,
862542553,-4.909694635,
863142513,-4.893823645,
863742473,-4.897879202,
864342433,-4.836283638,
864942393,-4.815336319,
865542353,-4.837774773,
866142313,-4.93394728,
866742273,-4.901497147,
867342233,-4.87576445,
867942193,-4.936832391,
868542153,-4.967569175,
869142113,-4.928033349,
869742073,-4.877497987,
870342033,-4.866435556,
870941993,-4.841066348,
871541953,-4.857086083,
872141913,-4.845850463,
872741873,-4.907043534,
873341833,-4.916585961,
873941793,-4.987808213,
874541753,-4.936835526,
875141713,-4.802221144,
875741673,-4.873553443,
876341633,-4.855310878,
876941593,-5.00610705,
877541553,-4.912052054,
878141513,-4.82785952,
878741473,-4.866562129,
879341433,-4.907405476,
879941393,-4.960487751,
880541353,-4.819622076,
881141313,-4.922587008,
881741273,-4.872734945,
882341233,-4.914950895,
882941193,-4.855184112,
883541153,-4.87227911,
884141113,-4.872122601,
884741073,-4.888865899,
885341033,-4.829165144,
885940993,-5.012032034,
886540953,-4.830498521,
887140913,-4.897298333,
887740873,-4.939674299,
888340833,-4.959313555,
888940793,-4.838507895,
889540753,-4.892611893,
890140713,-4.841473339,
890740673,-4.885193826,
891340633,-4.844308999,
891940593,-4.925710126,
892540553,-4.930759169,
893140513,-4.929295851,
893740473,-4.770727336,
894340433,-4.748911355,
894940393,-4.727881984,
895540353,-4.853898737,
896140313,-4.878720159,
896740273,-4.881543125,
897340233,-4.843375922,
897940193,-4.824138666,
898540153,-4.749224389,
899140113,-4.77654452,
899740073,-4.797520067,
900340033,-4.813438838,
900939993,-4.832450452,
901539953,-4.80810224,
902139913,-4.884335626,
902739873,-4.746877716,
903339833,-4.856584825,
903939793,-4.723775001,
904539753,-4.729531035,
905139713,-4.819198689,
905739673,-4.737945647,
906339633,-4.691368329,
906939593,-4.761078138,
907539553,-4.722876299,
908139513,-4.717715838,
908739473,-4.763011763,
909339433,-4.612694463,
909939393,-4.641043646,
910539353,-4.636507538,
911139313,-4.672043808,
911739273,-4.746003434,
912339233,-4.585412662,
912939193,-4.636029039,
913539153,-4.544603113,
914139113,-4.640827862,
914739073,-4.60049271,
915339033,-4.599960243,
915938993,-4.607333876,
916538953,-4.598661885,
917138913,-4.456418554,
917738873,-4.575267311,
918338833,-4.379451571,
918938793,-4.527296951,
919538753,-4.521179327,
920138713,-4.396473959,
920738673,-4.445776299,
921338633,-4.4487389,
921938593,-4.434546168,
922538553,-4.339560909,
923138513,-4.392703734,
923738473,-4.302034001,
924338433,-4.401596778,
924938393,-4.327440198,
925538353,-4.40319032,
926138313,-4.335456707,
926738273,-4.369917667,
927338233,-4.423919789,
927938193,-4.358400413,
928538153,-4.370240747,
929138113,-4.308348512,
929738073,-4.35311789,
930338033,-4.263154927,
930937993,-4.262710989,
931537953,-4.234086433,
932137913,-4.243124084,
932737873,-4.308237465,
933337833,-4.280284043,
933937793,-4.122800694,
934537753,-4.11329915,
935137713,-4.243255275,
935737673,-4.246767222,
936337633,-4.136149132,
936937593,-4.127546904,
937537553,-4.171556213,
938137513,-4.115847724,
938737473,-4.094299831,
939337433,-4.055317257,
939937393,-4.077111686,
940537353,-4.155098451,
941137313,-3.966478549,
941737273,-4.002380471,
942337233,-4.065544378,
942937193,-4.008100623,
943537153,-4.028337161,
944137113,-3.957913805,
944737073,-4.060960375,
945337033,-4.062379268,
945936993,-3.966977692,
946536953,-4.016481955,
947136913,-3.963709968,
947736873,-4.010495516,
948336833,-3.9221827,
948936793,-3.901809802,
949536753,-3.902348574,
950136713,-3.845759478,
950736673,-3.874702172,
951336633,-3.807726204,
951936593,-3.810274187,
952536553,-3.786628712,
953136513,-3.820271474,
953736473,-3.870586069,
954336433,-3.81808742,
954936393,-3.771436187,
955536353,-3.758181985,
956136313,-3.825120494,
956736273,-3.750687897,
957336233,-3.779018541,
957936193,-3.715584324,
958536153,-3.811350817,
959136113,-3.747643321,
959736073,-3.747846309,
960336033,-3.704341788,
960935993,-3.683916606,
961535953,-3.727994051,
962135913,-3.746029253,
962735873,-3.636339572,
963335833,-3.754352054,
963935793,-3.670501356,
964535753,-3.696583279,
965135713,-3.581752185,
965735673,-3.620375424,
966335633,-3.679445529,
966935593,-3.604848516,
967535553,-3.471239528,
968135513,-3.645337989,
968735473,-3.554076613,
969335433,-3.664372448,
969935393,-3.702986718,
970535353,-3.534595535,
971135313,-3.553004112,
971735273,-3.535866831,
972335233,-3.589621009,
972935193,-3.634100755,
973535153,-3.551146305,
974135113,-3.485945267,
974735073,-3.419522531,
975335033,-3.493729788,
975934993,-3.55228377,
976534953,-3.485521071,
977134913,-3.549034983,
977734873,-3.511815532,
978334833,-3.470368699,
978934793,-3.502239082,
979534753,-3.434070984,
980134713,-3.539440857,
980734673,-3.417168396,
981334633,-3.385133507,
981934593,-3.476254322,
982534553,-3.428673127,
983134513,-3.385570739,
983734473,-3.323814976,
984334433,-3.431730243,
984934393,-3.329130301,
985534353,-3.401591892,
986134313,-3.408262945,
986734273,-3.312583617,
987334233,-3.34274912,
987934193,-3.368151301,
988534153,-3.362634391,
989134113,-3.289369952,
989734073,-3.30907402,
990334033,-3.422440028,
990933993,-3.358132133,
991533953,-3.320654925,
992133913,-3.348339496,
992733873,-3.351767816,
993333833,-3.311265209,
993933793,-3.25549494,
994533753,-3.280141605,
995133713,-3.346309688,
995733673,-3.250907713,
996333633,-3.271941376,
996933593,-3.236838354,
997533553,-3.234404352,
998133513,-3.41606783,
998733473,-3.320465451,
999333433,-3.33036506,
999933393,-3.311561562,
1000533353,-3.181473659,
1001133312,-3.243704105,
1001733272,-3.270947792,
1002333232,-3.19697627,
1002933192,-3.288562096,
1003533152,-3.254398009,
1004133112,-3.346472139,
1004733072,-3.366863897,
1005333032,-3.269310686,
1005932992,-3.26353382,
1006532952,-3.281865742,
1007132912,-3.234943874,
1007732872,-3.317922708,
1008332832,-3.325563019,
1008932792,-3.299395902,
1009532752,-3.296406642,
1010132712,-3.297814112,
1010732672,-3.284532609,
1011332632,-3.309398513,
1011932592,-3.317232401,
1012532552,-3.166656922,
1013132512,-3.251701841,
1013732472,-3.262029194,
1014332432,-3.294063776,
1014932392,-3.343954487,
1015532352,-3.291794252,
1016132312,-3.241614352,
1016732272,-3.198737064,
1017332232,-3.194559788,
1017932192,-3.322176354,
1018532152,-3.297077216,
1019132112,-3.259936597,
1019732072,-3.247721244,
1020332032,-3.168470778,
1020931992,-3.197788051,
1021531952,-3.302314878,
1022131912,-3.278541599,
1022731872,-3.246107007,
1023331832,-3.239041775,
1023931792,-3.226874877,
1024531752,-3.386380623,
1025131712,-3.237304561,
1025731672,-3.347280457,
1026331632,-3.266331334,
1026931592,-3.276637585,
1027531552,-3.247760643,
1028131512,-3.292792706,
1028731472,-3.342252083,
1029331432,-3.333789422,
1029931392,-3.264609564,
1030531352,-3.27993293,
1031131312,-3.308248193,
1031731272,-3.285035281,
1032331232,-3.289954915,
1032931192,-3.309298872,
1033531152,-3.390029994,
1034131112,-3.339897692,
1034731072,-3.304324931,
1035331032,-3.349950927,
1035930992,-3.4154533,
1036530952,-3.398790308,
1037130912,-3.518354436,
1037730872,-3.398786734,
1038330832,-3.348813259,
1038930792,-3.370375493,
1039530752,-3.401228288,
1040130712,-3.405952731,
1040730672,-3.372728819,
1041330632,-3.407818318,
1041930592,-3.500616783,
1042530552,-3.504246544,
1043130512,-3.471811549,
1043730472,-3.474166978,
1044330432,-3.412481001,
1044930392,-3.468343453,
1045530352,-3.498889142,
1046130312,-3.418906306,
1046730272,-3.515204548,
1047330232,-3.445134573,
1047930192,-3.519871018,
1048530152,-3.424525075,
1049130112,-3.537746603,
1049730072,-3.450837009,
1050330032,-3.488264259,
1050929992,-3.488350365,
1051529952,-3.517687374,
1052129912,-3.562220898,
1052729872,-3.576786442,
1053329832,-3.52152678,
1053929792,-3.519202748,
1054529752,-3.577832797,
1055129712,-3.562744272,
1055729672,-3.657308999,
1056329632,-3.565138251,
1056929592,-3.611411361,
1057529552,-3.663943638,
1058129512,-3.534206,
1058729472,-3.581253178,
1059329432,-3.675575704,
1059929392,-3.526163213,
1060529352,-3.580253935,
1061129312,-3.614449259,
1061729272,-3.743802513,
1062329232,-3.616798915,
1062929192,-3.709213794,
1063529152,-3.706289273,
1064129112,-3.616211558,
1064729072,-3.682672125,
1065329032,-3.643688871,
1065928992,-3.645375875,
1066528952,-3.726473046,
1067128912,-3.675278543,
1067728872,-3.738340198,
1068328832,-3.747802959,
1068928792,-3.849940937,
1069528752,-3.709000702,
1070128712,-3.746555816,
1070728672,-3.733418968,
1071328632,-3.858262788,
1071928592,-3.76621608,
1072528552,-3.729539975,
1073128512,-3.831610258,
1073728472,-3.782864479,
1074328432,-3.769998574,
1074928392,-3.884464564,
1075528352,-3.767944765,
1076128312,-3.755016806,
1076728272,-3.815029185,
1077328232,-3.825907055,
1077928192,-3.872970021,
1078528152,-3.865419965,
1079128112,-3.832235722,
1079728072,-3.766925264,
1080328032,-3.847883192,
1080927992,-3.839460492,
1081527952,-3.878508186,
1082127912,-3.901846452,
1082727872,-3.844925514,
1083327832,-3.970135319,
1083927792,-3.919147095,
1084527752,-3.917406861,
1085127712,-3.914247914,
1085727672,-3.966364245,
1086327632,-3.982228001,
1086927592,-3.895895736,
1087527552,-3.983572946,
1088127512,-3.993681358,
1088727472,-4.029809081,
1089327432,-3.997647304,
1089927392,-4.039460789,
1090527352,-4.040376955,
1091127312,-4.058538535,
1091727272,-4.06272516,
1092327232,-3.950498797,
1092927192,-4.066342231,
1093527152,-4.112575673,
1094127112,-4.119361554,
1094727072,-4.06291869,
1095327032,-4.063558629,
1095926992,-4.057230098,
1096526952,-4.169323149,
1097126912,-4.14806607,
1097726872,-4.038738139,
1098326832,-4.086025506,
1098926792,-4.217830117,
1099526752,-4.125966134,
1100126712,-4.204321328,
1100726672,-4.117308057,
1101326632,-4.161503588,
1101926592,-4.237706138,
1102526552,-4.158816842,
1103126512,-4.220466102,
1103726472,-4.261129198,
1104326432,-4.225981666,
1104926392,-4.246688162,
1105526352,-4.283000719,
1106126312,-4.267147302,
1106726272,-4.369888496,
1107326232,-4.302619552,
1107926192,-4.348326538,
1108526152,-4.294236473,
1109126112,-4.300950926,
1109726072,-4.280674084,
1110326032,-4.261592058,
1110925992,-4.303487061,
1111525952,-4.344127674,
1112125912,-4.367261957,
1112725872,-4.459522789,
1113325832,-4.375653504,
1113925792,-4.390384216,
1114525752,-4.428488126,
1115125712,-4.448970393,
1115725672,-4.433721249,
1116325632,-4.384890074,
1116925592,-4.484568905,
1117525552,-4.397233757,
1118125512,-4.426339686,
1118725472,-4.444511187,
1119325432,-4.569745606,
1119925392,-4.377019524,
1120525352,-4.530743508,
1121125312,-4.494981972,
1121725272,-4.364375955,
1122325232,-4.430813185,
1122925192,-4.525143883,
1123525152,-4.577146294,
1124125112,-4.534359726,
1124725072,-4.506756462,
1125325032,-4.481154152,
1125924992,-4.589668319,
1126524952,-4.42811005,
1127124912,-4.528546606,
1127724872,-4.521466446,
1128324832,-4.409814661,
1128924792,-4.554128665,
1129524752,-4.609146497,
1130124712,-4.532297211,
1130724672,-4.491628611,
1131324632,-4.512509938,
1131924592,-4.601928119,
1132524552,-4.49842291,
1133124512,-4.543016703,
1133724472,-4.568724841,
1134324432,-4.521697722,
1134924392,-4.48032797,
1135524352,-4.513989813,
1136124312,-4.575985222,
1136724272,-4.610374219,
1137324232,-4.490765854,
1137924192,-4.59796939,
1138524152,-4.64283571,
1139124112,-4.607355655,
1139724072,-4.56352162,
1140324032,-4.613009964,
1140923992,-4.543368298,
1141523952,-4.569643251,
1142123912,-4.606237585,
1142723872,-4.591761196,
1143323832,-4.427961278,
1143923791,-4.584585824,
1144523751,-4.485294909,
1145123711,-4.569244306,
1145723671,-4.570035202,
1146323631,-4.606388588,
1146923591,-4.57050696,
1147523551,-4.710849708,
1148123511,-4.619849129,
1148723471,-4.508919478,
1149323431,-4.546576893,
1149923391,-4.597721644,
1150523351,-4.667395814,
1151123311,-4.648170134,
1151723271,-4.527021657,
1152323231,-4.608855531,
1152923191,-4.553170943,
1153523151,-4.55509532,
1154123111,-4.474081757,
1154723071,-4.436372924,
1155323031,-4.443321869,
1155922991,-4.502208682,
1156522951,-4.542145758,
1157122911,-4.604614466,
1157722871,-4.590914906,
1158322831,-4.47012005,
1158922791,-4.562934802,
1159522751,-4.460584442,
1160122711,-4.572316434,
1160722671,-4.599435248,
1161322631,-4.433109082,
1161922591,-4.700788649,
1162522551,-4.420124777,
1163122511,-4.514389068,
1163722471,-4.504237199,
1164322431,-4.452679315,
1164922391,-4.532136858,
1165522351,-4.47148907,
1166122311,-4.570953709,
1166722271,-4.443986156,
1167322231,-4.531128617,
1167922191,-4.508013226,
1168522151,-4.46062291,
1169122111,-4.472627414,
1169722071,-4.412875571,
1170322031,-4.466117437,
1170921991,-4.394437409,
1171521951,-4.359395855,
1172121911,-4.3704762,
1172721871,-4.358445306,
1173321831,-4.486054486,
1173921791,-4.485228727,
1174521751,-4.364837445,
1175121711,-4.424059009,
1175721671,-4.469682754,
1176321631,-4.370238748,
1176921591,-4.338129639,
1177521551,-4.320177089,
1178121511,-4.408221104,
1178721471,-4.485003646,
1179321431,-4.390816103,
1179921391,-4.28452034,
1180521351,-4.37327597,
1181121311,-4.330715037,
1181721271,-4.369833335,
1182321231,-4.286601319,
1182921191,-4.219145869,
1183521151,-4.294004733,
1184121111,-4.22040663,
1184721071,-4.31670401,
1185321031,-4.289886261,
1185920991,-4.302926426,
1186520951,-4.255877403,
1187120911,-4.244834038,
1187720871,-4.270849949,
1188320831,-4.341496947,
1188920791,-4.277592158,
1189520751,-4.198974398,
1190120711,-4.158980307,
1190720671,-4.206396909,
1191320631,-4.328618522,
1191920591,-4.242980605,
1192520551,-4.114129688,
1193120511,-4.209659811,
1193720471,-4.144861585,
1194320431,-4.131122184,
1194920391,-4.335870531,
1195520351,-4.217588581,
1196120311,-4.141695421,
1196720271,-4.182264268,
1197320231,-4.08893169,
1197920191,-4.158491598,
1198520151,-4.25820582,
1199120111,-4.112983533,
1199720071,-4.085066207,
1200320031,-4.159447363,
1200919991,-4.032440666,
1201519951,-4.068095316,
1202119911,-4.233865261,
1202719871,-4.147782803,
1203319831,-4.120584299,
1203919791,-4.083596213,
1204519751,-4.022587343,
1205119711,-4.038694702,
1205719671,-4.057133675,
1206319631,-4.117077395,
1206919591,-4.051973294,
1207519551,-4.02172349,
1208119511,-3.97654796,
1208719471,-4.02418429,
1209319431,-4.077055023,
1209919391,-4.122717765,
1210519351,-3.876175667,
1211119311,-4.001422853,
1211719271,-4.035699302,
1212319231,-4.021979873,
1212919191,-4.006256747,
1213519151,-4.034827074,
1214119111,-3.988163719,
1214719071,-3.910164381,
1215319031,-3.975077832,
1215918991,-3.943589315,
1216518951,-3.987325899,
1217118911,-4.013135174,
1217718871,-3.925143184,
1218318831,-3.93248491,
1218918791,-3.932968364,
1219518751,-3.895349831,
1220118711,-3.912228197,
1220718671,-3.944871107,
1221318631,-3.968351073,
1221918591,-3.929997489,
1222518551,-3.839817477,
1223118511,-3.907862181,
1223718471,-3.849210502,
1224318431,-3.88001386,
1224918391,-3.961675521,
1225518351,-3.911494077,
1226118311,-3.873421207,
1226718271,-3.888537328,
1227318231,-3.900035838,
1227918191,-3.909332884,
1228518151,-3.870701829,
1229118111,-3.913362179,
1229718071,-3.933015507,
1230318031,-3.935256985,
1230917991,-3.893008543,
1231517951,-3.898557481,
1232117911,-3.798991995,
1232717871,-3.943943539,
1233317831,-3.859268551,
1233917791,-3.958900635,
1234517751,-3.855929864,
1235117711,-3.925483519,
1235717671,-3.891121743,
1236317631,-3.923993138,
1236917591,-3.88233794,
1237517551,-3.912549748,
1238117511,-3.886493708,
1238717471,-3.817970534,
1239317431,-3.832476099,
1239917391,-4.012766842,
1240517351,-3.903991213,
1241117311,-3.890492169,
1241717271,-3.968800141,
1242317231,-3.867808054,
1242917191,-3.85952973,
1243517151,-3.911480784,
1244117111,-3.922523744,
1244717071,-3.878982994,
1245317031,-3.978960197,
1245916991,-3.935928038,
1246516951,-3.836100115,
1247116911,-3.794943604,
1247716871,-3.868858197,
1248316831,-3.899909344,
1248916791,-3.910079197,
1249516751,-3.969209866,
1250116711,-3.924100317,
1250716671,-3.852450232,
1251316631,-4.000024614,
1251916591,-3.927755439,
1252516551,-3.942632661,
1253116511,-3.909285751,
1253716471,-3.903274709,
1254316431,-3.832884116,
1254916391,-3.96888543,
1255516351,-3.984744449,
1256116311,-3.897840366,
1256716271,-3.95391707,
1257316231,-3.905967097,
1257916191,-3.93399117,
1258516151,-3.935991344,
1259116111,-3.95138333,
1259716071,-3.972045244,
1260316031,-3.888270475,
1260915991,-3.817348781,
1261515951,-3.933455301,
1262115911,-3.945085397,
1262715871,-3.944677955,
1263315831,-3.845797651,
1263915791,-3.962637732,
1264515751,-3.884645456,
1265115711,-3.913683624,
1265715671,-4.003510063,
1266315631,-3.91023197,
1266915591,-3.932895634,
1267515551,-3.946263634,
1268115511,-4.004108508,
1268715471,-3.910226313,
1269315431,-3.980537039,
1269915391,-3.969563395,
1270515351,-4.007714118,
1271115311,-3.956905062,
1271715271,-3.887883974,
1272315231,-4.019558033,
1272915191,-3.950471002,
1273515151,-3.957480011,
1274115111,-3.986332001,
1274715071,-3.95721532,
1275315031,-3.966587361,
1275914991,-3.989274983,
1276514951,-4.024509965,
1277114911,-4.035739617,
1277714871,-3.960936537,
1278314831,-4.094909587,
1278914791,-4.033502896,
1279514751,-4.013931428,
1280114711,-4.01194,
1280714671,-4.079122054,
1281314631,-3.97401534,
1281914591,-4.021264483,
1282514551,-4.04362217,
1283114511,-4.020273592,
1283714471,-4.089442991,
1284314431,-3.991903865,
1284914391,-3.963705158,
1285514351,-3.971043964,
1286114311,-3.99849645,
1286714270,-4.07129216,
1287314230,-3.947960696,
1287914190,-4.011317578,
1288514150,-4.023365119,
1289114110,-3.950690948,
1289714070,-3.996983656,
1290314030,-3.983060158,
1290913990,-4.048779499,
1291513950,-4.032453484,
1292113910,-3.953927465,
1292713870,-4.073789539,
1293313830,-3.979527377,
1293913790,-4.027599935,
1294513750,-4.062462851,
1295113710,-4.043723977,
1295713670,-4.070626254,
1296313630,-4.016110671,
1296913590,-4.0940597,
1297513550,-4.063663441,
1298113510,-4.017612089,
1298713470,-4.029278944,
1299313430,-4.025441458,
1299913390,-3.978812167,
1300513350,-4.079685708,
1301113310,-4.051242186,
1301713270,-4.173805197,
1302313230,-3.957977297,
1302913190,-4.024379841,
1303513150,-4.069875636,
1304113110,-4.083439987,
1304713070,-4.030947142,
1305313030,-4.079003959,
1305912990,-4.051475545,
1306512950,-4.052040589,
1307112910,-3.918869681,
1307712870,-4.098372498,
1308312830,-4.065942521,
1308912790,-4.111163843,
1309512750,-4.052044479,
1310112710,-3.983140382,
1310712670,-4.103671491,
1311312630,-4.061290508,
1311912590,-4.0613872,
1312512550,-3.976997039,
1313112510,-4.121344424,
1313712470,-4.106218176,
1314312430,-4.112672328,
1314912390,-4.13512589,
1315512350,-4.123389914,
1316112310,-4.085271768,
1316712270,-4.08420244,
1317312230,-4.079590092,
1317912190,-4.165118565,
1318512150,-4.128044557,
1319112110,-4.002140725,
1319712070,-4.077783815,
1320312030,-4.159372594,
1320911990,-4.071448979,
1321511950,-4.112684992,
1322111910,-4.029748843,
1322711870,-4.062803783,
1323311830,-4.039526622,
1323911790,-4.10465521,
1324511750,-4.098307404,
1325111710,-4.152260598,
1325711670,-4.163871949,
1326311630,-4.109907717,
1326911590,-4.166713421,
1327511550,-4.147711012,
1328111510,-4.162686579,
1328711470,-4.046043663,
1329311430,-4.171329814,
1329911390,-4.095653302,
1330511350,-4.100047692,
1331111310,-4.076732039,
1331711270,-4.160950109,
1332311230,-4.024756775,
1332911190,-4.012593815,
1333511150,-4.15913135,
1334111110,-4.144555536,
1334711070,-4.137315842,
1335311030,-4.16519859,
1335910990,-4.19245171,
1336510950,-4.129582206,
1337110910,-4.07672787,
1337710870,-4.125521301,
1338310830,-4.066708513,
1338910790,-4.123425129,
1339510750,-4.0541391,
1340110710,-4.091666912,
1340710670,-4.136835815,
1341310630,-4.157912432,
1341910590,-4.169735966,
1342510550,-4.152381582,
1343110510,-4.031080563,
1343710470,-4.171485904,
1344310430,-4.153371484,
1344910390,-4.140980093,
1345510350,-4.106363195,
1346110310,-4.101649159,
1346710270,-4.000514054,
1347310230,-4.147879308,
1347910190,-4.091348865,
1348510150,-4.10850362,
1349110110,-4.095943738,
1349710070,-4.106189271,
1350310030,-4.144279841,
1350909990,-4.159463489,
1351509950,-4.209611106,
1352109910,-4.199654591,
1352709870,-4.180580721,
1353309830,-4.196820231,
1353909790,-4.154521028,
1354509750,-4.111668773,
1355109710,-4.176134326,
1355709670,-4.213626313,
1356309630,-4.140292684,
1356909590,-4.271975347,
1357509550,-4.207742185,
1358109510,-4.272475429,
1358709470,-4.106221986,
1359309430,-4.23276036,
1359909390,-4.138924998,
1360509350,-4.199397931,
1361109310,-4.096268877,
1361709270,-4.238131624,
1362309230,-4.216857467,
1362909190,-4.180571709,
1363509150,-4.199856811,
1364109110,-4.146098777,
1364709070,-4.2010014,
1365309030,-4.207980509,
1365908990,-4.203350535,
1366508950,-4.204547997,
1367108910,-4.24006342,
1367708870,-4.155783583,
1368308830,-4.255439031,
1368908790,-4.223157902,
1369508750,-4.210907438,
1370108710,-4.214081472,
1370708670,-4.165269536,
1371308630,-4.213662593,
1371908590,-4.300479028,
1372508550,-4.177090813,
1373108510,-4.301547002,
1373708470,-4.267930031,
1374308430,-4.302298453,
1374908390,-4.237497916,
1375508350,-4.222826998,
1376108310,-4.2168154,
1376708270,-4.243339875,
1377308230,-4.265590603,
1377908190,-4.281451775,
1378508150,-4.263225572,
1379108110,-4.280648781,
1379708070,-4.214917068,
1380308030,-4.267007161,
1380907990,-4.261270745,
1381507950,-4.25801687,
1382107910,-4.221194424,
1382707870,-4.321384542,
1383307830,-4.254737079,
1383907790,-4.337009441,
1384507750,-4.361547062,
1385107710,-4.298665979,
1385707670,-4.26704504,
1386307630,-4.301738418,
1386907590,-4.300228271,
1387507550,-4.309099518,
1388107510,-4.341025072,
1388707470,-4.334525034,
1389307430,-4.415593568,
1389907390,-4.257829439,
1390507350,-4.360239317,
1391107310,-4.287033766,
1391707270,-4.317970057,
1392307230,-4.356486382,
1392907190,-4.406512825,
1393507150,-4.380570049,
1394107110,-4.267203939,
1394707070,-4.485593845,
1395307030,-4.405457649,
1395906990,-4.336663923,
1396506950,-4.348629351,
1397106910,-4.312042642,
1397706870,-4.271009426,
1398306830,-4.357640336,
1398906790,-4.269509963,
1399506750,-4.377023905,
1400106710,-4.348545204,
1400706670,-4.444046063,
1401306630,-4.353120828,
1401906590,-4.357906957,
1402506550,-4.316770338,
1403106510,-4.350898619,
1403706470,-4.326000833,
1404306430,-4.441015245,
1404906390,-4.415673489,
1405506350,-4.40928719,
1406106310,-4.425945914,
1406706270,-4.437730463,
1407306230,-4.420976865,
1407906190,-4.393393046,
1408506150,-4.333473087,
1409106110,-4.341564019,
1409706070,-4.389147404,
1410306030,-4.396712339,
1410905990,-4.48243828,
1411505950,-4.4757275,
1412105910,-4.40977857,
1412705870,-4.422678275,
1413305830,-4.441356957,
1413905790,-4.489663933,
1414505750,-4.483768162,
1415105710,-4.44532893,
1415705670,-4.436002311,
1416305630,-4.473082463,
1416905590,-4.474471665,
1417505550,-4.357700278,
1418105510,-4.468630196,
1418705470,-4.44386947,
1419305430,-4.494588145,
1419905390,-4.471148649,
1420505350,-4.53270709,
1421105310,-4.417134913,
1421705270,-4.445415466,
1422305230,-4.444383678,
1422905190,-4.504060359,
1423505150,-4.435181126,
1424105110,-4.463211349,
1424705070,-4.477829369,
1425305030,-4.499169143,
1425904990,-4.467621102,
1426504950,-4.494369327,
1427104910,-4.529068487,
1427704870,-4.530028451,
1428304830,-4.456162632,
1428904790,-4.511883122,
1429504749,-4.51173422,
1430104709,-4.467525964,
1430704669,-4.548860215,
1431304629,-4.526743634,
1431904589,-4.529591349,
1432504549,-4.529171716,
1433104509,-4.525074283,
1433704469,-4.555689924,
1434304429,-4.497575502,
1434904389,-4.49861966,
1435504349,-4.611185821,
1436104309,-4.591834715,
1436704269,-4.508346375,
1437304229,-4.461912966,
1437904189,-4.517413821,
1438504149,-4.532259039,
1439104109,-4.525711407,
1439704069,-4.667179296,
1440304029,-4.514787137,
1440903989,-4.477446821,
1441503949,-4.575047574,
1442103909,-4.516225019,
1442703869,-4.557076355,
1443303829,-4.618456564,
1443903789,-4.551622441,
1444503749,-4.498757166,
1445103709,-4.590288352,
1445703669,-4.615895464,
1446303629,-4.590283965,
1446903589,-4.587775811,
1447503549,-4.575522283,
1448103509,-4.566220187,
1448703469,-4.640250241,
1449303429,-4.477842114,
1449903389,-4.597765775,
1450503349,-4.55809286,
1451103309,-4.600591942,
1451703269,-4.569187045,
1452303229,-4.547765046,
1452903189,-4.574239514,
1453503149,-4.534090326,
1454103109,-4.528876185,
1454703069,-4.547303754,
1455303029,-4.602178293,
1455902989,-4.556480802,
1456502949,-4.551900941,
1457102909,-4.657821783,
1457702869,-4.502446964,
1458302829,-4.574453519,
1458902789,-4.572550685,
1459502749,-4.546134245,
1460102709,-4.545511462,
1460702669,-4.617520867,
1461302629,-4.642202967,
1461902589,-4.709120706,
1462502549,-4.599447085,
1463102509,-4.580408055,
1463702469,-4.627909184,
1464302429,-4.596528418,
1464902389,-4.593521875,
1465502349,-4.6790391,
1466102309,-4.597687781,
1466702269,-4.630871103,
1467302229,-4.648116183,
1467902189,-4.630333201,
1468502149,-4.60643201,
1469102109,-4.599844235,
1469702069,-4.610354729,
1470302029,-4.570709063,
1470901989,-4.704691519,
1471501949,-4.662181272,
1472101909,-4.64458826,
1472701869,-4.692205898,
1473301829,-4.639407363,
1473901789,-4.611152585,
1474501749,-4.740348411,
1475101709,-4.665086723,
1475701669,-4.648655211,
1476301629,-4.752610098,
1476901589,-4.722028268,
1477501549,-4.796954377,
1478101509,-4.67878263,
1478701469,-4.653117129,
1479301429,-4.703139308,
1479901389,-4.768957087,
1480501349,-4.671873052,
1481101309,-4.757679592,
1481701269,-4.804940291,
1482301229,-4.635606741,
1482901189,-4.664615772,
1483501149,-4.707331234,
1484101109,-4.684354891,
1484701069,-4.67525706,
1485301029,-4.749566608,
1485900989,-4.711627066,
1486500949,-4.696812152,
1487100909,-4.75129624,
1487700869,-4.720425903,
1488300829,-4.715156304,
1488900789,-4.807094649,
1489500749,-4.750398509,
1490100709,-4.726640554,
1490700669,-4.768666833,
1491300629,-4.790706311,
1491900589,-4.737075276,
1492500549,-4.79120479,
1493100509,-4.79199367,
1493700469,-4.883969642,
1494300429,-4.796562355,
1494900389,-4.832379623,
1495500349,-4.868455642,
1496100309,-4.907214291,
1496700269,-4.825478359,
1497300229,-4.917006835,
1497900189,-4.897406734,
1498500149,-4.881734884,
1499100109,-4.891624107,
1499700069,-4.937887522,
1500300029,-4.937220273,
1500899989,-4.916827045,
1501499949,-4.915827056,
1502099909,-4.967399174,
1502699869,-4.90606153,
1503299829,-4.912835095,
1503899789,-4.980491487,
1504499749,-4.994527526,
1505099709,-5.045820204,
1505699669,-4.977691462,
1506299629,-5.054190464,
1506899589,-5.0571244,
1507499549,-5.026604025,
1508099509,-5.016332321,
1508699469,-5.091774941,
1509299429,-5.104870773,
1509899389,-5.073180219,
1510499349,-5.041612321,
1511099309,-5.15029271,
1511699269,-5.046194373,
1512299229,-5.155538257,
1512899189,-5.064817247,
1513499149,-5.114545501,
1514099109,-5.158502161,
1514699069,-5.184686928,
1515299029,-5.16485306,
1515898989,-5.248172761,
1516498949,-5.142194679,
1517098909,-5.262697683,
1517698869,-5.254374535,
1518298829,-5.175339903,
1518898789,-5.290667547,
1519498749,-5.181085944,
1520098709,-5.228542758,
1520698669,-5.324062601,
1521298629,-5.294173422,
1521898589,-5.276280569,
1522498549,-5.314970319,
1523098509,-5.329628729,
1523698469,-5.342894705,
1524298429,-5.320563602,
1524898389,-5.444161367,
1525498349,-5.373095595,
1526098309,-5.399575461,
1526698269,-5.378179381,
1527298229,-5.298483774,
1527898189,-5.499480513,
1528498149,-5.56397957,
1529098109,-5.46097893,
1529698069,-5.486776175,
1530298029,-5.405467165,
1530897989,-5.56032403,
1531497949,-5.484265825,
1532097909,-5.540960829,
1532697869,-5.527577923,
1533297829,-5.627388333,
1533897789,-5.581485948,
1534497749,-5.528133203,
1535097709,-5.605910099,
1535697669,-5.483480089,
1536297629,-5.662075485,
1536897589,-5.629592554,
1537497549,-5.644652752,
1538097509,-5.62734346,
1538697469,-5.656047336,
1539297429,-5.684372558,
1539897389,-5.733680394,
1540497349,-5.671702704,
1541097309,-5.643145395,
1541697269,-5.705378237,
1542297229,-5.646934194,
1542897189,-5.690646789,
1543497149,-5.734056788,
1544097109,-5.663394735,
1544697069,-5.801555553,
1545297029,-5.745884835,
1545896989,-5.767625415,
1546496949,-5.691399818,
1547096909,-5.807390171,
1547696869,-5.739984752,
1548296829,-5.7944792,
1548896789,-5.810950172,
1549496749,-5.753515918,
1550096709,-5.816153357,
1550696669,-5.830922009,
1551296629,-5.83237432,
1551896589,-5.824974768,
1552496549,-5.766686702,
1553096509,-5.794900313,
1553696469,-5.841853394,
1554296429,-5.904366002,
1554896389,-5.813909212,
1555496349,-5.893083179,
1556096309,-5.825047129,
1556696269,-5.968421979,
1557296229,-5.826224185,
1557896189,-5.835302132,
1558496149,-5.94294167,
1559096109,-5.914196836,
1559696069,-5.909003512,
1560296029,-5.914743922,
1560895989,-5.921507733,
1561495949,-5.906055074,
1562095909,-5.917512174,
1562695869,-5.935850503,
1563295829,-5.879027022,
1563895789,-5.997607124,
1564495749,-6.071993396,
1565095709,-5.980741337,
1565695669,-6.018411213,
1566295629,-5.93874149,
1566895589,-5.992448603,
1567495549,-6.015935279,
1568095509,-6.094359732,
1568695469,-6.073248489,
1569295429,-5.968435338,
1569895389,-5.996443638,
1570495349,-5.98438796,
1571095309,-5.98190269,
1571695269,-6.084649038,
1572295228,-6.110402392,
1572895188,-6.012818743,
1573495148,-6.069692286,
1574095108,-6.055037277,
1574695068,-6.103096073,
1575295028,-6.206736302,
1575894988,-5.980335522,
1576494948,-6.033872149,
1577094908,-6.085642478,
1577694868,-6.062269347,
1578294828,-6.088462082,
1578894788,-6.045419551,
1579494748,-6.138493496,
1580094708,-6.09085949,
1580694668,-6.095210454,
1581294628,-6.131831942,
1581894588,-6.167945552,
1582494548,-6.176683351,
1583094508,-6.097827093,
1583694468,-6.101657601,
1584294428,-6.041043804,
1584894388,-6.144686406,
1585494348,-6.199681749,
1586094308,-6.133405752,
1586694268,-6.139570982,
1587294228,-6.068249099,
1587894188,-6.144793624,
1588494148,-6.126451038,
1589094108,-5.97911564,
1589694068,-6.136627659,
1590294028,-6.168485459,
1590893988,-6.121375047,
1591493948,-6.165611438,
1592093908,-6.200277186,
1592693868,-6.19978583,
1593293828,-6.162380484,
1593893788,-6.133808253,
1594493748,-6.110410938,
1595093708,-6.072108597,
1595693668,-6.118924986,
1596293628,-6.173523341,
1596893588,-6.202480266,
1597493548,-6.131052486,
1598093508,-6.27184101,
1598693468,-6.186328929,
1599293428,-6.181097689,
1599893388,-6.152306691,
1600493348,-6.220172981,
1601093308,-6.180980146,
1601693268,-6.148765431,
1602293228,-6.245915024,
1602893188,-6.193354667,
1603493148,-6.145734076,
1604093108,-6.142148936,
1604693068,-6.181201056,
1605293028,-6.221500689,
1605892988,-6.202241186,
1606492948,-6.203873135,
1607092908,-6.163058158,
1607692868,-6.158178848,
1608292828,-6.129544095,
1608892788,-6.279542975,
1609492748,-6.213346808,
1610092708,-6.203881327,
1610692668,-6.243434142,
1611292628,-6.139674051,
1611892588,-6.173666137,
1612492548,-6.201632955,
1613092508,-6.273747773,
1613692468,-6.173862445,
1614292428,-6.281127539,
1614892388,-6.223748045,
1615492348,-6.226334693,
1616092308,-6.175509949,
1616692268,-6.213257707,
1617292228,-6.178403526,
1617892188,-6.300608181,
1618492148,-6.279805728,
1619092108,-6.26546769,
1619692068,-6.254625031,
1620292028,-6.143341408,
1620891988,-6.253613893,
1621491948,-6.33637771,
1622091908,-6.228666856,
1622691868,-6.316354029,
1623291828,-6.335549833,
1623891788,-6.376683063,
1624491748,-6.375551267,
1625091708,-6.313478524,
1625691668,-6.314629436,
1626291628,-6.391672235,
1626891588,-6.410637667,
1627491548,-6.269228582,
1628091508,-6.259126333,
1628691468,-6.363544235,
1629291428,-6.432834674,
1629891388,-6.481033892,
1630491348,-6.274139166,
1631091308,-6.449488142,
1631691268,-6.418005316,
1632291228,-6.363926681,
1632891188,-6.370338509,
1633491148,-6.453675969,
1634091108,-6.414946688,
1634691068,-6.436682151,
1635291028,-6.50471723,
1635890988,-6.467326732,
1636490948,-6.473678248,
1637090908,-6.387242649,
1637690868,-6.615292719,
1638290828,-6.571311775,
1638890788,-6.425200763,
1639490748,-6.551597957,
1640090708,-6.525909131,
1640690668,-6.640975431,
1641290628,-6.693112459,
1641890588,-6.686892921,
1642490548,-6.776419337,
1643090508,-6.658291991,
1643690468,-6.703305896,
1644290428,-6.679304132,
1644890388,-6.687235836,
1645490348,-6.680039095,
1646090308,-6.664758923,
1646690268,-6.777958392,
1647290228,-6.727559241,
1647890188,-6.786678799,
1648490148,-6.835194494,
1649090108,-6.80142134,
1649690068,-6.802395743,
1650290028,-6.76317852,
1650889988,-6.871418986,
1651489948,-6.787161314,
1652089908,-6.909604359,
1652689868,-6.892828201,
1653289828,-7.004806786,
1653889788,-6.853720065,
1654489748,-7.037949632,
1655089708,-6.811771876,
1655689668,-6.942455137,
1656289628,-6.92244237,
1656889588,-6.886412921,
1657489548,-7.068363805,
1658089508,-7.037035491,
1658689468,-7.051081974,
1659289428,-6.983902521,
1659889388,-7.076224176,
1660489348,-7.057564315,
1661089308,-7.068011048,
1661689268,-7.152145416,
1662289228,-7.099621749,
1662889188,-7.010228112,
1663489148,-7.107984915,
1664089108,-7.141261292,
1664689068,-7.055171178,
1665289028,-7.180819441,
1665888988,-7.29246754,
1666488948,-7.139262994,
1667088908,-7.268019486,
1667688868,-7.326220029,
1668288828,-7.276848746,
1668888788,-7.240741161,
1669488748,-7.28866942,
1670088708,-7.27054374,
1670688668,-7.252103113,
1671288628,-7.302421904,
1671888588,-7.434767254,
1672488548,-7.36597643,
1673088508,-7.334466414,
1673688468,-7.45955047,
1674288428,-7.444231093,
1674888388,-7.335766562,
1675488348,-7.431666059,
1676088308,-7.503554931,
1676688268,-7.504208499,
1677288228,-7.457783295,
1677888188,-7.466808998,
1678488148,-7.667833036,
1679088108,-7.568812541,
1679688068,-7.600570089,
1680288028,-7.61755486,
1680887988,-7.616258603,
1681487948,-7.525964788,
1682087908,-7.591420094,
1682687868,-7.501695535,
1683287828,-7.567177111,
1683887788,-7.675086615,
1684487748,-7.729170635,
1685087708,-7.632081209,
1685687668,-7.769858557,
1686287628,-7.771862168,
1686887588,-7.793015932,
1687487548,-7.921342284,
1688087508,-7.845749764,
1688687468,-7.959594358,
1689287428,-7.876184169,
1689887388,-7.857835596,
1690487348,-8.075086154,
1691087308,-8.045554708,
1691687268,-8.019801006,
1692287228,-8.161361976,
1692887188,-8.15622249,
1693487148,-8.140537042,
1694087108,-8.181290185,
1694687068,-8.212949268,
1695287028,-8.263447634,
1695886988,-8.170599634,
1696486948,-8.219706047,
1697086908,-8.249685859,
1697686868,-8.284499872,
1698286828,-8.246828319,
1698886788,-8.311237261,
1699486748,-8.379998492,
1700086708,-8.327658813,
1700686668,-8.346884234,
1701286628,-8.404953608,
1701886588,-8.358733585,
1702486548,-8.4351907,
1703086508,-8.382068138,
1703686468,-8.429524744,
1704286428,-8.52833552,
1704886388,-8.584982168,
1705486348,-8.547097538,
1706086308,-8.515999032,
1706686268,-8.766015443,
1707286228,-8.529272254,
1707886188,-8.597092807,
1708486148,-8.611860303,
1709086108,-8.743535806,
1709686068,-8.818001063,
1710286028,-8.814301586,
1710885988,-8.949584571,
1711485948,-8.917516601,
1712085908,-8.947400888,
1712685868,-8.949019971,
1713285828,-8.973272823,
1713885788,-8.997153789,
1714485748,-8.940958494,
1715085707,-9.035421718,
1715685667,-8.997063296,
1716285627,-9.248781566,
1716885587,-9.027469046,
1717485547,-9.206953301,
1718085507,-9.343171658,
1718685467,-9.311427012,
1719285427,-9.454935235,
1719885387,-9.561740539,
1720485347,-9.575755111,
1721085307,-9.609227908,
1721685267,-9.474472878,
1722285227,-9.520101092,
1722885187,-9.672548341,
1723485147,-9.735993999,
1724085107,-9.763010806,
1724685067,-9.73960059,
1725285027,-9.823320413,
1725884987,-9.869896804,
1726484947,-9.857210577,
1727084907,-9.912932628,
1727684867,-10.09476176,
1728284827,-9.977922127,
1728884787,-10.28018994,
1729484747,-10.22320921,
1730084707,-10.22377814,
1730684667,-10.36733461,
1731284627,-10.36160565,
1731884587,-10.46233512,
1732484547,-10.3307019,
1733084507,-10.37558969,
1733684467,-10.70930124,
1734284427,-10.5601779,
1734884387,-10.75356212,
1735484347,-10.93445297,
1736084307,-10.74886904,
1736684267,-10.98886062,
1737284227,-11.15789334,
1737884187,-11.07036481,
1738484147,-11.2667612,
1739084107,-11.30202686,
1739684067,-11.66540595,
1740284027,-11.5419812,
1740883987,-11.67569633,
1741483947,-11.58390041,
1742083907,-11.59573279,
1742683867,-11.64311359,
1743283827,-11.81346892,
1743883787,-11.74481913,
1744483747,-11.93985459,
1745083707,-12.03151969,
1745683667,-12.26073781,
1746283627,-12.21268346,
1746883587,-12.43602488,
1747483547,-12.47624868,
1748083507,-12.39418305,
1748683467,-12.54134249,
1749283427,-12.63657119,
1749883387,-12.72154751,
1750483347,-12.95334025,
1751083307,-13.10394588,
1751683267,-13.28774652,
1752283227,-13.43604498,
1752883187,-13.41387996,
1753483147,-13.72685733,
1754083107,-13.53972465,
1754683067,-13.72514284,
1755283027,-13.7013249,
1755882987,-13.82575331,
1756482947,-13.94330454,
1757082907,-14.11424115,
1757682867,-14.30950441,
1758282827,-14.41269037,
1758882787,-14.55680127,
1759482747,-14.66002284,
1760082707,-14.75889764,
1760682667,-15.10990938,
1761282627,-14.80600356,
1761882587,-15.10482902,
1762482547,-15.30518187,
1763082507,-15.46348574,
1763682467,-15.7142157,
1764282427,-15.91544722,
1764882387,-16.41628794,
1765482347,-16.64800927,
1766082307,-16.6561775,
1766682267,-16.6792793,
1767282227,-17.06240523,
1767882187,-16.76609706,
1768482147,-17.02463854,
1769082107,-17.13698629,
1769682067,-17.51544027,
1770282027,-17.63824304,
1770881987,-17.69716287,
1771481947,-17.98275574,
1772081907,-18.47617953,
1772681867,-18.31225055,
1773281827,-18.46240422,
1773881787,-19.38129378,
1774481747,-19.24655764,
1775081707,-19.25307511,
1775681667,-20.13185703,
1776281627,-20.26752465,
1776881587,-19.85472435,
1777481547,-21.249002,
1778081507,-21.30574187,
1778681467,-21.71600009,
1779281427,-22.0040795,
1779881387,-22.19296854,
1780481347,-22.04408575,
1781081307,-22.27146792,
1781681267,-22.69196341,
1782281227,-22.92604683,
1782881187,-23.17795612,
1783481147,-23.49383085,
1784081107,-24.3321502,
1784681067,-23.92359231,
1785281027,-25.31908809,
1785880987,-25.57568173,
1786480947,-25.80428858,
1787080907,-25.22902806,
1787680867,-26.72376445,
1788280827,-27.33989386,
1788880787,-27.58861583,
1789480747,-27.62603438,
1790080707,-32.46556571,
1790680667,-35.0117597,
1791280627,-36.93252978,
1791880587,-36.05387226,
1792480547,-40.33519616,
1793080507,-40.5493952,
1793680467,-39.49567303,
1794280427,-35.72426544,
1794880387,-38.96266979,
1795480347,-41.84515899,
1796080307,-36.02188824,
1796680267,-35.97555514,
1797280227,-34.43236574,
1797880187,-35.73461112,
1798480147,-33.99903226,
1799080107,-34.20367525,
1799680067,-30.20149736,
1800280027,-29.22239731,
1800879987,-26.98252246,
1801479947,-26.94797307,
1802079907,-25.99640261,
1802679867,-25.70758608,
1803279827,-26.22869336,
1803879787,-25.56495381,
1804479747,-25.35795081,
1805079707,-24.41056594,
1805679667,-24.80985399,
1806279627,-23.96322427,
1806879587,-23.18255526,
1807479547,-22.95093826,
1808079507,-22.60173635,
1808679467,-22.58711013,
1809279427,-22.33151662,
1809879387,-22.38338166,
1810479347,-21.88666901,
1811079307,-22.11811726,
1811679267,-21.62304774,
1812279227,-21.82040044,
1812879187,-20.81016117,
1813479147,-19.85172181,
1814079107,-20.18646297,
1814679067,-19.81863427,
1815279027,-19.72866941,
1815878987,-19.18351326,
1816478947,-19.0378731,
1817078907,-18.95314279,
1817678867,-18.65927944,
1818278827,-18.74559602,
1818878787,-18.60272646,
1819478747,-18.22814042,
1820078707,-17.88345624,
1820678667,-18.59593061,
1821278627,-17.91967616,
1821878587,-17.77874566,
1822478547,-17.71755515,
1823078507,-17.70783306,
1823678467,-17.57042164,
1824278427,-17.29801075,
1824878387,-17.39398958,
1825478347,-17.13641288,
1826078307,-17.33874355,
1826678267,-17.20465692,
1827278227,-17.15189708,
1827878187,-17.01260362,
1828478147,-17.17102692,
1829078107,-16.90557794,
1829678067,-16.80039574,
1830278027,-17.23353835,
1830877987,-16.73347621,
1831477947,-16.77179186,
1832077907,-16.71332872,
1832677867,-16.67580072,
1833277827,-16.02379329,
1833877787,-16.04724068,
1834477747,-16.44534536,
1835077707,-15.88174311,
1835677667,-15.85110427,
1836277627,-15.85299068,
1836877587,-15.81668933,
1837477547,-15.84442565,
1838077507,-15.73020329,
1838677467,-15.82433844,
1839277427,-15.47425627,
1839877387,-15.61364784,
1840477347,-15.58419998,
1841077307,-15.30728157,
1841677267,-15.48541507,
1842277227,-15.33939048,
1842877187,-15.72800727,
1843477147,-15.51731723,
1844077107,-15.44653196,
1844677067,-15.37382347,
1845277027,-15.66406967,
1845876987,-15.13509075,
1846476947,-15.45356643,
1847076907,-15.64220632,
1847676867,-15.10227502,
1848276827,-15.11512714,
1848876787,-15.17671171,
1849476747,-15.29681571,
1850076707,-15.41040143,
1850676667,-15.10867368,
1851276627,-15.48594323,
1851876587,-15.19027304,
1852476547,-15.1997645,
1853076507,-15.28883753,
1853676467,-15.44117205,
1854276427,-15.58632442,
1854876387,-15.30126962,
1855476347,-15.15935513,
1856076307,-15.41703816,
1856676267,-15.29846417,
1857276227,-15.25740464,
1857876186,-15.21145197,
1858476146,-15.26154624,
1859076106,-15.27953371,
1859676066,-15.14435832,
1860276026,-15.19785927,
1860875986,-15.13632025,
1861475946,-15.43375845,
1862075906,-15.20979108,
1862675866,-15.43119795,
1863275826,-15.43090855,
1863875786,-15.19134951,
1864475746,-15.31773333,
1865075706,-15.26491558,
1865675666,-15.30516899,
1866275626,-15.2216222,
1866875586,-15.73212641,
1867475546,-15.42232203,
1868075506,-15.45821822,
1868675466,-15.29939856,
1869275426,-15.36981229,
1869875386,-15.57886943,
1870475346,-15.420477,
1871075306,-15.32468975,
1871675266,-15.27743723,
1872275226,-15.2912828,
1872875186,-15.4568236,
1873475146,-15.54805168,
1874075106,-15.20106201,
1874675066,-15.35979195,
1875275026,-15.52752936,
1875874986,-15.60719489,
1876474946,-15.49725428,
1877074906,-15.1111371,
1877674866,-15.27254595,
1878274826,-15.33693567,
1878874786,-15.35934292,
1879474746,-15.09171598,
1880074706,-15.37405668,
1880674666,-15.38310862,
1881274626,-15.40847823,
1881874586,-15.3189799,
1882474546,-15.14170628,
1883074506,-15.36506172,
1883674466,-15.37414651,
1884274426,-15.31081437,
1884874386,-15.62363422,
1885474346,-15.40551561,
1886074306,-14.94327089,
1886674266,-15.34440451,
1887274226,-14.81992767,
1887874186,-15.34035169,
1888474146,-15.36414553,
1889074106,-15.5855498,
1889674066,-15.15809584,
1890274026,-15.33604642,
1890873986,-15.00441553,
1891473946,-15.27206317,
1892073906,-15.22037911,
1892673866,-15.29677691,
1893273826,-15.20464449,
1893873786,-15.33256313,
1894473746,-15.14676279,
1895073706,-14.95296647,
1895673666,-15.5582668,
1896273626,-15.37577553,
1896873586,-15.25329192,
1897473546,-15.1861548,
1898073506,-15.07475031,
1898673466,-15.08203392,
1899273426,-15.18456093,
1899873386,-15.12735344,
1900473346,-15.30535163,
1901073306,-15.30521227,
1901673266,-14.99853513,
1902273226,-15.02620123,
1902873186,-15.07658217,
1903473146,-15.16480965,
1904073106,-15.20245503,
1904673066,-15.09895807,
1905273026,-14.93204885,
1905872986,-15.02949295,
1906472946,-14.84911056,
1907072906,-15.05218237,
1907672866,-14.94443196,
1908272826,-15.04411719,
1908872786,-14.94806011,
1909472746,-15.1194897,
1910072706,-15.11882748,
1910672666,-15.12887066,
1911272626,-14.71644473,
1911872586,-14.79985756,
1912472546,-14.9978461,
1913072506,-14.8848989,
1913672466,-15.05755669,
1914272426,-14.86739545,
1914872386,-14.85331399,
1915472346,-14.87313537,
1916072306,-14.84982184,
1916672266,-14.83091056,
1917272226,-14.88774316,
1917872186,-14.65384147,
1918472146,-14.77913071,
1919072106,-14.79516608,
1919672066,-14.62509501,
1920272026,-14.79291553,
1920871986,-14.65093912,
1921471946,-14.66186195,
1922071906,-14.55151771,
1922671866,-14.58348543,
1923271826,-14.79891489,
1923871786,-14.53301013,
1924471746,-14.65518536,
1925071706,-14.6727116,
1925671666,-14.60153831,
1926271626,-14.63462065,
1926871586,-14.56295274,
1927471546,-14.49348363,
1928071506,-14.5257892,
1928671466,-14.46172052,
1929271426,-14.31267681,
1929871386,-14.48151312,
1930471346,-14.43727805,
1931071306,-14.53850713,
1931671266,-14.27995103,
1932271226,-14.21689789,
1932871186,-14.36792036,
1933471146,-14.19678835,
1934071106,-14.25519903,
1934671066,-14.26782264,
1935271026,-14.14373089,
1935870986,-14.18417596,
1936470946,-14.23767273,
1937070906,-14.49700963,
1937670866,-14.18753067,
1938270826,-14.19937354,
1938870786,-14.27927594,
1939470746,-14.08754373,
1940070706,-14.16584309,
1940670666,-14.13935604,
1941270626,-14.18129424,
1941870586,-14.17642381,
1942470546,-14.0721138,
1943070506,-14.06965893,
1943670466,-14.01456144,
1944270426,-14.11640856,
1944870386,-14.14080539,
1945470346,-13.95934231,
1946070306,-14.10906727,
1946670266,-13.85399396,
1947270226,-14.01626595,
1947870186,-14.10623453,
1948470146,-13.94941541,
1949070106,-14.0245593,
1949670066,-13.84962512,
1950270026,-13.90363457,
1950869986,-13.91449909,
1951469946,-13.79132657,
1952069906,-13.82222426,
1952669866,-13.76834284,
1953269826,-13.9824785,
1953869786,-14.09974369,
1954469746,-13.93477868,
1955069706,-13.89620561,
1955669666,-13.93930792,
1956269626,-13.86569697,
1956869586,-13.83870696,
1957469546,-14.03136506,
1958069506,-13.8713888,
1958669466,-13.81260326,
1959269426,-13.80217174,
1959869386,-13.88826147,
1960469346,-13.8881958,
1961069306,-13.84191056,
1961669266,-13.78315351,
1962269226,-13.72100764,
1962869186,-13.8822045,
1963469146,-13.78582061,
1964069106,-13.61919171,
1964669066,-13.85726454,
1965269026,-13.87599839,
1965868986,-13.80408056,
1966468946,-13.73839143,
1967068906,-14.01050493,
1967668866,-13.64362258,
1968268826,-13.95244343,
1968868786,-13.81841808,
1969468746,-13.89137162,
1970068706,-13.86841169,
1970668666,-13.81601798,
1971268626,-13.98417505,
1971868586,-13.77029599,
1972468546,-13.95722368,
1973068506,-13.8558653,
1973668466,-13.90759602,
1974268426,-13.89465823,
1974868386,-13.95857611,
1975468346,-13.91555879,
1976068306,-14.05752918,
1976668266,-14.0464962,
1977268226,-14.00055451,
1977868186,-14.26205757,
1978468146,-14.11095758,
1979068106,-14.22217371,
1979668066,-14.12873143,
1980268026,-14.08028377,
1980867986,-14.18252222,
1981467946,-14.19369628,
1982067906,-14.28404453,
1982667866,-14.21527175,
1983267826,-14.13255656,
1983867786,-14.13830054,
1984467746,-14.25034575,
1985067706,-14.38779638,
1985667666,-14.26470996,
1986267626,-14.44063865,
1986867586,-14.37750786,
1987467546,-14.56681166,
1988067506,-14.47319357,
1988667466,-14.45840244,
1989267426,-14.44224843,
1989867386,-14.43059807,
1990467346,-14.52778084,
1991067306,-14.39431914,
1991667266,-14.8207366,
1992267226,-14.97049826,
1992867186,-14.95320954,
1993467146,-14.82109211,
1994067106,-14.6595586,
1994667066,-14.78649433,
1995267026,-14.84994219,
1995866986,-14.8363021,
1996466946,-15.33059911,
1997066906,-15.22527292,
1997666866,-15.3901181,
1998266826,-15.3092506,
1998866786,-15.11654677,
1999466746,-15.24824834,
2000066706,-15.19967973,
2000666666,-15.56468382,
2001266626,-15.36442919,
2001866585,-15.60257741,
2002466545,-15.38688803,
2003066505,-15.77727843,
2003666465,-15.82000283,
2004266425,-15.98492996,
2004866385,-16.20963948,
2005466345,-16.15056143,
2006066305,-16.0642058,
2006666265,-16.13062162,
2007266225,-16.24177829,
2007866185,-16.24865372,
2008466145,-16.52008476,
2009066105,-16.43779304,
2009666065,-16.65855799,
2010266025,-16.51505861,
2010865985,-16.4539084,
2011465945,-16.72942018,
2012065905,-16.83695151,
2012665865,-16.77111345,
2013265825,-16.36532217,
2013865785,-16.77722725,
2014465745,-16.89847676,
2015065705,-16.96982377,
2015665665,-16.99218195,
2016265625,-17.12431543,
2016865585,-17.07095238,
2017465545,-17.28333628,
2018065505,-17.28755446,
2018665465,-17.37469867,
2019265425,-17.29495994,
2019865385,-17.56369008,
2020465345,-17.57643468,
2021065305,-17.98754548,
2021665265,-17.65359098,
2022265225,-17.97548929,
2022865185,-17.70331192,
2023465145,-18.17661708,
2024065105,-18.01414176,
2024665065,-18.19209266,
2025265025,-18.33335896,
2025864985,-17.87133096,
2026464945,-18.44374897,
2027064905,-18.68292449,
2027664865,-18.82051227,
2028264825,-18.25772342,
2028864785,-18.69729044,
2029464745,-18.5816051,
2030064705,-18.70223657,
2030664665,-18.89352734,
2031264625,-19.00739144,
2031864585,-19.01730213,
2032464545,-19.40301065,
2033064505,-18.94169713,
2033664465,-19.76337984,
2034264425,-19.90554367,
2034864385,-19.44203252,
2035464345,-19.29918651,
2036064305,-19.96829653,
2036664265,-19.7822202,
2037264225,-20.26274748,
2037864185,-20.67721439,
2038464145,-21.09778441,
2039064105,-21.01362389,
2039664065,-21.08235258,
2040264025,-20.97847178,
2040863985,-20.94969581,
2041463945,-21.07356753,
2042063905,-21.27287379,
2042663865,-21.01218459,
2043263825,-21.59290689,
2043863785,-21.6409263,
2044463745,-21.76548044,
2045063705,-22.02317169,
2045663665,-22.10509917,
2046263625,-21.77982398,
2046863585,-21.82815049,
2047463545,-22.14840731,
2048063505,-22.1604155,
2048663465,-21.73361548,
2049263425,-21.76588321,
2049863385,-22.2544172,
2050463345,-22.01584726,
2051063305,-22.27846622,
2051663265,-22.26419204,
2052263225,-22.62645248,
2052863185,-22.40472336,
2053463145,-22.87387899,
2054063105,-22.27672411,
2054663065,-23.08636673,
2055263025,-22.65132022,
2055862985,-23.12433407,
2056462945,-23.1792522,
2057062905,-22.67635148,
2057662865,-23.49892898,
2058262825,-23.32920203,
2058862785,-23.14018071,
2059462745,-23.28149321,
2060062705,-23.59027698,
2060662665,-23.84210368,
2061262625,-24.08587261,
2061862585,-24.15545201,
2062462545,-24.47383025,
2063062505,-24.33608331,
2063662465,-24.40345239,
2064262425,-24.83337895,
2064862385,-24.71266352,
2065462345,-25.21613017,
2066062305,-24.5377159,
2066662265,-25.07878398,
2067262225,-24.8880004,
2067862185,-24.0823389,
2068462145,-24.9732119,
2069062105,-24.9992709,
2069662065,-25.95058102,
2070262025,-25.09786216,
2070861985,-25.19371562,
2071461945,-25.26295687,
2072061905,-25.18031841,
2072661865,-24.35867722,
2073261825,-24.95176679,
2073861785,-25.26071349,
2074461745,-26.00168718,
2075061705,-25.91254443,
2075661665,-26.07798201,
2076261625,-26.61733453,
2076861585,-27.16356199,
2077461545,-26.16435104,
2078061505,-26.82463813,
2078661465,-28.23724264,
2079261425,-27.77583896,
2079861385,-26.46965512,
2080461345,-27.80740091,
2081061305,-28.15837732,
2081661265,-26.75712938,
2082261225,-29.42781683,
2082861185,-29.0227692,
2083461145,-29.26960306,
2084061105,-29.14276417,
2084661065,-30.38071787,
2085261025,-33.02122482,
2085860985,-31.31770396,
2086460945,-32.97453759,
2087060905,-33.19292712,
2087660865,-33.7244266,
2088260825,-33.86856115,
2088860785,-33.45915092,
2089460745,-33.68348626,
2090060705,-33.85916151,
2090660665,-34.88370721,
2091260625,-36.84861793,
2091860585,-36.28659503,
2092460545,-36.77068108,
2093060505,-36.70937468,
2093660465,-35.74287485,
2094260425,-37.4787942,
2094860385,-37.41111583,
2095460345,-36.76071134,
2096060305,-33.89197956,
2096660265,-35.50874236,
2097260225,-35.18121808,
2097860185,-38.37646028,
2098460145,-38.98648407,
2099060105,-40.3239923,
2099660065,-37.3218871,
2100260025,-39.02931527,
2100859985,-40.64948839,
2101459945,-35.64033711,
2102059905,-35.944868,
2102659865,-39.66225603,
2103259825,-35.66840941,
2103859785,-35.93927066,
2104459745,-36.20990957,
2105059705,-36.4924676,
2105659665,-36.84688256,
2106259625,-37.10426754,
2106859585,-37.40631614,
2107459545,-37.72046724,
2108059505,-37.99384204,
2108659465,-38.29499071,
2109259425,-38.60906026,
2109859385,-38.91714422,
2110459345,-39.19627268,
2111059305,-39.44770899,
2111659265,-39.69844231,
2112259225,-39.97661819,
2112859185,-40.09244001,
2113459145,-40.27239593,
2114059105,-40.3774289,
2114659065,-40.4797113,
2115259025,-40.49525916,
2115858985,-40.40399886,
2116458945,-40.37552443,
2117058905,-40.25344724,
2117658865,-40.02972559,
2118258825,-39.87259907,
2118858785,-39.59421825,
2119458745,-39.36268171,
2120058705,-39.07201825,
2120658665,-38.70054472,
2121258625,-38.36288229,
2121858585,-38.08045304,
2122458545,-37.67055338,
2123058505,-37.36270761,
2123658465,-36.99124222,
2124258425,-36.71447888,
2124858385,-36.30655269,
2125458345,-35.95948874,
2126058305,-35.64666927,
2126658265,-36.19110977,
2127258225,-36.74281867,
2127858185,-38.48370789,
2128458145,-35.91249538,
2129058105,-37.43429046,
2129658065,-39.77555207,
2130258025,-36.40745692,
2130857985,-37.85644519,
2131457945,-37.16420744,
2132057905,-37.67388307,
2132657865,-35.1689944,
2133257825,-36.63549023,
2133857785,-35.63165093,
2134457745,-32.36271745,
2135057705,-34.0843114,
2135657665,-36.41376067,
2136257625,-35.10435685,
2136857585,-31.31282165,
2137457545,-32.52776826,
2138057505,-32.85391487,
2138657465,-34.44867884,
2139257425,-33.65083641,
2139857385,-32.55581633,
2140457345,-29.80738428,
2141057305,-28.26906982,
2141657265,-30.18194915,
2142257225,-27.96347377,
2142857185,-27.20969392,
2143457145,-28.08996413,
2144057105,-26.61554915,
2144657065,-27.29207145,
2145257025,-26.89103154,
2145856985,-27.74255432,
2146456945,-25.9645068,
2147056905,-26.76791986,
2147656865,-25.50055289,
2148256825,-24.42279133,
2148856785,-25.01359327,
2149456745,-25.13282477,
2150056705,-25.85674491,
2150656665,-25.48432301,
2151256625,-23.99205975,
2151856585,-24.01637896,
2152456545,-24.6694741,
2153056505,-24.02542156,
2153656465,-24.03019851,
2154256425,-24.33070157,
2154856385,-23.98773187,
2155456344,-24.41013494,
2156056304,-23.63587491,
2156656264,-23.08010898,
2157256224,-23.38314737,
2157856184,-23.0656112,
2158456144,-22.87900966,
2159056104,-23.30408147,
2159656064,-23.07817062,
2160256024,-22.96686042,
2160855984,-22.74173531,
2161455944,-22.51058039,
2162055904,-22.20147151,
2162655864,-21.77801446,
2163255824,-22.10579849,
2163855784,-21.64930971,
2164455744,-21.74370242,
2165055704,-21.35737749,
2165655664,-21.59677906,
2166255624,-21.4365858,
2166855584,-21.4769483,
2167455544,-21.3448395,
2168055504,-21.2908313,
2168655464,-20.74431084,
2169255424,-21.23298031,
2169855384,-21.45618704,
2170455344,-21.29344106,
2171055304,-20.75347026,
2171655264,-20.83695183,
2172255224,-20.99380787,
2172855184,-20.28897733,
2173455144,-20.3847979,
2174055104,-20.09166458,
2174655064,-20.30009655,
2175255024,-20.39685679,
2175854984,-19.89798811,
2176454944,-19.51217534,
2177054904,-19.13247999,
2177654864,-18.88322807,
2178254824,-19.09700957,
2178854784,-18.77838364,
2179454744,-18.37831679,
2180054704,-18.38636608,
2180654664,-18.28781209,
2181254624,-18.21359788,
2181854584,-18.03848737,
2182454544,-17.78949892,
2183054504,-17.50889736,
2183654464,-17.55846727,
2184254424,-17.44697654,
2184854384,-17.64982729,
2185454344,-18.05949201,
2186054304,-17.64121565,
2186654264,-17.08427887,
2187254224,-17.25291122,
2187854184,-17.26472692,
2188454144,-16.97301191,
2189054104,-16.78136128,
2189654064,-16.53978339,
2190254024,-16.6091827,
2190853984,-16.54143432,
2191453944,-16.56926701,
2192053904,-16.22595594,
2192653864,-16.24347911,
2193253824,-16.12007942,
2193853784,-16.07517926,
2194453744,-16.00888413,
2195053704,-16.12552939,
2195653664,-16.04735115,
2196253624,-15.96117644,
2196853584,-15.76714905,
2197453544,-15.77247256,
2198053504,-15.66742082,
2198653464,-15.46577301,
2199253424,-15.81488202,
2199853384,-15.26442451,
2200453344,-14.83006128,
2201053304,-14.82875605,
2201653264,-14.46293706,
2202253224,-14.55553454,
2202853184,-14.68345438,
2203453144,-14.68931739,
2204053104,-14.25477127,
2204653064,-14.50661387,
2205253024,-14.17330385,
2205852984,-14.08064638,
2206452944,-14.23122903,
2207052904,-13.99193601,
2207652864,-14.19932247,
2208252824,-13.93467053,
2208852784,-13.91448309,
2209452744,-13.46031611,
2210052704,-13.42649371,
2210652664,-13.54200992,
2211252624,-13.33900265,
2211852584,-13.43953181,
2212452544,-13.3526934,
2213052504,-13.28484709,
2213652464,-13.36392865,
2214252424,-12.97825038,
2214852384,-13.00094541,
2215452344,-12.96215177,
2216052304,-12.90113508,
2216652264,-12.74042233,
2217252224,-12.77164843,
2217852184,-12.93004857,
2218452144,-12.81573479,
2219052104,-12.7542561,
2219652064,-12.835741,
2220252024,-12.68469477,
2220851984,-12.5700211,
2221451944,-12.51145459,
2222051904,-12.53178903,
2222651864,-12.29441446,
2223251824,-12.27331199,
2223851784,-12.34842222,
2224451744,-12.21816742,
2225051704,-12.27525725,
2225651664,-11.85861386,
2226251624,-11.98384144,
2226851584,-11.9566654,
2227451544,-11.59489845,
2228051504,-11.82122353,
2228651464,-11.49736458,
2229251424,-11.54923611,
2229851384,-11.76786196,
2230451344,-11.42414007,
2231051304,-11.41967729,
2231651264,-11.53453864,
2232251224,-11.3451805,
2232851184,-11.34462585,
2233451144,-11.24601784,
2234051104,-11.26397837,
2234651064,-11.29209862,
2235251024,-11.30260744,
2235850984,-11.21257717,
2236450944,-11.37105117,
2237050904,-11.02204128,
2237650864,-11.16701156,
2238250824,-11.00114011,
2238850784,-11.115608,
2239450744,-11.00743433,
2240050704,-10.75748064,
2240650664,-10.97587836,
2241250624,-10.82077667,
2241850584,-10.82278529,
2242450544,-10.94551914,
2243050504,-10.67598659,
2243650464,-10.65993516,
2244250424,-10.72831951,
2244850384,-10.60791239,
2245450344,-10.70769022,
2246050304,-10.4977111,
2246650264,-10.64818478,
2247250224,-10.58469986,
2247850184,-10.59096079,
2248450144,-10.65160853,
2249050104,-10.48031963,
2249650064,-10.57968598,
2250250024,-10.58646653,
2250849984,-10.6003389,
2251449944,-10.59952125,
2252049904,-10.51518141,
2252649864,-10.53021153,
2253249824,-10.43322006,
2253849784,-10.53558311,
2254449744,-10.15285079,
2255049704,-10.43335692,
2255649664,-10.47979241,
2256249624,-10.46824428,
2256849584,-10.3418331,
2257449544,-10.33116679,
2258049504,-10.43301152,
2258649464,-10.29247398,
2259249424,-10.37789871,
2259849384,-10.3188859,
2260449344,-10.23292667,
2261049304,-10.1608456,
2261649264,-10.2516362,
2262249224,-10.27171089,
2262849184,-10.07801505,
2263449144,-9.913272869,
2264049104,-10.02750852,
2264649064,-10.25318314,
2265249024,-9.995621759,
2265848984,-10.2108799,
2266448944,-9.953628341,
2267048904,-9.92431544,
2267648864,-9.772553088,
2268248824,-9.953786662,
2268848784,-9.954194472,
2269448744,-9.976868997,
2270048704,-9.897902654,
2270648664,-9.959978289,
2271248624,-10.05772904,
2271848584,-9.813268672,
2272448544,-9.703412097,
2273048504,-9.922188465,
2273648464,-9.970844582,
2274248424,-9.763197688,
2274848384,-9.692613272,
2275448344,-10.00375122,
2276048304,-9.670116722,
2276648264,-9.865078395,
2277248224,-9.762768046,
2277848184,-9.623933823,
2278448144,-9.706490825,
2279048104,-9.689368835,
2279648064,-9.726397202,
2280248024,-9.638530732,
2280847984,-9.859994464,
2281447944,-9.672844708,
2282047904,-9.764984564,
2282647864,-9.6372289,
2283247824,-9.495140133,
2283847784,-9.634614389,
2284447744,-9.731571018,
2285047704,-9.487480286,
2285647664,-9.887306482,
2286247624,-9.721199126,
2286847584,-9.6546603,
2287447544,-9.512135968,
2288047504,-9.535826495,
2288647464,-9.437735354,
2289247424,-9.611464736,
2289847384,-9.561147515,
2290447344,-9.786346155,
2291047304,-9.619663588,
2291647264,-9.42024604,
2292247224,-9.573548232,
2292847184,-9.534588842,
2293447144,-9.520150731,
2294047104,-9.546375457,
2294647064,-9.64165482,
2295247024,-9.500522602,
2295846984,-9.651945555,
2296446944,-9.556599304,
2297046904,-9.4693813,
2297646864,-9.503735902,
2298246824,-9.600914114,
2298846784,-9.433835081,
2299446744,-9.581706957,
2300046704,-9.347217558,
2300646664,-9.441155321,
2301246624,-9.533265399,
2301846584,-9.382388886,
2302446544,-9.381836857,
2303046504,-9.596384191,
2303646464,-9.666947266,
2304246424,-9.359856493,
2304846384,-9.485554854,
2305446344,-9.369653596,
2306046304,-9.464497628,
2306646264,-9.383514044,
2307246224,-9.402812832,
2307846184,-9.359441768,
2308446144,-9.468024952,
2309046103,-9.340091911,
2309646063,-9.221864542,
2310246023,-9.313113919,
2310845983,-9.342865403,
2311445943,-9.413839776,
2312045903,-9.26773417,
2312645863,-9.44546609,
2313245823,-9.469584371,
2313845783,-9.359269649,
2314445743,-9.330276009,
2315045703,-9.414530546,
2315645663,-9.305651874,
2316245623,-9.224312555,
2316845583,-9.131644564,
2317445543,-9.268341873,
2318045503,-9.286463933,
2318645463,-9.450593264,
2319245423,-9.283733719,
2319845383,-9.252160828,
2320445343,-9.195923061,
2321045303,-9.312451661,
2321645263,-9.262647078,
2322245223,-9.231949255,
2322845183,-9.17020582,
2323445143,-9.209622164,
2324045103,-9.081691691,
2324645063,-9.074631018,
2325245023,-8.951296386,
2325844983,-9.000598641,
2326444943,-9.076007574,
2327044903,-9.034713974,
2327644863,-9.055837288,
2328244823,-9.051300886,
2328844783,-8.996284369,
2329444743,-8.86792161,
2330044703,-9.00781813,
2330644663,-8.995621814,
2331244623,-8.957117654,
2331844583,-8.780701358,
2332444543,-9.007517421,
2333044503,-8.852654241,
2333644463,-8.883635421,
2334244423,-8.892511739,
2334844383,-8.859048332,
2335444343,-8.801125385,
2336044303,-8.728648134,
2336644263,-8.877833917,
2337244223,-8.779683561,
2337844183,-8.774165048,
2338444143,-8.693281221,
2339044103,-8.75794716,
2339644063,-8.760439291,
2340244023,-8.736394548,
2340843983,-8.637537898,
2341443943,-8.624391702,
2342043903,-8.460459539,
2342643863,-8.623179532,
2343243823,-8.611903906,
2343843783,-8.589721935,
2344443743,-8.533709887,
2345043703,-8.54829384,
2345643663,-8.534851877,
2346243623,-8.552467361,
2346843583,-8.436791823,
2347443543,-8.515539661,
2348043503,-8.512779686,
2348643463,-8.456534111,
2349243423,-8.39766159,
2349843383,-8.31418637,
2350443343,-8.49430093,
2351043303,-8.322610243,
2351643263,-8.344106815,
2352243223,-8.406312232,
2352843183,-8.181898783,
2353443143,-8.214881737,
2354043103,-8.339200582,
2354643063,-8.317161565,
2355243023,-8.22272227,
2355842983,-8.193251664,
2356442943,-8.141659955,
2357042903,-8.212622045,
2357642863,-8.092332478,
2358242823,-8.154482491,
2358842783,-7.853994375,
2359442743,-7.980812333,
2360042703,-7.938338916,
2360642663,-7.818217074,
2361242623,-7.956229689,
2361842583,-7.970105313,
2362442543,-7.745967994,
2363042503,-7.72335146,
2363642463,-7.891137668,
2364242423,-7.794852454,
2364842383,-7.719713307,
2365442343,-7.636184535,
2366042303,-7.705049799,
2366642263,-7.792828839,
2367242223,-7.619587743,
2367842183,-7.611640511,
2368442143,-7.589861021,
2369042103,-7.637600594,
2369642063,-7.557930649,
2370242023,-7.671390915,
2370841983,-7.465818441,
2371441943,-7.500332431,
2372041903,-7.442176059,
2372641863,-7.462059692,
2373241823,-7.436006294,
2373841783,-7.45929373,
2374441743,-7.447766299,
2375041703,-7.409093582,
2375641663,-7.297447111,
2376241623,-7.442053058,
2376841583,-7.198059437,
2377441543,-7.248963997,
2378041503,-7.312721531,
2378641463,-7.214684311,
2379241423,-7.168884411,
2379841383,-7.262694449,
2380441343,-7.195860024,
2381041303,-7.158982116,
2381641263,-7.16052553,
2382241223,-7.02724859,
2382841183,-7.03056438,
2383441143,-7.079125994,
2384041103,-7.0087665,
2384641063,-7.048987256,
2385241023,-6.939472074,
2385840983,-6.920071676,
2386440943,-6.990885736,
2387040903,-7.010560608,
2387640863,-6.924868388,
2388240823,-6.860605141,
2388840783,-6.856783928,
2389440743,-6.911434332,
2390040703,-6.797910627,
2390640663,-6.843509797,
2391240623,-6.786080854,
2391840583,-6.880915368,
2392440543,-6.835490949,
2393040503,-6.846402557,
2393640463,-6.67795333,
2394240423,-6.698198298,
2394840383,-6.68851713,
2395440343,-6.638511404,
2396040303,-6.5342973,
2396640263,-6.632077347,
2397240223,-6.530403181,
2397840183,-6.478858677,
2398440143,-6.493443432,
2399040103,-6.489518546,
2399640063,-6.398784279,
2400240023,-6.355021683,
2400839983,-6.547416303,
2401439943,-6.438410279,
2402039903,-6.412430732,
2402639863,-6.335872459,
2403239823,-6.371654144,
2403839783,-6.390338979,
2404439743,-6.317802761,
2405039703,-6.503506012,
2405639663,-6.306568735,
2406239623,-6.263636416,
2406839583,-6.379700794,
2407439543,-6.287398304,
2408039503,-6.259244101,
2408639463,-6.347664144,
2409239423,-6.231024101,
2409839383,-6.284363751,
2410439343,-6.316440761,
2411039303,-6.189155876,
2411639263,-6.330943238,
2412239223,-6.146552302,
2412839183,-6.217537201,
2413439143,-6.179614302,
2414039103,-6.17023576,
2414639063,-6.211815974,
2415239023,-6.154315094,
2415838983,-6.10454692,
2416438943,-6.160421892,
2417038903,-6.090891252,
2417638863,-6.047223,
2418238823,-6.148709419,
2418838783,-6.054260872,
2419438743,-6.046448981,
2420038703,-6.117464043,
2420638663,-6.080882924,
2421238623,-6.027710899,
2421838583,-6.201838473,
2422438543,-6.036381625,
2423038503,-5.979485621,
2423638463,-6.059678525,
2424238423,-6.078646083,
2424838383,-6.073676345,
2425438343,-6.039639667,
2426038303,-6.019796307,
2426638263,-6.007020687,
2427238223,-5.947710352,
2427838183,-6.020743813,
2428438143,-6.035924115,
2429038103,-6.023875916,
2429638063,-6.024488179,
2430238023,-6.034303918,
2430837983,-6.052993478,
2431437943,-5.996748525,
2432037903,-6.095665374,
2432637863,-5.973019972,
2433237823,-6.024976149,
2433837783,-5.932186541,
2434437743,-6.00366815,
2435037703,-5.926749202,
2435637663,-5.997259523,
2436237623,-5.961524368,
2436837583,-6.008925411,
2437437543,-5.941592735,
2438037503,-6.054175782,
2438637463,-6.040799469,
2439237423,-5.842133886,
2439837383,-5.926529751,
2440437343,-5.891752602,
2441037303,-5.992831458,
2441637263,-6.025494857,
2442237223,-5.945790465,
2442837183,-5.985769572,
2443437143,-5.942441552,
2444037103,-5.916691851,
2444637063,-5.896611639,
2445237023,-5.938884807,
2445836983,-5.943592325,
2446436943,-5.9636638,
2447036903,-5.950470563,
2447636863,-5.935549829,
2448236823,-5.909413188,
2448836783,-5.93008145,
2449436743,-5.960776657,
2450036703,-5.903025459,
2450636663,-5.979275294,
2451236623,-6.02533512,
2451836583,-5.945250317,
2452436543,-5.87457716,
2453036503,-5.936655205,
2453636463,-6.034173519,
2454236423,-5.943260534,
2454836383,-5.889314119,
2455436343,-5.94371384,
2456036303,-5.884987069,
2456636263,-5.926455421,
2457236223,-5.934613068,
2457836183,-5.930959954,
2458436143,-5.852325105,
2459036103,-5.977695431,
2459636063,-5.873735393,
2460236023,-5.788361681,
2460835983,-5.904516497,
2461435943,-5.864677701,
2462035903,-5.903668834,
2462635863,-5.890767103,
2463235822,-5.927327527,
2463835782,-5.932367255,
2464435742,-5.914489231,
2465035702,-5.890253159,
2465635662,-5.823154644,
2466235622,-5.851472928,
2466835582,-5.858133199,
2467435542,-5.818331959,
2468035502,-5.878288795,
2468635462,-5.887660516,
2469235422,-5.830993289,
2469835382,-5.815267329,
2470435342,-5.851202352,
2471035302,-5.828414588,
2471635262,-5.885889838,
2472235222,-5.777282672,
2472835182,-5.849774254,
2473435142,-5.802232527,
2474035102,-5.830412805,
2474635062,-5.778392394,
2475235022,-5.866937598,
2475834982,-5.825139494,
2476434942,-5.833227363,
2477034902,-5.829332549,
2477634862,-5.854651339,
2478234822,-5.895595985,
2478834782,-5.772106194,
2479434742,-5.942530222,
2480034702,-5.774940203,
2480634662,-5.792175965,
2481234622,-5.877823115,
2481834582,-5.751113802,
2482434542,-5.690524863,
2483034502,-5.770644782,
2483634462,-5.617554897,
2484234422,-5.741281946,
2484834382,-5.770370084,
2485434342,-5.931089991,
2486034302,-5.726843449,
2486634262,-5.756639254,
2487234222,-5.782262159,
2487834182,-5.795465196,
2488434142,-5.809857978,
2489034102,-5.848710912,
2489634062,-5.838278183,
2490234022,-5.671155901,
2490833982,-5.752459601,
2491433942,-5.736694254,
2492033902,-5.730404661,
2492633862,-5.769574579,
2493233822,-5.748486177,
2493833782,-5.68282698,
2494433742,-5.731964633,
2495033702,-5.685098172,
2495633662,-5.770327492,
2496233622,-5.63871775,
2496833582,-5.632150244,
2497433542,-5.62950561,
2498033502,-5.685359679,
2498633462,-5.658850293,
2499233422,-5.696968112,
2499833382,-5.669746206,
2500433342,-5.603566329,
2501033302,-5.651029652,
2501633262,-5.678596733,
2502233222,-5.732336721,
2502833182,-5.7669728,
2503433142,-5.661721377,
2504033102,-5.649687517,
2504633062,-5.699280625,
2505233022,-5.686106309,
2505832982,-5.587475889,
2506432942,-5.644198281,
2507032902,-5.704126061,
2507632862,-5.65248606,
2508232822,-5.57704,
2508832782,-5.606509853,
2509432742,-5.62794318,
2510032702,-5.704207684,
2510632662,-5.702996454,
2511232622,-5.630936773,
2511832582,-5.621744364,
2512432542,-5.660388684,
2513032502,-5.597341909,
2513632462,-5.624085772,
2514232422,-5.623216991,
2514832382,-5.58213424,
2515432342,-5.526980604,
2516032302,-5.559156861,
2516632262,-5.640795972,
2517232222,-5.63643591,
2517832182,-5.684969912,
2518432142,-5.641606266,
2519032102,-5.637373354,
2519632062,-5.568285694,
2520232022,-5.533014655,
2520831982,-5.565118784,
2521431942,-5.665278683,
2522031902,-5.569476473,
2522631862,-5.624123132,
2523231822,-5.532172303,
2523831782,-5.54526972,
2524431742,-5.616894428,
2525031702,-5.497074737,
2525631662,-5.633507071,
2526231622,-5.645878981,
2526831582,-5.623280295,
2527431542,-5.645379028,
2528031502,-5.695130274,
2528631462,-5.556525915,
2529231422,-5.644997493,
2529831382,-5.655484732,
2530431342,-5.673899839,
2531031302,-5.648110135,
2531631262,-5.712618817,
2532231222,-5.656420495,
2532831182,-5.715915682,
2533431142,-5.709657617,
2534031102,-5.701336783,
2534631062,-5.535588736,
2535231022,-5.673846803,
2535830982,-5.697772231,
2536430942,-5.700453994,
2537030902,-5.623285249,
2537630862,-5.649097433,
2538230822,-5.86367075,
2538830782,-5.681905101,
2539430742,-5.700747471,
2540030702,-5.733455085,
2540630662,-5.700107212,
2541230622,-5.712787521,
2541830582,-5.676866058,
2542430542,-5.6808124,
2543030502,-5.618650639,
2543630462,-5.76047167,
2544230422,-5.743850167,
2544830382,-5.711554731,
2545430342,-5.774045985,
2546030302,-5.66166522,
2546630262,-5.71091489,
2547230222,-5.691778599,
2547830182,-5.722599684,
2548430142,-5.761828209,
2549030102,-5.665017985,
2549630062,-5.716874999,
2550230022,-5.737115958,
2550829982,-5.798900094,
2551429942,-5.789169699,
2552029902,-5.801738179,
2552629862,-5.713862708,
2553229822,-5.855581966,
2553829782,-5.77574815,
2554429742,-5.793702927,
2555029702,-5.844087817,
2555629662,-5.806553854,
2556229622,-5.774707222,
2556829582,-5.810799234,
2557429542,-5.830183094,
2558029502,-5.880955986,
2558629462,-5.754063453,
2559229422,-5.850648464,
2559829382,-5.788645251,
2560429342,-5.774101325,
2561029302,-5.814647419,
2561629262,-5.877775113,
2562229222,-5.817245399,
2562829182,-5.83112839,
2563429142,-5.83861759,
2564029102,-5.890079996,
2564629062,-5.907429038,
2565229022,-5.914647085,
2565828982,-5.689227914,
2566428942,-5.819108151,
2567028902,-5.780080557,
2567628862,-5.897588193,
2568228822,-5.71445555,
2568828782,-5.849608192,
2569428742,-5.913925935,
2570028702,-5.808246237,
2570628662,-5.8457148,
2571228622,-5.857648093,
2571828582,-5.867788802,
2572428542,-5.919304775,
2573028502,-5.847090629,
2573628462,-5.846234285,
2574228422,-5.807970417,
2574828382,-5.838856937,
2575428342,-5.823009835,
2576028302,-5.984233414,
2576628262,-5.914731622,
2577228222,-5.899818455,
2577828182,-6.023841101,
2578428142,-5.849176633,
2579028102,-5.959579861,
2579628062,-5.884310189,
2580228022,-5.887312473,
2580827982,-5.993684606,
2581427942,-5.788749126,
2582027902,-5.947914878,
2582627862,-5.848865566,
2583227822,-5.923357604,
2583827782,-5.926289779,
2584427742,-5.914475066,
2585027702,-5.854018614,
2585627662,-6.055289481,
2586227622,-5.930587562,
2586827582,-6.005730141,
2587427542,-5.898392036,
2588027502,-5.993116715,
2588627462,-5.941530877,
2589227422,-5.945577962,
2589827382,-6.002876881,
2590427342,-5.990065821,
2591027302,-5.897376941,
2591627262,-5.888882968,
2592227222,-5.929919677,
2592827182,-5.984377616,
2593427142,-5.970105158,
2594027102,-5.964474761,
2594627062,-5.968288824,
2595227022,-5.906392513,
2595826982,-5.988082528,
2596426942,-5.927934239,
2597026902,-5.832717053,
2597626862,-5.990801751,
2598226822,-5.931153776,
2598826782,-6.043410851,
2599426742,-5.975681778,
2600026702,-6.050810352,
2600626662,-5.973580296,
2601226622,-5.990106259,
2601826582,-6.008436796,
2602426542,-5.950210998,
2603026502,-5.878269725,
2603626462,-5.973499785,
2604226422,-5.96843128,
2604826382,-5.978591824,
2605426342,-5.997405253,
2606026302,-5.934461665,
2606626262,-6.017921004,
2607226222,-5.999723339,
2607826182,-6.066292536,
2608426142,-5.972303158,
2609026102,-6.01727326,
2609626062,-5.981573839,
2610226022,-5.984111514,
2610825982,-5.969231515,
2611425942,-6.013836255,
2612025902,-5.944975551,
2612625862,-6.014692826,
2613225822,-6.036457887,
2613825782,-6.00890646,
2614425742,-6.009473114,
2615025702,-6.02739073,
2615625662,-5.888505536,
2616225622,-6.005349355,
2616825581,-5.964255529,
2617425541,-6.028570384,
2618025501,-5.964807749,
2618625461,-6.028772701,
2619225421,-6.017160285,
2619825381,-5.999818086,
2620425341,-6.101502568,
2621025301,-6.06316729,
2621625261,-6.028395324,
2622225221,-6.087303757,
2622825181,-6.150413479,
2623425141,-6.090712428,
2624025101,-6.145758325,
2624625061,-6.08906983,
2625225021,-6.138253361,
2625824981,-6.189909459,
2626424941,-6.153137649,
2627024901,-6.095648808,
2627624861,-6.252121964,
2628224821,-6.082240393,
2628824781,-6.165173792,
2629424741,-6.303850378,
2630024701,-6.176537915,
2630624661,-6.229127381,
2631224621,-6.200780233,
2631824581,-6.148439225,
2632424541,-6.239578125,
2633024501,-6.242609465,
2633624461,-6.33324162,
2634224421,-6.270180873,
2634824381,-6.250388944,
2635424341,-6.306904243,
2636024301,-6.279333696,
2636624261,-6.330472959,
2637224221,-6.31685011,
2637824181,-6.312180551,
2638424141,-6.393863125,
2639024101,-6.324054472,
2639624061,-6.34128844,
2640224021,-6.396207691,
2640823981,-6.510801702,
2641423941,-6.37144697,
2642023901,-6.54618775,
2642623861,-6.465317237,
2643223821,-6.454205109,
2643823781,-6.428376423,
2644423741,-6.504620863,
2645023701,-6.516682531,
2645623661,-6.426366527,
2646223621,-6.547173163,
2646823581,-6.43530159,
2647423541,-6.489249542,
2648023501,-6.566356103,
2648623461,-6.50720679,
2649223421,-6.570274686,
2649823381,-6.526620671,
2650423341,-6.61796081,
2651023301,-6.7382121,
2651623261,-6.590894162,
2652223221,-6.673877858,
2652823181,-6.648746238,
2653423141,-6.695051187,
2654023101,-6.746571536,
2654623061,-6.770757705,
2655223021,-6.874594539,
2655822981,-6.761531663,
2656422941,-6.767979032,
2657022901,-6.874386027,
2657622861,-6.7966534,
2658222821,-6.82938834,
2658822781,-6.960463841,
2659422741,-6.845991184,
2660022701,-6.867792411,
2660622661,-6.906990464,
2661222621,-6.957869445,
2661822581,-6.923622867,
2662422541,-6.99946506,
2663022501,-6.998111139,
2663622461,-6.913993864,
2664222421,-7.142105093,
2664822381,-7.109086367,
2665422341,-7.105744613,
2666022301,-7.128075417,
2666622261,-7.259298383,
2667222221,-7.122467443,
2667822181,-7.136172219,
2668422141,-7.263058063,
2669022101,-7.245690562,
2669622061,-7.123792973,
2670222021,-7.19567314,
2670821981,-7.237965568,
2671421941,-7.215423483,
2672021901,-7.347287096,
2672621861,-7.22303215,
2673221821,-7.356891006,
2673821781,-7.377058033,
2674421741,-7.400250748,
2675021701,-7.433675702,
2675621661,-7.388130621,
2676221621,-7.346253824,
2676821581,-7.402717751,
2677421541,-7.273936772,
2678021501,-7.371106139,
2678621461,-7.461273668,
2679221421,-7.373209482,
2679821381,-7.44579582,
2680421341,-7.426821231,
2681021301,-7.443865602,
2681621261,-7.439502448,
2682221221,-7.430403263,
2682821181,-7.476318211,
2683421141,-7.479089739,
2684021101,-7.42653392,
2684621061,-7.552525901,
2685221021,-7.49552095,
2685820981,-7.473588652,
2686420941,-7.383271964,
2687020901,-7.512620393,
2687620861,-7.649221304,
2688220821,-7.608935217,
2688820781,-7.587901467,
2689420741,-7.570948737,
2690020701,-7.676665433,
2690620661,-7.703147243,
2691220621,-7.559918449,
2691820581,-7.647099568,
2692420541,-7.725624742,
2693020501,-7.62984145,
2693620461,-7.715563495,
2694220421,-7.64708894,
2694820381,-7.688602493,
2695420341,-7.62767499,
2696020301,-7.682825111,
2696620261,-7.569497673,
2697220221,-7.642652813,
2697820181,-7.779326075,
2698420141,-7.79090908,
2699020101,-7.675350685,
2699620061,-7.682305882,
2700220021,-7.789315995,
2700819981,-7.741651654,
2701419941,-7.753639935,
2702019901,-7.813466942,
2702619861,-7.600636992,
2703219821,-7.686679992,
2703819781,-7.680943566,
2704419741,-7.783675632,
2705019701,-7.655355259,
2705619661,-7.754087012,
2706219621,-7.710032922,
2706819581,-7.745872782,
2707419541,-7.664807023,
2708019501,-7.702349115,
2708619461,-7.728633802,
2709219421,-7.76614112,
2709819381,-7.781744322,
2710419341,-7.722507036,
2711019301,-7.730032981,
2711619261,-7.744451212,
2712219221,-7.71316232,
2712819181,-7.680315063,
2713419141,-7.781440958,
2714019101,-7.786368576,
2714619061,-7.813126475,
2715219021,-7.702079083,
2715818981,-7.727603609,
2716418941,-7.763315687,
2717018901,-7.727323368,
2717618861,-7.676983236,
2718218821,-7.746406121,
2718818781,-7.63970351,
2719418741,-7.767880107,
2720018701,-7.677254925,
2720618661,-7.73224018,
2721218621,-7.757282197,
2721818581,-7.601659882,
2722418541,-7.676921323,
2723018501,-7.707500134,
2723618461,-7.746882047,
2724218421,-7.666974223,
2724818381,-7.615604683,
2725418341,-7.743999044,
2726018301,-7.567650517,
2726618261,-7.705768383,
2727218221,-7.568062954,
2727818181,-7.693927246,
2728418141,-7.648099483,
2729018101,-7.698573076,
2729618061,-7.704188476,
2730218021,-7.606516085,
2730817981,-7.662561794,
2731417941,-7.698938338,
2732017901,-7.736182776,
2732617861,-7.565353373,
2733217821,-7.648732863,
2733817781,-7.653167669,
2734417741,-7.670728066,
2735017701,-7.623486608,
2735617661,-7.572057639,
2736217621,-7.578250376,
2736817581,-7.522785401,
2737417541,-7.586063734,
2738017501,-7.568328917,
2738617461,-7.504379341,
2739217421,-7.609704918,
2739817381,-7.538177292,
2740417341,-7.61298297,
2741017301,-7.47167257,
2741617261,-7.548923757,
2742217221,-7.434038067,
2742817181,-7.517809322,
2743417141,-7.429382488,
2744017101,-7.458597857,
2744617061,-7.459303423,
2745217021,-7.255095875,
2745816981,-7.391655516,
2746416941,-7.379982059,
2747016901,-7.412827046,
2747616861,-7.336081004,
2748216821,-7.418509802,
2748816781,-7.310577645,
2749416741,-7.377581358,
2750016701,-7.205330981,
2750616661,-7.41492692,
2751216621,-7.408431255,
2751816581,-7.247776386,
2752416541,-7.337423306,
2753016501,-7.430561297,
2753616461,-7.222555497,
2754216421,-7.317222671,
2754816381,-7.262867039,
2755416341,-7.302160461,
2756016301,-7.142733612,
2756616261,-7.099262894,
2757216221,-7.223544645,
2757816181,-7.240823174,
2758416141,-7.083046046,
2759016101,-7.239080644,
2759616061,-7.034879301,
2760216021,-7.164923683,
2760815981,-7.105750868,
2761415941,-7.300270848,
2762015901,-6.976980124,
2762615861,-7.121528976,
2763215821,-7.212080421,
2763815781,-6.982359468,
2764415741,-7.184450898,
2765015701,-7.099237214,
2765615661,-7.02177559,
2766215621,-7.115869931,
2766815581,-7.143328499,
2767415541,-7.06626691,
2768015501,-7.110711377,
2768615461,-7.074852025,
2769215421,-7.096075881,
2769815381,-7.108078067,
2770415340,-7.079028462,
2771015300,-7.073054308,
2771615260,-6.964006843,
2772215220,-6.960161668,
2772815180,-7.095503188,
2773415140,-7.143256191,
2774015100,-7.00017516,
2774615060,-7.064502372,
2775215020,-7.046515664,
2775814980,-7.016593172,
2776414940,-6.981513543,
2777014900,-7.061914842,
2777614860,-6.941313384,
2778214820,-7.143666497,
2778814780,-7.145637431,
2779414740,-6.919755163,
2780014700,-6.904810112,
2780614660,-7.020113528,
2781214620,-6.992277107,
2781814580,-6.940690126,
2782414540,-7.031271468,
2783014500,-7.020657114,
2783614460,-6.908316164,
2784214420,-7.011417487,
2784814380,-6.95313616,
2785414340,-7.062034899,
2786014300,-6.933097997,
2786614260,-6.98717361,
2787214220,-7.022684923,
2787814180,-6.975872504,
2788414140,-6.967989918,
2789014100,-6.941266981,
2789614060,-7.004392569,
2790214020,-7.021259756,
2790813980,-6.925761359,
2791413940,-7.06896587,
2792013900,-6.9770904,
2792613860,-6.985743005,
2793213820,-6.957856181,
2793813780,-6.904898734,
2794413740,-6.943082539,
2795013700,-6.928563458,
2795613660,-6.976898437,
2796213620,-7.030005237,
2796813580,-6.938809986,
2797413540,-6.978233975,
2798013500,-6.998512494,
2798613460,-6.984583453,
2799213420,-6.974970084,
2799813380,-7.088657592,
2800413340,-7.011411601,
2801013300,-6.904279646,
2801613260,-7.009679698,
2802213220,-7.038454118,
2802813180,-7.08428652,
2803413140,-6.946280424,
2804013100,-6.980252716,
2804613060,-6.916407812,
2805213020,-7.022316919,
2805812980,-7.041430842,
2806412940,-7.022323128,
2807012900,-7.118385808,
2807612860,-6.979064305,
2808212820,-7.032938241,
2808812780,-7.135311747,
2809412740,-7.020298118,
2810012700,-7.199038733,
2810612660,-6.977850697,
2811212620,-7.103014176,
2811812580,-7.131179899,
2812412540,-6.996096615,
2813012500,-7.04284357,
2813612460,-7.029147501,
2814212420,-7.117105641,
2814812380,-7.011531066,
2815412340,-7.080744544,
2816012300,-7.067621703,
2816612260,-7.048336271,
2817212220,-7.116793869,
2817812180,-7.027771511,
2818412140,-6.994459738,
2819012100,-7.104237186,
2819612060,-7.049871008,
2820212020,-7.125618056,
2820811980,-7.126876637,
2821411940,-7.084101279,
2822011900,-7.078682669,
2822611860,-7.100059462,
2823211820,-7.052920866,
2823811780,-7.084932507,
2824411740,-7.119998948,
2825011700,-7.073875997,
2825611660,-7.14684466,
2826211620,-7.233230578,
2826811580,-7.168916008,
2827411540,-7.176429666,
2828011500,-7.25714839,
2828611460,-7.146541627,
2829211420,-7.126309381,
2829811380,-7.134951143,
2830411340,-7.178091749,
2831011300,-7.139898352,
2831611260,-7.169598931,
2832211220,-7.185567202,
2832811180,-7.145207603,
2833411140,-7.236141173,
2834011100,-7.164091414,
2834611060,-7.234100543,
2835211020,-7.144267748,
2835810980,-7.186351277,
2836410940,-7.196492752,
2837010900,-7.224347977,
2837610860,-7.132573355,
2838210820,-7.286637884,
2838810780,-7.164597271,
2839410740,-7.1756143,
2840010700,-7.28030851,
2840610660,-7.200604346,
2841210620,-7.16723202,
2841810580,-7.244811201,
2842410540,-7.143329868,
2843010500,-7.266812087,
2843610460,-7.252158278,
2844210420,-7.13203968,
2844810380,-7.162086083,
2845410340,-7.213271436,
2846010300,-7.260491424,
2846610260,-7.235879715,
2847210220,-7.336429619,
2847810180,-7.319896692,
2848410140,-7.245007014,
2849010100,-7.258446559,
2849610060,-7.23433988,
2850210020,-7.371595098,
2850809980,-7.310184884,
2851409940,-7.251587599,
2852009900,-7.271168429,
2852609860,-7.291252913,
2853209820,-7.384751864,
2853809780,-7.330484678,
2854409740,-7.290519058,
2855009700,-7.403708615,
2855609660,-7.335800852,
2856209620,-7.389001237,
2856809580,-7.33504749,
2857409540,-7.439953926,
2858009500,-7.360909727,
2858609460,-7.451711655,
2859209420,-7.411646535,
2859809380,-7.34643556,
2860409340,-7.364572351,
2861009300,-7.351392248,
2861609260,-7.429772764,
2862209220,-7.527223678,
2862809180,-7.432810099,
2863409140,-7.348757143,
2864009100,-7.517846928,
2864609060,-7.514213779,
2865209020,-7.395368461,
2865808980,-7.519893894,
2866408940,-7.527227772,
2867008900,-7.501013543,
2867608860,-7.622219494,
2868208820,-7.47768581,
2868808780,-7.505534478,
2869408740,-7.564367226,
2870008700,-7.574095754,
2870608660,-7.566179358,
2871208620,-7.604936874,
2871808580,-7.66680898,
2872408540,-7.566454273,
2873008500,-7.729144923,
2873608460,-7.603226026,
2874208420,-7.555453976,
2874808380,-7.518236027,
2875408340,-7.847139363,
2876008300,-7.69938302,
2876608260,-7.853597124,
2877208220,-7.692653951,
2877808180,-7.610804383,
2878408140,-7.681725202,
2879008100,-7.827066354,
2879608060,-7.860383397,
2880208020,-7.746131846,
2880807980,-7.900941606,
2881407940,-7.863692526,
2882007900,-7.975596512,
2882607860,-7.93772712,
2883207820,-7.914189063,
2883807780,-7.921991398,
2884407740,-7.957697019,
2885007700,-7.978191186,
2885607660,-7.947486994,
2886207620,-8.012166082,
2886807580,-8.011433876,
2887407540,-8.125319577,
2888007500,-7.999902353,
2888607460,-8.046892389,
2889207420,-7.956577848,
2889807380,-8.088670991,
2890407340,-8.090825947,
2891007300,-8.15679752,
2891607260,-8.171514264,
2892207220,-8.201121106,
2892807180,-8.185840558,
2893407140,-8.197172647,
2894007100,-8.278489988,
2894607060,-8.316484087,
2895207020,-8.238746222,
2895806980,-8.121285558,
2896406940,-8.201309328,
2897006900,-8.238496532,
2897606860,-8.150779408,
2898206820,-8.272781607,
2898806780,-8.178411686,
2899406740,-8.264138496,
2900006700,-8.30959156,
2900606660,-8.31456556,
2901206620,-8.307666201,
2901806580,-8.403094029,
2902406540,-8.48542459,
2903006500,-8.410291203,
2903606460,-8.242029274,
2904206420,-8.453294396,
2904806380,-8.421452332,
2905406340,-8.489964067,
2906006300,-8.499893281,
2906606260,-8.369473377,
2907206220,-8.548135057,
2907806180,-8.519875578,
2908406140,-8.484316885,
2909006100,-8.544576316,
2909606060,-8.552865602,
2910206020,-8.635888089,
2910805980,-8.540164249,
2911405940,-8.604471554,
2912005900,-8.637898791,
2912605860,-8.644687865,
2913205820,-8.635314826,
2913805780,-8.641744498,
2914405740,-8.687546349,
2915005700,-8.626772263,
2915605660,-8.716045126,
2916205620,-8.616924969,
2916805580,-8.749952912,
2917405540,-8.752539151,
2918005500,-8.781530744,
2918605460,-8.687862002,
2919205420,-8.840791435,
2919805380,-8.823642012,
2920405340,-8.766476373,
2921005300,-8.786022378,
2921605260,-8.876996191,
2922205220,-8.740501471,
2922805180,-8.929738593,
2923405140,-8.936215535,
2924005100,-8.996435574,
2924605059,-8.863572315,
2925205019,-8.849496501,
2925804979,-9.036780467,
2926404939,-8.937104175,
2927004899,-8.845075918,
2927604859,-8.948557565,
2928204819,-9.041594851,
2928804779,-8.873783292,
2929404739,-9.017588553,
2930004699,-8.924911281,
2930604659,-8.961566039,
2931204619,-8.94471127,
2931804579,-8.948189034,
2932404539,-8.98685454,
2933004499,-9.050163503,
2933604459,-9.031346403,
2934204419,-8.942827733,
2934804379,-9.094332214,
2935404339,-9.166603646,
2936004299,-9.071928613,
2936604259,-9.255916932,
2937204219,-9.080582401,
2937804179,-9.125418458,
2938404139,-9.208389755,
2939004099,-8.996966494,
2939604059,-9.066262962,
2940204019,-9.055458274,
2940803979,-9.107958192,
2941403939,-9.175701825,
2942003899,-9.235578935,
2942603859,-9.155480462,
2943203819,-9.128944437,
2943803779,-9.196586761,
2944403739,-9.200032341,
2945003699,-9.245055854,
2945603659,-9.121586287,
2946203619,-9.277479564,
2946803579,-9.228132353,
2947403539,-9.356757683,
2948003499,-9.274864302,
2948603459,-9.110598941,
2949203419,-9.273908072,
2949803379,-9.242807427,
2950403339,-9.315344137,
2951003299,-9.040270183,
2951603259,-9.245776104,
2952203219,-9.278962225,
2952803179,-9.152512912,
2953403139,-9.339936292,
2954003099,-9.20492123,
2954603059,-9.286086812,
2955203019,-9.265304278,
2955802979,-9.221466766,
2956402939,-9.237251786,
2957002899,-9.246583642,
2957602859,-9.126405071,
2958202819,-9.191954342,
2958802779,-9.190637534,
2959402739,-9.355698138,
2960002699,-9.101041558,
2960602659,-9.273409005,
2961202619,-9.272641958,
2961802579,-9.177952226,
2962402539,-9.30593033,
2963002499,-9.178688392,
2963602459,-9.36604938,
2964202419,-9.218795544,
2964802379,-9.349109657,
2965402339,-9.227919039,
2966002299,-9.344849379,
2966602259,-9.157224271,
2967202219,-9.235767876,
2967802179,-9.168997392,
2968402139,-9.064222375,
2969002099,-9.192494474,
2969602059,-9.131152492,
2970202019,-9.211347445,
2970801979,-9.119800732,
2971401939,-9.080080628,
2972001899,-9.252330315,
2972601859,-9.174858951,
2973201819,-9.239731979,
2973801779,-9.111747848,
2974401739,-9.195242918,
2975001699,-9.153000078,
2975601659,-9.035010592,
2976201619,-9.050094583,
2976801579,-9.062776698,
2977401539,-9.154485853,
2978001499,-9.037670478,
2978601459,-9.021575229,
2979201419,-9.192003179,
2979801379,-9.059890079,
2980401339,-9.036004495,
2981001299,-8.983335797,
2981601259,-8.993401199,
2982201219,-8.948507338,
2982801179,-9.000181666,
2983401139,-8.912418942,
2984001099,-8.826414434,
2984601059,-9.047375941,
2985201019,-8.999105543,
2985800979,-8.913140535,
2986400939,-8.877375263,
2987000899,-8.89943387,
2987600859,-8.966638789,
2988200819,-8.925716555,
2988800779,-8.893050019,
2989400739,-8.876117346,
2990000699,-8.898776581,
2990600659,-8.948740801,
2991200619,-8.931745244,
2991800579,-8.764233009,
2992400539,-8.830569914,
2993000499,-8.869264518,
2993600459,-8.73053013,
2994200419,-8.694469366,
2994800379,-8.708733349,
2995400339,-8.849860821,
2996000299,-8.866113068,
2996600259,-8.86702001,
2997200219,-8.86686041,
2997800179,-8.71256314,
2998400139,-8.851359823,
2999000099,-8.894047104,
2999600059,-8.756774036,
3000200019,-8.888943427,
3000799979,-8.802773353,
3001399939,-8.642194777,
3001999899,-8.729620796,
3002599859,-8.743114065,
3003199819,-8.652688377,
3003799779,-8.734330729,
3004399739,-8.716225266,
3004999699,-8.771616806,
3005599659,-8.505211653,
3006199619,-8.73400495,
3006799579,-8.711753554,
3007399539,-8.757152176,
3007999499,-8.88800717,
3008599459,-8.745013856,
3009199419,-8.598614222,
3009799379,-8.668640045,
3010399339,-8.613682881,
3010999299,-8.643192685,
3011599259,-8.636513322,
3012199219,-8.558698905,
3012799179,-8.58597888,
3013399139,-8.561475798,
3013999099,-8.561544507,
3014599059,-8.535001011,
3015199019,-8.593860759,
3015798979,-8.518361263,
3016398939,-8.525347807,
3016998899,-8.515870882,
3017598859,-8.608836775,
3018198819,-8.463626864,
3018798779,-8.542696042,
3019398739,-8.422470425,
3019998699,-8.456687592,
3020598659,-8.410861227,
3021198619,-8.479235773,
3021798579,-8.432223261,
3022398539,-8.372161765,
3022998499,-8.451088179,
3023598459,-8.514690885,
3024198419,-8.388327342,
3024798379,-8.517596212,
3025398339,-8.416874102,
3025998299,-8.532106846,
3026598259,-8.383116377,
3027198219,-8.326436667,
3027798179,-8.440657336,
3028398139,-8.458219319,
3028998099,-8.459798474,
3029598059,-8.308266717,
3030198019,-8.408380752,
3030797979,-8.395394613,
3031397939,-8.398124508,
3031997899,-8.276085904,
3032597859,-8.381372569,
3033197819,-8.396028591,
3033797779,-8.282583208,
3034397739,-8.406070751,
3034997699,-8.414209845,
3035597659,-8.457582399,
3036197619,-8.336554331,
3036797579,-8.40892298,
3037397539,-8.241532898,
3037997499,-8.346284452,
3038597459,-8.363777197,
3039197419,-8.389993805,
3039797379,-8.336707011,
3040397339,-8.409444695,
3040997299,-8.28312034,
3041597259,-8.359273963,
3042197219,-8.397818992,
3042797179,-8.442014094,
3043397139,-8.364080912,
3043997099,-8.397296888,
3044597059,-8.294139715,
3045197019,-8.329894929,
3045796979,-8.333326105,
3046396939,-8.279895907,
3046996899,-8.30351505,
3047596859,-8.309194448,
3048196819,-8.310209901,
3048796779,-8.36540682,
3049396739,-8.31196868,
3049996699,-8.347963443,
3050596659,-8.394179465,
3051196619,-8.349427515,
3051796579,-8.374637454,
3052396539,-8.312699537,
3052996499,-8.426878159,
3053596459,-8.399284775,
3054196419,-8.410357373,
3054796379,-8.371370539,
3055396339,-8.45374981,
3055996299,-8.365284593,
3056596259,-8.3647345,
3057196219,-8.400337914,
3057796179,-8.388354988,
3058396139,-8.355287164,
3058996099,-8.392726539,
3059596059,-8.451365916,
3060196019,-8.377555782,
3060795979,-8.290020846,
3061395939,-8.314797842,
3061995899,-8.337640877,
3062595859,-8.388439714,
3063195819,-8.43566414,
3063795779,-8.398242466,
3064395739,-8.443977816,
3064995699,-8.342215102,
3065595659,-8.334414379,
3066195619,-8.465191278,
3066795579,-8.364516693,
3067395539,-8.418144441,
3067995499,-8.422411757,
3068595459,-8.371899458,
3069195419,-8.367850172,
3069795379,-8.396396216,
3070395339,-8.456919857,
3070995299,-8.37468502,
3071595259,-8.342563377,
3072195219,-8.397682439,
3072795179,-8.489680032,
3073395139,-8.500915557,
3073995099,-8.451468443,
3074595059,-8.453906052,
3075195019,-8.407383711,
3075794979,-8.404077294,
3076394939,-8.455105183,
3076994899,-8.498693691,
3077594859,-8.395699973,
3078194818,-8.449662548,
3078794778,-8.423462234,
3079394738,-8.38985159,
3079994698,-8.477722251,
3080594658,-8.47793109,
3081194618,-8.426809444,
3081794578,-8.424097594,
3082394538,-8.338715591,
3082994498,-8.444431305,
3083594458,-8.427231749,
3084194418,-8.439298255,
3084794378,-8.444491031,
3085394338,-8.505414004,
3085994298,-8.495715385,
3086594258,-8.511869173,
3087194218,-8.419585084,
3087794178,-8.466809399,
3088394138,-8.440598993,
3088994098,-8.494472011,
3089594058,-8.422347636,
3090194018,-8.498960431,
3090793978,-8.42733235,
3091393938,-8.4215728,
3091993898,-8.502044233,
3092593858,-8.457364093,
3093193818,-8.466926669,
3093793778,-8.462792203,
3094393738,-8.491570975,
3094993698,-8.469439958,
3095593658,-8.513816654,
3096193618,-8.479135091,
3096793578,-8.604372476,
3097393538,-8.600623535,
3097993498,-8.570065373,
3098593458,-8.438273062,
3099193418,-8.526240554,
3099793378,-8.594642589,
3100393338,-8.578593508,
3100993298,-8.548233885,
3101593258,-8.651427128,
3102193218,-8.549609042,
3102793178,-8.613997922,
3103393138,-8.678449007,
3103993098,-8.530074371,
3104593058,-8.806922575,
3105193018,-8.562426319,
3105792978,-8.628351568,
3106392938,-8.748788965,
3106992898,-8.619086128,
3107592858,-8.602878373,
3108192818,-8.574575908,
3108792778,-8.622927045,
3109392738,-8.641287308,
3109992698,-8.638964488,
3110592658,-8.556972293,
3111192618,-8.682461342,
3111792578,-8.595582268,
3112392538,-8.613905115,
3112992498,-8.628035846,
3113592458,-8.734308641,
3114192418,-8.768505624,
3114792378,-8.768085792,
3115392338,-8.755194515,
3115992298,-8.6772102,
3116592258,-8.732582334,
3117192218,-8.667662176,
3117792178,-8.831464206,
3118392138,-8.711691327,
3118992098,-8.763999298,
3119592058,-8.827636258,
3120192018,-8.835666475,
3120791978,-8.881585698,
3121391938,-8.775863876,
3121991898,-8.833809015,
3122591858,-8.776151519,
3123191818,-8.82056786,
3123791778,-8.820055967,
3124391738,-8.726577806,
3124991698,-8.841079569,
3125591658,-8.908417548,
3126191618,-8.768330029,
3126791578,-8.809004851,
3127391538,-8.945187864,
3127991498,-8.915381039,
3128591458,-8.944464686,
3129191418,-8.962333935,
3129791378,-8.915024276,
3130391338,-8.913846234,
3130991298,-8.970246685,
3131591258,-8.868746485,
3132191218,-8.980458285,
3132791178,-8.930492269,
3133391138,-8.895648292,
3133991098,-9.051457887,
3134591058,-8.922000293,
3135191018,-9.029202819,
3135790978,-8.850834961,
3136390938,-9.05847246,
3136990898,-9.016211334,
3137590858,-8.964301675,
3138190818,-9.115872635,
3138790778,-9.129928675,
3139390738,-9.141035561,
3139990698,-9.008575245,
3140590658,-9.1158956,
3141190618,-9.167864053,
3141790578,-9.132672138,
3142390538,-9.117377578,
3142990498,-9.278376438,
3143590458,-9.146954337,
3144190418,-9.259154653,
3144790378,-9.263569948,
3145390338,-9.330548737,
3145990298,-9.436363692,
3146590258,-9.250093549,
3147190218,-9.133689916,
3147790178,-9.241554552,
3148390138,-9.351168087,
3148990098,-9.253950251,
3149590058,-9.355000491,
3150190018,-9.33294395,
3150789978,-9.431291587,
3151389938,-9.491016746,
3151989898,-9.510453798,
3152589858,-9.461315048,
3153189818,-9.336604428,
3153789778,-9.505762317,
3154389738,-9.424641509,
3154989698,-9.586148572,
3155589658,-9.466861234,
3156189618,-9.595616828,
3156789578,-9.601775608,
3157389538,-9.52575445,
3157989498,-9.522563622,
3158589458,-9.662422933,
3159189418,-9.63273787,
3159789378,-9.625362425,
3160389338,-9.628335177,
3160989298,-9.567727059,
3161589258,-9.545280071,
3162189218,-9.706813113,
3162789178,-9.725606077,
3163389138,-9.6704231,
3163989098,-9.749016707,
3164589058,-9.647110992,
3165189018,-9.713707769,
3165788978,-9.757409269,
3166388938,-9.531711469,
3166988898,-9.696434365,
3167588858,-9.609713947,
3168188818,-9.823888563,
3168788778,-9.757160529,
3169388738,-9.728058986,
3169988698,-9.63853192,
3170588658,-9.719530293,
3171188618,-9.734802947,
3171788578,-9.597459167,
3172388538,-9.756288281,
3172988498,-9.739191007,
3173588458,-9.794000794,
3174188418,-9.732907716,
3174788378,-9.753747342,
3175388338,-9.775390863,
3175988298,-9.807900942,
3176588258,-9.807359925,
3177188218,-9.843443001,
3177788178,-9.724385731,
3178388138,-9.813675142,
3178988098,-9.791764892,
3179588058,-9.885552186,
3180188018,-9.867568022,
3180787978,-9.831917152,
3181387938,-9.766384012,
3181987898,-9.844207559,
3182587858,-9.835883687,
3183187818,-9.791909819,
3183787778,-9.856582123,
3184387738,-9.868011353,
3184987698,-9.942154721,
3185587658,-9.787686205,
3186187618,-9.764396386,
3186787578,-9.81883632,
3187387538,-9.912297673,
3187987498,-9.850404428,
3188587458,-9.870036793,
3189187418,-9.95192782,
3189787378,-9.991387909,
3190387338,-9.991807029,
3190987298,-9.916270578,
3191587258,-9.947944142,
3192187218,-9.927953068,
3192787178,-9.84273447,
3193387138,-9.883076562,
3193987098,-9.989785181,
3194587058,-9.947353786,
3195187018,-9.894048996,
3195786978,-9.892658763,
3196386938,-9.956112139,
3196986898,-9.896164141,
3197586858,-9.80998183,
3198186818,-9.883414869,
3198786778,-9.803719595,
3199386738,-9.821844672,
3199986698,-9.686365333,
3200586658,-9.859725821,
3201186618,-10.01982119,
3201786578,-10.12884112,
3202386538,-10.00417104,
3202986498,-9.85540712,
3203586458,-9.874873677,
3204186418,-9.862915947,
3204786378,-10.02193002,
3205386338,-9.912251746,
3205986298,-9.924996035,
3206586258,-9.894601499,
3207186218,-9.80860588,
3207786178,-9.891035477,
3208386138,-10.02860718,
3208986098,-9.713191877,
3209586058,-9.815142164,
3210186018,-9.77658413,
3210785978,-9.929091509,
3211385938,-9.954034058,
3211985898,-9.842671521,
3212585858,-9.826468177,
3213185818,-9.856337756,
3213785778,-9.912305216,
3214385738,-9.851527577,
3214985698,-9.775248037,
3215585658,-9.838533854,
3216185618,-9.922567783,
3216785578,-9.821481933,
3217385538,-9.824093523,
3217985498,-9.82085263,
3218585458,-9.810226819,
3219185418,-9.859989251,
3219785378,-9.806602752,
3220385338,-9.717775148,
3220985298,-9.764681233,
3221585258,-9.842954753,
3222185218,-9.675288021,
3222785178,-9.74555803,
3223385138,-9.77340782,
3223985098,-9.693368842,
3224585058,-9.695087022,
3225185018,-9.644902082,
3225784978,-9.76008252,
3226384938,-9.708103345,
3226984898,-9.833901406,
3227584858,-9.73920222,
3228184818,-9.589351458,
3228784778,-9.559321885,
3229384738,-9.758053434,
3229984698,-9.595802009,
3230584658,-9.745570613,
3231184618,-9.670328476,
3231784578,-9.611233044,
3232384537,-9.564956497,
3232984497,-9.665405484,
3233584457,-9.609324643,
3234184417,-9.514191532,
3234784377,-9.624250032,
3235384337,-9.641244108,
3235984297,-9.543880235,
3236584257,-9.530473794,
3237184217,-9.532169176,
3237784177,-9.532109594,
3238384137,-9.426704809,
3238984097,-9.458468012,
3239584057,-9.635632123,
3240184017,-9.572747611,
3240783977,-9.473424324,
3241383937,-9.538166507,
3241983897,-9.574714727,
3242583857,-9.467180212,
3243183817,-9.437771816,
3243783777,-9.461591372,
3244383737,-9.527848321,
3244983697,-9.438702546,
3245583657,-9.408147356,
3246183617,-9.480181124,
3246783577,-9.410375322,
3247383537,-9.39059726,
3247983497,-9.376629622,
3248583457,-9.394286914,
3249183417,-9.331551469,
3249783377,-9.319706649,
3250383337,-9.490384794,
3250983297,-9.308229686,
3251583257,-9.254788137,
3252183217,-9.264507589,
3252783177,-9.29202893,
3253383137,-9.40735451,
3253983097,-9.335238394,
3254583057,-9.368961362,
3255183017,-9.347428662,
3255782977,-9.468195306,
3256382937,-9.357546391,
3256982897,-9.330203105,
3257582857,-9.278289252,
3258182817,-9.396728359,
3258782777,-9.282649717,
3259382737,-9.488052986,
3259982697,-9.191244611,
3260582657,-9.282620041,
3261182617,-9.266749989,
3261782577,-9.330571316,
3262382537,-9.378283877,
3262982497,-9.22530218,
3263582457,-9.145090701,
3264182417,-9.260862915,
3264782377,-9.254287069,
3265382337,-9.341686055,
3265982297,-9.264888601,
3266582257,-9.143122052,
3267182217,-9.319167113,
3267782177,-9.249195836,
3268382137,-9.202932639,
3268982097,-9.241491862,
3269582057,-9.146242639,
3270182017,-9.352031353,
3270781977,-9.27577195,
3271381937,-9.268427008,
3271981897,-9.139363723,
3272581857,-9.203344869,
3273181817,-9.125083339,
3273781777,-9.253716068,
3274381737,-9.10651045,
3274981697,-9.132511792,
3275581657,-9.200961664,
3276181617,-9.041822513,
3276781577,-9.146919683,
3277381537,-9.184700847,
3277981497,-9.261185049,
3278581457,-9.366096565,
3279181417,-9.075360625,
3279781377,-9.18715022,
3280381337,-9.060034845,
3280981297,-9.093179119,
3281581257,-9.192715617,
3282181217,-9.155857653,
3282781177,-9.12568018,
3283381137,-9.117605016,
3283981097,-9.132509568,
3284581057,-9.049262852,
3285181017,-9.0654284,
3285780977,-9.138379165,
3286380937,-9.19166313,
3286980897,-9.136662716,
3287580857,-9.175615748,
3288180817,-9.115868853,
3288780777,-9.1217722,
3289380737,-9.265025018,
3289980697,-9.102168072,
3290580657,-9.191251258,
3291180617,-9.17104092,
3291780577,-8.892724184,
3292380537,-9.02604782,
3292980497,-9.141695886,
3293580457,-9.138738873,
3294180417,-9.047251614,
3294780377,-9.105273025,
3295380337,-9.044296186,
3295980297,-9.086288056,
3296580257,-9.160054961,
3297180217,-9.268704534,
3297780177,-9.156705199,
3298380137,-9.075452364,
3298980097,-9.052458649,
3299580057,-9.112663947,
3300180017,-9.087853721,
3300779977,-9.156795529,
3301379937,-9.041804394,
3301979897,-9.037592417,
3302579857,-9.056769699,
3303179817,-9.24527051,
3303779777,-9.000464437,
3304379737,-8.971592037,
3304979697,-9.100496009,
3305579657,-9.183715771,
3306179617,-9.134258799,
3306779577,-9.100695564,
3307379537,-9.1969813,
3307979497,-9.131458844,
3308579457,-9.217805342,
3309179417,-9.132815714,
3309779377,-9.122944561,
3310379337,-9.063510699,
3310979297,-9.016635857,
3311579257,-9.133335088,
3312179217,-9.107474472,
3312779177,-9.058071897,
3313379137,-9.124973948,
3313979097,-8.960228355,
3314579057,-9.067608814,
3315179017,-9.219525602,
3315778977,-8.869276419,
3316378937,-9.198883943,
3316978897,-9.140118029,
3317578857,-9.100081122,
3318178817,-9.06766811,
3318778777,-9.187956801,
3319378737,-9.231900119,
3319978697,-9.069322448,
3320578657,-9.009441187,
3321178617,-9.070486236,
3321778577,-9.103984589,
3322378537,-9.191007572,
3322978497,-9.13208974,
3323578457,-9.130248771,
3324178417,-8.970560824,
3324778377,-9.15051278,
3325378337,-9.159953001,
3325978297,-9.126886119,
3326578257,-9.171647608,
3327178217,-9.18649261,
3327778177,-9.210597943,
3328378137,-9.061407883,
3328978097,-9.222806429,
3329578057,-9.164539728,
3330178017,-9.16130842,
3330777977,-9.213527084,
3331377937,-9.17185659,
3331977897,-9.126010974,
3332577857,-9.195099322,
3333177817,-9.214952691,
3333777777,-9.118838009,
3334377737,-9.126000284,
3334977697,-9.136872375,
3335577657,-9.053104571,
3336177617,-9.103805831,
3336777577,-9.13609977,
3337377537,-9.131374032,
3337977497,-9.108725087,
3338577457,-9.068135178,
3339177417,-9.14668271,
3339777377,-9.228667811,
3340377337,-9.21987747,
3340977297,-9.218697114,
3341577257,-9.262300182,
3342177217,-9.283455134,
3342777177,-9.318046249,
3343377137,-9.145382835,
3343977097,-9.233491872,
3344577057,-9.174637627,
3345177017,-9.093468449,
3345776977,-9.161288317,
3346376937,-9.125858979,
3346976897,-9.17722447,
3347576857,-9.152709712,
3348176817,-9.329471837,
3348776777,-9.122340826,
3349376737,-9.265575767,
3349976697,-9.284706288,
3350576657,-9.213468042,
3351176617,-9.14213401,
3351776577,-9.275467791,
3352376537,-9.198976417,
3352976497,-9.215296012,
3353576457,-9.148296823,
3354176417,-9.347086328,
3354776377,-9.078841417,
3355376337,-9.342647733,
3355976297,-9.308167307,
3356576257,-9.147099988,
3357176217,-9.252371025,
3357776177,-9.263971652,
3358376137,-9.231460156,
3358976097,-9.285017784,
3359576057,-9.266195537,
3360176017,-9.202841599,
3360775977,-9.443815303,
3361375937,-9.235640265,
3361975897,-9.28829792,
3362575857,-9.327015953,
3363175817,-9.3636045,
3363775777,-9.16718772,
3364375737,-9.268927947,
3364975697,-9.276892149,
3365575657,-9.366355497,
3366175617,-9.381761717,
3366775577,-9.289884648,
3367375537,-9.339122295,
3367975497,-9.333105652,
3368575457,-9.392566924,
3369175417,-9.250005337,
3369775377,-9.416534826,
3370375337,-9.577407531,
3370975297,-9.415838532,
3371575257,-9.507122213,
3372175217,-9.30690354,
3372775177,-9.477395829,
3373375137,-9.39831521,
3373975097,-9.38203969,
3374575057,-9.433372065,
3375175017,-9.527545991,
3375774977,-9.459391645,
3376374937,-9.403058463,
3376974897,-9.421837031,
3377574857,-9.439383015,
3378174817,-9.418849395,
3378774777,-9.620828472,
3379374737,-9.34482269,
3379974697,-9.459737096,
3380574657,-9.462409698,
3381174617,-9.492541579,
3381774577,-9.371208155,
3382374537,-9.474450208,
3382974497,-9.492735705,
3383574457,-9.47526665,
3384174417,-9.352368473,
3384774377,-9.398416877,
3385374337,-9.635341122,
3385974296,-9.437455076,
3386574256,-9.587700728,
3387174216,-9.616586831,
3387774176,-9.732296945,
3388374136,-9.520637485,
3388974096,-9.632299735,
3389574056,-9.612405009,
3390174016,-9.574173886,
3390773976,-9.624361469,
3391373936,-9.537983161,
3391973896,-9.514093435,
3392573856,-9.682295778,
3393173816,-9.608802081,
3393773776,-9.553222915,
3394373736,-9.629992895,
3394973696,-9.65878346,
3395573656,-9.712266891,
3396173616,-9.6291734,
3396773576,-9.652698463,
3397373536,-9.624971633,
3397973496,-9.698990427,
3398573456,-9.635395762,
3399173416,-9.731619047,
3399773376,-9.721651693,
3400373336,-9.725039607,
3400973296,-9.698378191,
3401573256,-9.697562993,
3402173216,-9.929319433,
3402773176,-9.752951977,
3403373136,-9.812708651,
3403973096,-9.797524886,
3404573056,-9.948592847,
3405173016,-9.764359626,
3405772976,-9.97302451,
3406372936,-9.68969142,
3406972896,-9.989772276,
3407572856,-9.916772869,
3408172816,-9.997287385,
3408772776,-10.00937841,
3409372736,-9.853088206,
3409972696,-9.938564386,
3410572656,-10.06421268,
3411172616,-10.03511771,
3411772576,-10.01223525,
3412372536,-9.97655943,
3412972496,-10.00766553,
3413572456,-10.04586163,
3414172416,-10.08337637,
3414772376,-9.910587063,
3415372336,-10.23521669,
3415972296,-10.22788993,
3416572256,-10.25835901,
3417172216,-9.952305461,
3417772176,-10.07913674,
3418372136,-10.372874,
3418972096,-10.24603014,
3419572056,-10.31399872,
3420172016,-10.21441163,
3420771976,-10.18741269,
3421371936,-10.34891185,
3421971896,-10.25563941,
3422571856,-10.21685451,
3423171816,-10.51076843,
3423771776,-10.24485357,
3424371736,-10.38803408,
3424971696,-10.09554726,
3425571656,-10.21200088,
3426171616,-10.1701412,
3426771576,-10.23360836,
3427371536,-10.38427918,
3427971496,-10.24854606,
3428571456,-10.32957559,
3429171416,-10.25183082,
3429771376,-10.36281394,
3430371336,-10.26254021,
3430971296,-10.28768077,
3431571256,-10.15966524,
3432171216,-10.22405861,
3432771176,-10.30400158,
3433371136,-10.31503985,
3433971096,-10.18991862,
3434571056,-10.14433673,
3435171016,-10.33034417,
3435770976,-10.32986312,
3436370936,-10.33155921,
3436970896,-10.21751037,
3437570856,-10.45558309,
3438170816,-10.27258595,
3438770776,-10.30715222,
3439370736,-10.27527651,
3439970696,-10.22733709,
3440570656,-10.28752064,
3441170616,-10.30904559,
3441770576,-10.23541708,
3442370536,-10.29992557,
3442970496,-10.30777612,
3443570456,-10.31390965,
3444170416,-10.26560865,
3444770376,-10.27081625,
3445370336,-10.38901184,
3445970296,-10.28263202,
3446570256,-10.17395632,
3447170216,-10.33133482,
3447770176,-10.38229606,
3448370136,-10.45844014,
3448970096,-10.28093022,
3449570056,-10.35531341,
3450170016,-10.24511447,
3450769976,-10.42029155,
3451369936,-10.31391047,
3451969896,-10.19072105,
3452569856,-10.33210979,
3453169816,-10.2489372,
3453769776,-10.28644965,
3454369736,-10.34236788,
3454969696,-10.23420658,
3455569656,-10.24538432,
3456169616,-10.19507582,
3456769576,-10.19776166,
3457369536,-10.30648167,
3457969496,-10.28532769,
3458569456,-10.19835552,
3459169416,-10.1922741,
3459769376,-10.3703734,
3460369336,-10.22939767,
3460969296,-10.27600703,
3461569256,-10.23206104,
3462169216,-10.38589761,
3462769176,-10.18604859,
3463369136,-10.25816856,
3463969096,-10.29661174,
3464569056,-10.13570915,
3465169016,-10.18524518,
3465768976,-10.29040698,
3466368936,-10.26378418,
3466968896,-10.22966129,
3467568856,-10.11764572,
3468168816,-10.25521284,
3468768776,-10.20608123,
3469368736,-10.22495691,
3469968696,-10.03732059,
3470568656,-10.25953217,
3471168616,-10.2819358,
3471768576,-10.19940097,
3472368536,-10.14521228,
3472968496,-10.215629,
3473568456,-10.0722368,
3474168416,-10.1891581,
3474768376,-10.04805403,
3475368336,-10.20939805,
3475968296,-10.2524791,
3476568256,-10.09762006,
3477168216,-9.981043637,
3477768176,-10.09062071,
3478368136,-10.10831633,
3478968096,-10.02054188,
3479568056,-10.05461157,
3480168016,-10.1473682,
3480767976,-9.993118961,
3481367936,-10.08664885,
3481967896,-10.13843352,
3482567856,-10.03863479,
3483167816,-10.10499245,
3483767776,-10.01968207,
3484367736,-9.997052984,
3484967696,-10.14242815,
3485567656,-10.01922973,
3486167616,-9.940662116,
3486767576,-10.03108774,
3487367536,-9.963334589,
3487967496,-9.964416958,
3488567456,-10.06869548,
3489167416,-9.88418786,
3489767376,-9.903563451,
3490367336,-9.904561639,
3490967296,-9.79152592,
3491567256,-9.746474903,
3492167216,-9.847961941,
3492767176,-9.813114159,
3493367136,-9.850284018,
3493967096,-9.86040181,
3494567056,-9.807094246,
3495167016,-9.719708852,
3495766976,-9.848911518,
3496366936,-9.865126685,
3496966896,-9.869562779,
3497566856,-9.879033647,
3498166816,-9.845179579,
3498766776,-9.858036987,
3499366736,-9.943954133,
3499966696,-10.01804797,
3500566656,-9.573940117,
3501166616,-9.62683682,
3501766576,-9.674976564,
3502366536,-9.658593255,
3502966496,-9.707203971,
3503566456,-9.719281098,
3504166416,-9.857022219,
3504766376,-9.641219924,
3505366336,-9.55341236,
3505966296,-9.487286172,
3506566256,-9.533069861,
3507166216,-9.556409446,
3507766176,-9.840594188,
3508366136,-9.727377637,
3508966096,-9.600343917,
3509566056,-9.544696814,
3510166016,-9.695055096,
3510765976,-9.605379907,
3511365936,-9.566490248,
3511965896,-9.677455885,
3512565856,-9.575965696,
3513165816,-9.647372952,
3513765776,-9.739001462,
3514365736,-9.601493267,
3514965696,-9.669095407,
3515565656,-9.563358128,
3516165616,-9.546197401,
3516765576,-9.591829793,
3517365536,-9.585849426,
3517965496,-9.532629025,
3518565456,-9.514981048,
3519165416,-9.538064039,
3519765376,-9.48789241,
3520365336,-9.600529394,
3520965296,-9.631821141,
3521565256,-9.532553624,
3522165216,-9.599461771,
3522765176,-9.513540526,
3523365136,-9.496334859,
3523965096,-9.597837943,
3524565056,-9.531043646,
3525165016,-9.563485812,
3525764976,-9.634615474,
3526364936,-9.66198464,
3526964896,-9.406072285,
3527564856,-9.522009893,
3528164816,-9.435362842,
3528764776,-9.636088772,
3529364736,-9.477695558,
3529964696,-9.595832224,
3530564656,-9.5149224,
3531164616,-9.486680511,
3531764576,-9.613207283,
3532364536,-9.474120008,
3532964496,-9.388516231,
3533564456,-9.560883032,
3534164416,-9.47386991,
3534764376,-9.496688233,
3535364336,-9.467169334,
3535964296,-9.461653697,
3536564256,-9.428940053,
3537164216,-9.488294895,
3537764176,-9.345502138,
3538364136,-9.262647767,
3538964096,-9.408328205,
3539564055,-9.556936756,
3540164015,-9.504295739,
3540763975,-9.533636474,
3541363935,-9.489576823,
3541963895,-9.454255806,
3542563855,-9.440440576,
3543163815,-9.452528077,
3543763775,-9.526081012,
3544363735,-9.407752966,
3544963695,-9.489865934,
3545563655,-9.4727873,
3546163615,-9.623791778,
3546763575,-9.373795578,
3547363535,-9.614480331,
3547963495,-9.583502127,
3548563455,-9.408328593,
3549163415,-9.458754559,
3549763375,-9.441145356,
3550363335,-9.499538746,
3550963295,-9.459021946,
3551563255,-9.629579651,
3552163215,-9.462827801,
3552763175,-9.522153688,
3553363135,-9.424279783,
3553963095,-9.585443482,
3554563055,-9.392141137,
3555163015,-9.473663682,
3555762975,-9.393989815,
3556362935,-9.534083308,
3556962895,-9.625577536,
3557562855,-9.718031571,
3558162815,-9.645918299,
3558762775,-9.562974056,
3559362735,-9.595239203,
3559962695,-9.462684357,
3560562655,-9.557705583,
3561162615,-9.510534123,
3561762575,-9.569775429,
3562362535,-9.547899999,
3562962495,-9.575278111,
3563562455,-9.613757511,
3564162415,-9.6390927,
3564762375,-9.483439606,
3565362335,-9.48205925,
3565962295,-9.44477815,
3566562255,-9.526586713,
3567162215,-9.34121138,
3567762175,-9.616942562,
3568362135,-9.584282281,
3568962095,-9.566387697,
3569562055,-9.542071899,
3570162015,-9.610037515,
3570761975,-9.560638494,
3571361935,-9.410488255,
3571961895,-9.437193208,
3572561855,-9.425178168,
3573161815,-9.573145193,
3573761775,-9.491577049,
3574361735,-9.547740338,
3574961695,-9.580409913,
3575561655,-9.558390272,
3576161615,-9.432596033,
3576761575,-9.569219745,
3577361535,-9.536394739,
3577961495,-9.656119883,
3578561455,-9.632855055,
3579161415,-9.724684684,
3579761375,-9.542199201,
3580361335,-9.544853438,
3580961295,-9.762753146,
3581561255,-9.600687327,
3582161215,-9.700587703,
3582761175,-9.608535489,
3583361135,-9.564495644,
3583961095,-9.461886958,
3584561055,-9.563431585,
3585161015,-9.610393538,
3585760975,-9.778306794,
3586360935,-9.679152007,
3586960895,-9.374214293,
3587560855,-9.676715428,
3588160815,-9.659829084,
3588760775,-9.431024763,
3589360735,-9.682356014,
3589960695,-9.540614119,
3590560655,-9.62192927,
3591160615,-9.566871147,
3591760575,-9.628623569,
3592360535,-9.689441897,
3592960495,-9.494226317,
3593560455,-9.634285999,
3594160415,-9.698379921,
3594760375,-9.713474124,
3595360335,-9.553291764,
3595960295,-9.568596201,
3596560255,-9.721638967,
3597160215,-9.660772344,
3597760175,-9.689025603,
3598360135,-9.628332273,
3598960095,-9.758226195,
3599560055,-9.717932701,
3600160015,-9.793873711,
3600759975,-9.686623953,
3601359935,-9.617351659,
3601959895,-9.897456254,
3602559855,-9.704041309,
3603159815,-9.593119925,
3603759775,-9.593601501,
3604359735,-9.74086442,
3604959695,-9.548083861,
3605559655,-9.797667022,
3606159615,-9.677436462,
3606759575,-9.65415113,
3607359535,-9.7461998,
3607959495,-9.789414679,
3608559455,-9.700048803,
3609159415,-9.773768131,
3609759375,-9.68750399,
3610359335,-9.589654496,
3610959295,-9.731774798,
3611559255,-9.788944819,
3612159215,-9.939111655,
3612759175,-9.845705028,
3613359135,-9.671811385,
3613959095,-9.841026552,
3614559055,-9.745251953,
3615159015,-9.800625019,
3615758975,-10.01574513,
3616358935,-9.791505668,
3616958895,-10.00795959,
3617558855,-9.812903415,
3618158815,-9.890653308,
3618758775,-9.984147211,
3619358735,-10.02601751,
3619958695,-9.815361077,
3620558655,-9.84127967,
3621158615,-9.996508502,
3621758575,-9.861914904,
3622358535,-9.953648251,
3622958495,-9.834486945,
3623558455,-9.993989329,
3624158415,-9.933365327,
3624758375,-9.897574272,
3625358335,-9.86648066,
3625958295,-10.17547144,
3626558255,-10.06562562,
3627158215,-9.92598602,
3627758175,-10.08406863,
3628358135,-10.15863095,
3628958095,-10.20302576,
3629558055,-10.09231703,
3630158015,-10.15297947,
3630757975,-10.19947857,
3631357935,-10.15455032,
3631957895,-10.10866882,
3632557855,-10.16294016,
3633157815,-10.14086499,
3633757775,-10.11962441,
3634357735,-10.05900153,
3634957695,-10.25771263,
3635557655,-10.26037276,
3636157615,-10.18739661,
3636757575,-10.29610842,
3637357535,-10.43836402,
3637957495,-10.18164609,
3638557455,-10.2446682,
3639157415,-10.38484063,
3639757375,-10.37755367,
3640357335,-10.27193283,
3640957295,-10.1749478,
3641557255,-10.1680123,
3642157215,-10.42430509,
3642757175,-10.36313356,
3643357135,-10.3937154,
3643957095,-10.31683029,
3644557055,-10.30685793,
3645157015,-10.38837119,
3645756975,-10.34790257,
3646356935,-10.40126616,
3646956895,-10.27859157,
3647556855,-10.43449853,
3648156815,-10.44535928,
3648756775,-10.35258788,
3649356735,-10.44354814,
3649956695,-10.42721577,
3650556655,-10.40735354,
3651156615,-10.51977512,
3651756575,-10.46108916,
3652356535,-10.45891263,
3652956495,-10.52002224,
3653556455,-10.50410388,
3654156415,-10.5453973,
3654756375,-10.56928219,
3655356335,-10.4751478,
3655956295,-10.41691747,
3656556255,-10.40754948,
3657156215,-10.40997607,
3657756175,-10.49998527,
3658356135,-10.55483878,
3658956095,-10.58300767,
3659556055,-10.64439247,
3660156015,-10.40602757,
3660755975,-10.51948394,
3661355935,-10.49655557,
3661955895,-10.73900347,
3662555855,-10.51847541,
3663155815,-10.6139204,
3663755775,-10.59254656,
3664355735,-10.56497569,
3664955695,-10.61413763,
3665555655,-10.51802982,
3666155615,-10.52301416,
3666755575,-10.59011032,
3667355535,-10.82343429,
3667955495,-10.55162441,
3668555455,-10.60142389,
3669155415,-10.80784604,
3669755375,-10.63031517,
3670355335,-10.6695689,
3670955295,-10.72948659,
3671555255,-10.68844445,
3672155215,-10.78071737,
3672755175,-10.84768982,
3673355135,-10.81128169,
3673955095,-10.78931235,
3674555055,-10.81087065,
3675155015,-10.90139282,
3675754975,-10.79082553,
3676354935,-10.95554553,
3676954895,-10.82288018,
3677554855,-10.62481856,
3678154815,-10.89767821,
3678754775,-10.91092587,
3679354735,-10.69647083,
3679954695,-10.97106608,
3680554655,-10.99533839,
3681154615,-10.97319036,
3681754575,-10.85087246,
3682354535,-10.86987143,
3682954495,-10.90565146,
3683554455,-11.04234753,
3684154415,-10.95259583,
3684754375,-10.85690432,
3685354335,-10.86003772,
3685954295,-10.96013898,
3686554255,-10.98554097,
3687154215,-10.99154213,
3687754175,-10.83348255,
3688354135,-10.96154429,
3688954095,-11.09736197,
3689554055,-11.04640597,
3690154015,-11.06472564,
3690753975,-11.05425187,
3691353935,-10.91110557,
3691953895,-10.86822236,
3692553855,-11.08524448,
3693153815,-10.96337167,
3693753774,-11.16762427,
3694353734,-10.98401109,
3694953694,-11.12105481,
3695553654,-11.05264029,
3696153614,-10.81274318,
3696753574,-11.12234819,
3697353534,-11.05840695,
3697953494,-11.05970963,
3698553454,-11.28084524,
3699153414,-11.1633517,
3699753374,-11.16899526,
3700353334,-11.03958184,
3700953294,-11.13867887,
3701553254,-11.09455272,
3702153214,-11.21176254,
3702753174,-11.1161125,
3703353134,-11.11402922,
3703953094,-11.12689801,
3704553054,-11.26130128,
3705153014,-11.08023888,
3705752974,-11.12273925,
3706352934,-11.25300887,
3706952894,-11.09691965,
3707552854,-11.15154645,
3708152814,-11.10331704,
3708752774,-11.2455012,
3709352734,-11.23256825,
3709952694,-11.12193349,
3710552654,-11.11246814,
3711152614,-11.31822729,
3711752574,-11.1205061,
3712352534,-11.03995838,
3712952494,-11.20978568,
3713552454,-11.26323384,
3714152414,-11.20043625,
3714752374,-11.22935608,
3715352334,-11.082666,
3715952294,-11.21749855,
3716552254,-11.26767771,
3717152214,-11.15186386,
3717752174,-11.10052365,
3718352134,-11.06347615,
3718952094,-11.24273298,
3719552054,-11.27307062,
3720152014,-11.23187408,
3720751974,-11.23266793,
3721351934,-11.17110455,
3721951894,-11.16679233,
3722551854,-11.14436565,
3723151814,-11.10458867,
3723751774,-11.01651426,
3724351734,-11.14153507,
3724951694,-11.18460229,
3725551654,-11.06505032,
3726151614,-11.27150057,
3726751574,-11.22102769,
3727351534,-11.26992361,
3727951494,-11.04659652,
3728551454,-11.11161986,
3729151414,-10.94852925,
3729751374,-11.22488764,
3730351334,-11.08161969,
3730951294,-10.95380995,
3731551254,-11.0948407,
3732151214,-11.06092435,
3732751174,-11.01671135,
3733351134,-11.08097063,
3733951094,-11.05181043,
3734551054,-11.24281712,
3735151014,-11.07374726,
3735750974,-10.97300702,
3736350934,-11.20076732,
3736950894,-11.12657456,
3737550854,-11.07878271,
3738150814,-11.05185036,
3738750774,-11.00460495,
3739350734,-11.05243307,
3739950694,-11.02914534,
3740550654,-11.09372949,
3741150614,-10.96990961,
3741750574,-11.01576086,
3742350534,-11.14188244,
3742950494,-10.88620269,
3743550454,-10.96675107,
3744150414,-10.87016576,
3744750374,-10.95975024,
3745350334,-10.8946916,
3745950294,-10.79668065,
3746550254,-11.06120636,
3747150214,-10.92774039,
3747750174,-10.88180527,
3748350134,-11.05769625,
3748950094,-10.90786599,
3749550054,-10.90816836,
3750150014,-11.07355599,
3750749974,-10.85081104,
3751349934,-10.9076215,
3751949894,-10.90190316,
3752549854,-10.95793657,
3753149814,-10.79978365,
3753749774,-10.8906995,
3754349734,-10.8621457,
3754949694,-10.76630066,
3755549654,-10.84047361,
3756149614,-10.80146405,
3756749574,-11.03530482,
3757349534,-10.78030509,
3757949494,-10.70019779,
3758549454,-10.74199401,
3759149414,-10.69147334,
3759749374,-10.57777032,
3760349334,-10.71354137,
3760949294,-10.800854,
3761549254,-10.82459976,
3762149214,-10.62394025,
3762749174,-10.59827352,
3763349134,-10.64213064,
3763949094,-11.01754334,
3764549054,-10.60644242,
3765149014,-10.69106734,
3765748974,-10.65696882,
3766348934,-10.6937023,
3766948894,-10.71443957,
3767548854,-10.57566303,
3768148814,-10.61696962,
3768748774,-10.65519503,
3769348734,-10.69738274,
3769948694,-10.75811603,
3770548654,-10.66616172,
3771148614,-10.50053289,
3771748574,-10.44739125,
3772348534,-10.59768354,
3772948494,-10.76267658,
3773548454,-10.77784571,
3774148414,-10.66391611,
3774748374,-10.5243123,
3775348334,-10.5843183,
3775948294,-10.57381807,
3776548254,-10.65855526,
3777148214,-10.48797812,
3777748174,-10.63015625,
3778348134,-10.59948441,
3778948094,-10.3459181,
3779548054,-10.53743297,
3780148014,-10.46635368,
3780747974,-10.49968864,
3781347934,-10.25240669,
3781947894,-10.47906874,
3782547854,-10.48956412,
3783147814,-10.59207546,
3783747774,-10.51818262,
3784347734,-10.54005717,
3784947694,-10.57230096,
3785547654,-10.5452291,
3786147614,-10.49230391,
3786747574,-10.54432034,
3787347534,-10.36222438,
3787947494,-10.47902905,
3788547454,-10.32207472,
3789147414,-10.4859059,
3789747374,-10.49509312,
3790347334,-10.54652025,
3790947294,-10.44406888,
3791547254,-10.43425466,
3792147214,-10.50505069,
3792747174,-10.66942663,
3793347134,-10.3618506,
3793947094,-10.2639155,
3794547054,-10.42740219,
3795147014,-10.52831749,
3795746974,-10.49049741,
3796346934,-10.37391759,
3796946894,-10.37077119,
3797546854,-10.51067325,
3798146814,-10.4650959,
3798746774,-10.4110598,
3799346734,-10.47466362,
3799946694,-10.45238913,
3800546654,-10.54107194,
3801146614,-10.6333006,
3801746574,-10.58590002,
3802346534,-10.40488469,
3802946494,-10.32612915,
3803546454,-10.34714929,
3804146414,-10.53091684,
3804746374,-10.44407236,
3805346334,-10.43936094,
3805946294,-10.53671029,
3806546254,-10.48692791,
3807146214,-10.49830033,
3807746174,-10.4234413,
3808346134,-10.4606183,
3808946094,-10.42554835,
3809546054,-10.60418171,
3810146014,-10.51396435,
3810745974,-10.4416025,
3811345934,-10.51831509,
3811945894,-10.32796239,
3812545854,-10.52795936,
3813145814,-10.44399934,
3813745774,-10.65442671,
3814345734,-10.53013869,
3814945694,-10.44910889,
3815545654,-10.43663426,
3816145614,-10.56183878,
3816745574,-10.44609813,
3817345534,-10.44736519,
3817945494,-10.65674394,
3818545454,-10.42866765,
3819145414,-10.41697577,
3819745374,-10.54008869,
3820345334,-10.53311102,
3820945294,-10.4681203,
3821545254,-10.51771977,
3822145214,-10.5472978,
3822745174,-10.46206771,
3823345134,-10.41089444,
3823945094,-10.523078,
3824545054,-10.47236447,
3825145014,-10.58793623,
3825744974,-10.60735469,
3826344934,-10.65899401,
3826944894,-10.65923325,
3827544854,-10.55229133,
3828144814,-10.4899419,
3828744774,-10.34003517,
3829344734,-10.51769117,
3829944694,-10.62870026,
3830544654,-10.51710295,
3831144614,-10.85485424,
3831744574,-10.66630067,
3832344534,-10.54006696,
3832944494,-10.53410995,
3833544454,-10.51516506,
3834144414,-10.47626364,
3834744374,-10.50172185,
3835344334,-10.48027228,
3835944294,-10.52928842,
3836544254,-10.46161712,
3837144214,-10.56610111,
3837744174,-10.60264925,
3838344134,-10.45207424,
3838944094,-10.6156809,
3839544054,-10.65501602,
3840144014,-10.64410227,
3840743974,-10.49968202,
3841343934,-10.62531318,
3841943894,-10.60461043,
3842543854,-10.57332804,
3843143814,-10.37081979,
3843743774,-10.55613153,
3844343734,-10.6173096,
3844943694,-10.70358095,
3845543654,-10.51751147,
3846143614,-10.63564464,
3846743574,-10.64754293,
3847343533,-10.62784824,
3847943493,-10.8107858,
3848543453,-10.57372618,
3849143413,-10.59049328,
3849743373,-10.71981727,
3850343333,-10.60997219,
3850943293,-10.77370317,
3851543253,-10.67602525,
3852143213,-10.5821234,
3852743173,-10.91721856,
3853343133,-10.65252329,
3853943093,-10.77265387,
3854543053,-10.70565623,
3855143013,-10.79477218,
3855742973,-10.64945931,
3856342933,-10.87988472,
3856942893,-10.59988818,
3857542853,-10.71647674,
3858142813,-10.62645101,
3858742773,-10.61674214,
3859342733,-10.76152111,
3859942693,-10.85127367,
3860542653,-10.70541011,
3861142613,-10.68772342,
3861742573,-10.64398888,
3862342533,-10.67120485,
3862942493,-10.65697095,
3863542453,-10.78886012,
3864142413,-10.76145085,
3864742373,-10.59527217,
3865342333,-10.74087598,
3865942293,-10.69246135,
3866542253,-10.73911835,
3867142213,-10.59594151,
3867742173,-10.78360366,
3868342133,-10.84060224,
3868942093,-10.81651029,
3869542053,-10.77943324,
3870142013,-10.78500707,
3870741973,-10.69697421,
3871341933,-10.90540262,
3871941893,-10.86871554,
3872541853,-10.76088038,
3873141813,-10.81555932,
3873741773,-10.70507851,
3874341733,-10.84697047,
3874941693,-10.81695667,
3875541653,-10.89984594,
3876141613,-10.74313896,
3876741573,-10.8561182,
3877341533,-10.92716237,
3877941493,-10.95940822,
3878541453,-10.67194579,
3879141413,-10.91227438,
3879741373,-11.20061138,
3880341333,-11.0698993,
3880941293,-10.90157571,
3881541253,-10.73774341,
3882141213,-10.88752079,
3882741173,-11.01589872,
3883341133,-11.0554277,
3883941093,-11.09311959,
3884541053,-10.72779137,
3885141013,-11.10336628,
3885740973,-11.09052746,
3886340933,-10.97533479,
3886940893,-10.99341574,
3887540853,-11.11088807,
3888140813,-11.06302344,
3888740773,-11.0835612,
3889340733,-10.93769683,
3889940693,-11.10033272,
3890540653,-11.2643498,
3891140613,-11.03289361,
3891740573,-11.11637252,
3892340533,-11.08912201,
3892940493,-11.33049874,
3893540453,-11.13422261,
3894140413,-11.18441801,
3894740373,-11.17613117,
3895340333,-10.84702203,
3895940293,-11.10922488,
3896540253,-11.08970366,
3897140213,-11.01260524,
3897740173,-11.26371084,
3898340133,-11.0592761,
3898940093,-11.23211018,
3899540053,-11.29620192,
3900140013,-11.24924942,
3900739973,-11.38504854,
3901339933,-11.4227241,
3901939893,-11.24904427,
3902539853,-11.38770914,
3903139813,-11.549907,
3903739773,-11.61150864,
3904339733,-11.07121254,
3904939693,-11.50877168,
3905539653,-11.34527309,
3906139613,-11.30661267,
3906739573,-11.3892265,
3907339533,-11.45974247,
3907939493,-11.54480856,
3908539453,-11.56060087,
3909139413,-11.54430939,
3909739373,-11.40104375,
3910339333,-11.72629006,
3910939293,-11.65701327,
3911539253,-11.69706458,
3912139213,-11.72886515,
3912739173,-12.10611016,
3913339133,-11.93975277,
3913939093,-11.82694362,
3914539053,-11.7541347,
3915139013,-11.79914513,
3915738973,-11.84068699,
3916338933,-11.68194935,
3916938893,-12.01475604,
3917538853,-11.78164103,
3918138813,-11.93523118,
3918738773,-11.92769686,
3919338733,-11.9926563,
3919938693,-12.20841156,
3920538653,-11.98954458,
3921138613,-12.06564014,
3921738573,-11.96677833,
3922338533,-12.26632663,
3922938493,-12.39426219,
3923538453,-12.09500261,
3924138413,-12.20755608,
3924738373,-12.31372783,
3925338333,-12.33239569,
3925938293,-12.43430904,
3926538253,-12.3841528,
3927138213,-12.16534812,
3927738173,-12.18775549,
3928338133,-12.40046315,
3928938093,-12.24031593,
3929538053,-12.18892015,
3930138013,-12.39654552,
3930737973,-12.40483511,
3931337933,-12.03941746,
3931937893,-12.51607918,
3932537853,-12.48019193,
3933137813,-12.56435371,
3933737773,-12.22455856,
3934337733,-12.06354719,
3934937693,-12.33327692,
3935537653,-12.36782061,
3936137613,-12.56795093,
3936737573,-12.46912373,
3937337533,-12.38003992,
3937937493,-12.39846388,
3938537453,-12.43058042,
3939137413,-12.48443775,
3939737373,-12.62699039,
3940337333,-12.32919473,
3940937293,-12.57264031,
3941537253,-12.58559134,
3942137213,-12.47005922,
3942737173,-12.50579176,
3943337133,-12.48822324,
3943937093,-12.4923769,
3944537053,-12.62217303,
3945137013,-12.40978948,
3945736973,-12.71802218,
3946336933,-12.69703742,
3946936893,-12.90605989,
3947536853,-12.63387696,
3948136813,-12.7695052,
3948736773,-12.69961162,
3949336733,-12.83819845,
3949936693,-12.81205961,
3950536653,-12.48251008,
3951136613,-12.59042369,
3951736573,-12.76144615,
3952336533,-12.88446359,
3952936493,-12.87652895,
3953536453,-12.82920842,
3954136413,-12.78124677,
3954736373,-12.81500397,
3955336333,-12.82104262,
3955936293,-12.82810398,
3956536253,-12.86118347,
3957136213,-12.83055811,
3957736173,-12.79145559,
3958336133,-12.77882289,
3958936093,-12.78540893,
3959536053,-13.0653825,
3960136013,-12.95703364,
3960735973,-12.92483781,
3961335933,-12.83887416,
3961935893,-12.9516121,
3962535853,-12.83228187,
3963135813,-12.93355964,
3963735773,-13.06142928,
3964335733,-12.85486524,
3964935693,-12.91255854,
3965535653,-12.98904609,
3966135613,-12.95154689,
3966735573,-13.03648903,
3967335533,-13.0707205,
3967935493,-13.09112558,
3968535453,-13.00182973,
3969135413,-13.16261084,
3969735373,-13.12872976,
3970335333,-13.02900661,
3970935293,-13.03966319,
3971535253,-12.76737068,
3972135213,-12.9972796,
3972735173,-12.97709915,
3973335133,-12.96319408,
3973935093,-12.95695943,
3974535053,-13.04656982,
3975135013,-13.09647645,
3975734973,-13.16995287,
3976334933,-13.07862539,
3976934893,-13.15149721,
3977534853,-12.91424735,
3978134813,-13.20505496,
3978734773,-13.00409926,
3979334733,-13.08048632,
3979934693,-13.02246648,
3980534653,-12.94544146,
3981134613,-13.028569,
3981734573,-12.904195,
3982334533,-13.14738342,
3982934493,-13.02682348,
3983534453,-13.06650924,
3984134413,-12.98390429,
3984734373,-13.07543125,
3985334333,-13.12140003,
3985934293,-12.98568636,
3986534253,-13.11253771,
3987134213,-13.01927752,
3987734173,-13.12521843,
3988334133,-13.07039631,
3988934093,-12.99808991,
3989534053,-12.98827485,
3990134013,-13.03811713,
3990733973,-13.0582777,
3991333933,-12.96420789,
3991933893,-12.90637819,
3992533853,-13.182783,
3993133813,-13.0333908,
3993733773,-13.03730004,
3994333733,-12.88293357,
3994933693,-13.0888682,
3995533653,-13.17976333,
3996133613,-12.7707139,
3996733573,-13.01531537,
3997333533,-12.97101085,
3997933493,-12.94638968,
3998533453,-13.12936439,
3999133413,-12.82323844,
3999733373,-12.97294924,
4000333333,-12.96331771,
4000933293,-12.89397658,
4001533253,-12.92353954,
4002133212,-12.74999255,
4002733172,-12.70020754,
4003333132,-12.80532647,
4003933092,-12.82574223,
4004533052,-12.57128756,
4005133012,-12.86641587,
4005732972,-12.78796317,
4006332932,-12.8538278,
4006932892,-12.84646343,
4007532852,-12.93894573,
4008132812,-12.8312076,
4008732772,-12.89530877,
4009332732,-12.83549565,
4009932692,-12.69490736,
4010532652,-12.83352299,
4011132612,-12.66041658,
4011732572,-12.8207387,
4012332532,-12.71561142,
4012932492,-12.75545357,
4013532452,-12.74123919,
4014132412,-12.81066204,
4014732372,-12.50698555,
4015332332,-12.55852898,
4015932292,-12.71553371,
4016532252,-12.6434643,
4017132212,-12.6804875,
4017732172,-12.6035851,
4018332132,-12.59021752,
4018932092,-12.32118475,
4019532052,-12.63213792,
4020132012,-12.65026553,
4020731972,-12.64258616,
4021331932,-12.66024007,
4021931892,-12.68812115,
4022531852,-12.61478448,
4023131812,-12.72294496,
4023731772,-12.57160414,
4024331732,-12.5705128,
4024931692,-12.5911458,
4025531652,-12.62063264,
4026131612,-12.68119801,
4026731572,-12.52457765,
4027331532,-12.60883795,
4027931492,-12.39360987,
4028531452,-12.32570282,
4029131412,-12.3798536,
4029731372,-12.48755995,
4030331332,-12.35397651,
4030931292,-12.67862357,
4031531252,-12.61916211,
4032131212,-12.46934414,
4032731172,-12.61501949,
4033331132,-12.37170201,
4033931092,-12.55861868,
4034531052,-12.55664945,
4035131012,-12.32036458,
4035730972,-12.10206463,
4036330932,-12.46547847,
4036930892,-12.31847623,
4037530852,-12.60011559,
4038130812,-12.34506477,
4038730772,-12.28315506,
4039330732,-12.3064537,
4039930692,-12.36881589,
4040530652,-12.28354252,
4041130612,-12.14017372,
4041730572,-12.14521043,
4042330532,-12.50387987,
4042930492,-12.4461938,
4043530452,-12.49052597,
4044130412,-12.18536579,
4044730372,-12.17100537,
4045330332,-12.52406244,
4045930292,-12.44324709,
4046530252,-12.25893829,
4047130212,-12.18398156,
4047730172,-12.31283076,
4048330132,-12.47680888,
4048930092,-12.40104526,
4049530052,-12.20598424,
4050130012,-12.40476868,
4050729972,-12.14124302,
4051329932,-12.24435995,
4051929892,-12.2888202,
4052529852,-12.17623895,
4053129812,-12.05231139,
4053729772,-12.25331639,
4054329732,-12.22736942,
4054929692,-12.02057589,
4055529652,-12.12068678,
4056129612,-12.10029896,
4056729572,-12.11586738,
4057329532,-12.03193216,
4057929492,-11.87169599,
4058529452,-11.97639235,
4059129412,-11.97877444,
4059729372,-11.89840777,
4060329332,-12.05437662,
4060929292,-12.07127551,
4061529252,-11.84978761,
4062129212,-12.05337781,
4062729172,-12.05067785,
4063329132,-11.94122035,
4063929092,-11.95583471,
4064529052,-11.85917516,
4065129012,-11.9867347,
4065728972,-11.98258382,
4066328932,-12.08161945,
4066928892,-12.09593629,
4067528852,-11.96343237,
4068128812,-12.09500318,
4068728772,-11.93357099,
4069328732,-12.05007377,
4069928692,-12.08153218,
4070528652,-11.99461484,
4071128612,-11.86633888,
4071728572,-11.96933819,
4072328532,-11.74890783,
4072928492,-11.84628572,
4073528452,-11.57625993,
4074128412,-12.0504165,
4074728372,-12.01088184,
4075328332,-11.68089977,
4075928292,-11.95034706,
4076528252,-12.07878364,
4077128212,-11.67496088,
4077728172,-11.95430589,
4078328132,-11.91323519,
4078928092,-11.79802935,
4079528052,-11.74980947,
4080128012,-11.74020065,
4080727972,-12.09102415,
4081327932,-11.81435894,
4081927892,-12.01484193,
4082527852,-11.6765743,
4083127812,-11.88897039,
4083727772,-11.77887054,
4084327732,-11.99856031,
4084927692,-11.91156656,
4085527652,-11.87869924,
4086127612,-11.59365231,
4086727572,-11.93068178,
4087327532,-11.90153247,
4087927492,-11.9767709,
4088527452,-11.61759602,
4089127412,-11.88650357,
4089727372,-11.99830301,
4090327332,-11.93931428,
4090927292,-12.02720602,
4091527252,-11.76881197,
4092127212,-12.23512078,
4092727172,-11.52643059,
4093327132,-11.80512187,
4093927092,-11.98533302,
4094527052,-11.7879828,
4095127012,-11.92302511,
4095726972,-12.03710854,
4096326932,-11.78871022,
4096926892,-12.03268728,
4097526852,-11.93018587,
4098126812,-12.00960973,
4098726772,-11.83741211,
4099326732,-11.96253026,
4099926692,-11.83685159,
4100526652,-12.01531544,
4101126612,-11.98458865,
4101726572,-12.09180515,
4102326532,-11.91172879,
4102926492,-11.77562053,
4103526452,-12.00335421,
4104126412,-11.92105632,
4104726372,-11.9511403,
4105326332,-11.87488081,
4105926292,-12.1820785,
4106526252,-11.85179263,
4107126212,-11.88459228,
4107726172,-12.1436854,
4108326132,-11.89329512,
4108926092,-12.05092326,
4109526052,-12.03918541,
4110126012,-11.89624191,
4110725972,-12.07137404,
4111325932,-12.02137459,
4111925892,-12.09504905,
4112525852,-11.67269673,
4113125812,-11.9882252,
4113725772,-12.14761815,
4114325732,-11.75877733,
4114925692,-12.00580029,
4115525652,-11.90705144,
4116125612,-11.83835027,
4116725572,-12.01439756,
4117325532,-12.21180516,
4117925492,-11.75434636,
4118525452,-12.03683031,
4119125412,-12.06587277,
4119725372,-12.12502087,
4120325332,-11.91987112,
4120925292,-11.77371149,
4121525252,-11.85978199,
4122125212,-12.1299565,
4122725172,-11.93119361,
4123325132,-12.18078397,
4123925092,-12.2387719,
4124525052,-12.04325848,
4125125012,-12.11784456,
4125724972,-12.00396102,
4126324932,-11.95329405,
4126924892,-12.09216362,
4127524852,-12.08172509,
4128124812,-12.10003188,
4128724772,-11.94492905,
4129324732,-12.13758459,
4129924692,-12.24119519,
4130524652,-12.1096483,
4131124612,-12.02987032,
4131724572,-12.01988257,
4132324532,-12.32837845,
4132924492,-12.13504871,
4133524452,-12.04338582,
4134124412,-12.16270144,
4134724372,-12.1656554,
4135324332,-12.2309009,
4135924292,-12.14221296,
4136524252,-12.22972913,
4137124212,-12.36108525,
4137724172,-12.27069692,
4138324132,-12.29628608,
4138924092,-12.33280153,
4139524052,-12.36734458,
4140124012,-12.28953175,
4140723972,-12.32002199,
4141323932,-12.45197056,
4141923892,-12.30186593,
4142523852,-12.62658849,
4143123812,-12.30431594,
4143723772,-12.39220244,
4144323732,-12.29403903,
4144923692,-12.44598981,
4145523652,-12.23245135,
4146123612,-12.51531914,
4146723572,-12.2679356,
4147323532,-12.34731837,
4147923492,-12.62332378,
4148523452,-12.57707295,
4149123412,-12.48473486,
4149723372,-12.39400257,
4150323332,-12.49120805,
4150923292,-12.55846912,
4151523252,-12.64146584,
4152123212,-12.72547597,
4152723172,-12.57884484,
4153323132,-12.6412776,
4153923092,-12.55871707,
4154523052,-12.70367625,
4155123012,-12.72456501,
4155722971,-12.85652235,
4156322931,-12.67262488,
4156922891,-12.89494569,
4157522851,-12.81685566,
4158122811,-12.70211825,
4158722771,-12.66415797,
4159322731,-12.66828014,
4159922691,-12.72631478,
4160522651,-12.67260733,
4161122611,-12.59182053,
4161722571,-12.68866402,
4162322531,-12.77217383,
4162922491,-12.80575065,
4163522451,-12.79618723,
4164122411,-12.91694221,
4164722371,-12.79791993,
4165322331,-12.84338093,
4165922291,-12.90486774,
4166522251,-12.92068262,
4167122211,-12.92897097,
4167722171,-12.93111711,
4168322131,-12.92159814,
4168922091,-12.97596427,
4169522051,-13.01847593,
4170122011,-13.14810817,
4170721971,-13.02912453,
4171321931,-13.00762756,
4171921891,-13.06703434,
4172521851,-13.15071635,
4173121811,-13.14419114,
4173721771,-13.10327272,
4174321731,-13.07782064,
4174921691,-13.31642948,
4175521651,-13.21112028,
4176121611,-13.11327623,
4176721571,-13.13249051,
4177321531,-13.18838313,
4177921491,-13.17845571,
4178521451,-13.21150266,
4179121411,-13.22493053,
4179721371,-13.45607827,
4180321331,-13.49835279,
4180921291,-13.40030174,
4181521251,-13.49134725,
4182121211,-13.25890877,
4182721171,-13.39789921,
4183321131,-13.51538489,
4183921091,-13.4148654,
4184521051,-13.77036162,
4185121011,-13.63526684,
4185720971,-13.59437456,
4186320931,-13.72544778,
4186920891,-13.73310504,
4187520851,-13.60879222,
4188120811,-13.50120073,
4188720771,-13.70758504,
4189320731,-13.75899657,
4189920691,-13.75808096,
4190520651,-13.78941125,
4191120611,-13.76814667,
4191720571,-13.79259908,
4192320531,-13.8794775,
4192920491,-13.83356675,
4193520451,-13.79753651,
4194120411,-13.91544536,
4194720371,-14.01600076,
4195320331,-14.04708019,
4195920291,-14.00270876,
4196520251,-13.89754931,
4197120211,-14.23254782,
4197720171,-14.02378947,
4198320131,-13.99156196,
4198920091,-13.82463345,
4199520051,-14.0903621,
4200120011,-14.31103927,
4200719971,-13.98470084,
4201319931,-14.0296057,
4201919891,-13.92135123,
4202519851,-14.27950925,
4203119811,-14.28882142,
4203719771,-14.27275525,
4204319731,-14.27586265,
4204919691,-14.75732141,
4205519651,-14.37030471,
4206119611,-14.29894996,
4206719571,-14.48816239,
4207319531,-14.27471687,
4207919491,-14.56753738,
4208519451,-14.37753088,
4209119411,-14.21793587,
4209719371,-14.46535324,
4210319331,-14.50203981,
4210919291,-14.41659052,
4211519251,-14.49139665,
4212119211,-14.25984271,
4212719171,-14.19241062,
4213319131,-14.59913844,
4213919091,-14.65040604,
4214519051,-14.78048275,
4215119011,-14.9800082,
4215718971,-14.66186713,
4216318931,-14.63093002,
4216918891,-14.69158485,
4217518851,-14.6365114,
4218118811,-14.6284967,
4218718771,-14.42937605,
4219318731,-14.59316453,
4219918691,-14.53739358,
4220518651,-14.55860384,
4221118611,-14.81340121,
4221718571,-14.83759538,
4222318531,-14.92869385,
4222918491,-14.80079489,
4223518451,-14.97359752,
4224118411,-14.61928804,
4224718371,-14.95897793,
4225318331,-14.9643892,
4225918291,-14.63974737,
4226518251,-14.90952805,
4227118211,-15.13543154,
4227718171,-14.96414137,
4228318131,-14.97270403,
4228918091,-15.25834511,
4229518051,-14.69743393,
4230118011,-15.26991055,
4230717971,-14.66553392,
4231317931,-15.03192597,
4231917891,-15.08136206,
4232517851,-14.81921745,
4233117811,-15.01473816,
4233717771,-14.94368394,
4234317731,-15.18373245,
4234917691,-15.03024871,
4235517651,-15.0275252,
4236117611,-15.14449589,
4236717571,-14.97266386,
4237317531,-14.70336869,
4237917491,-14.93649751,
4238517451,-15.36490432,
4239117411,-14.90751136,
4239717371,-14.77792623,
4240317331,-15.00036272,
4240917291,-15.00918453,
4241517251,-15.09768204,
4242117211,-15.24103162,
4242717171,-15.09721164,
4243317131,-15.07829152,
4243917091,-15.15157184,
4244517051,-15.29703024,
4245117011,-14.66344297,
4245716971,-15.25692315,
4246316931,-14.94469611,
4246916891,-15.22940745,
4247516851,-15.12476001,
4248116811,-15.06337024,
4248716771,-15.35800985,
4249316731,-15.31800411,
4249916691,-15.15113967,
4250516651,-14.98097415,
4251116611,-15.1942593,
4251716571,-15.01207242,
4252316531,-15.05165986,
4252916491,-14.69227072,
4253516451,-15.32453491,
4254116411,-15.17431561,
4254716371,-15.05468571,
4255316331,-15.04619377,
4255916291,-15.13211185,
4256516251,-15.11260706,
4257116211,-15.03728216,
4257716171,-15.11137149,
4258316131,-15.08401512,
4258916091,-15.19537873,
4259516051,-15.20035666,
4260116011,-15.142765,
4260715971,-14.80576757,
4261315931,-14.94875675,
4261915891,-15.29416832,
4262515851,-14.81979159,
4263115811,-15.15842833,
4263715771,-14.8551735,
4264315731,-15.24457833,
4264915691,-14.81483347,
4265515651,-15.06132326,
4266115611,-14.80558259,
4266715571,-14.74793389,
4267315531,-14.62286502,
4267915491,-14.83582295,
4268515451,-14.95887908,
4269115411,-14.90390866,
4269715371,-14.66295989,
4270315331,-14.73128917,
4270915291,-14.82146769,
4271515251,-15.0231238,
4272115211,-14.73583458,
4272715171,-15.01637744,
4273315131,-14.86492939,
4273915091,-14.70660775,
4274515051,-14.60128803,
4275115011,-14.713418,
4275714971,-14.67290446,
4276314931,-14.82384294,
4276914891,-14.59906097,
4277514851,-14.45627032,
4278114811,-14.75228152,
4278714771,-14.81453436,
4279314731,-14.89333351,
4279914691,-14.48705692,
4280514651,-14.4147288,
4281114611,-14.52699987,
4281714571,-14.4358027,
4282314531,-14.58061324,
4282914491,-14.20826709,
4283514451,-14.35003216,
4284114411,-14.49555169,
4284714371,-14.34434126,
4285314331,-14.45242848,
4285914291,-14.37290236,
4286514251,-14.31347003,
4287114211,-14.41358497,
4287714171,-14.30789371,
4288314131,-14.41661732,
4288914091,-14.55283717,
4289514051,-14.43332898,
4290114011,-14.56079469,
4290713971,-14.17651479,
4291313931,-14.36766639,
4291913891,-14.4835988,
4292513851,-14.35805592,
4293113811,-14.16817919,
4293713771,-14.47556854,
4294313731,-14.37375471,
4294913691,-14.23484197,
4295513651,-14.39309736,
4296113611,-14.14422956,
4296713571,-14.23711759,
4297313531,-14.02936497,
4297913491,-14.13634223,
4298513451,-13.99379556,
4299113411,-14.02060946,
4299713371,-14.1390962,
4300313331,-14.10696432,
4300913291,-14.10103332,
4301513251,-14.16431573,
4302113211,-14.38280899,
4302713171,-14.00881068,
4303313131,-14.06387171,
4303913091,-13.91395399,
4304513051,-13.84619159,
4305113011,-14.12051005,
4305712971,-14.08639744,
4306312931,-14.09150306,
4306912891,-13.99527904,
4307512851,-14.08665093,
4308112811,-13.94054741,
4308712771,-13.92546507,
4309312730,-14.09472014,
4309912690,-13.81863953,
4310512650,-14.01362576,
4311112610,-13.95366123,
4311712570,-13.85472084,
4312312530,-13.88473171,
4312912490,-14.02320131,
4313512450,-13.64016539,
4314112410,-13.95594408,
4314712370,-13.9392605,
4315312330,-14.03097866,
4315912290,-13.82994997,
4316512250,-13.97407646,
4317112210,-13.87512103,
4317712170,-13.92969154,
4318312130,-13.95889262,
4318912090,-13.74025413,
4319512050,-13.77767654,
4320112010,-13.76237385,
4320711970,-13.86641864,
4321311930,-13.77350718,
4321911890,-13.5928144,
4322511850,-13.7129387,
4323111810,-13.70006906,
4323711770,-13.93235434,
4324311730,-13.70767866,
4324911690,-13.74745489,
4325511650,-13.83198803,
4326111610,-13.66111481,
4326711570,-13.72796555,
4327311530,-13.69074439,
4327911490,-13.7991881,
4328511450,-13.7136031,
4329111410,-13.7686714,
4329711370,-13.47875139,
4330311330,-13.5260098,
4330911290,-13.68170094,
4331511250,-13.67237095,
4332111210,-13.73540811,
4332711170,-13.65489989,
4333311130,-13.41477358,
4333911090,-13.58218714,
4334511050,-13.49525828,
4335111010,-13.71936136,
4335710970,-13.53500423,
4336310930,-13.72986528,
4336910890,-13.65265226,
4337510850,-13.57155767,
4338110810,-13.64991348,
4338710770,-13.59422256,
4339310730,-13.52653905,
4339910690,-13.3787912,
4340510650,-13.61640452,
4341110610,-13.62492124,
4341710570,-13.42882525,
4342310530,-13.57361703,
4342910490,-13.44011124,
4343510450,-13.41693743,
4344110410,-13.64582401,
4344710370,-13.60815386,
4345310330,-13.72174449,
4345910290,-13.613836,
4346510250,-13.6631762,
4347110210,-13.49780958,
4347710170,-13.33495926,
4348310130,-13.57454549,
4348910090,-13.57966775,
4349510050,-13.66075493,
4350110010,-13.70099981,
4350709970,-13.49236919,
4351309930,-13.59193582,
4351909890,-13.63833197,
4352509850,-13.39452869,
4353109810,-13.39736443,
4353709770,-13.51581807,
4354309730,-13.38986558,
4354909690,-13.39335883,
4355509650,-13.52321285,
4356109610,-13.51490864,
4356709570,-13.28923543,
4357309530,-13.48249273,
4357909490,-13.46410676,
4358509450,-13.48332687,
4359109410,-13.34353386,
4359709370,-13.50508346,
4360309330,-13.67364324,
4360909290,-13.49816898,
4361509250,-13.43743592,
4362109210,-13.33447483,
4362709170,-13.65850331,
4363309130,-13.35236275,
4363909090,-13.50834887,
4364509050,-13.48433324,
4365109010,-13.4216609,
4365708970,-13.39029695,
4366308930,-13.52192511,
4366908890,-13.38916291,
4367508850,-13.3057091,
4368108810,-13.51544017,
4368708770,-13.48787945,
4369308730,-13.51092858,
4369908690,-13.56595734,
4370508650,-13.52264644,
4371108610,-13.39087694,
4371708570,-13.55253734,
4372308530,-13.40902884,
4372908490,-13.52220197,
4373508450,-13.49530902,
4374108410,-13.56853714,
4374708370,-13.37756572,
4375308330,-13.48892371,
4375908290,-13.54081126,
4376508250,-13.37480572,
4377108210,-13.65250708,
4377708170,-13.5025129,
4378308130,-13.44899234,
4378908090,-13.44832807,
4379508050,-13.36677816,
4380108010,-13.49254461,
4380707970,-13.48978977,
4381307930,-13.49959243,
4381907890,-13.45724906,
4382507850,-13.61462547,
4383107810,-13.28290878,
4383707770,-13.4122854,
4384307730,-13.53051328,
4384907690,-13.49491868,
4385507650,-13.512847,
4386107610,-13.507428,
4386707570,-13.50404348,
4387307530,-13.51180374,
4387907490,-13.38183265,
4388507450,-13.60720356,
4389107410,-13.45290984,
4389707370,-13.27364078,
4390307330,-13.4288312,
4390907290,-13.39456149,
4391507250,-13.39317376,
4392107210,-13.60540441,
4392707170,-13.48837994,
4393307130,-13.4817754,
4393907090,-13.72087916,
4394507050,-13.5975532,
4395107010,-13.36405693,
4395706970,-13.56355843,
4396306930,-13.42227282,
4396906890,-13.45755014,
4397506850,-13.58436636,
4398106810,-13.40117762,
4398706770,-13.54018246,
4399306730,-13.37873321,
4399906690,-13.37925598,
4400506650,-13.54723829,
4401106610,-13.41205614,
4401706570,-13.65071259,
4402306530,-13.45174066,
4402906490,-13.49233795,
4403506450,-13.63978061,
4404106410,-13.62932755,
4404706370,-13.68039466,
4405306330,-13.45797492,
4405906290,-13.57798319,
4406506250,-13.30697172,
4407106210,-13.55284004,
4407706170,-13.37437336,
4408306130,-13.42596191,
4408906090,-13.51813729,
4409506050,-13.52925251,
4410106010,-13.39098648,
4410705970,-13.42183525,
4411305930,-13.72681019,
4411905890,-13.54557533,
4412505850,-13.67275139,
4413105810,-13.84853102,
4413705770,-13.74205665,
4414305730,-13.56453988,
4414905690,-13.66610352,
4415505650,-13.59885938,
4416105610,-13.54957745,
4416705570,-13.58024747,
4417305530,-13.63478025,
4417905490,-13.82660113,
4418505450,-13.633551,
4419105410,-13.8253952,
4419705370,-13.94948231,
4420305330,-13.7795477,
4420905290,-13.65248307,
4421505250,-13.60505869,
4422105210,-13.81983351,
4422705170,-13.85243279,
4423305130,-13.7311302,
4423905090,-13.85670593,
4424505050,-13.50357227,
4425105010,-13.77130252,
4425704970,-13.90146202,
4426304930,-13.79614259,
4426904890,-13.87046339,
4427504850,-14.04466382,
4428104810,-13.842324,
4428704770,-13.82974421,
4429304730,-14.01680805,
4429904690,-14.15365325,
4430504650,-14.00088509,
4431104610,-13.97593792,
4431704570,-14.15727339,
4432304530,-13.90969681,
4432904490,-14.12963122,
4433504450,-14.11662966,
4434104410,-14.12857046,
4434704370,-14.13952089,
4435304330,-13.97250819,
4435904290,-14.00059682,
4436504250,-14.41181057,
4437104210,-14.10722985,
4437704170,-14.34468062,
4438304130,-14.20369414,
4438904090,-14.09148691,
4439504050,-14.34440695,
4440104010,-14.27551343,
4440703970,-14.20418384,
4441303930,-14.02260356,
4441903890,-14.16549066,
4442503850,-14.61723152,
4443103810,-14.31655108,
4443703770,-14.55710575,
4444303730,-14.68286353,
4444903690,-14.27467823,
4445503650,-14.41659892,
4446103610,-14.3771979,
4446703570,-14.57171251,
4447303530,-14.24998527,
4447903490,-14.58086024,
4448503450,-14.39139822,
4449103410,-14.65376109,
4449703370,-14.3965115,
4450303330,-14.68193165,
4450903290,-14.90283802,
4451503250,-14.63392973,
4452103210,-14.75963317,
4452703170,-14.58687277,
4453303130,-14.8190806,
4453903090,-14.8617255,
4454503050,-14.5221599,
4455103010,-14.7181859,
4455702970,-14.71758054,
4456302930,-15.31124027,
4456902890,-15.03766429,
4457502850,-14.87897254,
4458102810,-14.80370419,
4458702770,-15.21689766,
4459302730,-14.73919335,
4459902690,-15.3163944,
4460502650,-14.84546554,
4461102610,-14.76444678,
4461702570,-15.14695053,
4462302530,-15.20815848,
4462902489,-15.32082482,
4463502449,-15.59487245,
4464102409,-15.24947602,
4464702369,-15.35103116,
4465302329,-15.40401627,
4465902289,-15.62024898,
4466502249,-15.58227478,
4467102209,-15.50697032,
4467702169,-15.79104091,
4468302129,-15.71162288,
4468902089,-15.5845008,
4469502049,-15.90577865,
4470102009,-15.61913798,
4470701969,-16.05893704,
4471301929,-15.78228829,
4471901889,-15.96237178,
4472501849,-16.08206553,
4473101809,-16.04383467,
4473701769,-15.85662364,
4474301729,-15.89809217,
4474901689,-15.73214624,
4475501649,-16.02452826,
4476101609,-16.21436565,
4476701569,-15.76011481,
4477301529,-16.15187367,
4477901489,-16.00717825,
4478501449,-16.18562883,
4479101409,-16.24655179,
4479701369,-16.20045244,
4480301329,-16.29815066,
4480901289,-16.2518159,
4481501249,-15.91877832,
4482101209,-15.89975857,
4482701169,-16.11795334,
4483301129,-16.05573912,
4483901089,-16.18208704,
4484501049,-16.32633264,
4485101009,-16.08762929,
4485700969,-16.54741008,
4486300929,-16.34287692,
4486900889,-16.18159708,
4487500849,-16.42296244,
4488100809,-16.48114374,
4488700769,-16.26927808,
4489300729,-16.51597444,
4489900689,-16.40594825,
4490500649,-16.51050824,
4491100609,-15.99717247,
4491700569,-16.21684118,
4492300529,-16.25839944,
4492900489,-16.03412165,
4493500449,-16.35994951,
4494100409,-16.21839782,
4494700369,-16.33899777,
4495300329,-16.3819015,
4495900289,-16.47562831,
4496500249,-16.3136625,
4497100209,-16.3644949,
4497700169,-16.14993859,
4498300129,-16.44240307,
4498900089,-16.30638668,
4499500049,-16.35155819,
4500100009,-16.32594304,
4500699969,-16.49976258,
4501299929,-16.33468175,
4501899889,-16.32650098,
4502499849,-16.43252646,
4503099809,-16.55659466,
4503699769,-16.45529619,
4504299729,-16.55047008,
4504899689,-16.53154047,
4505499649,-16.43714334,
4506099609,-16.20521351,
4506699569,-16.50902778,
4507299529,-16.52582435,
4507899489,-16.32148601,
4508499449,-16.42900168,
4509099409,-16.53939393,
4509699369,-16.63108782,
4510299329,-16.60702948,
4510899289,-16.57839915,
4511499249,-16.64647982,
4512099209,-16.52133573,
4512699169,-16.51940568,
4513299129,-16.29586415,
4513899089,-16.33923721,
4514499049,-16.56674702,
4515099009,-16.63668207,
4515698969,-16.45867451,
4516298929,-16.63075742,
4516898889,-16.46131217,
4517498849,-16.61853881,
4518098809,-16.56654453,
4518698769,-16.60100081,
4519298729,-16.38509986,
4519898689,-16.60571754,
4520498649,-16.65700073,
4521098609,-16.68666611,
4521698569,-16.56279692,
4522298529,-16.62245019,
4522898489,-16.62766712,
4523498449,-16.52998644,
4524098409,-16.62332096,
4524698369,-16.69619546,
4525298329,-16.4703665,
4525898289,-16.39822639,
4526498249,-16.60024139,
4527098209,-16.62267164,
4527698169,-16.60270518,
4528298129,-16.62134322,
4528898089,-16.62364494,
4529498049,-16.545167,
4530098009,-16.67198804,
4530697969,-16.67743939,
4531297929,-16.63470007,
4531897889,-16.40195764,
4532497849,-16.55318726,
4533097809,-16.47575631,
4533697769,-16.53831544,
4534297729,-16.72309855,
4534897689,-16.54812608,
4535497649,-16.67999722,
4536097609,-16.4769211,
4536697569,-16.40440186,
4537297529,-16.51658488,
4537897489,-16.5350333,
4538497449,-16.52753999,
4539097409,-16.59278572,
4539697369,-16.57455389,
4540297329,-16.61849504,
4540897289,-16.49516721,
4541497249,-16.51480978,
4542097209,-16.55214795,
4542697169,-16.51250408,
4543297129,-16.28837386,
4543897089,-16.63554845,
4544497049,-16.54368956,
4545097009,-16.71294124,
4545696969,-16.56776071,
4546296929,-16.36405615,
4546896889,-16.5271606,
4547496849,-16.50093408,
4548096809,-16.41510319,
4548696769,-16.4058244,
4549296729,-16.53032429,
4549896689,-16.54871844,
4550496649,-16.41820285,
4551096609,-16.33717228,
4551696569,-16.37875013,
4552296529,-16.48896145,
4552896489,-16.58751284,
4553496449,-16.48881917,
4554096409,-16.54370209,
4554696369,-16.51814161,
4555296329,-16.57480991,
4555896289,-16.32797809,
4556496249,-16.34140555,
4557096209,-16.40904681,
4557696169,-16.23041639,
4558296129,-16.52180004,
4558896089,-16.39050503,
4559496049,-16.52183274,
4560096009,-16.25513915,
4560695969,-16.3290506,
4561295929,-16.29049202,
4561895889,-16.28753691,
4562495849,-16.4985828,
4563095809,-16.33576602,
4563695769,-16.37069727,
4564295729,-16.42273602,
4564895689,-16.28081496,
4565495649,-16.48922836,
4566095609,-16.20474738,
4566695569,-16.18429665,
4567295529,-16.20850321,
4567895489,-16.4478038,
4568495449,-16.20225211,
4569095409,-16.40532716,
4569695369,-16.30063374,
4570295329,-16.32198341,
4570895289,-16.28168933,
4571495249,-16.23601886,
4572095209,-16.24499376,
4572695169,-16.04778328,
4573295129,-16.30762537,
4573895089,-16.34072273,
4574495049,-16.24790677,
4575095009,-16.47309695,
4575694969,-16.31300036,
4576294929,-16.16256539,
4576894889,-16.33940577,
4577494849,-16.21702394,
4578094809,-16.13075188,
4578694769,-16.18957807,
4579294729,-16.33671366,
4579894689,-16.18450848,
4580494649,-16.22306126,
4581094609,-16.22403439,
4581694569,-16.30774719,
4582294529,-16.09281183,
4582894489,-16.21999527,
4583494449,-16.20575931,
4584094409,-16.22341897,
4584694369,-16.3795148,
4585294329,-16.15079982,
4585894289,-16.18726183,
4586494249,-16.20687941,
4587094209,-16.22050857,
4587694169,-16.04108437,
4588294129,-15.9934766,
4588894089,-15.7940364,
4589494049,-16.36694805,
4590094009,-16.15877263,
4590693969,-16.06031158,
4591293929,-16.38294497,
4591893889,-16.22527378,
4592493849,-16.31998789,
4593093809,-16.28446685,
4593693769,-16.13934862,
4594293729,-15.95216002,
4594893689,-16.13208319,
4595493649,-16.30927105,
4596093609,-16.08334208,
4596693569,-16.29512972,
4597293529,-16.17681496,
4597893489,-15.84636329,
4598493449,-16.15091427,
4599093409,-16.26813787,
4599693369,-16.30957637,
4600293329,-16.14750558,
4600893289,-16.25476282,
4601493249,-16.03784633,
4602093209,-16.07847077,
4602693169,-16.1852238,
4603293129,-16.31246626,
4603893089,-15.97464727,
4604493049,-16.24138117,
4605093009,-16.3308744,
4605692969,-16.18792539,
4606292929,-16.07075128,
4606892889,-16.04089587,
4607492849,-15.97049606,
4608092809,-16.09778312,
4608692769,-15.84740641,
4609292729,-16.03018961,
4609892689,-16.08111262,
4610492649,-16.29400212,
4611092609,-16.03498262,
4611692569,-15.95865682,
4612292529,-16.1838278,
4612892489,-16.36750432,
4613492449,-16.07706189,
4614092409,-16.05962337,
4614692369,-16.24678225,
4615292329,-16.06055484,
4615892289,-16.03545511,
4616492248,-16.15100888,
4617092208,-16.14991594,
4617692168,-16.09037276,
4618292128,-16.26183857,
4618892088,-16.17538544,
4619492048,-16.41324554,
4620092008,-16.02635844,
4620691968,-16.09848843,
4621291928,-16.00920932,
4621891888,-16.06636493,
4622491848,-16.01799979,
4623091808,-16.02386607,
4623691768,-16.02998059,
4624291728,-15.76009777,
4624891688,-15.77090117,
4625491648,-16.16467958,
4626091608,-16.2296983,
4626691568,-16.22080255,
4627291528,-16.24680898,
4627891488,-16.33454334,
4628491448,-16.03159385,
4629091408,-16.15799098,
4629691368,-16.12506941,
4630291328,-16.46269903,
4630891288,-16.26010362,
4631491248,-16.24781547,
4632091208,-16.3612026,
4632691168,-15.71102726,
4633291128,-16.31693234,
4633891088,-16.24421113,
4634491048,-16.02846716,
4635091008,-15.91870509,
4635690968,-16.07493682,
4636290928,-16.35086422,
4636890888,-16.43583255,
4637490848,-15.53890495,
4638090808,-16.00379294,
4638690768,-16.14974867,
4639290728,-16.08786807,
4639890688,-16.12760216,
4640490648,-16.14856344,
4641090608,-16.05240146,
4641690568,-16.20453484,
4642290528,-15.84406774,
4642890488,-15.93455685,
4643490448,-16.03763507,
4644090408,-16.06054442,
4644690368,-15.91496741,
4645290328,-16.33027505,
4645890288,-16.17658154,
4646490248,-15.90549323,
4647090208,-16.33554453,
4647690168,-16.21642392,
4648290128,-15.86029387,
4648890088,-16.11932006,
4649490048,-16.20505848,
4650090008,-16.18897292,
4650689968,-16.02274985,
4651289928,-16.17568601,
4651889888,-15.92694589,
4652489848,-15.95013119,
4653089808,-16.09566909,
4653689768,-16.28218476,
4654289728,-16.04106954,
4654889688,-15.5918623,
4655489648,-16.05620865,
4656089608,-15.87990809,
4656689568,-15.75334746,
4657289528,-15.98966229,
4657889488,-16.10842855,
4658489448,-16.02713622,
4659089408,-15.83465394,
4659689368,-16.07014585,
4660289328,-16.05908503,
4660889288,-16.07658087,
4661489248,-16.01794311,
4662089208,-15.97627441,
4662689168,-15.5884745,
4663289128,-15.7992885,
4663889088,-15.95457516,
4664489048,-15.71338785,
4665089008,-16.09639259,
4665688968,-16.09115002,
4666288928,-16.02225718,
4666888888,-15.96344818,
4667488848,-15.5580067,
4668088808,-15.9200412,
4668688768,-15.83482334,
4669288728,-16.01846,
4669888688,-15.85207966,
4670488648,-15.84958011,
4671088608,-15.77206063,
4671688568,-15.78061567,
4672288528,-16.06878676,
4672888488,-15.64104773,
4673488448,-16.0985467,
4674088408,-15.85202805,
4674688368,-16.00112562,
4675288328,-15.79351702,
4675888288,-16.06911668,
4676488248,-15.56201431,
4677088208,-15.81207896,
4677688168,-15.63781518,
4678288128,-15.83713081,
4678888088,-15.92880275,
4679488048,-15.74163938,
4680088008,-15.86792348,
4680687968,-15.93767026,
4681287928,-15.89234618,
4681887888,-15.55924458,
4682487848,-15.84568836,
4683087808,-15.58005533,
4683687768,-16.17816218,
4684287728,-15.84720554,
4684887688,-15.93673793,
4685487648,-15.78115739,
4686087608,-15.70917736,
4686687568,-16.00385374,
4687287528,-15.91426621,
4687887488,-15.86668851,
4688487448,-15.79627052,
4689087408,-15.85556166,
4689687368,-15.7806673,
4690287328,-15.79154737,
4690887288,-15.63080757,
4691487248,-15.52196913,
4692087208,-16.00804661,
4692687168,-15.78684796,
4693287128,-15.56325579,
4693887088,-15.63515195,
4694487048,-15.77678466,
4695087008,-16.22736809,
4695686968,-15.7497273,
4696286928,-15.96407025,
4696886888,-15.78459039,
4697486848,-15.84267677,
4698086808,-15.86093326,
4698686768,-16.03629102,
4699286728,-15.80678097,
4699886688,-15.8356958,
4700486648,-15.78179872,
4701086608,-15.96546547,
4701686568,-15.70174434,
4702286528,-15.85254909,
4702886488,-15.87558952,
4703486448,-15.72787314,
4704086408,-15.72039433,
4704686368,-16.15903352,
4705286328,-15.8984429,
4705886288,-15.83962871,
4706486248,-15.70582352,
4707086208,-16.0285452,
4707686168,-15.80540761,
4708286128,-15.85013373,
4708886088,-15.96834342,
4709486048,-15.95721434,
4710086008,-15.84217674,
4710685968,-15.95335733,
4711285928,-15.85874362,
4711885888,-15.86952327,
4712485848,-15.87146168,
4713085808,-16.04213804,
4713685768,-16.07220849,
4714285728,-15.76116991,
4714885688,-16.21129603,
4715485648,-16.02921214,
4716085608,-15.85177675,
4716685568,-15.8534433,
4717285528,-16.17315246,
4717885488,-15.66881454,
4718485448,-16.25636704,
4719085408,-16.14991042,
4719685368,-15.95048587,
4720285328,-15.76042814,
4720885288,-16.01312161,
4721485248,-16.13064709,
4722085208,-16.02130228,
4722685168,-16.08266276,
4723285128,-15.94814451,
4723885088,-16.01352701,
4724485048,-16.04213645,
4725085008,-15.92763209,
4725684968,-16.09117475,
4726284928,-15.90134432,
4726884888,-16.18014919,
4727484848,-15.78932044,
4728084808,-16.15515605,
4728684768,-16.03275839,
4729284728,-16.18865805,
4729884688,-16.16303352,
4730484648,-16.0329103,
4731084608,-16.34112568,
4731684568,-16.2890414,
4732284528,-16.38959945,
4732884488,-16.30601814,
4733484448,-16.31612733,
4734084408,-16.34215054,
4734684368,-16.0576144,
4735284328,-16.27957564,
4735884288,-16.37921467,
4736484248,-16.51762246,
4737084208,-16.4843315,
4737684168,-16.28674267,
4738284128,-16.2126407,
4738884088,-16.38731316,
4739484048,-16.46976485,
4740084008,-16.44752608,
4740683968,-16.51086218,
4741283928,-16.66597804,
4741883888,-16.6892887,
4742483848,-16.69712805,
4743083808,-16.62772046,
4743683768,-16.50462497,
4744283728,-16.71494416,
4744883688,-16.66105998,
4745483648,-16.55916892,
4746083608,-16.7625478,
4746683568,-16.66067991,
4747283528,-16.9898321,
4747883488,-16.84691058,
4748483448,-16.72956086,
4749083408,-16.79344186,
4749683368,-16.89498487,
4750283328,-17.00257822,
4750883288,-16.78919621,
4751483248,-16.79037266,
4752083208,-16.87887881,
4752683168,-16.95260727,
4753283128,-16.96349206,
4753883088,-17.07794106,
4754483048,-17.43418234,
4755083008,-17.07510676,
4755682968,-16.95242367,
4756282928,-17.23376916,
4756882888,-16.95781843,
4757482848,-17.106381,
4758082808,-16.93122693,
4758682768,-17.20718873,
4759282728,-17.3853959,
4759882688,-16.96530191,
4760482648,-17.15401749,
4761082608,-17.20897876,
4761682568,-17.57939198,
4762282528,-17.19998682,
4762882488,-17.5156221,
4763482448,-17.23133234,
4764082408,-17.57051851,
4764682368,-17.3993654,
4765282328,-17.44094221,
4765882288,-17.74449182,
4766482248,-17.9163976,
4767082208,-17.27936016,
4767682168,-17.8452519,
4768282128,-17.45289933,
4768882088,-17.24218078,
4769482048,-17.64332504,
4770082008,-17.45314926,
4770681967,-17.31144604,
4771281927,-17.38945172,
4771881887,-17.82828898,
4772481847,-17.47578801,
4773081807,-17.70067629,
4773681767,-17.84136575,
4774281727,-17.94963182,
4774881687,-17.1662933,
4775481647,-17.59960568,
4776081607,-18.28963507,
4776681567,-17.81928338,
4777281527,-17.69099251,
4777881487,-17.48497721,
4778481447,-18.14720154,
4779081407,-17.8495136,
4779681367,-17.85806614,
4780281327,-17.92367793,
4780881287,-17.62021409,
4781481247,-17.77053204,
4782081207,-17.44525831,
4782681167,-17.83494306,
4783281127,-18.02826903,
4783881087,-17.66509443,
4784481047,-17.9748277,
4785081007,-18.16589135,
4785680967,-17.96280152,
4786280927,-18.58504689,
4786880887,-18.4379101,
4787480847,-18.14737636,
4788080807,-17.75287143,
4788680767,-17.56370713,
4789280727,-17.79205645,
4789880687,-17.63181565,
4790480647,-18.16058843,
4791080607,-18.37378198,
4791680567,-18.44229343,
4792280527,-17.90290721,
4792880487,-17.62451558,
4793480447,-18.52788146,
4794080407,-18.26354616,
4794680367,-17.79455345,
4795280327,-17.99874985,
4795880287,-18.16094314,
4796480247,-18.14077066,
4797080207,-18.32257532,
4797680167,-18.29166693,
4798280127,-18.15464279,
4798880087,-18.36239333,
4799480047,-17.99112696,
4800080007,-18.47906964,
4800679967,-18.28329705,
4801279927,-18.26963816,
4801879887,-18.37808331,
4802479847,-18.2624845,
4803079807,-18.60364281,
4803679767,-18.84826282,
4804279727,-17.97263651,
4804879687,-18.22240123,
4805479647,-17.93144049,
4806079607,-18.5236844,
4806679567,-18.14237051,
4807279527,-18.36091681,
4807879487,-18.37970655,
4808479447,-18.63518855,
4809079407,-18.8903825,
4809679367,-18.6402653,
4810279327,-18.79856937,
4810879287,-18.69416013,
4811479247,-18.35034644,
4812079207,-18.74161148,
4812679167,-18.70835464,
4813279127,-18.39181833,
4813879087,-18.41189018,
4814479047,-18.64007704,
4815079007,-18.94179156,
4815678967,-18.79387979,
4816278927,-18.70033483,
4816878887,-18.59373461,
4817478847,-18.27780117,
4818078807,-18.71486817,
4818678767,-18.72358637,
4819278727,-18.62762209,
4819878687,-19.19755591,
4820478647,-19.39212794,
4821078607,-18.97254682,
4821678567,-19.09520814,
4822278527,-19.00997049,
4822878487,-19.20172602,
4823478447,-19.28167826,
4824078407,-19.42973053,
4824678367,-19.05198217,
4825278327,-19.40640695,
4825878287,-18.8354248,
4826478247,-19.16952809,
4827078207,-19.46504511,
4827678167,-19.29626306,
4828278127,-19.04984602,
4828878087,-19.36900052,
4829478047,-19.11851299,
4830078007,-18.95643446,
4830677967,-19.63262977,
4831277927,-19.51023267,
4831877887,-19.23946381,
4832477847,-19.2337613,
4833077807,-19.7413633,
4833677767,-19.23916556,
4834277727,-19.17366718,
4834877687,-19.34865182,
4835477647,-19.72960136,
4836077607,-19.52118599,
4836677567,-19.30279402,
4837277527,-19.6010269,
4837877487,-19.55424579,
4838477447,-19.53705333,
4839077407,-19.35248251,
4839677367,-19.88773211,
4840277327,-19.31569284,
4840877287,-19.84905982,
4841477247,-19.6700937,
4842077207,-20.23800536,
4842677167,-20.27913078,
4843277127,-19.4933557,
4843877087,-19.87052696,
4844477047,-20.30103537,
4845077007,-19.86063828,
4845676967,-20.13938599,
4846276927,-20.43986823,
4846876887,-19.68022519,
4847476847,-20.03627519,
4848076807,-20.24418528,
4848676767,-19.86656154,
4849276727,-20.50550051,
4849876687,-19.73830295,
4850476647,-20.32418908,
4851076607,-19.92034046,
4851676567,-19.77069441,
4852276527,-20.65519864,
4852876487,-20.25312478,
4853476447,-20.33472659,
4854076407,-19.89595469,
4854676367,-19.78142431,
4855276327,-20.30864262,
4855876287,-20.09117407,
4856476247,-20.32604768,
4857076207,-20.29761185,
4857676167,-20.0789437,
4858276127,-20.56974688,
4858876087,-20.74285545,
4859476047,-20.55337589,
4860076007,-19.94364987,
4860675967,-20.378899,
4861275927,-20.79513001,
4861875887,-19.86664579,
4862475847,-20.22994101,
4863075807,-19.94286996,
4863675767,-20.49759864,
4864275727,-20.37500708,
4864875687,-20.1403063,
4865475647,-20.47855494,
4866075607,-20.14372721,
4866675567,-20.36705917,
4867275527,-20.59619227,
4867875487,-20.36300452,
4868475447,-20.04451497,
4869075407,-20.56736612,
4869675367,-20.31195519,
4870275327,-20.77048073,
4870875287,-20.41987935,
4871475247,-20.67213301,
4872075207,-20.59915055,
4872675167,-20.42056442,
4873275127,-20.39685859,
4873875087,-20.23176769,
4874475047,-20.73547897,
4875075007,-20.18032532,
4875674967,-20.19606234,
4876274927,-20.66248822,
4876874887,-20.48642036,
4877474847,-20.54561333,
4878074807,-20.56662419,
4878674767,-20.44838466,
4879274727,-19.83853966,
4879874687,-20.54682303,
4880474647,-20.34730087,
4881074607,-20.78863534,
4881674567,-21.17778863,
4882274527,-20.3550065,
4882874487,-20.64311439,
4883474447,-20.49701491,
4884074407,-20.73057364,
4884674367,-20.2681944,
4885274327,-20.35820594,
4885874287,-21.21696695,
4886474247,-20.08565078,
4887074207,-20.45760378,
4887674167,-20.54941632,
4888274127,-20.57190192,
4888874087,-20.4684553,
4889474047,-20.8777207,
4890074007,-20.22842034,
4890673967,-20.31117796,
4891273927,-20.34367781,
4891873887,-20.26962404,
4892473847,-20.57640433,
4893073807,-20.54425965,
4893673767,-20.85154803,
4894273727,-21.1680137,
4894873687,-20.58385173,
4895473647,-20.54412377,
4896073607,-20.37284027,
4896673567,-20.44319131,
4897273527,-20.21520397,
4897873487,-20.29567247,
4898473447,-21.18568433,
4899073407,-20.89932146,
4899673367,-20.45422138,
4900273327,-20.26435136,
4900873287,-20.8180115,
4901473247,-20.41610757,
4902073207,-20.11893964,
4902673167,-19.82468807,
4903273127,-20.64614396,
4903873087,-20.67087437,
4904473047,-20.50885426,
4905073007,-20.6246378,
4905672967,-20.75520274,
4906272927,-20.29191436,
4906872887,-20.63495078,
4907472847,-20.32670554,
4908072807,-20.3386347,
4908672767,-20.67202898,
4909272727,-20.61095728,
4909872687,-20.41106393,
4910472647,-20.87566777,
4911072607,-20.14201129,
4911672567,-20.67190996,
4912272527,-20.34111249,
4912872487,-20.25940908,
4913472447,-20.57094443,
4914072407,-20.37918917,
4914672367,-20.46450515,
4915272327,-20.63011311,
4915872287,-20.4772986,
4916472247,-20.44690348,
4917072207,-20.09255761,
4917672167,-19.98126013,
4918272127,-20.51366137,
4918872087,-20.09630267,
4919472047,-20.31936226,
4920072007,-20.86842989,
4920671967,-20.32714316,
4921271927,-20.43092492,
4921871887,-19.98934434,
4922471847,-20.20860493,
4923071807,-20.18881757,
4923671767,-20.44325338,
4924271726,-20.04553299,
4924871686,-20.03295177,
4925471646,-20.6687359,
4926071606,-20.3579336,
4926671566,-20.0485022,
4927271526,-19.91464136,
4927871486,-20.41151797,
4928471446,-20.83981636,
4929071406,-19.71798734,
4929671366,-19.76450945,
4930271326,-20.80481148,
4930871286,-20.07550943,
4931471246,-20.35100136,
4932071206,-20.42554839,
4932671166,-19.72960981,
4933271126,-20.06290742,
4933871086,-19.94852157,
4934471046,-20.84852611,
4935071006,-19.91248579,
4935670966,-19.55491469,
4936270926,-19.58241656,
4936870886,-19.90200684,
4937470846,-20.24608141,
4938070806,-20.04912003,
4938670766,-19.88332052,
4939270726,-19.85694606,
4939870686,-19.78242315,
4940470646,-19.45357742,
4941070606,-19.35636367,
4941670566,-18.92677088,
4942270526,-19.33705908,
4942870486,-19.62646499,
4943470446,-19.29255489,
4944070406,-19.25381145,
4944670366,-19.69698151,
4945270326,-19.40417436,
4945870286,-19.13654989,
4946470246,-19.32630486,
4947070206,-19.22855094,
4947670166,-19.50933046,
4948270126,-19.27610073,
4948870086,-18.75561982,
4949470046,-19.40607718,
4950070006,-19.01911769,
4950669966,-19.29432582,
4951269926,-19.39952186,
4951869886,-18.77853677,
4952469846,-18.74836756,
4953069806,-18.932545,
4953669766,-19.24450524,
4954269726,-18.60996101,
4954869686,-19.41073844,
4955469646,-18.55494771,
4956069606,-19.04272263,
4956669566,-19.15424201,
4957269526,-18.51526573,
4957869486,-18.77201299,
4958469446,-18.52660566,
4959069406,-18.5897455,
4959669366,-18.69385926,
4960269326,-18.87868459,
4960869286,-18.39274743,
4961469246,-19.4776838,
4962069206,-18.44897255,
4962669166,-18.65222082,
4963269126,-18.87479819,
4963869086,-18.42274462,
4964469046,-18.94351459,
4965069006,-18.83796009,
4965668966,-18.98117659,
4966268926,-18.45827451,
4966868886,-18.40310742,
4967468846,-18.03729119,
4968068806,-18.37090445,
4968668766,-18.04833137,
4969268726,-18.64231799,
4969868686,-18.51935462,
4970468646,-18.47866665,
4971068606,-18.15349782,
4971668566,-18.39080198,
4972268526,-18.5634096,
4972868486,-18.56346056,
4973468446,-18.20982726,
4974068406,-18.2523222,
4974668366,-18.63110165,
4975268326,-17.78791727,
4975868286,-18.29246273,
4976468246,-18.01236899,
4977068206,-18.55513061,
4977668166,-17.89500358,
4978268126,-18.20953371,
4978868086,-17.96756611,
4979468046,-17.96898464,
4980068006,-18.07947714,
4980667966,-18.49609398,
4981267926,-18.08921274,
4981867886,-17.74186592,
4982467846,-18.19930971,
4983067806,-18.10635412,
4983667766,-17.92907467,
4984267726,-18.11765276,
4984867686,-18.15940581,
4985467646,-17.88678314,
4986067606,-17.92974188,
4986667566,-17.6071189,
4987267526,-18.13905578,
4987867486,-18.33568929,
4988467446,-18.16959239,
4989067406,-18.09760411,
4989667366,-17.99889258,
4990267326,-17.86051142,
4990867286,-17.78144187,
4991467246,-17.96103686,
4992067206,-18.00004983,
4992667166,-17.82808057,
4993267126,-17.95045489,
4993867086,-18.37453668,
4994467046,-17.98340611,
4995067006,-18.35026957,
4995666966,-17.7837882,
4996266926,-17.44716947,
4996866886,-17.49726344,
4997466846,-18.0109399,
4998066806,-18.31928434,
4998666766,-18.2389181,
4999266726,-17.90496742,
4999866686,-18.38010944,
5000466646,-18.01822782,
5001066606,-17.59563645,
5001666566,-18.14427872,
5002266526,-17.99844468,
5002866486,-17.44304484,
5003466446,-17.6040138,
5004066406,-17.87575296,
5004666366,-17.89685755,
5005266326,-17.56464857,
5005866286,-18.10364273,
5006466246,-17.80721334,
5007066206,-17.47997576,
5007666166,-17.88395221,
5008266126,-18.26175551,
5008866086,-18.07306361,
5009466046,-18.20287788,
5010066006,-17.96251962,
5010665966,-18.02529938,
5011265926,-17.36698546,
5011865886,-17.90651854,
5012465846,-17.94822621,
5013065806,-18.12288326,
5013665766,-18.04163211,
5014265726,-18.39745492,
5014865686,-18.58649508,
5015465646,-18.15105809,
5016065606,-18.23662197,
5016665566,-17.95776471,
5017265526,-18.45786877,
5017865486,-18.38303397,
5018465446,-17.76926763,
5019065406,-17.86349158,
5019665366,-17.90294701,
5020265326,-18.65150451,
5020865286,-18.03090098,
5021465246,-18.00284387,
5022065206,-18.67529295,
5022665166,-18.49223281,
5023265126,-18.26963917,
5023865086,-18.72263634,
5024465046,-18.48269683,
5025065006,-18.56573785,
5025664966,-18.54391779,
5026264926,-18.40597216,
5026864886,-18.67553482,
5027464846,-18.05305928,
5028064806,-18.25893205,
5028664766,-18.31948717,
5029264726,-18.61287844,
5029864686,-19.01392827,
5030464646,-18.88224748,
5031064606,-18.21418588,
5031664566,-19.13856835,
5032264526,-18.7442901,
5032864486,-18.97342822,
5033464446,-18.9600147,
5034064406,-19.02209596,
5034664366,-18.93398846,
5035264326,-19.06463996,
5035864286,-19.04131103,
5036464246,-18.67827259,
5037064206,-19.11803972,
5037664166,-18.998287,
5038264126,-19.56429804,
5038864086,-19.14457478,
5039464046,-19.42359981,
5040064006,-19.21302405,
5040663966,-19.40516426,
5041263926,-20.17007198,
5041863886,-19.89823769,
5042463846,-19.69519649,
5043063806,-20.18667774,
5043663766,-20.14138809,
5044263726,-20.11295659,
5044863686,-20.04672238,
5045463646,-19.54736956,
5046063606,-19.70372803,
5046663566,-20.37123031,
5047263526,-19.95986269,
5047863486,-19.72104956,
5048463446,-20.14831506,
5049063406,-19.88336942,
5049663366,-20.57565433,
5050263326,-20.43267986,
5050863286,-20.37682594,
5051463246,-20.81762766,
5052063206,-20.19676671,
5052663166,-20.31007912,
5053263126,-20.17234791,
5053863086,-20.39352401,
5054463046,-20.64873653,
5055063006,-20.51429679,
5055662966,-20.6180395,
5056262926,-20.7648348,
5056862886,-20.24988872,
5057462846,-20.62667697,
5058062806,-20.85383076,
5058662766,-20.59891591,
5059262726,-20.9788998,
5059862686,-20.96182013,
5060462646,-20.80975302,
5061062606,-20.26296455,
5061662566,-20.26491234,
5062262526,-21.45751051,
5062862486,-20.8584245,
5063462446,-20.65741455,
5064062406,-20.20940884,
5064662366,-20.99938427,
5065262326,-20.94604874,
5065862286,-21.30138123,
5066462246,-20.95775613,
5067062206,-20.66918352,
5067662166,-20.98386566,
5068262126,-20.5717679,
5068862086,-20.9974121,
5069462046,-21.00107164,
5070062006,-21.49115001,
5070661966,-21.2742401,
5071261926,-21.17611266,
5071861886,-21.38405055,
5072461846,-20.87317183,
5073061806,-21.65275424,
5073661766,-20.93170981,
5074261726,-20.94197122,
5074861686,-20.75831435,
5075461646,-21.16159945,
5076061606,-20.77572303,
5076661566,-21.02246453,
5077261526,-21.05243237,
5077861485,-20.82101153,
5078461445,-21.35369226,
5079061405,-20.97356981,
5079661365,-21.07004372,
5080261325,-21.47466201,
5080861285,-20.96536655,
5081461245,-21.47789417,
5082061205,-21.3273373,
5082661165,-21.30981949,
5083261125,-21.717029,
5083861085,-21.19604209,
5084461045,-21.47683255,
5085061005,-21.31877378,
5085660965,-21.43515839,
5086260925,-21.81601339,
5086860885,-21.27594262,
5087460845,-21.50950166,
5088060805,-21.57038122,
5088660765,-21.45653167,
5089260725,-21.66931349,
5089860685,-21.68270619,
5090460645,-21.69693143,
5091060605,-21.56563111,
5091660565,-21.71804069,
5092260525,-22.10495997,
5092860485,-21.87099561,
5093460445,-21.97348765,
5094060405,-22.08955703,
5094660365,-22.11624312,
5095260325,-21.77722723,
5095860285,-21.77272517,
5096460245,-22.15879831,
5097060205,-22.10579675,
5097660165,-22.22905179,
5098260125,-22.03652028,
5098860085,-21.9105958,
5099460045,-21.87242121,
5100060005,-22.15710953,
5100659965,-22.43872682,
5101259925,-21.74248103,
5101859885,-22.35259825,
5102459845,-22.08949674,
5103059805,-22.24628302,
5103659765,-22.25997929,
5104259725,-22.5291533,
5104859685,-22.27949826,
5105459645,-22.33974618,
5106059605,-22.23772068,
5106659565,-22.51949556,
5107259525,-22.6089084,
5107859485,-22.78426439,
5108459445,-22.56084518,
5109059405,-22.48737763,
5109659365,-22.24836375,
5110259325,-22.80672413,
5110859285,-23.13619454,
5111459245,-22.59942388,
5112059205,-22.76841188,
5112659165,-21.97387044,
5113259125,-22.73344442,
5113859085,-23.31239005,
5114459045,-22.97998882,
5115059005,-22.62848879,
5115658965,-22.53718028,
5116258925,-22.92681325,
5116858885,-22.51034239,
5117458845,-23.24836964,
5118058805,-22.86105138,
5118658765,-23.04113822,
5119258725,-22.95269002,
5119858685,-23.13399509,
5120458645,-23.17278974,
5121058605,-22.63038762,
5121658565,-22.98195473,
5122258525,-22.87816064,
5122858485,-22.73894265,
5123458445,-23.07529903,
5124058405,-23.11822795,
5124658365,-22.89073752,
5125258325,-22.97175699,
5125858285,-22.96671861,
5126458245,-22.92637483,
5127058205,-22.74938156,
5127658165,-23.20727731,
5128258125,-23.56425091,
5128858085,-23.49461802,
5129458045,-23.5358841,
5130058005,-23.79551023,
5130657965,-22.64228466,
5131257925,-23.4250194,
5131857885,-22.71953102,
5132457845,-22.95684043,
5133057805,-22.79363334,
5133657765,-22.93640915,
5134257725,-23.05914391,
5134857685,-23.04211369,
5135457645,-23.69911358,
5136057605,-23.58610088,
5136657565,-23.7558315,
5137257525,-22.81739526,
5137857485,-22.21271218,
5138457445,-22.77385501,
5139057405,-23.40455527,
5139657365,-23.55549299,
5140257325,-23.14939854,
5140857285,-23.13643109,
5141457245,-23.48616149,
5142057205,-23.95976105,
5142657165,-24.14223662,
5143257125,-23.60557322,
5143857085,-23.74381827,
5144457045,-23.20741179,
5145057005,-24.24177309,
5145656965,-23.59597358,
5146256925,-23.87938378,
5146856885,-23.94445002,
5147456845,-23.17609129,
5148056805,-23.62308722,
5148656765,-22.99927259,
5149256725,-23.82754665,
5149856685,-23.35138195,
5150456645,-23.26612495,
5151056605,-23.60264028,
5151656565,-23.68268508,
5152256525,-23.70638547,
5152856485,-23.23597814,
5153456445,-23.29958246,
5154056405,-23.30505662,
5154656365,-23.61494448,
5155256325,-24.27392381,
5155856285,-23.26381901,
5156456245,-23.87760453,
5157056205,-23.08240818,
5157656165,-24.15125531,
5158256125,-23.86385103,
5158856085,-23.35490289,
5159456045,-23.3015582,
5160056005,-23.59169898,
5160655965,-23.68900658,
5161255925,-23.81409896,
5161855885,-24.11118273,
5162455845,-24.58634177,
5163055805,-23.63021495,
5163655765,-23.34257404,
5164255725,-23.54069822,
5164855685,-24.29187697,
5165455645,-23.00997326,
5166055605,-24.22587703,
5166655565,-23.02166564,
5167255525,-22.84567295,
5167855485,-23.59461351,
5168455445,-23.17197804,
5169055405,-24.02762974,
5169655365,-23.48600032,
5170255325,-23.32692337,
5170855285,-23.91180353,
5171455245,-23.74308321,
5172055205,-23.73634287,
5172655165,-23.85143454,
5173255125,-23.87758106,
5173855085,-23.62036614,
5174455045,-23.44764624,
5175055005,-24.38642275,
5175654965,-23.54591214,
5176254925,-23.69329371,
5176854885,-23.65654427,
5177454845,-23.18663464,
5178054805,-24.12711203,
5178654765,-23.01245499,
5179254725,-22.80209974,
5179854685,-23.98272539,
5180454645,-23.60663785,
5181054605,-23.08741691,
5181654565,-23.21814458,
5182254525,-23.33621147,
5182854485,-23.16847603,
5183454445,-23.6487358,
5184054405,-23.76209067,
5184654365,-23.31829558,
5185254325,-23.28741196,
5185854285,-23.3351779,
5186454245,-23.71930837,
5187054205,-23.34906661,
5187654165,-23.71438496,
5188254125,-23.47269704,
5188854085,-23.46762475,
5189454045,-23.4849316,
5190054005,-24.40442301,
5190653965,-23.74102704,
5191253925,-23.7190147,
5191853885,-23.75778839,
5192453845,-22.77062229,
5193053805,-23.84480667,
5193653765,-23.39022468,
5194253725,-22.97171642,
5194853685,-23.64594456,
5195453645,-22.93169582,
5196053605,-23.11714788,
5196653565,-23.26329538,
5197253525,-23.14436092,
5197853485,-22.88640251,
5198453445,-23.0798868,
5199053405,-23.7701966,
5199653365,-22.24755079,
5200253325,-23.53381113,
5200853285,-23.24009096,
5201453245,-23.4501665,
5202053205,-23.73862941,
5202653165,-22.94048692,
5203253125,-23.60256782,
5203853085,-22.93656712,
5204453045,-23.01314647,
5205053005,-22.78027508,
5205652965,-22.68631193,
5206252925,-23.60639455,
5206852885,-22.76729527,
5207452845,-22.62014613,
5208052805,-23.18283014,
5208652765,-23.01134875,
5209252725,-22.37163197,
5209852685,-22.77074305,
5210452645,-22.46055729,
5211052605,-23.23397571,
5211652565,-22.63467446,
5212252525,-23.55689519,
5212852485,-23.07598169,
5213452445,-23.19416954,
5214052405,-23.10821337,
5214652365,-23.34908839,
5215252325,-23.20990105,
5215852285,-23.5667743,
5216452245,-22.8254889,
5217052205,-22.26613029,
5217652165,-22.71193743,
5218252125,-22.92308454,
5218852085,-22.55692925,
5219452045,-22.40509476,
5220052005,-22.91161285,
5220651965,-22.14612298,
5221251925,-22.85540227,
5221851885,-22.75759744,
5222451845,-22.66284621,
5223051805,-22.47556708,
5223651765,-22.87485153,
5224251725,-22.33193881,
5224851685,-22.10746958,
5225451645,-22.83642836,
5226051605,-22.74735873,
5226651565,-22.5360487,
5227251525,-22.20492181,
5227851485,-21.57619566,
5228451445,-22.34859819,
5229051405,-22.47819734,
5229651365,-22.22587352,
5230251325,-22.36249631,
5230851285,-22.37451155,
5231451244,-21.89175037,
5232051204,-21.91539104,
5232651164,-22.40445946,
5233251124,-21.78557841,
5233851084,-21.7505629,
5234451044,-22.02170216,
5235051004,-22.01521219,
5235650964,-22.0047597,
5236250924,-22.21347831,
5236850884,-22.09312321,
5237450844,-21.64745217,
5238050804,-22.1445438,
5238650764,-21.40300731,
5239250724,-21.56452466,
5239850684,-22.04895205,
5240450644,-21.67375005,
5241050604,-21.70064686,
5241650564,-21.46911801,
5242250524,-21.59936018,
5242850484,-21.64061257,
5243450444,-21.55017003,
5244050404,-21.46690262,
5244650364,-21.27599188,
5245250324,-21.66632573,
5245850284,-21.22381014,
5246450244,-21.66322765,
5247050204,-21.47772465,
5247650164,-21.34314085,
5248250124,-21.11477035,
5248850084,-20.89094323,
5249450044,-21.02546569,
5250050004,-20.91581634,
5250649964,-21.11115597,
5251249924,-21.15675267,
5251849884,-21.00665777,
5252449844,-20.94237875,
5253049804,-20.90162899,
5253649764,-21.03217871,
5254249724,-20.79763346,
5254849684,-21.02264544,
5255449644,-20.86442498,
5256049604,-20.57703825,
5256649564,-20.800003,
5257249524,-20.79972919,
5257849484,-20.68958937,
5258449444,-20.48985589,
5259049404,-20.8524442,
5259649364,-20.82033939,
5260249324,-20.92305099,
5260849284,-20.62634089,
5261449244,-20.46057402,
5262049204,-20.44078434,
5262649164,-20.5331977,
5263249124,-20.40869817,
5263849084,-20.52978241,
5264449044,-20.30909372,
5265049004,-20.70830533,
5265648964,-20.48596516,
5266248924,-20.40451363,
5266848884,-20.11796856,
5267448844,-20.51581319,
5268048804,-20.27216757,
5268648764,-20.77123053,
5269248724,-20.4771376,
5269848684,-20.13914761,
5270448644,-20.2199939,
5271048604,-20.20277683,
5271648564,-20.56584781,
5272248524,-20.09709315,
5272848484,-20.47906336,
5273448444,-20.3146888,
5274048404,-20.32445276,
5274648364,-20.63389303,
5275248324,-20.79292415,
5275848284,-20.44430352,
5276448244,-20.10525623,
5277048204,-19.97571258,
5277648164,-20.23235095,
5278248124,-20.54844117,
5278848084,-20.15169927,
5279448044,-20.00585373,
5280048004,-20.16985404,
5280647964,-20.26703464,
5281247924,-20.10394015,
5281847884,-19.77143791,
5282447844,-20.4856227,
5283047804,-20.16142919,
5283647764,-20.07644873,
5284247724,-20.5405565,
5284847684,-19.73209294,
5285447644,-20.36500374,
5286047604,-20.15501521,
5286647564,-20.29153867,
5287247524,-20.07637194,
5287847484,-20.38437346,
5288447444,-20.07790414,
5289047404,-20.58149984,
5289647364,-20.82653649,
5290247324,-20.09664268,
5290847284,-20.05036615,
5291447244,-19.9217663,
5292047204,-20.37409489,
5292647164,-20.1627701,
5293247124,-20.01970492,
5293847084,-19.9929965,
5294447044,-20.04171322,
5295047004,-19.64409598,
5295646964,-20.16138629,
5296246924,-20.00235305,
5296846884,-20.2637665,
5297446844,-20.528549,
5298046804,-20.25716527,
5298646764,-20.18039492,
5299246724,-20.52371072,
5299846684,-20.71207048,
5300446644,-20.17914336,
5301046604,-19.94031656,
5301646564,-19.97667392,
5302246524,-20.13177152,
5302846484,-20.21492855,
5303446444,-19.45400378,
5304046404,-20.62091927,
5304646364,-20.20189356,
5305246324,-20.31810453,
5305846284,-19.94632504,
5306446244,-20.37607618,
5307046204,-20.21957866,
5307646164,-20.03082762,
5308246124,-19.93634111,
5308846084,-20.10951723,
5309446044,-20.06759856,
5310046004,-20.27723056,
5310645964,-20.33903327,
5311245924,-20.47535042,
5311845884,-19.94809745,
5312445844,-20.95202456,
5313045804,-19.98365274,
5313645764,-20.29007114,
5314245724,-20.36456591,
5314845684,-20.28920093,
5315445644,-20.19213013,
5316045604,-20.04611456,
5316645564,-20.48495442,
5317245524,-20.14378345,
5317845484,-20.37343615,
5318445444,-20.22031975,
5319045404,-20.07490146,
5319645364,-20.45670938,
5320245324,-20.21266492,
5320845284,-20.2658634,
5321445244,-20.06402351,
5322045204,-20.06772649,
5322645164,-20.39697346,
5323245124,-20.36668866,
5323845084,-20.42349169,
5324445044,-20.3339706,
5325045004,-20.51494056,
5325644964,-20.58490264,
5326244924,-20.30272833,
5326844884,-20.51444443,
5327444844,-20.34319541,
5328044804,-20.41572104,
5328644764,-20.4082383,
5329244724,-20.65726909,
5329844684,-20.92257852,
5330444644,-20.63515902,
5331044604,-20.78484799,
5331644564,-20.64113657,
5332244524,-20.77698011,
5332844484,-20.60389402,
5333444444,-21.04389303,
5334044404,-20.90275061,
5334644364,-20.69350647,
5335244324,-21.08912194,
5335844284,-20.93664307,
5336444244,-21.08735378,
5337044204,-21.20793434,
5337644164,-20.89296938,
5338244124,-20.94441002,
5338844084,-20.81068732,
5339444044,-21.15406591,
5340044004,-21.4155955,
5340643964,-21.04800126,
5341243924,-20.9749578,
5341843884,-21.06485095,
5342443844,-21.23051915,
5343043804,-21.32594595,
5343643764,-20.95115192,
5344243724,-21.26752817,
5344843684,-21.36139124,
5345443644,-21.28349008,
5346043604,-21.28473566,
5346643564,-21.39608519,
5347243524,-21.25206528,
5347843484,-21.65525955,
5348443444,-21.19993022,
5349043404,-21.45588604,
5349643364,-21.65806195,
5350243324,-21.26056756,
5350843284,-22.08716811,
5351443244,-21.66840697,
5352043204,-21.85687684,
5352643164,-22.05029931,
5353243124,-21.70193941,
5353843084,-22.01628877,
5354443044,-21.89872736,
5355043004,-22.07429234,
5355642964,-21.6447142,
5356242924,-22.26595289,
5356842884,-22.28750424,
5357442844,-21.8146872,
5358042804,-21.87286939,
5358642764,-22.13698623,
5359242724,-22.15494275,
5359842684,-22.15236895,
5360442644,-22.48733797,
5361042604,-22.1754522,
5361642564,-22.21642239,
5362242524,-22.8203873,
5362842484,-22.2327788,
5363442444,-22.56354739,
5364042404,-22.20069668,
5364642364,-22.85832913,
5365242324,-21.67387485,
5365842284,-21.92555566,
5366442244,-22.002167,
5367042204,-22.2710322,
5367642164,-22.65833166,
5368242124,-22.52335056,
5368842084,-22.99934021,
5369442044,-23.15653468,
5370042004,-22.70314054,
5370641964,-22.43019925,
5371241924,-22.677336,
5371841884,-23.04314556,
5372441844,-23.08466346,
5373041804,-23.04090237,
5373641764,-23.2804886,
5374241724,-22.95225518,
5374841684,-23.23161132,
5375441644,-23.33714321,
5376041604,-23.19327942,
5376641564,-22.6102231,
5377241524,-23.50812135,
5377841484,-23.18114562,
5378441444,-23.12710767,
5379041404,-23.2623013,
5379641364,-23.13980557,
5380241324,-23.140287,
5380841284,-23.38352572,
5381441244,-23.34346965,
5382041204,-23.08800981,
5382641164,-23.85441206,
5383241124,-23.24760768,
5383841084,-23.6063755,
5384441044,-23.06479098,
5385041004,-22.44054873,
5385640963,-23.85763612,
5386240923,-23.23314319,
5386840883,-23.18036946,
5387440843,-23.43496536,
5388040803,-23.54800955,
5388640763,-23.84234946,
5389240723,-22.83398419,
5389840683,-23.02855555,
5390440643,-23.25361764,
5391040603,-22.90120018,
5391640563,-23.6945577,
5392240523,-23.12347048,
5392840483,-23.4030281,
5393440443,-23.60706968,
5394040403,-23.26968629,
5394640363,-23.07058657,
5395240323,-22.7589006,
5395840283,-23.06389974,
5396440243,-23.66246395,
5397040203,-23.35493478,
5397640163,-23.03881276,
5398240123,-22.77611372,
5398840083,-22.93857257,
5399440043,-22.2854504,
5400040003,-23.57818854,
5400639963,-23.69437292,
5401239923,-23.8977433,
5401839883,-23.05301388,
5402439843,-23.28810835,
5403039803,-23.02940533,
5403639763,-23.11651577,
5404239723,-24.0725845,
5404839683,-23.91682061,
5405439643,-23.34693742,
5406039603,-23.47490824,
5406639563,-24.38777423,
5407239523,-22.96839168,
5407839483,-23.49195354,
5408439443,-22.95116694,
5409039403,-23.77749511,
5409639363,-23.28133972,
5410239323,-24.16231197,
5410839283,-23.05002526,
5411439243,-23.6771873,
5412039203,-23.97805693,
5412639163,-24.22536064,
5413239123,-24.84741452,
5413839083,-23.46027296,
5414439043,-24.29312001,
5415039003,-24.35251042,
5415638963,-23.13416925,
5416238923,-24.53739921,
5416838883,-23.4302142,
5417438843,-23.78818157,
5418038803,-23.03915688,
5418638763,-23.2748912,
5419238723,-23.39407131,
5419838683,-23.66572033,
5420438643,-24.36582614,
5421038603,-23.50151366,
5421638563,-25.13690669,
5422238523,-23.74554768,
5422838483,-24.6351301,
5423438443,-23.18736568,
5424038403,-24.91856277,
5424638363,-23.94374068,
5425238323,-24.4308743,
5425838283,-24.70425476,
5426438243,-23.77724089,
5427038203,-24.33589596,
5427638163,-23.83237709,
5428238123,-24.14207972,
5428838083,-23.69596032,
5429438043,-25.40871076,
5430038003,-24.04825076,
5430637963,-24.65164044,
5431237923,-23.88207392,
5431837883,-25.17552455,
5432437843,-25.09078091,
5433037803,-24.9211536,
5433637763,-25.00140804,
5434237723,-23.64699084,
5434837683,-24.86271036,
5435437643,-24.47849609,
5436037603,-24.28449864,
5436637563,-24.81722138,
5437237523,-24.5508791,
5437837483,-24.70708462,
5438437443,-24.52495246,
5439037403,-24.65372401,
5439637363,-24.55981733,
5440237323,-23.91843989,
5440837283,-25.29016964,
5441437243,-23.70225816,
5442037203,-23.68968302,
5442637163,-23.70521614,
5443237123,-24.43018261,
5443837083,-23.73372163,
5444437043,-24.20021024,
5445037003,-24.10783783,
5445636963,-24.12740905,
5446236923,-24.30825773,
5446836883,-24.23124198,
5447436843,-24.63325188,
5448036803,-25.86585344,
5448636763,-25.42069487,
5449236723,-25.2054359,
5449836683,-24.68916865,
5450436643,-26.01011376,
5451036603,-24.43018161,
5451636563,-25.1812378,
5452236523,-25.42111181,
5452836483,-24.28910291,
5453436443,-24.08759402,
5454036403,-24.45390082,
5454636363,-23.60686696,
5455236323,-23.89516594,
5455836283,-25.46978048,
5456436243,-24.37126813,
5457036203,-24.27852704,
5457636163,-24.84120618,
5458236123,-25.84198938,
5458836083,-25.63496499,
5459436043,-24.63946702,
5460036003,-23.77253766,
5460635963,-24.60309809,
5461235923,-25.02145601,
5461835883,-24.18994527,
5462435843,-24.23624036,
5463035803,-24.29848462,
5463635763,-26.37042148,
5464235723,-23.46325131,
5464835683,-25.27394549,
5465435643,-23.96760726,
5466035603,-25.13872377,
5466635563,-23.54218369,
5467235523,-24.36977632,
5467835483,-24.68049977,
5468435443,-23.779826,
5469035403,-24.28827268,
5469635363,-25.05710224,
5470235323,-24.09596285,
5470835283,-24.32478071,
5471435243,-25.50416737,
5472035203,-23.64212614,
5472635163,-23.76235744,
5473235123,-24.19621908,
5473835083,-24.9374622,
5474435043,-25.21433803,
5475035003,-25.13453016,
5475634963,-23.42836402,
5476234923,-24.41277616,
5476834883,-25.80578641,
5477434843,-24.78804498,
5478034803,-23.53613352,
5478634763,-23.47905832,
5479234723,-24.61413938,
5479834683,-24.58830683,
5480434643,-25.32365304,
5481034603,-23.49907305,
5481634563,-24.74240826,
5482234523,-24.19744212,
5482834483,-23.43923518,
5483434443,-24.41115793,
5484034403,-24.24583725,
5484634363,-24.09919752,
5485234323,-23.42781501,
5485834283,-23.66217155,
5486434243,-23.6485926,
5487034203,-24.23176401,
5487634163,-23.70490306,
5488234123,-22.95809825,
5488834083,-22.77860626,
5489434043,-24.06368184,
5490034003,-23.04668182,
5490633963,-23.823436,
5491233923,-23.94158954,
5491833883,-24.45704139,
5492433843,-22.19910165,
5493033803,-23.8796505,
5493633763,-24.12731579,
5494233723,-23.35239411,
5494833683,-23.56675423,
5495433643,-22.93396714,
5496033603,-22.88313728,
5496633563,-23.47011428,
5497233523,-23.8358896,
5497833483,-23.25220595,
5498433443,-23.49821523,
5499033403,-22.82004173,
5499633363,-22.73629434,
5500233323,-23.39708831,
5500833283,-24.35699779,
5501433243,-23.77931386,
5502033203,-24.21364159,
5502633163,-22.22089695,
5503233123,-23.03555666,
5503833083,-22.71357259,
5504433043,-23.18192353,
5505033003,-22.65620688,
5505632963,-23.71131671,
5506232923,-22.71703464,
5506832883,-22.10116855,
5507432843,-21.7227636,
5508032803,-23.47906084,
5508632763,-23.01823161,
5509232723,-22.09172054,
5509832683,-22.10873946,
5510432643,-23.93676569,
5511032603,-22.26782496,
5511632563,-22.31407149,
5512232523,-23.20501642,
5512832483,-22.49343805,
5513432443,-22.19586045,
5514032403,-22.26772813,
5514632363,-21.65754614,
5515232323,-22.91369294,
5515832283,-23.43566597,
5516432243,-21.9619153,
5517032203,-22.5646445,
5517632163,-22.11989527,
5518232123,-22.48937796,
5518832083,-22.64933136,
5519432043,-22.42085635,
5520032003,-22.09214289,
5520631963,-22.53571866,
5521231923,-22.54415011,
5521831883,-22.73962982,
5522431843,-22.30018095,
5523031803,-23.51576876,
5523631763,-22.6207239,
5524231723,-22.6723106,
5524831683,-22.63427553,
5525431643,-22.85737239,
5526031603,-22.31527248,
5526631563,-22.89795459,
5527231523,-22.77600376,
5527831483,-22.30875282,
5528431443,-22.00874393,
5529031403,-21.71829553,
5529631363,-22.34345404,
5530231323,-22.16566752,
5530831283,-22.02719135,
5531431243,-21.93308633,
5532031203,-21.69732194,
5532631163,-21.69570647,
5533231123,-21.93696499,
5533831083,-22.60744971,
5534431043,-21.50853663,
5535031003,-22.24590714,
5535630963,-22.25602827,
5536230923,-22.27532695,
5536830883,-22.26555158,
5537430843,-22.36555673,
5538030803,-22.32963691,
5538630763,-21.15995522,
5539230722,-21.6252359,
5539830682,-21.72491889,
5540430642,-21.29174953,
5541030602,-22.67722282,
5541630562,-21.2408541,
5542230522,-21.47062675,
5542830482,-21.70532572,
5543430442,-21.60280181,
5544030402,-21.31311741,
5544630362,-21.82095063,
5545230322,-21.39001866,
5545830282,-21.58370957,
5546430242,-21.93923686,
5547030202,-21.9778761,
5547630162,-21.21180359,
5548230122,-21.09330115,
5548830082,-21.68291331,
5549430042,-20.8658081,
5550030002,-20.35404379,
5550629962,-21.36333381,
5551229922,-20.96356488,
5551829882,-21.14397505,
5552429842,-20.88042944,
5553029802,-20.83866518,
5553629762,-20.78665127,
5554229722,-21.25712414,
5554829682,-21.45171169,
5555429642,-21.29436448,
5556029602,-20.93981046,
5556629562,-20.36761016,
5557229522,-20.45974097,
5557829482,-20.73365522,
5558429442,-21.2883719,
5559029402,-20.88923625,
5559629362,-20.83178159,
5560229322,-20.7627725,
5560829282,-20.60603279,
5561429242,-20.60316469,
5562029202,-20.55629424,
5562629162,-20.42629759,
5563229122,-20.81646376,
5563829082,-20.12668246,
5564429042,-20.60692609,
5565029002,-20.96795836,
5565628962,-20.27391003,
5566228922,-20.41563935,
5566828882,-20.16091129,
5567428842,-20.18372571,
5568028802,-20.62582463,
5568628762,-20.32364561,
5569228722,-20.30724473,
5569828682,-20.23354334,
5570428642,-20.27779139,
5571028602,-20.54959189,
5571628562,-20.38480925,
5572228522,-19.85103253,
5572828482,-20.10301959,
5573428442,-20.44642589,
5574028402,-20.32174739,
5574628362,-20.25391353,
5575228322,-20.03075331,
5575828282,-20.1551677,
5576428242,-20.04006163,
5577028202,-19.98887824,
5577628162,-19.97906422,
5578228122,-20.1725443,
5578828082,-19.92288162,
5579428042,-20.25633763,
5580028002,-20.28956313,
5580627962,-19.72674431,
5581227922,-20.05841204,
5581827882,-20.22303716,
5582427842,-19.97191322,
5583027802,-20.41452315,
5583627762,-20.00045499,
5584227722,-19.78485399,
5584827682,-19.7870998,
5585427642,-19.94092334,
5586027602,-19.897454,
5586627562,-19.89816558,
5587227522,-19.58916912,
5587827482,-19.89430719,
5588427442,-19.68453478,
5589027402,-19.75120352,
5589627362,-19.94166212,
5590227322,-19.52668907,
5590827282,-19.94502857,
5591427242,-19.82366776,
5592027202,-19.94310165,
5592627162,-19.75134608,
5593227122,-20.02054839,
5593827082,-19.99381615,
5594427042,-19.63899071,
5595027002,-19.81134904,
5595626962,-19.8196548,
5596226922,-19.57574398,
5596826882,-20.20618343,
5597426842,-19.99097656,
5598026802,-20.04649056,
5598626762,-20.07652171,
5599226722,-19.66608737,
5599826682,-20.1061195,
5600426642,-20.14269061,
5601026602,-19.94914975,
5601626562,-19.88186936,
5602226522,-20.16868194,
5602826482,-19.86337752,
5603426442,-19.9739997,
5604026402,-19.9504503,
5604626362,-20.09712644,
5605226322,-19.73287908,
5605826282,-20.14585393,
5606426242,-19.55120428,
5607026202,-19.79117186,
5607626162,-19.91469862,
5608226122,-19.79819387,
5608826082,-20.10063536,
5609426042,-19.62516621,
5610026002,-19.75783543,
5610625962,-19.90464643,
5611225922,-20.30168942,
5611825882,-20.1008614,
5612425842,-20.16779998,
5613025802,-20.2260787,
5613625762,-19.97062444,
5614225722,-19.83947827,
5614825682,-19.68196134,
5615425642,-20.40984485,
5616025602,-20.69935974,
5616625562,-20.31311135,
5617225522,-20.74201962,
5617825482,-20.13477492,
5618425442,-20.33265393,
5619025402,-20.54537049,
5619625362,-20.54297688,
5620225322,-20.71313066,
5620825282,-20.24856495,
5621425242,-20.1657843,
5622025202,-20.89957404,
5622625162,-20.95635094,
5623225122,-20.03644025,
5623825082,-20.6468391,
5624425042,-20.57513871,
5625025002,-20.68476144,
5625624962,-20.46555507,
5626224922,-20.54476848,
5626824882,-20.39546637,
5627424842,-20.30196235,
5628024802,-20.66010828,
5628624762,-20.79909079,
5629224722,-21.02576607,
5629824682,-21.11581797,
5630424642,-20.8359967,
5631024602,-21.10847719,
5631624562,-20.6488447,
5632224522,-20.64343081,
5632824482,-20.91514835,
5633424442,-20.82273673,
5634024402,-20.83275962,
5634624362,-20.75783805,
5635224322,-20.69479611,
5635824282,-20.95079562,
5636424242,-20.84000381,
5637024202,-20.88023115,
5637624162,-21.16485021,
5638224122,-21.00466527,
5638824082,-21.7509352,
5639424042,-21.52878465,
5640024002,-21.20500814,
5640623962,-21.16950965,
5641223922,-21.1971657,
5641823882,-21.82702828,
5642423842,-21.51313104,
5643023802,-21.08280189,
5643623762,-20.70500922,
5644223722,-21.5255899,
5644823682,-22.0367267,
5645423642,-21.22382915,
5646023602,-20.6568726,
5646623562,-21.18840168,
5647223522,-21.16281474,
5647823482,-21.94067308,
5648423442,-21.40916332,
5649023402,-21.59124755,
5649623362,-21.65816817,
5650223322,-21.8623636,
5650823282,-21.71975077,
5651423242,-20.31179019,
5652023202,-21.94064188,
5652623162,-20.97071156,
5653223122,-21.38777536,
5653823082,-21.95564368,
5654423042,-21.37274242,
5655023002,-21.86401114,
5655622962,-21.44849452,
5656222922,-21.52694514,
5656822882,-22.06375268,
5657422842,-22.27355009,
5658022802,-22.42649248,
5658622762,-21.02460718,
5659222722,-21.83020913,
5659822682,-22.02628664,
5660422642,-22.68735424,
5661022602,-21.4865854,
5661622562,-22.27353188,
5662222522,-22.30611525,
5662822482,-21.58619699,
5663422442,-21.73888022,
5664022402,-20.95620327,
5664622362,-21.69181804,
5665222322,-21.65297628,
5665822282,-21.70814449,
5666422242,-21.72722023,
5667022202,-22.3119843,
5667622162,-22.64981828,
5668222122,-22.2824366,
5668822082,-22.4501613,
5669422042,-22.19958234,
5670022002,-22.07365521,
5670621962,-21.74877852,
5671221922,-22.26968838,
5671821882,-23.01293463,
5672421842,-22.2534619,
5673021802,-22.13089714,
5673621762,-23.22941113,
5674221722,-22.47995609,
5674821682,-21.81169572,
5675421642,-23.31028434,
5676021602,-22.51264288,
5676621562,-22.25312212,
5677221522,-22.22798465,
5677821482,-23.48624829,
5678421442,-23.17319961,
5679021402,-24.08344476,
5679621362,-22.74689493,
5680221322,-23.39270614,
5680821282,-23.22337752,
5681421242,-22.73010338,
5682021202,-23.27954344,
5682621162,-23.3583809,
5683221122,-22.82065811,
5683821082,-21.85233116,
5684421042,-23.15356729,
5685021002,-22.66307633,
5685620962,-22.39715293,
5686220922,-23.08122058,
5686820882,-23.64021592,
5687420842,-23.18552233,
5688020802,-22.61235546,
5688620762,-23.05450456,
5689220722,-23.23996235,
5689820682,-23.92465094,
5690420642,-24.13896311,
5691020602,-23.7194625,
5691620562,-24.04272993,
5692220522,-22.84328237,
5692820481,-23.0500812,
5693420441,-23.69013342,
5694020401,-23.53305509,
5694620361,-24.3650937,
5695220321,-24.81421211,
5695820281,-26.4036047,
5696420241,-24.26104635,
5697020201,-24.64117988,
5697620161,-23.94281953,
5698220121,-27.53449981,
5698820081,-24.66826816,
5699420041,-24.42354873,
5700020001,-23.33262632,
5700619961,-23.64896893,
5701219921,-24.8306857,
5701819881,-23.76233805,
5702419841,-24.67496483,
5703019801,-24.66370234,
5703619761,-25.00654511,
5704219721,-24.37835895,
5704819681,-24.19055414,
5705419641,-23.47896926,
5706019601,-23.80036333,
5706619561,-24.18489599,
5707219521,-22.51446038,
5707819481,-24.34097922,
5708419441,-24.38280269,
5709019401,-25.66441624,
5709619361,-23.92806784,
5710219321,-28.83510135,
5710819281,-24.74793768,
5711419241,-24.67765517,
5712019201,-25.3589431,
5712619161,-25.43732009,
5713219121,-24.83903056,
5713819081,-25.08995322,
5714419041,-24.19167265,
5715019001,-27.35532227,
5715618961,-23.50308804,
5716218921,-25.99930074,
5716818881,-26.30953805,
5717418841,-26.03207421,
5718018801,-24.76862308,
5718618761,-24.91181804,
5719218721,-25.29571542,
5719818681,-25.15228026,
5720418641,-26.12383881,
5721018601,-25.75988997,
5721618561,-25.0062889,
5722218521,-24.86204488,
5722818481,-26.77019769,
5723418441,-25.08205664,
5724018401,-25.26382714,
5724618361,-26.60374004,
5725218321,-25.30725575,
5725818281,-26.80220115,
5726418241,-25.24754067,
5727018201,-25.7059049,
5727618161,-25.54315188,
5728218121,-27.67906503,
5728818081,-27.62337913,
5729418041,-25.54025112,
5730018001,-26.30073537,
5730617961,-26.89191462,
5731217921,-26.54402765,
5731817881,-27.86041915,
5732417841,-26.19811454,
5733017801,-25.54129431,
5733617761,-28.10394229,
5734217721,-25.94431354,
5734817681,-26.95525403,
5735417641,-27.59592411,
5736017601,-25.31377912,
5736617561,-25.98057793,
5737217521,-25.50458799,
5737817481,-27.05157417,
5738417441,-25.91744016,
5739017401,-26.85013618,
5739617361,-27.70241888,
5740217321,-27.94577996,
5740817281,-26.38839833,
5741417241,-28.43138582,
5742017201,-27.17030994,
5742617161,-26.61450303,
5743217121,-25.05444316,
5743817081,-26.26024202,
5744417041,-25.41125675,
5745017001,-28.28730938,
5745616961,-25.21253625,
5746216921,-28.15068993,
5746816881,-24.96486441,
5747416841,-27.05159812,
5748016801,-28.11451011,
5748616761,-24.45811136,
5749216721,-27.39973335,
5749816681,-26.7692852,
5750416641,-27.21911358,
5751016601,-23.65982537,
5751616561,-24.7299563,
5752216521,-27.69990323,
5752816481,-27.7100796,
5753416441,-26.86505832,
5754016401,-26.52717054,
5754616361,-25.94367187,
5755216321,-27.97881684,
5755816281,-26.06650766,
5756416241,-29.04114196,
5757016201,-25.57792357,
5757616161,-27.94346601,
5758216121,-26.36590367,
5758816081,-26.51637581,
5759416041,-26.60414643,
5760016001,-26.81036449,
5760615961,-26.58422636,
5761215921,-27.52873831,
5761815881,-25.02289684,
5762415841,-25.8109088,
5763015801,-26.66479515,
5763615761,-26.6278364,
5764215721,-26.04656575,
5764815681,-27.51880322,
5765415641,-27.52180999,
5766015601,-25.94501948,
5766615561,-26.45388454,
5767215521,-25.45940802,
5767815481,-26.15794078,
5768415441,-26.85917533,
5769015401,-25.55244783,
5769615361,-25.38835878,
5770215321,-27.11884166,
5770815281,-25.56908204,
5771415241,-25.47967079,
5772015201,-28.63044017,
5772615161,-26.89137072,
5773215121,-27.83716699,
5773815081,-25.93794015,
5774415041,-25.95403012,
5775015001,-30.22397838,
5775614961,-24.13367628,
5776214921,-27.75514621,
5776814881,-24.60612239,
5777414841,-24.08329023,
5778014801,-24.41302661,
5778614761,-26.10445613,
5779214721,-23.99501739,
5779814681,-23.6859223,
5780414641,-25.94845746,
5781014601,-23.9957042,
5781614561,-25.65343632,
5782214521,-24.5982992,
5782814481,-25.71452361,
5783414441,-24.41711053,
5784014401,-24.82366523,
5784614361,-26.3227123,
5785214321,-24.44950831,
5785814281,-25.63856894,
5786414241,-24.52709993,
5787014201,-25.49576997,
5787614161,-26.65387997,
5788214121,-24.95113147,
5788814081,-23.56842528,
5789414041,-24.82920108,
5790014001,-24.62765945,
5790613961,-24.85935626,
5791213921,-24.33200229,
5791813881,-23.78228417,
5792413841,-25.16809076,
5793013801,-24.25919691,
5793613761,-26.06685128,
5794213721,-24.55728897,
5794813681,-24.97863468,
5795413641,-24.60330425,
5796013601,-22.64521489,
5796613561,-24.78350924,
5797213521,-23.27814028,
5797813481,-24.96278193,
5798413441,-24.23862447,
5799013401,-24.18927881,
5799613361,-24.52611247,
5800213321,-25.58800383,
5800813281,-24.30304084,
5801413241,-23.1443699,
5802013201,-24.62086137,
5802613161,-24.35353482,
5803213121,-23.72381557,
5803813081,-23.22024657,
5804413041,-24.02685139,
5805013001,-23.89879359,
5805612961,-26.75603299,
5806212921,-23.30043143,
5806812881,-23.51282176,
5807412841,-23.15766732,
5808012801,-23.94177064,
5808612761,-23.72559739,
5809212721,-23.22434303,
5809812681,-23.72844651,
5810412641,-24.40775132,
5811012601,-22.70843654,
5811612561,-22.69380973,
5812212521,-21.91327516,
5812812481,-23.27474737,
5813412441,-22.69365865,
5814012401,-23.24096573,
5814612361,-22.1512589,
5815212321,-22.56121614,
5815812281,-22.77286859,
5816412241,-23.01279118,
5817012201,-21.79160436,
5817612161,-22.22722549,
5818212121,-22.60444648,
5818812081,-21.78091331,
5819412041,-21.85891672,
5820012001,-22.8066884,
5820611961,-22.06744183,
5821211921,-22.46311546,
5821811881,-22.07393084,
5822411841,-22.46719322,
5823011801,-22.64187585,
5823611761,-22.20795957,
5824211721,-22.11062125,
5824811681,-22.01104265,
5825411641,-22.44610153,
5826011601,-22.80871789,
5826611561,-22.34291889,
5827211521,-21.41492687,
5827811481,-21.73651919,
5828411441,-21.19001324,
5829011401,-22.01321556,
5829611361,-21.23464177,
5830211321,-21.57938932,
5830811281,-21.89207373,
5831411241,-21.46413841,
5832011201,-21.27859072,
5832611161,-21.96482964,
5833211121,-21.50988252,
5833811081,-21.32627845,
5834411041,-22.30360295,
5835011001,-21.46910861,
5835610961,-21.37582297,
5836210921,-21.98010591,
5836810881,-22.66165049,
5837410841,-21.60812897,
5838010801,-22.28384433,
5838610761,-21.77850641,
5839210721,-22.21719275,
5839810681,-21.26917374,
5840410641,-21.45531195,
5841010601,-22.10357323,
5841610561,-21.69276314,
5842210521,-21.87760808,
5842810481,-21.98031597,
5843410441,-21.85154913,
5844010401,-21.34681085,
5844610361,-21.06877671,
5845210321,-21.12132495,
5845810281,-21.6832695,
5846410240,-21.82680824,
5847010200,-20.95406573,
5847610160,-21.39859749,
5848210120,-20.84273067,
5848810080,-20.87430485,
5849410040,-21.223209,
5850010000,-21.21721348,
5850609960,-20.94920213,
5851209920,-20.29489484,
5851809880,-21.39237631,
5852409840,-21.19759704,
5853009800,-20.89999897,
5853609760,-20.9104163,
5854209720,-20.54125246,
5854809680,-21.2378381,
5855409640,-21.56269533,
5856009600,-20.85678416,
5856609560,-20.88503012,
5857209520,-20.56223332,
5857809480,-20.80459748,
5858409440,-20.89988289,
5859009400,-20.78414358,
5859609360,-21.18927719,
5860209320,-21.07057283,
5860809280,-21.12615195,
5861409240,-20.76801691,
5862009200,-21.09275268,
5862609160,-21.29887905,
5863209120,-20.51450284,
5863809080,-20.83883814,
5864409040,-20.65575827,
5865009000,-20.63584198,
5865608960,-20.82001094,
5866208920,-20.10424802,
5866808880,-19.97124542,
5867408840,-20.64820745,
5868008800,-20.75688088,
5868608760,-20.23148558,
5869208720,-20.56590957,
5869808680,-20.79031276,
5870408640,-20.77885258,
5871008600,-20.14856501,
5871608560,-20.22162713,
5872208520,-20.52326558,
5872808480,-20.14041425,
5873408440,-19.56363751,
5874008400,-20.26101371,
5874608360,-20.45520855,
5875208320,-20.33559697,
5875808280,-19.52544664,
5876408240,-19.73677867,
5877008200,-20.6643718,
5877608160,-20.41296493,
5878208120,-20.65128726,
5878808080,-20.05077757,
5879408040,-20.50866335,
5880008000,-20.39465419,
5880607960,-19.60736988,
5881207920,-20.3757973,
5881807880,-20.34673265,
5882407840,-20.44478199,
5883007800,-20.09492938,
5883607760,-20.62535802,
5884207720,-19.35785279,
5884807680,-20.46903453,
5885407640,-19.96303089,
5886007600,-20.26881735,
5886607560,-20.193614,
5887207520,-19.78306119,
5887807480,-20.12360255,
5888407440,-19.55695083,
5889007400,-19.86917888,
5889607360,-20.34726384,
5890207320,-20.04801224,
5890807280,-19.80151808,
5891407240,-19.98029122,
5892007200,-19.70955767,
5892607160,-19.71822603,
5893207120,-19.77644026,
5893807080,-19.91692149,
5894407040,-19.06376239,
5895007000,-19.91282215,
5895606960,-19.86427611,
5896206920,-19.44851818,
5896806880,-20.28903278,
5897406840,-20.46560219,
5898006800,-20.0791572,
5898606760,-20.29262156,
5899206720,-19.56726853,
5899806680,-19.8088813,
5900406640,-19.99687073,
5901006600,-19.71788853,
5901606560,-19.74728985,
5902206520,-20.33661277,
5902806480,-20.34976354,
5903406440,-20.00367671,
5904006400,-20.47190676,
5904606360,-20.07172652,
5905206320,-20.03227795,
5905806280,-20.31494205,
5906406240,-19.85740325,
5907006200,-19.93331555,
5907606160,-19.95944254,
5908206120,-19.62884328,
5908806080,-19.86249142,
5909406040,-20.26251589,
5910006000,-20.13371108,
5910605960,-20.5694783,
5911205920,-20.10923176,
5911805880,-19.93553552,
5912405840,-20.03626714,
5913005800,-20.24828025,
5913605760,-20.18689856,
5914205720,-19.84986267,
5914805680,-20.45955819,
5915405640,-20.38035115,
5916005600,-20.67576862,
5916605560,-19.42679233,
5917205520,-19.92577471,
5917805480,-20.32097444,
5918405440,-20.89898107,
5919005400,-20.70237215,
5919605360,-20.18685887,
5920205320,-20.95487549,
5920805280,-20.47321162,
5921405240,-20.82726893,
5922005200,-20.18149193,
5922605160,-20.49059345,
5923205120,-21.15896535,
5923805080,-20.67142729,
5924405040,-21.08525046,
5925005000,-20.67402013,
5925604960,-19.42965123,
5926204920,-21.36571405,
5926804880,-20.24005122,
5927404840,-20.93974724,
5928004800,-21.30601096,
5928604760,-21.04898013,
5929204720,-21.13231765,
5929804680,-21.67378377,
5930404640,-20.39548661,
5931004600,-21.33176319,
5931604560,-20.63573434,
5932204520,-21.34419566,
5932804480,-21.41888694,
5933404440,-21.15676962,
5934004400,-20.42910407,
5934604360,-20.91292396,
5935204320,-21.52358479,
5935804280,-21.14687511,
5936404240,-20.79229445,
5937004200,-21.68239409,
5937604160,-20.92937114,
5938204120,-21.27694097,
5938804080,-21.67329089,
5939404040,-21.91433974,
5940004000,-21.746004,
5940603960,-21.39897753,
5941203920,-21.94236198,
5941803880,-21.48661562,
5942403840,-21.68188624,
5943003800,-21.62907229,
5943603760,-21.46003189,
5944203720,-21.65577821,
5944803680,-21.38998254,
5945403640,-21.2485703,
5946003600,-20.85791757,
5946603560,-21.24766169,
5947203520,-21.9213474,
5947803480,-22.01534345,
5948403440,-21.24646685,
5949003400,-20.64620527,
5949603360,-20.98891905,
5950203320,-21.2122472,
5950803280,-21.53752125,
5951403240,-21.28542912,
5952003200,-21.87856817,
5952603160,-21.58574097,
5953203120,-21.75788344,
5953803080,-21.66104061,
5954403040,-21.53543422,
5955003000,-21.94770011,
5955602960,-21.65128188,
5956202920,-20.97372731,
5956802880,-21.38982114,
5957402840,-22.28257653,
5958002800,-21.57596911,
5958602760,-22.47249975,
5959202720,-21.39295732,
5959802680,-22.0340752,
5960402640,-22.07848307,
5961002600,-20.78418199,
5961602560,-23.39570165,
5962202520,-22.3859653,
5962802480,-21.71908973,
5963402440,-21.65687967,
5964002400,-21.49717543,
5964602360,-23.06747497,
5965202320,-21.89843758,
5965802280,-23.23520724,
5966402240,-22.99658343,
5967002200,-22.58955598,
5967602160,-22.51973028,
5968202120,-22.51412677,
5968802080,-24.47109143,
5969402040,-23.87714901,
5970002000,-23.90978107,
5970601960,-21.92875014,
5971201920,-23.37270668,
5971801880,-22.91153084,
5972401840,-23.82682816,
5973001800,-22.91849845,
5973601760,-22.66180737,
5974201720,-22.85750543,
5974801680,-25.37258114,
5975401640,-24.46749425,
5976001600,-24.21654529,
5976601560,-23.55431035,
5977201520,-23.16977968,
5977801480,-25.25826859,
5978401440,-24.41237057,
5979001400,-26.05276036,
5979601360,-24.43388015,
5980201320,-24.63539617,
5980801280,-24.2897163,
5981401240,-24.49656673,
5982001200,-23.61798089,
5982601160,-23.51629413,
5983201120,-23.71685002,
5983801080,-24.54611504,
5984401040,-23.80442948,
5985001000,-25.21039779,
5985600960,-25.16418517,
5986200920,-24.26129219,
5986800880,-23.82436038,
5987400840,-24.32866886,
5988000800,-25.93883701,
5988600760,-25.98865029,
5989200720,-23.36124618,
5989800680,-24.66287593,
5990400640,-24.49811022,
5991000600,-27.04542166,
5991600560,-25.04271924,
5992200520,-25.82816263,
5992800480,-24.94247754,
5993400440,-25.17935314,
5994000400,-30.01157507,
5994600360,-27.15636115,
5995200320,-25.30180433,
5995800280,-26.64199868,
5996400240,-26.4221447,
5997000200,-27.38695467,
5997600160,-26.24857185,
5998200120,-25.08856174,
5998800080,-25.97923022,
5999400040,-27.10095317,
6000000000,-27.09825201,
