Frequency,S12_Magnitude,
1000000,-3.47781469,
1599959,-3.284714004,
2199919,-3.201686761,
2799879,-3.180972728,
3399839,-2.953896142,
3999799,-3.042640628,
4599759,-2.901927352,
5199719,-2.952802362,
5799679,-3.077430342,
6399639,-3.072008968,
6999599,-3.254322079,
7599559,-3.41321281,
8199519,-3.499196379,
8799479,-3.642255007,
9399439,-3.794191134,
9999399,-3.976725463,
10599359,-4.013671373,
11199319,-4.277908864,
11799279,-4.465652861,
12399239,-4.594429655,
12999199,-4.792561856,
13599159,-4.996660392,
14199119,-5.125814156,
14799079,-5.395177591,
15399039,-5.594091785,
15998999,-5.663160247,
16598959,-5.906626233,
17198919,-6.025755296,
17798879,-6.398898527,
18398839,-6.63733039,
18998799,-6.810012702,
19598759,-6.982989365,
20198719,-7.357092072,
20798679,-7.547649054,
21398639,-7.769995824,
21998599,-7.949105597,
22598559,-8.22804459,
23198519,-8.496626623,
23798479,-8.764630361,
24398439,-9.176218515,
24998399,-9.259240827,
25598359,-9.578819782,
26198319,-9.926727628,
26798279,-10.12492706,
27398239,-10.3677384,
27998199,-10.67693364,
28598159,-10.98169422,
29198119,-11.31651554,
29798079,-11.65580186,
30398039,-12.10315939,
30997999,-12.33736704,
31597959,-12.6910565,
32197919,-13.03013465,
32797879,-13.46517909,
33397839,-14.06852849,
33997799,-14.46186012,
34597759,-14.91216031,
35197719,-15.25134996,
35797679,-15.64138902,
36397639,-15.97617252,
36997599,-16.80839784,
37597559,-17.69328284,
38197519,-17.75577634,
38797479,-18.65680832,
39397439,-18.91294724,
39997399,-19.90210335,
40597359,-20.83440075,
41197319,-23.01937936,
41797279,-23.28325015,
42397239,-24.08490915,
42997199,-25.58078442,
43597159,-26.59484708,
44197119,-30.04295784,
44797079,-38.94611894,
45397039,-39.54627023,
45996999,-40.9882408,
46596959,-44.80033969,
47196919,-37.78139796,
47796879,-38.70189411,
48396839,-31.4236563,
48996799,-26.29223538,
49596759,-25.62567504,
50196719,-24.10924017,
50796679,-23.0092133,
51396639,-22.85019846,
51996599,-22.14097494,
52596559,-20.31928598,
53196519,-19.62129991,
53796479,-18.76741788,
54396439,-18.09453534,
54996399,-17.60413822,
55596359,-16.98876262,
56196319,-16.3220026,
56796279,-15.68661602,
57396239,-15.21159364,
57996199,-14.68034926,
58596159,-14.59648111,
59196119,-14.37445342,
59796079,-13.826264,
60396039,-13.27393776,
60995999,-12.88894021,
61595959,-12.6274653,
62195919,-12.32325677,
62795879,-11.98733934,
63395839,-11.80695267,
63995799,-11.28434563,
64595759,-11.07551444,
65195719,-10.7977369,
65795679,-10.6717824,
66395639,-10.2347559,
66995599,-10.11481641,
67595559,-9.975106,
68195519,-9.679812373,
68795479,-9.399365767,
69395439,-9.262129898,
69995399,-9.147984332,
70595359,-8.896207632,
71195319,-8.637258345,
71795279,-8.544259778,
72395239,-8.263706107,
72995199,-8.12786129,
73595159,-8.0744025,
74195119,-7.864212588,
74795079,-7.634373599,
75395039,-7.542998324,
75994999,-7.346961458,
76594959,-7.227120226,
77194919,-7.132061566,
77794879,-7.066098842,
78394839,-6.980695367,
78994799,-6.931691378,
79594759,-6.713513464,
80194719,-6.623796245,
80794679,-6.550595064,
81394639,-6.424536608,
81994599,-6.280455473,
82594559,-6.188605527,
83194519,-6.057405061,
83794479,-6.094539555,
84394439,-6.042343816,
84994399,-5.924366005,
85594359,-5.642158276,
86194319,-5.714051583,
86794279,-5.611538623,
87394239,-5.507574474,
87994199,-5.347202518,
88594159,-5.406682517,
89194119,-5.345514753,
89794079,-5.32234709,
90394039,-5.281743818,
90993999,-5.20129085,
91593959,-5.115746176,
92193919,-5.127294351,
92793879,-5.141230198,
93393839,-5.162621328,
93993799,-4.988632517,
94593759,-4.952639025,
95193719,-4.82735995,
95793679,-4.762449755,
96393639,-4.721619882,
96993599,-4.726083152,
97593559,-4.673230493,
98193519,-4.651157288,
98793479,-4.595648059,
99393439,-4.550434289,
99993399,-4.58896181,
100593359,-4.494485516,
101193319,-4.510367523,
101793279,-4.459437196,
102393239,-4.493211783,
102993199,-4.420051018,
103593159,-4.373441545,
104193119,-4.486860718,
104793079,-4.481811027,
105393039,-4.358505095,
105992999,-4.37191655,
106592959,-4.352848944,
107192919,-4.326306388,
107792879,-4.302791854,
108392839,-4.230142708,
108992799,-4.254701187,
109592759,-4.206526487,
110192719,-4.173359087,
110792679,-4.290763077,
111392639,-4.182566704,
111992599,-4.109897983,
112592559,-4.135915351,
113192519,-4.221226373,
113792479,-4.193694378,
114392439,-4.172203015,
114992399,-4.113861946,
115592359,-4.097785315,
116192319,-4.064429366,
116792279,-4.095143549,
117392239,-4.162669194,
117992199,-4.126221939,
118592159,-4.068491473,
119192119,-4.083330632,
119792079,-4.067524243,
120392039,-4.143030978,
120991999,-4.050084557,
121591959,-4.095701301,
122191919,-4.158587348,
122791879,-4.000908847,
123391839,-4.030799595,
123991799,-4.067466143,
124591759,-4.0632484,
125191719,-3.94268737,
125791679,-3.984732352,
126391639,-4.008944547,
126991599,-4.001979092,
127591559,-3.996862275,
128191519,-3.978777991,
128791479,-4.071795903,
129391439,-4.022259689,
129991399,-4.023901523,
130591359,-3.991447084,
131191319,-3.991650278,
131791279,-4.014920331,
132391239,-4.020173386,
132991199,-3.999423534,
133591159,-4.051788362,
134191119,-4.022609189,
134791079,-4.014269593,
135391039,-4.008254989,
135990999,-4.018741121,
136590959,-4.059674069,
137190919,-4.030352785,
137790879,-4.038754195,
138390839,-3.917281728,
138990799,-4.03971549,
139590759,-3.984665832,
140190719,-3.860487443,
140790679,-4.002658382,
141390639,-3.803576133,
141990599,-4.079242471,
142590559,-4.086955089,
143190519,-4.043278248,
143790479,-4.028199997,
144390438,-3.975098273,
144990398,-4.111147127,
145590358,-4.095968053,
146190318,-3.937656936,
146790278,-3.981664423,
147390238,-3.982989874,
147990198,-3.949238759,
148590158,-3.988571144,
149190118,-4.07104288,
149790078,-4.02704187,
150390038,-3.993043054,
150989998,-3.948482335,
151589958,-4.004760655,
152189918,-4.006649658,
152789878,-4.012822209,
153389838,-4.018929032,
153989798,-4.001942553,
154589758,-3.973330323,
155189718,-4.087706841,
155789678,-3.937962937,
156389638,-3.985317857,
156989598,-4.009198403,
157589558,-4.028786398,
158189518,-4.107312784,
158789478,-4.018870136,
159389438,-3.909816109,
159989398,-3.972956204,
160589358,-4.041291983,
161189318,-4.025331867,
161789278,-3.985483448,
162389238,-3.985443677,
162989198,-3.963284445,
163589158,-4.009428014,
164189118,-3.983355533,
164789078,-4.076389553,
165389038,-3.971501854,
165988998,-4.000421777,
166588958,-4.137223963,
167188918,-4.051003572,
167788878,-4.098289616,
168388838,-4.038924489,
168988798,-4.089896452,
169588758,-4.108163725,
170188718,-4.014527592,
170788678,-4.037369146,
171388638,-3.943675625,
171988598,-3.947199464,
172588558,-4.036264249,
173188518,-4.006990399,
173788478,-4.018339668,
174388438,-3.93061967,
174988398,-4.037473614,
175588358,-4.062155401,
176188318,-4.017138784,
176788278,-3.952766277,
177388238,-3.985670924,
177988198,-4.081875142,
178588158,-3.980116039,
179188118,-4.035156982,
179788078,-4.088359988,
180388038,-4.012448811,
180987998,-4.117958577,
181587958,-4.009777389,
182187918,-4.033950503,
182787878,-3.991395888,
183387838,-3.976031031,
183987798,-4.001915636,
184587758,-3.966288553,
185187718,-4.110087082,
185787678,-3.938233164,
186387638,-4.067613024,
186987598,-3.950686228,
187587558,-3.93470462,
188187518,-3.993922593,
188787478,-3.885764847,
189387438,-3.95885795,
189987398,-3.815681115,
190587358,-3.848722286,
191187318,-3.878194216,
191787278,-3.88185624,
192387238,-3.918687654,
192987198,-3.81245478,
193587158,-3.8557993,
194187118,-3.911470377,
194787078,-3.966487279,
195387038,-3.922015135,
195986998,-3.937127373,
196586958,-3.858365478,
197186918,-3.86417158,
197786878,-3.881938952,
198386838,-3.799844425,
198986798,-3.869734652,
199586758,-3.83184249,
200186718,-3.8943371,
200786678,-3.882685469,
201386638,-3.850215004,
201986598,-3.840897267,
202586558,-3.849199166,
203186518,-3.880298991,
203786478,-3.775265711,
204386438,-3.795205887,
204986398,-3.86827921,
205586358,-3.842046789,
206186318,-3.894148033,
206786278,-3.86552259,
207386238,-3.759344459,
207986198,-3.841761206,
208586158,-3.70855095,
209186118,-3.80974179,
209786078,-3.825843372,
210386038,-3.731928877,
210985998,-3.724117873,
211585958,-3.767214131,
212185918,-3.746560475,
212785878,-3.867323293,
213385838,-3.74583001,
213985798,-3.737034329,
214585758,-3.710139771,
215185718,-3.730623523,
215785678,-3.699098769,
216385638,-3.78157612,
216985598,-3.723654431,
217585558,-3.670617745,
218185518,-3.727577312,
218785478,-3.66623655,
219385438,-3.684770504,
219985398,-3.746897685,
220585358,-3.623180359,
221185318,-3.605691751,
221785278,-3.585985434,
222385238,-3.630314361,
222985198,-3.625331523,
223585158,-3.605255283,
224185118,-3.648081596,
224785078,-3.596280888,
225385038,-3.544864336,
225984998,-3.373846834,
226584958,-3.505953058,
227184918,-3.489995505,
227784878,-3.464472012,
228384838,-3.483204735,
228984798,-3.377989559,
229584758,-3.382943858,
230184718,-3.415126915,
230784678,-3.465800445,
231384638,-3.434979332,
231984598,-3.355303305,
232584558,-3.380391328,
233184518,-3.503026943,
233784478,-3.379030487,
234384438,-3.357051778,
234984398,-3.42473381,
235584358,-3.434725411,
236184318,-3.365690901,
236784278,-3.3306244,
237384238,-3.328765236,
237984198,-3.350072299,
238584158,-3.459824086,
239184118,-3.318252459,
239784078,-3.323389179,
240384038,-3.32327683,
240983998,-3.239474888,
241583958,-3.312743129,
242183918,-3.335147366,
242783878,-3.360378811,
243383838,-3.315646632,
243983798,-3.309301165,
244583758,-3.327462182,
245183718,-3.287661468,
245783678,-3.258524937,
246383638,-3.232803552,
246983598,-3.260598271,
247583558,-3.240051714,
248183518,-3.253300369,
248783478,-3.225368283,
249383438,-3.236044422,
249983398,-3.25251404,
250583358,-3.279806722,
251183318,-3.173426091,
251783278,-3.300973929,
252383238,-3.2844669,
252983198,-3.202229613,
253583158,-3.299052696,
254183118,-3.294288935,
254783078,-3.245904707,
255383038,-3.244401631,
255982998,-3.225211399,
256582958,-3.221449577,
257182918,-3.238225746,
257782878,-3.215474226,
258382838,-3.192796594,
258982798,-3.263610938,
259582758,-3.244599905,
260182718,-3.319804625,
260782678,-3.282149752,
261382638,-3.211918824,
261982598,-3.275690534,
262582558,-3.254254748,
263182518,-3.234206515,
263782478,-3.220885197,
264382438,-3.262189171,
264982398,-3.332533891,
265582358,-3.240568484,
266182318,-3.283414901,
266782278,-3.306904882,
267382238,-3.287233017,
267982198,-3.305170313,
268582158,-3.218027877,
269182118,-3.2778768,
269782078,-3.217788991,
270382038,-3.267905052,
270981998,-3.271324648,
271581958,-3.295253197,
272181918,-3.299633148,
272781878,-3.238556147,
273381838,-3.324515411,
273981798,-3.312222506,
274581758,-3.335146553,
275181718,-3.299905919,
275781678,-3.374518201,
276381638,-3.365348517,
276981598,-3.242268907,
277581558,-3.330766888,
278181518,-3.439831642,
278781478,-3.317410014,
279381438,-3.321770023,
279981398,-3.304827511,
280581358,-3.33791517,
281181318,-3.312711124,
281781278,-3.40772255,
282381238,-3.2799498,
282981198,-3.378407221,
283581158,-3.377383361,
284181118,-3.441068519,
284781078,-3.380363148,
285381038,-3.423426534,
285980998,-3.400704206,
286580958,-3.380512889,
287180917,-3.447257871,
287780877,-3.489889607,
288380837,-3.423771543,
288980797,-3.422655923,
289580757,-3.5081105,
290180717,-3.421771386,
290780677,-3.421450751,
291380637,-3.380759692,
291980597,-3.457082252,
292580557,-3.552371081,
293180517,-3.551516295,
293780477,-3.520881695,
294380437,-3.419974595,
294980397,-3.613467927,
295580357,-3.608231878,
296180317,-3.533072745,
296780277,-3.538627985,
297380237,-3.527323728,
297980197,-3.540627648,
298580157,-3.550295037,
299180117,-3.566608183,
299780077,-3.541899522,
300380037,-3.579837095,
300979997,-3.623783232,
301579957,-3.585815179,
302179917,-3.597266229,
302779877,-3.58229666,
303379837,-3.645303313,
303979797,-3.596934248,
304579757,-3.619263983,
305179717,-3.569618195,
305779677,-3.591596226,
306379637,-3.546634638,
306979597,-3.664220092,
307579557,-3.642688646,
308179517,-3.659443536,
308779477,-3.672779232,
309379437,-3.733862499,
309979397,-3.630866812,
310579357,-3.699800639,
311179317,-3.688749115,
311779277,-3.638157998,
312379237,-3.706594624,
312979197,-3.66797232,
313579157,-3.700710463,
314179117,-3.736385339,
314779077,-3.753131383,
315379037,-3.736455233,
315978997,-3.796090144,
316578957,-3.714796132,
317178917,-3.683639039,
317778877,-3.831703373,
318378837,-3.696411097,
318978797,-3.833854511,
319578757,-3.706007003,
320178717,-3.734465912,
320778677,-3.772736741,
321378637,-3.776335542,
321978597,-3.825399199,
322578557,-3.810609149,
323178517,-3.807447547,
323778477,-3.868288829,
324378437,-3.829060081,
324978397,-3.758798224,
325578357,-3.8119313,
326178317,-3.860246986,
326778277,-3.862336414,
327378237,-3.781307979,
327978197,-3.786430562,
328578157,-3.831665413,
329178117,-3.834050791,
329778077,-3.755624287,
330378037,-3.843325111,
330977997,-3.875012864,
331577957,-3.886744059,
332177917,-3.808574884,
332777877,-3.821485142,
333377837,-3.842796106,
333977797,-3.92544972,
334577757,-3.76570593,
335177717,-3.861036364,
335777677,-3.910572782,
336377637,-3.727128906,
336977597,-3.879054153,
337577557,-3.869605352,
338177517,-3.802922056,
338777477,-3.908640644,
339377437,-3.846405067,
339977397,-3.863631807,
340577357,-3.934151957,
341177317,-3.801120697,
341777277,-3.834521081,
342377237,-3.810077464,
342977197,-3.799076849,
343577157,-3.838687066,
344177117,-3.890713742,
344777077,-3.809730622,
345377037,-3.790458542,
345976997,-3.831041473,
346576957,-3.880621404,
347176917,-3.792819446,
347776877,-3.793079558,
348376837,-3.732145968,
348976797,-3.857740134,
349576757,-3.815621129,
350176717,-3.816269722,
350776677,-3.760700687,
351376637,-3.770859899,
351976597,-3.772281618,
352576557,-3.684430496,
353176517,-3.817361594,
353776477,-3.706914159,
354376437,-3.698904611,
354976397,-3.783686534,
355576357,-3.725227903,
356176317,-3.756548868,
356776277,-3.767903184,
357376237,-3.745533741,
357976197,-3.719201835,
358576157,-3.694060008,
359176117,-3.784512628,
359776077,-3.704684723,
360376037,-3.749818181,
360975997,-3.794144404,
361575957,-3.760827415,
362175917,-3.744386449,
362775877,-3.769350713,
363375837,-3.701991704,
363975797,-3.780670877,
364575757,-3.774504544,
365175717,-3.677489424,
365775677,-3.679632777,
366375637,-3.739843119,
366975597,-3.775831978,
367575557,-3.630883346,
368175517,-3.733348668,
368775477,-3.584719679,
369375437,-3.696145155,
369975397,-3.761490202,
370575357,-3.63678962,
371175317,-3.694782281,
371775277,-3.676707187,
372375237,-3.679973308,
372975197,-3.649371016,
373575157,-3.648560426,
374175117,-3.614501733,
374775077,-3.571077155,
375375037,-3.599906955,
375974997,-3.588115139,
376574957,-3.576609848,
377174917,-3.510391644,
377774877,-3.565647962,
378374837,-3.590870579,
378974797,-3.631080269,
379574757,-3.606399409,
380174717,-3.562959631,
380774677,-3.546073288,
381374637,-3.514878152,
381974597,-3.491707997,
382574557,-3.480611808,
383174517,-3.448308977,
383774477,-3.488583641,
384374437,-3.513214602,
384974397,-3.488728282,
385574357,-3.555526725,
386174317,-3.539922439,
386774277,-3.454552666,
387374237,-3.499930932,
387974197,-3.468787978,
388574157,-3.510154502,
389174117,-3.470831526,
389774077,-3.416634197,
390374037,-3.477319751,
390973997,-3.47226079,
391573957,-3.501811195,
392173917,-3.383311114,
392773877,-3.42153975,
393373837,-3.4454583,
393973797,-3.460264957,
394573757,-3.39085092,
395173717,-3.436621732,
395773677,-3.497774126,
396373637,-3.422358595,
396973597,-3.345474282,
397573557,-3.364018232,
398173517,-3.363504398,
398773477,-3.35643952,
399373437,-3.334546871,
399973397,-3.266866991,
400573357,-3.316316624,
401173317,-3.345260511,
401773277,-3.319614623,
402373237,-3.359932496,
402973197,-3.30305648,
403573157,-3.390798456,
404173117,-3.303547679,
404773077,-3.411117974,
405373037,-3.262464829,
405972997,-3.400066983,
406572957,-3.322623052,
407172917,-3.372921249,
407772877,-3.269861888,
408372837,-3.26674881,
408972797,-3.303418946,
409572757,-3.232655153,
410172717,-3.288084283,
410772677,-3.295402966,
411372637,-3.321632842,
411972597,-3.243076518,
412572557,-3.362268351,
413172517,-3.393558901,
413772477,-3.218959774,
414372437,-3.255351393,
414972397,-3.339235817,
415572357,-3.22557482,
416172317,-3.26971264,
416772277,-3.251166667,
417372237,-3.270820665,
417972197,-3.258670262,
418572157,-3.274697863,
419172117,-3.222468027,
419772077,-3.29119932,
420372037,-3.288228271,
420971997,-3.227939017,
421571957,-3.150122953,
422171917,-3.273602175,
422771877,-3.213986381,
423371837,-3.286346773,
423971797,-3.264280364,
424571757,-3.302247368,
425171717,-3.236275289,
425771677,-3.193187574,
426371637,-3.269213531,
426971597,-3.142341435,
427571557,-3.265015958,
428171517,-3.287984124,
428771477,-3.205439687,
429371437,-3.187523734,
429971396,-3.238461222,
430571356,-3.206955035,
431171316,-3.376348022,
431771276,-3.159339957,
432371236,-3.269467645,
432971196,-3.246951989,
433571156,-3.195774654,
434171116,-3.20036441,
434771076,-3.187596594,
435371036,-3.160361474,
435970996,-3.169907696,
436570956,-3.184701724,
437170916,-3.235551497,
437770876,-3.089693973,
438370836,-3.162912635,
438970796,-3.201353962,
439570756,-3.185338284,
440170716,-3.151193589,
440770676,-3.098520083,
441370636,-3.204348647,
441970596,-3.121501971,
442570556,-3.136085315,
443170516,-3.208470947,
443770476,-3.235733313,
444370436,-3.187839966,
444970396,-3.205327398,
445570356,-3.197821811,
446170316,-3.112140448,
446770276,-3.121920767,
447370236,-3.19431196,
447970196,-3.163151937,
448570156,-3.191883757,
449170116,-3.093243479,
449770076,-3.270496988,
450370036,-3.137280379,
450969996,-3.140685529,
451569956,-3.120486659,
452169916,-3.179207497,
452769876,-3.111168646,
453369836,-3.121969978,
453969796,-3.129123536,
454569756,-3.148577545,
455169716,-3.172828778,
455769676,-3.172900482,
456369636,-3.081417857,
456969596,-3.222458973,
457569556,-3.161276172,
458169516,-3.139502833,
458769476,-3.135015627,
459369436,-3.172869866,
459969396,-3.248817949,
460569356,-3.164660014,
461169316,-3.228191402,
461769276,-3.208589509,
462369236,-3.144607179,
462969196,-3.175227073,
463569156,-3.194551706,
464169116,-3.173990387,
464769076,-3.087789181,
465369036,-3.248629757,
465968996,-3.129184723,
466568956,-3.252915065,
467168916,-3.228933802,
467768876,-3.210763786,
468368836,-3.213323493,
468968796,-3.171457717,
469568756,-3.275390533,
470168716,-3.214906799,
470768676,-3.221400161,
471368636,-3.215197008,
471968596,-3.252441407,
472568556,-3.247857112,
473168516,-3.253724718,
473768476,-3.290195031,
474368436,-3.274656991,
474968396,-3.198879266,
475568356,-3.29742592,
476168316,-3.209350995,
476768276,-3.269852285,
477368236,-3.263919841,
477968196,-3.292773392,
478568156,-3.255250998,
479168116,-3.3160284,
479768076,-3.272537155,
480368036,-3.343708048,
480967996,-3.188735479,
481567956,-3.317613397,
482167916,-3.337144792,
482767876,-3.276050258,
483367836,-3.295882004,
483967796,-3.324708551,
484567756,-3.249371007,
485167716,-3.350022241,
485767676,-3.398853295,
486367636,-3.33894646,
486967596,-3.317340149,
487567556,-3.391285338,
488167516,-3.419770653,
488767476,-3.338054896,
489367436,-3.402971287,
489967396,-3.450004874,
490567356,-3.324740426,
491167316,-3.414629741,
491767276,-3.370954084,
492367236,-3.424506234,
492967196,-3.3835959,
493567156,-3.422590108,
494167116,-3.454670218,
494767076,-3.387692477,
495367036,-3.391244312,
495966996,-3.45989011,
496566956,-3.414749695,
497166916,-3.507826156,
497766876,-3.553161019,
498366836,-3.387918419,
498966796,-3.466027869,
499566756,-3.493571191,
500166716,-3.44741481,
500766676,-3.553938028,
501366636,-3.441402926,
501966596,-3.509216803,
502566556,-3.533635299,
503166516,-3.491255387,
503766476,-3.610806375,
504366436,-3.521506139,
504966396,-3.490567547,
505566356,-3.503396071,
506166316,-3.599961372,
506766276,-3.587879015,
507366236,-3.590174931,
507966196,-3.516261946,
508566156,-3.525733536,
509166116,-3.491335916,
509766076,-3.614185186,
510366036,-3.506445631,
510965996,-3.591993413,
511565956,-3.578652466,
512165916,-3.721241551,
512765876,-3.662050197,
513365836,-3.604500225,
513965796,-3.640658506,
514565756,-3.611257574,
515165716,-3.595876866,
515765676,-3.624407436,
516365636,-3.662061894,
516965596,-3.685866561,
517565556,-3.682461672,
518165516,-3.722592232,
518765476,-3.684413564,
519365436,-3.76902062,
519965396,-3.725980329,
520565356,-3.700691873,
521165316,-3.798791705,
521765276,-3.742093735,
522365236,-3.724268377,
522965196,-3.765518351,
523565156,-3.751378601,
524165116,-3.745200058,
524765076,-3.773078069,
525365036,-3.75880266,
525964996,-3.786714476,
526564956,-3.864151669,
527164916,-3.766962345,
527764876,-3.923936155,
528364836,-3.845869921,
528964796,-3.906918101,
529564756,-4.012459196,
530164716,-3.897812053,
530764676,-3.933138867,
531364636,-3.853053543,
531964596,-3.949963281,
532564556,-3.774477586,
533164516,-3.89026856,
533764476,-3.896855819,
534364436,-3.849459447,
534964396,-4.004594904,
535564356,-3.974597431,
536164316,-3.968256668,
536764276,-4.002620318,
537364236,-3.992213619,
537964196,-3.99238114,
538564156,-4.106701067,
539164116,-3.97335089,
539764076,-3.973005183,
540364036,-4.153000272,
540963996,-4.1328951,
541563956,-4.05792986,
542163916,-4.187658036,
542763876,-4.092628853,
543363836,-4.141052974,
543963796,-4.160643454,
544563756,-4.175986875,
545163716,-4.133440936,
545763676,-4.19295917,
546363636,-4.137030691,
546963596,-4.219256868,
547563556,-4.272463214,
548163516,-4.220336352,
548763476,-4.195200438,
549363436,-4.139423019,
549963396,-4.251076911,
550563356,-4.252497428,
551163316,-4.316900641,
551763276,-4.338118035,
552363236,-4.189409937,
552963196,-4.258862399,
553563156,-4.352343265,
554163116,-4.286777734,
554763076,-4.32910859,
555363036,-4.215139886,
555962996,-4.257040326,
556562956,-4.305804814,
557162916,-4.289062279,
557762876,-4.374914592,
558362836,-4.301805747,
558962796,-4.325532654,
559562756,-4.355760698,
560162716,-4.315776499,
560762676,-4.340738736,
561362636,-4.366208446,
561962596,-4.386966909,
562562556,-4.394037183,
563162516,-4.286843366,
563762476,-4.417063614,
564362436,-4.377478395,
564962396,-4.426315348,
565562356,-4.537181113,
566162316,-4.407108028,
566762276,-4.351860639,
567362236,-4.407342974,
567962196,-4.38899989,
568562156,-4.441625614,
569162116,-4.450093467,
569762076,-4.34542339,
570362036,-4.45441844,
570961996,-4.462320066,
571561956,-4.406219378,
572161916,-4.354280892,
572761875,-4.498894957,
573361835,-4.411217956,
573961795,-4.500775887,
574561755,-4.48641662,
575161715,-4.407157245,
575761675,-4.608287833,
576361635,-4.507635784,
576961595,-4.577926556,
577561555,-4.516840016,
578161515,-4.490314677,
578761475,-4.43580476,
579361435,-4.521865278,
579961395,-4.53650138,
580561355,-4.535106812,
581161315,-4.467399883,
581761275,-4.568244345,
582361235,-4.572349554,
582961195,-4.576906946,
583561155,-4.552694517,
584161115,-4.631106242,
584761075,-4.544752659,
585361035,-4.611216909,
585960995,-4.65525293,
586560955,-4.580965135,
587160915,-4.60222731,
587760875,-4.608790406,
588360835,-4.61152346,
588960795,-4.609828239,
589560755,-4.559741488,
590160715,-4.587310848,
590760675,-4.520638328,
591360635,-4.654536995,
591960595,-4.556560283,
592560555,-4.54161088,
593160515,-4.615760213,
593760475,-4.572204251,
594360435,-4.522979359,
594960395,-4.61466773,
595560355,-4.447728225,
596160315,-4.535611365,
596760275,-4.584239077,
597360235,-4.582662251,
597960195,-4.563677504,
598560155,-4.647808237,
599160115,-4.656355155,
599760075,-4.53708472,
600360035,-4.516759043,
600959995,-4.480487914,
601559955,-4.513086701,
602159915,-4.58164986,
602759875,-4.591501265,
603359835,-4.556754441,
603959795,-4.655765999,
604559755,-4.557084928,
605159715,-4.702552499,
605759675,-4.574427142,
606359635,-4.564454223,
606959595,-4.608048544,
607559555,-4.628298464,
608159515,-4.605467044,
608759475,-4.607860919,
609359435,-4.563795984,
609959395,-4.498491742,
610559355,-4.667415136,
611159315,-4.609548811,
611759275,-4.63414415,
612359235,-4.557596441,
612959195,-4.549285118,
613559155,-4.576597305,
614159115,-4.476307459,
614759075,-4.664675511,
615359035,-4.521717625,
615958995,-4.567957146,
616558955,-4.493368515,
617158915,-4.418487177,
617758875,-4.593111723,
618358835,-4.607793244,
618958795,-4.550291494,
619558755,-4.596218451,
620158715,-4.60708212,
620758675,-4.537430233,
621358635,-4.5990779,
621958595,-4.518347386,
622558555,-4.465679762,
623158515,-4.549155655,
623758475,-4.511859975,
624358435,-4.435937818,
624958395,-4.504886797,
625558355,-4.471574194,
626158315,-4.548403749,
626758275,-4.480970947,
627358235,-4.483377846,
627958195,-4.474497701,
628558155,-4.539707557,
629158115,-4.397826066,
629758075,-4.486537645,
630358035,-4.485851875,
630957995,-4.391003215,
631557955,-4.510498742,
632157915,-4.442593764,
632757875,-4.469849535,
633357835,-4.386440254,
633957795,-4.366324505,
634557755,-4.396008233,
635157715,-4.456300446,
635757675,-4.399141097,
636357635,-4.405258265,
636957595,-4.433389481,
637557555,-4.377489243,
638157515,-4.412003755,
638757475,-4.340678004,
639357435,-4.405098132,
639957395,-4.320141783,
640557355,-4.286288347,
641157315,-4.351846388,
641757275,-4.298637342,
642357235,-4.352890689,
642957195,-4.378298321,
643557155,-4.48817584,
644157115,-4.359350799,
644757075,-4.294094491,
645357035,-4.207696582,
645956995,-4.346670246,
646556955,-4.265445817,
647156915,-4.255257892,
647756875,-4.301812683,
648356835,-4.246248742,
648956795,-4.334061434,
649556755,-4.159305387,
650156715,-4.277644584,
650756675,-4.284434458,
651356635,-4.277194039,
651956595,-4.221750099,
652556555,-4.263493362,
653156515,-4.257827262,
653756475,-4.267370639,
654356435,-4.090602248,
654956395,-4.277552359,
655556355,-4.234376909,
656156315,-4.127106718,
656756275,-4.183863184,
657356235,-4.137934162,
657956195,-4.165954406,
658556155,-4.124548242,
659156115,-4.119692448,
659756075,-4.138089554,
660356035,-4.16032796,
660955995,-4.10599978,
661555955,-4.075440454,
662155915,-4.187164009,
662755875,-4.023663734,
663355835,-4.101222994,
663955795,-4.096902793,
664555755,-4.095116045,
665155715,-3.972094104,
665755675,-4.084043358,
666355635,-4.099751575,
666955595,-3.947086246,
667555555,-4.000848757,
668155515,-3.931326567,
668755475,-4.040463905,
669355435,-4.012588371,
669955395,-4.019061673,
670555355,-3.900676046,
671155315,-3.971569977,
671755275,-3.93822874,
672355235,-3.927318373,
672955195,-3.907245649,
673555155,-3.858262237,
674155115,-3.864157814,
674755075,-3.897300325,
675355035,-3.796272576,
675954995,-3.757835555,
676554955,-3.951177574,
677154915,-3.788022937,
677754875,-3.858846264,
678354835,-3.750554345,
678954795,-3.798704476,
679554755,-3.847382479,
680154715,-3.817539987,
680754675,-3.802101248,
681354635,-3.776727626,
681954595,-3.730236965,
682554555,-3.816999375,
683154515,-3.759069558,
683754475,-3.756291913,
684354435,-3.818624856,
684954395,-3.716320377,
685554355,-3.711853884,
686154315,-3.714232157,
686754275,-3.648060982,
687354235,-3.670006834,
687954195,-3.662126131,
688554155,-3.799176755,
689154115,-3.597900154,
689754075,-3.80430026,
690354035,-3.596463675,
690953995,-3.679848751,
691553955,-3.558884138,
692153915,-3.774190369,
692753875,-3.678490744,
693353835,-3.6472692,
693953795,-3.674887497,
694553755,-3.650366367,
695153715,-3.589252963,
695753675,-3.637768034,
696353635,-3.546801888,
696953595,-3.530089807,
697553555,-3.57262471,
698153515,-3.604995608,
698753475,-3.647277215,
699353435,-3.531501833,
699953395,-3.59248837,
700553355,-3.543582058,
701153315,-3.593886366,
701753275,-3.567598387,
702353235,-3.501699208,
702953195,-3.524334121,
703553155,-3.512277004,
704153115,-3.533057521,
704753075,-3.543997583,
705353035,-3.411669645,
705952995,-3.522476254,
706552955,-3.535644173,
707152915,-3.449765627,
707752875,-3.585624233,
708352835,-3.480956489,
708952795,-3.485743496,
709552755,-3.537455738,
710152715,-3.499976111,
710752675,-3.499361748,
711352635,-3.524964522,
711952595,-3.476184539,
712552555,-3.432039183,
713152515,-3.429110157,
713752475,-3.43262833,
714352435,-3.457558073,
714952395,-3.41486488,
715552354,-3.486060168,
716152314,-3.454529193,
716752274,-3.407365472,
717352234,-3.492515758,
717952194,-3.490035818,
718552154,-3.478182234,
719152114,-3.427487323,
719752074,-3.382731154,
720352034,-3.438588083,
720951994,-3.409351012,
721551954,-3.427899813,
722151914,-3.405770065,
722751874,-3.452719134,
723351834,-3.409359966,
723951794,-3.450089925,
724551754,-3.441244344,
725151714,-3.407394434,
725751674,-3.393747897,
726351634,-3.368043734,
726951594,-3.337403894,
727551554,-3.444742895,
728151514,-3.323720646,
728751474,-3.315425094,
729351434,-3.397879391,
729951394,-3.31584872,
730551354,-3.31584837,
731151314,-3.397824153,
731751274,-3.323627693,
732351234,-3.30865558,
732951194,-3.43144574,
733551154,-3.371067006,
734151114,-3.43982652,
734751074,-3.454655334,
735351034,-3.392416104,
735950994,-3.299221628,
736550954,-3.270192677,
737150914,-3.322834585,
737750874,-3.343144686,
738350834,-3.378797427,
738950794,-3.338040766,
739550754,-3.378506575,
740150714,-3.386960744,
740750674,-3.409863824,
741350634,-3.317345939,
741950594,-3.277309078,
742550554,-3.335596469,
743150514,-3.30707677,
743750474,-3.421148026,
744350434,-3.28955504,
744950394,-3.431126927,
745550354,-3.365284185,
746150314,-3.378913096,
746750274,-3.383975876,
747350234,-3.394489441,
747950194,-3.331562579,
748550154,-3.340440946,
749150114,-3.35638156,
749750074,-3.355645793,
750350034,-3.36602447,
750949994,-3.374678605,
751549954,-3.433169765,
752149914,-3.381783604,
752749874,-3.336858655,
753349834,-3.391003342,
753949794,-3.378019687,
754549754,-3.350256024,
755149714,-3.299600885,
755749674,-3.326879216,
756349634,-3.407035333,
756949594,-3.290469296,
757549554,-3.36473192,
758149514,-3.326386435,
758749474,-3.46714236,
759349434,-3.409110536,
759949394,-3.38129414,
760549354,-3.340214889,
761149314,-3.527353131,
761749274,-3.379224847,
762349234,-3.326452927,
762949194,-3.368306994,
763549154,-3.414217718,
764149114,-3.395166069,
764749074,-3.447787133,
765349034,-3.383335932,
765948994,-3.369994973,
766548954,-3.452307314,
767148914,-3.445486538,
767748874,-3.314234753,
768348834,-3.490588153,
768948794,-3.498920144,
769548754,-3.429323846,
770148714,-3.383204856,
770748674,-3.437339254,
771348634,-3.498306659,
771948594,-3.507170351,
772548554,-3.472014016,
773148514,-3.473670231,
773748474,-3.546474375,
774348434,-3.49529417,
774948394,-3.504185774,
775548354,-3.557019111,
776148314,-3.470754796,
776748274,-3.564169659,
777348234,-3.595847712,
777948194,-3.631009711,
778548154,-3.56378086,
779148114,-3.52485222,
779748074,-3.597029467,
780348034,-3.583430895,
780947994,-3.605600994,
781547954,-3.549960886,
782147914,-3.694495559,
782747874,-3.666196949,
783347834,-3.716416213,
783947794,-3.617499202,
784547754,-3.688699722,
785147714,-3.622205306,
785747674,-3.660107609,
786347634,-3.650776932,
786947594,-3.714308862,
787547554,-3.738360865,
788147514,-3.674082095,
788747474,-3.766800857,
789347434,-3.772836625,
789947394,-3.652690266,
790547354,-3.728226919,
791147314,-3.729505008,
791747274,-3.759962213,
792347234,-3.734803839,
792947194,-3.809982801,
793547154,-3.77683874,
794147114,-3.811440251,
794747074,-3.73035084,
795347034,-3.731824217,
795946994,-3.745728702,
796546954,-3.697075525,
797146914,-3.919606745,
797746874,-3.809790315,
798346834,-3.824843016,
798946794,-3.803876117,
799546754,-3.832685503,
800146714,-3.758635492,
800746674,-3.880608126,
801346634,-3.886764273,
801946594,-3.98964696,
802546554,-4.000929854,
803146514,-3.932085488,
803746474,-3.895050983,
804346434,-3.969474727,
804946394,-4.076381008,
805546354,-4.038178485,
806146314,-3.957693297,
806746274,-4.080873615,
807346234,-4.018711546,
807946194,-4.005215695,
808546154,-4.037658209,
809146114,-3.960421832,
809746074,-3.985075541,
810346034,-3.979425164,
810945994,-4.072953934,
811545954,-3.967306863,
812145914,-4.140360923,
812745874,-4.023991225,
813345834,-3.969325021,
813945794,-4.023489217,
814545754,-4.080117523,
815145714,-4.08030097,
815745674,-4.167872079,
816345634,-4.226684945,
816945594,-4.311008311,
817545554,-4.163610697,
818145514,-4.112759822,
818745474,-4.145671118,
819345434,-4.131189882,
819945394,-4.224871087,
820545354,-4.269546045,
821145314,-4.242436238,
821745274,-4.288394999,
822345234,-4.323841007,
822945194,-4.325651322,
823545154,-4.395960481,
824145114,-4.385544019,
824745074,-4.39854861,
825345034,-4.343295954,
825944994,-4.427096177,
826544954,-4.447393146,
827144914,-4.351988554,
827744874,-4.488343422,
828344834,-4.411370868,
828944794,-4.446396673,
829544754,-4.420956488,
830144714,-4.459634466,
830744674,-4.429007529,
831344634,-4.458527265,
831944594,-4.463134211,
832544554,-4.461335311,
833144514,-4.519866311,
833744474,-4.4889456,
834344434,-4.51829861,
834944394,-4.445052147,
835544354,-4.527161411,
836144314,-4.49489728,
836744274,-4.436472639,
837344234,-4.490041721,
837944194,-4.530163049,
838544154,-4.533535064,
839144114,-4.610790206,
839744074,-4.585865808,
840344034,-4.47920632,
840943994,-4.598519193,
841543954,-4.649532142,
842143914,-4.737469813,
842743874,-4.602518213,
843343834,-4.613209943,
843943794,-4.503696908,
844543754,-4.569739268,
845143714,-4.595485655,
845743674,-4.732424038,
846343634,-4.603611131,
846943594,-4.650275043,
847543554,-4.645771639,
848143514,-4.623964813,
848743474,-4.648772367,
849343434,-4.743142436,
849943394,-4.789119196,
850543354,-4.752330744,
851143314,-4.792691373,
851743274,-4.676012004,
852343234,-4.737612369,
852943194,-4.745413605,
853543154,-4.670421364,
854143114,-4.75434742,
854743074,-4.716102348,
855343034,-4.747888431,
855942994,-4.865927453,
856542954,-4.854705621,
857142914,-4.765233892,
857742874,-4.83636338,
858342833,-4.8020226,
858942793,-4.810549805,
859542753,-4.82253648,
860142713,-4.865863817,
860742673,-4.834614013,
861342633,-4.830859624,
861942593,-4.819220711,
862542553,-4.800262894,
863142513,-4.881387918,
863742473,-4.773664083,
864342433,-4.855834838,
864942393,-4.9173529,
865542353,-4.874314666,
866142313,-4.792871881,
866742273,-4.90074634,
867342233,-4.915911372,
867942193,-4.962450871,
868542153,-4.785850539,
869142113,-5.03108492,
869742073,-4.856104245,
870342033,-4.907560554,
870941993,-4.798770016,
871541953,-4.850129266,
872141913,-4.865903422,
872741873,-4.890506621,
873341833,-4.874972677,
873941793,-4.975364958,
874541753,-4.879570444,
875141713,-4.878052087,
875741673,-4.990634566,
876341633,-4.83167484,
876941593,-4.88897378,
877541553,-4.893770456,
878141513,-5.029527566,
878741473,-4.922926761,
879341433,-4.922038338,
879941393,-4.948205422,
880541353,-5.043411242,
881141313,-4.985824773,
881741273,-4.919432499,
882341233,-4.821161136,
882941193,-4.872410557,
883541153,-5.04241536,
884141113,-4.973613744,
884741073,-4.844825198,
885341033,-4.806905284,
885940993,-4.861169389,
886540953,-4.876689215,
887140913,-4.862038821,
887740873,-4.843117509,
888340833,-4.857515138,
888940793,-4.839956197,
889540753,-4.953496689,
890140713,-4.876349808,
890740673,-4.728617299,
891340633,-4.866073741,
891940593,-4.727275552,
892540553,-4.841061492,
893140513,-4.939574202,
893740473,-4.823144569,
894340433,-4.820626377,
894940393,-4.82337545,
895540353,-4.842260346,
896140313,-4.896799927,
896740273,-4.848338157,
897340233,-4.775509886,
897940193,-4.744348328,
898540153,-4.83754631,
899140113,-4.885151343,
899740073,-4.758079925,
900340033,-4.844204741,
900939993,-4.753277592,
901539953,-4.709405444,
902139913,-4.738671435,
902739873,-4.743106505,
903339833,-4.761902733,
903939793,-4.735414891,
904539753,-4.745335712,
905139713,-4.791017799,
905739673,-4.729127113,
906339633,-4.769284596,
906939593,-4.821403239,
907539553,-4.821668072,
908139513,-4.732569895,
908739473,-4.672353872,
909339433,-4.722334251,
909939393,-4.659319018,
910539353,-4.744462326,
911139313,-4.676994104,
911739273,-4.663886412,
912339233,-4.713710064,
912939193,-4.620687388,
913539153,-4.504202425,
914139113,-4.524938207,
914739073,-4.562614584,
915339033,-4.51479142,
915938993,-4.637672992,
916538953,-4.538074707,
917138913,-4.519880227,
917738873,-4.463773215,
918338833,-4.455893372,
918938793,-4.453377298,
919538753,-4.533596512,
920138713,-4.511279027,
920738673,-4.389339413,
921338633,-4.500202643,
921938593,-4.362453643,
922538553,-4.476210017,
923138513,-4.465991713,
923738473,-4.427160783,
924338433,-4.354960053,
924938393,-4.296785802,
925538353,-4.345414952,
926138313,-4.247434407,
926738273,-4.235661985,
927338233,-4.360481842,
927938193,-4.232893569,
928538153,-4.402475149,
929138113,-4.323187951,
929738073,-4.312495488,
930338033,-4.266586484,
930937993,-4.348478232,
931537953,-4.297327673,
932137913,-4.250234603,
932737873,-4.29757856,
933337833,-4.300929978,
933937793,-4.202651865,
934537753,-4.244471625,
935137713,-4.238884766,
935737673,-4.153465375,
936337633,-4.109161666,
936937593,-4.109983603,
937537553,-4.172067285,
938137513,-4.138835561,
938737473,-4.057356236,
939337433,-4.129780008,
939937393,-4.08111362,
940537353,-4.10700273,
941137313,-4.151271821,
941737273,-4.141101633,
942337233,-4.048822686,
942937193,-4.015359115,
943537153,-4.03128308,
944137113,-3.957503427,
944737073,-4.095965949,
945337033,-4.025207462,
945936993,-3.886262879,
946536953,-3.976415493,
947136913,-3.850978445,
947736873,-3.996135672,
948336833,-3.987489469,
948936793,-3.92869397,
949536753,-3.919101076,
950136713,-3.811175086,
950736673,-3.891900415,
951336633,-3.877743439,
951936593,-3.914684609,
952536553,-3.806124738,
953136513,-3.81778413,
953736473,-3.715810475,
954336433,-3.853986113,
954936393,-3.76014151,
955536353,-3.750959876,
956136313,-3.825234942,
956736273,-3.854487567,
957336233,-3.825485502,
957936193,-3.79539377,
958536153,-3.745225242,
959136113,-3.713192284,
959736073,-3.779549483,
960336033,-3.705182947,
960935993,-3.719651674,
961535953,-3.706080271,
962135913,-3.662702365,
962735873,-3.661729398,
963335833,-3.665159188,
963935793,-3.64574638,
964535753,-3.714466467,
965135713,-3.708875913,
965735673,-3.509129484,
966335633,-3.544948895,
966935593,-3.647648857,
967535553,-3.54796901,
968135513,-3.558610395,
968735473,-3.592277129,
969335433,-3.570689422,
969935393,-3.525891811,
970535353,-3.589402754,
971135313,-3.548850864,
971735273,-3.525118017,
972335233,-3.501605261,
972935193,-3.535240375,
973535153,-3.593017517,
974135113,-3.507010353,
974735073,-3.512002973,
975335033,-3.462586703,
975934993,-3.486330062,
976534953,-3.454541268,
977134913,-3.503297154,
977734873,-3.525800393,
978334833,-3.405546741,
978934793,-3.485580126,
979534753,-3.416337316,
980134713,-3.541327153,
980734673,-3.459605169,
981334633,-3.478140703,
981934593,-3.419358552,
982534553,-3.40027891,
983134513,-3.387697073,
983734473,-3.298744529,
984334433,-3.361098378,
984934393,-3.392608917,
985534353,-3.362557416,
986134313,-3.44749617,
986734273,-3.489171989,
987334233,-3.402318775,
987934193,-3.345945783,
988534153,-3.435743298,
989134113,-3.285122032,
989734073,-3.313686124,
990334033,-3.341747892,
990933993,-3.353982631,
991533953,-3.374434683,
992133913,-3.2715247,
992733873,-3.312092763,
993333833,-3.277287481,
993933793,-3.289472415,
994533753,-3.47336177,
995133713,-3.301745728,
995733673,-3.334182528,
996333633,-3.315575776,
996933593,-3.281864806,
997533553,-3.282359698,
998133513,-3.212237888,
998733473,-3.342391034,
999333433,-3.295709674,
999933393,-3.315791766,
1000533353,-3.270485382,
1001133312,-3.223212126,
1001733272,-3.287258572,
1002333232,-3.271182528,
1002933192,-3.331857286,
1003533152,-3.250720347,
1004133112,-3.230297395,
1004733072,-3.312649676,
1005333032,-3.261741399,
1005932992,-3.286502683,
1006532952,-3.228134288,
1007132912,-3.307286621,
1007732872,-3.319230613,
1008332832,-3.30186251,
1008932792,-3.35297969,
1009532752,-3.313670265,
1010132712,-3.245407012,
1010732672,-3.322816307,
1011332632,-3.300305886,
1011932592,-3.306686286,
1012532552,-3.326647562,
1013132512,-3.228936371,
1013732472,-3.268915537,
1014332432,-3.261933775,
1014932392,-3.241923409,
1015532352,-3.218342033,
1016132312,-3.245213177,
1016732272,-3.223688404,
1017332232,-3.276005894,
1017932192,-3.338107782,
1018532152,-3.290383437,
1019132112,-3.256822249,
1019732072,-3.318488774,
1020332032,-3.33921533,
1020931992,-3.313448957,
1021531952,-3.222525949,
1022131912,-3.246423311,
1022731872,-3.259236705,
1023331832,-3.231705107,
1023931792,-3.361639224,
1024531752,-3.37332257,
1025131712,-3.253480921,
1025731672,-3.315994661,
1026331632,-3.266258894,
1026931592,-3.312427608,
1027531552,-3.211146893,
1028131512,-3.305514621,
1028731472,-3.345140717,
1029331432,-3.378974054,
1029931392,-3.392441348,
1030531352,-3.432150707,
1031131312,-3.283408701,
1031731272,-3.422488477,
1032331232,-3.389751879,
1032931192,-3.316043145,
1033531152,-3.309849812,
1034131112,-3.383727481,
1034731072,-3.262313561,
1035331032,-3.349955784,
1035930992,-3.357495499,
1036530952,-3.371493121,
1037130912,-3.429975936,
1037730872,-3.396092697,
1038330832,-3.414246678,
1038930792,-3.306408456,
1039530752,-3.451566268,
1040130712,-3.415832272,
1040730672,-3.561755077,
1041330632,-3.409506466,
1041930592,-3.446431532,
1042530552,-3.449191646,
1043130512,-3.405075071,
1043730472,-3.430411713,
1044330432,-3.506642248,
1044930392,-3.420864674,
1045530352,-3.375693189,
1046130312,-3.497963613,
1046730272,-3.421485638,
1047330232,-3.473041966,
1047930192,-3.465477674,
1048530152,-3.511440057,
1049130112,-3.534147378,
1049730072,-3.606052295,
1050330032,-3.539754022,
1050929992,-3.59194579,
1051529952,-3.582282642,
1052129912,-3.547834152,
1052729872,-3.614456635,
1053329832,-3.566061715,
1053929792,-3.625516889,
1054529752,-3.583971222,
1055129712,-3.603527209,
1055729672,-3.58883881,
1056329632,-3.62364867,
1056929592,-3.641690453,
1057529552,-3.568629851,
1058129512,-3.576452441,
1058729472,-3.609467164,
1059329432,-3.695198095,
1059929392,-3.630281015,
1060529352,-3.670866721,
1061129312,-3.708116531,
1061729272,-3.638564288,
1062329232,-3.662372035,
1062929192,-3.674620372,
1063529152,-3.672635686,
1064129112,-3.619814999,
1064729072,-3.733317305,
1065329032,-3.664923552,
1065928992,-3.660474549,
1066528952,-3.676562866,
1067128912,-3.717671037,
1067728872,-3.68016505,
1068328832,-3.773245369,
1068928792,-3.773033051,
1069528752,-3.849894149,
1070128712,-3.7459884,
1070728672,-3.717235758,
1071328632,-3.693502838,
1071928592,-3.721131576,
1072528552,-3.804604653,
1073128512,-3.839036682,
1073728472,-3.84689099,
1074328432,-3.743501313,
1074928392,-3.766492272,
1075528352,-3.827308673,
1076128312,-3.816602771,
1076728272,-3.753619706,
1077328232,-3.803575155,
1077928192,-3.821620058,
1078528152,-3.762440193,
1079128112,-3.874846591,
1079728072,-3.806222088,
1080328032,-3.898813904,
1080927992,-3.846225938,
1081527952,-3.848621502,
1082127912,-3.94298686,
1082727872,-3.912049401,
1083327832,-3.918453872,
1083927792,-3.924250108,
1084527752,-3.946310477,
1085127712,-3.986271835,
1085727672,-3.910247467,
1086327632,-4.025376406,
1086927592,-3.977309496,
1087527552,-3.973307587,
1088127512,-3.947868921,
1088727472,-3.954617568,
1089327432,-3.96156558,
1089927392,-4.024210793,
1090527352,-4.04154941,
1091127312,-4.044409274,
1091727272,-4.024414448,
1092327232,-4.071420841,
1092927192,-4.088127478,
1093527152,-4.123684065,
1094127112,-4.142230927,
1094727072,-4.10060016,
1095327032,-4.115923552,
1095926992,-4.14101834,
1096526952,-4.195771967,
1097126912,-4.200385245,
1097726872,-4.160953023,
1098326832,-4.224847805,
1098926792,-4.198100546,
1099526752,-4.192243599,
1100126712,-4.189652642,
1100726672,-4.281940398,
1101326632,-4.197200667,
1101926592,-4.245633035,
1102526552,-4.199147316,
1103126512,-4.235200235,
1103726472,-4.180789095,
1104326432,-4.251659961,
1104926392,-4.209314268,
1105526352,-4.2476682,
1106126312,-4.238133567,
1106726272,-4.345123388,
1107326232,-4.269719072,
1107926192,-4.320623485,
1108526152,-4.293413206,
1109126112,-4.21590737,
1109726072,-4.324818309,
1110326032,-4.30546634,
1110925992,-4.390055111,
1111525952,-4.382840819,
1112125912,-4.316552914,
1112725872,-4.360735848,
1113325832,-4.357687925,
1113925792,-4.351807109,
1114525752,-4.286616232,
1115125712,-4.408358184,
1115725672,-4.392631915,
1116325632,-4.403624158,
1116925592,-4.446957382,
1117525552,-4.530636893,
1118125512,-4.374409081,
1118725472,-4.474320085,
1119325432,-4.407057513,
1119925392,-4.441629018,
1120525352,-4.452928078,
1121125312,-4.47766754,
1121725272,-4.511729876,
1122325232,-4.409836555,
1122925192,-4.438199779,
1123525152,-4.561262464,
1124125112,-4.497006033,
1124725072,-4.529093217,
1125325032,-4.603398213,
1125924992,-4.46048496,
1126524952,-4.441397425,
1127124912,-4.414226287,
1127724872,-4.494090738,
1128324832,-4.468655907,
1128924792,-4.543664242,
1129524752,-4.53628181,
1130124712,-4.46649384,
1130724672,-4.522022011,
1131324632,-4.634794458,
1131924592,-4.509370316,
1132524552,-4.565722418,
1133124512,-4.4672889,
1133724472,-4.536971637,
1134324432,-4.580968381,
1134924392,-4.539580313,
1135524352,-4.551869848,
1136124312,-4.590913749,
1136724272,-4.552001404,
1137324232,-4.557837873,
1137924192,-4.62898445,
1138524152,-4.513248308,
1139124112,-4.555121848,
1139724072,-4.570129343,
1140324032,-4.546805267,
1140923992,-4.589723261,
1141523952,-4.631581619,
1142123912,-4.507002204,
1142723872,-4.632022749,
1143323832,-4.604205629,
1143923791,-4.519753981,
1144523751,-4.615010531,
1145123711,-4.563623181,
1145723671,-4.569610089,
1146323631,-4.599863195,
1146923591,-4.660005349,
1147523551,-4.550588071,
1148123511,-4.566354408,
1148723471,-4.627923719,
1149323431,-4.527270768,
1149923391,-4.6086003,
1150523351,-4.630653886,
1151123311,-4.599063476,
1151723271,-4.590043375,
1152323231,-4.621403666,
1152923191,-4.577508742,
1153523151,-4.548723654,
1154123111,-4.525521216,
1154723071,-4.609854554,
1155323031,-4.549241829,
1155922991,-4.624466536,
1156522951,-4.569876429,
1157122911,-4.581362398,
1157722871,-4.557448683,
1158322831,-4.682849142,
1158922791,-4.543136639,
1159522751,-4.45794507,
1160122711,-4.542980102,
1160722671,-4.521900524,
1161322631,-4.495142897,
1161922591,-4.52974107,
1162522551,-4.552013652,
1163122511,-4.517866582,
1163722471,-4.464716932,
1164322431,-4.467749727,
1164922391,-4.510726121,
1165522351,-4.611729801,
1166122311,-4.503636174,
1166722271,-4.574692543,
1167322231,-4.532947574,
1167922191,-4.504809502,
1168522151,-4.441438123,
1169122111,-4.499106498,
1169722071,-4.40948477,
1170322031,-4.458773523,
1170921991,-4.465579748,
1171521951,-4.421690779,
1172121911,-4.352917613,
1172721871,-4.427167879,
1173321831,-4.39436439,
1173921791,-4.464181262,
1174521751,-4.454707436,
1175121711,-4.418163185,
1175721671,-4.555635219,
1176321631,-4.370501648,
1176921591,-4.392241421,
1177521551,-4.497181713,
1178121511,-4.386211585,
1178721471,-4.346332529,
1179321431,-4.429942613,
1179921391,-4.341890972,
1180521351,-4.36751513,
1181121311,-4.328564179,
1181721271,-4.353154211,
1182321231,-4.35761978,
1182921191,-4.210115781,
1183521151,-4.2860428,
1184121111,-4.375059253,
1184721071,-4.279209173,
1185321031,-4.367723174,
1185920991,-4.327467032,
1186520951,-4.308991534,
1187120911,-4.256845679,
1187720871,-4.27355826,
1188320831,-4.226507669,
1188920791,-4.198932446,
1189520751,-4.283192027,
1190120711,-4.199306242,
1190720671,-4.262277512,
1191320631,-4.216096519,
1191920591,-4.211491659,
1192520551,-4.171768675,
1193120511,-4.269520081,
1193720471,-4.173217386,
1194320431,-4.199079973,
1194920391,-4.157723178,
1195520351,-4.150063996,
1196120311,-4.184470146,
1196720271,-4.238836832,
1197320231,-4.151330016,
1197920191,-4.086920469,
1198520151,-4.142594721,
1199120111,-4.180827794,
1199720071,-4.161654219,
1200320031,-4.119264095,
1200919991,-4.164179487,
1201519951,-4.111059363,
1202119911,-4.14148738,
1202719871,-4.028186457,
1203319831,-4.090068495,
1203919791,-4.0619609,
1204519751,-4.101979865,
1205119711,-4.140224423,
1205719671,-4.0689931,
1206319631,-4.074156911,
1206919591,-4.050878121,
1207519551,-4.021864321,
1208119511,-4.018705747,
1208719471,-4.089707009,
1209319431,-4.079080245,
1209919391,-4.010586203,
1210519351,-4.071087543,
1211119311,-3.978147204,
1211719271,-4.011831698,
1212319231,-3.955724594,
1212919191,-3.988474524,
1213519151,-3.956046356,
1214119111,-3.944255539,
1214719071,-3.965991024,
1215319031,-3.931376607,
1215918991,-3.901934732,
1216518951,-3.848767422,
1217118911,-3.906484939,
1217718871,-4.063132419,
1218318831,-3.942900915,
1218918791,-3.944850386,
1219518751,-3.997192075,
1220118711,-3.953518965,
1220718671,-3.907022911,
1221318631,-3.858357,
1221918591,-3.897397902,
1222518551,-3.923760715,
1223118511,-3.937915166,
1223718471,-3.987844645,
1224318431,-3.918795939,
1224918391,-3.82527972,
1225518351,-3.90151316,
1226118311,-3.916394886,
1226718271,-3.997260174,
1227318231,-3.908973847,
1227918191,-3.887679005,
1228518151,-3.85287844,
1229118111,-3.852151856,
1229718071,-3.953578656,
1230318031,-3.911794503,
1230917991,-3.953570133,
1231517951,-3.891378533,
1232117911,-3.970278964,
1232717871,-3.821240643,
1233317831,-3.961837386,
1233917791,-3.903737678,
1234517751,-3.976389203,
1235117711,-3.866918806,
1235717671,-3.933064717,
1236317631,-3.97447818,
1236917591,-3.947247203,
1237517551,-4.017898864,
1238117511,-3.956355814,
1238717471,-3.853191915,
1239317431,-3.826135838,
1239917391,-3.895150314,
1240517351,-3.82060758,
1241117311,-3.975774342,
1241717271,-3.826583791,
1242317231,-3.914107612,
1242917191,-3.938691487,
1243517151,-3.877894034,
1244117111,-3.873812779,
1244717071,-3.975096979,
1245317031,-3.971793886,
1245916991,-3.949187955,
1246516951,-3.95225248,
1247116911,-3.840070659,
1247716871,-3.903437603,
1248316831,-3.948255487,
1248916791,-3.855518347,
1249516751,-3.947376362,
1250116711,-3.912452121,
1250716671,-3.93596171,
1251316631,-3.866444984,
1251916591,-3.996513426,
1252516551,-3.938754175,
1253116511,-3.949504193,
1253716471,-3.923325325,
1254316431,-3.904795448,
1254916391,-3.924869569,
1255516351,-3.933537922,
1256116311,-3.958334773,
1256716271,-3.947863996,
1257316231,-3.900494705,
1257916191,-3.843362266,
1258516151,-4.005132499,
1259116111,-3.822850907,
1259716071,-3.977562807,
1260316031,-4.024417291,
1260915991,-4.013224845,
1261515951,-3.944615308,
1262115911,-4.015546885,
1262715871,-3.943880811,
1263315831,-3.952521553,
1263915791,-3.90993366,
1264515751,-3.988320937,
1265115711,-4.005675981,
1265715671,-3.99061838,
1266315631,-3.888257072,
1266915591,-4.055132985,
1267515551,-4.021570701,
1268115511,-3.864942573,
1268715471,-3.896809421,
1269315431,-3.998915096,
1269915391,-4.031506686,
1270515351,-3.968868614,
1271115311,-3.900874676,
1271715271,-3.962723949,
1272315231,-4.058656606,
1272915191,-3.937251252,
1273515151,-3.975724058,
1274115111,-4.069581637,
1274715071,-3.982329575,
1275315031,-4.034042251,
1275914991,-4.063788258,
1276514951,-4.052125714,
1277114911,-3.999117669,
1277714871,-4.032698624,
1278314831,-4.08604175,
1278914791,-3.91954335,
1279514751,-4.110065024,
1280114711,-3.999707425,
1280714671,-3.924743918,
1281314631,-4.029609691,
1281914591,-3.970144473,
1282514551,-4.018395472,
1283114511,-3.980722791,
1283714471,-4.025217176,
1284314431,-4.053646062,
1284914391,-4.007190614,
1285514351,-4.050387695,
1286114311,-4.00676955,
1286714270,-4.026313181,
1287314230,-3.955734084,
1287914190,-4.110941651,
1288514150,-4.080093582,
1289114110,-4.054823231,
1289714070,-4.084551634,
1290314030,-4.065219398,
1290913990,-4.075839193,
1291513950,-4.087511442,
1292113910,-3.999896528,
1292713870,-3.984210378,
1293313830,-4.008079169,
1293913790,-4.050044956,
1294513750,-4.021466602,
1295113710,-4.108088256,
1295713670,-4.058704905,
1296313630,-4.036421449,
1296913590,-4.064913354,
1297513550,-4.00927702,
1298113510,-4.096397222,
1298713470,-4.055480533,
1299313430,-4.071679326,
1299913390,-4.036763909,
1300513350,-4.069962731,
1301113310,-4.062136372,
1301713270,-4.012503017,
1302313230,-4.099532212,
1302913190,-4.088783782,
1303513150,-4.120498983,
1304113110,-4.178518474,
1304713070,-4.0402428,
1305313030,-4.10452792,
1305912990,-4.131369319,
1306512950,-4.08705278,
1307112910,-4.124116638,
1307712870,-4.075217145,
1308312830,-4.103130768,
1308912790,-4.129548875,
1309512750,-4.016621756,
1310112710,-4.03521701,
1310712670,-4.148531509,
1311312630,-4.135080004,
1311912590,-4.104202519,
1312512550,-4.004768231,
1313112510,-4.044109266,
1313712470,-4.029437893,
1314312430,-4.064783054,
1314912390,-4.063310397,
1315512350,-4.091872223,
1316112310,-4.073812211,
1316712270,-4.137666413,
1317312230,-4.084956299,
1317912190,-4.052998197,
1318512150,-4.051903747,
1319112110,-4.06269935,
1319712070,-4.125007721,
1320312030,-4.105279297,
1320911990,-4.073454767,
1321511950,-4.105291836,
1322111910,-4.118731293,
1322711870,-4.106018185,
1323311830,-4.228727162,
1323911790,-4.057409117,
1324511750,-4.102341366,
1325111710,-4.090676923,
1325711670,-4.152519615,
1326311630,-4.120344875,
1326911590,-4.123352268,
1327511550,-4.052511324,
1328111510,-4.149762587,
1328711470,-4.03768255,
1329311430,-4.143881234,
1329911390,-4.167939351,
1330511350,-4.055217009,
1331111310,-4.059104193,
1331711270,-4.193368004,
1332311230,-4.199342567,
1332911190,-4.155448828,
1333511150,-4.122045707,
1334111110,-4.10427354,
1334711070,-4.153604136,
1335311030,-4.223218584,
1335910990,-4.164306476,
1336510950,-4.121221939,
1337110910,-4.070505478,
1337710870,-4.092528292,
1338310830,-4.12642364,
1338910790,-4.20142974,
1339510750,-4.150080885,
1340110710,-4.128451267,
1340710670,-4.110947808,
1341310630,-4.172658614,
1341910590,-4.179933908,
1342510550,-4.054244393,
1343110510,-4.145969855,
1343710470,-4.141664404,
1344310430,-4.134341364,
1344910390,-4.227889271,
1345510350,-4.20416841,
1346110310,-4.129508148,
1346710270,-4.227235596,
1347310230,-4.151836611,
1347910190,-4.169658797,
1348510150,-4.127091141,
1349110110,-4.192180141,
1349710070,-4.1375492,
1350310030,-4.162505204,
1350909990,-4.215891155,
1351509950,-4.145846949,
1352109910,-4.177265031,
1352709870,-4.192477879,
1353309830,-4.176820218,
1353909790,-4.165497623,
1354509750,-4.173474221,
1355109710,-4.14808304,
1355709670,-4.162533387,
1356309630,-4.193357099,
1356909590,-4.20089147,
1357509550,-4.222886703,
1358109510,-4.136090439,
1358709470,-4.212932524,
1359309430,-4.239754854,
1359909390,-4.171065803,
1360509350,-4.211006178,
1361109310,-4.18842108,
1361709270,-4.292322329,
1362309230,-4.291396618,
1362909190,-4.202683374,
1363509150,-4.225913125,
1364109110,-4.19821145,
1364709070,-4.287525613,
1365309030,-4.254620164,
1365908990,-4.28364334,
1366508950,-4.255937168,
1367108910,-4.312873652,
1367708870,-4.314290514,
1368308830,-4.273387958,
1368908790,-4.194394688,
1369508750,-4.214455428,
1370108710,-4.201066754,
1370708670,-4.288684656,
1371308630,-4.165603782,
1371908590,-4.249458886,
1372508550,-4.393051811,
1373108510,-4.343455446,
1373708470,-4.290221303,
1374308430,-4.299315468,
1374908390,-4.255084174,
1375508350,-4.278841445,
1376108310,-4.27581165,
1376708270,-4.304306421,
1377308230,-4.320356758,
1377908190,-4.282946551,
1378508150,-4.321253254,
1379108110,-4.274807673,
1379708070,-4.308436452,
1380308030,-4.296992845,
1380907990,-4.301527518,
1381507950,-4.278283223,
1382107910,-4.310032643,
1382707870,-4.290481227,
1383307830,-4.291625134,
1383907790,-4.298155957,
1384507750,-4.279695106,
1385107710,-4.332702838,
1385707670,-4.301510225,
1386307630,-4.279694808,
1386907590,-4.278583327,
1387507550,-4.243221149,
1388107510,-4.357333312,
1388707470,-4.397751933,
1389307430,-4.349218766,
1389907390,-4.36074269,
1390507350,-4.30123859,
1391107310,-4.319101026,
1391707270,-4.366657877,
1392307230,-4.271975723,
1392907190,-4.363933613,
1393507150,-4.347044417,
1394107110,-4.414017442,
1394707070,-4.369244489,
1395307030,-4.3619698,
1395906990,-4.275349794,
1396506950,-4.382477811,
1397106910,-4.399994287,
1397706870,-4.40386855,
1398306830,-4.429167583,
1398906790,-4.379017915,
1399506750,-4.399525931,
1400106710,-4.369718277,
1400706670,-4.442592912,
1401306630,-4.479374839,
1401906590,-4.35690295,
1402506550,-4.391642197,
1403106510,-4.396732646,
1403706470,-4.31651178,
1404306430,-4.418195709,
1404906390,-4.375732201,
1405506350,-4.384315893,
1406106310,-4.502995889,
1406706270,-4.442337207,
1407306230,-4.42019009,
1407906190,-4.505180533,
1408506150,-4.470263204,
1409106110,-4.375265497,
1409706070,-4.4108684,
1410306030,-4.399157755,
1410905990,-4.489052511,
1411505950,-4.371252138,
1412105910,-4.463842306,
1412705870,-4.429303153,
1413305830,-4.433437756,
1413905790,-4.382525377,
1414505750,-4.408503302,
1415105710,-4.446608399,
1415705670,-4.390119467,
1416305630,-4.424183583,
1416905590,-4.441149849,
1417505550,-4.446114885,
1418105510,-4.454694313,
1418705470,-4.442648075,
1419305430,-4.442262437,
1419905390,-4.44765647,
1420505350,-4.475460533,
1421105310,-4.536382405,
1421705270,-4.515379347,
1422305230,-4.438943474,
1422905190,-4.470076811,
1423505150,-4.470896434,
1424105110,-4.447315984,
1424705070,-4.489202008,
1425305030,-4.51422758,
1425904990,-4.487173776,
1426504950,-4.47552707,
1427104910,-4.427794797,
1427704870,-4.503338675,
1428304830,-4.454836547,
1428904790,-4.480390611,
1429504749,-4.538390384,
1430104709,-4.541140107,
1430704669,-4.506305156,
1431304629,-4.523715853,
1431904589,-4.534743969,
1432504549,-4.527452866,
1433104509,-4.472506586,
1433704469,-4.555217508,
1434304429,-4.469290519,
1434904389,-4.5463557,
1435504349,-4.44695753,
1436104309,-4.479373187,
1436704269,-4.514718054,
1437304229,-4.472970862,
1437904189,-4.57254581,
1438504149,-4.551020313,
1439104109,-4.52911989,
1439704069,-4.459791458,
1440304029,-4.500546698,
1440903989,-4.649371579,
1441503949,-4.528523624,
1442103909,-4.521669767,
1442703869,-4.635907849,
1443303829,-4.5252307,
1443903789,-4.564515486,
1444503749,-4.547995722,
1445103709,-4.543767384,
1445703669,-4.555186411,
1446303629,-4.495208138,
1446903589,-4.620389999,
1447503549,-4.580640326,
1448103509,-4.506878031,
1448703469,-4.615326815,
1449303429,-4.584540205,
1449903389,-4.662578299,
1450503349,-4.607783553,
1451103309,-4.53715575,
1451703269,-4.589439636,
1452303229,-4.596827682,
1452903189,-4.614742388,
1453503149,-4.530246527,
1454103109,-4.653125906,
1454703069,-4.518806898,
1455303029,-4.654891607,
1455902989,-4.56641571,
1456502949,-4.642218208,
1457102909,-4.644127226,
1457702869,-4.534519498,
1458302829,-4.62740389,
1458902789,-4.6797365,
1459502749,-4.581541454,
1460102709,-4.617551135,
1460702669,-4.576722595,
1461302629,-4.548409284,
1461902589,-4.584123065,
1462502549,-4.657525169,
1463102509,-4.604418675,
1463702469,-4.685801765,
1464302429,-4.547693429,
1464902389,-4.649933321,
1465502349,-4.574861698,
1466102309,-4.764108076,
1466702269,-4.673333485,
1467302229,-4.615062331,
1467902189,-4.687535312,
1468502149,-4.631225886,
1469102109,-4.667065649,
1469702069,-4.58333108,
1470302029,-4.60157871,
1470901989,-4.63451844,
1471501949,-4.747982785,
1472101909,-4.749573643,
1472701869,-4.668339041,
1473301829,-4.579254946,
1473901789,-4.710291337,
1474501749,-4.668837894,
1475101709,-4.750255876,
1475701669,-4.695043011,
1476301629,-4.697063697,
1476901589,-4.745931958,
1477501549,-4.656161328,
1478101509,-4.646625324,
1478701469,-4.649980751,
1479301429,-4.670542519,
1479901389,-4.687962802,
1480501349,-4.808735265,
1481101309,-4.677061097,
1481701269,-4.724421833,
1482301229,-4.761504513,
1482901189,-4.778448001,
1483501149,-4.691855048,
1484101109,-4.747911142,
1484701069,-4.816840136,
1485301029,-4.750602496,
1485900989,-4.769064647,
1486500949,-4.78651544,
1487100909,-4.760722193,
1487700869,-4.773537249,
1488300829,-4.74369675,
1488900789,-4.78017448,
1489500749,-4.744118084,
1490100709,-4.749518508,
1490700669,-4.79221926,
1491300629,-4.795417512,
1491900589,-4.762167019,
1492500549,-4.824094494,
1493100509,-4.812974061,
1493700469,-4.808172561,
1494300429,-4.79357771,
1494900389,-4.872223433,
1495500349,-4.877374305,
1496100309,-4.854334776,
1496700269,-4.808346071,
1497300229,-4.88486146,
1497900189,-4.901659979,
1498500149,-4.90798877,
1499100109,-5.010935616,
1499700069,-4.906601146,
1500300029,-4.929336396,
1500899989,-4.979050661,
1501499949,-4.994401839,
1502099909,-4.929642502,
1502699869,-5.017506302,
1503299829,-4.980121271,
1503899789,-5.023336714,
1504499749,-5.071904345,
1505099709,-4.922261453,
1505699669,-4.999500736,
1506299629,-5.00622749,
1506899589,-4.94646849,
1507499549,-5.057961339,
1508099509,-4.970905288,
1508699469,-5.051142521,
1509299429,-5.121016607,
1509899389,-5.143264498,
1510499349,-4.99106803,
1511099309,-4.927604308,
1511699269,-5.067018277,
1512299229,-5.187884933,
1512899189,-5.160483577,
1513499149,-5.138358969,
1514099109,-5.17992468,
1514699069,-5.163520611,
1515299029,-5.020025023,
1515898989,-5.149694967,
1516498949,-5.240435713,
1517098909,-5.157941778,
1517698869,-5.233969032,
1518298829,-5.225797368,
1518898789,-5.168653632,
1519498749,-5.184573626,
1520098709,-5.22341155,
1520698669,-5.328638269,
1521298629,-5.316217642,
1521898589,-5.311695826,
1522498549,-5.243902588,
1523098509,-5.271509989,
1523698469,-5.396980441,
1524298429,-5.425934953,
1524898389,-5.431044318,
1525498349,-5.370058175,
1526098309,-5.305253068,
1526698269,-5.405722344,
1527298229,-5.44335047,
1527898189,-5.464088867,
1528498149,-5.536630884,
1529098109,-5.400882271,
1529698069,-5.568212581,
1530298029,-5.420988805,
1530897989,-5.514206046,
1531497949,-5.500564485,
1532097909,-5.602256811,
1532697869,-5.601393847,
1533297829,-5.650174508,
1533897789,-5.542308813,
1534497749,-5.612557647,
1535097709,-5.618586807,
1535697669,-5.646350209,
1536297629,-5.574293143,
1536897589,-5.653564155,
1537497549,-5.627726827,
1538097509,-5.656706083,
1538697469,-5.539077094,
1539297429,-5.715185913,
1539897389,-5.68247716,
1540497349,-5.605834847,
1541097309,-5.715858898,
1541697269,-5.69458943,
1542297229,-5.75324801,
1542897189,-5.87923946,
1543497149,-5.805511786,
1544097109,-5.804988146,
1544697069,-5.732885308,
1545297029,-5.697695213,
1545896989,-5.663712694,
1546496949,-5.697740342,
1547096909,-5.74467469,
1547696869,-5.762377297,
1548296829,-5.7983399,
1548896789,-5.815266011,
1549496749,-5.874792939,
1550096709,-5.838987883,
1550696669,-5.818053621,
1551296629,-5.7507184,
1551896589,-5.851875603,
1552496549,-5.863052241,
1553096509,-5.793639857,
1553696469,-5.805598293,
1554296429,-5.865616779,
1554896389,-5.961912044,
1555496349,-5.934430308,
1556096309,-5.842578951,
1556696269,-5.903910026,
1557296229,-5.926978806,
1557896189,-5.85567152,
1558496149,-5.964621146,
1559096109,-5.954977807,
1559696069,-5.927519708,
1560296029,-6.014401985,
1560895989,-5.998813689,
1561495949,-5.976446935,
1562095909,-6.039789169,
1562695869,-6.011630487,
1563295829,-5.866998097,
1563895789,-6.007403006,
1564495749,-6.008709124,
1565095709,-5.981640248,
1565695669,-5.979898388,
1566295629,-5.956024239,
1566895589,-5.99429592,
1567495549,-6.029262413,
1568095509,-6.013434448,
1568695469,-5.954275553,
1569295429,-6.092499713,
1569895389,-6.02095589,
1570495349,-6.002214233,
1571095309,-6.037991782,
1571695269,-6.001777055,
1572295228,-5.954084894,
1572895188,-6.03153977,
1573495148,-6.04121869,
1574095108,-6.165699311,
1574695068,-6.184601659,
1575295028,-6.104531289,
1575894988,-6.078326043,
1576494948,-6.207979972,
1577094908,-5.992521259,
1577694868,-6.110233142,
1578294828,-6.075745788,
1578894788,-6.126176943,
1579494748,-6.10349159,
1580094708,-6.14794886,
1580694668,-6.057979994,
1581294628,-6.176314568,
1581894588,-6.126364739,
1582494548,-6.146414061,
1583094508,-6.120530293,
1583694468,-6.141122721,
1584294428,-6.148616637,
1584894388,-6.174487175,
1585494348,-6.131305403,
1586094308,-6.147429681,
1586694268,-6.077882922,
1587294228,-6.057909954,
1587894188,-6.133215971,
1588494148,-6.172440943,
1589094108,-6.160891436,
1589694068,-6.18064044,
1590294028,-6.095559096,
1590893988,-6.239092195,
1591493948,-6.202381645,
1592093908,-6.179115456,
1592693868,-6.098332781,
1593293828,-6.225879513,
1593893788,-6.17530796,
1594493748,-6.179462363,
1595093708,-6.216037499,
1595693668,-6.199091904,
1596293628,-6.12600345,
1596893588,-6.078277114,
1597493548,-6.122552013,
1598093508,-6.116665693,
1598693468,-6.17955159,
1599293428,-6.160976069,
1599893388,-6.142357026,
1600493348,-6.180633674,
1601093308,-6.148006515,
1601693268,-6.24583218,
1602293228,-6.200290088,
1602893188,-6.239321592,
1603493148,-6.17871075,
1604093108,-6.168350453,
1604693068,-6.121311903,
1605293028,-6.186150254,
1605892988,-6.169454544,
1606492948,-6.160284952,
1607092908,-6.11003788,
1607692868,-6.223258463,
1608292828,-6.203564818,
1608892788,-6.12570489,
1609492748,-6.184187281,
1610092708,-6.228207459,
1610692668,-6.282949236,
1611292628,-6.165076545,
1611892588,-6.253769046,
1612492548,-6.123167747,
1613092508,-6.207751506,
1613692468,-6.186498523,
1614292428,-6.336788759,
1614892388,-6.258896648,
1615492348,-6.28088437,
1616092308,-6.307570947,
1616692268,-6.329300626,
1617292228,-6.26727953,
1617892188,-6.249302885,
1618492148,-6.15561973,
1619092108,-6.385050527,
1619692068,-6.242234778,
1620292028,-6.307230486,
1620891988,-6.293710638,
1621491948,-6.364455135,
1622091908,-6.377758076,
1622691868,-6.327118408,
1623291828,-6.248531426,
1623891788,-6.245074423,
1624491748,-6.387386973,
1625091708,-6.420513694,
1625691668,-6.256581465,
1626291628,-6.317588506,
1626891588,-6.386666039,
1627491548,-6.334378224,
1628091508,-6.334083379,
1628691468,-6.314639927,
1629291428,-6.363811544,
1629891388,-6.392010254,
1630491348,-6.403781106,
1631091308,-6.54965738,
1631691268,-6.423704948,
1632291228,-6.405923401,
1632891188,-6.416460769,
1633491148,-6.410576325,
1634091108,-6.60906639,
1634691068,-6.461216013,
1635291028,-6.411141951,
1635890988,-6.467374068,
1636490948,-6.510517285,
1637090908,-6.376245631,
1637690868,-6.575270363,
1638290828,-6.553877778,
1638890788,-6.601970203,
1639490748,-6.588429213,
1640090708,-6.636168929,
1640690668,-6.606258191,
1641290628,-6.697748362,
1641890588,-6.548223844,
1642490548,-6.608350506,
1643090508,-6.706734611,
1643690468,-6.66941059,
1644290428,-6.698186663,
1644890388,-6.689313095,
1645490348,-6.84836823,
1646090308,-6.681102645,
1646690268,-6.716382074,
1647290228,-6.738134817,
1647890188,-6.81649303,
1648490148,-6.860811865,
1649090108,-6.971906881,
1649690068,-6.881133839,
1650290028,-6.852120177,
1650889988,-6.926216147,
1651489948,-6.884296274,
1652089908,-6.943627963,
1652689868,-6.942107315,
1653289828,-6.879240469,
1653889788,-6.889742165,
1654489748,-6.939385572,
1655089708,-6.910072625,
1655689668,-6.979313043,
1656289628,-7.01215982,
1656889588,-6.908049604,
1657489548,-7.003817426,
1658089508,-7.000869104,
1658689468,-7.03979328,
1659289428,-6.995574917,
1659889388,-6.962985676,
1660489348,-7.085433362,
1661089308,-6.986366575,
1661689268,-7.033386985,
1662289228,-7.11532617,
1662889188,-7.077280597,
1663489148,-7.124321785,
1664089108,-7.10719294,
1664689068,-7.12377113,
1665289028,-7.209622272,
1665888988,-7.105889381,
1666488948,-7.241146109,
1667088908,-7.258024505,
1667688868,-7.225615373,
1668288828,-7.236953673,
1668888788,-7.23487478,
1669488748,-7.292123265,
1670088708,-7.35365826,
1670688668,-7.328471997,
1671288628,-7.362034976,
1671888588,-7.291591486,
1672488548,-7.464724925,
1673088508,-7.406223055,
1673688468,-7.363608168,
1674288428,-7.46240342,
1674888388,-7.479238826,
1675488348,-7.535838263,
1676088308,-7.450049441,
1676688268,-7.399570676,
1677288228,-7.510982745,
1677888188,-7.570421963,
1678488148,-7.441134392,
1679088108,-7.565916443,
1679688068,-7.449684955,
1680288028,-7.606625543,
1680887988,-7.615616334,
1681487948,-7.677017966,
1682087908,-7.569812755,
1682687868,-7.751502789,
1683287828,-7.659085592,
1683887788,-7.702897694,
1684487748,-7.661727619,
1685087708,-7.777724806,
1685687668,-7.811604965,
1686287628,-7.739917168,
1686887588,-7.745056074,
1687487548,-7.80574215,
1688087508,-7.758907651,
1688687468,-7.930420571,
1689287428,-7.767239215,
1689887388,-7.955462663,
1690487348,-8.0463072,
1691087308,-8.089127713,
1691687268,-8.009787242,
1692287228,-8.030547288,
1692887188,-8.139878598,
1693487148,-8.050327645,
1694087108,-8.103380315,
1694687068,-8.223778485,
1695287028,-8.090994308,
1695886988,-8.20192754,
1696486948,-8.393333959,
1697086908,-8.257522306,
1697686868,-8.229926384,
1698286828,-8.178959688,
1698886788,-8.331862193,
1699486748,-8.226086838,
1700086708,-8.306717353,
1700686668,-8.276323158,
1701286628,-8.392134983,
1701886588,-8.386648557,
1702486548,-8.295869838,
1703086508,-8.443721528,
1703686468,-8.407822739,
1704286428,-8.458498142,
1704886388,-8.478265204,
1705486348,-8.502004529,
1706086308,-8.475546891,
1706686268,-8.589356038,
1707286228,-8.741086726,
1707886188,-8.676783324,
1708486148,-8.68594287,
1709086108,-8.631445671,
1709686068,-8.714344343,
1710286028,-8.756665513,
1710885988,-8.744402359,
1711485948,-8.828934786,
1712085908,-8.85496458,
1712685868,-8.926689193,
1713285828,-8.83447961,
1713885788,-8.813170619,
1714485748,-9.112473695,
1715085707,-9.11688844,
1715685667,-9.096514408,
1716285627,-9.088291789,
1716885587,-9.191787221,
1717485547,-9.402031757,
1718085507,-9.214192129,
1718685467,-9.398312268,
1719285427,-9.208169211,
1719885387,-9.391078308,
1720485347,-9.489709971,
1721085307,-9.579286639,
1721685267,-9.562369727,
1722285227,-9.633286811,
1722885187,-9.645056991,
1723485147,-9.695727574,
1724085107,-9.627886294,
1724685067,-9.695994172,
1725285027,-9.865595544,
1725884987,-9.964721051,
1726484947,-9.90072311,
1727084907,-10.02820059,
1727684867,-9.922411653,
1728284827,-9.999500748,
1728884787,-10.1919367,
1729484747,-10.10398004,
1730084707,-10.21283986,
1730684667,-10.32735322,
1731284627,-10.42525253,
1731884587,-10.29170214,
1732484547,-10.56250157,
1733084507,-10.4425131,
1733684467,-10.51171266,
1734284427,-10.67210199,
1734884387,-10.78689826,
1735484347,-10.71284221,
1736084307,-11.1155403,
1736684267,-10.98200742,
1737284227,-11.18161405,
1737884187,-11.2590045,
1738484147,-11.10013453,
1739084107,-11.33670459,
1739684067,-11.54828192,
1740284027,-11.4945264,
1740883987,-11.55014454,
1741483947,-11.66859075,
1742083907,-11.76168893,
1742683867,-11.77210618,
1743283827,-11.81392559,
1743883787,-11.83842424,
1744483747,-12.08749732,
1745083707,-12.03253961,
1745683667,-12.22991473,
1746283627,-12.19603427,
1746883587,-12.41555485,
1747483547,-12.51789128,
1748083507,-12.45234077,
1748683467,-12.35399592,
1749283427,-12.78216939,
1749883387,-12.99443195,
1750483347,-12.84540323,
1751083307,-13.12131691,
1751683267,-13.19911115,
1752283227,-13.52063226,
1752883187,-13.60060021,
1753483147,-13.86560462,
1754083107,-13.66394766,
1754683067,-13.84646885,
1755283027,-13.84784164,
1755882987,-13.93290186,
1756482947,-14.22545173,
1757082907,-14.20077606,
1757682867,-14.46212692,
1758282827,-14.27799832,
1758882787,-14.54099956,
1759482747,-14.85332488,
1760082707,-14.80454038,
1760682667,-15.00203822,
1761282627,-14.91307569,
1761882587,-15.50325956,
1762482547,-15.47543474,
1763082507,-15.91134733,
1763682467,-15.72820884,
1764282427,-16.13679694,
1764882387,-16.70405085,
1765482347,-16.46490592,
1766082307,-16.9045969,
1766682267,-16.69066665,
1767282227,-17.0131235,
1767882187,-16.85944039,
1768482147,-17.03025689,
1769082107,-17.2847937,
1769682067,-17.33943283,
1770282027,-17.71066156,
1770881987,-17.86284463,
1771481947,-18.21899704,
1772081907,-18.05381362,
1772681867,-18.59619681,
1773281827,-18.65800349,
1773881787,-19.00486936,
1774481747,-19.23452017,
1775081707,-19.0311554,
1775681667,-19.91978126,
1776281627,-20.3464023,
1776881587,-20.57379716,
1777481547,-21.55764761,
1778081507,-21.84214527,
1778681467,-21.70798686,
1779281427,-22.18811199,
1779881387,-22.1331403,
1780481347,-22.0681456,
1781081307,-22.4138701,
1781681267,-22.53307404,
1782281227,-22.68373435,
1782881187,-23.32931671,
1783481147,-23.53280519,
1784081107,-23.75121577,
1784681067,-24.09091232,
1785281027,-25.66411716,
1785880987,-25.50397928,
1786480947,-25.37465041,
1787080907,-25.42554744,
1787680867,-27.11177342,
1788280827,-26.23388335,
1788880787,-29.24274475,
1789480747,-27.64224846,
1790080707,-35.55065038,
1790680667,-34.09865592,
1791280627,-33.79932776,
1791880587,-36.02907948,
1792480547,-35.79465273,
1793080507,-35.10657943,
1793680467,-39.22531002,
1794280427,-43.04240003,
1794880387,-38.66670964,
1795480347,-37.71189264,
1796080307,-40.863487,
1796680267,-36.96650876,
1797280227,-35.79218189,
1797880187,-37.73359207,
1798480147,-34.89640835,
1799080107,-35.05883029,
1799680067,-32.18621311,
1800280027,-28.65897882,
1800879987,-27.35087786,
1801479947,-25.94322302,
1802079907,-26.44641337,
1802679867,-25.14756902,
1803279827,-26.04397765,
1803879787,-25.12360708,
1804479747,-24.60026747,
1805079707,-24.85352122,
1805679667,-23.8180932,
1806279627,-23.53431705,
1806879587,-23.2980425,
1807479547,-23.04077626,
1808079507,-22.58509057,
1808679467,-22.51168597,
1809279427,-22.3010988,
1809879387,-22.38258107,
1810479347,-22.48584242,
1811079307,-21.75908065,
1811679267,-21.44026892,
1812279227,-21.62408249,
1812879187,-21.28641746,
1813479147,-20.39437821,
1814079107,-19.50558222,
1814679067,-19.30111387,
1815279027,-19.37689356,
1815878987,-19.3942947,
1816478947,-18.93974477,
1817078907,-18.91174925,
1817678867,-19.04007645,
1818278827,-18.70590671,
1818878787,-18.42557394,
1819478747,-18.37194329,
1820078707,-18.37682775,
1820678667,-18.17177468,
1821278627,-17.97609982,
1821878587,-17.7620887,
1822478547,-17.70522737,
1823078507,-17.64544942,
1823678467,-17.42689027,
1824278427,-17.32200018,
1824878387,-17.2962419,
1825478347,-17.04216948,
1826078307,-17.17875974,
1826678267,-17.34731319,
1827278227,-17.37127416,
1827878187,-16.98281708,
1828478147,-16.9609407,
1829078107,-16.64412267,
1829678067,-16.99862582,
1830278027,-16.73340497,
1830877987,-16.84199726,
1831477947,-16.63112822,
1832077907,-16.56416726,
1832677867,-16.32972065,
1833277827,-16.45406134,
1833877787,-15.98986138,
1834477747,-16.19326746,
1835077707,-15.95745536,
1835677667,-15.95345522,
1836277627,-15.9075792,
1836877587,-15.96661587,
1837477547,-15.24899695,
1838077507,-15.56046197,
1838677467,-15.72596737,
1839277427,-15.80918326,
1839877387,-16.01472123,
1840477347,-15.48898625,
1841077307,-15.72820735,
1841677267,-15.53421941,
1842277227,-15.33878645,
1842877187,-15.23902366,
1843477147,-15.33745704,
1844077107,-15.43064017,
1844677067,-15.33197358,
1845277027,-15.07695214,
1845876987,-15.61200596,
1846476947,-15.00720155,
1847076907,-15.32809295,
1847676867,-15.15378225,
1848276827,-15.37659109,
1848876787,-15.18473863,
1849476747,-15.09900773,
1850076707,-15.34235619,
1850676667,-15.12604116,
1851276627,-15.49377513,
1851876587,-15.2693573,
1852476547,-15.29187063,
1853076507,-15.24816721,
1853676467,-15.37571458,
1854276427,-15.55267588,
1854876387,-15.13236569,
1855476347,-15.43356637,
1856076307,-15.49752868,
1856676267,-15.03267985,
1857276227,-15.40778481,
1857876186,-15.30260178,
1858476146,-14.99180707,
1859076106,-15.00046251,
1859676066,-15.2776656,
1860276026,-15.0882529,
1860875986,-15.50809892,
1861475946,-15.50079428,
1862075906,-15.50843246,
1862675866,-15.46545941,
1863275826,-15.21243246,
1863875786,-15.27846857,
1864475746,-15.54665381,
1865075706,-15.1079129,
1865675666,-15.36597605,
1866275626,-15.25660457,
1866875586,-15.34986974,
1867475546,-15.26387748,
1868075506,-15.52519503,
1868675466,-15.3621052,
1869275426,-15.18137951,
1869875386,-15.52122443,
1870475346,-15.31004039,
1871075306,-15.22132702,
1871675266,-15.28954741,
1872275226,-15.34184923,
1872875186,-15.41897149,
1873475146,-15.2828835,
1874075106,-15.37798874,
1874675066,-15.31428748,
1875275026,-15.33425743,
1875874986,-15.52003513,
1876474946,-15.27855391,
1877074906,-15.39528993,
1877674866,-15.34831294,
1878274826,-15.34902001,
1878874786,-15.25403894,
1879474746,-15.24832311,
1880074706,-15.31313043,
1880674666,-15.40938974,
1881274626,-15.37863228,
1881874586,-15.53449377,
1882474546,-15.2530387,
1883074506,-15.26867594,
1883674466,-15.1335401,
1884274426,-15.07957905,
1884874386,-15.27877183,
1885474346,-15.53470536,
1886074306,-15.30356179,
1886674266,-15.34008919,
1887274226,-15.17174164,
1887874186,-15.42635855,
1888474146,-15.12050852,
1889074106,-15.39302219,
1889674066,-15.5730704,
1890274026,-15.23414573,
1890873986,-15.04160665,
1891473946,-15.3335373,
1892073906,-15.53883078,
1892673866,-15.16145865,
1893273826,-15.20329688,
1893873786,-14.91797969,
1894473746,-15.24139557,
1895073706,-15.11273839,
1895673666,-15.16863158,
1896273626,-15.15378271,
1896873586,-15.1739021,
1897473546,-15.20041495,
1898073506,-15.19804874,
1898673466,-15.13341067,
1899273426,-15.26630727,
1899873386,-15.38555944,
1900473346,-15.08686012,
1901073306,-15.14583981,
1901673266,-15.1185493,
1902273226,-15.19412894,
1902873186,-15.3163702,
1903473146,-15.3243693,
1904073106,-15.35912789,
1904673066,-15.39036809,
1905273026,-15.0715394,
1905872986,-15.16066583,
1906472946,-15.00871928,
1907072906,-14.96942235,
1907672866,-15.18239034,
1908272826,-15.09035358,
1908872786,-14.88250233,
1909472746,-14.88439871,
1910072706,-15.00667091,
1910672666,-14.99541715,
1911272626,-14.88122563,
1911872586,-14.89623496,
1912472546,-15.20102685,
1913072506,-14.92659353,
1913672466,-14.8885189,
1914272426,-14.71058294,
1914872386,-14.80136056,
1915472346,-14.8119271,
1916072306,-14.89900329,
1916672266,-14.80880681,
1917272226,-14.90833945,
1917872186,-14.89564584,
1918472146,-14.8355815,
1919072106,-14.84148973,
1919672066,-14.65116766,
1920272026,-14.7276374,
1920871986,-14.7438445,
1921471946,-14.53982318,
1922071906,-14.67395837,
1922671866,-14.68795022,
1923271826,-14.73659654,
1923871786,-14.62669485,
1924471746,-14.6523043,
1925071706,-14.62936791,
1925671666,-14.64041337,
1926271626,-14.73621242,
1926871586,-14.56969014,
1927471546,-14.56554132,
1928071506,-14.56977804,
1928671466,-14.42739334,
1929271426,-14.61342111,
1929871386,-14.43199598,
1930471346,-14.18547461,
1931071306,-14.36816969,
1931671266,-14.47940835,
1932271226,-14.33930488,
1932871186,-14.34995853,
1933471146,-14.38473006,
1934071106,-14.16393685,
1934671066,-14.03634466,
1935271026,-14.39465435,
1935870986,-14.11551838,
1936470946,-14.301371,
1937070906,-14.15949887,
1937670866,-14.1656113,
1938270826,-14.05179485,
1938870786,-14.3890646,
1939470746,-14.25535596,
1940070706,-14.18427309,
1940670666,-14.26299569,
1941270626,-14.22890651,
1941870586,-14.15763861,
1942470546,-14.10963873,
1943070506,-14.20592553,
1943670466,-14.20687223,
1944270426,-13.96229292,
1944870386,-13.93235152,
1945470346,-14.00287646,
1946070306,-13.94196031,
1946670266,-14.02769203,
1947270226,-13.78375742,
1947870186,-13.99088401,
1948470146,-13.90119262,
1949070106,-14.00042597,
1949670066,-13.71219775,
1950270026,-13.84042904,
1950869986,-14.05309236,
1951469946,-14.10857001,
1952069906,-13.81397991,
1952669866,-13.75374,
1953269826,-13.8385615,
1953869786,-13.96391251,
1954469746,-14.07680778,
1955069706,-13.7860903,
1955669666,-13.86627325,
1956269626,-13.8796751,
1956869586,-13.8176871,
1957469546,-13.74970864,
1958069506,-13.72569859,
1958669466,-13.83165672,
1959269426,-13.98230202,
1959869386,-13.81256056,
1960469346,-13.900965,
1961069306,-13.64652539,
1961669266,-14.00649426,
1962269226,-13.76409093,
1962869186,-13.8126811,
1963469146,-13.90452795,
1964069106,-14.05010096,
1964669066,-13.70877166,
1965269026,-14.00155763,
1965868986,-13.84876485,
1966468946,-13.75573482,
1967068906,-13.91643107,
1967668866,-13.94386522,
1968268826,-13.89580098,
1968868786,-13.9251336,
1969468746,-13.97331818,
1970068706,-13.8339615,
1970668666,-13.7773123,
1971268626,-13.84293132,
1971868586,-13.91293755,
1972468546,-14.11662762,
1973068506,-14.09827247,
1973668466,-14.12932273,
1974268426,-13.83780786,
1974868386,-13.97406829,
1975468346,-14.19756886,
1976068306,-14.23038858,
1976668266,-13.76956261,
1977268226,-14.06998699,
1977868186,-14.01943258,
1978468146,-14.08689352,
1979068106,-14.1296023,
1979668066,-14.12135781,
1980268026,-14.16871151,
1980867986,-14.12333436,
1981467946,-14.046014,
1982067906,-14.17474809,
1982667866,-14.4122708,
1983267826,-14.20735562,
1983867786,-14.3587217,
1984467746,-14.35051992,
1985067706,-14.31540177,
1985667666,-14.29052039,
1986267626,-14.21427444,
1986867586,-14.36800675,
1987467546,-14.4245994,
1988067506,-14.58299838,
1988667466,-14.59096872,
1989267426,-14.47982559,
1989867386,-14.5783516,
1990467346,-14.6497098,
1991067306,-14.72846569,
1991667266,-14.78138509,
1992267226,-14.57716546,
1992867186,-14.82239015,
1993467146,-14.72505133,
1994067106,-14.46781985,
1994667066,-14.92499719,
1995267026,-15.00272241,
1995866986,-15.17366599,
1996466946,-14.82068932,
1997066906,-15.01019281,
1997666866,-15.1866923,
1998266826,-15.16593082,
1998866786,-15.21918908,
1999466746,-15.02884651,
2000066706,-15.41350089,
2000666666,-15.37184594,
2001266626,-15.38646563,
2001866585,-15.64758652,
2002466545,-15.76512187,
2003066505,-15.84945861,
2003666465,-16.02528836,
2004266425,-16.13993609,
2004866385,-16.14663984,
2005466345,-16.25449551,
2006066305,-16.34873038,
2006666265,-16.2718197,
2007266225,-16.31283691,
2007866185,-16.47669087,
2008466145,-16.39449055,
2009066105,-16.62221042,
2009666065,-16.3229798,
2010266025,-17.0285975,
2010865985,-16.53339294,
2011465945,-16.47415576,
2012065905,-16.59630784,
2012665865,-16.86526146,
2013265825,-16.79721405,
2013865785,-16.75165308,
2014465745,-16.80481176,
2015065705,-17.03710537,
2015665665,-17.06334523,
2016265625,-16.97538038,
2016865585,-17.28297455,
2017465545,-17.18750419,
2018065505,-17.24218523,
2018665465,-17.25336529,
2019265425,-17.59561199,
2019865385,-17.70783786,
2020465345,-17.83836566,
2021065305,-17.64177119,
2021665265,-17.62849306,
2022265225,-17.95602414,
2022865185,-17.99861943,
2023465145,-17.97562143,
2024065105,-17.89269665,
2024665065,-18.498328,
2025265025,-18.20142356,
2025864985,-18.2634199,
2026464945,-18.10699312,
2027064905,-18.45168034,
2027664865,-19.00117269,
2028264825,-18.72631357,
2028864785,-18.65309496,
2029464745,-18.57876218,
2030064705,-18.71134527,
2030664665,-18.42025832,
2031264625,-19.27683335,
2031864585,-19.23948513,
2032464545,-19.50722165,
2033064505,-19.07082099,
2033664465,-19.4156144,
2034264425,-18.94485092,
2034864385,-19.7276882,
2035464345,-19.95906074,
2036064305,-19.71848642,
2036664265,-20.11617553,
2037264225,-20.57228757,
2037864185,-20.50409599,
2038464145,-20.91129036,
2039064105,-21.64127019,
2039664065,-21.16477988,
2040264025,-20.78643897,
2040863985,-20.99063085,
2041463945,-21.21559401,
2042063905,-21.32865346,
2042663865,-21.41628205,
2043263825,-21.77832575,
2043863785,-21.60477843,
2044463745,-21.70406176,
2045063705,-21.31758208,
2045663665,-22.296253,
2046263625,-22.14098853,
2046863585,-21.86497161,
2047463545,-21.44766522,
2048063505,-21.84355007,
2048663465,-21.80776612,
2049263425,-22.21280327,
2049863385,-22.22396278,
2050463345,-22.1740535,
2051063305,-22.05866272,
2051663265,-22.38224613,
2052263225,-22.31829422,
2052863185,-22.64938487,
2053463145,-22.79248436,
2054063105,-22.52263227,
2054663065,-23.08512427,
2055263025,-23.46185693,
2055862985,-23.02541841,
2056462945,-23.20952021,
2057062905,-23.3411562,
2057662865,-22.93984155,
2058262825,-23.35235355,
2058862785,-23.45045357,
2059462745,-23.77620567,
2060062705,-23.41827227,
2060662665,-23.63251386,
2061262625,-24.11640848,
2061862585,-24.03061245,
2062462545,-24.15744138,
2063062505,-24.38291296,
2063662465,-24.28982379,
2064262425,-24.96162848,
2064862385,-25.31735074,
2065462345,-24.74841187,
2066062305,-24.74244312,
2066662265,-25.02909451,
2067262225,-25.16640849,
2067862185,-25.42536008,
2068462145,-25.50155753,
2069062105,-25.11778762,
2069662065,-26.51277443,
2070262025,-25.39036567,
2070861985,-25.60732344,
2071461945,-24.42339459,
2072061905,-25.32400635,
2072661865,-25.27757239,
2073261825,-25.89022685,
2073861785,-25.22565508,
2074461745,-26.30036233,
2075061705,-26.85591732,
2075661665,-26.34977848,
2076261625,-26.07658965,
2076861585,-27.75392428,
2077461545,-26.61604841,
2078061505,-26.01639813,
2078661465,-26.51197226,
2079261425,-26.57650738,
2079861385,-27.32842876,
2080461345,-27.94362436,
2081061305,-27.1553406,
2081661265,-26.70755183,
2082261225,-28.92634402,
2082861185,-28.9832229,
2083461145,-28.55869311,
2084061105,-30.1219037,
2084661065,-29.6429833,
2085261025,-30.4560122,
2085860985,-33.36696958,
2086460945,-34.05222963,
2087060905,-33.32365557,
2087660865,-34.63535955,
2088260825,-34.6401865,
2088860785,-35.50486499,
2089460745,-36.47494291,
2090060705,-34.03997204,
2090660665,-34.81949255,
2091260625,-36.26267902,
2091860585,-37.03787376,
2092460545,-38.10055691,
2093060505,-38.06857851,
2093660465,-37.82455501,
2094260425,-37.50944339,
2094860385,-39.08104569,
2095460345,-36.94935573,
2096060305,-37.9635739,
2096660265,-36.73815805,
2097260225,-38.33880552,
2097860185,-37.66077005,
2098460145,-37.79405523,
2099060105,-37.52112598,
2099660065,-37.69124216,
2100260025,-36.10177542,
2100859985,-38.52326764,
2101459945,-37.81481442,
2102059905,-36.12219437,
2102659865,-35.52385084,
2103259825,-35.78619262,
2103859785,-36.07812418,
2104459745,-36.32011638,
2105059705,-36.64266952,
2105659665,-36.91057723,
2106259625,-37.15450346,
2106859585,-37.45562725,
2107459545,-37.8100717,
2108059505,-38.0210276,
2108659465,-38.31523807,
2109259425,-38.61658172,
2109859385,-38.92373048,
2110459345,-39.14025595,
2111059305,-39.36722951,
2111659265,-39.59601384,
2112259225,-39.82173417,
2112859185,-39.95526584,
2113459145,-40.07398667,
2114059105,-40.10704176,
2114659065,-40.20226789,
2115259025,-40.11528255,
2115858985,-40.08825603,
2116458945,-39.94945316,
2117058905,-39.84235279,
2117658865,-39.62315885,
2118258825,-39.37947083,
2118858785,-39.10115436,
2119458745,-38.76141945,
2120058705,-38.58420359,
2120658665,-38.28765025,
2121258625,-37.9197221,
2121858585,-37.55381255,
2122458545,-37.24489208,
2123058505,-36.89360144,
2123658465,-36.54533566,
2124258425,-36.27618828,
2124858385,-35.90872418,
2125458345,-35.54147313,
2126058305,-36.12545224,
2126658265,-36.64857749,
2127258225,-35.45175773,
2127858185,-37.88241968,
2128458145,-39.89020667,
2129058105,-40.20202233,
2129658065,-37.85729648,
2130258025,-36.78589016,
2130857985,-37.41053445,
2131457945,-37.79445073,
2132057905,-36.25794698,
2132657865,-37.50706445,
2133257825,-37.33123514,
2133857785,-39.60177863,
2134457745,-37.76098526,
2135057705,-35.19013667,
2135657665,-35.67481071,
2136257625,-37.51637329,
2136857585,-33.70472535,
2137457545,-33.64196012,
2138057505,-34.46204262,
2138657465,-34.31027253,
2139257425,-30.14262921,
2139857385,-33.91221873,
2140457345,-30.51568062,
2141057305,-29.11667039,
2141657265,-28.37880591,
2142257225,-26.79283223,
2142857185,-28.90272266,
2143457145,-27.61757452,
2144057105,-26.73094883,
2144657065,-27.10889692,
2145257025,-25.91977445,
2145856985,-25.90980663,
2146456945,-26.58722368,
2147056905,-25.83093697,
2147656865,-25.13859524,
2148256825,-25.33916353,
2148856785,-24.65170634,
2149456745,-24.28789264,
2150056705,-24.50413592,
2150656665,-24.52933025,
2151256625,-24.55381272,
2151856585,-24.65087608,
2152456545,-24.50068015,
2153056505,-24.52298957,
2153656465,-24.38494845,
2154256425,-24.23316113,
2154856385,-24.3850593,
2155456344,-22.99425548,
2156056304,-23.83330433,
2156656264,-23.89732261,
2157256224,-23.73434475,
2157856184,-23.6033131,
2158456144,-23.03919528,
2159056104,-23.0112638,
2159656064,-22.82465371,
2160256024,-22.74214127,
2160855984,-22.47580223,
2161455944,-22.68886773,
2162055904,-22.192521,
2162655864,-22.07880601,
2163255824,-22.06661945,
2163855784,-21.98545766,
2164455744,-21.76627483,
2165055704,-21.24649927,
2165655664,-21.63830372,
2166255624,-21.46080491,
2166855584,-21.17436916,
2167455544,-21.11304004,
2168055504,-20.860542,
2168655464,-20.99819483,
2169255424,-21.18420484,
2169855384,-21.07454423,
2170455344,-20.6496514,
2171055304,-20.30008404,
2171655264,-20.4649308,
2172255224,-20.28653272,
2172855184,-20.59054239,
2173455144,-20.6760533,
2174055104,-20.0333155,
2174655064,-20.02746355,
2175255024,-20.18462123,
2175854984,-20.81220223,
2176454944,-19.36932046,
2177054904,-19.67753491,
2177654864,-19.07605582,
2178254824,-18.83370772,
2178854784,-18.93663976,
2179454744,-18.29650533,
2180054704,-18.56562574,
2180654664,-18.42165682,
2181254624,-18.2320596,
2181854584,-17.9960973,
2182454544,-17.86362153,
2183054504,-18.21159283,
2183654464,-17.9589161,
2184254424,-17.34588274,
2184854384,-17.55662334,
2185454344,-17.26038834,
2186054304,-17.55191522,
2186654264,-17.28875531,
2187254224,-17.15061409,
2187854184,-17.17020326,
2188454144,-16.96074547,
2189054104,-16.84605206,
2189654064,-16.80346497,
2190254024,-16.70557673,
2190853984,-16.36546313,
2191453944,-16.35833182,
2192053904,-16.33199492,
2192653864,-16.21502083,
2193253824,-16.02787082,
2193853784,-16.12834498,
2194453744,-15.93381284,
2195053704,-15.95779813,
2195653664,-16.14829803,
2196253624,-15.76365898,
2196853584,-15.73964218,
2197453544,-15.75088688,
2198053504,-15.66209622,
2198653464,-15.46324371,
2199253424,-15.15340312,
2199853384,-15.40110638,
2200453344,-15.33173814,
2201053304,-14.96543186,
2201653264,-15.00311376,
2202253224,-14.77474785,
2202853184,-14.5005957,
2203453144,-14.36598142,
2204053104,-14.23285619,
2204653064,-13.98756004,
2205253024,-14.01397931,
2205852984,-13.86575534,
2206452944,-14.03533326,
2207052904,-13.89226595,
2207652864,-13.79914005,
2208252824,-13.95325563,
2208852784,-13.78277755,
2209452744,-13.8549035,
2210052704,-13.58890619,
2210652664,-13.54813993,
2211252624,-13.54514027,
2211852584,-13.46435321,
2212452544,-13.47503964,
2213052504,-13.31414231,
2213652464,-13.15108471,
2214252424,-13.1579376,
2214852384,-12.8999471,
2215452344,-12.85356506,
2216052304,-12.9652556,
2216652264,-12.93894224,
2217252224,-13.08057058,
2217852184,-12.8399627,
2218452144,-12.80493992,
2219052104,-12.83359296,
2219652064,-12.80097995,
2220252024,-12.66642624,
2220851984,-12.64500051,
2221451944,-12.49119032,
2222051904,-12.45147694,
2222651864,-12.3696648,
2223251824,-12.32860199,
2223851784,-12.14284555,
2224451744,-12.10665655,
2225051704,-12.17702698,
2225651664,-11.96494877,
2226251624,-11.81846817,
2226851584,-11.68071322,
2227451544,-11.91397435,
2228051504,-11.68791435,
2228651464,-11.82400556,
2229251424,-11.62451468,
2229851384,-11.53862348,
2230451344,-11.58080136,
2231051304,-11.53688287,
2231651264,-11.4367709,
2232251224,-11.3832626,
2232851184,-11.39803315,
2233451144,-11.38409089,
2234051104,-11.25231817,
2234651064,-11.31924742,
2235251024,-11.29911405,
2235850984,-11.39443332,
2236450944,-10.99109218,
2237050904,-11.32428223,
2237650864,-11.16249357,
2238250824,-11.07935415,
2238850784,-11.0389732,
2239450744,-11.15912498,
2240050704,-10.95538865,
2240650664,-11.00377042,
2241250624,-11.06441723,
2241850584,-10.8699631,
2242450544,-10.91388741,
2243050504,-10.75097852,
2243650464,-10.69255861,
2244250424,-10.77779807,
2244850384,-10.70976768,
2245450344,-10.62126401,
2246050304,-10.71035568,
2246650264,-10.730413,
2247250224,-10.66125346,
2247850184,-10.62233642,
2248450144,-10.53800353,
2249050104,-10.70168444,
2249650064,-10.61020255,
2250250024,-10.50824072,
2250849984,-10.54953545,
2251449944,-10.5252313,
2252049904,-10.59816017,
2252649864,-10.60907568,
2253249824,-10.57325116,
2253849784,-10.56522799,
2254449744,-10.56951481,
2255049704,-10.46356099,
2255649664,-10.48746229,
2256249624,-10.44562484,
2256849584,-10.50960832,
2257449544,-10.24777687,
2258049504,-10.38020007,
2258649464,-10.27075239,
2259249424,-10.41490514,
2259849384,-10.26334562,
2260449344,-10.44103914,
2261049304,-10.31106117,
2261649264,-10.23259953,
2262249224,-10.35631858,
2262849184,-10.15026965,
2263449144,-10.30845995,
2264049104,-10.20823375,
2264649064,-10.05447164,
2265249024,-10.31677735,
2265848984,-10.13826479,
2266448944,-9.83360618,
2267048904,-10.18918201,
2267648864,-9.956783774,
2268248824,-10.11025523,
2268848784,-9.980236576,
2269448744,-9.994033721,
2270048704,-9.826840998,
2270648664,-10.0765414,
2271248624,-10.13342889,
2271848584,-9.911285284,
2272448544,-9.841469134,
2273048504,-9.976634733,
2273648464,-9.896847248,
2274248424,-9.88878239,
2274848384,-9.892898136,
2275448344,-9.811353596,
2276048304,-9.896239357,
2276648264,-9.96308012,
2277248224,-9.686230059,
2277848184,-9.960516794,
2278448144,-9.777670975,
2279048104,-9.830030918,
2279648064,-9.777836439,
2280248024,-9.684488647,
2280847984,-9.975765691,
2281447944,-9.656548214,
2282047904,-9.714022777,
2282647864,-9.744540375,
2283247824,-9.725773909,
2283847784,-9.787620732,
2284447744,-9.683371064,
2285047704,-9.741149518,
2285647664,-9.733816343,
2286247624,-9.667561022,
2286847584,-9.881854058,
2287447544,-9.783917745,
2288047504,-9.777635267,
2288647464,-9.623727904,
2289247424,-9.64597665,
2289847384,-9.507213476,
2290447344,-9.475770048,
2291047304,-9.651715046,
2291647264,-9.479873435,
2292247224,-9.395235992,
2292847184,-9.58592192,
2293447144,-9.628094245,
2294047104,-9.764657117,
2294647064,-9.384103827,
2295247024,-9.606403112,
2295846984,-9.311267574,
2296446944,-9.458285106,
2297046904,-9.537779353,
2297646864,-9.513228662,
2298246824,-9.528907205,
2298846784,-9.766214255,
2299446744,-9.370605854,
2300046704,-9.630659168,
2300646664,-9.581183952,
2301246624,-9.549823642,
2301846584,-9.47712868,
2302446544,-9.485402572,
2303046504,-9.429553136,
2303646464,-9.560742067,
2304246424,-9.368032851,
2304846384,-9.377800285,
2305446344,-9.397479723,
2306046304,-9.438146555,
2306646264,-9.597578353,
2307246224,-9.330756559,
2307846184,-9.346017858,
2308446144,-9.385510201,
2309046103,-9.427530803,
2309646063,-9.563322729,
2310246023,-9.424123326,
2310845983,-9.175720088,
2311445943,-9.452830236,
2312045903,-9.318923776,
2312645863,-9.445790522,
2313245823,-9.29542478,
2313845783,-9.27676128,
2314445743,-9.472258373,
2315045703,-9.531727171,
2315645663,-9.481645998,
2316245623,-9.257901064,
2316845583,-9.371042734,
2317445543,-9.235753447,
2318045503,-9.319170223,
2318645463,-9.357530053,
2319245423,-9.283068849,
2319845383,-9.209538772,
2320445343,-9.346544859,
2321045303,-9.175605859,
2321645263,-9.14952329,
2322245223,-9.0800035,
2322845183,-9.162182552,
2323445143,-9.14656487,
2324045103,-9.216656644,
2324645063,-9.059193105,
2325245023,-9.088103981,
2325844983,-9.19286037,
2326444943,-9.057868882,
2327044903,-9.048710069,
2327644863,-9.216347137,
2328244823,-9.004458946,
2328844783,-9.049070289,
2329444743,-8.910630579,
2330044703,-9.050968552,
2330644663,-9.05023965,
2331244623,-8.965434892,
2331844583,-8.989009743,
2332444543,-8.891276081,
2333044503,-8.894471775,
2333644463,-8.953936528,
2334244423,-8.858266221,
2334844383,-8.931618748,
2335444343,-8.933527887,
2336044303,-8.823915925,
2336644263,-8.918032995,
2337244223,-8.898628343,
2337844183,-8.779281326,
2338444143,-8.730759719,
2339044103,-8.81152765,
2339644063,-8.637121982,
2340244023,-8.62130105,
2340843983,-8.778250398,
2341443943,-8.674779627,
2342043903,-8.667494622,
2342643863,-8.661510975,
2343243823,-8.6201209,
2343843783,-8.605112501,
2344443743,-8.62868674,
2345043703,-8.564451097,
2345643663,-8.468727469,
2346243623,-8.521813926,
2346843583,-8.553973124,
2347443543,-8.366500258,
2348043503,-8.5068292,
2348643463,-8.50345062,
2349243423,-8.394510328,
2349843383,-8.491916113,
2350443343,-8.442794777,
2351043303,-8.519774006,
2351643263,-8.473837065,
2352243223,-8.395906552,
2352843183,-8.212311646,
2353443143,-8.417683171,
2354043103,-8.11768199,
2354643063,-8.286430025,
2355243023,-8.29910587,
2355842983,-8.358090577,
2356442943,-8.209442105,
2357042903,-8.182872863,
2357642863,-8.182554702,
2358242823,-7.984057328,
2358842783,-8.079122126,
2359442743,-8.132920874,
2360042703,-8.015457377,
2360642663,-8.024874005,
2361242623,-7.892715286,
2361842583,-7.905112736,
2362442543,-7.896654915,
2363042503,-7.691177279,
2363642463,-8.023797624,
2364242423,-7.716613747,
2364842383,-7.916045469,
2365442343,-7.746163303,
2366042303,-7.663132556,
2366642263,-7.703976678,
2367242223,-7.689008358,
2367842183,-7.702150912,
2368442143,-7.631413078,
2369042103,-7.464403845,
2369642063,-7.489673572,
2370242023,-7.536886978,
2370841983,-7.393196183,
2371441943,-7.57424204,
2372041903,-7.546012488,
2372641863,-7.514035597,
2373241823,-7.427338099,
2373841783,-7.409504588,
2374441743,-7.437691617,
2375041703,-7.43699624,
2375641663,-7.361397225,
2376241623,-7.333965977,
2376841583,-7.454763418,
2377441543,-7.153221101,
2378041503,-7.142708595,
2378641463,-7.161542771,
2379241423,-7.206936538,
2379841383,-7.06015617,
2380441343,-7.175495412,
2381041303,-7.193118139,
2381641263,-6.99286424,
2382241223,-6.986903858,
2382841183,-7.077808438,
2383441143,-7.063054123,
2384041103,-7.05153247,
2384641063,-6.947468274,
2385241023,-7.06151703,
2385840983,-7.073991375,
2386440943,-7.00478504,
2387040903,-6.946105947,
2387640863,-6.925363664,
2388240823,-7.067553079,
2388840783,-6.938944701,
2389440743,-6.838153599,
2390040703,-6.877190567,
2390640663,-6.860599916,
2391240623,-6.903759947,
2391840583,-6.699437161,
2392440543,-6.766917597,
2393040503,-6.830839552,
2393640463,-6.818698815,
2394240423,-6.630877119,
2394840383,-6.781017731,
2395440343,-6.676279604,
2396040303,-6.638351032,
2396640263,-6.579039525,
2397240223,-6.549437131,
2397840183,-6.49647597,
2398440143,-6.648727503,
2399040103,-6.420536557,
2399640063,-6.385502401,
2400240023,-6.511071236,
2400839983,-6.378006556,
2401439943,-6.314323725,
2402039903,-6.31964294,
2402639863,-6.375371656,
2403239823,-6.43858408,
2403839783,-6.353478462,
2404439743,-6.384088481,
2405039703,-6.276051277,
2405639663,-6.226830494,
2406239623,-6.233663026,
2406839583,-6.321862797,
2407439543,-6.191783218,
2408039503,-6.225125377,
2408639463,-6.266453943,
2409239423,-6.27517572,
2409839383,-6.279996704,
2410439343,-6.320363091,
2411039303,-6.205069535,
2411639263,-6.123978113,
2412239223,-6.247314965,
2412839183,-6.091632929,
2413439143,-6.14811794,
2414039103,-6.171646715,
2414639063,-6.125081688,
2415239023,-6.213535079,
2415838983,-6.218598165,
2416438943,-6.185026646,
2417038903,-6.04450475,
2417638863,-6.116954129,
2418238823,-6.192983245,
2418838783,-6.125483779,
2419438743,-6.166802013,
2420038703,-6.176780016,
2420638663,-6.145733187,
2421238623,-6.079730393,
2421838583,-6.076742432,
2422438543,-6.133194178,
2423038503,-6.057083326,
2423638463,-6.04560461,
2424238423,-6.077144758,
2424838383,-6.100632513,
2425438343,-6.092099364,
2426038303,-6.05735703,
2426638263,-6.073076422,
2427238223,-6.038964078,
2427838183,-6.006440669,
2428438143,-5.998178244,
2429038103,-6.107744089,
2429638063,-6.000498222,
2430238023,-6.14732305,
2430837983,-6.039823545,
2431437943,-5.953222477,
2432037903,-6.208867516,
2432637863,-5.911795337,
2433237823,-6.023914514,
2433837783,-5.996932488,
2434437743,-5.952002134,
2435037703,-5.866712779,
2435637663,-5.953371936,
2436237623,-5.995553965,
2436837583,-5.960305418,
2437437543,-6.034704439,
2438037503,-5.930037119,
2438637463,-5.888340405,
2439237423,-5.982962797,
2439837383,-5.96125619,
2440437343,-5.952082368,
2441037303,-6.023575316,
2441637263,-6.022567588,
2442237223,-5.942670291,
2442837183,-5.901370059,
2443437143,-5.949072338,
2444037103,-5.976533903,
2444637063,-6.008972002,
2445237023,-5.967636543,
2445836983,-5.894819762,
2446436943,-5.925400903,
2447036903,-5.961897284,
2447636863,-6.02068587,
2448236823,-5.938418373,
2448836783,-5.857736133,
2449436743,-5.89000624,
2450036703,-5.914716091,
2450636663,-5.892205895,
2451236623,-5.919938694,
2451836583,-5.845756296,
2452436543,-5.906153614,
2453036503,-5.823062226,
2453636463,-5.945901828,
2454236423,-5.886473276,
2454836383,-5.837930452,
2455436343,-5.803704535,
2456036303,-5.829959611,
2456636263,-5.940333033,
2457236223,-5.881207579,
2457836183,-5.79024079,
2458436143,-5.883167575,
2459036103,-5.886119819,
2459636063,-5.923334257,
2460236023,-5.939493521,
2460835983,-5.983819271,
2461435943,-5.821129668,
2462035903,-5.955229464,
2462635863,-5.831967412,
2463235822,-5.846170008,
2463835782,-5.861879835,
2464435742,-5.844510396,
2465035702,-5.844376678,
2465635662,-5.846203839,
2466235622,-5.832417262,
2466835582,-5.903875941,
2467435542,-5.719456355,
2468035502,-5.878772711,
2468635462,-5.840989304,
2469235422,-5.806241224,
2469835382,-5.79041687,
2470435342,-5.782805479,
2471035302,-5.789213057,
2471635262,-5.829408473,
2472235222,-5.845322385,
2472835182,-5.876444215,
2473435142,-5.855776629,
2474035102,-5.781275463,
2474635062,-5.855605718,
2475235022,-5.904710163,
2475834982,-5.702208033,
2476434942,-5.85684857,
2477034902,-5.800105453,
2477634862,-5.812410207,
2478234822,-5.816083167,
2478834782,-5.792444189,
2479434742,-5.808848911,
2480034702,-5.811372713,
2480634662,-5.832447843,
2481234622,-5.822576414,
2481834582,-5.728281056,
2482434542,-5.883332465,
2483034502,-5.800931202,
2483634462,-5.772790665,
2484234422,-5.751849239,
2484834382,-5.825454509,
2485434342,-5.787264211,
2486034302,-5.833095132,
2486634262,-5.730311603,
2487234222,-5.736130481,
2487834182,-5.77612836,
2488434142,-5.805196587,
2489034102,-5.719794762,
2489634062,-5.717004093,
2490234022,-5.92522287,
2490833982,-5.811498801,
2491433942,-5.720061618,
2492033902,-5.726843827,
2492633862,-5.661688712,
2493233822,-5.770965315,
2493833782,-5.695714743,
2494433742,-5.708247009,
2495033702,-5.767477706,
2495633662,-5.73266548,
2496233622,-5.684596524,
2496833582,-5.65973764,
2497433542,-5.677010039,
2498033502,-5.745888057,
2498633462,-5.657998151,
2499233422,-5.642012612,
2499833382,-5.589307522,
2500433342,-5.746563062,
2501033302,-5.690864233,
2501633262,-5.769867084,
2502233222,-5.720794581,
2502833182,-5.751402209,
2503433142,-5.569604225,
2504033102,-5.647765729,
2504633062,-5.71940429,
2505233022,-5.74215807,
2505832982,-5.67620427,
2506432942,-5.753795071,
2507032902,-5.729155577,
2507632862,-5.700858907,
2508232822,-5.650414632,
2508832782,-5.671747772,
2509432742,-5.706776973,
2510032702,-5.592695044,
2510632662,-5.670565463,
2511232622,-5.598649547,
2511832582,-5.71396118,
2512432542,-5.722595492,
2513032502,-5.601541393,
2513632462,-5.65326435,
2514232422,-5.548652991,
2514832382,-5.616460298,
2515432342,-5.558879453,
2516032302,-5.647974534,
2516632262,-5.575485153,
2517232222,-5.696634079,
2517832182,-5.642990078,
2518432142,-5.572798176,
2519032102,-5.482494319,
2519632062,-5.591374564,
2520232022,-5.582622534,
2520831982,-5.585190196,
2521431942,-5.575703894,
2522031902,-5.460367409,
2522631862,-5.712791496,
2523231822,-5.555504728,
2523831782,-5.591116523,
2524431742,-5.585538113,
2525031702,-5.644240716,
2525631662,-5.598533833,
2526231622,-5.682391137,
2526831582,-5.641867195,
2527431542,-5.552690422,
2528031502,-5.693019471,
2528631462,-5.605203021,
2529231422,-5.760086856,
2529831382,-5.827511474,
2530431342,-5.705378823,
2531031302,-5.688395195,
2531631262,-5.632770149,
2532231222,-5.701922289,
2532831182,-5.677597504,
2533431142,-5.759681627,
2534031102,-5.780130646,
2534631062,-5.703002528,
2535231022,-5.563871728,
2535830982,-5.688816275,
2536430942,-5.689098434,
2537030902,-5.650738229,
2537630862,-5.560079193,
2538230822,-5.577714466,
2538830782,-5.747864556,
2539430742,-5.697767883,
2540030702,-5.735521207,
2540630662,-5.622205878,
2541230622,-5.649592474,
2541830582,-5.646266163,
2542430542,-5.740321941,
2543030502,-5.782781168,
2543630462,-5.849761963,
2544230422,-5.597642761,
2544830382,-5.724705095,
2545430342,-5.69683598,
2546030302,-5.618252251,
2546630262,-5.740713359,
2547230222,-5.751317698,
2547830182,-5.727899296,
2548430142,-5.597982443,
2549030102,-5.827575395,
2549630062,-5.737143017,
2550230022,-5.746201412,
2550829982,-5.754141986,
2551429942,-5.812534034,
2552029902,-5.820240832,
2552629862,-5.796565842,
2553229822,-5.813448374,
2553829782,-5.791920971,
2554429742,-5.76556741,
2555029702,-5.794700449,
2555629662,-5.742754534,
2556229622,-5.908720033,
2556829582,-5.68669917,
2557429542,-5.754596968,
2558029502,-5.765613136,
2558629462,-5.858336272,
2559229422,-5.864195021,
2559829382,-5.753620643,
2560429342,-5.745864073,
2561029302,-5.783222006,
2561629262,-5.848146461,
2562229222,-5.770181455,
2562829182,-5.880999029,
2563429142,-5.797512007,
2564029102,-5.9712324,
2564629062,-5.896825507,
2565229022,-5.881674106,
2565828982,-5.78632266,
2566428942,-5.910811355,
2567028902,-5.747469246,
2567628862,-5.829945896,
2568228822,-5.841230924,
2568828782,-5.876162488,
2569428742,-5.807681556,
2570028702,-5.897751173,
2570628662,-5.830568249,
2571228622,-5.716808072,
2571828582,-5.877650329,
2572428542,-5.864807923,
2573028502,-5.876369562,
2573628462,-5.862839042,
2574228422,-5.908335874,
2574828382,-5.931671987,
2575428342,-6.005242527,
2576028302,-5.818426331,
2576628262,-5.955317851,
2577228222,-5.954065773,
2577828182,-5.891296077,
2578428142,-5.91938183,
2579028102,-5.945261758,
2579628062,-5.889511414,
2580228022,-5.890096306,
2580827982,-5.868218233,
2581427942,-5.958649357,
2582027902,-5.922115078,
2582627862,-5.892104134,
2583227822,-5.878780956,
2583827782,-5.829894343,
2584427742,-5.960299347,
2585027702,-5.901984981,
2585627662,-5.967390027,
2586227622,-5.925523116,
2586827582,-5.954268943,
2587427542,-5.963804837,
2588027502,-5.901102006,
2588627462,-5.966942762,
2589227422,-5.868949222,
2589827382,-5.925656365,
2590427342,-5.956962352,
2591027302,-5.926624532,
2591627262,-6.020043469,
2592227222,-5.986298276,
2592827182,-5.960990179,
2593427142,-5.996935668,
2594027102,-5.96769308,
2594627062,-5.863897582,
2595227022,-5.975934054,
2595826982,-5.828003007,
2596426942,-5.850182095,
2597026902,-6.001952264,
2597626862,-5.888388709,
2598226822,-5.97238228,
2598826782,-5.937201099,
2599426742,-5.989827245,
2600026702,-5.876965752,
2600626662,-5.893846051,
2601226622,-5.879497643,
2601826582,-5.939377376,
2602426542,-5.975636529,
2603026502,-5.879823679,
2603626462,-5.987056886,
2604226422,-5.838914438,
2604826382,-5.93127112,
2605426342,-5.973839425,
2606026302,-5.962285367,
2606626262,-6.022004855,
2607226222,-5.835718617,
2607826182,-6.001669635,
2608426142,-6.042311246,
2609026102,-6.010325095,
2609626062,-5.992629078,
2610226022,-5.984853535,
2610825982,-5.996709842,
2611425942,-5.945163584,
2612025902,-5.973450662,
2612625862,-5.952648591,
2613225822,-5.9114689,
2613825782,-6.026934609,
2614425742,-5.986490922,
2615025702,-6.060913192,
2615625662,-6.06939099,
2616225622,-5.970410285,
2616825581,-6.084548606,
2617425541,-6.015593035,
2618025501,-6.105530045,
2618625461,-5.932768669,
2619225421,-6.036671942,
2619825381,-6.022388409,
2620425341,-5.996478083,
2621025301,-6.044810551,
2621625261,-6.12930053,
2622225221,-6.145604502,
2622825181,-6.063822342,
2623425141,-6.082329472,
2624025101,-6.134350516,
2624625061,-6.050205826,
2625225021,-6.162352989,
2625824981,-6.170932313,
2626424941,-6.251285225,
2627024901,-6.162794747,
2627624861,-6.137934721,
2628224821,-6.225178717,
2628824781,-6.183619044,
2629424741,-6.085077418,
2630024701,-6.208119034,
2630624661,-6.244562697,
2631224621,-6.211386352,
2631824581,-6.218198208,
2632424541,-6.133857449,
2633024501,-6.293974548,
2633624461,-6.347440917,
2634224421,-6.300002439,
2634824381,-6.316703018,
2635424341,-6.271654798,
2636024301,-6.238366443,
2636624261,-6.340340578,
2637224221,-6.278450388,
2637824181,-6.418097926,
2638424141,-6.259903148,
2639024101,-6.317009238,
2639624061,-6.418228074,
2640224021,-6.440413952,
2640823981,-6.406653944,
2641423941,-6.405635595,
2642023901,-6.47783896,
2642623861,-6.563287096,
2643223821,-6.531238305,
2643823781,-6.543586876,
2644423741,-6.543711379,
2645023701,-6.608092255,
2645623661,-6.48547374,
2646223621,-6.500435623,
2646823581,-6.466739131,
2647423541,-6.636642459,
2648023501,-6.546136298,
2648623461,-6.449833751,
2649223421,-6.487150076,
2649823381,-6.555670471,
2650423341,-6.719695067,
2651023301,-6.664381225,
2651623261,-6.738725019,
2652223221,-6.756144139,
2652823181,-6.562383361,
2653423141,-6.636515447,
2654023101,-6.660150636,
2654623061,-6.691066919,
2655223021,-6.773893762,
2655822981,-6.689012923,
2656422941,-6.866602014,
2657022901,-6.756585094,
2657622861,-6.833856029,
2658222821,-6.76331823,
2658822781,-6.802362521,
2659422741,-6.779309542,
2660022701,-6.75217311,
2660622661,-6.981509797,
2661222621,-7.009257553,
2661822581,-6.973205638,
2662422541,-6.944503246,
2663022501,-7.000808936,
2663622461,-7.113753912,
2664222421,-7.073855001,
2664822381,-7.138080031,
2665422341,-7.112259055,
2666022301,-7.069705613,
2666622261,-7.243965748,
2667222221,-7.20989761,
2667822181,-7.08232258,
2668422141,-7.128155232,
2669022101,-7.241679148,
2669622061,-7.138175382,
2670222021,-7.310044193,
2670821981,-7.24860914,
2671421941,-7.305587326,
2672021901,-7.358845639,
2672621861,-7.296266327,
2673221821,-7.301430444,
2673821781,-7.254132902,
2674421741,-7.417223002,
2675021701,-7.330249755,
2675621661,-7.390781679,
2676221621,-7.378310059,
2676821581,-7.386492714,
2677421541,-7.470190184,
2678021501,-7.262223641,
2678621461,-7.407571537,
2679221421,-7.287607965,
2679821381,-7.459680308,
2680421341,-7.46488535,
2681021301,-7.453614684,
2681621261,-7.481593504,
2682221221,-7.534442026,
2682821181,-7.416042603,
2683421141,-7.487382421,
2684021101,-7.503386679,
2684621061,-7.46548202,
2685221021,-7.451128933,
2685820981,-7.502291129,
2686420941,-7.491850012,
2687020901,-7.556148955,
2687620861,-7.560806944,
2688220821,-7.568515867,
2688820781,-7.469388883,
2689420741,-7.531862921,
2690020701,-7.516996462,
2690620661,-7.686869909,
2691220621,-7.568678001,
2691820581,-7.667293882,
2692420541,-7.585761005,
2693020501,-7.576959017,
2693620461,-7.663502507,
2694220421,-7.674898342,
2694820381,-7.530434234,
2695420341,-7.650837426,
2696020301,-7.677895361,
2696620261,-7.678306229,
2697220221,-7.716693895,
2697820181,-7.673345952,
2698420141,-7.639979513,
2699020101,-7.773514827,
2699620061,-7.653846548,
2700220021,-7.80396542,
2700819981,-7.766365647,
2701419941,-7.698626644,
2702019901,-7.67783172,
2702619861,-7.700118561,
2703219821,-7.734426113,
2703819781,-7.624213348,
2704419741,-7.619709701,
2705019701,-7.700230463,
2705619661,-7.705942076,
2706219621,-7.756407823,
2706819581,-7.875513974,
2707419541,-7.722457163,
2708019501,-7.795893197,
2708619461,-7.698967458,
2709219421,-7.778850994,
2709819381,-7.670551497,
2710419341,-7.747352695,
2711019301,-7.672513118,
2711619261,-7.715108906,
2712219221,-7.729126937,
2712819181,-7.729405905,
2713419141,-7.763796445,
2714019101,-7.702974538,
2714619061,-7.770379185,
2715219021,-7.704145153,
2715818981,-7.659805279,
2716418941,-7.668516905,
2717018901,-7.723859715,
2717618861,-7.735297132,
2718218821,-7.731853717,
2718818781,-7.755126094,
2719418741,-7.772680556,
2720018701,-7.68232237,
2720618661,-7.688438488,
2721218621,-7.679153773,
2721818581,-7.860681447,
2722418541,-7.649455036,
2723018501,-7.634981383,
2723618461,-7.635431519,
2724218421,-7.659347204,
2724818381,-7.779659245,
2725418341,-7.63390756,
2726018301,-7.714029473,
2726618261,-7.693430271,
2727218221,-7.758281947,
2727818181,-7.568998014,
2728418141,-7.605653287,
2729018101,-7.662247331,
2729618061,-7.677826543,
2730218021,-7.684432272,
2730817981,-7.622963951,
2731417941,-7.639370484,
2732017901,-7.662422464,
2732617861,-7.656933756,
2733217821,-7.517680363,
2733817781,-7.704167681,
2734417741,-7.592474125,
2735017701,-7.633324743,
2735617661,-7.60011267,
2736217621,-7.662316702,
2736817581,-7.616809144,
2737417541,-7.580348572,
2738017501,-7.567586421,
2738617461,-7.526887362,
2739217421,-7.572429899,
2739817381,-7.656141886,
2740417341,-7.427761205,
2741017301,-7.616314076,
2741617261,-7.527581247,
2742217221,-7.57280285,
2742817181,-7.409120087,
2743417141,-7.366058959,
2744017101,-7.39625281,
2744617061,-7.458679756,
2745217021,-7.57471698,
2745816981,-7.32964177,
2746416941,-7.40950857,
2747016901,-7.255619525,
2747616861,-7.347255367,
2748216821,-7.371359203,
2748816781,-7.330205895,
2749416741,-7.331803196,
2750016701,-7.345509217,
2750616661,-7.342620939,
2751216621,-7.156999145,
2751816581,-7.326205296,
2752416541,-7.288769306,
2753016501,-7.356186451,
2753616461,-7.292378041,
2754216421,-7.236225591,
2754816381,-7.35659974,
2755416341,-7.134993823,
2756016301,-7.190138443,
2756616261,-7.214052663,
2757216221,-7.168506204,
2757816181,-7.258098582,
2758416141,-7.030930957,
2759016101,-7.242346231,
2759616061,-7.174825894,
2760216021,-7.100013483,
2760815981,-7.094532117,
2761415941,-7.170489958,
2762015901,-7.131463284,
2762615861,-7.137198178,
2763215821,-7.046581524,
2763815781,-7.123062779,
2764415741,-7.063007707,
2765015701,-7.093322284,
2765615661,-6.994845862,
2766215621,-6.991421206,
2766815581,-7.036034742,
2767415541,-7.098395476,
2768015501,-7.027395466,
2768615461,-7.154944244,
2769215421,-7.050634861,
2769815381,-7.021134271,
2770415340,-7.173474732,
2771015300,-7.023114096,
2771615260,-6.920327289,
2772215220,-6.974654832,
2772815180,-7.072847633,
2773415140,-7.075821032,
2774015100,-7.046113714,
2774615060,-7.134370992,
2775215020,-6.973004106,
2775814980,-7.010223634,
2776414940,-6.942322509,
2777014900,-6.988466973,
2777614860,-6.977733573,
2778214820,-6.946733202,
2778814780,-6.951509025,
2779414740,-7.059751673,
2780014700,-7.068547591,
2780614660,-7.037599979,
2781214620,-6.98435234,
2781814580,-6.96836981,
2782414540,-6.96157732,
2783014500,-6.889223979,
2783614460,-6.913378865,
2784214420,-6.938701275,
2784814380,-7.067197083,
2785414340,-6.86925623,
2786014300,-6.970418075,
2786614260,-6.996532009,
2787214220,-6.963434137,
2787814180,-7.019872403,
2788414140,-7.054524346,
2789014100,-6.992611296,
2789614060,-6.992372073,
2790214020,-7.072796281,
2790813980,-6.932213578,
2791413940,-6.91307243,
2792013900,-7.085478402,
2792613860,-6.995869946,
2793213820,-6.935571918,
2793813780,-6.968750922,
2794413740,-7.092759433,
2795013700,-6.969068685,
2795613660,-6.991396382,
2796213620,-7.005914606,
2796813580,-6.986391175,
2797413540,-6.917369891,
2798013500,-6.965174211,
2798613460,-6.875189844,
2799213420,-6.938032838,
2799813380,-6.970050351,
2800413340,-6.953873027,
2801013300,-6.889414767,
2801613260,-7.025743485,
2802213220,-7.055733671,
2802813180,-6.981412579,
2803413140,-6.917816616,
2804013100,-6.957242595,
2804613060,-6.993802628,
2805213020,-6.965903632,
2805812980,-6.990631535,
2806412940,-7.073665283,
2807012900,-7.013561486,
2807612860,-6.962595639,
2808212820,-7.019135206,
2808812780,-7.029520198,
2809412740,-6.999900048,
2810012700,-6.931430568,
2810612660,-7.036004619,
2811212620,-7.102397115,
2811812580,-7.077561467,
2812412540,-7.047841398,
2813012500,-7.018584863,
2813612460,-6.939455816,
2814212420,-7.111849035,
2814812380,-7.026943251,
2815412340,-7.044632167,
2816012300,-7.107502558,
2816612260,-7.065505213,
2817212220,-7.068764956,
2817812180,-6.995929415,
2818412140,-6.990745117,
2819012100,-7.040672716,
2819612060,-7.062140139,
2820212020,-7.068909554,
2820811980,-7.122104423,
2821411940,-7.044596372,
2822011900,-7.1219091,
2822611860,-7.183801371,
2823211820,-7.048003554,
2823811780,-7.061579424,
2824411740,-7.073312929,
2825011700,-7.03722794,
2825611660,-7.165178731,
2826211620,-7.165914229,
2826811580,-7.068468694,
2827411540,-7.129736666,
2828011500,-7.091655537,
2828611460,-7.163247875,
2829211420,-7.15717965,
2829811380,-7.044668791,
2830411340,-7.059038045,
2831011300,-7.252191917,
2831611260,-7.126424507,
2832211220,-7.115672202,
2832811180,-7.094013712,
2833411140,-7.098516846,
2834011100,-7.130247456,
2834611060,-7.128092844,
2835211020,-7.133203244,
2835810980,-7.131728638,
2836410940,-7.099305927,
2837010900,-7.242950203,
2837610860,-7.113570511,
2838210820,-7.268403239,
2838810780,-7.298217995,
2839410740,-7.180764496,
2840010700,-7.083831309,
2840610660,-7.181180555,
2841210620,-7.367438944,
2841810580,-7.382884614,
2842410540,-7.164796712,
2843010500,-7.238515183,
2843610460,-7.357637695,
2844210420,-7.15128448,
2844810380,-7.228515284,
2845410340,-7.112364246,
2846010300,-7.343881146,
2846610260,-7.199587913,
2847210220,-7.291831759,
2847810180,-7.37123958,
2848410140,-7.293894134,
2849010100,-7.240602,
2849610060,-7.256290258,
2850210020,-7.305216506,
2850809980,-7.37503487,
2851409940,-7.324755956,
2852009900,-7.257844671,
2852609860,-7.357624567,
2853209820,-7.387678093,
2853809780,-7.275477378,
2854409740,-7.320156521,
2855009700,-7.280643126,
2855609660,-7.267954901,
2856209620,-7.427580492,
2856809580,-7.259883603,
2857409540,-7.215312112,
2858009500,-7.323563684,
2858609460,-7.300468494,
2859209420,-7.322312226,
2859809380,-7.459755589,
2860409340,-7.264842051,
2861009300,-7.440123856,
2861609260,-7.201696064,
2862209220,-7.238735194,
2862809180,-7.390408207,
2863409140,-7.508860836,
2864009100,-7.373860192,
2864609060,-7.314909616,
2865209020,-7.470571246,
2865808980,-7.412247347,
2866408940,-7.517176803,
2867008900,-7.511306935,
2867608860,-7.430788068,
2868208820,-7.508081027,
2868808780,-7.537681742,
2869408740,-7.672671262,
2870008700,-7.575063512,
2870608660,-7.572929695,
2871208620,-7.763621631,
2871808580,-7.55459756,
2872408540,-7.579115931,
2873008500,-7.756619349,
2873608460,-7.682168358,
2874208420,-7.627331993,
2874808380,-7.626138649,
2875408340,-7.630534386,
2876008300,-7.747472139,
2876608260,-7.775004231,
2877208220,-7.705710604,
2877808180,-7.696660948,
2878408140,-7.783741748,
2879008100,-7.869714421,
2879608060,-7.932110015,
2880208020,-7.885302137,
2880807980,-7.938029797,
2881407940,-7.818054414,
2882007900,-7.871920146,
2882607860,-7.856233644,
2883207820,-7.859644957,
2883807780,-7.888329647,
2884407740,-7.839253571,
2885007700,-7.922277655,
2885607660,-7.862591089,
2886207620,-8.025174787,
2886807580,-8.069501398,
2887407540,-7.978012514,
2888007500,-7.998910289,
2888607460,-8.106279055,
2889207420,-8.143895117,
2889807380,-8.120989455,
2890407340,-8.043867419,
2891007300,-8.093309246,
2891607260,-8.222562857,
2892207220,-8.199419133,
2892807180,-8.065114472,
2893407140,-8.224115092,
2894007100,-8.356790159,
2894607060,-8.028076405,
2895207020,-8.040981,
2895806980,-8.1689414,
2896406940,-8.150086814,
2897006900,-8.257783133,
2897606860,-8.161100497,
2898206820,-8.200882353,
2898806780,-8.315520207,
2899406740,-8.230200256,
2900006700,-8.285190898,
2900606660,-8.355296733,
2901206620,-8.258006462,
2901806580,-8.356671285,
2902406540,-8.364228206,
2903006500,-8.427386758,
2903606460,-8.397897762,
2904206420,-8.583191141,
2904806380,-8.395015008,
2905406340,-8.462795092,
2906006300,-8.395293458,
2906606260,-8.504640226,
2907206220,-8.470293683,
2907806180,-8.457075632,
2908406140,-8.545375872,
2909006100,-8.485729653,
2909606060,-8.541972509,
2910206020,-8.577948488,
2910805980,-8.557288646,
2911405940,-8.616989934,
2912005900,-8.679421179,
2912605860,-8.627637418,
2913205820,-8.672171671,
2913805780,-8.677391295,
2914405740,-8.54595693,
2915005700,-8.584975083,
2915605660,-8.733750154,
2916205620,-8.835078946,
2916805580,-8.707172233,
2917405540,-8.803456245,
2918005500,-8.798363383,
2918605460,-8.726967733,
2919205420,-8.81712656,
2919805380,-8.816251225,
2920405340,-8.843138133,
2921005300,-8.841458398,
2921605260,-8.889277521,
2922205220,-8.872308794,
2922805180,-8.840046836,
2923405140,-8.887794598,
2924005100,-8.811685683,
2924605059,-8.830730338,
2925205019,-8.826172025,
2925804979,-8.897169074,
2926404939,-8.855727977,
2927004899,-8.987079519,
2927604859,-9.072333157,
2928204819,-8.934022383,
2928804779,-8.938213557,
2929404739,-9.004971797,
2930004699,-8.934042116,
2930604659,-8.902593022,
2931204619,-8.940584895,
2931804579,-9.002264866,
2932404539,-8.978527509,
2933004499,-9.01308127,
2933604459,-9.056034524,
2934204419,-9.138313523,
2934804379,-8.972581453,
2935404339,-9.085305024,
2936004299,-8.94368883,
2936604259,-9.101774512,
2937204219,-9.115431417,
2937804179,-9.148829617,
2938404139,-9.161331187,
2939004099,-9.016460446,
2939604059,-9.024737594,
2940204019,-9.050942067,
2940803979,-9.216569954,
2941403939,-9.151785205,
2942003899,-9.209969441,
2942603859,-9.049977024,
2943203819,-9.079974165,
2943803779,-9.224336832,
2944403739,-9.276867572,
2945003699,-9.1614291,
2945603659,-9.088744814,
2946203619,-9.1395363,
2946803579,-9.214490057,
2947403539,-9.137244726,
2948003499,-8.991902058,
2948603459,-9.061058289,
2949203419,-9.119084709,
2949803379,-9.230339084,
2950403339,-9.165599368,
2951003299,-9.273185968,
2951603259,-9.235862952,
2952203219,-9.135163949,
2952803179,-9.066825195,
2953403139,-9.18227504,
2954003099,-9.304855016,
2954603059,-9.248074257,
2955203019,-9.279349186,
2955802979,-9.124799323,
2956402939,-8.994502888,
2957002899,-9.253231678,
2957602859,-9.104089083,
2958202819,-9.129513135,
2958802779,-9.013552839,
2959402739,-9.350269326,
2960002699,-9.172931366,
2960602659,-9.204911749,
2961202619,-9.150971868,
2961802579,-9.061468564,
2962402539,-9.12941407,
2963002499,-9.180700966,
2963602459,-9.087459516,
2964202419,-9.054138114,
2964802379,-9.204490294,
2965402339,-8.952850256,
2966002299,-8.983153548,
2966602259,-9.167454,
2967202219,-8.986269694,
2967802179,-9.245195497,
2968402139,-9.133190945,
2969002099,-9.132629216,
2969602059,-9.157437143,
2970202019,-9.218299613,
2970801979,-9.108626892,
2971401939,-9.103514787,
2972001899,-9.070478684,
2972601859,-8.981314157,
2973201819,-9.113206189,
2973801779,-8.942624288,
2974401739,-9.09096607,
2975001699,-8.931733592,
2975601659,-9.114115804,
2976201619,-9.050418437,
2976801579,-9.059167286,
2977401539,-9.112670459,
2978001499,-9.089997252,
2978601459,-9.069883004,
2979201419,-9.068029184,
2979801379,-9.012629201,
2980401339,-8.965952134,
2981001299,-8.914175232,
2981601259,-8.910819901,
2982201219,-9.014728969,
2982801179,-9.031316037,
2983401139,-9.001457425,
2984001099,-8.898143339,
2984601059,-8.928204945,
2985201019,-9.027422434,
2985800979,-9.042537247,
2986400939,-8.866790269,
2987000899,-8.892808227,
2987600859,-8.86427424,
2988200819,-8.89164341,
2988800779,-8.901497878,
2989400739,-8.841610799,
2990000699,-8.741940997,
2990600659,-8.823838815,
2991200619,-8.895401085,
2991800579,-8.871664853,
2992400539,-8.920306756,
2993000499,-8.843583529,
2993600459,-8.812861429,
2994200419,-8.896714679,
2994800379,-8.870951479,
2995400339,-8.811298208,
2996000299,-8.772366452,
2996600259,-8.913294018,
2997200219,-8.705171808,
2997800179,-8.848351934,
2998400139,-8.795436627,
2999000099,-8.718745005,
2999600059,-8.804575067,
3000200019,-8.658291607,
3000799979,-8.724018942,
3001399939,-8.736032959,
3001999899,-8.720500381,
3002599859,-8.725730878,
3003199819,-8.697890983,
3003799779,-8.606499266,
3004399739,-8.654662605,
3004999699,-8.538634513,
3005599659,-8.592147438,
3006199619,-8.525748563,
3006799579,-8.674645192,
3007399539,-8.649393335,
3007999499,-8.644138548,
3008599459,-8.52483408,
3009199419,-8.654359927,
3009799379,-8.593875422,
3010399339,-8.508070241,
3010999299,-8.480373218,
3011599259,-8.4798701,
3012199219,-8.444471504,
3012799179,-8.528171348,
3013399139,-8.530674898,
3013999099,-8.561883058,
3014599059,-8.547460892,
3015199019,-8.390723539,
3015798979,-8.444583559,
3016398939,-8.459686193,
3016998899,-8.365809842,
3017598859,-8.441731474,
3018198819,-8.45780839,
3018798779,-8.428500301,
3019398739,-8.409725095,
3019998699,-8.480749321,
3020598659,-8.474127521,
3021198619,-8.351703968,
3021798579,-8.426164392,
3022398539,-8.32857297,
3022998499,-8.49083436,
3023598459,-8.337248036,
3024198419,-8.366823514,
3024798379,-8.294318628,
3025398339,-8.460246562,
3025998299,-8.397269504,
3026598259,-8.359848903,
3027198219,-8.386602795,
3027798179,-8.39943869,
3028398139,-8.334725634,
3028998099,-8.333580642,
3029598059,-8.32072002,
3030198019,-8.395700045,
3030797979,-8.499592944,
3031397939,-8.276354848,
3031997899,-8.388427816,
3032597859,-8.249579792,
3033197819,-8.36954655,
3033797779,-8.359018004,
3034397739,-8.232534969,
3034997699,-8.359821452,
3035597659,-8.386195886,
3036197619,-8.27578363,
3036797579,-8.317270995,
3037397539,-8.278479818,
3037997499,-8.421394348,
3038597459,-8.349445283,
3039197419,-8.380428459,
3039797379,-8.186905239,
3040397339,-8.234163996,
3040997299,-8.291741363,
3041597259,-8.340095911,
3042197219,-8.314609591,
3042797179,-8.328685369,
3043397139,-8.354324599,
3043997099,-8.2093929,
3044597059,-8.356901083,
3045197019,-8.294327068,
3045796979,-8.409691857,
3046396939,-8.405598039,
3046996899,-8.340738681,
3047596859,-8.262689757,
3048196819,-8.357657024,
3048796779,-8.22742665,
3049396739,-8.340844872,
3049996699,-8.350627217,
3050596659,-8.261349106,
3051196619,-8.423819301,
3051796579,-8.261123916,
3052396539,-8.274321639,
3052996499,-8.116185776,
3053596459,-8.398534194,
3054196419,-8.454465989,
3054796379,-8.405806714,
3055396339,-8.359463133,
3055996299,-8.340950958,
3056596259,-8.285450651,
3057196219,-8.275310709,
3057796179,-8.200219543,
3058396139,-8.353720699,
3058996099,-8.475466214,
3059596059,-8.355761038,
3060196019,-8.21089338,
3060795979,-8.337150215,
3061395939,-8.292548867,
3061995899,-8.382889145,
3062595859,-8.329294993,
3063195819,-8.392339215,
3063795779,-8.369727268,
3064395739,-8.290840665,
3064995699,-8.361265726,
3065595659,-8.203274347,
3066195619,-8.358237869,
3066795579,-8.41094765,
3067395539,-8.415069948,
3067995499,-8.39600505,
3068595459,-8.376772147,
3069195419,-8.363250696,
3069795379,-8.311335869,
3070395339,-8.231193434,
3070995299,-8.351120612,
3071595259,-8.348385487,
3072195219,-8.43265257,
3072795179,-8.372080603,
3073395139,-8.318409362,
3073995099,-8.349893853,
3074595059,-8.388037824,
3075195019,-8.276112517,
3075794979,-8.358277164,
3076394939,-8.305124125,
3076994899,-8.398172127,
3077594859,-8.294733963,
3078194818,-8.283168823,
3078794778,-8.384256919,
3079394738,-8.504094523,
3079994698,-8.313305412,
3080594658,-8.432294575,
3081194618,-8.363174872,
3081794578,-8.379093325,
3082394538,-8.434821837,
3082994498,-8.364110065,
3083594458,-8.338896067,
3084194418,-8.27828561,
3084794378,-8.420052017,
3085394338,-8.499290392,
3085994298,-8.438153405,
3086594258,-8.348247216,
3087194218,-8.493952797,
3087794178,-8.35729902,
3088394138,-8.387674271,
3088994098,-8.419412487,
3089594058,-8.509685107,
3090194018,-8.39321927,
3090793978,-8.375312894,
3091393938,-8.50641596,
3091993898,-8.404367461,
3092593858,-8.501222092,
3093193818,-8.450760983,
3093793778,-8.497600712,
3094393738,-8.444380642,
3094993698,-8.454104836,
3095593658,-8.513119597,
3096193618,-8.520603851,
3096793578,-8.497445948,
3097393538,-8.491781649,
3097993498,-8.467145423,
3098593458,-8.496123181,
3099193418,-8.496987001,
3099793378,-8.547018611,
3100393338,-8.486139471,
3100993298,-8.590722207,
3101593258,-8.506199419,
3102193218,-8.525259607,
3102793178,-8.568725057,
3103393138,-8.541988708,
3103993098,-8.487875655,
3104593058,-8.57534804,
3105193018,-8.532434448,
3105792978,-8.537392763,
3106392938,-8.573889108,
3106992898,-8.567790415,
3107592858,-8.650935852,
3108192818,-8.605062525,
3108792778,-8.542086613,
3109392738,-8.618177476,
3109992698,-8.670002711,
3110592658,-10.64222543,
3111192618,-10.58487976,
3111792578,-10.57364708,
3112392538,-10.62315034,
3112992498,-10.58872248,
3113592458,-10.76617437,
3114192418,-10.49961504,
3114792378,-10.59384567,
3115392338,-10.54091871,
3115992298,-10.65939615,
3116592258,-10.58857874,
3117192218,-10.70467693,
3117792178,-10.7122381,
3118392138,-10.66898756,
3118992098,-10.58978492,
3119592058,-10.61492073,
3120192018,-10.71726445,
3120791978,-10.80532338,
3121391938,-10.72371989,
3121991898,-10.72871367,
3122591858,-10.81450185,
3123191818,-10.75823169,
3123791778,-10.76802904,
3124391738,-10.79317878,
3124991698,-10.58712524,
3125591658,-10.76207992,
3126191618,-10.69902572,
3126791578,-10.89693115,
3127391538,-10.82214289,
3127991498,-10.58522569,
3128591458,-10.83212795,
3129191418,-10.75083873,
3129791378,-11.01367551,
3130391338,-10.93950062,
3130991298,-10.80267785,
3131591258,-10.92140548,
3132191218,-10.67406827,
3132791178,-10.86643024,
3133391138,-10.96104826,
3133991098,-10.91649085,
3134591058,-10.74134905,
3135191018,-10.87924756,
3135790978,-10.91505814,
3136390938,-10.95943569,
3136990898,-10.93371663,
3137590858,-10.93892066,
3138190818,-11.03444536,
3138790778,-10.9268585,
3139390738,-9.044911909,
3139990698,-8.94947075,
3140590658,-9.153050188,
3141190618,-9.098418317,
3141790578,-8.990831462,
3142390538,-9.200982558,
3142990498,-8.994479814,
3143590458,-9.112799927,
3144190418,-9.05383645,
3144790378,-9.100025162,
3145390338,-9.132996363,
3145990298,-9.258738336,
3146590258,-9.164401853,
3147190218,-9.245439631,
3147790178,-9.257579732,
3148390138,-9.443119492,
3148990098,-9.348503259,
3149590058,-9.358959398,
3150190018,-9.172935076,
3150789978,-9.531716923,
3151389938,-9.526272513,
3151989898,-9.406597933,
3152589858,-9.518990065,
3153189818,-9.558593245,
3153789778,-9.293156773,
3154389738,-9.458897468,
3154989698,-9.588564189,
3155589658,-9.499701236,
3156189618,-9.556519728,
3156789578,-9.616646333,
3157389538,-9.559365384,
3157989498,-9.457591316,
3158589458,-9.448912913,
3159189418,-9.394434249,
3159789378,-9.476355672,
3160389338,-9.687088152,
3160989298,-9.436290791,
3161589258,-9.688844249,
3162189218,-9.638365343,
3162789178,-9.522458889,
3163389138,-9.634147412,
3163989098,-9.531920189,
3164589058,-9.59824248,
3165189018,-9.577166724,
3165788978,-9.619716234,
3166388938,-9.725095783,
3166988898,-9.654841711,
3167588858,-9.612956357,
3168188818,-9.735196511,
3168788778,-9.679076442,
3169388738,-9.61655897,
3169988698,-9.628348043,
3170588658,-9.740739906,
3171188618,-9.737367921,
3171788578,-9.720512766,
3172388538,-9.733909293,
3172988498,-9.769020524,
3173588458,-9.795238594,
3174188418,-9.598895572,
3174788378,-9.783211367,
3175388338,-9.706419164,
3175988298,-9.742612181,
3176588258,-9.815349397,
3177188218,-9.751664327,
3177788178,-9.709500649,
3178388138,-9.78008136,
3178988098,-9.630836694,
3179588058,-9.817315652,
3180188018,-9.680134185,
3180787978,-9.736693343,
3181387938,-9.839926516,
3181987898,-9.84416355,
3182587858,-9.719631744,
3183187818,-9.749813488,
3183787778,-9.874379948,
3184387738,-9.745263884,
3184987698,-9.841606609,
3185587658,-9.852953384,
3186187618,-9.77054921,
3186787578,-9.732039566,
3187387538,-9.771436082,
3187987498,-9.833456549,
3188587458,-9.875240583,
3189187418,-9.79905978,
3189787378,-9.749394739,
3190387338,-9.938594605,
3190987298,-9.860044346,
3191587258,-9.906165891,
3192187218,-9.859001526,
3192787178,-9.993198637,
3193387138,-9.756916341,
3193987098,-9.957498753,
3194587058,-9.866828261,
3195187018,-9.860705365,
3195786978,-9.83785343,
3196386938,-9.785330459,
3196986898,-9.854131242,
3197586858,-9.753789125,
3198186818,-9.82692987,
3198786778,-9.779314323,
3199386738,-9.922028018,
3199986698,-9.802361952,
3200586658,-9.876551564,
3201186618,-9.742136498,
3201786578,-10.05011302,
3202386538,-9.834977178,
3202986498,-9.763117663,
3203586458,-9.926049081,
3204186418,-9.890968833,
3204786378,-9.802942067,
3205386338,-9.8078873,
3205986298,-9.864890479,
3206586258,-9.789329112,
3207186218,-9.742661952,
3207786178,-9.757050691,
3208386138,-9.696141866,
3208986098,-9.757095308,
3209586058,-9.815353247,
3210186018,-9.811237915,
3210785978,-9.708851912,
3211385938,-9.809099314,
3211985898,-9.859379435,
3212585858,-9.725800558,
3213185818,-9.750365555,
3213785778,-9.901729032,
3214385738,-9.734019524,
3214985698,-9.841501585,
3215585658,-9.915733534,
3216185618,-9.805431144,
3216785578,-9.741507005,
3217385538,-9.743409922,
3217985498,-9.726492324,
3218585458,-9.7356484,
3219185418,-9.844355176,
3219785378,-9.721068451,
3220385338,-9.789554432,
3220985298,-9.653272705,
3221585258,-9.753791024,
3222185218,-9.742581052,
3222785178,-9.631408406,
3223385138,-9.641575072,
3223985098,-9.680670165,
3224585058,-9.612285756,
3225185018,-9.831658374,
3225784978,-9.686887507,
3226384938,-9.666044454,
3226984898,-9.624540752,
3227584858,-9.792599274,
3228184818,-9.646881072,
3228784778,-9.590198037,
3229384738,-9.625445934,
3229984698,-9.641739338,
3230584658,-9.615303014,
3231184618,-9.447352052,
3231784578,-9.655515057,
3232384537,-9.539386623,
3232984497,-9.620519314,
3233584457,-9.521573434,
3234184417,-9.586732899,
3234784377,-9.42259626,
3235384337,-9.642463256,
3235984297,-9.542279775,
3236584257,-9.450741504,
3237184217,-9.535654153,
3237784177,-9.498302071,
3238384137,-9.544592081,
3238984097,-9.443008996,
3239584057,-9.465893859,
3240184017,-9.49988379,
3240783977,-9.494287937,
3241383937,-9.427796746,
3241983897,-9.383959466,
3242583857,-9.390535928,
3243183817,-9.445753375,
3243783777,-9.456706388,
3244383737,-9.411204655,
3244983697,-9.386570359,
3245583657,-9.427594199,
3246183617,-9.495113597,
3246783577,-9.38778746,
3247383537,-9.375002232,
3247983497,-9.39902053,
3248583457,-9.33910711,
3249183417,-9.393322666,
3249783377,-9.276077564,
3250383337,-9.359707628,
3250983297,-9.195958241,
3251583257,-9.370315224,
3252183217,-9.284677362,
3252783177,-9.359166159,
3253383137,-9.340795224,
3253983097,-9.340154671,
3254583057,-9.132971393,
3255183017,-9.266332706,
3255782977,-9.18300261,
3256382937,-9.263283393,
3256982897,-9.31073834,
3257582857,-9.186961313,
3258182817,-9.153570569,
3258782777,-9.212255012,
3259382737,-9.163637679,
3259982697,-9.109824539,
3260582657,-9.325262562,
3261182617,-9.263854754,
3261782577,-9.20050788,
3262382537,-9.071346887,
3262982497,-9.24607071,
3263582457,-9.195315489,
3264182417,-9.082855603,
3264782377,-9.158213821,
3265382337,-9.142575276,
3265982297,-9.213820753,
3266582257,-9.269331532,
3267182217,-9.150016759,
3267782177,-9.165077521,
3268382137,-9.23858662,
3268982097,-9.110984011,
3269582057,-9.086424214,
3270182017,-9.153001312,
3270781977,-9.192567548,
3271381937,-9.151735122,
3271981897,-9.297320393,
3272581857,-9.012507243,
3273181817,-9.20307429,
3273781777,-9.021387685,
3274381737,-9.151314513,
3274981697,-9.138867459,
3275581657,-9.136536671,
3276181617,-9.171261292,
3276781577,-9.067337282,
3277381537,-9.045747637,
3277981497,-9.10886191,
3278581457,-9.053680175,
3279181417,-9.123813966,
3279781377,-9.062828339,
3280381337,-9.038906369,
3280981297,-9.129794619,
3281581257,-9.15895315,
3282181217,-9.070902852,
3282781177,-9.041624626,
3283381137,-9.15435167,
3283981097,-9.149488076,
3284581057,-8.969998647,
3285181017,-9.141483225,
3285780977,-9.131893701,
3286380937,-9.075813401,
3286980897,-8.983951422,
3287580857,-8.842927843,
3288180817,-9.010821186,
3288780777,-8.908223641,
3289380737,-9.03872224,
3289980697,-9.132940967,
3290580657,-9.002280206,
3291180617,-9.053214481,
3291780577,-9.19509511,
3292380537,-9.053482798,
3292980497,-9.085427003,
3293580457,-9.155389401,
3294180417,-9.043220181,
3294780377,-8.889856542,
3295380337,-9.176421833,
3295980297,-9.108548833,
3296580257,-9.073557476,
3297180217,-9.185506227,
3297780177,-9.110303323,
3298380137,-8.996747487,
3298980097,-8.979918186,
3299580057,-9.025743155,
3300180017,-9.08023243,
3300779977,-9.070609336,
3301379937,-9.023630938,
3301979897,-8.998049319,
3302579857,-9.047391023,
3303179817,-9.103816655,
3303779777,-8.96510806,
3304379737,-9.150043697,
3304979697,-9.047710585,
3305579657,-8.988469266,
3306179617,-8.948136951,
3306779577,-9.001230792,
3307379537,-9.025155791,
3307979497,-9.121972876,
3308579457,-9.075917705,
3309179417,-9.070319909,
3309779377,-9.070467363,
3310379337,-9.161356979,
3310979297,-8.989876187,
3311579257,-9.053736601,
3312179217,-9.057662812,
3312779177,-8.980053832,
3313379137,-9.113160136,
3313979097,-9.019331373,
3314579057,-9.007084968,
3315179017,-8.955002413,
3315778977,-9.041287983,
3316378937,-9.126770329,
3316978897,-8.990993967,
3317578857,-9.061159058,
3318178817,-8.982091852,
3318778777,-9.032795421,
3319378737,-9.045802935,
3319978697,-9.099001035,
3320578657,-9.093041197,
3321178617,-9.113549471,
3321778577,-9.028634602,
3322378537,-9.032554668,
3322978497,-8.922127565,
3323578457,-8.956441899,
3324178417,-8.937717315,
3324778377,-9.0007512,
3325378337,-9.201900364,
3325978297,-9.118574288,
3326578257,-9.090615165,
3327178217,-9.124874953,
3327778177,-9.039877898,
3328378137,-9.011571784,
3328978097,-8.947792075,
3329578057,-9.079458591,
3330178017,-9.132480746,
3330777977,-8.964485986,
3331377937,-9.045698086,
3331977897,-9.047497063,
3332577857,-8.978527321,
3333177817,-9.062651854,
3333777777,-8.91266378,
3334377737,-9.113123215,
3334977697,-9.092389093,
3335577657,-9.102063316,
3336177617,-9.142481633,
3336777577,-8.97088837,
3337377537,-9.06400642,
3337977497,-9.085111936,
3338577457,-9.101634072,
3339177417,-9.029757866,
3339777377,-8.92351855,
3340377337,-9.093745833,
3340977297,-9.140462474,
3341577257,-9.09200807,
3342177217,-9.101162983,
3342777177,-8.988223857,
3343377137,-9.126731804,
3343977097,-9.174538895,
3344577057,-9.10605951,
3345177017,-9.198140846,
3345776977,-9.015273192,
3346376937,-9.183328469,
3346976897,-9.047451199,
3347576857,-9.052151602,
3348176817,-8.932527529,
3348776777,-9.197871186,
3349376737,-9.019667543,
3349976697,-9.123634735,
3350576657,-9.134361119,
3351176617,-9.165275516,
3351776577,-9.08131201,
3352376537,-9.277710693,
3352976497,-9.181856332,
3353576457,-9.234327408,
3354176417,-9.115336458,
3354776377,-9.281686831,
3355376337,-9.216099136,
3355976297,-9.31126018,
3356576257,-9.183049565,
3357176217,-9.112089467,
3357776177,-9.124748895,
3358376137,-9.172048502,
3358976097,-9.125273761,
3359576057,-9.192310203,
3360176017,-9.25676535,
3360775977,-9.154013795,
3361375937,-9.002443914,
3361975897,-9.186159714,
3362575857,-9.114330835,
3363175817,-9.066607815,
3363775777,-9.26592344,
3364375737,-9.245065577,
3364975697,-9.164933865,
3365575657,-9.2306315,
3366175617,-9.273284939,
3366775577,-9.281925901,
3367375537,-9.310409989,
3367975497,-9.142779205,
3368575457,-9.43028479,
3369175417,-9.326486912,
3369775377,-9.233041259,
3370375337,-9.275076208,
3370975297,-9.253530299,
3371575257,-9.302271016,
3372175217,-9.256460109,
3372775177,-9.332431318,
3373375137,-9.269693494,
3373975097,-9.336995626,
3374575057,-9.245150621,
3375175017,-9.186797738,
3375774977,-9.240858315,
3376374937,-9.352847463,
3376974897,-9.459992608,
3377574857,-9.180736795,
3378174817,-9.466861305,
3378774777,-9.469043433,
3379374737,-9.481991464,
3379974697,-9.368630014,
3380574657,-9.371876615,
3381174617,-9.358021093,
3381774577,-9.355647918,
3382374537,-9.520593821,
3382974497,-9.357643458,
3383574457,-9.515724132,
3384174417,-9.540188537,
3384774377,-9.485542886,
3385374337,-9.476975547,
3385974296,-9.340059708,
3386574256,-9.521500572,
3387174216,-9.429497667,
3387774176,-9.552121415,
3388374136,-9.619539942,
3388974096,-9.329197432,
3389574056,-9.501713076,
3390174016,-9.659256422,
3390773976,-9.576409903,
3391373936,-9.482219298,
3391973896,-9.517678308,
3392573856,-9.74868049,
3393173816,-9.463621589,
3393773776,-9.698061182,
3394373736,-9.593054008,
3394973696,-9.604048908,
3395573656,-9.80070908,
3396173616,-9.496752727,
3396773576,-9.65949005,
3397373536,-9.637669091,
3397973496,-9.782833792,
3398573456,-9.682910164,
3399173416,-9.802315089,
3399773376,-9.899159656,
3400373336,-9.822258325,
3400973296,-9.706365087,
3401573256,-9.728758312,
3402173216,-9.756923677,
3402773176,-9.703478972,
3403373136,-9.840181851,
3403973096,-9.73048239,
3404573056,-9.8634779,
3405173016,-9.65711582,
3405772976,-9.904804844,
3406372936,-9.768411741,
3406972896,-9.976118953,
3407572856,-9.887933723,
3408172816,-9.817744614,
3408772776,-9.96254051,
3409372736,-10.02815194,
3409972696,-9.833397698,
3410572656,-9.918877749,
3411172616,-9.797689726,
3411772576,-9.923015143,
3412372536,-9.80475165,
3412972496,-9.902614441,
3413572456,-9.934044876,
3414172416,-9.96226634,
3414772376,-9.982652742,
3415372336,-9.983475674,
3415972296,-10.09102676,
3416572256,-10.14994888,
3417172216,-10.03596822,
3417772176,-10.14963347,
3418372136,-9.975752369,
3418972096,-10.16495158,
3419572056,-10.08730813,
3420172016,-10.37607061,
3420771976,-10.21563501,
3421371936,-10.25209324,
3421971896,-10.30212252,
3422571856,-10.12395491,
3423171816,-10.24325318,
3423771776,-10.35505778,
3424371736,-10.11613281,
3424971696,-10.26535487,
3425571656,-10.23973471,
3426171616,-10.07155858,
3426771576,-10.12490892,
3427371536,-10.28135292,
3427971496,-10.36017775,
3428571456,-10.20051132,
3429171416,-10.10160474,
3429771376,-10.10721094,
3430371336,-10.24081196,
3430971296,-10.36675551,
3431571256,-10.32892277,
3432171216,-10.29867442,
3432771176,-10.21989436,
3433371136,-10.10462921,
3433971096,-10.24791666,
3434571056,-10.27752869,
3435171016,-10.30107696,
3435770976,-10.22646041,
3436370936,-10.34613208,
3436970896,-10.19293429,
3437570856,-10.31123671,
3438170816,-10.28990494,
3438770776,-10.29900695,
3439370736,-10.28262724,
3439970696,-10.33977544,
3440570656,-10.23023122,
3441170616,-10.28269659,
3441770576,-10.24320166,
3442370536,-10.17766601,
3442970496,-10.22604961,
3443570456,-10.29714687,
3444170416,-10.2487726,
3444770376,-10.20739428,
3445370336,-10.34502543,
3445970296,-10.31421498,
3446570256,-10.20240527,
3447170216,-10.20954067,
3447770176,-10.22167417,
3448370136,-10.26892444,
3448970096,-10.39730704,
3449570056,-10.13831446,
3450170016,-10.2654191,
3450769976,-10.27015335,
3451369936,-10.13770435,
3451969896,-10.24419831,
3452569856,-10.23972964,
3453169816,-10.16928537,
3453769776,-10.27679032,
3454369736,-10.21281917,
3454969696,-10.25588039,
3455569656,-10.19334516,
3456169616,-10.08201276,
3456769576,-10.26670253,
3457369536,-10.15799413,
3457969496,-10.24212961,
3458569456,-10.13532941,
3459169416,-10.28291023,
3459769376,-10.34231018,
3460369336,-10.19762215,
3460969296,-10.1368388,
3461569256,-10.16994234,
3462169216,-10.09987496,
3462769176,-10.25508406,
3463369136,-10.25412674,
3463969096,-10.16749524,
3464569056,-10.16531304,
3465169016,-10.08425041,
3465768976,-10.35121538,
3466368936,-10.13218449,
3466968896,-10.12075072,
3467568856,-10.1597429,
3468168816,-10.13844889,
3468768776,-10.21413988,
3469368736,-10.09978196,
3469968696,-10.11894996,
3470568656,-10.04348756,
3471168616,-10.07604259,
3471768576,-10.13876513,
3472368536,-10.12471466,
3472968496,-10.04478994,
3473568456,-10.1668169,
3474168416,-9.940092212,
3474768376,-10.32243813,
3475368336,-10.11965741,
3475968296,-10.1621771,
3476568256,-9.791130221,
3477168216,-9.907993432,
3477768176,-10.08308412,
3478368136,-10.18918939,
3478968096,-9.939576049,
3479568056,-10.02287017,
3480168016,-9.998020472,
3480767976,-9.846157398,
3481367936,-10.24167214,
3481967896,-10.06984147,
3482567856,-10.09474891,
3483167816,-10.05391032,
3483767776,-10.04239895,
3484367736,-9.900192867,
3484967696,-10.14640577,
3485567656,-10.01569307,
3486167616,-9.966139843,
3486767576,-9.919055864,
3487367536,-9.854415996,
3487967496,-9.998989092,
3488567456,-9.892335622,
3489167416,-10.04123936,
3489767376,-10.02298481,
3490367336,-9.813337003,
3490967296,-9.845918154,
3491567256,-9.858821108,
3492167216,-9.726028341,
3492767176,-9.938644002,
3493367136,-9.769233677,
3493967096,-9.719748385,
3494567056,-9.727561871,
3495167016,-9.77694877,
3495766976,-9.652781363,
3496366936,-9.646890369,
3496966896,-9.770798122,
3497566856,-9.72543198,
3498166816,-9.688740243,
3498766776,-9.856206974,
3499366736,-9.822155876,
3499966696,-9.736042789,
3500566656,-9.642508943,
3501166616,-9.544861409,
3501766576,-9.555324787,
3502366536,-9.57796569,
3502966496,-9.560927077,
3503566456,-9.631210829,
3504166416,-9.767565839,
3504766376,-9.740997139,
3505366336,-9.625601908,
3505966296,-9.716164601,
3506566256,-9.323671281,
3507166216,-9.465045463,
3507766176,-9.497783995,
3508366136,-9.540550719,
3508966096,-9.520151729,
3509566056,-9.620745116,
3510166016,-9.546828079,
3510765976,-9.485139561,
3511365936,-9.657975941,
3511965896,-9.567374895,
3512565856,-9.585060293,
3513165816,-9.641668962,
3513765776,-9.590369802,
3514365736,-9.495725429,
3514965696,-9.558843885,
3515565656,-9.602367902,
3516165616,-9.52878189,
3516765576,-9.45940987,
3517365536,-9.413688194,
3517965496,-9.502490561,
3518565456,-9.579291987,
3519165416,-9.544734746,
3519765376,-9.638489347,
3520365336,-9.608043649,
3520965296,-9.499139208,
3521565256,-9.586557071,
3522165216,-9.489653601,
3522765176,-9.413975044,
3523365136,-9.305321015,
3523965096,-9.569266172,
3524565056,-9.460667269,
3525165016,-9.503248959,
3525764976,-9.367888692,
3526364936,-9.381615078,
3526964896,-9.400505576,
3527564856,-9.590031057,
3528164816,-9.477947589,
3528764776,-9.513574145,
3529364736,-9.493194673,
3529964696,-9.348835335,
3530564656,-9.407332583,
3531164616,-9.339654323,
3531764576,-9.511949779,
3532364536,-9.45772885,
3532964496,-9.425241251,
3533564456,-9.509405699,
3534164416,-9.449450511,
3534764376,-9.437045793,
3535364336,-9.367524354,
3535964296,-9.36664258,
3536564256,-9.509891238,
3537164216,-9.440707937,
3537764176,-9.355099345,
3538364136,-9.499057631,
3538964096,-9.515274058,
3539564055,-9.401837981,
3540164015,-9.298221434,
3540763975,-9.466722073,
3541363935,-9.432752311,
3541963895,-9.27764878,
3542563855,-9.478551397,
3543163815,-9.404780088,
3543763775,-9.35677226,
3544363735,-9.419097685,
3544963695,-9.527637441,
3545563655,-9.538077222,
3546163615,-9.260101983,
3546763575,-9.333368019,
3547363535,-9.38503824,
3547963495,-9.431102359,
3548563455,-9.444457352,
3549163415,-9.426091047,
3549763375,-9.356472938,
3550363335,-9.360422719,
3550963295,-9.537747307,
3551563255,-9.38666913,
3552163215,-9.405171764,
3552763175,-9.476663091,
3553363135,-9.301386016,
3553963095,-9.501859129,
3554563055,-9.475884632,
3555163015,-9.401680339,
3555762975,-9.450653098,
3556362935,-9.340223644,
3556962895,-9.350940471,
3557562855,-9.51681677,
3558162815,-9.385933871,
3558762775,-9.45793582,
3559362735,-9.555146274,
3559962695,-9.54160208,
3560562655,-9.488374577,
3561162615,-9.480938405,
3561762575,-9.588602527,
3562362535,-9.450484568,
3562962495,-9.616681295,
3563562455,-9.411406246,
3564162415,-9.536097839,
3564762375,-9.439833925,
3565362335,-9.428667675,
3565962295,-9.4267899,
3566562255,-9.574456947,
3567162215,-9.422398078,
3567762175,-9.598682279,
3568362135,-9.518444724,
3568962095,-9.387555851,
3569562055,-9.421915145,
3570162015,-9.402147789,
3570761975,-9.535918388,
3571361935,-9.37287661,
3571961895,-9.553202276,
3572561855,-9.23712225,
3573161815,-9.526327097,
3573761775,-9.496034481,
3574361735,-9.414444518,
3574961695,-9.595588819,
3575561655,-9.423672245,
3576161615,-9.609326112,
3576761575,-9.326861966,
3577361535,-9.449688564,
3577961495,-9.474841435,
3578561455,-9.662685911,
3579161415,-9.513709027,
3579761375,-9.532164492,
3580361335,-9.533940655,
3580961295,-9.669109354,
3581561255,-9.518710984,
3582161215,-9.487668308,
3582761175,-9.657010593,
3583361135,-9.4595707,
3583961095,-9.492481636,
3584561055,-9.454452978,
3585161015,-9.469957685,
3585760975,-9.562925217,
3586360935,-9.466671236,
3586960895,-9.829919742,
3587560855,-9.567148033,
3588160815,-9.502845284,
3588760775,-9.480822527,
3589360735,-9.448611343,
3589960695,-9.461235886,
3590560655,-9.500989693,
3591160615,-9.452698864,
3591760575,-9.490614633,
3592360535,-9.405427317,
3592960495,-9.541738684,
3593560455,-9.663008692,
3594160415,-9.522034764,
3594760375,-9.518520396,
3595360335,-9.543296993,
3595960295,-9.598598043,
3596560255,-9.585599187,
3597160215,-9.400482619,
3597760175,-9.661731908,
3598360135,-9.464342355,
3598960095,-9.630908816,
3599560055,-9.620369357,
3600160015,-9.552883936,
3600759975,-9.734717169,
3601359935,-9.600367852,
3601959895,-9.684488065,
3602559855,-9.684861849,
3603159815,-9.94541334,
3603759775,-9.577893862,
3604359735,-9.568354873,
3604959695,-9.760577421,
3605559655,-9.601949183,
3606159615,-9.621365715,
3606759575,-9.610989698,
3607359535,-9.564754274,
3607959495,-9.682988809,
3608559455,-9.676575882,
3609159415,-9.593583422,
3609759375,-9.59399543,
3610359335,-9.509830213,
3610959295,-9.583846979,
3611559255,-9.658516306,
3612159215,-9.607676571,
3612759175,-9.757780837,
3613359135,-9.618346583,
3613959095,-9.714077031,
3614559055,-9.483548311,
3615159015,-9.573971587,
3615758975,-9.601878078,
3616358935,-9.684338813,
3616958895,-9.7987204,
3617558855,-9.831684903,
3618158815,-9.807238554,
3618758775,-9.641467497,
3619358735,-9.629406062,
3619958695,-9.603771199,
3620558655,-9.697742177,
3621158615,-9.734485865,
3621758575,-9.850794016,
3622358535,-10.01219633,
3622958495,-9.790936963,
3623558455,-9.75257086,
3624158415,-9.781200105,
3624758375,-9.708585334,
3625358335,-9.861931789,
3625958295,-9.855202583,
3626558255,-9.880169899,
3627158215,-9.906168115,
3627758175,-9.909939404,
3628358135,-9.8893261,
3628958095,-9.913810244,
3629558055,-10.11201353,
3630158015,-10.07450378,
3630757975,-10.19920456,
3631357935,-10.02118908,
3631957895,-10.13609898,
3632557855,-10.00726979,
3633157815,-10.09144544,
3633757775,-9.968219296,
3634357735,-10.09887294,
3634957695,-10.10258537,
3635557655,-10.24980113,
3636157615,-10.16457002,
3636757575,-10.35619045,
3637357535,-10.00072296,
3637957495,-10.1495763,
3638557455,-10.125159,
3639157415,-10.1084415,
3639757375,-10.24681156,
3640357335,-10.21719906,
3640957295,-10.29958711,
3641557255,-10.13235377,
3642157215,-10.4748163,
3642757175,-10.3248418,
3643357135,-10.01358112,
3643957095,-10.29326497,
3644557055,-10.29753426,
3645157015,-10.4006433,
3645756975,-10.39201528,
3646356935,-10.24835483,
3646956895,-10.25903658,
3647556855,-10.4126037,
3648156815,-10.23740579,
3648756775,-10.4646238,
3649356735,-10.37705078,
3649956695,-10.30489972,
3650556655,-10.58440414,
3651156615,-10.32718053,
3651756575,-10.3473768,
3652356535,-10.30549657,
3652956495,-10.4873881,
3653556455,-10.3993215,
3654156415,-10.42064469,
3654756375,-10.46689174,
3655356335,-10.43990084,
3655956295,-10.40403317,
3656556255,-10.38734258,
3657156215,-10.40672149,
3657756175,-10.42099963,
3658356135,-10.45399292,
3658956095,-10.49568348,
3659556055,-10.57723689,
3660156015,-10.46850246,
3660755975,-10.45125819,
3661355935,-10.46801468,
3661955895,-10.4363696,
3662555855,-10.66227438,
3663155815,-10.57950076,
3663755775,-10.49673486,
3664355735,-10.65437589,
3664955695,-10.54261998,
3665555655,-10.61050112,
3666155615,-10.53757571,
3666755575,-10.58766932,
3667355535,-10.50776951,
3667955495,-10.59256896,
3668555455,-10.65036007,
3669155415,-10.56912556,
3669755375,-10.70967571,
3670355335,-10.7325621,
3670955295,-10.56860371,
3671555255,-10.74510669,
3672155215,-10.86996328,
3672755175,-10.80787443,
3673355135,-10.62196662,
3673955095,-10.79861663,
3674555055,-10.69436267,
3675155015,-10.64913688,
3675754975,-10.69961131,
3676354935,-10.84250935,
3676954895,-10.71644484,
3677554855,-10.79515045,
3678154815,-10.92320934,
3678754775,-10.94806935,
3679354735,-10.6630624,
3679954695,-10.80771105,
3680554655,-10.89276589,
3681154615,-10.8972018,
3681754575,-11.05014643,
3682354535,-10.85975886,
3682954495,-10.96882874,
3683554455,-10.95091806,
3684154415,-10.93802903,
3684754375,-10.8114792,
3685354335,-11.00549087,
3685954295,-10.97469033,
3686554255,-10.96926108,
3687154215,-10.99541444,
3687754175,-10.88057016,
3688354135,-10.87895143,
3688954095,-10.9528755,
3689554055,-10.7513729,
3690154015,-10.8704754,
3690753975,-10.97637062,
3691353935,-11.22263298,
3691953895,-11.2721087,
3692553855,-11.04377431,
3693153815,-11.06611446,
3693753774,-10.99887053,
3694353734,-11.03763688,
3694953694,-11.01954871,
3695553654,-10.95782947,
3696153614,-10.81413029,
3696753574,-10.98956655,
3697353534,-10.90395208,
3697953494,-11.06413555,
3698553454,-11.08314679,
3699153414,-11.25521614,
3699753374,-11.09389566,
3700353334,-11.20864349,
3700953294,-11.15892526,
3701553254,-11.19437731,
3702153214,-11.07850142,
3702753174,-10.98891265,
3703353134,-10.97435462,
3703953094,-11.06144297,
3704553054,-10.97440208,
3705153014,-10.93861936,
3705752974,-11.21070265,
3706352934,-11.11075851,
3706952894,-11.18099892,
3707552854,-11.15970056,
3708152814,-11.0387695,
3708752774,-11.07524994,
3709352734,-11.05314342,
3709952694,-11.09716844,
3710552654,-11.24668536,
3711152614,-11.06759429,
3711752574,-11.20249269,
3712352534,-11.05487522,
3712952494,-11.21830509,
3713552454,-11.15347437,
3714152414,-11.03735214,
3714752374,-11.04949006,
3715352334,-11.16528637,
3715952294,-11.16762819,
3716552254,-10.94467243,
3717152214,-10.99553558,
3717752174,-10.89510873,
3718352134,-10.98920844,
3718952094,-11.01386681,
3719552054,-11.05470849,
3720152014,-11.22273689,
3720751974,-11.02955659,
3721351934,-10.9172071,
3721951894,-11.18394226,
3722551854,-10.93579126,
3723151814,-11.05873182,
3723751774,-11.28138347,
3724351734,-11.03349505,
3724951694,-11.18695115,
3725551654,-11.1232927,
3726151614,-11.24912377,
3726751574,-10.90446748,
3727351534,-11.11000774,
3727951494,-11.13932201,
3728551454,-11.05975024,
3729151414,-11.06958191,
3729751374,-11.26313245,
3730351334,-11.12084237,
3730951294,-11.0166513,
3731551254,-11.13413718,
3732151214,-11.01895193,
3732751174,-10.78655013,
3733351134,-11.07958396,
3733951094,-11.12330372,
3734551054,-10.84905348,
3735151014,-10.99477296,
3735750974,-10.9305596,
3736350934,-10.91821454,
3736950894,-11.17003346,
3737550854,-10.98004837,
3738150814,-10.96310325,
3738750774,-10.99993476,
3739350734,-11.02567226,
3739950694,-10.93882927,
3740550654,-10.81190951,
3741150614,-10.90404587,
3741750574,-10.9363757,
3742350534,-10.83387633,
3742950494,-10.91338894,
3743550454,-10.83861259,
3744150414,-10.71718393,
3744750374,-10.99619058,
3745350334,-10.90585109,
3745950294,-10.96645528,
3746550254,-10.93089199,
3747150214,-10.83049633,
3747750174,-10.89484531,
3748350134,-10.82392768,
3748950094,-10.7646805,
3749550054,-10.97075239,
3750150014,-10.86534309,
3750749974,-10.7919959,
3751349934,-10.77572137,
3751949894,-11.06102452,
3752549854,-10.92390398,
3753149814,-10.85051399,
3753749774,-10.74445017,
3754349734,-10.78111196,
3754949694,-10.82611175,
3755549654,-10.70133003,
3756149614,-10.72636755,
3756749574,-10.69616584,
3757349534,-10.70493276,
3757949494,-10.62601327,
3758549454,-10.70986109,
3759149414,-10.79832627,
3759749374,-10.77592501,
3760349334,-10.94912734,
3760949294,-10.71673246,
3761549254,-10.66500128,
3762149214,-10.74987276,
3762749174,-10.64020764,
3763349134,-10.59567933,
3763949094,-10.83892042,
3764549054,-10.6930131,
3765149014,-10.70771325,
3765748974,-10.44492613,
3766348934,-10.6194044,
3766948894,-10.56619042,
3767548854,-10.63447737,
3768148814,-10.55281015,
3768748774,-10.56179793,
3769348734,-10.62025517,
3769948694,-10.67136468,
3770548654,-10.34277758,
3771148614,-10.51367853,
3771748574,-10.61774912,
3772348534,-10.5105326,
3772948494,-10.48690974,
3773548454,-10.50352483,
3774148414,-10.47839629,
3774748374,-10.59152482,
3775348334,-10.42419449,
3775948294,-10.54890681,
3776548254,-10.40769274,
3777148214,-10.58040578,
3777748174,-10.35484326,
3778348134,-10.55983116,
3778948094,-10.38021036,
3779548054,-10.39790742,
3780148014,-10.44569155,
3780747974,-10.50767051,
3781347934,-10.51390815,
3781947894,-10.52232308,
3782547854,-10.37093938,
3783147814,-10.3583622,
3783747774,-10.49731397,
3784347734,-10.51129158,
3784947694,-10.2682418,
3785547654,-10.66576164,
3786147614,-10.34042834,
3786747574,-10.33876721,
3787347534,-10.55506481,
3787947494,-10.36753091,
3788547454,-10.4148146,
3789147414,-10.43923602,
3789747374,-10.38913526,
3790347334,-10.39374437,
3790947294,-10.32675215,
3791547254,-10.46244463,
3792147214,-10.29355318,
3792747174,-10.55614057,
3793347134,-10.40018288,
3793947094,-10.41351988,
3794547054,-10.33950034,
3795147014,-10.34857922,
3795746974,-10.33915325,
3796346934,-10.33730864,
3796946894,-10.37595463,
3797546854,-10.35699251,
3798146814,-10.46503181,
3798746774,-10.53460817,
3799346734,-10.34593256,
3799946694,-10.34844143,
3800546654,-10.41253111,
3801146614,-10.48415689,
3801746574,-10.42184547,
3802346534,-10.34978516,
3802946494,-10.40495113,
3803546454,-10.29216738,
3804146414,-10.34657955,
3804746374,-10.36017943,
3805346334,-10.41861534,
3805946294,-10.37157095,
3806546254,-10.40950296,
3807146214,-10.2560619,
3807746174,-10.27608836,
3808346134,-10.36893265,
3808946094,-10.48837992,
3809546054,-10.41756363,
3810146014,-10.37469936,
3810745974,-10.40395815,
3811345934,-10.45141451,
3811945894,-10.52261683,
3812545854,-10.384126,
3813145814,-10.29729342,
3813745774,-10.43211882,
3814345734,-10.35899415,
3814945694,-10.40932132,
3815545654,-10.35032791,
3816145614,-10.57088921,
3816745574,-10.29432173,
3817345534,-10.35187087,
3817945494,-10.51833053,
3818545454,-10.42202545,
3819145414,-10.57334428,
3819745374,-10.41950334,
3820345334,-10.33390549,
3820945294,-10.30963469,
3821545254,-10.33856119,
3822145214,-10.47467344,
3822745174,-10.53787921,
3823345134,-10.26802837,
3823945094,-10.34532218,
3824545054,-10.43384372,
3825145014,-10.70720578,
3825744974,-10.42659605,
3826344934,-10.60394508,
3826944894,-10.69132769,
3827544854,-10.51417164,
3828144814,-10.37912705,
3828744774,-10.41564609,
3829344734,-10.56262782,
3829944694,-10.36619827,
3830544654,-10.39879213,
3831144614,-10.33065047,
3831744574,-10.447717,
3832344534,-10.42595744,
3832944494,-10.50297069,
3833544454,-10.43211385,
3834144414,-10.45237698,
3834744374,-10.44929378,
3835344334,-10.32285279,
3835944294,-10.52530535,
3836544254,-10.63257594,
3837144214,-10.51887344,
3837744174,-10.57144646,
3838344134,-10.40076881,
3838944094,-10.6547222,
3839544054,-10.56102091,
3840144014,-10.46172081,
3840743974,-10.40047495,
3841343934,-10.52006542,
3841943894,-10.5974592,
3842543854,-10.45130662,
3843143814,-10.49186235,
3843743774,-10.66455459,
3844343734,-10.42735339,
3844943694,-10.54491488,
3845543654,-10.43231903,
3846143614,-10.59425598,
3846743574,-10.5734352,
3847343533,-10.73182799,
3847943493,-10.4284143,
3848543453,-10.63451666,
3849143413,-10.45384495,
3849743373,-10.66301551,
3850343333,-10.68128102,
3850943293,-10.40447779,
3851543253,-10.71269926,
3852143213,-10.53415122,
3852743173,-10.41952423,
3853343133,-10.58150314,
3853943093,-10.53467588,
3854543053,-10.61544074,
3855143013,-10.74517268,
3855742973,-10.37111406,
3856342933,-10.68879027,
3856942893,-10.60725241,
3857542853,-10.75261339,
3858142813,-10.59910685,
3858742773,-10.6244847,
3859342733,-10.68062556,
3859942693,-10.7632198,
3860542653,-10.68968108,
3861142613,-10.51013799,
3861742573,-10.63674688,
3862342533,-10.87408409,
3862942493,-10.64561002,
3863542453,-10.88686314,
3864142413,-10.74740111,
3864742373,-10.55361719,
3865342333,-10.83330212,
3865942293,-10.61320846,
3866542253,-10.90555089,
3867142213,-10.72920395,
3867742173,-10.62720992,
3868342133,-10.69366501,
3868942093,-10.77830491,
3869542053,-10.67822519,
3870142013,-10.78639231,
3870741973,-10.68962667,
3871341933,-10.75184719,
3871941893,-10.67142165,
3872541853,-10.90816007,
3873141813,-10.71878416,
3873741773,-10.85487215,
3874341733,-10.85757958,
3874941693,-10.87257633,
3875541653,-10.90143372,
3876141613,-10.82270344,
3876741573,-10.66611253,
3877341533,-10.55615925,
3877941493,-10.65840626,
3878541453,-10.90285863,
3879141413,-10.88897109,
3879741373,-10.92106797,
3880341333,-10.7877828,
3880941293,-10.93473454,
3881541253,-10.94987415,
3882141213,-10.99720087,
3882741173,-10.94964556,
3883341133,-10.9185247,
3883941093,-10.87947205,
3884541053,-10.84918539,
3885141013,-10.9386331,
3885740973,-10.81746799,
3886340933,-10.91710755,
3886940893,-10.82850054,
3887540853,-10.79466819,
3888140813,-10.94990952,
3888740773,-10.96710333,
3889340733,-11.01971446,
3889940693,-11.04938218,
3890540653,-10.96667244,
3891140613,-11.01956449,
3891740573,-10.81359224,
3892340533,-10.98943673,
3892940493,-10.94956196,
3893540453,-11.06687769,
3894140413,-11.27279249,
3894740373,-11.11615487,
3895340333,-10.91187452,
3895940293,-10.9556745,
3896540253,-11.10097475,
3897140213,-11.08122876,
3897740173,-11.06825663,
3898340133,-11.30000451,
3898940093,-11.21805745,
3899540053,-11.26257107,
3900140013,-11.08436569,
3900739973,-11.16338984,
3901339933,-11.09907459,
3901939893,-11.23289606,
3902539853,-11.51325659,
3903139813,-11.23402331,
3903739773,-11.52498628,
3904339733,-11.3917447,
3904939693,-11.17846753,
3905539653,-11.3144426,
3906139613,-11.24901167,
3906739573,-11.33856704,
3907339533,-11.18359507,
3907939493,-11.23685529,
3908539453,-11.42314116,
3909139413,-11.44560034,
3909739373,-11.55663509,
3910339333,-11.23147587,
3910939293,-11.79124872,
3911539253,-11.61483011,
3912139213,-11.48914237,
3912739173,-11.87502777,
3913339133,-11.7054013,
3913939093,-11.53781062,
3914539053,-11.72181515,
3915139013,-11.75648177,
3915738973,-11.71452512,
3916338933,-11.83289342,
3916938893,-11.6553693,
3917538853,-11.60751424,
3918138813,-11.78203772,
3918738773,-11.98759562,
3919338733,-11.92888946,
3919938693,-12.11228929,
3920538653,-11.99407108,
3921138613,-12.20590904,
3921738573,-12.29186216,
3922338533,-11.98746481,
3922938493,-12.03333205,
3923538453,-12.26292999,
3924138413,-12.23820681,
3924738373,-12.02438972,
3925338333,-12.21145485,
3925938293,-12.22962746,
3926538253,-12.13195125,
3927138213,-12.40480786,
3927738173,-12.16546307,
3928338133,-12.34572115,
3928938093,-12.1767501,
3929538053,-12.35149358,
3930138013,-12.05442023,
3930737973,-12.51023874,
3931337933,-12.41592087,
3931937893,-12.12885883,
3932537853,-12.33815237,
3933137813,-12.45813932,
3933737773,-12.2010007,
3934337733,-12.32689334,
3934937693,-12.18589191,
3935537653,-12.41941073,
3936137613,-12.3898473,
3936737573,-12.4479094,
3937337533,-12.48346978,
3937937493,-12.33603994,
3938537453,-12.31816818,
3939137413,-12.53542739,
3939737373,-12.36581484,
3940337333,-12.28917717,
3940937293,-12.66660721,
3941537253,-12.40038022,
3942137213,-12.62433763,
3942737173,-12.54093215,
3943337133,-12.59962212,
3943937093,-12.43450241,
3944537053,-12.43817073,
3945137013,-12.26706052,
3945736973,-12.40203063,
3946336933,-12.759153,
3946936893,-12.74417995,
3947536853,-12.77142672,
3948136813,-12.68868613,
3948736773,-12.41179781,
3949336733,-12.80795681,
3949936693,-12.75747855,
3950536653,-12.66096375,
3951136613,-12.60515595,
3951736573,-12.93476204,
3952336533,-12.89915709,
3952936493,-12.58975717,
3953536453,-12.67627472,
3954136413,-12.66229368,
3954736373,-12.60259261,
3955336333,-12.67415458,
3955936293,-12.64245524,
3956536253,-12.93030731,
3957136213,-12.73907689,
3957736173,-12.84585371,
3958336133,-12.68520537,
3958936093,-12.6512551,
3959536053,-12.85153923,
3960136013,-12.89457099,
3960735973,-12.93647645,
3961335933,-12.85850082,
3961935893,-12.96062157,
3962535853,-13.08534539,
3963135813,-12.87129277,
3963735773,-12.97633752,
3964335733,-12.99545384,
3964935693,-12.91095486,
3965535653,-13.07902541,
3966135613,-12.9478507,
3966735573,-13.01079608,
3967335533,-12.85500914,
3967935493,-12.89360659,
3968535453,-12.74965957,
3969135413,-13.18044365,
3969735373,-13.04096378,
3970335333,-13.06926215,
3970935293,-13.15730495,
3971535253,-13.07044106,
3972135213,-12.99735997,
3972735173,-13.13855098,
3973335133,-13.08416546,
3973935093,-12.90326594,
3974535053,-13.01408874,
3975135013,-12.99857789,
3975734973,-13.06289555,
3976334933,-13.03854747,
3976934893,-13.00562377,
3977534853,-12.89320477,
3978134813,-13.09186337,
3978734773,-12.98526417,
3979334733,-12.96920619,
3979934693,-12.83539188,
3980534653,-13.1759391,
3981134613,-12.99554073,
3981734573,-13.02636267,
3982334533,-13.18392409,
3982934493,-13.03892465,
3983534453,-13.07868447,
3984134413,-12.88969323,
3984734373,-13.22511176,
3985334333,-12.96896909,
3985934293,-13.05262951,
3986534253,-13.15676785,
3987134213,-12.92061044,
3987734173,-12.92778655,
3988334133,-13.04874284,
3988934093,-12.96883997,
3989534053,-12.94050551,
3990134013,-12.91345621,
3990733973,-13.19239356,
3991333933,-12.93933792,
3991933893,-12.99231585,
3992533853,-13.08617335,
3993133813,-12.87928332,
3993733773,-12.90621075,
3994333733,-13.14238269,
3994933693,-12.83059308,
3995533653,-12.80627017,
3996133613,-12.96238442,
3996733573,-13.05970718,
3997333533,-12.9916327,
3997933493,-12.92558929,
3998533453,-12.87263507,
3999133413,-13.08952965,
3999733373,-13.04368931,
4000333333,-13.09348868,
4000933293,-12.7673537,
4001533253,-12.87883303,
4002133212,-12.70634329,
4002733172,-13.08247336,
4003333132,-12.86732799,
4003933092,-12.84648066,
4004533052,-12.73196854,
4005133012,-12.86849148,
4005732972,-12.87771022,
4006332932,-12.91982794,
4006932892,-12.89425096,
4007532852,-12.72560234,
4008132812,-12.71240905,
4008732772,-12.7842619,
4009332732,-12.66584922,
4009932692,-12.90223865,
4010532652,-12.80831054,
4011132612,-12.81025092,
4011732572,-12.75015943,
4012332532,-12.88147168,
4012932492,-12.56379349,
4013532452,-12.5981801,
4014132412,-12.68069074,
4014732372,-12.69342294,
4015332332,-12.55796116,
4015932292,-12.49375767,
4016532252,-12.72645404,
4017132212,-12.39548127,
4017732172,-12.68583567,
4018332132,-12.56399612,
4018932092,-12.54887228,
4019532052,-12.53285254,
4020132012,-12.52685389,
4020731972,-12.6043306,
4021331932,-12.85500001,
4021931892,-12.50622868,
4022531852,-12.59600229,
4023131812,-12.4213366,
4023731772,-12.69781828,
4024331732,-12.55997482,
4024931692,-12.73722401,
4025531652,-12.68903933,
4026131612,-12.55100631,
4026731572,-12.5494223,
4027331532,-12.51767745,
4027931492,-12.63477638,
4028531452,-12.52553592,
4029131412,-12.74570128,
4029731372,-12.26570619,
4030331332,-12.50635289,
4030931292,-12.47587207,
4031531252,-12.4513216,
4032131212,-12.51320694,
4032731172,-12.33948863,
4033331132,-12.50537946,
4033931092,-12.30666222,
4034531052,-12.55432793,
4035131012,-12.36660965,
4035730972,-12.41380203,
4036330932,-12.38924453,
4036930892,-12.42845833,
4037530852,-12.63152797,
4038130812,-12.52786431,
4038730772,-12.19794703,
4039330732,-12.54803956,
4039930692,-12.34338291,
4040530652,-12.22676937,
4041130612,-12.2364479,
4041730572,-12.28410054,
4042330532,-12.10314362,
4042930492,-12.36187785,
4043530452,-12.27953231,
4044130412,-12.34164285,
4044730372,-12.24338706,
4045330332,-12.11104007,
4045930292,-12.32342159,
4046530252,-12.08330649,
4047130212,-12.32136976,
4047730172,-12.16838282,
4048330132,-12.07849079,
4048930092,-12.10622875,
4049530052,-11.95174529,
4050130012,-12.02285135,
4050729972,-12.29557065,
4051329932,-12.06337092,
4051929892,-12.20162473,
4052529852,-12.07129858,
4053129812,-12.02109526,
4053729772,-12.30617003,
4054329732,-12.03805521,
4054929692,-11.98601262,
4055529652,-11.87114744,
4056129612,-12.0363744,
4056729572,-11.84529391,
4057329532,-11.91909884,
4057929492,-11.98883901,
4058529452,-11.8230655,
4059129412,-11.86499877,
4059729372,-11.92223539,
4060329332,-11.92082031,
4060929292,-11.95240097,
4061529252,-11.81282969,
4062129212,-11.82387396,
4062729172,-12.04075103,
4063329132,-11.61397511,
4063929092,-11.74430353,
4064529052,-11.73175083,
4065129012,-11.98210998,
4065728972,-12.01763389,
4066328932,-11.8579556,
4066928892,-11.77488933,
4067528852,-11.92311342,
4068128812,-11.77456681,
4068728772,-11.75065988,
4069328732,-11.90278952,
4069928692,-11.64070299,
4070528652,-11.8843491,
4071128612,-11.76681155,
4071728572,-11.62714596,
4072328532,-11.67639136,
4072928492,-11.6298223,
4073528452,-11.80608796,
4074128412,-11.93568576,
4074728372,-11.68604324,
4075328332,-11.78357129,
4075928292,-11.73845709,
4076528252,-11.81823777,
4077128212,-11.89851802,
4077728172,-11.89167421,
4078328132,-11.86418014,
4078928092,-11.84755167,
4079528052,-11.95043056,
4080128012,-11.76276855,
4080727972,-11.95429961,
4081327932,-11.7514918,
4081927892,-11.8507011,
4082527852,-11.71234386,
4083127812,-11.84642392,
4083727772,-11.76824364,
4084327732,-11.87744555,
4084927692,-11.72141755,
4085527652,-11.64391865,
4086127612,-11.80850113,
4086727572,-11.99619809,
4087327532,-11.74693558,
4087927492,-11.93525327,
4088527452,-11.80156221,
4089127412,-11.79778267,
4089727372,-11.69178424,
4090327332,-11.78393751,
4090927292,-12.02364294,
4091527252,-11.76449335,
4092127212,-11.86173663,
4092727172,-11.86465438,
4093327132,-11.84749404,
4093927092,-11.84882672,
4094527052,-11.85607357,
4095127012,-11.66379066,
4095726972,-11.98367087,
4096326932,-11.9946215,
4096926892,-11.98068492,
4097526852,-11.68995593,
4098126812,-11.70028423,
4098726772,-12.03453114,
4099326732,-11.83532342,
4099926692,-11.90898147,
4100526652,-11.74496216,
4101126612,-12.01995873,
4101726572,-11.81770766,
4102326532,-11.85038848,
4102926492,-11.84885708,
4103526452,-11.91205377,
4104126412,-11.82315531,
4104726372,-11.95212308,
4105326332,-12.06699993,
4105926292,-11.98214803,
4106526252,-11.96812434,
4107126212,-12.04450681,
4107726172,-11.98444612,
4108326132,-12.0515207,
4108926092,-11.93776446,
4109526052,-11.72731967,
4110126012,-11.98972351,
4110725972,-11.93435732,
4111325932,-12.08147818,
4111925892,-11.79048878,
4112525852,-12.02706873,
4113125812,-12.00979752,
4113725772,-12.01391409,
4114325732,-11.94381606,
4114925692,-12.02575175,
4115525652,-11.87568005,
4116125612,-11.92059786,
4116725572,-11.98280966,
4117325532,-11.84017631,
4117925492,-11.92693818,
4118525452,-11.97888313,
4119125412,-11.85787706,
4119725372,-11.77998288,
4120325332,-11.9929372,
4120925292,-11.96205692,
4121525252,-11.96449956,
4122125212,-11.94866908,
4122725172,-11.88693856,
4123325132,-12.13908466,
4123925092,-11.88814484,
4124525052,-11.87488957,
4125125012,-12.09889791,
4125724972,-11.9578669,
4126324932,-11.91092463,
4126924892,-12.0369595,
4127524852,-12.07123979,
4128124812,-12.10390708,
4128724772,-11.90680976,
4129324732,-12.27554294,
4129924692,-12.20551465,
4130524652,-11.95937668,
4131124612,-12.09129585,
4131724572,-11.89327851,
4132324532,-12.12185925,
4132924492,-11.93421904,
4133524452,-12.170886,
4134124412,-12.0257286,
4134724372,-12.31127414,
4135324332,-12.20691344,
4135924292,-11.89379199,
4136524252,-11.98151448,
4137124212,-12.28493633,
4137724172,-12.14282886,
4138324132,-12.16173854,
4138924092,-12.12208627,
4139524052,-12.0646265,
4140124012,-12.13548908,
4140723972,-12.40235719,
4141323932,-12.25236812,
4141923892,-12.3052828,
4142523852,-12.25460884,
4143123812,-12.43749752,
4143723772,-12.32323345,
4144323732,-12.42569098,
4144923692,-12.53324914,
4145523652,-12.37462626,
4146123612,-12.41310948,
4146723572,-12.48268974,
4147323532,-12.25473226,
4147923492,-12.28625167,
4148523452,-12.57480164,
4149123412,-12.54644844,
4149723372,-12.53997962,
4150323332,-12.4833279,
4150923292,-12.48725607,
4151523252,-12.37160861,
4152123212,-12.46382354,
4152723172,-12.47890402,
4153323132,-12.69004937,
4153923092,-12.67604822,
4154523052,-12.5706019,
4155123012,-12.33922956,
4155722971,-12.56201894,
4156322931,-12.68639075,
4156922891,-12.55260175,
4157522851,-12.40587039,
4158122811,-12.86208231,
4158722771,-12.59573163,
4159322731,-12.80771515,
4159922691,-12.57059011,
4160522651,-12.76369268,
4161122611,-12.77936482,
4161722571,-12.68765821,
4162322531,-12.75166424,
4162922491,-12.59880074,
4163522451,-12.69424317,
4164122411,-12.71648991,
4164722371,-12.79983436,
4165322331,-12.87396425,
4165922291,-12.76505588,
4166522251,-12.96652141,
4167122211,-12.82602005,
4167722171,-12.75894,
4168322131,-12.78146256,
4168922091,-12.9887225,
4169522051,-12.8617962,
4170122011,-12.98724959,
4170721971,-12.93136464,
4171321931,-12.97379269,
4171921891,-12.99613539,
4172521851,-13.13723668,
4173121811,-12.84147782,
4173721771,-13.13216225,
4174321731,-13.07561971,
4174921691,-13.0787574,
4175521651,-13.07699085,
4176121611,-13.09870479,
4176721571,-13.20058329,
4177321531,-13.22656118,
4177921491,-13.37327715,
4178521451,-13.39113444,
4179121411,-13.22462326,
4179721371,-13.35778134,
4180321331,-13.20613935,
4180921291,-13.3536025,
4181521251,-13.14099619,
4182121211,-13.37403434,
4182721171,-13.1458874,
4183321131,-13.47846264,
4183921091,-13.52506437,
4184521051,-13.61415919,
4185121011,-13.66881996,
4185720971,-13.50473582,
4186320931,-13.53784342,
4186920891,-13.40593975,
4187520851,-13.40987086,
4188120811,-13.90564889,
4188720771,-13.3880324,
4189320731,-13.72437212,
4189920691,-13.65466944,
4190520651,-13.71941715,
4191120611,-13.6477749,
4191720571,-13.86634366,
4192320531,-13.96953958,
4192920491,-13.90493852,
4193520451,-13.53218494,
4194120411,-13.9542948,
4194720371,-13.78993611,
4195320331,-14.00104626,
4195920291,-13.96981652,
4196520251,-13.80104392,
4197120211,-14.08382859,
4197720171,-13.95100757,
4198320131,-14.02566508,
4198920091,-13.92428437,
4199520051,-13.92602533,
4200120011,-13.96846725,
4200719971,-13.79831656,
4201319931,-14.07692798,
4201919891,-14.040404,
4202519851,-14.17312536,
4203119811,-14.27951318,
4203719771,-14.45282291,
4204319731,-14.30036888,
4204919691,-14.19484987,
4205519651,-14.36123999,
4206119611,-14.12697257,
4206719571,-14.41009477,
4207319531,-14.04377268,
4207919491,-13.88208991,
4208519451,-14.16801451,
4209119411,-14.39755041,
4209719371,-14.27994948,
4210319331,-14.48762588,
4210919291,-14.50582238,
4211519251,-14.44257418,
4212119211,-14.50225791,
4212719171,-14.5444397,
4213319131,-14.46861106,
4213919091,-14.56376554,
4214519051,-14.68299878,
4215119011,-14.59907916,
4215718971,-14.74097142,
4216318931,-14.59583421,
4216918891,-14.56411962,
4217518851,-14.44735805,
4218118811,-14.47979475,
4218718771,-14.76002688,
4219318731,-14.49155444,
4219918691,-14.90920908,
4220518651,-14.86545458,
4221118611,-14.62361753,
4221718571,-14.72828285,
4222318531,-14.89182368,
4222918491,-14.78131919,
4223518451,-14.96771328,
4224118411,-14.68432557,
4224718371,-15.10632743,
4225318331,-14.59950432,
4225918291,-15.15016106,
4226518251,-14.97180489,
4227118211,-14.87487908,
4227718171,-14.777478,
4228318131,-14.58058164,
4228918091,-14.93584926,
4229518051,-15.03929213,
4230118011,-14.8955337,
4230717971,-15.06003184,
4231317931,-15.09581482,
4231917891,-15.3073847,
4232517851,-15.05452124,
4233117811,-15.12573649,
4233717771,-15.02375728,
4234317731,-14.87775787,
4234917691,-14.89574783,
4235517651,-15.27420329,
4236117611,-15.06120805,
4236717571,-14.87372139,
4237317531,-15.10027832,
4237917491,-15.3920584,
4238517451,-14.98196608,
4239117411,-15.14968094,
4239717371,-15.0281725,
4240317331,-15.19896918,
4240917291,-15.10223143,
4241517251,-15.2195918,
4242117211,-15.24184731,
4242717171,-14.94624001,
4243317131,-14.90964032,
4243917091,-15.48328597,
4244517051,-15.19918622,
4245117011,-15.20273409,
4245716971,-15.28827101,
4246316931,-15.09859586,
4246916891,-15.2001565,
4247516851,-15.23041609,
4248116811,-14.99640219,
4248716771,-14.89304917,
4249316731,-14.60465618,
4249916691,-15.23663841,
4250516651,-15.13968865,
4251116611,-15.48543162,
4251716571,-15.34866634,
4252316531,-15.14921062,
4252916491,-14.97787503,
4253516451,-15.03900742,
4254116411,-15.586848,
4254716371,-14.83722331,
4255316331,-15.42713488,
4255916291,-14.94761252,
4256516251,-15.07646993,
4257116211,-15.42073922,
4257716171,-14.96127533,
4258316131,-14.80914459,
4258916091,-15.13840703,
4259516051,-14.97503289,
4260116011,-14.72693998,
4260715971,-15.40717553,
4261315931,-14.89051993,
4261915891,-15.06286674,
4262515851,-15.18170139,
4263115811,-14.71567574,
4263715771,-14.74223668,
4264315731,-14.99144114,
4264915691,-14.80257521,
4265515651,-15.03731799,
4266115611,-14.71063095,
4266715571,-14.71039761,
4267315531,-15.15889344,
4267915491,-14.95119168,
4268515451,-15.11244646,
4269115411,-14.77689902,
4269715371,-14.84691065,
4270315331,-15.149474,
4270915291,-14.79002206,
4271515251,-14.6719066,
4272115211,-14.87413297,
4272715171,-14.96890856,
4273315131,-14.63759175,
4273915091,-14.7853823,
4274515051,-14.90140035,
4275115011,-14.66296602,
4275714971,-14.76618142,
4276314931,-14.84692183,
4276914891,-14.7435972,
4277514851,-14.94762361,
4278114811,-14.53963124,
4278714771,-14.15615309,
4279314731,-14.40063007,
4279914691,-14.76843593,
4280514651,-14.9608069,
4281114611,-14.66295435,
4281714571,-14.4936993,
4282314531,-14.47707628,
4282914491,-14.53237397,
4283514451,-14.38608305,
4284114411,-14.36487675,
4284714371,-14.31996174,
4285314331,-14.38685787,
4285914291,-14.29366841,
4286514251,-14.33018595,
4287114211,-14.1500036,
4287714171,-14.61007169,
4288314131,-14.32558279,
4288914091,-14.24465367,
4289514051,-14.47319893,
4290114011,-14.43026567,
4290713971,-14.22154802,
4291313931,-14.3376612,
4291913891,-14.12028541,
4292513851,-14.31799039,
4293113811,-14.10234071,
4293713771,-14.98871958,
4294313731,-14.4272253,
4294913691,-14.11090266,
4295513651,-14.52062415,
4296113611,-14.18511125,
4296713571,-14.20753202,
4297313531,-14.12925619,
4297913491,-14.00641348,
4298513451,-13.79264028,
4299113411,-14.26778951,
4299713371,-14.15582351,
4300313331,-14.22984543,
4300913291,-14.03917699,
4301513251,-14.12681137,
4302113211,-14.12115305,
4302713171,-14.01194885,
4303313131,-13.86939379,
4303913091,-14.02145777,
4304513051,-13.93139463,
4305113011,-13.95702639,
4305712971,-13.86783618,
4306312931,-14.05223197,
4306912891,-14.15297922,
4307512851,-14.18243755,
4308112811,-14.08724982,
4308712771,-13.9187981,
4309312730,-13.909906,
4309912690,-13.76547373,
4310512650,-14.02597908,
4311112610,-13.8870248,
4311712570,-13.68854218,
4312312530,-13.87819315,
4312912490,-13.72870598,
4313512450,-13.69732982,
4314112410,-13.83310668,
4314712370,-14.05473657,
4315312330,-13.98726638,
4315912290,-13.83858712,
4316512250,-13.7028507,
4317112210,-13.87284929,
4317712170,-13.81902648,
4318312130,-13.78806738,
4318912090,-13.73969253,
4319512050,-13.91490434,
4320112010,-13.80637202,
4320711970,-13.84797606,
4321311930,-13.62754092,
4321911890,-13.82897706,
4322511850,-13.68738081,
4323111810,-13.73165489,
4323711770,-13.66669414,
4324311730,-13.72745529,
4324911690,-13.75084489,
4325511650,-13.54900069,
4326111610,-13.69460332,
4326711570,-13.81960719,
4327311530,-13.80370329,
4327911490,-13.48867329,
4328511450,-13.65421509,
4329111410,-13.70876261,
4329711370,-13.77014179,
4330311330,-13.67177207,
4330911290,-13.82494042,
4331511250,-13.54005677,
4332111210,-13.57678457,
4332711170,-13.60417551,
4333311130,-13.80997244,
4333911090,-13.87263971,
4334511050,-13.70150348,
4335111010,-13.75376408,
4335710970,-13.48601086,
4336310930,-13.75185142,
4336910890,-13.39358356,
4337510850,-13.48531713,
4338110810,-13.31096659,
4338710770,-13.36849182,
4339310730,-13.56086931,
4339910690,-13.67830758,
4340510650,-13.5951966,
4341110610,-13.55525491,
4341710570,-13.49817802,
4342310530,-13.45575085,
4342910490,-13.57354334,
4343510450,-13.75447727,
4344110410,-13.77420579,
4344710370,-13.57263668,
4345310330,-13.46660628,
4345910290,-13.62385333,
4346510250,-13.44495642,
4347110210,-13.56238077,
4347710170,-13.50063192,
4348310130,-13.54293749,
4348910090,-13.41995839,
4349510050,-13.45144872,
4350110010,-13.70678901,
4350709970,-13.50586575,
4351309930,-13.51208036,
4351909890,-13.56899786,
4352509850,-13.5135541,
4353109810,-13.60193373,
4353709770,-13.56712877,
4354309730,-13.53531793,
4354909690,-13.48938471,
4355509650,-13.49306889,
4356109610,-13.41504642,
4356709570,-13.37105558,
4357309530,-13.22946488,
4357909490,-13.34964901,
4358509450,-13.41447389,
4359109410,-13.49580494,
4359709370,-13.54624784,
4360309330,-13.48533969,
4360909290,-13.40359014,
4361509250,-13.66406384,
4362109210,-13.33466041,
4362709170,-13.47259378,
4363309130,-13.47242109,
4363909090,-13.56719648,
4364509050,-13.46766248,
4365109010,-13.46171469,
4365708970,-13.48954635,
4366308930,-13.58781798,
4366908890,-13.63846332,
4367508850,-13.48943646,
4368108810,-13.46707346,
4368708770,-13.46624222,
4369308730,-13.49671933,
4369908690,-13.29301909,
4370508650,-13.51692445,
4371108610,-13.46853423,
4371708570,-13.52345664,
4372308530,-13.54784341,
4372908490,-13.52041994,
4373508450,-13.42778785,
4374108410,-13.38788441,
4374708370,-13.44333305,
4375308330,-13.3929528,
4375908290,-13.37154811,
4376508250,-13.40011496,
4377108210,-13.45619915,
4377708170,-13.63741994,
4378308130,-13.25674446,
4378908090,-13.51486466,
4379508050,-13.36562899,
4380108010,-13.49706116,
4380707970,-13.55336179,
4381307930,-13.30046644,
4381907890,-13.44409881,
4382507850,-13.45125469,
4383107810,-13.50419103,
4383707770,-13.32827184,
4384307730,-13.34457564,
4384907690,-13.51156548,
4385507650,-13.5402411,
4386107610,-13.45163625,
4386707570,-13.53789175,
4387307530,-13.27240528,
4387907490,-13.50542769,
4388507450,-13.56080646,
4389107410,-13.45054369,
4389707370,-13.56243757,
4390307330,-13.51973597,
4390907290,-13.38526093,
4391507250,-13.49222029,
4392107210,-13.60827912,
4392707170,-13.49682512,
4393307130,-13.26052563,
4393907090,-13.44574865,
4394507050,-13.50662149,
4395107010,-13.206369,
4395706970,-13.40746969,
4396306930,-13.36682815,
4396906890,-13.57745311,
4397506850,-13.68236425,
4398106810,-13.4039512,
4398706770,-13.5285275,
4399306730,-13.50943802,
4399906690,-13.39107266,
4400506650,-13.40660822,
4401106610,-13.59452901,
4401706570,-13.65853433,
4402306530,-13.52378169,
4402906490,-13.60230308,
4403506450,-13.40133511,
4404106410,-13.70979056,
4404706370,-13.57506832,
4405306330,-13.19792903,
4405906290,-13.4160953,
4406506250,-13.52144571,
4407106210,-13.68806666,
4407706170,-13.64973432,
4408306130,-13.40018275,
4408906090,-13.9861329,
4409506050,-13.77310732,
4410106010,-13.50181548,
4410705970,-13.47517903,
4411305930,-13.62205604,
4411905890,-13.44469603,
4412505850,-13.77428038,
4413105810,-13.76015823,
4413705770,-13.6747235,
4414305730,-13.55651242,
4414905690,-13.6644402,
4415505650,-13.73894208,
4416105610,-13.75192535,
4416705570,-13.72244045,
4417305530,-13.60601933,
4417905490,-13.80297558,
4418505450,-13.69797851,
4419105410,-13.64050487,
4419705370,-13.57451223,
4420305330,-13.74432683,
4420905290,-13.76751865,
4421505250,-13.42096773,
4422105210,-13.73107258,
4422705170,-13.86494647,
4423305130,-13.83695364,
4423905090,-13.7497639,
4424505050,-13.90962181,
4425105010,-13.83145503,
4425704970,-13.88218919,
4426304930,-13.87810793,
4426904890,-13.83456795,
4427504850,-14.08156828,
4428104810,-13.94302084,
4428704770,-14.11023996,
4429304730,-14.04455557,
4429904690,-13.97432262,
4430504650,-13.97373933,
4431104610,-13.92736455,
4431704570,-13.8757308,
4432304530,-13.9087199,
4432904490,-13.96419265,
4433504450,-14.17171213,
4434104410,-13.99498183,
4434704370,-14.1112107,
4435304330,-14.25681828,
4435904290,-13.99399457,
4436504250,-14.1390964,
4437104210,-14.5075434,
4437704170,-14.26315999,
4438304130,-14.21387598,
4438904090,-14.35501851,
4439504050,-14.51969502,
4440104010,-14.13054507,
4440703970,-14.39022514,
4441303930,-14.33164179,
4441903890,-14.20141407,
4442503850,-14.41308621,
4443103810,-14.34307751,
4443703770,-14.18562006,
4444303730,-14.06376532,
4444903690,-14.12506496,
4445503650,-14.22678585,
4446103610,-14.24700488,
4446703570,-14.42794888,
4447303530,-14.32160847,
4447903490,-14.5243114,
4448503450,-14.4394513,
4449103410,-14.4603568,
4449703370,-14.63011535,
4450303330,-14.49113253,
4450903290,-14.705666,
4451503250,-14.47352836,
4452103210,-14.86997384,
4452703170,-14.88586066,
4453303130,-14.89550917,
4453903090,-14.59527149,
4454503050,-14.56974264,
4455103010,-14.63341055,
4455702970,-14.53470517,
4456302930,-14.69062466,
4456902890,-14.58035648,
4457502850,-14.77497624,
4458102810,-14.89261472,
4458702770,-15.1469527,
4459302730,-15.00331864,
4459902690,-15.16051276,
4460502650,-15.18818838,
4461102610,-15.08127096,
4461702570,-15.32861697,
4462302530,-15.38405385,
4462902489,-14.98065606,
4463502449,-15.12054575,
4464102409,-15.23527563,
4464702369,-15.27571783,
4465302329,-15.45936729,
4465902289,-15.50493113,
4466502249,-16.01350311,
4467102209,-15.60850535,
4467702169,-15.96558812,
4468302129,-15.84720312,
4468902089,-15.67436632,
4469502049,-15.62237659,
4470102009,-15.71981729,
4470701969,-16.13642789,
4471301929,-15.68391604,
4471901889,-15.64529404,
4472501849,-15.77283828,
4473101809,-15.8253378,
4473701769,-15.94192748,
4474301729,-15.82472821,
4474901689,-16.25453613,
4475501649,-15.80601978,
4476101609,-16.0150264,
4476701569,-15.94277428,
4477301529,-16.3339745,
4477901489,-16.04708631,
4478501449,-15.85177717,
4479101409,-15.98832214,
4479701369,-16.22586317,
4480301329,-16.16639967,
4480901289,-15.96762725,
4481501249,-15.85791554,
4482101209,-16.12719719,
4482701169,-16.04192091,
4483301129,-16.15679539,
4483901089,-16.2440538,
4484501049,-16.21314338,
4485101009,-16.33308645,
4485700969,-16.46441451,
4486300929,-16.45169893,
4486900889,-16.26691246,
4487500849,-16.36158645,
4488100809,-16.52499263,
4488700769,-16.21048869,
4489300729,-16.49465993,
4489900689,-16.38069394,
4490500649,-16.37329496,
4491100609,-16.49016867,
4491700569,-16.10982239,
4492300529,-16.34610916,
4492900489,-16.16768727,
4493500449,-16.26099851,
4494100409,-16.13620205,
4494700369,-16.51686465,
4495300329,-16.35009503,
4495900289,-16.31574545,
4496500249,-16.51566872,
4497100209,-16.32698712,
4497700169,-16.27948062,
4498300129,-16.48048788,
4498900089,-16.50008529,
4499500049,-16.42156576,
4500100009,-16.51584542,
4500699969,-16.4585334,
4501299929,-16.46728116,
4501899889,-16.37175956,
4502499849,-16.60373698,
4503099809,-16.62092948,
4503699769,-16.56809608,
4504299729,-16.48915157,
4504899689,-16.50903223,
4505499649,-16.47828065,
4506099609,-16.67885061,
4506699569,-16.70367245,
4507299529,-16.46846422,
4507899489,-16.69655879,
4508499449,-16.63414653,
4509099409,-16.54264061,
4509699369,-16.67184565,
4510299329,-16.50519216,
4510899289,-16.64029827,
4511499249,-16.51522273,
4512099209,-16.78200781,
4512699169,-16.5878982,
4513299129,-16.63452646,
4513899089,-16.72159219,
4514499049,-16.71119694,
4515099009,-16.70479027,
4515698969,-16.58798877,
4516298929,-16.62852889,
4516898889,-16.598704,
4517498849,-16.75772728,
4518098809,-16.74269315,
4518698769,-16.2549417,
4519298729,-16.74917621,
4519898689,-16.61321888,
4520498649,-16.69317402,
4521098609,-16.8329727,
4521698569,-16.62434049,
4522298529,-16.58353694,
4522898489,-16.65538014,
4523498449,-16.86307704,
4524098409,-16.77203448,
4524698369,-16.69098147,
4525298329,-16.91232968,
4525898289,-16.50344789,
4526498249,-16.73893107,
4527098209,-16.67904167,
4527698169,-16.78002458,
4528298129,-16.67027582,
4528898089,-16.74826741,
4529498049,-16.57907847,
4530098009,-16.77325917,
4530697969,-16.78359976,
4531297929,-16.68136322,
4531897889,-16.70558821,
4532497849,-16.5398739,
4533097809,-16.58856256,
4533697769,-16.9475841,
4534297729,-16.76403964,
4534897689,-16.86884402,
4535497649,-16.74637152,
4536097609,-16.75668225,
4536697569,-16.87572896,
4537297529,-16.68414002,
4537897489,-16.69815098,
4538497449,-16.7020941,
4539097409,-16.77491626,
4539697369,-16.70550793,
4540297329,-16.62581366,
4540897289,-16.79098172,
4541497249,-16.91982966,
4542097209,-16.52285516,
4542697169,-16.61140886,
4543297129,-16.63655841,
4543897089,-16.6031076,
4544497049,-16.52887322,
4545097009,-16.56986223,
4545696969,-16.55592287,
4546296929,-16.56417317,
4546896889,-16.53028903,
4547496849,-16.64267031,
4548096809,-16.40132084,
4548696769,-16.62945296,
4549296729,-16.52138615,
4549896689,-16.71605213,
4550496649,-16.74114226,
4551096609,-16.45045548,
4551696569,-16.75900841,
4552296529,-16.65497637,
4552896489,-16.65822507,
4553496449,-16.56125967,
4554096409,-16.65225234,
4554696369,-16.61469345,
4555296329,-16.58121758,
4555896289,-16.43383497,
4556496249,-16.6042088,
4557096209,-16.25962594,
4557696169,-16.54096246,
4558296129,-16.7142396,
4558896089,-16.05966883,
4559496049,-16.38302861,
4560096009,-16.50833853,
4560695969,-16.67711048,
4561295929,-16.49004799,
4561895889,-16.55886446,
4562495849,-16.61988853,
4563095809,-16.72879547,
4563695769,-16.55962589,
4564295729,-16.41713318,
4564895689,-16.32270521,
4565495649,-16.71694885,
4566095609,-16.42091214,
4566695569,-16.29624879,
4567295529,-16.26968288,
4567895489,-16.32968006,
4568495449,-16.6863591,
4569095409,-16.62183129,
4569695369,-16.62652747,
4570295329,-16.68701423,
4570895289,-16.52495106,
4571495249,-16.45295428,
4572095209,-16.66583677,
4572695169,-16.23957171,
4573295129,-16.1432814,
4573895089,-16.21310063,
4574495049,-16.47889701,
4575095009,-16.35096714,
4575694969,-16.18718931,
4576294929,-16.50813939,
4576894889,-16.38985467,
4577494849,-16.44858063,
4578094809,-16.49704729,
4578694769,-16.47461705,
4579294729,-16.36929541,
4579894689,-16.31577993,
4580494649,-16.1588334,
4581094609,-16.40727842,
4581694569,-16.43801173,
4582294529,-16.57384866,
4582894489,-16.19556654,
4583494449,-16.17179724,
4584094409,-16.41569361,
4584694369,-16.22909413,
4585294329,-16.09586662,
4585894289,-16.31879099,
4586494249,-16.19002077,
4587094209,-16.27734542,
4587694169,-16.32960538,
4588294129,-16.26628912,
4588894089,-16.3521802,
4589494049,-16.50863098,
4590094009,-16.30756218,
4590693969,-16.3542739,
4591293929,-16.2506625,
4591893889,-16.26340859,
4592493849,-16.42551006,
4593093809,-16.42624354,
4593693769,-16.26985305,
4594293729,-16.27652745,
4594893689,-16.31110845,
4595493649,-16.23934681,
4596093609,-16.22951961,
4596693569,-16.272139,
4597293529,-16.33973203,
4597893489,-16.17399514,
4598493449,-16.44701339,
4599093409,-16.35424838,
4599693369,-16.22334316,
4600293329,-16.21550137,
4600893289,-16.18537574,
4601493249,-16.19889517,
4602093209,-16.28939353,
4602693169,-16.37948486,
4603293129,-16.28282255,
4603893089,-16.43571,
4604493049,-16.32911805,
4605093009,-16.33678934,
4605692969,-16.13839482,
4606292929,-16.15527227,
4606892889,-16.38913514,
4607492849,-16.38097847,
4608092809,-16.29839181,
4608692769,-16.2642052,
4609292729,-16.15964308,
4609892689,-16.38766243,
4610492649,-16.19921481,
4611092609,-16.17516758,
4611692569,-16.32804758,
4612292529,-16.2031806,
4612892489,-16.05686037,
4613492449,-16.42412145,
4614092409,-16.18175416,
4614692369,-16.20673427,
4615292329,-16.20378553,
4615892289,-16.16430032,
4616492248,-16.17706774,
4617092208,-16.25621177,
4617692168,-16.35424941,
4618292128,-16.26577502,
4618892088,-16.25984473,
4619492048,-16.21891213,
4620092008,-16.41679178,
4620691968,-16.23287609,
4621291928,-16.33834036,
4621891888,-16.22538706,
4622491848,-16.30951172,
4623091808,-16.06430939,
4623691768,-15.9956456,
4624291728,-16.04844232,
4624891688,-16.37723636,
4625491648,-16.23820085,
4626091608,-16.36227272,
4626691568,-16.15044345,
4627291528,-16.18324699,
4627891488,-16.23927084,
4628491448,-16.18191736,
4629091408,-16.37572128,
4629691368,-16.24464223,
4630291328,-16.10575574,
4630891288,-16.27614667,
4631491248,-16.29984327,
4632091208,-16.33170675,
4632691168,-16.39190641,
4633291128,-16.0324836,
4633891088,-16.05727487,
4634491048,-16.28756398,
4635091008,-16.07642676,
4635690968,-16.22943754,
4636290928,-16.24130013,
4636890888,-15.92957294,
4637490848,-15.85115136,
4638090808,-16.3413247,
4638690768,-16.10703193,
4639290728,-16.04869706,
4639890688,-16.1855525,
4640490648,-16.04386309,
4641090608,-16.05551793,
4641690568,-16.16888399,
4642290528,-16.14807923,
4642890488,-16.08192789,
4643490448,-16.17786835,
4644090408,-16.13205551,
4644690368,-16.04987292,
4645290328,-16.11838092,
4645890288,-16.30264417,
4646490248,-15.82715955,
4647090208,-16.15340981,
4647690168,-16.04370035,
4648290128,-15.94119089,
4648890088,-15.90162525,
4649490048,-16.00360583,
4650090008,-16.05781502,
4650689968,-16.26505829,
4651289928,-16.19217895,
4651889888,-15.91453496,
4652489848,-16.15783852,
4653089808,-16.1510193,
4653689768,-16.15122133,
4654289728,-16.19418152,
4654889688,-15.98647094,
4655489648,-15.86439167,
4656089608,-16.11953839,
4656689568,-15.96079747,
4657289528,-16.39160775,
4657889488,-16.0770028,
4658489448,-15.90977026,
4659089408,-16.09417791,
4659689368,-16.21200124,
4660289328,-16.06581107,
4660889288,-16.01128723,
4661489248,-16.16937094,
4662089208,-16.15615865,
4662689168,-16.23669607,
4663289128,-16.10423071,
4663889088,-16.36318657,
4664489048,-15.76719928,
4665089008,-15.93957509,
4665688968,-16.04245506,
4666288928,-16.12673783,
4666888888,-16.10902451,
4667488848,-16.01679481,
4668088808,-16.12072855,
4668688768,-15.99078494,
4669288728,-16.17506586,
4669888688,-15.8079114,
4670488648,-16.18501931,
4671088608,-16.1020169,
4671688568,-16.05716342,
4672288528,-16.20843929,
4672888488,-16.35755998,
4673488448,-15.92139758,
4674088408,-15.68468455,
4674688368,-15.91123376,
4675288328,-15.77251819,
4675888288,-15.95172508,
4676488248,-15.94088047,
4677088208,-15.95085464,
4677688168,-15.71837609,
4678288128,-15.68766541,
4678888088,-16.01419344,
4679488048,-16.03700847,
4680088008,-16.00677135,
4680687968,-15.86837425,
4681287928,-15.91828577,
4681887888,-16.14639162,
4682487848,-15.95313163,
4683087808,-15.88810588,
4683687768,-16.14875582,
4684287728,-16.05015768,
4684887688,-16.08168233,
4685487648,-15.91839687,
4686087608,-16.23223537,
4686687568,-16.21301739,
4687287528,-16.22375699,
4687887488,-16.05617243,
4688487448,-15.87761006,
4689087408,-15.66272063,
4689687368,-15.94108006,
4690287328,-15.87858738,
4690887288,-16.04827088,
4691487248,-15.88169388,
4692087208,-15.98061514,
4692687168,-16.1512492,
4693287128,-15.83440483,
4693887088,-16.08932443,
4694487048,-15.78543569,
4695087008,-16.16026851,
4695686968,-16.00247235,
4696286928,-16.00655555,
4696886888,-15.769822,
4697486848,-15.92989191,
4698086808,-16.21894041,
4698686768,-16.19627843,
4699286728,-16.06488568,
4699886688,-15.98005654,
4700486648,-16.15994683,
4701086608,-16.12703789,
4701686568,-15.95306664,
4702286528,-16.17165726,
4702886488,-16.06568151,
4703486448,-15.87663037,
4704086408,-16.08095534,
4704686368,-16.00764711,
4705286328,-16.26874438,
4705886288,-15.97295534,
4706486248,-16.18708749,
4707086208,-15.96030733,
4707686168,-15.72111365,
4708286128,-16.19662303,
4708886088,-16.10337629,
4709486048,-15.84359898,
4710086008,-15.95665166,
4710685968,-16.42762442,
4711285928,-16.19971184,
4711885888,-16.13633209,
4712485848,-16.02228533,
4713085808,-16.34775339,
4713685768,-16.50421055,
4714285728,-16.10688693,
4714885688,-16.03856971,
4715485648,-16.16153923,
4716085608,-16.11312812,
4716685568,-16.14296878,
4717285528,-16.00834779,
4717885488,-16.14300253,
4718485448,-16.25103706,
4719085408,-16.18952042,
4719685368,-16.10958162,
4720285328,-16.20114963,
4720885288,-16.26908056,
4721485248,-16.29432966,
4722085208,-16.08735428,
4722685168,-16.18375104,
4723285128,-16.51007943,
4723885088,-16.13735667,
4724485048,-16.25154547,
4725085008,-16.26871829,
4725684968,-16.38803686,
4726284928,-16.35690386,
4726884888,-16.3564636,
4727484848,-16.35442167,
4728084808,-16.27714664,
4728684768,-16.42056837,
4729284728,-16.41596866,
4729884688,-16.30595636,
4730484648,-16.49412143,
4731084608,-16.5129782,
4731684568,-16.49766843,
4732284528,-16.70973897,
4732884488,-16.52540977,
4733484448,-16.53522324,
4734084408,-16.54436894,
4734684368,-16.6320576,
4735284328,-16.58261501,
4735884288,-16.62539837,
4736484248,-16.59867884,
4737084208,-16.48862804,
4737684168,-16.5543199,
4738284128,-16.8152942,
4738884088,-16.74005084,
4739484048,-16.75288048,
4740084008,-16.91862354,
4740683968,-16.71646162,
4741283928,-16.85133877,
4741883888,-16.95368296,
4742483848,-16.84142568,
4743083808,-16.94778204,
4743683768,-16.80975886,
4744283728,-17.07017579,
4744883688,-17.28088889,
4745483648,-17.07427658,
4746083608,-16.71908001,
4746683568,-16.98957874,
4747283528,-16.97265645,
4747883488,-17.01403039,
4748483448,-16.91702416,
4749083408,-17.38223671,
4749683368,-17.24700159,
4750283328,-16.81260222,
4750883288,-17.11461126,
4751483248,-17.12583942,
4752083208,-17.05947025,
4752683168,-17.11884854,
4753283128,-17.37146413,
4753883088,-17.05838318,
4754483048,-17.21863878,
4755083008,-17.25435157,
4755682968,-17.74381593,
4756282928,-17.61011763,
4756882888,-17.42263192,
4757482848,-17.11935189,
4758082808,-17.29353989,
4758682768,-17.64688737,
4759282728,-17.40855252,
4759882688,-17.03713454,
4760482648,-17.1668027,
4761082608,-17.62889499,
4761682568,-17.44480903,
4762282528,-17.36471504,
4762882488,-17.43745975,
4763482448,-17.45353326,
4764082408,-17.3577532,
4764682368,-17.5530578,
4765282328,-17.59290737,
4765882288,-17.19473007,
4766482248,-17.73274032,
4767082208,-17.41597892,
4767682168,-17.94112985,
4768282128,-17.85430096,
4768882088,-17.738337,
4769482048,-17.91334969,
4770082008,-17.35805907,
4770681967,-17.37701702,
4771281927,-17.53423003,
4771881887,-17.47309873,
4772481847,-17.6400964,
4773081807,-17.74910242,
4773681767,-18.23730927,
4774281727,-17.76237959,
4774881687,-18.03601873,
4775481647,-17.71378172,
4776081607,-17.88826885,
4776681567,-18.01317409,
4777281527,-18.08505506,
4777881487,-17.9459556,
4778481447,-17.72823631,
4779081407,-17.95064647,
4779681367,-18.39036411,
4780281327,-17.8227371,
4780881287,-18.25796329,
4781481247,-17.99179142,
4782081207,-18.21032533,
4782681167,-17.28650905,
4783281127,-17.73580393,
4783881087,-17.90819693,
4784481047,-18.17390663,
4785081007,-18.1140159,
4785680967,-18.27795432,
4786280927,-17.97321733,
4786880887,-17.85371738,
4787480847,-18.62851389,
4788080807,-17.81968058,
4788680767,-17.98653751,
4789280727,-18.53653487,
4789880687,-18.62473484,
4790480647,-18.03057573,
4791080607,-18.77655092,
4791680567,-17.97448328,
4792280527,-18.62632248,
4792880487,-18.81372707,
4793480447,-18.32181921,
4794080407,-18.02988782,
4794680367,-18.41400689,
4795280327,-18.51474843,
4795880287,-18.8705654,
4796480247,-18.77858116,
4797080207,-18.41647824,
4797680167,-18.45738923,
4798280127,-18.43688451,
4798880087,-18.98916199,
4799480047,-19.0960673,
4800080007,-18.50864954,
4800679967,-18.42808546,
4801279927,-18.75707787,
4801879887,-18.88315801,
4802479847,-18.52614307,
4803079807,-19.15150667,
4803679767,-18.97460748,
4804279727,-18.91536683,
4804879687,-19.18466034,
4805479647,-18.94958465,
4806079607,-18.34174458,
4806679567,-18.87437655,
4807279527,-19.18659222,
4807879487,-18.94806087,
4808479447,-19.12873296,
4809079407,-18.8116294,
4809679367,-18.6643771,
4810279327,-19.15317634,
4810879287,-19.41539618,
4811479247,-19.40171883,
4812079207,-19.10107282,
4812679167,-18.87107058,
4813279127,-19.72933504,
4813879087,-19.16434051,
4814479047,-18.77652283,
4815079007,-19.64480962,
4815678967,-19.24876657,
4816278927,-18.94910626,
4816878887,-19.48096977,
4817478847,-19.89170227,
4818078807,-19.50985813,
4818678767,-19.41677756,
4819278727,-19.08646276,
4819878687,-19.39503697,
4820478647,-19.58059376,
4821078607,-20.18480501,
4821678567,-19.87046742,
4822278527,-19.70787318,
4822878487,-20.00679675,
4823478447,-19.52103827,
4824078407,-19.50867187,
4824678367,-20.14102493,
4825278327,-19.66192995,
4825878287,-19.96626761,
4826478247,-20.18336719,
4827078207,-19.96868898,
4827678167,-20.33792346,
4828278127,-20.33706585,
4828878087,-19.84643767,
4829478047,-19.96380789,
4830078007,-19.96678668,
4830677967,-19.90990515,
4831277927,-20.69276569,
4831877887,-20.01873963,
4832477847,-20.43499131,
4833077807,-20.32953628,
4833677767,-19.91468604,
4834277727,-19.98394917,
4834877687,-20.65961335,
4835477647,-20.65678327,
4836077607,-20.46921102,
4836677567,-20.0773104,
4837277527,-20.47107729,
4837877487,-20.36313936,
4838477447,-20.16122607,
4839077407,-20.45182864,
4839677367,-20.28627417,
4840277327,-20.20403899,
4840877287,-20.38572453,
4841477247,-20.64308592,
4842077207,-20.63715299,
4842677167,-20.45251572,
4843277127,-20.35717164,
4843877087,-20.42098083,
4844477047,-20.32333786,
4845077007,-20.07956023,
4845676967,-20.76002141,
4846276927,-20.41663728,
4846876887,-20.19661519,
4847476847,-20.51072932,
4848076807,-20.66258522,
4848676767,-20.47454713,
4849276727,-20.43241332,
4849876687,-20.37185077,
4850476647,-20.68244617,
4851076607,-20.85474215,
4851676567,-20.08935498,
4852276527,-20.92839451,
4852876487,-20.92822543,
4853476447,-20.46751278,
4854076407,-20.67326324,
4854676367,-20.9946451,
4855276327,-20.58763998,
4855876287,-20.21807045,
4856476247,-19.95084875,
4857076207,-20.72201387,
4857676167,-20.35342697,
4858276127,-20.71650747,
4858876087,-20.35099895,
4859476047,-20.52081586,
4860076007,-21.03294488,
4860675967,-20.56438505,
4861275927,-20.19740078,
4861875887,-20.68564754,
4862475847,-20.74482387,
4863075807,-20.49276768,
4863675767,-20.27115966,
4864275727,-20.58004056,
4864875687,-20.45371594,
4865475647,-20.98522695,
4866075607,-20.73045055,
4866675567,-20.42596958,
4867275527,-20.75400516,
4867875487,-20.61530731,
4868475447,-21.14957088,
4869075407,-20.57008606,
4869675367,-21.13586034,
4870275327,-20.90457016,
4870875287,-20.66370451,
4871475247,-20.92158603,
4872075207,-20.3824346,
4872675167,-20.67553014,
4873275127,-20.11472682,
4873875087,-20.83553753,
4874475047,-21.08126877,
4875075007,-20.8584828,
4875674967,-20.29243844,
4876274927,-20.35568758,
4876874887,-20.8658894,
4877474847,-20.52985848,
4878074807,-20.70057024,
4878674767,-20.88144358,
4879274727,-21.09481046,
4879874687,-20.52787043,
4880474647,-20.2311992,
4881074607,-20.71413449,
4881674567,-20.94932989,
4882274527,-21.31549619,
4882874487,-20.86855334,
4883474447,-21.19926407,
4884074407,-20.43777573,
4884674367,-21.01584921,
4885274327,-20.57079187,
4885874287,-20.84378685,
4886474247,-20.33738557,
4887074207,-21.13859278,
4887674167,-21.16555017,
4888274127,-20.81576672,
4888874087,-21.22497172,
4889474047,-20.83491237,
4890074007,-20.88664455,
4890673967,-20.9637127,
4891273927,-21.2646279,
4891873887,-20.88384271,
4892473847,-20.65720942,
4893073807,-21.01845563,
4893673767,-20.81604755,
4894273727,-21.66227603,
4894873687,-21.06157809,
4895473647,-20.92526347,
4896073607,-21.06641384,
4896673567,-20.95986915,
4897273527,-20.77583887,
4897873487,-20.53345955,
4898473447,-20.87677808,
4899073407,-21.33996924,
4899673367,-21.08540531,
4900273327,-20.42757595,
4900873287,-20.97597139,
4901473247,-20.96643317,
4902073207,-20.50458686,
4902673167,-20.98448218,
4903273127,-20.49343482,
4903873087,-20.56429699,
4904473047,-21.13309173,
4905073007,-21.07320731,
4905672967,-20.85737281,
4906272927,-21.10170291,
4906872887,-20.54619313,
4907472847,-20.6723691,
4908072807,-20.26552428,
4908672767,-21.0326232,
4909272727,-20.65471443,
4909872687,-21.30318928,
4910472647,-20.65432793,
4911072607,-20.24780445,
4911672567,-21.12023144,
4912272527,-20.81927621,
4912872487,-20.89958952,
4913472447,-21.09820291,
4914072407,-20.81860523,
4914672367,-20.93384973,
4915272327,-20.66905473,
4915872287,-20.620014,
4916472247,-20.67645712,
4917072207,-20.74432636,
4917672167,-21.10091174,
4918272127,-20.94581659,
4918872087,-20.48235196,
4919472047,-21.33107764,
4920072007,-20.84245113,
4920671967,-21.33250161,
4921271927,-20.36724131,
4921871887,-21.27029517,
4922471847,-20.72437981,
4923071807,-20.17279544,
4923671767,-20.54844035,
4924271726,-20.51970401,
4924871686,-20.7413822,
4925471646,-20.43227996,
4926071606,-20.91382318,
4926671566,-20.39978765,
4927271526,-20.20767995,
4927871486,-20.75952876,
4928471446,-20.77355784,
4929071406,-20.12247953,
4929671366,-20.74274874,
4930271326,-20.6741494,
4930871286,-20.89345273,
4931471246,-20.70625891,
4932071206,-20.5986914,
4932671166,-20.3601877,
4933271126,-20.53348546,
4933871086,-20.64107628,
4934471046,-20.73257475,
4935071006,-20.59062334,
4935670966,-20.43691171,
4936270926,-20.60882441,
4936870886,-20.91415685,
4937470846,-20.51021116,
4938070806,-20.52590562,
4938670766,-20.26147851,
4939270726,-20.56143556,
4939870686,-20.80943707,
4940470646,-20.63161941,
4941070606,-20.40037793,
4941670566,-20.67323486,
4942270526,-20.02113694,
4942870486,-20.09845003,
4943470446,-20.44959492,
4944070406,-20.10735626,
4944670366,-20.01272883,
4945270326,-19.72537044,
4945870286,-20.32120852,
4946470246,-20.44136936,
4947070206,-20.11235815,
4947670166,-20.29295605,
4948270126,-20.18236918,
4948870086,-19.97851156,
4949470046,-19.7728914,
4950070006,-20.3481643,
4950669966,-19.98561425,
4951269926,-19.44181272,
4951869886,-19.84534421,
4952469846,-19.15181434,
4953069806,-19.64403693,
4953669766,-19.33837936,
4954269726,-19.36414445,
4954869686,-19.17549252,
4955469646,-19.9586398,
4956069606,-19.52682129,
4956669566,-19.64932266,
4957269526,-18.73514221,
4957869486,-19.11458325,
4958469446,-19.62778518,
4959069406,-19.23267978,
4959669366,-18.83435539,
4960269326,-18.92377283,
4960869286,-19.14525234,
4961469246,-18.92135908,
4962069206,-19.28603452,
4962669166,-18.94611923,
4963269126,-19.25685472,
4963869086,-19.10743985,
4964469046,-18.7172726,
4965069006,-18.62844354,
4965668966,-19.11304522,
4966268926,-18.94360674,
4966868886,-18.90855198,
4967468846,-18.90420722,
4968068806,-18.85615549,
4968668766,-19.03469884,
4969268726,-18.91032889,
4969868686,-18.74454942,
4970468646,-18.64616389,
4971068606,-18.81635109,
4971668566,-18.5147105,
4972268526,-18.48336361,
4972868486,-18.52809493,
4973468446,-18.56657094,
4974068406,-18.62086257,
4974668366,-18.07608491,
4975268326,-18.82628796,
4975868286,-18.46826849,
4976468246,-18.60842594,
4977068206,-18.44856914,
4977668166,-18.15130788,
4978268126,-18.41318192,
4978868086,-18.33162614,
4979468046,-18.29907047,
4980068006,-18.54723957,
4980667966,-18.64115846,
4981267926,-18.50356392,
4981867886,-18.70490285,
4982467846,-17.95356006,
4983067806,-18.32080254,
4983667766,-18.48432694,
4984267726,-18.07815188,
4984867686,-17.90299237,
4985467646,-18.13684821,
4986067606,-18.8833483,
4986667566,-18.63187394,
4987267526,-18.49095573,
4987867486,-18.03123748,
4988467446,-17.8622716,
4989067406,-18.21720596,
4989667366,-18.12114551,
4990267326,-18.39070595,
4990867286,-17.75684815,
4991467246,-18.04185128,
4992067206,-18.39199831,
4992667166,-18.39588384,
4993267126,-17.94527453,
4993867086,-18.25190835,
4994467046,-18.57420918,
4995067006,-18.04675844,
4995666966,-17.57707737,
4996266926,-17.76534269,
4996866886,-18.21120811,
4997466846,-17.93822186,
4998066806,-18.34192462,
4998666766,-17.97700151,
4999266726,-18.59472487,
4999866686,-18.10034124,
5000466646,-18.08597324,
5001066606,-17.87015789,
5001666566,-18.3070033,
5002266526,-18.23829049,
5002866486,-18.19605787,
5003466446,-18.18118734,
5004066406,-17.75865994,
5004666366,-18.01717155,
5005266326,-18.26993964,
5005866286,-17.81546781,
5006466246,-18.04253071,
5007066206,-17.89276372,
5007666166,-18.34645415,
5008266126,-18.85319779,
5008866086,-18.11117164,
5009466046,-17.97723902,
5010066006,-18.95877014,
5010665966,-18.02513572,
5011265926,-18.24066583,
5011865886,-18.13995293,
5012465846,-18.36098809,
5013065806,-18.64309639,
5013665766,-18.52507939,
5014265726,-18.08725623,
5014865686,-18.51408103,
5015465646,-18.48992098,
5016065606,-18.20712109,
5016665566,-18.75389519,
5017265526,-17.95848888,
5017865486,-18.38648555,
5018465446,-18.2792185,
5019065406,-18.47385542,
5019665366,-18.70015426,
5020265326,-18.45306478,
5020865286,-18.21671257,
5021465246,-18.78097419,
5022065206,-18.85020749,
5022665166,-18.57708653,
5023265126,-18.55505705,
5023865086,-18.74678528,
5024465046,-18.5958193,
5025065006,-19.14558528,
5025664966,-18.73928105,
5026264926,-18.75465915,
5026864886,-18.52066173,
5027464846,-19.0666093,
5028064806,-18.6547401,
5028664766,-18.76051503,
5029264726,-18.94617547,
5029864686,-18.85241426,
5030464646,-19.48895657,
5031064606,-19.17353859,
5031664566,-19.09943312,
5032264526,-19.08705595,
5032864486,-19.12216646,
5033464446,-19.18424605,
5034064406,-19.41420954,
5034664366,-19.61154261,
5035264326,-19.76988507,
5035864286,-19.44823041,
5036464246,-19.52828745,
5037064206,-19.96565345,
5037664166,-20.11272182,
5038264126,-20.21164063,
5038864086,-20.39144341,
5039464046,-20.52923597,
5040064006,-20.16630401,
5040663966,-19.91994305,
5041263926,-20.45129226,
5041863886,-20.55355012,
5042463846,-19.76004711,
5043063806,-19.90515385,
5043663766,-20.61891099,
5044263726,-19.88007552,
5044863686,-20.04157102,
5045463646,-20.60884895,
5046063606,-20.02732231,
5046663566,-20.4888776,
5047263526,-20.84966485,
5047863486,-20.02702366,
5048463446,-20.13239462,
5049063406,-20.28569879,
5049663366,-20.37952615,
5050263326,-21.0681339,
5050863286,-20.70289985,
5051463246,-20.6683955,
5052063206,-20.36874013,
5052663166,-20.17354366,
5053263126,-20.12970073,
5053863086,-20.72031542,
5054463046,-21.84477137,
5055063006,-20.81093753,
5055662966,-20.64988163,
5056262926,-20.99967848,
5056862886,-21.13114108,
5057462846,-20.94803646,
5058062806,-20.70428421,
5058662766,-20.66683364,
5059262726,-20.16205684,
5059862686,-20.73009151,
5060462646,-20.67836357,
5061062606,-21.06910607,
5061662566,-21.21512372,
5062262526,-20.55943959,
5062862486,-21.0307656,
5063462446,-21.01431707,
5064062406,-21.14981092,
5064662366,-21.43468726,
5065262326,-21.12097342,
5065862286,-20.90486419,
5066462246,-20.89001038,
5067062206,-20.47229121,
5067662166,-21.25238478,
5068262126,-21.04982969,
5068862086,-20.90353207,
5069462046,-21.03597276,
5070062006,-21.0201175,
5070661966,-20.82028519,
5071261926,-21.09021383,
5071861886,-21.00588286,
5072461846,-21.11426401,
5073061806,-20.87177087,
5073661766,-20.78743879,
5074261726,-20.9909795,
5074861686,-21.1078009,
5075461646,-21.16184841,
5076061606,-21.4209906,
5076661566,-21.01240812,
5077261526,-21.06138147,
5077861485,-21.49847016,
5078461445,-21.37595631,
5079061405,-21.25545051,
5079661365,-21.3080334,
5080261325,-21.55463148,
5080861285,-21.2776024,
5081461245,-21.54996948,
5082061205,-21.53078593,
5082661165,-21.50532358,
5083261125,-21.48989608,
5083861085,-21.43352307,
5084461045,-21.83532626,
5085061005,-21.62441094,
5085660965,-21.76036695,
5086260925,-21.88731944,
5086860885,-21.66374678,
5087460845,-21.85829015,
5088060805,-21.96062676,
5088660765,-21.65108043,
5089260725,-21.81162923,
5089860685,-21.83502639,
5090460645,-21.7419512,
5091060605,-21.94040278,
5091660565,-22.07161374,
5092260525,-22.04207212,
5092860485,-21.89165632,
5093460445,-22.2571559,
5094060405,-21.82553925,
5094660365,-22.09331587,
5095260325,-22.29023961,
5095860285,-21.9208422,
5096460245,-22.49209375,
5097060205,-22.4532744,
5097660165,-21.98407167,
5098260125,-22.24631954,
5098860085,-22.1980664,
5099460045,-22.37788159,
5100060005,-22.32431677,
5100659965,-22.35739261,
5101259925,-22.29132634,
5101859885,-22.32821089,
5102459845,-22.62051968,
5103059805,-22.64442279,
5103659765,-22.8193403,
5104259725,-22.66189816,
5104859685,-22.33671355,
5105459645,-22.72999471,
5106059605,-22.32276307,
5106659565,-23.00369974,
5107259525,-22.7143881,
5107859485,-22.92716943,
5108459445,-22.85348731,
5109059405,-22.33836187,
5109659365,-22.91635505,
5110259325,-22.60561716,
5110859285,-23.41892112,
5111459245,-23.55917181,
5112059205,-22.56697474,
5112659165,-23.40428893,
5113259125,-22.99251726,
5113859085,-23.17708904,
5114459045,-22.74204031,
5115059005,-22.91106959,
5115658965,-22.82063078,
5116258925,-22.64851609,
5116858885,-22.32137046,
5117458845,-23.44688897,
5118058805,-23.29503487,
5118658765,-23.01850898,
5119258725,-23.56968932,
5119858685,-23.26696011,
5120458645,-22.89600039,
5121058605,-22.85165099,
5121658565,-23.64548399,
5122258525,-23.2194791,
5122858485,-23.53982874,
5123458445,-23.70918029,
5124058405,-23.67877783,
5124658365,-22.63864055,
5125258325,-23.50235463,
5125858285,-23.45205115,
5126458245,-23.57512674,
5127058205,-22.8443123,
5127658165,-23.50988174,
5128258125,-23.31379071,
5128858085,-23.16834018,
5129458045,-22.71296862,
5130058005,-23.61768299,
5130657965,-24.06123351,
5131257925,-22.82771212,
5131857885,-24.25631139,
5132457845,-23.13295438,
5133057805,-23.58032572,
5133657765,-23.73425937,
5134257725,-23.72476148,
5134857685,-22.93529986,
5135457645,-23.44878296,
5136057605,-23.06603869,
5136657565,-23.48671849,
5137257525,-24.14686482,
5137857485,-23.98078005,
5138457445,-23.52167069,
5139057405,-23.74458307,
5139657365,-23.88521604,
5140257325,-23.17086181,
5140857285,-23.59693433,
5141457245,-23.07758113,
5142057205,-23.97336764,
5142657165,-23.20094157,
5143257125,-23.7516793,
5143857085,-22.84054689,
5144457045,-24.22025809,
5145057005,-24.01496503,
5145656965,-23.6317604,
5146256925,-23.36083793,
5146856885,-24.02631318,
5147456845,-23.9649319,
5148056805,-23.95515362,
5148656765,-23.78292655,
5149256725,-23.81803799,
5149856685,-23.53100097,
5150456645,-23.97497189,
5151056605,-24.30497835,
5151656565,-23.81410749,
5152256525,-23.63272616,
5152856485,-24.56895152,
5153456445,-23.90709038,
5154056405,-24.20254962,
5154656365,-23.64246143,
5155256325,-23.45761473,
5155856285,-22.97522643,
5156456245,-24.55482398,
5157056205,-23.6548793,
5157656165,-24.38484729,
5158256125,-23.43694738,
5158856085,-23.82947972,
5159456045,-24.061391,
5160056005,-23.66535902,
5160655965,-24.33156699,
5161255925,-23.74868004,
5161855885,-24.13273771,
5162455845,-23.62989028,
5163055805,-23.76192259,
5163655765,-23.23386687,
5164255725,-23.69562621,
5164855685,-23.10246572,
5165455645,-23.94571885,
5166055605,-23.47795309,
5166655565,-23.98438572,
5167255525,-23.65029433,
5167855485,-23.75743705,
5168455445,-24.33545182,
5169055405,-23.79702949,
5169655365,-23.3118025,
5170255325,-23.7935835,
5170855285,-23.34215554,
5171455245,-23.30580432,
5172055205,-23.73931093,
5172655165,-24.35662677,
5173255125,-23.73499829,
5173855085,-23.83684693,
5174455045,-23.81807448,
5175055005,-23.74879635,
5175654965,-24.02099222,
5176254925,-23.36814726,
5176854885,-23.95809163,
5177454845,-23.79037415,
5178054805,-23.93500747,
5178654765,-24.11243742,
5179254725,-23.8667885,
5179854685,-24.33125902,
5180454645,-23.37394972,
5181054605,-23.51020815,
5181654565,-24.06903646,
5182254525,-23.23087418,
5182854485,-23.7815657,
5183454445,-22.95955184,
5184054405,-23.64539655,
5184654365,-24.03661984,
5185254325,-23.65908967,
5185854285,-24.09950064,
5186454245,-23.97936864,
5187054205,-24.05981594,
5187654165,-23.2400382,
5188254125,-23.25635465,
5188854085,-23.40348873,
5189454045,-23.53718048,
5190054005,-23.81730561,
5190653965,-23.86804248,
5191253925,-23.12589167,
5191853885,-23.55030475,
5192453845,-23.00218645,
5193053805,-24.05776125,
5193653765,-23.63744883,
5194253725,-23.9249389,
5194853685,-23.53970791,
5195453645,-24.00768927,
5196053605,-23.60472575,
5196653565,-23.42951103,
5197253525,-23.24209316,
5197853485,-23.77251378,
5198453445,-24.3443909,
5199053405,-22.60769431,
5199653365,-23.88786386,
5200253325,-23.76440385,
5200853285,-23.07687242,
5201453245,-24.0109057,
5202053205,-23.02910408,
5202653165,-23.3413475,
5203253125,-23.243129,
5203853085,-23.63331083,
5204453045,-23.39245056,
5205053005,-22.41653727,
5205652965,-23.1958333,
5206252925,-23.8062514,
5206852885,-23.60662804,
5207452845,-22.86904768,
5208052805,-23.67830896,
5208652765,-22.6402583,
5209252725,-22.913002,
5209852685,-23.38064033,
5210452645,-23.56884632,
5211052605,-22.86055613,
5211652565,-23.02384336,
5212252525,-22.85545557,
5212852485,-22.86024533,
5213452445,-22.64910949,
5214052405,-23.23380727,
5214652365,-22.87287384,
5215252325,-23.00869634,
5215852285,-22.51234975,
5216452245,-23.37390869,
5217052205,-23.33175473,
5217652165,-22.66248835,
5218252125,-22.53768692,
5218852085,-23.30161676,
5219452045,-22.92890436,
5220052005,-22.92275722,
5220651965,-22.77990861,
5221251925,-22.74226092,
5221851885,-23.02068787,
5222451845,-22.78320851,
5223051805,-22.07879781,
5223651765,-22.8722704,
5224251725,-22.59864793,
5224851685,-22.58077644,
5225451645,-22.23164617,
5226051605,-22.35483341,
5226651565,-22.70220898,
5227251525,-22.59519776,
5227851485,-22.49650093,
5228451445,-21.92856413,
5229051405,-22.53746156,
5229651365,-22.26365526,
5230251325,-22.16629287,
5230851285,-22.63820388,
5231451244,-21.82519038,
5232051204,-22.08361247,
5232651164,-21.93251993,
5233251124,-22.23033869,
5233851084,-21.58976177,
5234451044,-22.15983866,
5235051004,-22.13839938,
5235650964,-22.18422929,
5236250924,-22.21487269,
5236850884,-21.52661944,
5237450844,-21.90024736,
5238050804,-21.92104961,
5238650764,-22.13888325,
5239250724,-21.9890507,
5239850684,-21.15313267,
5240450644,-22.04650516,
5241050604,-21.87329203,
5241650564,-21.66891644,
5242250524,-21.77869952,
5242850484,-21.53879799,
5243450444,-21.80533586,
5244050404,-21.29798769,
5244650364,-21.26649196,
5245250324,-21.46825271,
5245850284,-21.69638445,
5246450244,-21.228474,
5247050204,-21.48940816,
5247650164,-21.11585072,
5248250124,-21.75327315,
5248850084,-21.28489776,
5249450044,-21.11730687,
5250050004,-21.16778176,
5250649964,-21.37935849,
5251249924,-21.36615727,
5251849884,-21.15338716,
5252449844,-20.9018357,
5253049804,-21.33077716,
5253649764,-21.16556128,
5254249724,-21.27773361,
5254849684,-20.91916529,
5255449644,-20.8393706,
5256049604,-21.02328184,
5256649564,-21.13070397,
5257249524,-20.66946624,
5257849484,-20.7784736,
5258449444,-20.65900621,
5259049404,-20.95432937,
5259649364,-20.88610107,
5260249324,-20.70678695,
5260849284,-20.79482767,
5261449244,-20.75538282,
5262049204,-20.68876658,
5262649164,-20.47547139,
5263249124,-20.68356413,
5263849084,-20.54390858,
5264449044,-20.77032842,
5265049004,-20.70967118,
5265648964,-20.55942151,
5266248924,-20.38293683,
5266848884,-20.3182789,
5267448844,-20.42499971,
5268048804,-20.40431104,
5268648764,-20.22884366,
5269248724,-20.10958284,
5269848684,-20.35788361,
5270448644,-20.4170311,
5271048604,-20.32760954,
5271648564,-20.22201546,
5272248524,-20.14923686,
5272848484,-20.32804737,
5273448444,-20.19356653,
5274048404,-20.08625367,
5274648364,-20.4105737,
5275248324,-20.44483076,
5275848284,-20.15999836,
5276448244,-20.49358657,
5277048204,-20.28583203,
5277648164,-20.49351742,
5278248124,-20.41199408,
5278848084,-20.87384694,
5279448044,-20.09338413,
5280048004,-20.39683927,
5280647964,-20.2558675,
5281247924,-19.99595953,
5281847884,-20.6358143,
5282447844,-20.72452841,
5283047804,-20.43623145,
5283647764,-20.38823587,
5284247724,-20.13868595,
5284847684,-20.03307349,
5285447644,-20.23614576,
5286047604,-20.40099542,
5286647564,-20.0785426,
5287247524,-20.5031826,
5287847484,-20.13842554,
5288447444,-20.53458386,
5289047404,-20.14357731,
5289647364,-20.3315933,
5290247324,-20.17558012,
5290847284,-19.75440824,
5291447244,-20.25658925,
5292047204,-20.00818998,
5292647164,-19.89983022,
5293247124,-20.28009234,
5293847084,-20.00844892,
5294447044,-20.18630762,
5295047004,-20.31422896,
5295646964,-19.83757826,
5296246924,-20.55762484,
5296846884,-20.0374553,
5297446844,-20.1190508,
5298046804,-20.73467752,
5298646764,-20.62014842,
5299246724,-19.92220621,
5299846684,-20.29280812,
5300446644,-20.41575996,
5301046604,-20.23239987,
5301646564,-20.11496555,
5302246524,-20.18947118,
5302846484,-19.71343685,
5303446444,-20.0161731,
5304046404,-20.59619188,
5304646364,-20.02393145,
5305246324,-20.06777588,
5305846284,-20.60423095,
5306446244,-20.29112274,
5307046204,-19.59020618,
5307646164,-20.73865361,
5308246124,-19.987532,
5308846084,-20.51721561,
5309446044,-20.30681334,
5310046004,-19.86817382,
5310645964,-20.04908027,
5311245924,-19.97680843,
5311845884,-20.66364574,
5312445844,-20.3071902,
5313045804,-20.06106636,
5313645764,-20.33999008,
5314245724,-20.06538613,
5314845684,-19.94919397,
5315445644,-20.23393124,
5316045604,-20.27913799,
5316645564,-20.26947972,
5317245524,-20.14545386,
5317845484,-20.4987845,
5318445444,-20.47461793,
5319045404,-20.11531617,
5319645364,-20.10312684,
5320245324,-19.93154253,
5320845284,-20.45175325,
5321445244,-20.24998741,
5322045204,-20.35174675,
5322645164,-20.48093593,
5323245124,-20.61787017,
5323845084,-19.97190624,
5324445044,-20.43336813,
5325045004,-20.27623609,
5325644964,-20.51585148,
5326244924,-20.55684275,
5326844884,-20.4066337,
5327444844,-20.34195685,
5328044804,-20.45170576,
5328644764,-20.59206795,
5329244724,-20.71260764,
5329844684,-20.62778469,
5330444644,-20.81831528,
5331044604,-20.8507482,
5331644564,-20.97160667,
5332244524,-20.87846909,
5332844484,-20.83049917,
5333444444,-20.62562577,
5334044404,-21.20951,
5334644364,-20.62103001,
5335244324,-20.79260503,
5335844284,-20.76036428,
5336444244,-20.90538448,
5337044204,-21.04284534,
5337644164,-21.10438674,
5338244124,-20.91751005,
5338844084,-21.22278198,
5339444044,-21.13064162,
5340044004,-21.18642325,
5340643964,-20.83118192,
5341243924,-21.32961655,
5341843884,-21.59318496,
5342443844,-21.20639412,
5343043804,-21.03520345,
5343643764,-20.88865009,
5344243724,-21.02430391,
5344843684,-21.33100341,
5345443644,-21.31552369,
5346043604,-21.5943383,
5346643564,-21.61378284,
5347243524,-21.94376168,
5347843484,-21.5979391,
5348443444,-21.78508602,
5349043404,-21.0253469,
5349643364,-21.83068755,
5350243324,-21.59894899,
5350843284,-21.7565579,
5351443244,-21.7480312,
5352043204,-21.83621273,
5352643164,-21.48704787,
5353243124,-21.53296275,
5353843084,-21.37185785,
5354443044,-21.78485758,
5355043004,-22.06032565,
5355642964,-21.81819857,
5356242924,-21.77890977,
5356842884,-22.16883419,
5357442844,-22.00227974,
5358042804,-21.89771812,
5358642764,-21.69150938,
5359242724,-21.77194321,
5359842684,-22.27199963,
5360442644,-22.5499682,
5361042604,-22.76475156,
5361642564,-22.56028338,
5362242524,-22.76957109,
5362842484,-22.22555743,
5363442444,-22.63206117,
5364042404,-22.66773102,
5364642364,-22.73147961,
5365242324,-22.66006765,
5365842284,-22.4866544,
5366442244,-22.11873475,
5367042204,-22.73306429,
5367642164,-22.46024236,
5368242124,-22.4948549,
5368842084,-23.1259824,
5369442044,-22.63911865,
5370042004,-22.54742644,
5370641964,-22.62418037,
5371241924,-22.67131586,
5371841884,-21.21132428,
5372441844,-22.29270097,
5373041804,-22.21760898,
5373641764,-22.81870161,
5374241724,-22.754127,
5374841684,-22.3107272,
5375441644,-22.65990203,
5376041604,-22.48384593,
5376641564,-22.18072537,
5377241524,-22.91107148,
5377841484,-22.60896375,
5378441444,-23.76412373,
5379041404,-22.87414129,
5379641364,-22.77921476,
5380241324,-23.24749142,
5380841284,-23.26411455,
5381441244,-22.77479233,
5382041204,-23.37081891,
5382641164,-23.42663558,
5383241124,-22.91081922,
5383841084,-23.21330744,
5384441044,-23.1671503,
5385041004,-22.9126208,
5385640963,-23.57542556,
5386240923,-22.80039882,
5386840883,-23.03728542,
5387440843,-22.6100769,
5388040803,-23.40514865,
5388640763,-23.18360559,
5389240723,-23.05256793,
5389840683,-23.46575524,
5390440643,-23.21543365,
5391040603,-23.06546156,
5391640563,-22.7962578,
5392240523,-22.8151351,
5392840483,-23.55331047,
5393440443,-23.51525962,
5394040403,-22.58832304,
5394640363,-23.85637579,
5395240323,-23.24551758,
5395840283,-23.0633923,
5396440243,-23.13125637,
5397040203,-23.13942042,
5397640163,-23.17483394,
5398240123,-23.41538793,
5398840083,-23.65401909,
5399440043,-22.99626708,
5400040003,-23.57911468,
5400639963,-24.03854922,
5401239923,-23.51308399,
5401839883,-23.30317367,
5402439843,-24.42145195,
5403039803,-23.65992403,
5403639763,-23.41274937,
5404239723,-24.01584193,
5404839683,-23.34031545,
5405439643,-23.41272623,
5406039603,-23.4171101,
5406639563,-23.39963202,
5407239523,-23.90451416,
5407839483,-22.9584312,
5408439443,-23.76556477,
5409039403,-24.42464947,
5409639363,-22.98061324,
5410239323,-24.72579694,
5410839283,-23.35343108,
5411439243,-23.43027023,
5412039203,-23.82290369,
5412639163,-23.99498193,
5413239123,-24.95586234,
5413839083,-23.92928187,
5414439043,-24.9225945,
5415039003,-24.43768493,
5415638963,-23.62503414,
5416238923,-24.41042801,
5416838883,-24.02881475,
5417438843,-23.26235959,
5418038803,-23.58138928,
5418638763,-24.16669951,
5419238723,-23.17896024,
5419838683,-24.72517942,
5420438643,-23.33723386,
5421038603,-24.29396427,
5421638563,-23.7162643,
5422238523,-24.51141071,
5422838483,-25.08296173,
5423438443,-25.01239741,
5424038403,-24.53693417,
5424638363,-24.16423701,
5425238323,-24.06770108,
5425838283,-24.52401709,
5426438243,-23.79636116,
5427038203,-24.08246095,
5427638163,-23.77494062,
5428238123,-25.47593372,
5428838083,-23.73644384,
5429438043,-24.57441647,
5430038003,-25.15491092,
5430637963,-22.82796753,
5431237923,-24.8675498,
5431837883,-24.66429629,
5432437843,-24.86340837,
5433037803,-25.8370086,
5433637763,-24.43090116,
5434237723,-24.30419742,
5434837683,-26.66615728,
5435437643,-23.28019587,
5436037603,-24.87857618,
5436637563,-26.01115217,
5437237523,-24.43293869,
5437837483,-25.28086532,
5438437443,-25.11028815,
5439037403,-23.70400684,
5439637363,-24.7088556,
5440237323,-24.45542381,
5440837283,-25.64113421,
5441437243,-23.91277711,
5442037203,-25.90036018,
5442637163,-25.51734433,
5443237123,-25.84755649,
5443837083,-24.98970785,
5444437043,-24.59330548,
5445037003,-23.96136675,
5445636963,-24.29928275,
5446236923,-24.43995317,
5446836883,-24.37267785,
5447436843,-24.17398821,
5448036803,-24.58679924,
5448636763,-26.03704349,
5449236723,-24.65686203,
5449836683,-25.39772992,
5450436643,-23.42170418,
5451036603,-25.2002908,
5451636563,-24.85910277,
5452236523,-24.3535047,
5452836483,-25.43476384,
5453436443,-24.62081456,
5454036403,-23.92122485,
5454636363,-24.71426441,
5455236323,-24.60031012,
5455836283,-24.94781665,
5456436243,-25.41734961,
5457036203,-24.7677808,
5457636163,-24.55707342,
5458236123,-25.0853178,
5458836083,-22.90861653,
5459436043,-26.13438265,
5460036003,-23.4422059,
5460635963,-24.43548489,
5461235923,-23.6710179,
5461835883,-24.19440024,
5462435843,-25.53366786,
5463035803,-23.63867692,
5463635763,-24.70831978,
5464235723,-24.15952575,
5464835683,-24.15682182,
5465435643,-24.66407145,
5466035603,-25.07487188,
5466635563,-25.85568394,
5467235523,-25.69301805,
5467835483,-25.05952579,
5468435443,-24.98411124,
5469035403,-24.1385184,
5469635363,-24.60183243,
5470235323,-24.62542274,
5470835283,-23.55655682,
5471435243,-24.80297447,
5472035203,-25.8982942,
5472635163,-24.28121652,
5473235123,-23.48303789,
5473835083,-24.18914223,
5474435043,-24.24470472,
5475035003,-23.45912183,
5475634963,-25.58878618,
5476234923,-25.04134628,
5476834883,-25.20643477,
5477434843,-25.0190457,
5478034803,-24.00071212,
5478634763,-24.33850259,
5479234723,-25.0145794,
5479834683,-24.59645658,
5480434643,-24.58765375,
5481034603,-23.22870423,
5481634563,-24.28372083,
5482234523,-22.73914003,
5482834483,-23.37280926,
5483434443,-22.97500856,
5484034403,-24.0805287,
5484634363,-24.02069129,
5485234323,-23.50281027,
5485834283,-24.39839408,
5486434243,-25.09538051,
5487034203,-24.02231264,
5487634163,-24.66114235,
5488234123,-24.80411379,
5488834083,-23.78421589,
5489434043,-23.82553485,
5490034003,-24.29541887,
5490633963,-24.04123935,
5491233923,-24.30521813,
5491833883,-24.80459867,
5492433843,-22.61153793,
5493033803,-25.09340094,
5493633763,-23.68404977,
5494233723,-22.85364456,
5494833683,-23.71154738,
5495433643,-22.98502801,
5496033603,-23.7635542,
5496633563,-22.87824764,
5497233523,-23.32108503,
5497833483,-23.14541193,
5498433443,-22.74200162,
5499033403,-23.47726767,
5499633363,-23.40574041,
5500233323,-23.85559149,
5500833283,-22.63329174,
5501433243,-23.23894474,
5502033203,-22.42073124,
5502633163,-22.79810413,
5503233123,-23.17139087,
5503833083,-23.47194572,
5504433043,-23.46555917,
5505033003,-23.19232323,
5505632963,-22.92738298,
5506232923,-23.64810509,
5506832883,-22.93757625,
5507432843,-23.36260518,
5508032803,-23.93180325,
5508632763,-22.1932826,
5509232723,-22.97112277,
5509832683,-22.14200147,
5510432643,-23.14840702,
5511032603,-22.38916382,
5511632563,-22.19915373,
5512232523,-22.8884284,
5512832483,-22.32811518,
5513432443,-22.89076721,
5514032403,-22.41026048,
5514632363,-22.30103712,
5515232323,-22.03816878,
5515832283,-23.21742712,
5516432243,-21.48548966,
5517032203,-21.93864618,
5517632163,-22.0856983,
5518232123,-22.44644113,
5518832083,-22.23833225,
5519432043,-22.14749948,
5520032003,-21.73468117,
5520631963,-22.36347782,
5521231923,-22.58038392,
5521831883,-21.7581417,
5522431843,-22.9725355,
5523031803,-21.88614648,
5523631763,-22.44894268,
5524231723,-22.88878362,
5524831683,-22.39901907,
5525431643,-21.76200238,
5526031603,-22.4466512,
5526631563,-22.4806165,
5527231523,-21.84373686,
5527831483,-21.7816565,
5528431443,-22.55165074,
5529031403,-22.2933727,
5529631363,-22.51592219,
5530231323,-21.54701789,
5530831283,-22.33701697,
5531431243,-22.76123675,
5532031203,-21.68236286,
5532631163,-21.96770696,
5533231123,-21.73852277,
5533831083,-22.19519828,
5534431043,-21.6456096,
5535031003,-21.7220245,
5535630963,-21.87146504,
5536230923,-21.36153916,
5536830883,-22.17244569,
5537430843,-21.9826711,
5538030803,-21.19750415,
5538630763,-21.99605021,
5539230722,-21.57382985,
5539830682,-21.69591413,
5540430642,-21.5490198,
5541030602,-22.04705365,
5541630562,-21.94428661,
5542230522,-21.658207,
5542830482,-21.62753645,
5543430442,-22.164823,
5544030402,-21.51282379,
5544630362,-21.89931821,
5545230322,-21.74327153,
5545830282,-20.40325414,
5546430242,-20.70062322,
5547030202,-21.53235682,
5547630162,-21.61573327,
5548230122,-21.71561224,
5548830082,-21.57467301,
5549430042,-21.22089066,
5550030002,-20.87864164,
5550629962,-21.80770081,
5551229922,-20.97397947,
5551829882,-21.34846747,
5552429842,-20.27759305,
5553029802,-21.18942319,
5553629762,-20.78956441,
5554229722,-20.83753642,
5554829682,-20.62975436,
5555429642,-21.58243966,
5556029602,-21.01203322,
5556629562,-21.24166791,
5557229522,-20.91412785,
5557829482,-21.09431391,
5558429442,-20.82369663,
5559029402,-21.1494887,
5559629362,-21.05717778,
5560229322,-20.59607669,
5560829282,-20.86213775,
5561429242,-20.19646782,
5562029202,-20.14089132,
5562629162,-20.89047224,
5563229122,-20.58668319,
5563829082,-20.76484373,
5564429042,-20.87623594,
5565029002,-20.51190609,
5565628962,-19.84771951,
5566228922,-20.71266167,
5566828882,-20.12939161,
5567428842,-20.54322036,
5568028802,-20.07028769,
5568628762,-20.52324663,
5569228722,-20.52767837,
5569828682,-20.03252894,
5570428642,-20.08231802,
5571028602,-20.53221027,
5571628562,-20.1458937,
5572228522,-20.19340426,
5572828482,-20.44559493,
5573428442,-20.17492464,
5574028402,-20.37743364,
5574628362,-20.13333757,
5575228322,-20.42806853,
5575828282,-20.12878619,
5576428242,-19.7814965,
5577028202,-19.95053205,
5577628162,-19.73709387,
5578228122,-19.99277929,
5578828082,-19.98575545,
5579428042,-19.94385703,
5580028002,-19.92227356,
5580627962,-19.69647615,
5581227922,-20.15379494,
5581827882,-20.23677236,
5582427842,-20.01549829,
5583027802,-20.13336055,
5583627762,-19.94522064,
5584227722,-19.9194391,
5584827682,-19.51789736,
5585427642,-19.71225412,
5586027602,-19.82774434,
5586627562,-19.93337367,
5587227522,-19.82415586,
5587827482,-20.03111648,
5588427442,-19.84450973,
5589027402,-19.72135582,
5589627362,-19.7603298,
5590227322,-19.5947947,
5590827282,-20.04070876,
5591427242,-19.7658056,
5592027202,-19.9663858,
5592627162,-19.85212992,
5593227122,-19.44722464,
5593827082,-19.83263612,
5594427042,-19.90058725,
5595027002,-19.90173435,
5595626962,-20.0192979,
5596226922,-19.86657522,
5596826882,-19.43792914,
5597426842,-19.78636366,
5598026802,-20.14808399,
5598626762,-19.61271497,
5599226722,-20.09189601,
5599826682,-19.72962883,
5600426642,-19.55879909,
5601026602,-20.0813326,
5601626562,-19.75310732,
5602226522,-20.09785109,
5602826482,-19.9516878,
5603426442,-20.04537295,
5604026402,-19.69260897,
5604626362,-20.10741335,
5605226322,-19.83360117,
5605826282,-19.98176935,
5606426242,-20.15610833,
5607026202,-19.8971103,
5607626162,-20.08269046,
5608226122,-19.86304782,
5608826082,-20.04122339,
5609426042,-20.02385833,
5610026002,-19.77725366,
5610625962,-19.94529774,
5611225922,-20.19315819,
5611825882,-19.99800306,
5612425842,-20.31959805,
5613025802,-19.82778345,
5613625762,-20.43469863,
5614225722,-20.31208901,
5614825682,-19.88805696,
5615425642,-20.10637084,
5616025602,-20.01668984,
5616625562,-20.02940918,
5617225522,-20.24587214,
5617825482,-20.42837374,
5618425442,-20.31891618,
5619025402,-19.65297041,
5619625362,-20.0108331,
5620225322,-20.51550989,
5620825282,-20.10940981,
5621425242,-20.33934284,
5622025202,-20.45403265,
5622625162,-20.44136893,
5623225122,-20.66078127,
5623825082,-20.04769876,
5624425042,-20.04911028,
5625025002,-19.94219681,
5625624962,-20.67496688,
5626224922,-20.08618004,
5626824882,-20.90327435,
5627424842,-21.00294548,
5628024802,-20.7883468,
5628624762,-20.90181365,
5629224722,-21.36431489,
5629824682,-20.80702503,
5630424642,-20.84134568,
5631024602,-20.60872271,
5631624562,-21.07358967,
5632224522,-20.7282899,
5632824482,-20.91720224,
5633424442,-20.56630676,
5634024402,-21.09072062,
5634624362,-20.79745958,
5635224322,-20.97991173,
5635824282,-21.46853216,
5636424242,-21.1230782,
5637024202,-21.08897628,
5637624162,-21.126362,
5638224122,-20.88616604,
5638824082,-21.26971992,
5639424042,-21.27891593,
5640024002,-21.06372614,
5640623962,-21.62790443,
5641223922,-21.41621816,
5641823882,-21.18286068,
5642423842,-20.9163572,
5643023802,-20.86324074,
5643623762,-22.07441598,
5644223722,-21.1609291,
5644823682,-21.35647195,
5645423642,-21.50958106,
5646023602,-22.12918657,
5646623562,-20.7251429,
5647223522,-21.63954304,
5647823482,-21.19053495,
5648423442,-21.43832136,
5649023402,-21.62552477,
5649623362,-21.41480276,
5650223322,-21.56722233,
5650823282,-22.23831802,
5651423242,-21.81923705,
5652023202,-21.44036127,
5652623162,-21.92463996,
5653223122,-21.42255107,
5653823082,-21.64245768,
5654423042,-22.00539194,
5655023002,-21.55846152,
5655622962,-22.39768663,
5656222922,-22.18553989,
5656822882,-22.11217573,
5657422842,-21.8869644,
5658022802,-22.03112806,
5658622762,-22.3466339,
5659222722,-21.38649342,
5659822682,-22.263737,
5660422642,-21.73348822,
5661022602,-21.35746007,
5661622562,-21.31918962,
5662222522,-22.51750048,
5662822482,-21.72350016,
5663422442,-21.2668421,
5664022402,-21.76714503,
5664622362,-21.07487672,
5665222322,-21.11693514,
5665822282,-21.99554768,
5666422242,-21.16393194,
5667022202,-21.87913758,
5667622162,-22.04217209,
5668222122,-21.94879685,
5668822082,-21.12041059,
5669422042,-22.35882137,
5670022002,-21.99696443,
5670621962,-21.8013661,
5671221922,-22.48540042,
5671821882,-23.01380168,
5672421842,-22.08771021,
5673021802,-21.48562375,
5673621762,-22.66472508,
5674221722,-22.38939491,
5674821682,-22.28291397,
5675421642,-22.36118111,
5676021602,-22.53118774,
5676621562,-22.19767578,
5677221522,-21.48191681,
5677821482,-22.49742391,
5678421442,-22.33311691,
5679021402,-22.6902396,
5679621362,-23.08190475,
5680221322,-22.17629836,
5680821282,-22.8117343,
5681421242,-22.25372572,
5682021202,-23.58750971,
5682621162,-22.25783888,
5683221122,-22.23252134,
5683821082,-23.61961339,
5684421042,-22.65512429,
5685021002,-23.90123198,
5685620962,-23.373664,
5686220922,-23.63406474,
5686820882,-22.80326494,
5687420842,-22.86922357,
5688020802,-22.3981648,
5688620762,-24.49615035,
5689220722,-22.48842397,
5689820682,-23.24846962,
5690420642,-23.00924402,
5691020602,-23.25765561,
5691620562,-22.73410502,
5692220522,-23.80969338,
5692820481,-24.55036009,
5693420441,-23.15974112,
5694020401,-24.02399727,
5694620361,-24.42252818,
5695220321,-24.02025255,
5695820281,-25.62551367,
5696420241,-24.40436832,
5697020201,-24.68412673,
5697620161,-25.59175686,
5698220121,-26.22976109,
5698820081,-24.57937564,
5699420041,-23.06753956,
5700020001,-24.41912755,
5700619961,-26.1425918,
5701219921,-23.91792455,
5701819881,-24.64363145,
5702419841,-24.76341863,
5703019801,-23.80869918,
5703619761,-23.66835379,
5704219721,-24.46427691,
5704819681,-26.73147408,
5705419641,-25.18855471,
5706019601,-26.14019925,
5706619561,-24.95114427,
5707219521,-24.5438131,
5707819481,-26.15614976,
5708419441,-24.94518899,
5709019401,-25.40156695,
5709619361,-25.48789911,
5710219321,-26.57469125,
5710819281,-23.24025982,
5711419241,-24.60937322,
5712019201,-24.54537777,
5712619161,-26.50626685,
5713219121,-25.77935203,
5713819081,-26.40617029,
5714419041,-26.23178484,
5715019001,-25.90205156,
5715618961,-24.74282601,
5716218921,-25.35657709,
5716818881,-27.22125674,
5717418841,-24.58315419,
5718018801,-24.3568395,
5718618761,-25.53213777,
5719218721,-25.21228318,
5719818681,-28.13014499,
5720418641,-27.31714962,
5721018601,-25.49842307,
5721618561,-26.69099277,
5722218521,-24.31202645,
5722818481,-25.68947593,
5723418441,-25.36273718,
5724018401,-24.94721336,
5724618361,-26.96989837,
5725218321,-28.38471859,
5725818281,-25.32390594,
5726418241,-29.80499045,
5727018201,-25.89664545,
5727618161,-27.72954923,
5728218121,-24.40099618,
5728818081,-26.4060591,
5729418041,-26.95909961,
5730018001,-27.44041156,
5730617961,-27.19123461,
5731217921,-25.62900766,
5731817881,-30.26787288,
5732417841,-28.96585489,
5733017801,-25.73198137,
5733617761,-28.18486281,
5734217721,-30.3920701,
5734817681,-25.63554931,
5735417641,-26.98467857,
5736017601,-27.11107862,
5736617561,-24.49414218,
5737217521,-26.88806186,
5737817481,-26.82969785,
5738417441,-26.38330166,
5739017401,-26.55729295,
5739617361,-26.72690664,
5740217321,-27.53154125,
5740817281,-29.88703121,
5741417241,-28.90004106,
5742017201,-28.30537859,
5742617161,-25.859697,
5743217121,-26.9098065,
5743817081,-26.43158282,
5744417041,-28.64350639,
5745017001,-26.13800409,
5745616961,-26.50892286,
5746216921,-26.16159946,
5746816881,-28.99278806,
5747416841,-28.2811551,
5748016801,-25.83068438,
5748616761,-23.99141047,
5749216721,-26.07201043,
5749816681,-29.26067347,
5750416641,-27.07781209,
5751016601,-26.02466155,
5751616561,-26.68134575,
5752216521,-26.21843468,
5752816481,-27.50215671,
5753416441,-25.09120626,
5754016401,-31.39489408,
5754616361,-26.08150166,
5755216321,-25.36100654,
5755816281,-26.1069701,
5756416241,-28.64820891,
5757016201,-28.28734788,
5757616161,-24.96295974,
5758216121,-25.21218521,
5758816081,-26.32198856,
5759416041,-28.6123268,
5760016001,-28.36896012,
5760615961,-28.17924769,
5761215921,-27.1094946,
5761815881,-30.17169745,
5762415841,-25.42430533,
5763015801,-26.05315341,
5763615761,-26.53723982,
5764215721,-25.03308844,
5764815681,-27.00159983,
5765415641,-25.25442148,
5766015601,-25.08201851,
5766615561,-26.15797029,
5767215521,-28.01012724,
5767815481,-27.80107223,
5768415441,-26.11189634,
5769015401,-27.06971272,
5769615361,-28.13241751,
5770215321,-26.97646463,
5770815281,-27.94569584,
5771415241,-25.81831277,
5772015201,-26.83411936,
5772615161,-29.23152455,
5773215121,-24.73915345,
5773815081,-27.97589005,
5774415041,-26.1913837,
5775015001,-25.53943187,
5775614961,-25.38001276,
5776214921,-26.6066738,
5776814881,-28.28408886,
5777414841,-26.36823728,
5778014801,-24.2868592,
5778614761,-26.40428375,
5779214721,-24.69044437,
5779814681,-25.30411051,
5780414641,-25.24483483,
5781014601,-25.90526967,
5781614561,-24.65086155,
5782214521,-26.31848866,
5782814481,-24.64252931,
5783414441,-23.77965981,
5784014401,-25.24071434,
5784614361,-25.33425773,
5785214321,-25.47361624,
5785814281,-25.83232159,
5786414241,-27.48582323,
5787014201,-24.95419115,
5787614161,-25.80139712,
5788214121,-24.40535212,
5788814081,-24.71101701,
5789414041,-24.65301295,
5790014001,-25.36976232,
5790613961,-27.2670302,
5791213921,-23.34766477,
5791813881,-22.64149146,
5792413841,-25.04004218,
5793013801,-25.41889388,
5793613761,-23.7854573,
5794213721,-24.49083075,
5794813681,-24.44027773,
5795413641,-24.08409644,
5796013601,-23.13295684,
5796613561,-23.8011391,
5797213521,-24.88853269,
5797813481,-25.90478127,
5798413441,-24.3622969,
5799013401,-26.32434815,
5799613361,-24.29427264,
5800213321,-24.08420544,
5800813281,-24.63741762,
5801413241,-23.76595523,
5802013201,-24.27239612,
5802613161,-23.73472907,
5803213121,-24.4117357,
5803813081,-24.21179663,
5804413041,-24.83282156,
5805013001,-23.31415847,
5805612961,-23.38076901,
5806212921,-22.56118045,
5806812881,-22.38217942,
5807412841,-22.8468003,
5808012801,-24.48789301,
5808612761,-24.26462153,
5809212721,-22.34065932,
5809812681,-23.16121043,
5810412641,-23.08392079,
5811012601,-23.28246048,
5811612561,-23.91583583,
5812212521,-22.46591307,
5812812481,-22.69211223,
5813412441,-22.45827703,
5814012401,-24.62892173,
5814612361,-24.48768786,
5815212321,-22.98209268,
5815812281,-24.17373707,
5816412241,-22.07258955,
5817012201,-22.98763204,
5817612161,-22.10314626,
5818212121,-22.9021869,
5818812081,-21.60858791,
5819412041,-21.95192601,
5820012001,-22.02091806,
5820611961,-21.92869354,
5821211921,-21.39111039,
5821811881,-22.26123728,
5822411841,-22.09869264,
5823011801,-21.91255301,
5823611761,-21.94732621,
5824211721,-22.90019671,
5824811681,-21.75351845,
5825411641,-22.51897981,
5826011601,-21.218401,
5826611561,-22.47646265,
5827211521,-21.83528787,
5827811481,-21.47408566,
5828411441,-21.97920826,
5829011401,-22.57237778,
5829611361,-21.7589661,
5830211321,-22.89967743,
5830811281,-21.78493019,
5831411241,-20.64886689,
5832011201,-21.57912493,
5832611161,-21.62403455,
5833211121,-22.01974564,
5833811081,-22.04103069,
5834411041,-21.79728023,
5835011001,-20.44898893,
5835610961,-21.81930125,
5836210921,-21.3216039,
5836810881,-21.61081717,
5837410841,-22.30796758,
5838010801,-21.3429445,
5838610761,-21.66088499,
5839210721,-21.72824784,
5839810681,-21.97539737,
5840410641,-21.49214226,
5841010601,-21.8929195,
5841610561,-21.66152987,
5842210521,-21.88080989,
5842810481,-21.2801713,
5843410441,-21.62062355,
5844010401,-20.81809692,
5844610361,-21.18875297,
5845210321,-21.2170804,
5845810281,-21.90376159,
5846410240,-21.65177997,
5847010200,-21.65083427,
5847610160,-21.69986967,
5848210120,-21.75944486,
5848810080,-20.42590797,
5849410040,-20.75083182,
5850010000,-21.1453569,
5850609960,-21.45563369,
5851209920,-21.16973755,
5851809880,-20.76801047,
5852409840,-20.99277687,
5853009800,-21.27340157,
5853609760,-21.38755563,
5854209720,-20.83749834,
5854809680,-20.55585259,
5855409640,-21.41935184,
5856009600,-20.89105801,
5856609560,-20.57179511,
5857209520,-20.14716355,
5857809480,-21.4893737,
5858409440,-21.35537899,
5859009400,-21.14493826,
5859609360,-20.71072455,
5860209320,-21.14280233,
5860809280,-20.27984895,
5861409240,-20.48961946,
5862009200,-21.09857824,
5862609160,-21.02713244,
5863209120,-21.01018376,
5863809080,-20.87861381,
5864409040,-20.53015838,
5865009000,-19.87569794,
5865608960,-19.39714725,
5866208920,-20.78405732,
5866808880,-20.94249385,
5867408840,-20.97066967,
5868008800,-20.61667901,
5868608760,-20.65709665,
5869208720,-20.59031784,
5869808680,-20.27746225,
5870408640,-20.94694055,
5871008600,-20.4428933,
5871608560,-20.86452267,
5872208520,-20.58435459,
5872808480,-20.15846155,
5873408440,-20.15408822,
5874008400,-20.35341492,
5874608360,-20.62227939,
5875208320,-20.96781114,
5875808280,-19.96902064,
5876408240,-19.64008919,
5877008200,-20.22463732,
5877608160,-20.30305374,
5878208120,-20.27421504,
5878808080,-20.04932788,
5879408040,-19.89314536,
5880008000,-20.13101551,
5880607960,-19.81487164,
5881207920,-20.13818921,
5881807880,-20.35580523,
5882407840,-20.16579999,
5883007800,-19.93674534,
5883607760,-19.8930095,
5884207720,-19.73591058,
5884807680,-19.85982532,
5885407640,-20.09820332,
5886007600,-20.2190835,
5886607560,-20.51386625,
5887207520,-19.65607757,
5887807480,-20.02597994,
5888407440,-19.88773086,
5889007400,-19.98995409,
5889607360,-20.15052915,
5890207320,-20.16772951,
5890807280,-19.87432434,
5891407240,-20.03472283,
5892007200,-19.65275112,
5892607160,-19.94608051,
5893207120,-19.59130713,
5893807080,-20.37717594,
5894407040,-19.86148255,
5895007000,-19.98757906,
5895606960,-20.00264276,
5896206920,-20.47684703,
5896806880,-19.88718299,
5897406840,-20.20983824,
5898006800,-19.99316478,
5898606760,-20.41774098,
5899206720,-19.81263732,
5899806680,-19.64867327,
5900406640,-19.65642351,
5901006600,-19.78799308,
5901606560,-20.10389192,
5902206520,-20.11426728,
5902806480,-19.009103,
5903406440,-19.83872051,
5904006400,-19.78356332,
5904606360,-19.56658229,
5905206320,-19.87511379,
5905806280,-19.65509542,
5906406240,-20.17823993,
5907006200,-19.98259485,
5907606160,-20.16409496,
5908206120,-19.70806978,
5908806080,-20.52022542,
5909406040,-19.95456813,
5910006000,-19.78621488,
5910605960,-20.44721522,
5911205920,-19.5974,
5911805880,-19.68327117,
5912405840,-20.67660662,
5913005800,-20.15692149,
5913605760,-19.87781181,
5914205720,-20.46794458,
5914805680,-20.42361567,
5915405640,-21.02403012,
5916005600,-20.87462588,
5916605560,-20.34670978,
5917205520,-20.56418809,
5917805480,-19.83651348,
5918405440,-20.10028137,
5919005400,-20.79465523,
5919605360,-20.55717416,
5920205320,-20.85911251,
5920805280,-20.20730479,
5921405240,-20.78012808,
5922005200,-20.77046144,
5922605160,-21.35997824,
5923205120,-20.30702037,
5923805080,-20.31878159,
5924405040,-21.17888716,
5925005000,-21.38374538,
5925604960,-19.49740709,
5926204920,-20.58203798,
5926804880,-21.28285619,
5927404840,-20.5964118,
5928004800,-20.99185058,
5928604760,-20.84923572,
5929204720,-21.00681959,
5929804680,-21.14267529,
5930404640,-20.88263084,
5931004600,-20.88659716,
5931604560,-21.08796215,
5932204520,-21.3738557,
5932804480,-21.37354007,
5933404440,-21.15233839,
5934004400,-20.41125782,
5934604360,-21.22984185,
5935204320,-20.85941665,
5935804280,-21.18822069,
5936404240,-20.57204754,
5937004200,-21.08179918,
5937604160,-21.18890247,
5938204120,-21.19665659,
5938804080,-20.72886051,
5939404040,-20.50256861,
5940004000,-21.20387692,
5940603960,-20.66166953,
5941203920,-21.12266925,
5941803880,-21.55749377,
5942403840,-21.4088602,
5943003800,-21.10958624,
5943603760,-20.79824816,
5944203720,-20.36456428,
5944803680,-21.63748723,
5945403640,-21.46815886,
5946003600,-21.47591914,
5946603560,-22.07842445,
5947203520,-21.63438347,
5947803480,-21.42416768,
5948403440,-22.62207448,
5949003400,-22.36493278,
5949603360,-20.49124668,
5950203320,-21.15718078,
5950803280,-21.04115082,
5951403240,-21.46817551,
5952003200,-20.55318218,
5952603160,-21.28981867,
5953203120,-21.46201829,
5953803080,-21.030313,
5954403040,-21.19122041,
5955003000,-20.98581868,
5955602960,-21.60655674,
5956202920,-21.26278796,
5956802880,-21.27383396,
5957402840,-22.27316063,
5958002800,-21.39380778,
5958602760,-21.82839498,
5959202720,-21.57142319,
5959802680,-22.50775278,
5960402640,-23.60517979,
5961002600,-22.45104333,
5961602560,-21.80746093,
5962202520,-22.4515293,
5962802480,-22.1969293,
5963402440,-21.76942566,
5964002400,-22.27625357,
5964602360,-23.22219765,
5965202320,-22.82996805,
5965802280,-22.68653831,
5966402240,-22.30785053,
5967002200,-22.53900683,
5967602160,-22.66362477,
5968202120,-23.56166408,
5968802080,-23.51038534,
5969402040,-23.29663692,
5970002000,-22.69781264,
5970601960,-23.64247048,
5971201920,-23.71641042,
5971801880,-23.05938633,
5972401840,-22.69454294,
5973001800,-22.864856,
5973601760,-23.24693554,
5974201720,-21.9726877,
5974801680,-22.25448119,
5975401640,-22.29462653,
5976001600,-25.03941175,
5976601560,-23.50427229,
5977201520,-22.7042703,
5977801480,-23.72466901,
5978401440,-24.11767847,
5979001400,-22.53144061,
5979601360,-24.73158453,
5980201320,-26.81959059,
5980801280,-24.30365156,
5981401240,-24.81599819,
5982001200,-26.12510657,
5982601160,-23.74512741,
5983201120,-24.19700664,
5983801080,-22.81578414,
5984401040,-27.04822403,
5985001000,-27.06167654,
5985600960,-25.62659383,
5986200920,-26.3143044,
5986800880,-25.72897394,
5987400840,-24.97197187,
5988000800,-24.63748051,
5988600760,-25.20228377,
5989200720,-25.89495089,
5989800680,-23.88478455,
5990400640,-24.5690652,
5991000600,-23.96098205,
5991600560,-25.99826359,
5992200520,-24.32949798,
5992800480,-26.94701046,
5993400440,-25.02635172,
5994000400,-29.95501221,
5994600360,-26.61853238,
5995200320,-25.4759027,
5995800280,-26.63425798,
5996400240,-27.16735041,
5997000200,-25.77891205,
5997600160,-27.14920455,
5998200120,-29.90792717,
5998800080,-25.37193303,
5999400040,-28.62351449,
6000000000,-27.34556893,
