Frequency,S12_Magnitude,
1000000,-3.485947679,
1599959,-3.309640007,
2199919,-3.118542814,
2799879,-2.94431839,
3399839,-2.792066388,
3999799,-2.675780313,
4599759,-2.581041898,
5199719,-2.515968281,
5799679,-2.467969586,
6399639,-2.448656668,
6999599,-2.418568294,
7599559,-2.409095432,
8199519,-2.42374255,
8799479,-2.432705901,
9399439,-2.417350978,
9999399,-2.428097775,
10599359,-2.443586587,
11199319,-2.461284908,
11799279,-2.472272316,
12399239,-2.485895968,
12999199,-2.49947299,
13599159,-2.515785762,
14199119,-2.527306113,
14799079,-2.548934149,
15399039,-2.559091094,
15998999,-2.578240655,
16598959,-2.592059293,
17198919,-2.606540183,
17798879,-2.621035564,
18398839,-2.638877278,
18998799,-2.648873568,
19598759,-2.661911869,
20198719,-2.67414769,
20798679,-2.6889471,
21398639,-2.697635525,
21998599,-2.709659421,
22598559,-2.719192558,
23198519,-2.734481299,
23798479,-2.741262487,
24398439,-2.75139341,
24998399,-2.761629549,
25598359,-2.752888952,
26198319,-2.766187214,
26798279,-2.778161571,
27398239,-2.789981573,
27998199,-2.802464266,
28598159,-2.813137877,
29198119,-2.822886357,
29798079,-2.832179672,
30398039,-2.852193869,
30997999,-2.865817202,
31597959,-2.869790968,
32197919,-2.878902679,
32797879,-2.886416788,
33397839,-2.895255638,
33997799,-2.904542485,
34597759,-2.911451727,
35197719,-2.919034833,
35797679,-2.923187306,
36397639,-2.929296299,
36997599,-2.93383616,
37597559,-2.937244742,
38197519,-2.941446849,
38797479,-2.944820238,
39397439,-2.94864382,
39997399,-2.951914171,
40597359,-2.956559421,
41197319,-2.962279082,
41797279,-2.967560558,
42397239,-2.973813525,
42997199,-2.978778002,
43597159,-2.984673053,
44197119,-2.991699479,
44797079,-2.996106693,
45397039,-3.003123035,
45996999,-3.009177231,
46596959,-3.01469956,
47196919,-3.011580315,
47796879,-3.026026494,
48396839,-3.030667431,
48996799,-3.035217259,
49596759,-3.039419969,
50196719,-3.043775808,
50796679,-3.04783838,
51396639,-3.052184725,
51996599,-3.055536352,
52596559,-3.059315581,
53196519,-3.062463532,
53796479,-3.065673702,
54396439,-3.067833428,
54996399,-3.070322033,
55596359,-3.070736163,
56196319,-3.073091078,
56796279,-3.074266473,
57396239,-3.075288807,
57996199,-3.092031335,
58596159,-3.08901622,
59196119,-3.08001527,
59796079,-3.085329478,
60396039,-3.091709413,
60995999,-3.102334021,
61595959,-3.115825286,
62195919,-3.123818747,
62795879,-3.11921388,
63395839,-3.112311644,
63995799,-3.108837981,
64595759,-3.106839985,
65195719,-3.107055713,
65795679,-3.108571731,
66395639,-3.109864141,
66995599,-3.112098555,
67595559,-3.113677621,
68195519,-3.114022151,
68795479,-3.114542729,
69395439,-3.115138751,
69995399,-3.115408468,
70595359,-3.115945362,
71195319,-3.115100654,
71795279,-3.116112278,
72395239,-3.114923927,
72995199,-3.113615142,
73595159,-3.112997457,
74195119,-3.112854325,
74795079,-3.112325704,
75395039,-3.109972935,
75994999,-3.109301723,
76594959,-3.107724063,
77194919,-3.105326292,
77794879,-3.097005176,
78394839,-3.101797235,
78994799,-3.100450362,
79594759,-3.097914619,
80194719,-3.09619737,
80794679,-3.081346655,
81394639,-3.090996844,
81994599,-3.088521566,
82594559,-3.085774954,
83194519,-3.083424069,
83794479,-3.080874795,
84394439,-3.077424923,
84994399,-3.074798689,
85594359,-3.072166265,
86194319,-3.068372546,
86794279,-3.073479681,
87394239,-3.061404781,
87994199,-3.057917193,
88594159,-3.054869563,
89194119,-3.050844334,
89794079,-3.047013877,
90394039,-3.043951345,
90993999,-3.039912855,
91593959,-3.036244968,
92193919,-3.041918936,
92793879,-3.029258307,
93393839,-3.025835365,
93993799,-3.020844343,
94593759,-3.018004145,
95193719,-3.013946562,
95793679,-3.008806475,
96393639,-3.005535803,
96993599,-3.001505267,
97593559,-2.997421845,
98193519,-2.993251359,
98793479,-2.989504215,
99393439,-2.986495863,
99993399,-2.982312692,
100593359,-2.977558207,
101193319,-2.973320152,
101793279,-2.970141167,
102393239,-2.966627956,
102993199,-2.962032794,
103593159,-2.952747806,
104193119,-2.954531957,
104793079,-2.950548258,
105393039,-2.947809153,
105992999,-2.944298651,
106592959,-2.939052603,
107192919,-2.935973274,
107792879,-2.932358036,
108392839,-2.928825149,
108992799,-2.924481151,
109592759,-2.927797885,
110192719,-2.918005716,
110792679,-2.913932212,
111392639,-2.91172331,
111992599,-2.906713872,
112592559,-2.903477691,
113192519,-2.901185579,
113792479,-2.897790331,
114392439,-2.894668403,
114992399,-2.892473973,
115592359,-2.88895632,
116192319,-2.885217164,
116792279,-2.882931273,
117392239,-2.879278549,
117992199,-2.876788536,
118592159,-2.874480513,
119192119,-2.871528582,
119792079,-2.869396733,
120392039,-2.867197709,
120991999,-2.864828108,
121591959,-2.861698514,
122191919,-2.861146313,
122791879,-2.858510074,
123391839,-2.857200303,
123991799,-2.85519346,
124591759,-2.853259526,
125191719,-2.851058939,
125791679,-2.837234773,
126391639,-2.847651291,
126991599,-2.845620866,
127591559,-2.844492945,
128191519,-2.842783311,
128791479,-2.841429592,
129391439,-2.841267389,
129991399,-2.839393947,
130591359,-2.837703492,
131191319,-2.841248055,
131791279,-2.836099233,
132391239,-2.834997594,
132991199,-2.834452687,
133591159,-2.833118126,
134191119,-2.832204708,
134791079,-2.831217797,
135391039,-2.83117126,
135990999,-2.831070175,
136590959,-2.830696829,
137190919,-2.830102041,
137790879,-2.829133006,
138390839,-2.81108476,
138990799,-2.827922088,
139590759,-2.828118639,
140190719,-2.827338526,
140790679,-2.82764663,
141390639,-2.828224908,
141990599,-2.82797841,
142590559,-2.828329815,
143190519,-2.828387727,
143790479,-2.827329027,
144390438,-2.828415636,
144990398,-2.828089564,
145590358,-2.828428143,
146190318,-2.829424727,
146790278,-2.829340995,
147390238,-2.828570701,
147990198,-2.829149173,
148590158,-2.829461778,
149190118,-2.829598132,
149790078,-2.830531657,
150390038,-2.830607335,
150989998,-2.851300683,
151589958,-2.831083708,
152189918,-2.832491784,
152789878,-2.832231001,
153389838,-2.833055021,
153989798,-2.834353683,
154589758,-2.85307678,
155189718,-2.836303832,
155789678,-2.83759696,
156389638,-2.838323203,
156989598,-2.839340182,
157589558,-2.84172507,
158189518,-2.843041226,
158789478,-2.845141458,
159389438,-2.846350634,
159989398,-2.847722387,
160589358,-2.85027118,
161189318,-2.850837141,
161789278,-2.853459005,
162389238,-2.855090082,
162989198,-2.856433699,
163589158,-2.858583467,
164189118,-2.860042828,
164789078,-2.862461403,
165389038,-2.86418953,
165988998,-2.867427932,
166588958,-2.869417821,
167188918,-2.870542934,
167788878,-2.87215418,
168388838,-2.856475454,
168988798,-2.876160563,
169588758,-2.878671505,
170188718,-2.880666677,
170788678,-2.881373996,
171388638,-2.883983181,
171988598,-2.886309336,
172588558,-2.887747737,
173188518,-2.889434543,
173788478,-2.891816169,
174388438,-2.892606738,
174988398,-2.894999073,
175588358,-2.896938214,
176188318,-2.898090941,
176788278,-2.88407218,
177388238,-2.901480117,
177988198,-2.903140568,
178588158,-2.904617242,
179188118,-2.905186032,
179788078,-2.906826147,
180388038,-2.908876412,
180987998,-2.897541801,
181587958,-2.910633514,
182187918,-2.911946461,
182787878,-2.91367195,
183387838,-2.907706197,
183987798,-2.916228461,
184587758,-2.917084607,
185187718,-2.918419975,
185787678,-2.919207907,
186387638,-2.920115817,
186987598,-2.920847929,
187587558,-2.922104771,
188187518,-2.922477551,
188787478,-2.923779743,
189387438,-2.92473565,
189987398,-2.925379973,
190587358,-2.926944045,
191187318,-2.913952971,
191787278,-2.928660581,
192387238,-2.929765165,
192987198,-2.930464508,
193587158,-2.930943644,
194187118,-2.933356114,
194787078,-2.933964989,
195387038,-2.933984524,
195986998,-2.935685921,
196586958,-2.935649205,
197186918,-2.936477212,
197786878,-2.937579596,
198386838,-2.938716853,
198986798,-2.939568203,
199586758,-2.940043876,
200186718,-2.941072125,
200786678,-2.94354207,
201386638,-2.945049678,
201986598,-2.94605936,
202586558,-2.945268612,
203186518,-2.946845098,
203786478,-2.962312405,
204386438,-2.948600799,
204986398,-2.94975731,
205586358,-2.95129856,
206186318,-2.952906431,
206786278,-2.935780978,
207386238,-2.955721628,
207986198,-2.957434815,
208586158,-2.95872122,
209186118,-2.96067673,
209786078,-2.962281145,
210386038,-2.963498954,
210985998,-2.965053881,
211585958,-2.966227076,
212185918,-2.968563998,
212785878,-2.970836732,
213385838,-2.973473586,
213985798,-2.97519971,
214585758,-2.976964968,
215185718,-2.979217002,
215785678,-2.982506381,
216385638,-2.983907109,
216985598,-2.986268527,
217585558,-2.989166639,
218185518,-2.99207677,
218785478,-2.994470826,
219385438,-2.997137768,
219985398,-3.00043403,
220585358,-2.986384887,
221185318,-3.006657647,
221785278,-3.010129775,
222385238,-3.013309235,
222985198,-3.016555078,
223585158,-3.020834803,
224185118,-3.02339224,
224785078,-3.027221443,
225385038,-3.031897159,
225984998,-3.034983248,
226584958,-3.039654806,
227184918,-3.043333398,
227784878,-3.048387938,
228384838,-3.05348846,
228984798,-3.057142268,
229584758,-3.061209957,
230184718,-3.066173154,
230784678,-3.071562558,
231384638,-3.088312514,
231984598,-3.080609134,
232584558,-3.086596261,
233184518,-3.09137371,
233784478,-3.120851746,
234384438,-3.102029483,
234984398,-3.106997287,
235584358,-3.113715794,
236184318,-3.118852373,
236784278,-3.116353531,
237384238,-3.130094661,
237984198,-3.137390469,
238584158,-3.143423469,
239184118,-3.149375056,
239784078,-3.15728639,
240384038,-3.16417382,
240983998,-3.169148424,
241583958,-3.177793519,
242183918,-3.183746841,
242783878,-3.190613022,
243383838,-3.198190585,
243983798,-3.204787363,
244583758,-3.212665514,
245183718,-3.220837987,
245783678,-3.227685677,
246383638,-3.23479085,
246983598,-3.242941483,
247583558,-3.270528792,
248183518,-3.259111975,
248783478,-3.266752378,
249383438,-3.275474077,
249983398,-3.284586216,
250583358,-3.291753548,
251183318,-3.299624921,
251783278,-3.325778278,
252383238,-3.316414368,
252983198,-3.333392768,
253583158,-3.333157519,
254183118,-3.342180842,
254783078,-3.350949849,
255383038,-3.359418595,
255982998,-3.36908906,
256582958,-3.377326949,
257182918,-3.385818119,
257782878,-3.394435045,
258382838,-3.403652438,
258982798,-3.41317233,
259582758,-3.421374047,
260182718,-3.430308659,
260782678,-3.434890112,
261382638,-3.449794486,
261982598,-3.457775866,
262582558,-3.46642833,
263182518,-3.475550765,
263782478,-3.485054078,
264382438,-3.494025619,
264982398,-3.50317346,
265582358,-3.511498944,
266182318,-3.521480696,
266782278,-3.52944175,
267382238,-3.524106877,
267982198,-3.548320502,
268582158,-3.557079519,
269182118,-3.565751765,
269782078,-3.574830547,
270382038,-3.584642063,
270981998,-3.59267911,
271581958,-3.589520916,
272181918,-3.610852043,
272781878,-3.61938407,
273381838,-3.628707027,
273981798,-3.636966325,
274581758,-3.632833127,
275181718,-3.654885141,
275781678,-3.663464183,
276381638,-3.672129082,
276981598,-3.679562446,
277581558,-3.688428664,
278181518,-3.696188964,
278781478,-3.704701775,
279381438,-3.730732955,
279981398,-3.721206888,
280581358,-3.728985451,
281181318,-3.737804343,
281781278,-3.745538903,
282381238,-3.768530118,
282981198,-3.760520133,
283581158,-3.768444756,
284181118,-3.760818648,
284781078,-3.783669062,
285381038,-3.789845945,
285980998,-3.798041044,
286580958,-3.804453873,
287180917,-3.811769244,
287780877,-3.819106672,
288380837,-3.824925388,
288980797,-3.832236766,
289580757,-3.838575483,
290180717,-3.846695258,
290780677,-3.852081822,
291380637,-3.857720611,
291980597,-3.864611845,
292580557,-3.869349201,
293180517,-3.876176531,
293780477,-3.881200726,
294380437,-3.886809896,
294980397,-3.89356098,
295580357,-3.908080642,
296180317,-3.902776876,
296780277,-3.908119097,
297380237,-3.913214306,
297980197,-3.918738788,
298580157,-3.935222158,
299180117,-3.926860829,
299780077,-3.931793146,
300380037,-3.935215832,
300979997,-3.93889342,
301579957,-3.942641743,
302179917,-3.946585495,
302779877,-3.950508448,
303379837,-3.953313804,
303979797,-3.957569122,
304579757,-3.954654272,
305179717,-3.963210609,
305779677,-3.986941506,
306379637,-3.967928982,
306979597,-3.971677857,
307579557,-3.954357659,
308179517,-3.976307735,
308779477,-3.977272687,
309379437,-3.980478597,
309979397,-3.981230227,
310579357,-3.982873891,
311179317,-3.984382831,
311779277,-3.985860164,
312379237,-3.98641008,
312979197,-3.987434403,
313579157,-3.988020874,
314179117,-3.989119524,
314779077,-3.991074472,
315379037,-3.989503025,
315978997,-3.990036066,
316578957,-3.990206587,
317178917,-3.99048195,
317778877,-3.990961441,
318378837,-4.010245265,
318978797,-3.990154333,
319578757,-3.990137889,
320178717,-3.988464257,
320778677,-3.989066167,
321378637,-3.98800838,
321978597,-3.986290735,
322578557,-3.985321904,
323178517,-3.983418543,
323778477,-3.971105297,
324378437,-3.99547808,
324978397,-3.98019467,
325578357,-3.9771659,
326178317,-3.974903078,
326778277,-3.973193702,
327378237,-3.969705908,
327978197,-3.967842003,
328578157,-3.965933373,
329178117,-3.962861194,
329778077,-3.960658154,
330378037,-3.958148769,
330977997,-3.955217692,
331577957,-3.950733568,
332177917,-3.946876924,
332777877,-3.947795793,
333377837,-3.940814816,
333977797,-3.937964101,
334577757,-3.933540659,
335177717,-3.949389555,
335777677,-3.92706579,
336377637,-3.921859599,
336977597,-3.916371148,
337577557,-3.912580492,
338177517,-3.908500925,
338777477,-3.903028704,
339377437,-3.898408628,
339977397,-3.893956757,
340577357,-3.888339156,
341177317,-3.884018131,
341777277,-3.878269679,
342377237,-3.873368086,
342977197,-3.868559081,
343577157,-3.864027065,
344177117,-3.857803822,
344777077,-3.852677257,
345377037,-3.847429506,
345976997,-3.841419321,
346576957,-3.835771921,
347176917,-3.829987157,
347776877,-3.823607198,
348376837,-3.818338866,
348976797,-3.805331311,
349576757,-3.815257543,
350176717,-3.801041237,
350776677,-3.794921175,
351376637,-3.787422768,
351976597,-3.781931105,
352576557,-3.774023632,
353176517,-3.769384615,
353776477,-3.763300881,
354376437,-3.772018617,
354976397,-3.737925783,
355576357,-3.742913403,
356176317,-3.736487475,
356776277,-3.730408474,
357376237,-3.725608596,
357976197,-3.718484292,
358576157,-3.711205928,
359176117,-3.706381732,
359776077,-3.698805001,
360376037,-3.673309118,
360975997,-3.686831591,
361575957,-3.679595144,
362175917,-3.673312076,
362775877,-3.667119308,
363375837,-3.66141059,
363975797,-3.670537001,
364575757,-3.648480775,
365175717,-3.641637194,
365775677,-3.635430664,
366375637,-3.629754771,
366975597,-3.622556682,
367575557,-3.616898354,
368175517,-3.610413389,
368775477,-3.604310549,
369375437,-3.597670295,
369975397,-3.591875203,
370575357,-3.584924378,
371175317,-3.580195636,
371775277,-3.572195592,
372375237,-3.567328824,
372975197,-3.561387427,
373575157,-3.554549116,
374175117,-3.54846776,
374775077,-3.54293046,
375375037,-3.534494042,
375974997,-3.528185372,
376574957,-3.522758015,
377174917,-3.498249799,
377774877,-3.509927965,
378374837,-3.504572403,
378974797,-3.497790012,
379574757,-3.492332467,
380174717,-3.487388299,
380774677,-3.480392733,
381374637,-3.475618572,
381974597,-3.46838472,
382574557,-3.463011071,
383174517,-3.458497525,
383774477,-3.452209156,
384374437,-3.44597512,
384974397,-3.439643628,
385574357,-3.434328045,
386174317,-3.430320892,
386774277,-3.423623059,
387374237,-3.418593658,
387974197,-3.413867251,
388574157,-3.407976138,
389174117,-3.402371528,
389774077,-3.398117981,
390374037,-3.392397446,
390973997,-3.387283265,
391573957,-3.383900594,
392173917,-3.373989733,
392773877,-3.373647599,
393373837,-3.370293106,
393973797,-3.359093928,
394573757,-3.361711287,
395173717,-3.357124454,
395773677,-3.353247648,
396373637,-3.35114591,
396973597,-3.365167417,
397573557,-3.342933188,
398173517,-3.338034917,
398773477,-3.344373419,
399373437,-3.330888319,
399973397,-3.327610007,
400573357,-3.324164116,
401173317,-3.320029822,
401773277,-3.316783557,
402373237,-3.324219273,
402973197,-3.311194112,
403573157,-3.308495921,
404173117,-3.304448209,
404773077,-3.301964277,
405373037,-3.298473123,
405972997,-3.296323497,
406572957,-3.292771858,
407172917,-3.288399864,
407772877,-3.286825776,
408372837,-3.282383657,
408972797,-3.278481192,
409572757,-3.276456158,
410172717,-3.272803717,
410772677,-3.268924338,
411372637,-3.266006511,
411972597,-3.262508088,
412572557,-3.259646605,
413172517,-3.257178058,
413772477,-3.25381839,
414372437,-3.251009793,
414972397,-3.248897636,
415572357,-3.245575529,
416172317,-3.258178937,
416772277,-3.240906048,
417372237,-3.2400668,
417972197,-3.236839091,
418572157,-3.234677801,
419172117,-3.213370848,
419772077,-3.231017449,
420372037,-3.228303709,
420971997,-3.226282081,
421571957,-3.223920311,
422171917,-3.22199671,
422771877,-3.219804211,
423371837,-3.216630514,
423971797,-3.212803453,
424571757,-3.210023541,
425171717,-3.207287368,
425771677,-3.204607736,
426371637,-3.201580891,
426971597,-3.199727615,
427571557,-3.197259077,
428171517,-3.194062211,
428771477,-3.192245678,
429371437,-3.189792139,
429971396,-3.188548826,
430571356,-3.188134984,
431171316,-3.185194928,
431771276,-3.184435522,
432371236,-3.182144243,
432971196,-3.181260443,
433571156,-3.17930695,
434171116,-3.178179706,
434771076,-3.176223046,
435371036,-3.176379374,
435970996,-3.174118739,
436570956,-3.173069403,
437170916,-3.171754315,
437770876,-3.171835506,
438370836,-3.170401655,
438970796,-3.169654441,
439570756,-3.168802768,
440170716,-3.167521452,
440770676,-3.16788545,
441370636,-3.166623043,
441970596,-3.162128285,
442570556,-3.180340201,
443170516,-3.165908559,
443770476,-3.16508445,
444370436,-3.165295939,
444970396,-3.16598304,
445570356,-3.164789402,
446170316,-3.166829926,
446770276,-3.166301957,
447370236,-3.165896641,
447970196,-3.155434193,
448570156,-3.167740614,
449170116,-3.165948544,
449770076,-3.168896843,
450370036,-3.168912118,
450969996,-3.169033271,
451569956,-3.1688451,
452169916,-3.169893109,
452769876,-3.170356598,
453369836,-3.171977802,
453969796,-3.171368697,
454569756,-3.172050758,
455169716,-3.175203136,
455769676,-3.173417499,
456369636,-3.174735654,
456969596,-3.175527797,
457569556,-3.176294476,
458169516,-3.177807829,
458769476,-3.179907251,
459369436,-3.18098033,
459969396,-3.181789906,
460569356,-3.183682122,
461169316,-3.184258788,
461769276,-3.1870198,
462369236,-3.187768847,
462969196,-3.188511261,
463569156,-3.190123194,
464169116,-3.191944702,
464769076,-3.193926966,
465369036,-3.195665851,
465968996,-3.19906701,
466568956,-3.199292021,
467168916,-3.201758504,
467768876,-3.20469018,
468368836,-3.206535736,
468968796,-3.208161262,
469568756,-3.211116405,
470168716,-3.213383233,
470768676,-3.215313685,
471368636,-3.217189575,
471968596,-3.220383552,
472568556,-3.240587927,
473168516,-3.215522438,
473768476,-3.227962062,
474368436,-3.231838336,
474968396,-3.233852998,
475568356,-3.238242862,
476168316,-3.240051247,
476768276,-3.244344137,
477368236,-3.246633526,
477968196,-3.249965883,
478568156,-3.253207318,
479168116,-3.255668885,
479768076,-3.260390482,
480368036,-3.262958728,
480967996,-3.267507613,
481567956,-3.271780045,
482167916,-3.274592624,
482767876,-3.278917639,
483367836,-3.283823673,
483967796,-3.28698268,
484567756,-3.291288527,
485167716,-3.295330022,
485767676,-3.300557811,
486367636,-3.304140797,
486967596,-3.308662971,
487567556,-3.312207662,
488167516,-3.317544873,
488767476,-3.321544778,
489367436,-3.326721264,
489967396,-3.330550591,
490567356,-3.335122056,
491167316,-3.34033184,
491767276,-3.345691756,
492367236,-3.349335398,
492967196,-3.35490525,
493567156,-3.360175837,
494167116,-3.364938618,
494767076,-3.370581804,
495367036,-3.375540796,
495966996,-3.3821498,
496566956,-3.387599923,
497166916,-3.39253273,
497766876,-3.3980917,
498366836,-3.404054278,
498966796,-3.422737728,
499566756,-3.414572627,
500166716,-3.420709495,
500766676,-3.425957321,
501366636,-3.414867842,
501966596,-3.438680283,
502566556,-3.442952406,
503166516,-3.45031976,
503766476,-3.454967131,
504366436,-3.447670477,
504966396,-3.467005957,
505566356,-3.473888501,
506166316,-3.479994737,
506766276,-3.484971381,
507366236,-3.492210176,
507966196,-3.497367956,
508566156,-3.503776869,
509166116,-3.510546554,
509766076,-3.513696176,
510366036,-3.524012144,
510965996,-3.529997436,
511565956,-3.535499731,
512165916,-3.542541571,
512765876,-3.549579744,
513365836,-3.555253636,
513965796,-3.562564829,
514565756,-3.57001778,
515165716,-3.575931165,
515765676,-3.581811397,
516365636,-3.575627513,
516965596,-3.59583858,
517565556,-3.602325947,
518165516,-3.627342942,
518765476,-3.616903197,
519365436,-3.623178013,
519965396,-3.629758031,
520565356,-3.637389602,
521165316,-3.643648716,
521765276,-3.65082689,
522365236,-3.658569502,
522965196,-3.664981499,
523565156,-3.671890804,
524165116,-3.691864213,
524765076,-3.686017149,
525365036,-3.693752778,
525964996,-3.700140063,
526564956,-3.707088129,
527164916,-3.714505459,
527764876,-3.722008667,
528364836,-3.72848519,
528964796,-3.736285537,
529564756,-3.742785352,
530164716,-3.750582883,
530764676,-3.751890733,
531364636,-3.763843546,
531964596,-3.770757285,
532564556,-3.779103018,
533164516,-3.785454604,
533764476,-3.792593182,
534364436,-3.800465643,
534964396,-3.806302288,
535564356,-3.813378035,
536164316,-3.820344939,
536764276,-3.827779547,
537364236,-3.834235074,
537964196,-3.841338199,
538564156,-3.848157667,
539164116,-3.856204382,
539764076,-3.862100934,
540364036,-3.869145895,
540963996,-3.87510538,
541563956,-3.863355746,
542163916,-3.890474634,
542763876,-3.896098695,
543363836,-3.902788821,
543963796,-3.909884021,
544563756,-3.916793678,
545163716,-3.925268858,
545763676,-3.930088648,
546363636,-3.936688715,
546963596,-3.943725533,
547563556,-3.949189199,
548163516,-3.955983616,
548763476,-3.962286739,
549363436,-3.969532832,
549963396,-3.988615025,
550563356,-3.982036715,
551163316,-3.988098301,
551763276,-3.993595975,
552363236,-3.99911696,
552963196,-4.007245547,
553563156,-4.012296871,
554163116,-4.017454854,
554763076,-4.023596742,
555363036,-4.044139866,
555962996,-4.036172959,
556562956,-4.041106051,
557162916,-4.047953479,
557762876,-4.052486804,
558362836,-4.057975789,
558962796,-4.041910929,
559562756,-4.069227995,
560162716,-4.070665358,
560762676,-4.081319664,
561362636,-4.084854046,
561962596,-4.088104051,
562562556,-4.096263928,
563162516,-4.10020146,
563762476,-4.105651738,
564362436,-4.110507526,
564962396,-4.114676611,
565562356,-4.119900157,
566162316,-4.124412431,
566762276,-4.128521899,
567362236,-4.133271267,
567962196,-4.136037911,
568562156,-4.141336696,
569162116,-4.145536368,
569762076,-4.150158299,
570362036,-4.15353274,
570961996,-4.140767497,
571561956,-4.145394407,
572161916,-4.163555464,
572761875,-4.167587916,
573361835,-4.170458599,
573961795,-4.173997549,
574561755,-4.178342363,
575161715,-4.180322982,
575761675,-4.1837535,
576361635,-4.210158814,
576961595,-4.189816265,
577561555,-4.191977162,
578161515,-4.194512999,
578761475,-4.197516649,
579361435,-4.199901497,
579961395,-4.201723218,
580561355,-4.204349031,
581161315,-4.206907377,
581761275,-4.209701996,
582361235,-4.21082336,
582961195,-4.213166325,
583561155,-4.213740728,
584161115,-4.216113327,
584761075,-4.218327816,
585361035,-4.192750478,
585960995,-4.201549715,
586560955,-4.221617536,
587160915,-4.223654995,
587760875,-4.224103933,
588360835,-4.225190929,
588960795,-4.226330661,
589560755,-4.22727239,
590160715,-4.226582289,
590760675,-4.228513917,
591360635,-4.229140451,
591960595,-4.208757528,
592560555,-4.21199374,
593160515,-4.227522176,
593760475,-4.230744872,
594360435,-4.231785912,
594960395,-4.230700826,
595560355,-4.231314691,
596160315,-4.233632354,
596760275,-4.230633758,
597360235,-4.229671254,
597960195,-4.229875586,
598560155,-4.229078941,
599160115,-4.228473611,
599760075,-4.228170089,
600360035,-4.228526876,
600959995,-4.22629619,
601559955,-4.225720808,
602159915,-4.222954154,
602759875,-4.224253796,
603359835,-4.2205827,
603959795,-4.219835989,
604559755,-4.214101638,
605159715,-4.216568233,
605759675,-4.213583104,
606359635,-4.212172135,
606959595,-4.210767842,
607559555,-4.208060266,
608159515,-4.205173301,
608759475,-4.202472289,
609359435,-4.200412677,
609959395,-4.19633881,
610559355,-4.195190316,
611159315,-4.191694757,
611759275,-4.187964652,
612359235,-4.185386438,
612959195,-4.183727617,
613559155,-4.179281104,
614159115,-4.174823803,
614759075,-4.196873212,
615359035,-4.170699167,
615958995,-4.16633816,
616558955,-4.163182269,
617158915,-4.159989172,
617758875,-4.155021662,
618358835,-4.171028085,
618958795,-4.148457592,
619558755,-4.143179358,
620158715,-4.138223339,
620758675,-4.133182999,
621358635,-4.129513625,
621958595,-4.124902635,
622558555,-4.120728062,
623158515,-4.117457537,
623758475,-4.111459229,
624358435,-4.106743716,
624958395,-4.102563513,
625558355,-4.098218211,
626158315,-4.09308058,
626758275,-4.08622854,
627358235,-4.082110201,
627958195,-4.076563028,
628558155,-4.073152696,
629158115,-4.068335369,
629758075,-4.061736549,
630358035,-4.055882579,
630957995,-4.050365934,
631557955,-4.045254648,
632157915,-4.028683981,
632757875,-4.035209507,
633357835,-4.029474981,
633957795,-4.022817041,
634557755,-4.01767901,
635157715,-4.012641992,
635757675,-4.006305738,
636357635,-3.999966456,
636957595,-3.993776725,
637557555,-3.988609719,
638157515,-3.985137643,
638757475,-3.976872646,
639357435,-3.97033006,
639957395,-3.964076557,
640557355,-3.980394921,
641157315,-3.951605984,
641757275,-3.946052034,
642357235,-3.959207931,
642957195,-3.932933682,
643557155,-3.925660635,
644157115,-3.919930849,
644757075,-3.913821537,
645357035,-3.906553496,
645956995,-3.900255626,
646556955,-3.892864659,
647156915,-3.886381822,
647756875,-3.880736399,
648356835,-3.872955629,
648956795,-3.866313096,
649556755,-3.859635611,
650156715,-3.853328865,
650756675,-3.846419421,
651356635,-3.838890732,
651956595,-3.831997346,
652556555,-3.824568651,
653156515,-3.817930276,
653756475,-3.789752004,
654356435,-3.804305702,
654956395,-3.800684893,
655556355,-3.772346027,
656156315,-3.783636322,
656756275,-3.776341618,
657356235,-3.769282801,
657956195,-3.761680206,
658556155,-3.7555232,
659156115,-3.748379681,
659756075,-3.740956491,
660356035,-3.734423381,
660955995,-3.726874442,
661555955,-3.720978441,
662155915,-3.714202829,
662755875,-3.708560722,
663355835,-3.700027618,
663955795,-3.692718116,
664555755,-3.686255412,
665155715,-3.679674885,
665755675,-3.672727658,
666355635,-3.665821008,
666955595,-3.658930438,
667555555,-3.651724085,
668155515,-3.64497777,
668755475,-3.63855423,
669355435,-3.631622286,
669955395,-3.626424229,
670555355,-3.617691575,
671155315,-3.611571913,
671755275,-3.605040963,
672355235,-3.598303847,
672955195,-3.59210275,
673555155,-3.585260416,
674155115,-3.578560562,
674755075,-3.592435621,
675355035,-3.565421694,
675954995,-3.559118862,
676554955,-3.552800942,
677154915,-3.531724067,
677754875,-3.540435289,
678354835,-3.534096326,
678954795,-3.52799461,
679554755,-3.520378456,
680154715,-3.515209498,
680754675,-3.508313895,
681354635,-3.502003894,
681954595,-3.496465054,
682554555,-3.49012479,
683154515,-3.484212721,
683754475,-3.480528783,
684354435,-3.491187021,
684954395,-3.463696678,
685554355,-3.460777732,
686154315,-3.455489332,
686754275,-3.449114909,
687354235,-3.445210168,
687954195,-3.438621681,
688554155,-3.433692635,
689154115,-3.427284725,
689754075,-3.423309988,
690354035,-3.438736798,
690953995,-3.410388979,
691553955,-3.405852679,
692153915,-3.401359493,
692753875,-3.395414999,
693353835,-3.393304536,
693953795,-3.385293172,
694553755,-3.380993947,
695153715,-3.376445833,
695753675,-3.372223687,
696353635,-3.365129922,
696953595,-3.361402996,
697553555,-3.357495046,
698153515,-3.353526646,
698753475,-3.346411709,
699353435,-3.343468566,
699953395,-3.339055894,
700553355,-3.320855292,
701153315,-3.329076767,
701753275,-3.326703253,
702353235,-3.321189148,
702953195,-3.317848859,
703553155,-3.313688813,
704153115,-3.310438331,
704753075,-3.305115255,
705353035,-3.302134004,
705952995,-3.300154287,
706552955,-3.293930863,
707152915,-3.291355044,
707752875,-3.28546553,
708352835,-3.283796389,
708952795,-3.278399013,
709552755,-3.278150184,
710152715,-3.271039459,
710752675,-3.270388281,
711352635,-3.266786592,
711952595,-3.270685765,
712552555,-3.261376662,
713152515,-3.257090741,
713752475,-3.253892286,
714352435,-3.25067345,
714952395,-3.247796344,
715552354,-3.246890176,
716152314,-3.232228312,
716752274,-3.23862584,
717352234,-3.2369585,
717952194,-3.234729587,
718552154,-3.23074654,
719152114,-3.219128496,
719752074,-3.227245279,
720352034,-3.224180777,
720951994,-3.222694587,
721551954,-3.219386767,
722151914,-3.219150845,
722751874,-3.216542459,
723351834,-3.214529646,
723951794,-3.213422292,
724551754,-3.213067375,
725151714,-3.210659055,
725751674,-3.207825847,
726351634,-3.208156025,
726951594,-3.205912287,
727551554,-3.205859037,
728151514,-3.203575594,
728751474,-3.201740414,
729351434,-3.202006419,
729951394,-3.198988303,
730551354,-3.199143371,
731151314,-3.19684218,
731751274,-3.197408223,
732351234,-3.195507661,
732951194,-3.193906345,
733551154,-3.193518083,
734151114,-3.192988945,
734751074,-3.192777397,
735351034,-3.192855087,
735950994,-3.191861657,
736550954,-3.191651261,
737150914,-3.191166204,
737750874,-3.190601176,
738350834,-3.190023673,
738950794,-3.189804108,
739550754,-3.189814782,
740150714,-3.180643855,
740750674,-3.188855612,
741350634,-3.190296506,
741950594,-3.190118782,
742550554,-3.178313991,
743150514,-3.190911266,
743750474,-3.192581143,
744350434,-3.1915542,
744950394,-3.191534176,
745550354,-3.191719258,
746150314,-3.194107515,
746750274,-3.194479845,
747350234,-3.197156252,
747950194,-3.19644691,
748550154,-3.197508184,
749150114,-3.198958786,
749750074,-3.200335744,
750350034,-3.201928118,
750949994,-3.202770803,
751549954,-3.203284352,
752149914,-3.204364603,
752749874,-3.222999065,
753349834,-3.207745743,
753949794,-3.21042576,
754549754,-3.210395292,
755149714,-3.212750415,
755749674,-3.214073354,
756349634,-3.216801605,
756949594,-3.217513529,
757549554,-3.221172279,
758149514,-3.222935881,
758749474,-3.225661531,
759349434,-3.228116213,
759949394,-3.230080218,
760549354,-3.232693165,
761149314,-3.236276476,
761749274,-3.23864204,
762349234,-3.240536089,
762949194,-3.244115305,
763549154,-3.24765185,
764149114,-3.250477237,
764749074,-3.2532076,
765349034,-3.257155345,
765948994,-3.260781946,
766548954,-3.263594491,
767148914,-3.268048121,
767748874,-3.271688139,
768348834,-3.275468544,
768948794,-3.279942398,
769548754,-3.284788822,
770148714,-3.286846557,
770748674,-3.291654327,
771348634,-3.295509966,
771948594,-3.300838,
772548554,-3.304862501,
773148514,-3.31044097,
773748474,-3.314377781,
774348434,-3.319367637,
774948394,-3.323767909,
775548354,-3.329628301,
776148314,-3.333935581,
776748274,-3.338948785,
777348234,-3.345096807,
777948194,-3.350551431,
778548154,-3.354489213,
779148114,-3.359493851,
779748074,-3.365204059,
780348034,-3.371050133,
780947994,-3.37581968,
781547954,-3.380864892,
782147914,-3.388513067,
782747874,-3.393641191,
783347834,-3.39881571,
783947794,-3.404712705,
784547754,-3.411372767,
785147714,-3.416451549,
785747674,-3.423190895,
786347634,-3.429350733,
786947594,-3.436380368,
787547554,-3.441297,
788147514,-3.44759557,
788747474,-3.455122309,
789347434,-3.460914249,
789947394,-3.475178394,
790547354,-3.473804874,
791147314,-3.482402787,
791747274,-3.486957235,
792347234,-3.494785809,
792947194,-3.501802396,
793547154,-3.508944365,
794147114,-3.508737964,
794747074,-3.523472101,
795347034,-3.531917078,
795946994,-3.537995596,
796546954,-3.546518931,
797146914,-3.553469852,
797746874,-3.560797583,
798346834,-3.570607983,
798946794,-3.576842829,
799546754,-3.60161955,
800146714,-3.602974599,
800746674,-3.60183589,
801346634,-3.609054825,
801946594,-3.616951655,
802546554,-3.62513456,
803146514,-3.633388343,
803746474,-3.641900674,
804346434,-3.649256265,
804946394,-3.657644865,
805546354,-3.688550734,
806146314,-3.6734154,
806746274,-3.682011508,
807346234,-3.690055712,
807946194,-3.698913236,
808546154,-3.706282311,
809146114,-3.715420084,
809746074,-3.726383453,
810346034,-3.732461183,
810945994,-3.740179415,
811545954,-3.748461656,
812145914,-3.757384186,
812745874,-3.765828967,
813345834,-3.775773678,
813945794,-3.782520828,
814545754,-3.793719156,
815145714,-3.800523932,
815745674,-3.809219961,
816345634,-3.817376049,
816945594,-3.826459529,
817545554,-3.833250612,
818145514,-3.841889543,
818745474,-3.850357593,
819345434,-3.859662246,
819945394,-3.878946666,
820545354,-3.877237913,
821145314,-3.871122246,
821745274,-3.894247665,
822345234,-3.900888358,
822945194,-3.910023807,
823545154,-3.918028965,
824145114,-3.925697896,
824745074,-3.933862906,
825345034,-3.945863031,
825944994,-3.951924588,
826544954,-3.958624865,
827144914,-3.966562922,
827744874,-3.995665974,
828344834,-3.984750834,
828944794,-3.994886072,
829544754,-4.001262913,
830144714,-4.007790727,
830744674,-4.01874912,
831344634,-4.025189317,
831944594,-4.033577387,
832544554,-4.043367067,
833144514,-4.052854906,
833744474,-4.058157159,
834344434,-4.064807797,
834944394,-4.07314711,
835544354,-4.082508379,
836144314,-4.090296909,
836744274,-4.098497331,
837344234,-4.105803697,
837944194,-4.111598349,
838544154,-4.107365421,
839144114,-4.127353379,
839744074,-4.133601668,
840344034,-4.141418018,
840943994,-4.15219018,
841543954,-4.157497751,
842143914,-4.165109379,
842743874,-4.174214165,
843343834,-4.178290122,
843943794,-4.18646018,
844543754,-4.193364315,
845143714,-4.199617191,
845743674,-4.206501326,
846343634,-4.213414056,
846943594,-4.22202963,
847543554,-4.229267266,
848143514,-4.244072029,
848743474,-4.23993717,
849343434,-4.246448085,
849943394,-4.253801417,
850543354,-4.257864112,
851143314,-4.26656716,
851743274,-4.270592511,
852343234,-4.277664616,
852943194,-4.284323483,
853543154,-4.288595298,
854143114,-4.29381677,
854743074,-4.298116044,
855343034,-4.306734447,
855942994,-4.308431909,
856542954,-4.313593136,
857142914,-4.317670062,
857742874,-4.322812422,
858342833,-4.32856165,
858942793,-4.330675653,
859542753,-4.336122915,
860142713,-4.344067901,
860742673,-4.343080654,
861342633,-4.347860112,
861942593,-4.352689633,
862542553,-4.354835997,
863142513,-4.358457514,
863742473,-4.361481323,
864342433,-4.364905472,
864942393,-4.369076284,
865542353,-4.37085444,
866142313,-4.373088261,
866742273,-4.376841564,
867342233,-4.380146361,
867942193,-4.382016256,
868542153,-4.410040415,
869142113,-4.387834001,
869742073,-4.389222449,
870342033,-4.391072849,
870941993,-4.411671112,
871541953,-4.395100491,
872141913,-4.394985068,
872741873,-4.397652078,
873341833,-4.399630876,
873941793,-4.420301582,
874541753,-4.40170821,
875141713,-4.403893607,
875741673,-4.404029664,
876341633,-4.404925281,
876941593,-4.404433529,
877541553,-4.405756005,
878141513,-4.404837189,
878741473,-4.394064842,
879341433,-4.404562978,
879941393,-4.404373559,
880541353,-4.40354727,
881141313,-4.404182969,
881741273,-4.404523472,
882341233,-4.403142017,
882941193,-4.401602241,
883541153,-4.399416829,
884141113,-4.398974314,
884741073,-4.397363939,
885341033,-4.395911865,
885940993,-4.393664532,
886540953,-4.393073354,
887140913,-4.390091834,
887740873,-4.361674006,
888340833,-4.384826797,
888940793,-4.383237002,
889540753,-4.380640571,
890140713,-4.376777957,
890740673,-4.373952875,
891340633,-4.371601063,
891940593,-4.36824972,
892540553,-4.365279392,
893140513,-4.361957706,
893740473,-4.358626981,
894340433,-4.355388478,
894940393,-4.350226603,
895540353,-4.348070128,
896140313,-4.343246091,
896740273,-4.339325254,
897340233,-4.334587159,
897940193,-4.330605976,
898540153,-4.326767993,
899140113,-4.321457276,
899740073,-4.318101067,
900340033,-4.31854436,
900939993,-4.313818251,
901539953,-4.308646014,
902139913,-4.298115523,
902739873,-4.298758036,
903339833,-4.294497067,
903939793,-4.28815198,
904539753,-4.283041733,
905139713,-4.278210307,
905739673,-4.2722053,
906339633,-4.265924086,
906939593,-4.260775506,
907539553,-4.273824465,
908139513,-4.248732589,
908739473,-4.224052609,
909339433,-4.236978384,
909939393,-4.229697296,
910539353,-4.22391666,
911139313,-4.216930527,
911739273,-4.210739405,
912339233,-4.20345537,
912939193,-4.19768962,
913539153,-4.190533202,
914139113,-4.183758991,
914739073,-4.176582053,
915339033,-4.169661158,
915938993,-4.173966698,
916538953,-4.156049202,
917138913,-4.148953177,
917738873,-4.141135417,
918338833,-4.134156031,
918938793,-4.126921647,
919538753,-4.119544664,
920138713,-4.112570547,
920738673,-4.106356524,
921338633,-4.097880218,
921938593,-4.090417809,
922538553,-4.083745388,
923138513,-4.074845493,
923738473,-4.06697437,
924338433,-4.05997382,
924938393,-4.052597481,
925538353,-4.046199912,
926138313,-4.037985704,
926738273,-4.029808364,
927338233,-4.021904933,
927938193,-4.013820998,
928538153,-4.006599423,
929138113,-3.998699236,
929738073,-3.991258916,
930338033,-3.986644862,
930937993,-3.98973428,
931537953,-3.96775843,
932137913,-3.961214989,
932737873,-3.953382871,
933337833,-3.944522951,
933937793,-3.937696211,
934537753,-3.929059406,
935137713,-3.921593757,
935737673,-3.90038454,
936337633,-3.904864079,
936937593,-3.896981241,
937537553,-3.890779568,
938137513,-3.88262029,
938737473,-3.875202831,
939337433,-3.865740861,
939937393,-3.859948028,
940537353,-3.851563871,
941137313,-3.845998644,
941737273,-3.836588393,
942337233,-3.829588273,
942937193,-3.822081646,
943537153,-3.807428975,
944137113,-3.811253213,
944737073,-3.797989456,
945337033,-3.792769432,
945936993,-3.784522159,
946536953,-3.77861495,
947136913,-3.76925464,
947736873,-3.762710152,
948336833,-3.755057564,
948936793,-3.747754285,
949536753,-3.740414137,
950136713,-3.734727706,
950736673,-3.72810745,
951336633,-3.720133647,
951936593,-3.733567063,
952536553,-3.707235371,
953136513,-3.701439162,
953736473,-3.692450325,
954336433,-3.687022389,
954936393,-3.679627762,
955536353,-3.672018863,
956136313,-3.666852415,
956736273,-3.660113516,
957336233,-3.653615417,
957936193,-3.646548855,
958536153,-3.627687378,
959136113,-3.63434503,
959736073,-3.629142458,
960336033,-3.622050085,
960935993,-3.617087656,
961535953,-3.611958721,
962135913,-3.605866902,
962735873,-3.599024305,
963335833,-3.592654872,
963935793,-3.588974833,
964535753,-3.58269167,
965135713,-3.575831238,
965735673,-3.572307025,
966335633,-3.568222576,
966935593,-3.561064548,
967535553,-3.558881584,
968135513,-3.547497516,
968735473,-3.546788938,
969335433,-3.542535335,
969935393,-3.537418838,
970535353,-3.532858831,
971135313,-3.531115698,
971735273,-3.525082882,
972335233,-3.517608943,
972935193,-3.517128062,
973535153,-3.512468038,
974135113,-3.50902761,
974735073,-3.505621978,
975335033,-3.501628554,
975934993,-3.499243601,
976534953,-3.495000461,
977134913,-3.490992054,
977734873,-3.487220666,
978334833,-3.484058516,
978934793,-3.480384222,
979534753,-3.475874633,
980134713,-3.47333799,
980734673,-3.471225955,
981334633,-3.467873844,
981934593,-3.464361199,
982534553,-3.461201036,
983134513,-3.457937696,
983734473,-3.45776246,
984334433,-3.452274542,
984934393,-3.451799301,
985534353,-3.449049874,
986134313,-3.457495013,
986734273,-3.443057224,
987334233,-3.440637091,
987934193,-3.438275341,
988534153,-3.436802614,
989134113,-3.434596795,
989734073,-3.433053242,
990334033,-3.431026637,
990933993,-3.427218642,
991533953,-3.427368076,
992133913,-3.423723133,
992733873,-3.421341126,
993333833,-3.420761414,
993933793,-3.416947517,
994533753,-3.417171185,
995133713,-3.413957986,
995733673,-3.413147432,
996333633,-3.409959657,
996933593,-3.397308074,
997533553,-3.393942349,
998133513,-3.407248945,
998733473,-3.405244589,
999333433,-3.404884709,
999933393,-3.403517604,
1000533353,-3.402473508,
1001133312,-3.401255597,
1001733272,-3.398978227,
1002333232,-3.398992845,
1002933192,-3.398014092,
1003533152,-3.398347997,
1004133112,-3.397083857,
1004733072,-3.395133477,
1005333032,-3.395230522,
1005932992,-3.394559879,
1006532952,-3.393758402,
1007132912,-3.392979718,
1007732872,-3.394413739,
1008332832,-3.397038083,
1008932792,-3.393556534,
1009532752,-3.375942996,
1010132712,-3.392486883,
1010732672,-3.393471977,
1011332632,-3.394174408,
1011932592,-3.393308577,
1012532552,-3.393876502,
1013132512,-3.394258282,
1013732472,-3.394154276,
1014332432,-3.394877081,
1014932392,-3.395928991,
1015532352,-3.396216181,
1016132312,-3.397139796,
1016732272,-3.396637479,
1017332232,-3.397979814,
1017932192,-3.402533259,
1018532152,-3.401676176,
1019132112,-3.398365867,
1019732072,-3.402781964,
1020332032,-3.400376585,
1020931992,-3.40113783,
1021531952,-3.402970741,
1022131912,-3.40504223,
1022731872,-3.40499625,
1023331832,-3.40538891,
1023931792,-3.40729282,
1024531752,-3.408723089,
1025131712,-3.40954933,
1025731672,-3.389197334,
1026331632,-3.412973347,
1026931592,-3.414471337,
1027531552,-3.415086097,
1028131512,-3.417331259,
1028731472,-3.419506543,
1029331432,-3.419949082,
1029931392,-3.414877196,
1030531352,-3.424637456,
1031131312,-3.428444466,
1031731272,-3.429629593,
1032331232,-3.430707148,
1032931192,-3.417919584,
1033531152,-3.436492818,
1034131112,-3.448642612,
1034731072,-3.440157333,
1035331032,-3.443266259,
1035930992,-3.445197051,
1036530952,-3.448435949,
1037130912,-3.452167239,
1037730872,-3.454396759,
1038330832,-3.457606045,
1038930792,-3.460426376,
1039530752,-3.463920968,
1040130712,-3.466443334,
1040730672,-3.47040499,
1041330632,-3.472897886,
1041930592,-3.476289082,
1042530552,-3.479085671,
1043130512,-3.483016764,
1043730472,-3.486098363,
1044330432,-3.490293792,
1044930392,-3.49386171,
1045530352,-3.49797156,
1046130312,-3.501445642,
1046730272,-3.506210177,
1047330232,-3.509923639,
1047930192,-3.513614628,
1048530152,-3.518406106,
1049130112,-3.522944244,
1049730072,-3.507109595,
1050330032,-3.531154306,
1050929992,-3.536229825,
1051529952,-3.540647531,
1052129912,-3.544347645,
1052729872,-3.54836531,
1053329832,-3.552756207,
1053929792,-3.557387988,
1054529752,-3.564230044,
1055129712,-3.567645445,
1055729672,-3.573860098,
1056329632,-3.564480337,
1056929592,-3.570111283,
1057529552,-3.590232812,
1058129512,-3.594110428,
1058729472,-3.60059453,
1059329432,-3.606102906,
1059929392,-3.611401803,
1060529352,-3.61725119,
1061129312,-3.623894523,
1061729272,-3.629704216,
1062329232,-3.635527693,
1062929192,-3.639719434,
1063529152,-3.647390623,
1064129112,-3.652609491,
1064729072,-3.661570164,
1065329032,-3.666025035,
1065928992,-3.673804834,
1066528952,-3.680224061,
1067128912,-3.685330671,
1067728872,-3.694346372,
1068328832,-3.700266136,
1068928792,-3.706476946,
1069528752,-3.714092173,
1070128712,-3.721138091,
1070728672,-3.728221085,
1071328632,-3.7355092,
1071928592,-3.742209272,
1072528552,-3.749349823,
1073128512,-3.757043493,
1073728472,-3.764367063,
1074328432,-3.769739091,
1074928392,-3.778940201,
1075528352,-3.785825184,
1076128312,-3.796907702,
1076728272,-3.80482553,
1077328232,-3.808806911,
1077928192,-3.816004119,
1078528152,-3.805613814,
1079128112,-3.856578285,
1079728072,-3.84231837,
1080328032,-3.851756399,
1080927992,-3.859308393,
1081527952,-3.866033885,
1082127912,-3.876197212,
1082727872,-3.884656076,
1083327832,-3.891860009,
1083927792,-3.902125253,
1084527752,-3.911376555,
1085127712,-3.917704399,
1085727672,-3.923914725,
1086327632,-3.935716,
1086927592,-3.944620931,
1087527552,-3.954795373,
1088127512,-3.96127031,
1088727472,-3.970076729,
1089327432,-3.981653553,
1089927392,-3.989188695,
1090527352,-3.998335549,
1091127312,-4.007285896,
1091727272,-4.016012353,
1092327232,-4.038769472,
1092927192,-4.033397566,
1093527152,-4.042227521,
1094127112,-4.052063052,
1094727072,-4.060747728,
1095327032,-4.069423665,
1095926992,-4.078402372,
1096526952,-4.088172559,
1097126912,-4.097090796,
1097726872,-4.105270159,
1098326832,-4.115318096,
1098926792,-4.12242993,
1099526752,-4.132585641,
1100126712,-4.140322005,
1100726672,-4.14873661,
1101326632,-4.157493654,
1101926592,-4.16529307,
1102526552,-4.174910935,
1103126512,-4.206017399,
1103726472,-4.190365959,
1104326432,-4.200071755,
1104926392,-4.207614863,
1105526352,-4.217570011,
1106126312,-4.227131347,
1106726272,-4.236872646,
1107326232,-4.245941482,
1107926192,-4.251332842,
1108526152,-4.259779185,
1109126112,-4.270402578,
1109726072,-4.276149993,
1110326032,-4.282890554,
1110925992,-4.293752699,
1111525952,-4.301736694,
1112125912,-4.308439337,
1112725872,-4.313592139,
1113325832,-4.322703603,
1113925792,-4.329344742,
1114525752,-4.315255452,
1115125712,-4.345558867,
1115725672,-4.352737621,
1116325632,-4.358815954,
1116925592,-4.366130316,
1117525552,-4.372126202,
1118125512,-4.38493498,
1118725472,-4.385965659,
1119325432,-4.393549784,
1119925392,-4.399249888,
1120525352,-4.385078009,
1121125312,-4.412805447,
1121725272,-4.403555666,
1122325232,-4.425470588,
1122925192,-4.429392425,
1123525152,-4.43670109,
1124125112,-4.458753238,
1124725072,-4.448722226,
1125325032,-4.454434559,
1125924992,-4.460696457,
1126524952,-4.467228735,
1127124912,-4.468936412,
1127724872,-4.475575957,
1128324832,-4.480564303,
1128924792,-4.48554591,
1129524752,-4.488711863,
1130124712,-4.494980235,
1130724672,-4.494044081,
1131324632,-4.504088631,
1131924592,-4.508093135,
1132524552,-4.512717045,
1133124512,-4.517143479,
1133724472,-4.520922924,
1134324432,-4.525249533,
1134924392,-4.528909784,
1135524352,-4.532313692,
1136124312,-4.537254135,
1136724272,-4.538719164,
1137324232,-4.54378175,
1137924192,-4.547277459,
1138524152,-4.551049568,
1139124112,-4.553679372,
1139724072,-4.558092563,
1140324032,-4.560007071,
1140923992,-4.563855634,
1141523952,-4.56572887,
1142123912,-4.568859697,
1142723872,-4.571944456,
1143323832,-4.595774771,
1143923791,-4.577073147,
1144523751,-4.578639481,
1145123711,-4.580535732,
1145723671,-4.58213742,
1146323631,-4.584035083,
1146923591,-4.585552352,
1147523551,-4.58727273,
1148123511,-4.587624376,
1148723471,-4.590152263,
1149323431,-4.591502933,
1149923391,-4.592146615,
1150523351,-4.581218221,
1151123311,-4.593397561,
1151723271,-4.594680461,
1152323231,-4.594829316,
1152923191,-4.594942473,
1153523151,-4.594757456,
1154123111,-4.595598889,
1154723071,-4.616561634,
1155323031,-4.595647643,
1155922991,-4.595304987,
1156522951,-4.595433006,
1157122911,-4.594642864,
1157722871,-4.595356794,
1158322831,-4.594007467,
1158922791,-4.592652984,
1159522751,-4.609884727,
1160122711,-4.592461154,
1160722671,-4.589787354,
1161322631,-4.607050173,
1161922591,-4.587626283,
1162522551,-4.587016207,
1163122511,-4.58588869,
1163722471,-4.584444834,
1164322431,-4.583331825,
1164922391,-4.581277609,
1165522351,-4.580657633,
1166122311,-4.57768969,
1166722271,-4.576289668,
1167322231,-4.57429693,
1167922191,-4.572076439,
1168522151,-4.569427645,
1169122111,-4.567155142,
1169722071,-4.56454186,
1170322031,-4.56300025,
1170921991,-4.560974659,
1171521951,-4.561583139,
1172121911,-4.554405503,
1172721871,-4.551713209,
1173321831,-4.549219454,
1173921791,-4.54557394,
1174521751,-4.544091589,
1175121711,-4.541037461,
1175721671,-4.537384188,
1176321631,-4.534635899,
1176921591,-4.520921816,
1177521551,-4.533410134,
1178121511,-4.524626168,
1178721471,-4.497488966,
1179321431,-4.518347603,
1179921391,-4.515719841,
1180521351,-4.511666619,
1181121311,-4.509087624,
1181721271,-4.505047751,
1182321231,-4.501560089,
1182921191,-4.498664664,
1183521151,-4.49643661,
1184121111,-4.492621111,
1184721071,-4.487984619,
1185321031,-4.485875968,
1185920991,-4.466620355,
1186520951,-4.479961649,
1187120911,-4.497994342,
1187720871,-4.471579905,
1188320831,-4.467991157,
1188920791,-4.465659629,
1189520751,-4.462952974,
1190120711,-4.459378275,
1190720671,-4.455931412,
1191320631,-4.452405224,
1191920591,-4.437808309,
1192520551,-4.446482891,
1193120511,-4.443588778,
1193720471,-4.441299283,
1194320431,-4.437109548,
1194920391,-4.434553168,
1195520351,-4.430688894,
1196120311,-4.4300111,
1196720271,-4.424760895,
1197320231,-4.423276862,
1197920191,-4.407184128,
1198520151,-4.415388338,
1199120111,-4.436637535,
1199720071,-4.4114729,
1200320031,-4.407575779,
1200919991,-4.40471691,
1201519951,-4.403816801,
1202119911,-4.400772753,
1202719871,-4.397462205,
1203319831,-4.395845451,
1203919791,-4.393028314,
1204519751,-4.385673414,
1205119711,-4.38725005,
1205719671,-4.385091777,
1206319631,-4.386177022,
1206919591,-4.381375202,
1207519551,-4.380128635,
1208119511,-4.37643547,
1208719471,-4.375585803,
1209319431,-4.373702077,
1209919391,-4.372231748,
1210519351,-4.369654697,
1211119311,-4.368272427,
1211719271,-4.366982593,
1212319231,-4.364430804,
1212919191,-4.363636314,
1213519151,-4.363204626,
1214119111,-4.361106962,
1214719071,-4.359702539,
1215319031,-4.357692386,
1215918991,-4.35697943,
1216518951,-4.356574341,
1217118911,-4.355235378,
1217718871,-4.354178866,
1218318831,-4.35413741,
1218918791,-4.351873164,
1219518751,-4.351648975,
1220118711,-4.349985698,
1220718671,-4.35035381,
1221318631,-4.351139138,
1221918591,-4.349493943,
1222518551,-4.351227324,
1223118511,-4.349016828,
1223718471,-4.348886571,
1224318431,-4.349969264,
1224918391,-4.350169349,
1225518351,-4.348770617,
1226118311,-4.349735173,
1226718271,-4.350214701,
1227318231,-4.352957748,
1227918191,-4.350696754,
1228518151,-4.3641517,
1229118111,-4.362263676,
1229718071,-4.348372742,
1230318031,-4.351957668,
1230917991,-4.354339567,
1231517951,-4.355832383,
1232117911,-4.357218376,
1232717871,-4.357458122,
1233317831,-4.358823183,
1233917791,-4.360858337,
1234517751,-4.359075391,
1235117711,-4.361321546,
1235717671,-4.360334945,
1236317631,-4.362653267,
1236917591,-4.364381454,
1237517551,-4.36572193,
1238117511,-4.366539607,
1238717471,-4.376087577,
1239317431,-4.360326876,
1239917391,-4.386934298,
1240517351,-4.374485124,
1241117311,-4.375505792,
1241717271,-4.377348222,
1242317231,-4.378790373,
1242917191,-4.381728554,
1243517151,-4.38441531,
1244117111,-4.383730063,
1244717071,-4.386584517,
1245317031,-4.388586493,
1245916991,-4.390938536,
1246516951,-4.391531585,
1247116911,-4.395261357,
1247716871,-4.394204625,
1248316831,-4.378198313,
1248916791,-4.400786363,
1249516751,-4.401501745,
1250116711,-4.389535497,
1250716671,-4.406100473,
1251316631,-4.407589044,
1251916591,-4.40978372,
1252516551,-4.412245062,
1253116511,-4.415831466,
1253716471,-4.415527534,
1254316431,-4.418681857,
1254916391,-4.418800066,
1255516351,-4.422938986,
1256116311,-4.424848828,
1256716271,-4.427186393,
1257316231,-4.429676444,
1257916191,-4.408335032,
1258516151,-4.43458296,
1259116111,-4.435811514,
1259716071,-4.438187912,
1260316031,-4.440471188,
1260915991,-4.442433456,
1261515951,-4.444279021,
1262115911,-4.447700576,
1262715871,-4.449733045,
1263315831,-4.450998709,
1263915791,-4.453299664,
1264515751,-4.456483036,
1265115711,-4.43799791,
1265715671,-4.460963692,
1266315631,-4.464422858,
1266915591,-4.464737115,
1267515551,-4.468028106,
1268115511,-4.470758883,
1268715471,-4.472452093,
1269315431,-4.476015511,
1269915391,-4.477194687,
1270515351,-4.480241127,
1271115311,-4.50530918,
1271715271,-4.469361356,
1272315231,-4.487383803,
1272915191,-4.489499629,
1273515151,-4.492427343,
1274115111,-4.494809464,
1274715071,-4.485255048,
1275315031,-4.498495834,
1275914991,-4.492042312,
1276514951,-4.503856759,
1277114911,-4.506471881,
1277714871,-4.508268077,
1278314831,-4.509949633,
1278914791,-4.512958607,
1279514751,-4.515217166,
1280114711,-4.51321701,
1280714671,-4.519012715,
1281314631,-4.520352545,
1281914591,-4.523518032,
1282514551,-4.525570906,
1283114511,-4.527589835,
1283714471,-4.529088638,
1284314431,-4.532597515,
1284914391,-4.532950585,
1285514351,-4.536115928,
1286114311,-4.526853409,
1286714270,-4.539430591,
1287314230,-4.541270051,
1287914190,-4.543260802,
1288514150,-4.544710718,
1289114110,-4.54764713,
1289714070,-4.549514031,
1290314030,-4.550608849,
1290913990,-4.552217264,
1291513950,-4.556027293,
1292113910,-4.556947808,
1292713870,-4.557716119,
1293313830,-4.560158541,
1293913790,-4.560664107,
1294513750,-4.563104365,
1295113710,-4.565182106,
1295713670,-4.567466864,
1296313630,-4.567923171,
1296913590,-4.54606555,
1297513550,-4.57062238,
1298113510,-4.573588801,
1298713470,-4.575243603,
1299313430,-4.575681978,
1299913390,-4.576911728,
1300513350,-4.578607655,
1301113310,-4.580011759,
1301713270,-4.582458913,
1302313230,-4.583305187,
1302913190,-4.585253621,
1303513150,-4.586447919,
1304113110,-4.58817572,
1304713070,-4.589556924,
1305313030,-4.59100005,
1305912990,-4.592987973,
1306512950,-4.594680241,
1307112910,-4.595588469,
1307712870,-4.596935999,
1308312830,-4.599369564,
1308912790,-4.619464126,
1309512750,-4.602850972,
1310112710,-4.6021569,
1310712670,-4.604903015,
1311312630,-4.604468329,
1311912590,-4.607929235,
1312512550,-4.595303168,
1313112510,-4.609672305,
1313712470,-4.61071885,
1314312430,-4.612531337,
1314912390,-4.61370617,
1315512350,-4.614600817,
1316112310,-4.615237924,
1316712270,-4.617368049,
1317312230,-4.619394362,
1317912190,-4.621090847,
1318512150,-4.622221372,
1319112110,-4.624648175,
1319712070,-4.627533385,
1320312030,-4.625883326,
1320911990,-4.629030981,
1321511950,-4.632411869,
1322111910,-4.632851346,
1322711870,-4.634930526,
1323311830,-4.636599261,
1323911790,-4.638550258,
1324511750,-4.647082543,
1325111710,-4.640305414,
1325711670,-4.640066493,
1326311630,-4.642138013,
1326911590,-4.64423321,
1327511550,-4.644453994,
1328111510,-4.646628544,
1328711470,-4.648030942,
1329311430,-4.649744725,
1329911390,-4.650996541,
1330511350,-4.652330987,
1331111310,-4.654436622,
1331711270,-4.657913173,
1332311230,-4.659194225,
1332911190,-4.658155699,
1333511150,-4.660950791,
1334111110,-4.661697657,
1334711070,-4.663437251,
1335311030,-4.664985929,
1335910990,-4.666846025,
1336510950,-4.691223107,
1337110910,-4.650294497,
1337710870,-4.673368063,
1338310830,-4.674243019,
1338910790,-4.670342319,
1339510750,-4.67885239,
1340110710,-4.680707412,
1340710670,-4.682964843,
1341310630,-4.68601205,
1341910590,-4.686623159,
1342510550,-4.688825678,
1343110510,-4.687242079,
1343710470,-4.692727651,
1344310430,-4.695264222,
1344910390,-4.696383164,
1345510350,-4.699249101,
1346110310,-4.702675483,
1346710270,-4.7046865,
1347310230,-4.706005885,
1347910190,-4.70652287,
1348510150,-4.720391378,
1349110110,-4.712557438,
1349710070,-4.714582326,
1350310030,-4.71812674,
1350909990,-4.719518391,
1351509950,-4.723655184,
1352109910,-4.725393095,
1352709870,-4.728371628,
1353309830,-4.730553514,
1353909790,-4.721631832,
1354509750,-4.734065481,
1355109710,-4.74038378,
1355709670,-4.763207803,
1356309630,-4.743327901,
1356909590,-4.743859547,
1357509550,-4.749735953,
1358109510,-4.753087474,
1358709470,-4.754695246,
1359309430,-4.758007077,
1359909390,-4.74891346,
1360509350,-4.778231762,
1361109310,-4.768154029,
1361709270,-4.773339215,
1362309230,-4.76421744,
1362909190,-4.77839575,
1363509150,-4.779969286,
1364109110,-4.782485891,
1364709070,-4.787581902,
1365309030,-4.78981169,
1365908990,-4.793551756,
1366508950,-4.796869254,
1367108910,-4.799566511,
1367708870,-4.802884318,
1368308830,-4.806239242,
1368908790,-4.809634132,
1369508750,-4.815121277,
1370108710,-4.814885399,
1370708670,-4.819544784,
1371308630,-4.822581194,
1371908590,-4.826154608,
1372508550,-4.82774312,
1373108510,-4.833613921,
1373708470,-4.83463707,
1374308430,-4.838386531,
1374908390,-4.841682328,
1375508350,-4.845262108,
1376108310,-4.848713432,
1376708270,-4.851826295,
1377308230,-4.854568299,
1377908190,-4.858927844,
1378508150,-4.861708503,
1379108110,-4.864554743,
1379708070,-4.867718721,
1380308030,-4.87185681,
1380907990,-4.875387489,
1381507950,-4.8787716,
1382107910,-4.881849759,
1382707870,-4.886288369,
1383307830,-4.889032552,
1383907790,-4.892629236,
1384507750,-4.897378875,
1385107710,-4.899167727,
1385707670,-4.902373011,
1386307630,-4.905689192,
1386907590,-4.909529078,
1387507550,-4.911772512,
1388107510,-4.917329433,
1388707470,-4.919555849,
1389307430,-4.922857969,
1389907390,-4.926447231,
1390507350,-4.930184456,
1391107310,-4.932508027,
1391707270,-4.935657048,
1392307230,-4.950897767,
1392907190,-4.942662621,
1393507150,-4.937154569,
1394107110,-4.949666937,
1394707070,-4.951788976,
1395307030,-4.954627634,
1395906990,-4.957649045,
1396506950,-4.961089407,
1397106910,-4.964043926,
1397706870,-4.967689271,
1398306830,-4.970854653,
1398906790,-4.973322652,
1399506750,-4.976617485,
1400106710,-4.981207781,
1400706670,-4.98349401,
1401306630,-4.987351068,
1401906590,-4.988842467,
1402506550,-4.992099409,
1403106510,-4.995536197,
1403706470,-4.998178181,
1404306430,-5.001276775,
1404906390,-5.003484159,
1405506350,-5.006448033,
1406106310,-5.009791756,
1406706270,-5.013071438,
1407306230,-5.015105505,
1407906190,-5.006432038,
1408506150,-5.020656528,
1409106110,-5.023686244,
1409706070,-5.025876142,
1410306030,-5.028866551,
1410905990,-5.031364548,
1411505950,-5.03410886,
1412105910,-5.03669491,
1412705870,-5.038828431,
1413305830,-5.040648278,
1413905790,-5.043108141,
1414505750,-5.045822449,
1415105710,-5.047504174,
1415705670,-5.050274875,
1416305630,-5.053461706,
1416905590,-5.054521295,
1417505550,-5.056054854,
1418105510,-5.058516868,
1418705470,-5.060391367,
1419305430,-5.063283628,
1419905390,-5.064930577,
1420505350,-5.067771273,
1421105310,-5.069061758,
1421705270,-5.07094783,
1422305230,-5.073027334,
1422905190,-5.074619511,
1423505150,-5.079262705,
1424105110,-5.079428615,
1424705070,-5.081002782,
1425305030,-5.082909925,
1425904990,-5.084339081,
1426504950,-5.086697806,
1427104910,-5.087617364,
1427704870,-5.089659343,
1428304830,-5.091469069,
1428904790,-5.093336945,
1429504749,-5.093667675,
1430104709,-5.095879883,
1430704669,-5.097800685,
1431304629,-5.099782582,
1431904589,-5.100504126,
1432504549,-5.102824368,
1433104509,-5.101882082,
1433704469,-5.104830064,
1434304429,-5.106374555,
1434904389,-5.10648051,
1435504349,-5.13103105,
1436104309,-5.108855627,
1436704269,-5.110042115,
1437304229,-5.1120114,
1437904189,-5.112169822,
1438504149,-5.113201744,
1439104109,-5.111551806,
1439704069,-5.114522651,
1440304029,-5.089672792,
1440903989,-5.115445553,
1441503949,-5.113490419,
1442103909,-5.115054292,
1442703869,-5.116705563,
1443303829,-5.115561694,
1443903789,-5.117914163,
1444503749,-5.095900755,
1445103709,-5.118307481,
1445703669,-5.118985564,
1446303629,-5.119172879,
1446903589,-5.119952128,
1447503549,-5.119545465,
1448103509,-5.119473261,
1448703469,-5.121265492,
1449303429,-5.119513911,
1449903389,-5.12093199,
1450503349,-5.120467644,
1451103309,-5.120121154,
1451703269,-5.122295792,
1452303229,-5.12243799,
1452903189,-5.122159956,
1453503149,-5.122424992,
1454103109,-5.124312159,
1454703069,-5.125262732,
1455303029,-5.12830592,
1455902989,-5.125623498,
1456502949,-5.101306646,
1457102909,-5.12524597,
1457702869,-5.127165775,
1458302829,-5.127629544,
1458902789,-5.129866753,
1459502749,-5.128373933,
1460102709,-5.129824374,
1460702669,-5.131105395,
1461302629,-5.129801647,
1461902589,-5.13173095,
1462502549,-5.133209503,
1463102509,-5.137239254,
1463702469,-5.133845804,
1464302429,-5.136487929,
1464902389,-5.13712785,
1465502349,-5.14010494,
1466102309,-5.140180189,
1466702269,-5.141028005,
1467302229,-5.141201077,
1467902189,-5.14444923,
1468502149,-5.145653282,
1469102109,-5.146709617,
1469702069,-5.145514699,
1470302029,-5.148844907,
1470901989,-5.152009908,
1471501949,-5.155954429,
1472101909,-5.154787509,
1472701869,-5.156051094,
1473301829,-5.159329593,
1473901789,-5.159284895,
1474501749,-5.14093406,
1475101709,-5.162833932,
1475701669,-5.168535331,
1476301629,-5.167640506,
1476901589,-5.174128445,
1477501549,-5.17402226,
1478101509,-5.175757471,
1478701469,-5.18028627,
1479301429,-5.182473259,
1479901389,-5.188306041,
1480501349,-5.210148894,
1481101309,-5.179579448,
1481701269,-5.194447616,
1482301229,-5.211280239,
1482901189,-5.20113828,
1483501149,-5.203217997,
1484101109,-5.212607898,
1484701069,-5.213300796,
1485301029,-5.217700934,
1485900989,-5.219922214,
1486500949,-5.227936351,
1487100909,-5.230891523,
1487700869,-5.233115789,
1488300829,-5.238751008,
1488900789,-5.24594976,
1489500749,-5.252082235,
1490100709,-5.255673161,
1490700669,-5.260261547,
1491300629,-5.26578402,
1491900589,-5.276896258,
1492500549,-5.277218169,
1493100509,-5.282014891,
1493700469,-5.286620939,
1494300429,-5.294157061,
1494900389,-5.298652964,
1495500349,-5.306059875,
1496100309,-5.313224406,
1496700269,-5.317221866,
1497300229,-5.311515571,
1497900189,-5.326521398,
1498500149,-5.33298963,
1499100109,-5.342429169,
1499700069,-5.348607767,
1500300029,-5.357478454,
1500899989,-5.365039484,
1501499949,-5.371331651,
1502099909,-5.380978277,
1502699869,-5.389441826,
1503299829,-5.394393756,
1503899789,-5.403449178,
1504499749,-5.411928656,
1505099709,-5.418833278,
1505699669,-5.425589957,
1506299629,-5.435566836,
1506899589,-5.444545931,
1507499549,-5.450896948,
1508099509,-5.461570662,
1508699469,-5.493124533,
1509299429,-5.47014536,
1509899389,-5.487342084,
1510499349,-5.495410854,
1511099309,-5.50489438,
1511699269,-5.514744013,
1512299229,-5.523474665,
1512899189,-5.531565236,
1513499149,-5.542579333,
1514099109,-5.552100606,
1514699069,-5.56147813,
1515299029,-5.570189912,
1515898989,-5.580118785,
1516498949,-5.590268797,
1517098909,-5.599497558,
1517698869,-5.610751681,
1518298829,-5.620101268,
1518898789,-5.629538386,
1519498749,-5.639090474,
1520098709,-5.633746451,
1520698669,-5.685007563,
1521298629,-5.682923408,
1521898589,-5.682065966,
1522498549,-5.690507864,
1523098509,-5.70276301,
1523698469,-5.711528509,
1524298429,-5.722485523,
1524898389,-5.732841586,
1525498349,-5.743114622,
1526098309,-5.754384004,
1526698269,-5.764352387,
1527298229,-5.775886456,
1527898189,-5.78578942,
1528498149,-5.796858679,
1529098109,-5.809248441,
1529698069,-5.817817054,
1530298029,-5.829130277,
1530897989,-5.840183616,
1531497949,-5.851466959,
1532097909,-5.861661518,
1532697869,-5.873072491,
1533297829,-5.884216756,
1533897789,-5.894716549,
1534497749,-5.905585246,
1535097709,-5.917341121,
1535697669,-5.914298467,
1536297629,-5.938989121,
1536897589,-5.949410253,
1537497549,-5.960399263,
1538097509,-5.97036378,
1538697469,-5.981297698,
1539297429,-5.991886052,
1539897389,-6.002693287,
1540497349,-6.012722417,
1541097309,-6.022956492,
1541697269,-6.034090536,
1542297229,-6.043489259,
1542897189,-6.054180027,
1543497149,-6.063516472,
1544097109,-6.07375388,
1544697069,-6.084136473,
1545297029,-6.09375828,
1545896989,-6.104000834,
1546496949,-6.113789787,
1547096909,-6.122870026,
1547696869,-6.133334271,
1548296829,-6.141955151,
1548896789,-6.152046303,
1549496749,-6.159913604,
1550096709,-6.170902174,
1550696669,-6.16744114,
1551296629,-6.189175697,
1551896589,-6.198885136,
1552496549,-6.207033927,
1553096509,-6.215595417,
1553696469,-6.224171949,
1554296429,-6.232538587,
1554896389,-6.24236142,
1555496349,-6.26675308,
1556096309,-6.258025585,
1556696269,-6.266317777,
1557296229,-6.273563946,
1557896189,-6.28189872,
1558496149,-6.290214427,
1559096109,-6.322946345,
1559696069,-6.303641859,
1560296029,-6.312541017,
1560895989,-6.319858608,
1561495949,-6.328620256,
1562095909,-6.333883225,
1562695869,-6.328269952,
1563295829,-6.348362801,
1563895789,-6.355364757,
1564495749,-6.362155077,
1565095709,-6.369235176,
1565695669,-6.376679392,
1566295629,-6.381196094,
1566895589,-6.386049831,
1567495549,-6.394272691,
1568095509,-6.401249257,
1568695469,-6.407071749,
1569295429,-6.413767312,
1569895389,-6.417961231,
1570495349,-6.423082154,
1571095309,-6.428627965,
1571695269,-6.433592614,
1572295228,-6.441076238,
1572895188,-6.445132677,
1573495148,-6.450326308,
1574095108,-6.454827759,
1574695068,-6.461721193,
1575295028,-6.465424603,
1575894988,-6.470655194,
1576494948,-6.475436997,
1577094908,-6.481026619,
1577694868,-6.483919504,
1578294828,-6.487305155,
1578894788,-6.502605235,
1579494748,-6.497597976,
1580094708,-6.503125201,
1580694668,-6.508059744,
1581294628,-6.51254779,
1581894588,-6.515583694,
1582494548,-6.517473293,
1583094508,-6.52296367,
1583694468,-6.528267187,
1584294428,-6.529543288,
1584894388,-6.533009303,
1585494348,-6.525326646,
1586094308,-6.551420132,
1586694268,-6.542697281,
1587294228,-6.547855596,
1587894188,-6.548849657,
1588494148,-6.552657238,
1589094108,-6.555627142,
1589694068,-6.558583117,
1590294028,-6.561969136,
1590893988,-6.56330529,
1591493948,-6.566177129,
1592093908,-6.555769832,
1592693868,-6.572134108,
1593293828,-6.545609697,
1593893788,-6.576721431,
1594493748,-6.57958946,
1595093708,-6.58053305,
1595693668,-6.582867666,
1596293628,-6.585420921,
1596893588,-6.587707638,
1597493548,-6.587743933,
1598093508,-6.590969428,
1598693468,-6.591781241,
1599293428,-6.594691404,
1599893388,-6.566590751,
1600493348,-6.597446955,
1601093308,-6.600585983,
1601693268,-6.600300432,
1602293228,-6.60011738,
1602893188,-6.603741584,
1603493148,-6.604887412,
1604093108,-6.60921731,
1604693068,-6.606115126,
1605293028,-6.611417797,
1605892988,-6.638892801,
1606492948,-6.612900422,
1607092908,-6.615167709,
1607692868,-6.617216661,
1608292828,-6.610884602,
1608892788,-6.617437374,
1609492748,-6.600485192,
1610092708,-6.601394334,
1610692668,-6.603350641,
1611292628,-6.604376196,
1611892588,-6.607736768,
1612492548,-6.609084016,
1613092508,-6.610024536,
1613692468,-6.61339586,
1614292428,-6.615985245,
1614892388,-6.617563909,
1615492348,-6.620944787,
1616092308,-6.622065638,
1616692268,-6.622586771,
1617292228,-6.625293009,
1617892188,-6.628036374,
1618492148,-6.652582124,
1619092108,-6.632110974,
1619692068,-6.633951865,
1620292028,-6.636040878,
1620891988,-6.636240801,
1621491948,-6.638827459,
1622091908,-6.642093778,
1622691868,-6.670162309,
1623291828,-6.646659438,
1623891788,-6.66431254,
1624491748,-6.627876198,
1625091708,-6.653360532,
1625691668,-6.64736963,
1626291628,-6.631163845,
1626891588,-6.66205635,
1627491548,-6.664660893,
1628091508,-6.666477983,
1628691468,-6.669660627,
1629291428,-6.671415199,
1629891388,-6.674762039,
1630491348,-6.678207233,
1631091308,-6.680524193,
1631691268,-6.684973053,
1632291228,-6.683763918,
1632891188,-6.6906064,
1633491148,-6.692772997,
1634091108,-6.699137406,
1634691068,-6.700084906,
1635291028,-6.706837291,
1635890988,-6.711868776,
1636490948,-6.714881888,
1637090908,-6.714383151,
1637690868,-6.722221545,
1638290828,-6.726758825,
1638890788,-6.731678356,
1639490748,-6.735317173,
1640090708,-6.739912377,
1640690668,-6.744958115,
1641290628,-6.748965996,
1641890588,-6.753337171,
1642490548,-6.757480228,
1643090508,-6.762357483,
1643690468,-6.766997235,
1644290428,-6.771909089,
1644890388,-6.785050634,
1645490348,-6.789453068,
1646090308,-6.786976722,
1646690268,-6.7909831,
1647290228,-6.796798629,
1647890188,-6.801346696,
1648490148,-6.806140606,
1649090108,-6.811102383,
1649690068,-6.816713433,
1650290028,-6.821729582,
1650889988,-6.826603191,
1651489948,-6.83120073,
1652089908,-6.836658007,
1652689868,-6.841792821,
1653289828,-6.847198036,
1653889788,-6.852605832,
1654489748,-6.885620827,
1655089708,-6.86290937,
1655689668,-6.868055013,
1656289628,-6.873821441,
1656889588,-6.879487691,
1657489548,-6.884647644,
1658089508,-6.890220513,
1658689468,-6.894896721,
1659289428,-6.900634111,
1659889388,-6.905228923,
1660489348,-6.911461944,
1661089308,-6.916064677,
1661689268,-6.921439567,
1662289228,-6.927424931,
1662889188,-6.93258186,
1663489148,-6.937867957,
1664089108,-6.943484705,
1664689068,-6.949343444,
1665289028,-6.953948325,
1665888988,-6.959458751,
1666488948,-6.962206494,
1667088908,-6.969853051,
1667688868,-6.97626872,
1668288828,-6.980460041,
1668888788,-6.987463612,
1669488748,-6.988887778,
1670088708,-6.996782988,
1670688668,-7.002000537,
1671288628,-7.007758058,
1671888588,-7.014295582,
1672488548,-7.018417738,
1673088508,-7.024278114,
1673688468,-7.029359149,
1674288428,-7.03464073,
1674888388,-7.03976421,
1675488348,-7.045208838,
1676088308,-7.049538696,
1676688268,-7.053898041,
1677288228,-7.059782892,
1677888188,-7.064769759,
1678488148,-7.070030194,
1679088108,-7.074451918,
1679688068,-7.079298916,
1680288028,-7.085435085,
1680887988,-7.114748701,
1681487948,-7.093351422,
1682087908,-7.098979213,
1682687868,-7.10405824,
1683287828,-7.108945045,
1683887788,-7.114192689,
1684487748,-7.11975795,
1685087708,-7.124050841,
1685687668,-7.12993688,
1686287628,-7.136067527,
1686887588,-7.141115032,
1687487548,-7.14693316,
1688087508,-7.152098676,
1688687468,-7.158939828,
1689287428,-7.162691686,
1689887388,-7.170828215,
1690487348,-7.173926661,
1691087308,-7.180529421,
1691687268,-7.187713698,
1692287228,-7.193994502,
1692887188,-7.199509039,
1693487148,-7.206104132,
1694087108,-7.212825051,
1694687068,-7.220749329,
1695287028,-7.227633453,
1695886988,-7.235898396,
1696486948,-7.240467531,
1697086908,-7.249770433,
1697686868,-7.255528272,
1698286828,-7.263855761,
1698886788,-7.29458917,
1699486748,-7.280973397,
1700086708,-7.289160597,
1700686668,-7.29709306,
1701286628,-7.304983202,
1701886588,-7.316648612,
1702486548,-7.3228146,
1703086508,-7.331112107,
1703686468,-7.335881014,
1704286428,-7.346791495,
1704886388,-7.355559663,
1705486348,-7.367219051,
1706086308,-7.378074671,
1706686268,-7.387721669,
1707286228,-7.384572023,
1707886188,-7.409493314,
1708486148,-7.421482632,
1709086108,-7.430090308,
1709686068,-7.441071586,
1710286028,-7.453686716,
1710885988,-7.469238627,
1711485948,-7.477954615,
1712085908,-7.491999356,
1712685868,-7.507997838,
1713285828,-7.512387078,
1713885788,-7.533941766,
1714485748,-7.548379754,
1715085707,-7.562222226,
1715685667,-7.575473917,
1716285627,-7.589237741,
1716885587,-7.604567985,
1717485547,-7.619733458,
1718085507,-7.633754455,
1718685467,-7.652712479,
1719285427,-7.672326847,
1719885387,-7.692039675,
1720485347,-7.705500124,
1721085307,-7.722545202,
1721685267,-7.746004837,
1722285227,-7.759247881,
1722885187,-7.782823774,
1723485147,-7.80164743,
1724085107,-7.794972766,
1724685067,-7.841739805,
1725285027,-7.862395655,
1725884987,-7.884764404,
1726484947,-7.906681497,
1727084907,-7.929799298,
1727684867,-7.952892434,
1728284827,-7.978298625,
1728884787,-8.001033432,
1729484747,-8.029036136,
1730084707,-8.051599389,
1730684667,-8.076292804,
1731284627,-8.102529491,
1731884587,-8.12682216,
1732484547,-8.153872716,
1733084507,-8.164668452,
1733684467,-8.204962751,
1734284427,-8.232030404,
1734884387,-8.263907604,
1735484347,-8.290039775,
1736084307,-8.32156096,
1736684267,-8.348640457,
1737284227,-8.377775252,
1737884187,-8.406599828,
1738484147,-8.439097133,
1739084107,-8.469403137,
1739684067,-8.502915862,
1740284027,-8.533572756,
1740883987,-8.567072329,
1741483947,-8.60160296,
1742083907,-8.634853263,
1742683867,-8.671999909,
1743283827,-8.705695029,
1743883787,-8.739763716,
1744483747,-8.776233358,
1745083707,-8.812984565,
1745683667,-8.847838371,
1746283627,-8.885743159,
1746883587,-8.924172672,
1747483547,-8.961045674,
1748083507,-8.999400732,
1748683467,-9.03948611,
1749283427,-9.077405616,
1749883387,-9.117447795,
1750483347,-9.156469547,
1751083307,-9.196888953,
1751683267,-9.224436231,
1752283227,-9.24611058,
1752883187,-9.320354251,
1753483147,-9.362169681,
1754083107,-9.405191409,
1754683067,-9.448281976,
1755283027,-9.490943578,
1755882987,-9.536126448,
1756482947,-9.580429809,
1757082907,-9.625203567,
1757682867,-9.671156024,
1758282827,-9.717031588,
1758882787,-9.764126905,
1759482747,-9.811108688,
1760082707,-9.858146217,
1760682667,-9.906533474,
1761282627,-9.956145929,
1761882587,-10.00396316,
1762482547,-10.05305809,
1763082507,-10.10253725,
1763682467,-10.15329852,
1764282427,-10.20313005,
1764882387,-10.25505657,
1765482347,-10.30522862,
1766082307,-10.35706134,
1766682267,-10.40913489,
1767282227,-10.46168221,
1767882187,-10.51420109,
1768482147,-10.56750909,
1769082107,-10.6217793,
1769682067,-10.67656662,
1770282027,-10.73166063,
1770881987,-10.78709841,
1771481947,-10.8424631,
1772081907,-10.90024966,
1772681867,-10.93726772,
1773281827,-11.01601128,
1773881787,-11.07195433,
1774481747,-11.13289355,
1775081707,-11.19118973,
1775681667,-11.25163908,
1776281627,-11.31171407,
1776881587,-11.37315072,
1777481547,-11.43620546,
1778081507,-11.49970858,
1778681467,-11.56151773,
1779281427,-11.62690192,
1779881387,-11.69192394,
1780481347,-11.75588483,
1781081307,-11.8236592,
1781681267,-11.88851433,
1782281227,-11.95878549,
1782881187,-12.02720075,
1783481147,-12.09689315,
1784081107,-12.16834798,
1784681067,-12.24333969,
1785281027,-12.31321874,
1785880987,-12.39070272,
1786480947,-12.46481168,
1787080907,-12.54080562,
1787680867,-12.61838713,
1788280827,-12.69543872,
1788880787,-12.77478508,
1789480747,-12.85364524,
1790080707,-12.9347405,
1790680667,-13.01540679,
1791280627,-13.10049079,
1791880587,-13.18587259,
1792480547,-13.32984286,
1793080507,-13.3558389,
1793680467,-13.44755702,
1794280427,-13.48704235,
1794880387,-13.62259304,
1795480347,-13.71765368,
1796080307,-13.81010944,
1796680267,-13.90330628,
1797280227,-13.99798537,
1797880187,-14.0977547,
1798480147,-14.19107034,
1799080107,-14.23929392,
1799680067,-14.40120776,
1800280027,-14.50648266,
1800879987,-14.61575171,
1801479947,-14.72199735,
1802079907,-14.83354533,
1802679867,-14.94875561,
1803279827,-15.06508212,
1803879787,-15.1783815,
1804479747,-15.30066623,
1805079707,-15.42210062,
1805679667,-15.54508568,
1806279627,-15.59568325,
1806879587,-15.80000804,
1807479547,-15.92619883,
1808079507,-16.06418848,
1808679467,-16.20021471,
1809279427,-16.33978654,
1809879387,-16.47959356,
1810479347,-16.62108333,
1811079307,-16.76837213,
1811679267,-16.91664658,
1812279227,-17.0725807,
1812879187,-17.22947246,
1813479147,-17.38920292,
1814079107,-17.55238532,
1814679067,-17.71997193,
1815279027,-17.88273591,
1815878987,-18.06748777,
1816478947,-18.24669235,
1817078907,-18.42876978,
1817678867,-18.61743567,
1818278827,-18.81105146,
1818878787,-19.00905444,
1819478747,-19.20955486,
1820078707,-19.41565487,
1820678667,-19.62896979,
1821278627,-19.84665772,
1821878587,-20.08187377,
1822478547,-20.30023302,
1823078507,-20.53518945,
1823678467,-20.77904195,
1824278427,-21.03011624,
1824878387,-21.42031401,
1825478347,-21.55271791,
1826078307,-21.9836851,
1826678267,-22.10737777,
1827278227,-22.39779569,
1827878187,-22.69443217,
1828478147,-23.00116963,
1829078107,-23.31686233,
1829678067,-23.64237366,
1830278027,-23.9808598,
1830877987,-24.19775721,
1831477947,-24.69103282,
1832077907,-25.06163214,
1832677867,-25.44533178,
1833277827,-25.84399673,
1833877787,-26.25434469,
1834477747,-26.67696579,
1835077707,-27.11208842,
1835677667,-27.56556914,
1836277627,-28.02707097,
1836877587,-28.50301367,
1837477547,-28.99319335,
1838077507,-29.4845527,
1838677467,-29.99553255,
1839277427,-30.93505019,
1839877387,-31.01075304,
1840477347,-31.49808437,
1841077307,-32.49581469,
1841677267,-32.39795686,
1842277227,-32.7709972,
1842877187,-33.09325117,
1843477147,-33.33264744,
1844077107,-33.4698114,
1844677067,-33.52197113,
1845277027,-33.46678799,
1845876987,-33.32301706,
1846476947,-33.09711018,
1847076907,-32.81643157,
1847676867,-32.48486234,
1848276827,-32.119231,
1848876787,-31.73181702,
1849476747,-31.33839657,
1850076707,-30.93428892,
1850676667,-30.53238821,
1851276627,-30.14117132,
1851876587,-29.75397149,
1852476547,-29.38010311,
1853076507,-29.03950166,
1853676467,-28.68008303,
1854276427,-28.3469935,
1854876387,-28.0283356,
1855476347,-27.72531238,
1856076307,-27.4307916,
1856676267,-26.88428157,
1857276227,-26.87987171,
1857876186,-26.3650639,
1858476146,-26.37915865,
1859076106,-26.14335707,
1859676066,-25.91859176,
1860276026,-25.70457039,
1860875986,-25.49940626,
1861475946,-25.30527669,
1862075906,-24.98183459,
1862675866,-24.94887001,
1863275826,-24.764551,
1863875786,-24.59765985,
1864475746,-24.42959146,
1865075706,-24.28684985,
1865675666,-24.14006893,
1866275626,-23.99907874,
1866875586,-23.86355587,
1867475546,-23.73260662,
1868075506,-23.60653595,
1868675466,-23.4878523,
1869275426,-23.37193294,
1869875386,-23.27498759,
1870475346,-23.15439241,
1871075306,-23.05152502,
1871675266,-22.95271491,
1872275226,-22.92887575,
1872875186,-22.7647225,
1873475146,-22.67369131,
1874075106,-22.58614542,
1874675066,-22.54537872,
1875275026,-22.42121383,
1875874986,-22.34113142,
1876474946,-22.26475987,
1877074906,-22.19419682,
1877674866,-22.12248242,
1878274826,-22.05465163,
1878874786,-21.98829978,
1879474746,-21.92491511,
1880074706,-21.8615952,
1880674666,-21.79926764,
1881274626,-21.74093173,
1881874586,-21.68629761,
1882474546,-21.62690573,
1883074506,-21.57493617,
1883674466,-21.52277061,
1884274426,-21.47276504,
1884874386,-21.42134888,
1885474346,-21.37086263,
1886074306,-21.32153426,
1886674266,-21.28000792,
1887274226,-21.23655673,
1887874186,-21.18972381,
1888474146,-21.14598728,
1889074106,-21.10051485,
1889674066,-21.06038849,
1890274026,-21.03232483,
1890873986,-20.97950617,
1891473946,-20.94159591,
1892073906,-20.90190536,
1892673866,-20.86482049,
1893273826,-20.82500525,
1893873786,-20.78837067,
1894473746,-20.75123224,
1895073706,-20.84507439,
1895673666,-20.68110739,
1896273626,-20.6451551,
1896873586,-20.61042975,
1897473546,-20.60010831,
1898073506,-20.53704354,
1898673466,-20.50702393,
1899273426,-20.47618933,
1899873386,-20.57014418,
1900473346,-20.41107208,
1901073306,-20.37766966,
1901673266,-20.34706225,
1902273226,-20.31488991,
1902873186,-20.28006861,
1903473146,-20.24823207,
1904073106,-20.21706211,
1904673066,-20.18385641,
1905273026,-20.15272875,
1905872986,-20.12128264,
1906472946,-20.09262261,
1907072906,-19.94702526,
1907672866,-20.03854785,
1908272826,-19.99759675,
1908872786,-19.84595185,
1909472746,-19.93723105,
1910072706,-19.90688511,
1910672666,-19.8760478,
1911272626,-19.84525002,
1911872586,-19.83144519,
1912472546,-19.78175754,
1913072506,-19.75014997,
1913672466,-19.71986769,
1914272426,-19.69224616,
1914872386,-19.67635158,
1915472346,-19.62566529,
1916072306,-19.59706545,
1916672266,-19.56433444,
1917272226,-19.62386585,
1917872186,-19.49893826,
1918472146,-19.46957159,
1919072106,-19.43586465,
1919672066,-19.405285,
1920272026,-19.37075121,
1920871986,-19.34056964,
1921471946,-19.30856126,
1922071906,-19.27670178,
1922671866,-19.24783672,
1923271826,-19.21364987,
1923871786,-19.37316152,
1924471746,-19.14969743,
1925071706,-19.11826911,
1925671666,-19.08915747,
1926271626,-19.05495547,
1926871586,-19.02417301,
1927471546,-18.99353737,
1928071506,-18.9606437,
1928671466,-18.92966593,
1929271426,-18.89669452,
1929871386,-18.86332754,
1930471346,-18.82976197,
1931071306,-18.79669535,
1931671266,-18.7873403,
1932271226,-18.73229703,
1932871186,-18.698832,
1933471146,-18.66494232,
1934071106,-18.63114157,
1934671066,-18.60095258,
1935271026,-18.56787471,
1935870986,-18.53701163,
1936470946,-18.50391741,
1937070906,-18.45861973,
1937670866,-18.43834041,
1938270826,-18.40834005,
1938870786,-18.3786056,
1939470746,-18.34385144,
1940070706,-18.31331728,
1940670666,-18.26900425,
1941270626,-18.25249429,
1941870586,-18.22255131,
1942470546,-18.19146296,
1943070506,-18.16243192,
1943670466,-18.13177216,
1944270426,-18.10278995,
1944870386,-18.07310695,
1945470346,-18.04311409,
1946070306,-18.01411913,
1946670266,-17.98567838,
1947270226,-17.95844843,
1947870186,-17.92940859,
1948470146,-17.91639773,
1949070106,-17.87334177,
1949670066,-17.84514109,
1950270026,-17.817532,
1950869986,-17.7919082,
1951469946,-17.69106033,
1952069906,-17.73767027,
1952669866,-17.71272877,
1953269826,-17.6871567,
1953869786,-17.66165656,
1954469746,-17.63740624,
1955069706,-17.61233225,
1955669666,-17.58835707,
1956269626,-17.56575483,
1956869586,-17.54388754,
1957469546,-17.52203326,
1958069506,-17.51432188,
1958669466,-17.48072189,
1959269426,-17.46121175,
1959869386,-17.4420718,
1960469346,-17.42405941,
1961069306,-17.40593165,
1961669266,-17.38848634,
1962269226,-17.37192215,
1962869186,-17.35704914,
1963469146,-17.34214712,
1964069106,-17.32846016,
1964669066,-17.31477743,
1965269026,-17.30074522,
1965868986,-17.28983644,
1966468946,-17.27774264,
1967068906,-17.26586133,
1967668866,-17.25537358,
1968268826,-17.24530338,
1968868786,-17.23407632,
1969468746,-17.22461525,
1970068706,-17.21649547,
1970668666,-17.20881953,
1971268626,-17.20147575,
1971868586,-17.19593882,
1972468546,-17.18876907,
1973068506,-17.18237303,
1973668466,-17.17732324,
1974268426,-17.1735672,
1974868386,-17.16884089,
1975468346,-17.1673914,
1976068306,-17.16324076,
1976668266,-17.16234972,
1977268226,-17.16085574,
1977868186,-17.16098746,
1978468146,-17.16043974,
1979068106,-17.16175849,
1979668066,-17.16484415,
1980268026,-17.16785219,
1980867986,-17.17188333,
1981467946,-17.17569331,
1982067906,-17.18308214,
1982667866,-17.18964493,
1983267826,-17.19707089,
1983867786,-17.20547418,
1984467746,-17.21496272,
1985067706,-17.22441341,
1985667666,-17.23925534,
1986267626,-17.25099126,
1986867586,-17.26380327,
1987467546,-17.27889427,
1988067506,-17.29446666,
1988667466,-17.31085563,
1989267426,-17.33116737,
1989867386,-17.34948538,
1990467346,-17.3713226,
1991067306,-17.40899178,
1991667266,-17.41737015,
1992267226,-17.44312319,
1992867186,-17.46613164,
1993467146,-17.49286537,
1994067106,-17.52009763,
1994667066,-17.55101631,
1995267026,-17.59584304,
1995866986,-17.61386241,
1996466946,-17.64679028,
1997066906,-17.67891818,
1997666866,-17.71122132,
1998266826,-17.74764351,
1998866786,-17.78483447,
1999466746,-17.82046143,
2000066706,-17.85994001,
2000666666,-17.90134834,
2001266626,-17.94579952,
2001866585,-17.98656846,
2002466545,-18.03119132,
2003066505,-18.07203507,
2003666465,-18.11645719,
2004266425,-18.16313529,
2004866385,-18.21036575,
2005466345,-18.25424624,
2006066305,-18.3041051,
2006666265,-18.35225241,
2007266225,-18.40357287,
2007866185,-18.45208492,
2008466145,-18.5031032,
2009066105,-18.55353636,
2009666065,-18.60805418,
2010266025,-18.66034306,
2010865985,-18.71524815,
2011465945,-18.77065512,
2012065905,-18.82562519,
2012665865,-18.88342356,
2013265825,-18.9390975,
2013865785,-18.99767429,
2014465745,-19.05305386,
2015065705,-19.10293754,
2015665665,-19.17926159,
2016265625,-19.23700346,
2016865585,-19.30272184,
2017465545,-19.32643715,
2018065505,-19.42768484,
2018665465,-19.49435057,
2019265425,-19.56109771,
2019865385,-19.62924437,
2020465345,-19.70036168,
2021065305,-19.76952117,
2021665265,-19.83589077,
2022265225,-19.90506434,
2022865185,-19.97672698,
2023465145,-20.04616857,
2024065105,-20.11756174,
2024665065,-20.18790033,
2025265025,-20.26057364,
2025864985,-20.33083642,
2026464945,-20.40173681,
2027064905,-20.47460824,
2027664865,-20.546821,
2028264825,-20.62000289,
2028864785,-20.69392625,
2029464745,-20.77054593,
2030064705,-20.84551812,
2030664665,-20.92011787,
2031264625,-20.980557,
2031864585,-21.07025105,
2032464545,-21.14309438,
2033064505,-21.2195614,
2033664465,-21.29542417,
2034264425,-21.37272254,
2034864385,-21.45096623,
2035464345,-21.52907446,
2036064305,-21.60529024,
2036664265,-21.68373092,
2037264225,-21.76124659,
2037864185,-21.84001309,
2038464145,-21.9179304,
2039064105,-21.9964813,
2039664065,-22.0790722,
2040264025,-22.15863781,
2040863985,-22.23630405,
2041463945,-22.31578712,
2042063905,-22.39887479,
2042663865,-22.48170429,
2043263825,-22.55950086,
2043863785,-22.64334707,
2044463745,-22.72735148,
2045063705,-22.80529856,
2045663665,-22.8921419,
2046263625,-22.97391167,
2046863585,-23.05675795,
2047463545,-23.14051724,
2048063505,-23.22110804,
2048663465,-23.30582234,
2049263425,-23.39011426,
2049863385,-23.47435063,
2050463345,-23.55815714,
2051063305,-23.64457679,
2051663265,-23.73780921,
2052263225,-23.81645389,
2052863185,-23.90620803,
2053463145,-23.99001283,
2054063105,-24.07756574,
2054663065,-24.16629362,
2055263025,-24.25374145,
2055862985,-24.33884207,
2056462945,-24.42744761,
2057062905,-24.5167544,
2057662865,-24.60389245,
2058262825,-24.69600326,
2058862785,-24.78241995,
2059462745,-24.87358186,
2060062705,-24.95950119,
2060662665,-25.05248673,
2061262625,-25.14141953,
2061862585,-25.22814965,
2062462545,-25.31523808,
2063062505,-25.40143614,
2063662465,-25.49154581,
2064262425,-25.58159809,
2064862385,-25.67006347,
2065462345,-25.75757906,
2066062305,-25.84663757,
2066662265,-25.93158241,
2067262225,-26.02218912,
2067862185,-26.10837872,
2068462145,-26.19734172,
2069062105,-26.28264834,
2069662065,-26.36937337,
2070262025,-26.45473798,
2070861985,-26.54080496,
2071461945,-26.62745887,
2072061905,-26.71404643,
2072661865,-26.80121898,
2073261825,-26.88460613,
2073861785,-26.97020386,
2074461745,-27.06780345,
2075061705,-27.14754699,
2075661665,-27.22982475,
2076261625,-27.32756877,
2076861585,-27.11108263,
2077461545,-27.48657114,
2078061505,-27.57180511,
2078661465,-27.65035133,
2079261425,-27.7349161,
2079861385,-27.81776438,
2080461345,-27.60155528,
2081061305,-27.9780373,
2081661265,-28.05844939,
2082261225,-28.14159935,
2082861185,-28.21811735,
2083461145,-28.29484995,
2084061105,-28.36901408,
2084661065,-28.44395159,
2085261025,-28.51647431,
2085860985,-28.58790647,
2086460945,-28.65675376,
2087060905,-28.72500066,
2087660865,-28.79106414,
2088260825,-28.85719247,
2088860785,-28.91012385,
2089460745,-28.98322629,
2090060705,-29.050656,
2090660665,-29.10521801,
2091260625,-29.16686333,
2091860585,-29.22685241,
2092460545,-28.9087179,
2093060505,-29.34783025,
2093660465,-29.40586123,
2094260425,-29.81688939,
2094860385,-29.51526074,
2095460345,-29.570643,
2096060305,-29.62557781,
2096660265,-29.68293083,
2097260225,-29.72860038,
2097860185,-29.77657782,
2098460145,-29.82266759,
2099060105,-29.86879985,
2099660065,-29.91549962,
2100260025,-29.95664617,
2100859985,-29.99428166,
2101459945,-30.0364355,
2102059905,-30.06739477,
2102659865,-30.10392126,
2103259825,-30.13581346,
2103859785,-30.16408188,
2104459745,-30.18973019,
2105059705,-30.21491441,
2105659665,-30.24065445,
2106259625,-30.26023607,
2106859585,-30.28144508,
2107459545,-30.29593293,
2108059505,-30.31143156,
2108659465,-30.31937383,
2109259425,-30.3295152,
2109859385,-30.33643401,
2110459345,-30.32735381,
2111059305,-30.33822097,
2111659265,-30.69127249,
2112259225,-30.32873656,
2112859185,-30.32441943,
2113459145,-30.31374615,
2114059105,-30.29933974,
2114659065,-30.27085884,
2115259025,-30.26637037,
2115858985,-30.58091133,
2116458945,-30.22369648,
2117058905,-30.20064097,
2117658865,-30.56572979,
2118258825,-30.14691474,
2118858785,-30.11571558,
2119458745,-30.08102164,
2120058705,-30.04748491,
2120658665,-30.00640166,
2121258625,-29.96295611,
2121858585,-29.92162883,
2122458545,-29.87351933,
2123058505,-29.83279307,
2123658465,-29.78483229,
2124258425,-29.73280148,
2124858385,-29.68242484,
2125458345,-29.62905489,
2126058305,-29.57481102,
2126658265,-29.51981325,
2127258225,-29.46187259,
2127858185,-29.40145385,
2128458145,-29.33102882,
2129058105,-29.61031497,
2129658065,-29.2124795,
2130258025,-29.14714042,
2130857985,-29.08133727,
2131457945,-29.00565044,
2132057905,-28.93239646,
2132657865,-28.84984185,
2133257825,-28.78619099,
2133857785,-28.70628154,
2134457745,-28.63123208,
2135057705,-28.54805592,
2135657665,-28.46884092,
2136257625,-28.38631699,
2136857585,-28.30881476,
2137457545,-28.22414324,
2138057505,-28.13806973,
2138657465,-28.05929005,
2139257425,-27.98292532,
2139857385,-27.88476485,
2140457345,-27.79771186,
2141057305,-27.70292719,
2141657265,-27.6166124,
2142257225,-27.52568847,
2142857185,-27.43209607,
2143457145,-27.3383092,
2144057105,-27.24730903,
2144657065,-27.15377705,
2145257025,-27.0599092,
2145856985,-26.96165025,
2146456945,-26.85414561,
2147056905,-26.7702214,
2147656865,-26.67259615,
2148256825,-26.57699729,
2148856785,-26.47849625,
2149456745,-26.37886194,
2150056705,-26.29666591,
2150656665,-26.18245126,
2151256625,-25.87987798,
2151856585,-25.98247739,
2152456545,-25.88066556,
2153056505,-25.77737039,
2153656465,-25.68060476,
2154256425,-25.57817001,
2154856385,-25.47171655,
2155456344,-25.36992402,
2156056304,-25.07258312,
2156656264,-25.16336072,
2157256224,-25.06164608,
2157856184,-24.95524702,
2158456144,-24.85336985,
2159056104,-24.75338472,
2159656064,-24.64906678,
2160256024,-24.40347136,
2160855984,-24.44344659,
2161455944,-24.32775735,
2162055904,-24.23536587,
2162655864,-24.19967866,
2163255824,-24.03264601,
2163855784,-23.9276599,
2164455744,-23.82432725,
2165055704,-23.72385273,
2165655664,-23.61970575,
2166255624,-23.35405273,
2166855584,-23.41860579,
2167455544,-23.31229704,
2168055504,-23.21218304,
2168655464,-23.11059476,
2169255424,-23.00911412,
2169855384,-22.91901538,
2170455344,-22.80496033,
2171055304,-22.70587797,
2171655264,-22.60592679,
2172255224,-22.50409586,
2172855184,-22.40661766,
2173455144,-22.31824007,
2174055104,-22.20795006,
2174655064,-22.10889,
2175255024,-22.01103743,
2175854984,-21.92761787,
2176454944,-21.81554629,
2177054904,-21.71867558,
2177654864,-21.62250001,
2178254824,-21.52461105,
2178854784,-21.42383781,
2179454744,-21.32979425,
2180054704,-21.23586898,
2180654664,-21.13735008,
2181254624,-21.04080391,
2181854584,-20.94430854,
2182454544,-20.84806799,
2183054504,-20.75361911,
2183654464,-20.65751222,
2184254424,-20.56218358,
2184854384,-20.46676612,
2185454344,-20.37113002,
2186054304,-20.27763166,
2186654264,-20.1823844,
2187254224,-20.08822394,
2187854184,-19.99447444,
2188454144,-19.90204778,
2189054104,-19.80968175,
2189654064,-19.71732611,
2190254024,-19.62437111,
2190853984,-19.53493689,
2191453944,-19.44207939,
2192053904,-19.35400443,
2192653864,-19.27186134,
2193253824,-19.17414896,
2193853784,-19.08487871,
2194453744,-18.99694031,
2195053704,-18.90779616,
2195653664,-18.82070218,
2196253624,-18.73233168,
2196853584,-18.64740024,
2197453544,-18.56346175,
2198053504,-18.36637523,
2198653464,-18.39230008,
2199253424,-18.31020548,
2199853384,-18.22647543,
2200453344,-18.14337973,
2201053304,-18.06020458,
2201653264,-17.97845458,
2202253224,-17.9871503,
2202853184,-17.8175659,
2203453144,-17.73465779,
2204053104,-17.66135985,
2204653064,-17.57581564,
2205253024,-17.49299048,
2205852984,-17.41486644,
2206452944,-17.33398705,
2207052904,-17.25837527,
2207652864,-17.13491794,
2208252824,-17.08716118,
2208852784,-17.01243078,
2209452744,-16.93977835,
2210052704,-16.86258428,
2210652664,-16.78639343,
2211252624,-16.71236546,
2211852584,-16.64210841,
2212452544,-16.56294828,
2213052504,-16.49725315,
2213652464,-16.42450635,
2214252424,-16.35998454,
2214852384,-16.28947706,
2215452344,-16.19852302,
2216052304,-16.12865598,
2216652264,-16.09991619,
2217252224,-16.0196076,
2217852184,-16.0439506,
2218452144,-15.88995086,
2219052104,-15.82568065,
2219652064,-15.76222731,
2220252024,-15.69745571,
2220851984,-15.63467736,
2221451944,-15.57389557,
2222051904,-15.50383829,
2222651864,-15.45688721,
2223251824,-15.39301975,
2223851784,-15.34181894,
2224451744,-15.28447813,
2225051704,-15.22076456,
2225651664,-15.15878434,
2226251624,-15.10551258,
2226851584,-15.05344831,
2227451544,-14.99806863,
2228051504,-14.94421193,
2228651464,-14.88968602,
2229251424,-14.83896083,
2229851384,-14.78836472,
2230451344,-14.73563415,
2231051304,-14.68429048,
2231651264,-14.6336964,
2232251224,-14.58315814,
2232851184,-14.53776985,
2233451144,-14.4883716,
2234051104,-14.44405738,
2234651064,-14.394152,
2235251024,-14.34775101,
2235850984,-14.30535687,
2236450944,-14.26113616,
2237050904,-14.21598798,
2237650864,-14.17714332,
2238250824,-14.13250876,
2238850784,-14.09202822,
2239450744,-14.04943382,
2240050704,-14.00965132,
2240650664,-13.97150447,
2241250624,-13.9305989,
2241850584,-13.89510437,
2242450544,-13.85676823,
2243050504,-13.82004494,
2243650464,-13.78621901,
2244250424,-13.74852992,
2244850384,-13.71690783,
2245450344,-13.68316015,
2246050304,-13.64988901,
2246650264,-13.61250253,
2247250224,-13.5775327,
2247850184,-13.53830331,
2248450144,-13.44369979,
2249050104,-13.47709433,
2249650064,-13.47592121,
2250250024,-13.41502448,
2250849984,-13.38412685,
2251449944,-13.35768349,
2252049904,-13.3254055,
2252649864,-13.30001135,
2253249824,-13.27192596,
2253849784,-13.240829,
2254449744,-13.21657022,
2255049704,-13.189479,
2255649664,-13.16314122,
2256249624,-13.20341297,
2256849584,-13.10568776,
2257449544,-13.0912042,
2258049504,-13.07081341,
2258649464,-13.03696964,
2259249424,-12.98553853,
2259849384,-12.95569231,
2260449344,-12.92616222,
2261049304,-12.90267343,
2261649264,-12.88051808,
2262249224,-12.86080724,
2262849184,-12.83833406,
2263449144,-12.82177564,
2264049104,-12.81512105,
2264649064,-12.79717071,
2265249024,-12.79095213,
2265848984,-12.77371318,
2266448944,-12.77030321,
2267048904,-12.74823273,
2267648864,-12.72948466,
2268248824,-12.71288756,
2268848784,-12.69472867,
2269448744,-12.67682911,
2270048704,-12.72098212,
2270648664,-12.64693665,
2271248624,-12.62525102,
2271848584,-12.61284675,
2272448544,-12.59876853,
2273048504,-12.58389286,
2273648464,-12.56825158,
2274248424,-12.55474196,
2274848384,-12.54027346,
2275448344,-12.52439713,
2276048304,-12.50921393,
2276648264,-12.48928941,
2277248224,-12.47264893,
2277848184,-12.45179254,
2278448144,-12.43977173,
2279048104,-12.48454309,
2279648064,-12.38694537,
2280248024,-12.39890621,
2280847984,-12.38684713,
2281447944,-12.37353782,
2282047904,-12.36004177,
2282647864,-12.34785045,
2283247824,-12.33422811,
2283847784,-12.31997254,
2284447744,-12.30749798,
2285047704,-12.29314061,
2285647664,-12.28171741,
2286247624,-12.27051914,
2286847584,-12.26108667,
2287447544,-12.24778201,
2288047504,-12.23539462,
2288647464,-12.22227865,
2289247424,-12.2039502,
2289847384,-12.18926492,
2290447344,-12.17963018,
2291047304,-12.16740643,
2291647264,-12.16358615,
2292247224,-12.15355202,
2292847184,-12.14236871,
2293447144,-12.13056233,
2294047104,-12.10847481,
2294647064,-12.09741666,
2295247024,-12.08646579,
2295846984,-12.07807356,
2296446944,-12.06707979,
2297046904,-12.05623408,
2297646864,-12.043585,
2298246824,-12.03131195,
2298846784,-12.02153881,
2299446744,-12.0073632,
2300046704,-11.9785388,
2300646664,-11.97883573,
2301246624,-11.96586139,
2301846584,-11.94831571,
2302446544,-11.93593051,
2303046504,-11.92322817,
2303646464,-11.91322256,
2304246424,-11.89917317,
2304846384,-11.88745575,
2305446344,-11.86879151,
2306046304,-11.85384348,
2306646264,-11.84169256,
2307246224,-11.83029966,
2307846184,-11.82563993,
2308446144,-11.81481843,
2309046103,-11.80475755,
2309646063,-11.78754151,
2310246023,-11.77607732,
2310845983,-11.76152523,
2311445943,-11.7350602,
2312045903,-11.72024663,
2312645863,-11.71061698,
2313245823,-11.7056139,
2313845783,-11.68745831,
2314445743,-11.67814279,
2315045703,-11.66435944,
2315645663,-11.64774831,
2316245623,-11.62838423,
2316845583,-11.61966413,
2317445543,-11.60772303,
2318045503,-11.58779147,
2318645463,-11.57309717,
2319245423,-11.54612377,
2319845383,-11.52214001,
2320445343,-11.50410965,
2321045303,-11.49038184,
2321645263,-11.47446848,
2322245223,-11.45850472,
2322845183,-11.44806589,
2323445143,-11.4320892,
2324045103,-11.3918224,
2324645063,-11.40088526,
2325245023,-11.38262419,
2325844983,-11.36464396,
2326444943,-11.34707072,
2327044903,-11.32666191,
2327644863,-11.31278208,
2328244823,-11.28507213,
2328844783,-11.25817899,
2329444743,-11.23994242,
2330044703,-11.22173587,
2330644663,-11.20509663,
2331244623,-11.18372318,
2331844583,-11.16437749,
2332444543,-11.14669247,
2333044503,-11.13218945,
2333644463,-11.10468004,
2334244423,-11.08485735,
2334844383,-11.0571509,
2335444343,-11.03663168,
2336044303,-11.0274959,
2336644263,-11.01241757,
2337244223,-10.98329169,
2337844183,-10.96194026,
2338444143,-10.93885739,
2339044103,-10.91645864,
2339644063,-10.89427405,
2340244023,-10.87054037,
2340843983,-10.84713749,
2341443943,-10.82446469,
2342043903,-10.79985185,
2342643863,-10.77739635,
2343243823,-10.75261432,
2343843783,-10.72510145,
2344443743,-10.69941227,
2345043703,-10.67415026,
2345643663,-10.64896128,
2346243623,-10.60671693,
2346843583,-10.59984401,
2347443543,-10.57120342,
2348043503,-10.54422187,
2348643463,-10.520332,
2349243423,-10.47578069,
2349843383,-10.46718569,
2350443343,-10.44011159,
2351043303,-10.41107256,
2351643263,-10.38165951,
2352243223,-10.35619732,
2352843183,-10.32994465,
2353443143,-10.33844741,
2354043103,-10.2720575,
2354643063,-10.24551814,
2355243023,-10.21380843,
2355842983,-10.19027564,
2356442943,-10.15927684,
2357042903,-10.13163629,
2357642863,-10.10760334,
2358242823,-10.07112177,
2358842783,-10.04399055,
2359442743,-10.01664919,
2360042703,-9.98728153,
2360642663,-9.952611835,
2361242623,-9.923206957,
2361842583,-9.925841361,
2362442543,-9.815669573,
2363042503,-9.831172903,
2363642463,-9.799871398,
2364242423,-9.770439977,
2364842383,-9.738718815,
2365442343,-9.693198017,
2366042303,-9.67722832,
2366642263,-9.647093773,
2367242223,-9.614041719,
2367842183,-9.581807703,
2368442143,-9.552003351,
2369042103,-9.519913358,
2369642063,-9.488771702,
2370242023,-9.455195795,
2370841983,-9.42254103,
2371441943,-9.390861228,
2372041903,-9.360650357,
2372641863,-9.327229057,
2373241823,-9.29029775,
2373841783,-9.262057804,
2374441743,-9.233026476,
2375041703,-9.198291737,
2375641663,-9.167027789,
2376241623,-9.134549535,
2376841583,-9.105900461,
2377441543,-9.071230425,
2378041503,-9.038152929,
2378641463,-9.006382932,
2379241423,-8.97564828,
2379841383,-8.940357568,
2380441343,-8.907585672,
2381041303,-8.878164063,
2381641263,-8.844109323,
2382241223,-8.811356486,
2382841183,-8.777216676,
2383441143,-8.743133669,
2384041103,-8.709802515,
2384641063,-8.686742913,
2385241023,-8.646169557,
2385840983,-8.613218815,
2386440943,-8.581923832,
2387040903,-8.551675737,
2387640863,-8.518853238,
2388240823,-8.526330335,
2388840783,-8.480749927,
2389440743,-8.422960861,
2390040703,-8.391787647,
2390640663,-8.36081015,
2391240623,-8.329983488,
2391840583,-8.297212498,
2392440543,-8.264473743,
2393040503,-8.234656276,
2393640463,-8.203747801,
2394240423,-8.172341782,
2394840383,-8.142358499,
2395440343,-8.11297566,
2396040303,-8.082220107,
2396640263,-8.051723027,
2397240223,-8.023466911,
2397840183,-7.99324858,
2398440143,-7.963710068,
2399040103,-7.9329232,
2399640063,-7.905236293,
2400240023,-7.876039758,
2400839983,-7.847049878,
2401439943,-7.818393765,
2402039903,-7.790663202,
2402639863,-7.761327456,
2403239823,-7.733696982,
2403839783,-7.70508384,
2404439743,-7.678445183,
2405039703,-7.651975796,
2405639663,-7.630689166,
2406239623,-7.597080884,
2406839583,-7.571410272,
2407439543,-7.544807591,
2408039503,-7.520014034,
2408639463,-7.493596561,
2409239423,-7.468487528,
2409839383,-7.442715115,
2410439343,-7.417666749,
2411039303,-7.392159947,
2411639263,-7.369507589,
2412239223,-7.335011721,
2412839183,-7.32226264,
2413439143,-7.297941261,
2414039103,-7.275630932,
2414639063,-7.253556342,
2415239023,-7.230485068,
2415838983,-7.209335865,
2416438943,-7.188787095,
2417038903,-7.16680624,
2417638863,-7.145765048,
2418238823,-7.125783263,
2418838783,-7.105870286,
2419438743,-7.120035084,
2420038703,-7.066265761,
2420638663,-7.04934524,
2421238623,-7.029500586,
2421838583,-7.0142922,
2422438543,-6.992864996,
2423038503,-6.975672565,
2423638463,-6.960952644,
2424238423,-6.942631033,
2424838383,-6.926466736,
2425438343,-6.923668568,
2426038303,-6.892534552,
2426638263,-6.875645811,
2427238223,-6.827430473,
2427838183,-6.846164533,
2428438143,-6.787220171,
2429038103,-6.776445184,
2429638063,-6.790531021,
2430238023,-6.781992022,
2430837983,-6.799866248,
2431437943,-6.757439095,
2432037903,-6.746645137,
2432637863,-6.723218644,
2433237823,-6.715410338,
2433837783,-6.707665647,
2434437743,-6.695670185,
2435037703,-6.687826954,
2435637663,-6.671499214,
2436237623,-6.637615161,
2436837583,-6.614827597,
2437437543,-6.618068832,
2438037503,-6.608833133,
2438637463,-6.600109787,
2439237423,-6.593191608,
2439837383,-6.581765367,
2440437343,-6.599884598,
2441037303,-6.617139653,
2441637263,-6.576951353,
2442237223,-6.567098889,
2442837183,-6.562667969,
2443437143,-6.553195612,
2444037103,-6.552573987,
2444637063,-6.535180313,
2445237023,-6.518004607,
2445836983,-6.504054641,
2446436943,-6.489946652,
2447036903,-6.489218727,
2447636863,-6.484043999,
2448236823,-6.483959293,
2448836783,-6.475655321,
2449436743,-6.46776438,
2450036703,-6.45332451,
2450636663,-6.44196005,
2451236623,-6.443508731,
2451836583,-6.440489433,
2452436543,-6.445692274,
2453036503,-6.439750774,
2453636463,-6.42327638,
2454236423,-6.402784583,
2454836383,-6.395714083,
2455436343,-6.39048446,
2456036303,-6.385786296,
2456636263,-6.381556847,
2457236223,-6.382486126,
2457836183,-6.377479353,
2458436143,-6.376668651,
2459036103,-6.373039015,
2459636063,-6.365829047,
2460236023,-6.362274513,
2460835983,-6.33006936,
2461435943,-6.355041925,
2462035903,-6.35004546,
2462635863,-6.343289836,
2463235822,-6.340650472,
2463835782,-6.337737809,
2464435742,-6.333994605,
2465035702,-6.330268524,
2465635662,-6.30841795,
2466235622,-6.32848306,
2466835582,-6.327524458,
2467435542,-6.317944679,
2468035502,-6.318852204,
2468635462,-6.313511058,
2469235422,-6.299216333,
2469835382,-6.308824562,
2470435342,-6.306828827,
2471035302,-6.304757421,
2471635262,-6.306547264,
2472235222,-6.301295135,
2472835182,-6.298330155,
2473435142,-6.295938871,
2474035102,-6.293769205,
2474635062,-6.288206911,
2475235022,-6.286765819,
2475834982,-6.284065069,
2476434942,-6.279460314,
2477034902,-6.27645775,
2477634862,-6.271840456,
2478234822,-6.274858999,
2478834782,-6.251223271,
2479434742,-6.250513913,
2480034702,-6.244019179,
2480634662,-6.243711295,
2481234622,-6.242427533,
2481834582,-6.237915818,
2482434542,-6.242015283,
2483034502,-6.243060279,
2483634462,-6.243781787,
2484234422,-6.239825374,
2484834382,-6.237681077,
2485434342,-6.2296404,
2486034302,-6.230523147,
2486634262,-6.229644191,
2487234222,-6.225475471,
2487834182,-6.225211151,
2488434142,-6.223107203,
2489034102,-6.220333718,
2489634062,-6.21897477,
2490234022,-6.214874716,
2490833982,-6.211404909,
2491433942,-6.212582268,
2492033902,-6.212169219,
2492633862,-6.210174916,
2493233822,-6.208599851,
2493833782,-6.208110435,
2494433742,-6.202808322,
2495033702,-6.202012014,
2495633662,-6.199340453,
2496233622,-6.198500205,
2496833582,-6.1985176,
2497433542,-6.196707342,
2498033502,-6.195854137,
2498633462,-6.194010755,
2499233422,-6.192796596,
2499833382,-6.1910111,
2500433342,-6.191842487,
2501033302,-6.189755826,
2501633262,-6.187115551,
2502233222,-6.187641664,
2502833182,-6.185259487,
2503433142,-6.185837798,
2504033102,-6.18515812,
2504633062,-6.182064532,
2505233022,-6.183891841,
2505832982,-6.182673141,
2506432942,-6.182579336,
2507032902,-6.182771498,
2507632862,-6.19932554,
2508232822,-6.184551672,
2508832782,-6.182907685,
2509432742,-6.182681647,
2510032702,-6.181910573,
2510632662,-6.182822373,
2511232622,-6.182974586,
2511832582,-6.183724956,
2512432542,-6.183587446,
2513032502,-6.159561346,
2513632462,-6.18388121,
2514232422,-6.183758619,
2514832382,-6.184896709,
2515432342,-6.185129896,
2516032302,-6.185811519,
2516632262,-6.186972386,
2517232222,-6.188296901,
2517832182,-6.188850733,
2518432142,-6.190366969,
2519032102,-6.192379654,
2519632062,-6.193280646,
2520232022,-6.195304484,
2520831982,-6.195913918,
2521431942,-6.197887376,
2522031902,-6.198316221,
2522631862,-6.200841262,
2523231822,-6.201928723,
2523831782,-6.230675107,
2524431742,-6.205775922,
2525031702,-6.2074226,
2525631662,-6.208877642,
2526231622,-6.212648083,
2526831582,-6.213428078,
2527431542,-6.216511615,
2528031502,-6.218041948,
2528631462,-6.245278421,
2529231422,-6.225286213,
2529831382,-6.225478088,
2530431342,-6.228456695,
2531031302,-6.231700048,
2531631262,-6.235091745,
2532231222,-6.241794205,
2532831182,-6.242237576,
2533431142,-6.242591359,
2534031102,-6.244773641,
2534631062,-6.248929082,
2535231022,-6.251456958,
2535830982,-6.254060549,
2536430942,-6.25507734,
2537030902,-6.261274141,
2537630862,-6.262868666,
2538230822,-6.265506561,
2538830782,-6.267982552,
2539430742,-6.244893281,
2540030702,-6.274506813,
2540630662,-6.277877567,
2541230622,-6.282110576,
2541830582,-6.285774172,
2542430542,-6.289854775,
2543030502,-6.292167093,
2543630462,-6.295959405,
2544230422,-6.298494524,
2544830382,-6.301092428,
2545430342,-6.304819891,
2546030302,-6.309385778,
2546630262,-6.311242663,
2547230222,-6.315239485,
2547830182,-6.323416899,
2548430142,-6.321836239,
2549030102,-6.325214054,
2549630062,-6.325670539,
2550230022,-6.331523498,
2550829982,-6.32674371,
2551429942,-6.339634788,
2552029902,-6.341299575,
2552629862,-6.341697965,
2553229822,-6.353737387,
2553829782,-6.346111737,
2554429742,-6.349317934,
2555029702,-6.356235977,
2555629662,-6.356341134,
2556229622,-6.360851799,
2556829582,-6.364192762,
2557429542,-6.365603843,
2558029502,-6.370427725,
2558629462,-6.37372689,
2559229422,-6.37761535,
2559829382,-6.392953625,
2560429342,-6.377153795,
2561029302,-6.381365668,
2561629262,-6.380241762,
2562229222,-6.384040863,
2562829182,-6.384945833,
2563429142,-6.389758172,
2564029102,-6.390999672,
2564629062,-6.41515622,
2565229022,-6.397753264,
2565828982,-6.402992531,
2566428942,-6.401056685,
2567028902,-6.424997747,
2567628862,-6.397838239,
2568228822,-6.400158867,
2568828782,-6.398061523,
2569428742,-6.403003221,
2570028702,-6.40475301,
2570628662,-6.404612145,
2571228622,-6.406247957,
2571828582,-6.408347398,
2572428542,-6.40896564,
2573028502,-6.412118983,
2573628462,-6.404967539,
2574228422,-6.408723157,
2574828382,-6.425314522,
2575428342,-6.408374762,
2576028302,-6.410186279,
2576628262,-6.407109338,
2577228222,-6.412894573,
2577828182,-6.411349762,
2578428142,-6.413199355,
2579028102,-6.413670688,
2579628062,-6.415122678,
2580228022,-6.415054744,
2580827982,-6.431097033,
2581427942,-6.413529421,
2582027902,-6.407761894,
2582627862,-6.410634804,
2583227822,-6.410495928,
2583827782,-6.41294572,
2584427742,-6.411393106,
2585027702,-6.408033783,
2585627662,-6.410083678,
2586227622,-6.405777858,
2586827582,-6.404604683,
2587427542,-6.407756802,
2588027502,-6.406653026,
2588627462,-6.402250883,
2589227422,-6.419194745,
2589827382,-6.39981165,
2590427342,-6.398178308,
2591027302,-6.412893911,
2591627262,-6.399491836,
2592227222,-6.399221888,
2592827182,-6.390263653,
2593427142,-6.395585138,
2594027102,-6.395201619,
2594627062,-6.390605227,
2595227022,-6.393166869,
2595826982,-6.38771598,
2596426942,-6.38901494,
2597026902,-6.385805124,
2597626862,-6.389170556,
2598226822,-6.386999372,
2598826782,-6.384472913,
2599426742,-6.3823499,
2600026702,-6.382044488,
2600626662,-6.3832614,
2601226622,-6.382365464,
2601826582,-6.381562718,
2602426542,-6.378758044,
2603026502,-6.37984599,
2603626462,-6.380748256,
2604226422,-6.380323352,
2604826382,-6.377967979,
2605426342,-6.378525875,
2606026302,-6.360161187,
2606626262,-6.377394863,
2607226222,-6.376978966,
2607826182,-6.377474641,
2608426142,-6.377582958,
2609026102,-6.3774372,
2609626062,-6.379889943,
2610226022,-6.382104135,
2610825982,-6.382931293,
2611425942,-6.379366208,
2612025902,-6.381913067,
2612625862,-6.382569546,
2613225822,-6.382388955,
2613825782,-6.382639354,
2614425742,-6.382618299,
2615025702,-6.387642635,
2615625662,-6.389701248,
2616225622,-6.394109481,
2616825581,-6.391617112,
2617425541,-6.3941733,
2618025501,-6.401622861,
2618625461,-6.402948009,
2619225421,-6.408733167,
2619825381,-6.408856225,
2620425341,-6.4081312,
2621025301,-6.417213023,
2621625261,-6.415283718,
2622225221,-6.439699749,
2622825181,-6.424607448,
2623425141,-6.429605392,
2624025101,-6.438121676,
2624625061,-6.439496587,
2625225021,-6.444813951,
2625824981,-6.448843825,
2626424941,-6.455744007,
2627024901,-6.461946652,
2627624861,-6.463788993,
2628224821,-6.47469776,
2628824781,-6.477429569,
2629424741,-6.486131758,
2630024701,-6.493747124,
2630624661,-6.499526817,
2631224621,-6.510232307,
2631824581,-6.514921383,
2632424541,-6.521963587,
2633024501,-6.541291809,
2633624461,-6.537804542,
2634224421,-6.546735141,
2634824381,-6.557643415,
2635424341,-6.566448454,
2636024301,-6.575353572,
2636624261,-6.58505873,
2637224221,-6.594173021,
2637824181,-6.604593898,
2638424141,-6.6131891,
2639024101,-6.624122381,
2639624061,-6.634686378,
2640224021,-6.646585811,
2640823981,-6.656095629,
2641423941,-6.668519174,
2642023901,-6.679876782,
2642623861,-6.691179645,
2643223821,-6.703199031,
2643823781,-6.715131618,
2644423741,-6.727231704,
2645023701,-6.739345685,
2645623661,-6.752344298,
2646223621,-6.764980069,
2646823581,-6.777486245,
2647423541,-6.791626921,
2648023501,-6.804162112,
2648623461,-6.817058325,
2649223421,-6.83073567,
2649823381,-6.828713011,
2650423341,-6.860039401,
2651023301,-6.873414408,
2651623261,-6.857452506,
2652223221,-6.903106717,
2652823181,-6.917940956,
2653423141,-6.932338948,
2654023101,-6.944499567,
2654623061,-6.959969534,
2655223021,-6.976209623,
2655822981,-6.990454273,
2656422941,-7.003710228,
2657022901,-7.019469125,
2657622861,-7.036468546,
2658222821,-7.052686343,
2658822781,-7.066715012,
2659422741,-7.084227433,
2660022701,-7.10007256,
2660622661,-7.116290208,
2661222621,-7.132208302,
2661822581,-7.145917904,
2662422541,-7.150122588,
2663022501,-7.17783611,
2663622461,-7.194274716,
2664222421,-7.208887232,
2664822381,-7.226104694,
2665422341,-7.237610532,
2666022301,-7.258439535,
2666622261,-7.272908961,
2667222221,-7.287740238,
2667822181,-7.319270881,
2668422141,-7.318450861,
2669022101,-7.335332207,
2669622061,-7.349986531,
2670222021,-7.367422381,
2670821981,-7.380593185,
2671421941,-7.397879976,
2672021901,-7.41160584,
2672621861,-7.426235152,
2673221821,-7.442074575,
2673821781,-7.458457577,
2674421741,-7.471663164,
2675021701,-7.486282306,
2675621661,-7.502536775,
2676221621,-7.516963207,
2676821581,-7.531728795,
2677421541,-7.545561449,
2678021501,-7.558478261,
2678621461,-7.573217687,
2679221421,-7.587066804,
2679821381,-7.599381932,
2680421341,-7.61287341,
2681021301,-7.626680546,
2681621261,-7.641122168,
2682221221,-7.654841342,
2682821181,-7.668390095,
2683421141,-7.68042452,
2684021101,-7.693323084,
2684621061,-7.703471859,
2685221021,-7.717899305,
2685820981,-7.730073781,
2686420941,-7.739164251,
2687020901,-7.749029725,
2687620861,-7.761215686,
2688220821,-7.774868935,
2688820781,-7.783900482,
2689420741,-7.828440052,
2690020701,-7.811807486,
2690620661,-7.815817426,
2691220621,-7.825914267,
2691820581,-7.837482566,
2692420541,-7.84660095,
2693020501,-7.856419094,
2693620461,-7.86466769,
2694220421,-7.873182818,
2694820381,-7.883554424,
2695420341,-7.889586325,
2696020301,-7.899309764,
2696620261,-7.907448372,
2697220221,-7.915804523,
2697820181,-7.924289978,
2698420141,-7.928531891,
2699020101,-7.933451257,
2699620061,-7.943657487,
2700220021,-7.947135316,
2700819981,-7.956346144,
2701419941,-7.95929301,
2702019901,-7.967121708,
2702619861,-7.973974588,
2703219821,-7.977739133,
2703819781,-7.983200681,
2704419741,-7.988470682,
2705019701,-7.993201525,
2705619661,-7.995484534,
2706219621,-8.00267564,
2706819581,-8.004506562,
2707419541,-8.008971956,
2708019501,-8.014328318,
2708619461,-8.015086857,
2709219421,-8.016783978,
2709819381,-7.989859429,
2710419341,-8.024505445,
2711019301,-8.024700619,
2711619261,-8.02578349,
2712219221,-8.03011873,
2712819181,-8.029393681,
2713419141,-8.029405788,
2714019101,-8.034546126,
2714619061,-8.033201946,
2715219021,-8.033852321,
2715818981,-8.033442914,
2716418941,-8.034861705,
2717018901,-8.031463909,
2717618861,-8.035105025,
2718218821,-8.032579725,
2718818781,-8.030464725,
2719418741,-8.032536,
2720018701,-8.030096246,
2720618661,-8.0270319,
2721218621,-8.025636392,
2721818581,-8.024158787,
2722418541,-8.021166103,
2723018501,-7.987114285,
2723618461,-8.015670785,
2724218421,-8.013080664,
2724818381,-8.008642481,
2725418341,-8.004320724,
2726018301,-8.004675811,
2726618261,-8.001736747,
2727218221,-7.996127989,
2727818181,-7.993065108,
2728418141,-7.98828945,
2729018101,-7.985286421,
2729618061,-8.002095655,
2730218021,-7.973608386,
2730817981,-7.971032798,
2731417941,-7.965694578,
2732017901,-7.961087044,
2732617861,-7.957035518,
2733217821,-7.951369553,
2733817781,-7.945160701,
2734417741,-7.94001943,
2735017701,-7.935049259,
2735617661,-7.929477336,
2736217621,-7.908279975,
2736817581,-7.901992354,
2737417541,-7.910464052,
2738017501,-7.905030065,
2738617461,-7.888120717,
2739217421,-7.89023095,
2739817381,-7.886007065,
2740417341,-7.877607137,
2741017301,-7.875685466,
2741617261,-7.868287714,
2742217221,-7.859599758,
2742817181,-7.852161346,
2743417141,-7.846583304,
2744017101,-7.840846076,
2744617061,-7.831365099,
2745217021,-7.826582216,
2745816981,-7.820255998,
2746416941,-7.812068536,
2747016901,-7.804573046,
2747616861,-7.797536105,
2748216821,-7.790280916,
2748816781,-7.783889297,
2749416741,-7.803544145,
2750016701,-7.76830471,
2750616661,-7.76231154,
2751216621,-7.755697738,
2751816581,-7.748610902,
2752416541,-7.73278457,
2753016501,-7.73548146,
2753616461,-7.72819083,
2754216421,-7.722703861,
2754816381,-7.713795745,
2755416341,-7.707874924,
2756016301,-7.710220752,
2756616261,-7.695132281,
2757216221,-7.689796202,
2757816181,-7.681838631,
2758416141,-7.675533423,
2759016101,-7.670703361,
2759616061,-7.663075379,
2760216021,-7.657020086,
2760815981,-7.619026,
2761415941,-7.645028396,
2762015901,-7.639359434,
2762615861,-7.633470137,
2763215821,-7.627094441,
2763815781,-7.621851658,
2764415741,-7.616634432,
2765015701,-7.612101146,
2765615661,-7.605720507,
2766215621,-7.601224858,
2766815581,-7.596398668,
2767415541,-7.591553526,
2768015501,-7.58615657,
2768615461,-7.582598024,
2769215421,-7.576399254,
2769815381,-7.572899826,
2770415340,-7.568110786,
2771015300,-7.564685695,
2771615260,-7.561160384,
2772215220,-7.557350661,
2772815180,-7.55388882,
2773415140,-7.536566889,
2774015100,-7.546830998,
2774615060,-7.542864101,
2775215020,-7.540135684,
2775814980,-7.537211706,
2776414940,-7.533554572,
2777014900,-7.533362926,
2777614860,-7.529475627,
2778214820,-7.527305688,
2778814780,-7.533012711,
2779414740,-7.523401335,
2780014700,-7.521396142,
2780614660,-7.519361389,
2781214620,-7.517663939,
2781814580,-7.51692146,
2782414540,-7.516132404,
2783014500,-7.513965826,
2783614460,-7.512230742,
2784214420,-7.512276,
2784814380,-7.512116885,
2785414340,-7.511463052,
2786014300,-7.509980526,
2786614260,-7.509534207,
2787214220,-7.508792397,
2787814180,-7.506575111,
2788414140,-7.508950216,
2789014100,-7.508040443,
2789614060,-7.509078319,
2790214020,-7.508285384,
2790813980,-7.510375779,
2791413940,-7.511168619,
2792013900,-7.51202994,
2792613860,-7.513318669,
2793213820,-7.517893597,
2793813780,-7.512521474,
2794413740,-7.516240186,
2795013700,-7.516171925,
2795613660,-7.519566343,
2796213620,-7.517984207,
2796813580,-7.518902004,
2797413540,-7.523015316,
2798013500,-7.52836072,
2798613460,-7.523221826,
2799213420,-7.528601853,
2799813380,-7.531381698,
2800413340,-7.531630179,
2801013300,-7.544333772,
2801613260,-7.54003542,
2802213220,-7.541357735,
2802813180,-7.543078924,
2803413140,-7.542838805,
2804013100,-7.548428261,
2804613060,-7.549609191,
2805213020,-7.554110442,
2805812980,-7.555516161,
2806412940,-7.559909826,
2807012900,-7.562930544,
2807612860,-7.565747809,
2808212820,-7.567156605,
2808812780,-7.57116954,
2809412740,-7.575796235,
2810012700,-7.58034236,
2810612660,-7.583240755,
2811212620,-7.585743387,
2811812580,-7.591667364,
2812412540,-7.593476256,
2813012500,-7.595104165,
2813612460,-7.602294542,
2814212420,-7.603283137,
2814812380,-7.608345635,
2815412340,-7.618130967,
2816012300,-7.613900297,
2816612260,-7.617769175,
2817212220,-7.62249145,
2817812180,-7.636841495,
2818412140,-7.625864628,
2819012100,-7.633886456,
2819612060,-7.637663918,
2820212020,-7.638056101,
2820811980,-7.642502661,
2821411940,-7.65104837,
2822011900,-7.657976519,
2822611860,-7.655906506,
2823211820,-7.663439403,
2823811780,-7.686861727,
2824411740,-7.629984369,
2825011700,-7.640730086,
2825611660,-7.676829159,
2826211620,-7.678326082,
2826811580,-7.693792919,
2827411540,-7.688787115,
2828011500,-7.698209425,
2828611460,-7.700352766,
2829211420,-7.699023144,
2829811380,-7.679642063,
2830411340,-7.712867095,
2831011300,-7.717553217,
2831611260,-7.722444405,
2832211220,-7.696162817,
2832811180,-7.700189975,
2833411140,-7.734082888,
2834011100,-7.761028377,
2834611060,-7.742484086,
2835211020,-7.746243662,
2835810980,-7.753113388,
2836410940,-7.755330674,
2837010900,-7.764716344,
2837610860,-7.7655274,
2838210820,-7.770195551,
2838810780,-7.782653487,
2839410740,-7.779539138,
2840010700,-7.782650603,
2840610660,-7.791955075,
2841210620,-7.795677909,
2841810580,-7.801030981,
2842410540,-7.810716112,
2843010500,-7.812844387,
2843610460,-7.817251897,
2844210420,-7.82915173,
2844810380,-7.828825429,
2845410340,-7.830227754,
2846010300,-7.840945104,
2846610260,-7.842183875,
2847210220,-7.814234665,
2847810180,-7.859404788,
2848410140,-7.861253683,
2849010100,-7.867373043,
2849610060,-7.874461068,
2850210020,-7.883812755,
2850809980,-7.888624159,
2851409940,-7.893324458,
2852009900,-7.8976539,
2852609860,-7.906485757,
2853209820,-7.912912779,
2853809780,-7.922565557,
2854409740,-7.927237358,
2855009700,-7.935636434,
2855609660,-7.941400873,
2856209620,-7.950156426,
2856809580,-7.95743752,
2857409540,-7.965490781,
2858009500,-7.961059588,
2858609460,-7.978794141,
2859209420,-7.987763738,
2859809380,-7.998525539,
2860409340,-8.005502578,
2861009300,-8.013928419,
2861609260,-8.022972931,
2862209220,-8.032972309,
2862809180,-8.039967846,
2863409140,-8.034160203,
2864009100,-8.057098633,
2864609060,-8.068637042,
2865209020,-8.075127257,
2865808980,-8.086334357,
2866408940,-8.094422303,
2867008900,-8.106237479,
2867608860,-8.119602964,
2868208820,-8.126511562,
2868808780,-8.139810176,
2869408740,-8.14806958,
2870008700,-8.16104779,
2870608660,-8.168216712,
2871208620,-8.182142483,
2871808580,-8.191908178,
2872408540,-8.205226514,
2873008500,-8.214843808,
2873608460,-8.229635661,
2874208420,-8.240603852,
2874808380,-8.250469273,
2875408340,-8.268021023,
2876008300,-8.274463549,
2876608260,-8.287438351,
2877208220,-8.300134169,
2877808180,-8.313896455,
2878408140,-8.325708148,
2879008100,-8.339293191,
2879608060,-8.352583932,
2880208020,-8.366033842,
2880807980,-8.379200527,
2881407940,-8.393133597,
2882007900,-8.405880979,
2882607860,-8.418911446,
2883207820,-8.433525283,
2883807780,-8.448094761,
2884407740,-8.460313367,
2885007700,-8.47611707,
2885607660,-8.490275773,
2886207620,-8.503468266,
2886807580,-8.517704425,
2887407540,-8.533825954,
2888007500,-8.547664591,
2888607460,-8.561766859,
2889207420,-8.577319172,
2889807380,-8.592266614,
2890407340,-8.608224538,
2891007300,-8.622793458,
2891607260,-8.638005996,
2892207220,-8.652158367,
2892807180,-8.666275898,
2893407140,-8.682565936,
2894007100,-8.699803152,
2894607060,-8.715334217,
2895207020,-8.728861308,
2895806980,-8.744738568,
2896406940,-8.760345331,
2897006900,-8.776017799,
2897606860,-8.790522002,
2898206820,-8.806657666,
2898806780,-8.789411147,
2899406740,-8.837876766,
2900006700,-8.855160576,
2900606660,-8.871207156,
2901206620,-8.884527429,
2901806580,-8.901048704,
2902406540,-8.916025487,
2903006500,-8.931063181,
2903606460,-8.946447723,
2904206420,-8.963344481,
2904806380,-8.977306943,
2905406340,-8.994167188,
2906006300,-9.008243204,
2906606260,-9.023401284,
2907206220,-9.04051096,
2907806180,-9.054667428,
2908406140,-9.070026097,
2909006100,-9.085526784,
2909606060,-9.097116735,
2910206020,-9.114327993,
2910805980,-9.129654571,
2911405940,-9.143426752,
2912005900,-9.158867922,
2912605860,-9.173010538,
2913205820,-9.189853705,
2913805780,-9.203018672,
2914405740,-9.215211841,
2915005700,-9.236183639,
2915605660,-9.245276192,
2916205620,-9.257779913,
2916805580,-9.271900867,
2917405540,-9.283349861,
2918005500,-9.297916291,
2918605460,-9.310004903,
2919205420,-9.347500014,
2919805380,-9.338656897,
2920405340,-9.349720556,
2921005300,-9.364811833,
2921605260,-9.374302561,
2922205220,-9.387906292,
2922805180,-9.398915701,
2923405140,-9.412919289,
2924005100,-9.42634226,
2924605059,-9.436105818,
2925205019,-9.442738318,
2925804979,-9.45261351,
2926404939,-9.467859615,
2927004899,-9.480768038,
2927604859,-9.490147876,
2928204819,-9.497643532,
2928804779,-9.506952048,
2929404739,-9.519463014,
2930004699,-9.527251151,
2930604659,-9.528200692,
2931204619,-9.547900885,
2931804579,-9.554900935,
2932404539,-9.527184465,
2933004499,-9.573816468,
2933604459,-9.581134093,
2934204419,-9.591731345,
2934804379,-9.596512259,
2935404339,-9.606996973,
2936004299,-9.613792656,
2936604259,-9.622861387,
2937204219,-9.627934493,
2937804179,-9.634989031,
2938404139,-9.63627149,
2939004099,-9.640541393,
2939604059,-9.650915258,
2940204019,-9.656661054,
2940803979,-9.660928221,
2941403939,-9.669074972,
2942003899,-9.673438109,
2942603859,-9.674156903,
2943203819,-9.682993095,
2943803779,-9.686339752,
2944403739,-9.689846762,
2945003699,-9.696701078,
2945603659,-9.700147477,
2946203619,-9.665307122,
2946803579,-9.70588546,
2947403539,-9.715807646,
2948003499,-9.70932963,
2948603459,-9.717319283,
2949203419,-9.743006233,
2949803379,-9.719034676,
2950403339,-9.716365482,
2951003299,-9.719261351,
2951603259,-9.720673806,
2952203219,-9.720749624,
2952803179,-9.726140734,
2953403139,-9.720141425,
2954003099,-9.722016935,
2954603059,-9.723047772,
2955203019,-9.721920027,
2955802979,-9.752057486,
2956402939,-9.72128114,
2957002899,-9.72452049,
2957602859,-9.719058678,
2958202819,-9.67832929,
2958802779,-9.715147451,
2959402739,-9.711477222,
2960002699,-9.712278588,
2960602659,-9.710221604,
2961202619,-9.708412247,
2961802579,-9.702987925,
2962402539,-9.69857345,
2963002499,-9.698145313,
2963602459,-9.675773799,
2964202419,-9.688472632,
2964802379,-9.688153169,
2965402339,-9.681021157,
2966002299,-9.666669337,
2966602259,-9.684275587,
2967202219,-9.668699721,
2967802179,-9.662699032,
2968402139,-9.656732109,
2969002099,-9.654301284,
2969602059,-9.644592203,
2970202019,-9.642857692,
2970801979,-9.634982276,
2971401939,-9.625468243,
2972001899,-9.624884559,
2972601859,-9.616220521,
2973201819,-9.613321277,
2973801779,-9.602547299,
2974401739,-9.595135977,
2975001699,-9.589834245,
2975601659,-9.582290951,
2976201619,-9.574030371,
2976801579,-9.568948491,
2977401539,-9.56505729,
2978001499,-9.552218282,
2978601459,-9.55410974,
2979201419,-9.535035081,
2979801379,-9.524901137,
2980401339,-9.514638809,
2981001299,-9.509699026,
2981601259,-9.508717088,
2982201219,-9.49741727,
2982801179,-9.482906887,
2983401139,-9.479993153,
2984001099,-9.469881336,
2984601059,-9.463893024,
2985201019,-9.451983152,
2985800979,-9.439948346,
2986400939,-9.434418649,
2987000899,-9.422647941,
2987600859,-9.419236857,
2988200819,-9.410464885,
2988800779,-9.395702668,
2989400739,-9.387779428,
2990000699,-9.378852287,
2990600659,-9.367533947,
2991200619,-9.357970029,
2991800579,-9.349510754,
2992400539,-9.317793929,
2993000499,-9.332313295,
2993600459,-9.322913856,
2994200419,-9.313172998,
2994800379,-9.303468388,
2995400339,-9.293831399,
2996000299,-9.254808325,
2996600259,-9.271639616,
2997200219,-9.265547311,
2997800179,-9.256766328,
2998400139,-9.247972261,
2999000099,-9.243414446,
2999600059,-9.228158184,
3000200019,-9.209300028,
3000799979,-9.207536132,
3001399939,-9.199335606,
3001999899,-9.211819169,
3002599859,-9.180352298,
3003199819,-9.17311442,
3003799779,-9.164510377,
3004399739,-9.15354537,
3004999699,-9.147377725,
3005599659,-9.137449187,
3006199619,-9.129568801,
3006799579,-9.120374958,
3007399539,-9.114506985,
3007999499,-9.105709441,
3008599459,-9.098816796,
3009199419,-9.087493272,
3009799379,-9.08105441,
3010399339,-9.057746341,
3010999299,-9.063238664,
3011599259,-9.056533281,
3012199219,-9.05108895,
3012799179,-9.039456287,
3013399139,-9.03171631,
3013999099,-9.030005211,
3014599059,-9.023829813,
3015199019,-9.014386573,
3015798979,-9.013254145,
3016398939,-9.005439936,
3016998899,-8.996903148,
3017598859,-8.992099018,
3018198819,-8.986023912,
3018798779,-8.990763875,
3019398739,-8.973423688,
3019998699,-8.967308873,
3020598659,-8.961582512,
3021198619,-8.956790119,
3021798579,-8.951524159,
3022398539,-8.956800948,
3022998499,-8.9413724,
3023598459,-8.936434155,
3024198419,-8.932790692,
3024798379,-8.92796058,
3025398339,-8.923267524,
3025998299,-8.921790604,
3026598259,-8.915386622,
3027198219,-8.912106346,
3027798179,-8.90873418,
3028398139,-8.905790711,
3028998099,-8.903435842,
3029598059,-8.898908352,
3030198019,-8.896331815,
3030797979,-8.894328969,
3031397939,-8.892041371,
3031997899,-8.915161985,
3032597859,-8.887438276,
3033197819,-8.886435914,
3033797779,-8.884325706,
3034397739,-8.883028451,
3034997699,-8.881405325,
3035597659,-8.879864564,
3036197619,-8.878255776,
3036797579,-8.880043853,
3037397539,-8.876693892,
3037997499,-8.876072776,
3038597459,-8.875319252,
3039197419,-8.874450377,
3039797379,-8.874247545,
3040397339,-8.873574807,
3040997299,-8.872254338,
3041597259,-8.871679655,
3042197219,-8.872056529,
3042797179,-8.873763321,
3043397139,-8.874811753,
3043997099,-8.873790116,
3044597059,-8.874509007,
3045197019,-8.874710154,
3045796979,-8.875902455,
3046396939,-8.875651476,
3046996899,-8.878493737,
3047596859,-8.881628501,
3048196819,-8.88149276,
3048796779,-8.884269267,
3049396739,-8.895331434,
3049996699,-8.886688479,
3050596659,-8.886706308,
3051196619,-8.891504094,
3051796579,-8.891483325,
3052396539,-8.894194679,
3052996499,-8.896617311,
3053596459,-8.896441879,
3054196419,-8.898417753,
3054796379,-8.901790479,
3055396339,-8.902914013,
3055996299,-8.893092615,
3056596259,-8.908011342,
3057196219,-8.910224338,
3057796179,-8.9153934,
3058396139,-8.899602047,
3058996099,-8.920232583,
3059596059,-8.928504888,
3060196019,-8.927330662,
3060795979,-8.928504207,
3061395939,-8.93007263,
3061995899,-8.93481808,
3062595859,-8.938850968,
3063195819,-8.940470227,
3063795779,-8.943674224,
3064395739,-8.94849228,
3064995699,-8.949430161,
3065595659,-8.955902819,
3066195619,-8.957877858,
3066795579,-8.961534038,
3067395539,-8.963293998,
3067995499,-8.969303469,
3068595459,-8.973412603,
3069195419,-8.977070014,
3069795379,-8.981972811,
3070395339,-8.997991569,
3070995299,-8.988728183,
3071595259,-8.992173569,
3072195219,-8.996088734,
3072795179,-9.00055391,
3073395139,-9.004318322,
3073995099,-9.008000789,
3074595059,-9.01129544,
3075195019,-9.016484192,
3075794979,-9.019760655,
3076394939,-9.027114597,
3076994899,-9.025610408,
3077594859,-9.034809204,
3078194818,-9.037742604,
3078794778,-9.04133822,
3079394738,-9.043496761,
3079994698,-9.049750241,
3080594658,-9.053832133,
3081194618,-9.058104224,
3081794578,-9.062827853,
3082394538,-9.068833956,
3082994498,-9.070713838,
3083594458,-9.090823388,
3084194418,-9.082693132,
3084794378,-9.083364895,
3085394338,-9.089474656,
3085994298,-9.034433132,
3086594258,-9.098314111,
3087194218,-9.074563949,
3087794178,-9.109665408,
3088394138,-9.113985545,
3088994098,-9.118987077,
3089594058,-9.124116341,
3090194018,-9.149218217,
3090793978,-9.134960365,
3091393938,-9.138473924,
3091993898,-9.146919189,
3092593858,-9.152901279,
3093193818,-9.159427376,
3093793778,-9.16120291,
3094393738,-9.165613186,
3094993698,-9.170521005,
3095593658,-9.177205498,
3096193618,-9.183333578,
3096793578,-9.191791445,
3097393538,-9.191643279,
3097993498,-9.202637955,
3098593458,-9.212698656,
3099193418,-9.210730205,
3099793378,-9.188114163,
3100393338,-9.232074023,
3100993298,-9.240405595,
3101593258,-9.229921917,
3102193218,-9.244586872,
3102793178,-9.248258429,
3103393138,-9.259324631,
3103993098,-9.262997369,
3104593058,-9.272679487,
3105193018,-9.279355532,
3105792978,-9.316804167,
3106392938,-9.283865205,
3106992898,-9.298934939,
3107592858,-9.302715345,
3108192818,-9.313739538,
3108792778,-9.320832939,
3109392738,-9.321121179,
3109992698,-9.293462788,
3110592658,-9.343821215,
3111192618,-9.351803004,
3111792578,-9.345822552,
3112392538,-9.367515706,
3112992498,-9.374377751,
3113592458,-9.381473008,
3114192418,-9.389925824,
3114792378,-9.398461365,
3115392338,-9.407206315,
3115992298,-9.418695284,
3116592258,-9.423606736,
3117192218,-9.439762579,
3117792178,-9.403625812,
3118392138,-9.45072348,
3118992098,-9.457906885,
3119592058,-9.465258083,
3120192018,-9.479122884,
3120791978,-9.472878578,
3121391938,-9.495273602,
3121991898,-9.505622381,
3122591858,-9.526260924,
3123191818,-9.522184124,
3123791778,-9.53189897,
3124391738,-9.542344943,
3124991698,-9.552882552,
3125591658,-9.560234333,
3126191618,-9.56990384,
3126791578,-9.581034243,
3127391538,-9.590536393,
3127991498,-9.60266004,
3128591458,-9.612755458,
3129191418,-9.621878794,
3129791378,-9.63025277,
3130391338,-9.641062911,
3130991298,-9.682718358,
3131591258,-9.662847892,
3132191218,-9.673264032,
3132791178,-9.684330118,
3133391138,-9.694630976,
3133991098,-9.70424763,
3134591058,-9.715574116,
3135191018,-9.727097602,
3135790978,-9.737911879,
3136390938,-9.747754418,
3136990898,-9.759260195,
3137590858,-9.758060419,
3138190818,-9.781415547,
3138790778,-9.792015993,
3139390738,-9.804229117,
3139990698,-9.815397252,
3140590658,-9.826962979,
3141190618,-9.837322044,
3141790578,-9.848461347,
3142390538,-9.859068146,
3142990498,-9.870440426,
3143590458,-9.881985017,
3144190418,-9.892577819,
3144790378,-9.902872803,
3145390338,-9.914427426,
3145990298,-9.925159048,
3146590258,-9.936246321,
3147190218,-9.940887503,
3147790178,-9.957816841,
3148390138,-9.949085994,
3148990098,-9.97997802,
3149590058,-9.990684997,
3150190018,-9.994049207,
3150789978,-10.01085933,
3151389938,-10.02260812,
3151989898,-10.03631329,
3152589858,-10.04421481,
3153189818,-10.02857036,
3153789778,-10.06677203,
3154389738,-10.07641633,
3154989698,-10.08612765,
3155589658,-10.09744654,
3156189618,-10.10652095,
3156789578,-10.11631362,
3157389538,-10.12554095,
3157989498,-10.13676487,
3158589458,-10.1486317,
3159189418,-10.15840476,
3159789378,-10.16800185,
3160389338,-10.17793265,
3160989298,-10.18785082,
3161589258,-10.23373897,
3162189218,-10.20574722,
3162789178,-10.21587716,
3163389138,-10.2266392,
3163989098,-10.23358223,
3164589058,-10.24313224,
3165189018,-10.25174705,
3165788978,-10.26090155,
3166388938,-10.26761596,
3166988898,-10.27616274,
3167588858,-10.24684038,
3168188818,-10.29308232,
3168788778,-10.29813356,
3169388738,-10.3079212,
3169988698,-10.31517177,
3170588658,-10.32474675,
3171188618,-10.33218293,
3171788578,-10.33922997,
3172388538,-10.34680489,
3172988498,-10.34936765,
3173588458,-10.35918164,
3174188418,-10.36436618,
3174788378,-10.37093428,
3175388338,-10.37555323,
3175988298,-10.38145434,
3176588258,-10.38979538,
3177188218,-10.39647094,
3177788178,-10.39656254,
3178388138,-10.38908014,
3178988098,-10.41109333,
3179588058,-10.41489678,
3180188018,-10.42066448,
3180787978,-10.42739265,
3181387938,-10.42967041,
3181987898,-10.43210871,
3182587858,-10.43674496,
3183187818,-10.43845272,
3183787778,-10.44419518,
3184387738,-10.44804405,
3184987698,-10.48839851,
3185587658,-10.45759287,
3186187618,-10.45422583,
3186787578,-10.45940348,
3187387538,-10.46251387,
3187987498,-10.4626838,
3188587458,-10.46515443,
3189187418,-10.46840127,
3189787378,-10.46907818,
3190387338,-10.47090932,
3190987298,-10.47212614,
3191587258,-10.47394912,
3192187218,-10.47224686,
3192787178,-10.47729094,
3193387138,-10.47538463,
3193987098,-10.48674829,
3194587058,-10.47424609,
3195187018,-10.47348671,
3195786978,-10.47480074,
3196386938,-10.47225661,
3196986898,-10.47169496,
3197586858,-10.47263391,
3198186818,-10.4741877,
3198786778,-10.47317424,
3199386738,-10.46783071,
3199986698,-10.47727927,
3200586658,-10.4659551,
3201186618,-10.46533716,
3201786578,-10.46315988,
3202386538,-10.45837438,
3202986498,-10.45429496,
3203586458,-10.45382023,
3204186418,-10.44736698,
3204786378,-10.44836847,
3205386338,-10.44286249,
3205986298,-10.43850234,
3206586258,-10.43545794,
3207186218,-10.43268793,
3207786178,-10.42639334,
3208386138,-10.42677493,
3208986098,-10.41486249,
3209586058,-10.41604276,
3210186018,-10.41371252,
3210785978,-10.40377808,
3211385938,-10.40085007,
3211985898,-10.39476013,
3212585858,-10.39285758,
3213185818,-10.38385286,
3213785778,-10.37748414,
3214385738,-10.36792719,
3214985698,-10.36909826,
3215585658,-10.35864506,
3216185618,-10.35547875,
3216785578,-10.32135802,
3217385538,-10.33857231,
3217985498,-10.33292263,
3218585458,-10.3274036,
3219185418,-10.30527664,
3219785378,-10.31081289,
3220385338,-10.30282218,
3220985298,-10.29524234,
3221585258,-10.28873961,
3222185218,-10.28233626,
3222785178,-10.27409343,
3223385138,-10.26521398,
3223985098,-10.25977293,
3224585058,-10.25293959,
3225185018,-10.24282426,
3225784978,-10.23348029,
3226384938,-10.22685018,
3226984898,-10.21959106,
3227584858,-10.21184347,
3228184818,-10.20137917,
3228784778,-10.1931479,
3229384738,-10.18178722,
3229984698,-10.17723057,
3230584658,-10.1664282,
3231184618,-10.15655512,
3231784578,-10.14802198,
3232384537,-10.13901272,
3232984497,-10.12601394,
3233584457,-10.12043085,
3234184417,-10.11311215,
3234784377,-10.10354556,
3235384337,-10.09629577,
3235984297,-10.0847793,
3236584257,-10.07576394,
3237184217,-10.06584242,
3237784177,-10.05864656,
3238384137,-10.04897696,
3238984097,-10.03798359,
3239584057,-10.01663445,
3240184017,-10.02310534,
3240783977,-10.01183415,
3241383937,-10.00478229,
3241983897,-9.99162831,
3242583857,-9.983306655,
3243183817,-10.00881145,
3243783777,-9.964856209,
3244383737,-9.954843344,
3244983697,-9.947667118,
3245583657,-9.938128756,
3246183617,-9.930499485,
3246783577,-9.919769239,
3247383537,-9.912432494,
3247983497,-9.905603651,
3248583457,-9.857989275,
3249183417,-9.888098,
3249783377,-9.877641812,
3250383337,-9.873197458,
3250983297,-9.86025403,
3251583257,-9.852453036,
3252183217,-9.844384815,
3252783177,-9.835861453,
3253383137,-9.828729677,
3253983097,-9.822148235,
3254583057,-9.813909742,
3255183017,-9.806544192,
3255782977,-9.796590502,
3256382937,-9.786779053,
3256982897,-9.782441179,
3257582857,-9.773933438,
3258182817,-9.769484929,
3258782777,-9.761744556,
3259382737,-9.752333794,
3259982697,-9.748319066,
3260582657,-9.764384662,
3261182617,-9.73711693,
3261782577,-9.725857789,
3262382537,-9.722237447,
3262982497,-9.718060677,
3263582457,-9.708145526,
3264182417,-9.702604658,
3264782377,-9.695138379,
3265382337,-9.685658465,
3265982297,-9.684728473,
3266582257,-9.669149715,
3267182217,-9.751456613,
3267782177,-9.670517457,
3268382137,-9.661682104,
3268982097,-9.629211015,
3269582057,-9.663723818,
3270182017,-9.656178225,
3270781977,-9.65291766,
3271381937,-9.647399836,
3271981897,-9.64031358,
3272581857,-9.640551899,
3273181817,-9.633365815,
3273781777,-9.631196684,
3274381737,-9.628188327,
3274981697,-9.660222683,
3275581657,-9.622840873,
3276181617,-9.618778771,
3276781577,-9.612179681,
3277381537,-9.612063933,
3277981497,-9.60754654,
3278581457,-9.604889343,
3279181417,-9.601657846,
3279781377,-9.600300245,
3280381337,-9.599871203,
3280981297,-9.595861631,
3281581257,-9.596253481,
3282181217,-9.594055573,
3282781177,-9.590947426,
3283381137,-9.590098894,
3283981097,-9.589774636,
3284581057,-9.589826171,
3285181017,-9.58686572,
3285780977,-9.584181245,
3286380937,-9.585274927,
3286980897,-9.584574471,
3287580857,-9.584440096,
3288180817,-9.61557863,
3288780777,-9.583314047,
3289380737,-9.581621894,
3289980697,-9.58231532,
3290580657,-9.582360207,
3291180617,-9.581982959,
3291780577,-9.594575988,
3292380537,-9.584829132,
3292980497,-9.585161614,
3293580457,-9.585598635,
3294180417,-9.586462945,
3294780377,-9.587200168,
3295380337,-9.589329097,
3295980297,-9.591683654,
3296580257,-9.589570019,
3297180217,-9.591133111,
3297780177,-9.592278168,
3298380137,-9.595834627,
3298980097,-9.594315175,
3299580057,-9.583659323,
3300180017,-9.59965813,
3300779977,-9.600428232,
3301379937,-9.604570881,
3301979897,-9.593390134,
3302579857,-9.606979304,
3303179817,-9.610730695,
3303779777,-9.60973205,
3304379737,-9.608765616,
3304979697,-9.615929918,
3305579657,-9.616970121,
3306179617,-9.618900223,
3306779577,-9.632035203,
3307379537,-9.623213309,
3307979497,-9.623961489,
3308579457,-9.628375565,
3309179417,-9.636183615,
3309779377,-9.633793492,
3310379337,-9.647840367,
3310979297,-9.642534193,
3311579257,-9.649691197,
3312179217,-9.657808744,
3312779177,-9.656505022,
3313379137,-9.654676585,
3313979097,-9.657180666,
3314579057,-9.679612777,
3315179017,-9.658196358,
3315778977,-9.66802118,
3316378937,-9.661890539,
3316978897,-9.672796704,
3317578857,-9.682768463,
3318178817,-9.682840879,
3318778777,-9.684882158,
3319378737,-9.690106514,
3319978697,-9.689752039,
3320578657,-9.694262329,
3321178617,-9.700294319,
3321778577,-9.701390472,
3322378537,-9.705717704,
3322978497,-9.713627351,
3323578457,-9.712072818,
3324178417,-9.720958959,
3324778377,-9.722091296,
3325378337,-9.731856675,
3325978297,-9.760752586,
3326578257,-9.734611384,
3327178217,-9.738519129,
3327778177,-9.741634993,
3328378137,-9.739141247,
3328978097,-9.751856093,
3329578057,-9.752565642,
3330178017,-9.751223623,
3330777977,-9.757718775,
3331377937,-9.76064144,
3331977897,-9.767748498,
3332577857,-9.769287204,
3333177817,-9.77378658,
3333777777,-9.779751066,
3334377737,-9.794150012,
3334977697,-9.787295274,
3335577657,-9.791685135,
3336177617,-9.786219914,
3336777577,-9.841643552,
3337377537,-9.804387744,
3337977497,-9.808819236,
3338577457,-9.813916583,
3339177417,-9.819763118,
3339777377,-9.823025001,
3340377337,-9.830807275,
3340977297,-9.833519187,
3341577257,-9.837811432,
3342177217,-9.845870092,
3342777177,-9.846035798,
3343377137,-9.858921501,
3343977097,-9.861720701,
3344577057,-9.866073039,
3345177017,-9.871233521,
3345776977,-9.875557414,
3346376937,-9.883310716,
3346976897,-9.886576553,
3347576857,-9.893294964,
3348176817,-9.898031193,
3348776777,-9.904555974,
3349376737,-9.909260862,
3349976697,-9.918785248,
3350576657,-9.920955816,
3351176617,-9.92660819,
3351776577,-9.933377016,
3352376537,-9.937505624,
3352976497,-9.947835176,
3353576457,-9.953005493,
3354176417,-9.960802843,
3354776377,-9.965712253,
3355376337,-9.979893707,
3355976297,-9.978331074,
3356576257,-9.984211036,
3357176217,-9.990042591,
3357776177,-9.995882857,
3358376137,-10.00779226,
3358976097,-10.00926096,
3359576057,-10.01848529,
3360176017,-10.02040351,
3360775977,-10.02994588,
3361375937,-10.03739661,
3361975897,-10.04295365,
3362575857,-10.05273255,
3363175817,-10.06416103,
3363775777,-10.06698712,
3364375737,-10.06966565,
3364975697,-10.08430566,
3365575657,-10.08817091,
3366175617,-10.09605273,
3366775577,-10.10405566,
3367375537,-10.11261544,
3367975497,-10.12372565,
3368575457,-10.13769229,
3369175417,-10.13763254,
3369775377,-10.15231143,
3370375337,-10.15317391,
3370975297,-10.16696262,
3371575257,-10.1766956,
3372175217,-10.15441177,
3372775177,-10.18793749,
3373375137,-10.203053,
3373975097,-10.21790672,
3374575057,-10.21822692,
3375175017,-10.22795232,
3375774977,-10.23049016,
3376374937,-10.24577665,
3376974897,-10.25493818,
3377574857,-10.26138314,
3378174817,-10.27842127,
3378774777,-10.28271402,
3379374737,-10.29741311,
3379974697,-10.30272825,
3380574657,-10.31573482,
3381174617,-10.3246675,
3381774577,-10.33547379,
3382374537,-10.34054695,
3382974497,-10.34322801,
3383574457,-10.35797446,
3384174417,-10.36855613,
3384774377,-10.3783179,
3385374337,-10.38922451,
3385974296,-10.39667898,
3386574256,-10.40043218,
3387174216,-10.41104795,
3387774176,-10.42464233,
3388374136,-10.43428447,
3388974096,-10.44715878,
3389574056,-10.449264,
3390174016,-10.46223565,
3390773976,-10.47429863,
3391373936,-10.48177169,
3391973896,-10.49239354,
3392573856,-10.50476401,
3393173816,-10.5106219,
3393773776,-10.52101972,
3394373736,-10.53187274,
3394973696,-10.54036108,
3395573656,-10.55034586,
3396173616,-10.56426019,
3396773576,-10.57546989,
3397373536,-10.58040256,
3397973496,-10.59141905,
3398573456,-10.59991821,
3399173416,-10.59104918,
3399773376,-10.61996507,
3400373336,-10.62615711,
3400973296,-10.63508098,
3401573256,-10.644528,
3402173216,-10.65470217,
3402773176,-10.6624998,
3403373136,-10.67437222,
3403973096,-10.6733433,
3404573056,-10.68789035,
3405173016,-10.69962595,
3405772976,-10.70730766,
3406372936,-10.71753595,
3406972896,-10.72410347,
3407572856,-10.73404518,
3408172816,-10.70155186,
3408772776,-10.75080735,
3409372736,-10.75886213,
3409972696,-10.76749661,
3410572656,-10.77413571,
3411172616,-10.78359463,
3411772576,-10.78871111,
3412372536,-10.79741145,
3412972496,-10.80655862,
3413572456,-10.81517546,
3414172416,-10.82025445,
3414772376,-10.8273466,
3415372336,-10.83422823,
3415972296,-10.84222015,
3416572256,-10.8479954,
3417172216,-10.85765494,
3417772176,-10.86363082,
3418372136,-10.86864251,
3418972096,-10.87750416,
3419572056,-10.88208542,
3420172016,-10.88757378,
3420771976,-10.89417682,
3421371936,-10.89967193,
3421971896,-10.90530658,
3422571856,-10.91157951,
3423171816,-10.9176218,
3423771776,-10.92270225,
3424371736,-10.92864145,
3424971696,-10.93218436,
3425571656,-10.93550848,
3426171616,-10.94367217,
3426771576,-10.94493159,
3427371536,-10.95112392,
3427971496,-10.95637682,
3428571456,-10.95977502,
3429171416,-10.96233622,
3429771376,-10.96827194,
3430371336,-11.0140954,
3430971296,-10.97328854,
3431571256,-10.97293557,
3432171216,-10.97958816,
3432771176,-10.9743468,
3433371136,-10.97966091,
3433971096,-10.98686697,
3434571056,-10.98983635,
3435171016,-10.98825621,
3435770976,-10.94897853,
3436370936,-10.99239681,
3436970896,-10.99477391,
3437570856,-10.99494083,
3438170816,-11.00737491,
3438770776,-11.00745402,
3439370736,-11.05015468,
3439970696,-11.00922631,
3440570656,-11.00770611,
3441170616,-11.00747805,
3441770576,-10.97407029,
3442370536,-11.00690825,
3442970496,-11.01322125,
3443570456,-11.01538732,
3444170416,-11.00971623,
3444770376,-11.01402388,
3445370336,-11.00995744,
3445970296,-11.01297463,
3446570256,-11.00402853,
3447170216,-11.00687826,
3447770176,-11.00278837,
3448370136,-11.00254941,
3448970096,-11.00199228,
3449570056,-10.99846612,
3450170016,-10.99514592,
3450769976,-10.99354555,
3451369936,-10.98388828,
3451969896,-10.98639021,
3452569856,-10.9845754,
3453169816,-10.98439172,
3453769776,-10.97831596,
3454369736,-10.9742814,
3454969696,-10.97048031,
3455569656,-10.9694812,
3456169616,-10.97197677,
3456769576,-10.96116443,
3457369536,-10.9555469,
3457969496,-10.94567666,
3458569456,-10.9592629,
3459169416,-10.98525175,
3459769376,-10.93485949,
3460369336,-10.93038658,
3460969296,-10.92838238,
3461569256,-10.92355187,
3462169216,-10.91635796,
3462769176,-10.90743451,
3463369136,-10.90041139,
3463969096,-10.89362028,
3464569056,-10.89429179,
3465169016,-10.88632201,
3465768976,-10.88259567,
3466368936,-10.87789969,
3466968896,-10.84407567,
3467568856,-10.86003471,
3468168816,-10.82780674,
3468768776,-10.83789397,
3469368736,-10.82120115,
3469968696,-10.82118265,
3470568656,-10.81177065,
3471168616,-10.80498584,
3471768576,-10.79179874,
3472368536,-10.78699421,
3472968496,-10.7748003,
3473568456,-10.77597324,
3474168416,-10.76453251,
3474768376,-10.7575924,
3475368336,-10.74795722,
3475968296,-10.73843826,
3476568256,-10.73136406,
3477168216,-10.72286842,
3477768176,-10.71898605,
3478368136,-10.67334537,
3478968096,-10.69688414,
3479568056,-10.6937518,
3480168016,-10.67798093,
3480767976,-10.67722615,
3481367936,-10.66537987,
3481967896,-10.65702607,
3482567856,-10.65170805,
3483167816,-10.64820988,
3483767776,-10.62505885,
3484367736,-10.61111108,
3484967696,-10.60418682,
3485567656,-10.60135371,
3486167616,-10.59286367,
3486767576,-10.57831902,
3487367536,-10.5719624,
3487967496,-10.5624669,
3488567456,-10.55044063,
3489167416,-10.54501247,
3489767376,-10.53163996,
3490367336,-10.52327195,
3490967296,-10.51102782,
3491567256,-10.50055425,
3492167216,-10.50301855,
3492767176,-10.48529594,
3493367136,-10.48286545,
3493967096,-10.47099118,
3494567056,-10.4488286,
3495167016,-10.45044303,
3495766976,-10.44786553,
3496366936,-10.43081435,
3496966896,-10.42234683,
3497566856,-10.41347659,
3498166816,-10.40166,
3498766776,-10.40432911,
3499366736,-10.38897153,
3499966696,-10.37889039,
3500566656,-10.38466794,
3501166616,-10.37016061,
3501766576,-10.35972256,
3502366536,-10.3469304,
3502966496,-10.3441331,
3503566456,-10.32626142,
3504166416,-10.32211288,
3504766376,-10.31845083,
3505366336,-10.31777925,
3505966296,-10.30701256,
3506566256,-10.28463229,
3507166216,-10.27495067,
3507766176,-10.27065118,
3508366136,-10.27146609,
3508966096,-10.25250283,
3509566056,-10.24933549,
3510166016,-10.25163929,
3510765976,-10.23229125,
3511365936,-10.22971858,
3511965896,-10.22852399,
3512565856,-10.21408933,
3513165816,-10.21248145,
3513765776,-10.20292269,
3514365736,-10.19655679,
3514965696,-10.18665178,
3515565656,-10.18420821,
3516165616,-10.17951205,
3516765576,-10.17015868,
3517365536,-10.15065784,
3517965496,-10.15977187,
3518565456,-10.14874709,
3519165416,-10.13403412,
3519765376,-10.13986974,
3520365336,-10.14029828,
3520965296,-10.1363779,
3521565256,-10.12917033,
3522165216,-10.1240041,
3522765176,-10.07957086,
3523365136,-10.11570965,
3523965096,-10.11136375,
3524565056,-10.10754962,
3525165016,-10.10285281,
3525764976,-10.0998969,
3526364936,-10.09615432,
3526964896,-10.09289112,
3527564856,-10.08743226,
3528164816,-10.08511857,
3528764776,-10.08226823,
3529364736,-10.07859563,
3529964696,-10.0753132,
3530564656,-10.07304546,
3531164616,-10.07052004,
3531764576,-10.06759395,
3532364536,-10.0647112,
3532964496,-10.06260069,
3533564456,-10.06107609,
3534164416,-10.06072756,
3534764376,-10.05832525,
3535364336,-10.05745362,
3535964296,-10.05547327,
3536564256,-10.09384577,
3537164216,-10.05256736,
3537764176,-10.05325328,
3538364136,-10.03686258,
3538964096,-10.05157344,
3539564055,-10.0508363,
3540164015,-10.04961851,
3540763975,-10.05118803,
3541363935,-10.04946113,
3541963895,-10.05091772,
3542563855,-10.05011239,
3543163815,-10.05237727,
3543763775,-10.05184682,
3544363735,-10.05220533,
3544963695,-10.05355659,
3545563655,-10.05503527,
3546163615,-10.05583825,
3546763575,-10.05731184,
3547363535,-10.05848138,
3547963495,-10.05954983,
3548563455,-10.06015122,
3549163415,-10.06416161,
3549763375,-10.06473809,
3550363335,-10.06745755,
3550963295,-10.06984454,
3551563255,-10.05883067,
3552163215,-10.07308171,
3552763175,-10.07589637,
3553363135,-10.07964253,
3553963095,-10.08202865,
3554563055,-10.08460071,
3555163015,-10.08997984,
3555762975,-10.08853273,
3556362935,-10.09225074,
3556962895,-10.09670983,
3557562855,-10.1137804,
3558162815,-10.10163205,
3558762775,-10.10659765,
3559362735,-10.10723203,
3559962695,-10.11331897,
3560562655,-10.11602341,
3561162615,-10.11812897,
3561762575,-10.12376618,
3562362535,-10.12697107,
3562962495,-10.13247067,
3563562455,-10.13731043,
3564162415,-10.180431,
3564762375,-10.14485439,
3565362335,-10.19210395,
3565962295,-10.15466037,
3566562255,-10.15679269,
3567162215,-10.16125937,
3567762175,-10.16647372,
3568362135,-10.16942696,
3568962095,-10.17635276,
3569562055,-10.179432,
3570162015,-10.1839766,
3570761975,-10.18760433,
3571361935,-10.19430964,
3571961895,-10.20196994,
3572561855,-10.20429858,
3573161815,-10.21127532,
3573761775,-10.21457345,
3574361735,-10.22039531,
3574961695,-10.22557064,
3575561655,-10.23262639,
3576161615,-10.23509969,
3576761575,-10.24146652,
3577361535,-10.24831405,
3577961495,-10.25081396,
3578561455,-10.26310803,
3579161415,-10.26547286,
3579761375,-10.27174152,
3580361335,-10.27444439,
3580961295,-10.28324749,
3581561255,-10.28933579,
3582161215,-10.29435551,
3582761175,-10.30020305,
3583361135,-10.30582652,
3583961095,-10.31319163,
3584561055,-10.31788297,
3585161015,-10.32350382,
3585760975,-10.33130337,
3586360935,-10.34166516,
3586960895,-10.34379844,
3587560855,-10.36525147,
3588160815,-10.35178658,
3588760775,-10.38724881,
3589360735,-10.37035679,
3589960695,-10.37662144,
3590560655,-10.38161908,
3591160615,-10.38718225,
3591760575,-10.38971222,
3592360535,-10.40241329,
3592960495,-10.44334734,
3593560455,-10.41728576,
3594160415,-10.40667303,
3594760375,-10.42798431,
3595360335,-10.43681241,
3595960295,-10.4423457,
3596560255,-10.45219753,
3597160215,-10.45869871,
3597760175,-10.46145603,
3598360135,-10.47217691,
3598960095,-10.48290407,
3599560055,-10.48385854,
3600160015,-10.49476502,
3600759975,-10.50412789,
3601359935,-10.50776424,
3601959895,-10.51502276,
3602559855,-10.52154059,
3603159815,-10.53048402,
3603759775,-10.49861191,
3604359735,-10.54604064,
3604959695,-10.55495441,
3605559655,-10.5625729,
3606159615,-10.56734412,
3606759575,-10.57524833,
3607359535,-10.5826024,
3607959495,-10.59371398,
3608559455,-10.60111376,
3609159415,-10.61140508,
3609759375,-10.62158651,
3610359335,-10.62970449,
3610959295,-10.63351282,
3611559255,-10.64618697,
3612159215,-10.65369195,
3612759175,-10.65890748,
3613359135,-10.67589652,
3613959095,-10.67979258,
3614559055,-10.68801767,
3615159015,-10.69673604,
3615758975,-10.70421872,
3616358935,-10.71742034,
3616958895,-10.72563998,
3617558855,-10.73429607,
3618158815,-10.74372014,
3618758775,-10.75107947,
3619358735,-10.76026756,
3619958695,-10.77420852,
3620558655,-10.78421705,
3621158615,-10.789154,
3621758575,-10.79464698,
3622358535,-10.81203586,
3622958495,-10.82145374,
3623558455,-10.8287591,
3624158415,-10.83665326,
3624758375,-10.84904199,
3625358335,-10.85767787,
3625958295,-10.87007725,
3626558255,-10.8777925,
3627158215,-10.89105351,
3627758175,-10.89959397,
3628358135,-10.90971463,
3628958095,-10.95821476,
3629558055,-10.93162094,
3630158015,-10.94275682,
3630757975,-10.95222423,
3631357935,-10.96229143,
3631957895,-10.95824431,
3632557855,-10.98504807,
3633157815,-10.9949699,
3633757775,-11.00590796,
3634357735,-11.01965481,
3634957695,-11.02775863,
3635557655,-11.0414652,
3636157615,-11.05225953,
3636757575,-11.05887269,
3637357535,-11.07462096,
3637957495,-11.08724889,
3638557455,-11.09025097,
3639157415,-11.10842749,
3639757375,-11.11763286,
3640357335,-11.13252518,
3640957295,-11.14185027,
3641557255,-11.15840889,
3642157215,-11.16855556,
3642757175,-11.1747555,
3643357135,-11.19223427,
3643957095,-11.20224341,
3644557055,-11.21555861,
3645157015,-11.2290486,
3645756975,-11.23446427,
3646356935,-11.25231097,
3646956895,-11.26553118,
3647556855,-11.27348055,
3648156815,-11.29004304,
3648756775,-11.29745413,
3649356735,-11.31230712,
3649956695,-11.32216844,
3650556655,-11.33131734,
3651156615,-11.34301989,
3651756575,-11.33399831,
3652356535,-11.36870053,
3652956495,-11.37635166,
3653556455,-11.3889303,
3654156415,-11.40293851,
3654756375,-11.39176645,
3655356335,-11.42598125,
3655956295,-11.43812156,
3656556255,-11.44718861,
3657156215,-11.46157826,
3657756175,-11.43613579,
3658356135,-11.48536885,
3658956095,-11.49627143,
3659556055,-11.50767037,
3660156015,-11.51957401,
3660755975,-11.53245462,
3661355935,-11.54186087,
3661955895,-11.55285997,
3662555855,-11.57829108,
3663155815,-11.52637621,
3663755775,-11.53799024,
3664355735,-11.59891065,
3664955695,-11.61040127,
3665555655,-11.62152325,
3666155615,-11.63162918,
3666755575,-11.6424869,
3667355535,-11.65235581,
3667955495,-11.66332859,
3668555455,-11.67797536,
3669155415,-11.68436022,
3669755375,-11.69508049,
3670355335,-11.70626445,
3670955295,-11.71675174,
3671555255,-11.72706458,
3672155215,-11.73753103,
3672755175,-11.74664043,
3673355135,-11.75753347,
3673955095,-11.76682271,
3674555055,-11.77648259,
3675155015,-11.7864158,
3675754975,-11.79656649,
3676354935,-11.81989416,
3676954895,-11.81392595,
3677554855,-11.82299401,
3678154815,-11.77641726,
3678754775,-11.8422093,
3679354735,-11.84972198,
3679954695,-11.86081658,
3680554655,-11.86632628,
3681154615,-11.87855268,
3681754575,-11.88526749,
3682354535,-11.89449685,
3682954495,-11.90448097,
3683554455,-11.86725844,
3684154415,-11.9183291,
3684754375,-11.92811907,
3685354335,-11.93530019,
3685954295,-11.94053512,
3686554255,-11.94881039,
3687154215,-11.9553678,
3687754175,-11.96455314,
3688354135,-11.96623909,
3688954095,-11.97529139,
3689554055,-11.97903435,
3690154015,-11.98859012,
3690753975,-11.99445857,
3691353935,-11.999208,
3691953895,-12.00480216,
3692553855,-12.01206369,
3693153815,-12.00662454,
3693753774,-12.0232667,
3694353734,-12.02553371,
3694953694,-12.03107839,
3695553654,-12.03937024,
3696153614,-12.04223366,
3696753574,-12.0450511,
3697353534,-12.0360292,
3697953494,-12.05518218,
3698553454,-12.06017959,
3699153414,-12.06370107,
3699753374,-12.00663535,
3700353334,-12.0680689,
3700953294,-12.07373535,
3701553254,-12.07688012,
3702153214,-12.08054514,
3702753174,-12.08130326,
3703353134,-12.08618887,
3703953094,-12.08629641,
3704553054,-12.08942177,
3705153014,-12.14610284,
3705752974,-12.0925813,
3706352934,-12.09615698,
3706952894,-12.0953056,
3707552854,-12.04003802,
3708152814,-12.08459786,
3708752774,-12.09886243,
3709352734,-12.10013127,
3709952694,-12.10174929,
3710552654,-12.10289949,
3711152614,-12.10155712,
3711752574,-12.07651682,
3712352534,-12.10247585,
3712952494,-12.10175572,
3713552454,-12.09972163,
3714152414,-12.10011427,
3714752374,-12.09432654,
3715352334,-12.0973967,
3715952294,-12.09249864,
3716552254,-12.09195434,
3717152214,-12.09318956,
3717752174,-12.08984905,
3718352134,-12.08678146,
3718952094,-12.08670951,
3719552054,-12.08563285,
3720152014,-12.08074125,
3720751974,-12.08061596,
3721351934,-12.07370665,
3721951894,-12.07010494,
3722551854,-12.06949862,
3723151814,-12.06708283,
3723751774,-12.06170769,
3724351734,-12.05548199,
3724951694,-12.05557324,
3725551654,-12.04996603,
3726151614,-12.04558703,
3726751574,-12.04182084,
3727351534,-12.03648504,
3727951494,-12.03219013,
3728551454,-12.02773732,
3729151414,-12.01221363,
3729751374,-12.01745601,
3730351334,-12.0095317,
3730951294,-12.00558218,
3731551254,-12.00106843,
3732151214,-11.99678569,
3732751174,-11.98201208,
3733351134,-11.97886158,
3733951094,-11.97581648,
3734551054,-11.96635591,
3735151014,-11.96435207,
3735750974,-11.95572739,
3736350934,-11.95162802,
3736950894,-11.94489775,
3737550854,-11.93753777,
3738150814,-11.9258436,
3738750774,-11.92186726,
3739350734,-11.91480622,
3739950694,-11.91052657,
3740550654,-11.9021341,
3741150614,-11.89239632,
3741750574,-11.88630334,
3742350534,-11.87427845,
3742950494,-11.86112487,
3743550454,-11.86069748,
3744150414,-11.85706749,
3744750374,-11.84539146,
3745350334,-11.83600626,
3745950294,-11.82761206,
3746550254,-11.82169567,
3747150214,-11.81462346,
3747750174,-11.80533578,
3748350134,-11.79491719,
3748950094,-11.78195328,
3749550054,-11.77962313,
3750150014,-11.7668228,
3750749974,-11.76467708,
3751349934,-11.75099896,
3751949894,-11.74729252,
3752549854,-11.73222934,
3753149814,-11.72769647,
3753749774,-11.71606961,
3754349734,-11.70655943,
3754949694,-11.70136682,
3755549654,-11.69422827,
3756149614,-11.68369779,
3756749574,-11.67507751,
3757349534,-11.66554668,
3757949494,-11.65545558,
3758549454,-11.64323669,
3759149414,-11.63686188,
3759749374,-11.62789142,
3760349334,-11.62290656,
3760949294,-11.60988705,
3761549254,-11.59985868,
3762149214,-11.59669269,
3762749174,-11.58695592,
3763349134,-11.57732431,
3763949094,-11.57915129,
3764549054,-11.55640688,
3765149014,-11.54892829,
3765748974,-11.54366918,
3766348934,-11.53692113,
3766948894,-11.52677582,
3767548854,-11.56420343,
3768148814,-11.54471642,
3768748774,-11.49928854,
3769348734,-11.49014253,
3769948694,-11.48229462,
3770548654,-11.47361567,
3771148614,-11.46758788,
3771748574,-11.45960042,
3772348534,-11.45259767,
3772948494,-11.44325497,
3773548454,-11.43691804,
3774148414,-11.42689985,
3774748374,-11.42028043,
3775348334,-11.4153252,
3775948294,-11.40485966,
3776548254,-11.39737634,
3777148214,-11.38944106,
3777748174,-11.38666003,
3778348134,-11.37639703,
3778948094,-11.37424022,
3779548054,-11.36612177,
3780148014,-11.38094062,
3780747974,-11.35193897,
3781347934,-11.34546413,
3781947894,-11.33848811,
3782547854,-11.33361582,
3783147814,-11.32765019,
3783747774,-11.32187153,
3784347734,-11.31578312,
3784947694,-11.31278316,
3785547654,-11.30393964,
3786147614,-11.30088057,
3786747574,-11.29829937,
3787347534,-11.29086765,
3787947494,-11.28670309,
3788547454,-11.28173463,
3789147414,-11.27870112,
3789747374,-11.27141044,
3790347334,-11.26740387,
3790947294,-11.27710969,
3791547254,-11.25843059,
3792147214,-11.25772889,
3792747174,-11.25351539,
3793347134,-11.24891239,
3793947094,-11.24510748,
3794547054,-11.24225416,
3795147014,-11.24058408,
3795746974,-11.23619879,
3796346934,-11.23249645,
3796946894,-11.22949576,
3797546854,-11.22808306,
3798146814,-11.22524913,
3798746774,-11.2213848,
3799346734,-11.22113439,
3799946694,-11.2191557,
3800546654,-11.18173226,
3801146614,-11.21470841,
3801746574,-11.21281702,
3802346534,-11.21290066,
3802946494,-11.21061462,
3803546454,-11.21005057,
3804146414,-11.20831605,
3804746374,-11.20787619,
3805346334,-11.2363955,
3805946294,-11.23535922,
3806546254,-11.1907568,
3807146214,-11.20390716,
3807746174,-11.20322466,
3808346134,-11.203915,
3808946094,-11.2037797,
3809546054,-11.20418162,
3810146014,-11.20328735,
3810745974,-11.20426785,
3811345934,-11.20438888,
3811945894,-11.20452166,
3812545854,-11.2055565,
3813145814,-11.20967681,
3813745774,-11.20709028,
3814345734,-11.20679636,
3814945694,-11.21349186,
3815545654,-11.21031325,
3816145614,-11.21131929,
3816745574,-11.20073102,
3817345534,-11.21425284,
3817945494,-11.21589695,
3818545454,-11.21691411,
3819145414,-11.21862618,
3819745374,-11.21986164,
3820345334,-11.22299239,
3820945294,-11.22385241,
3821545254,-11.22609614,
3822145214,-11.22822297,
3822745174,-11.23104628,
3823345134,-11.23154247,
3823945094,-11.23630361,
3824545054,-11.23617703,
3825145014,-11.24101444,
3825744974,-11.2408435,
3826344934,-11.24304324,
3826944894,-11.24918585,
3827544854,-11.23559582,
3828144814,-11.2572403,
3828744774,-11.25747013,
3829344734,-11.21761448,
3829944694,-11.26945326,
3830544654,-11.31261691,
3831144614,-11.26989921,
3831744574,-11.27361031,
3832344534,-11.27582654,
3832944494,-11.27854687,
3833544454,-11.28227918,
3834144414,-11.28136654,
3834744374,-11.29061733,
3835344334,-11.29133637,
3835944294,-11.2944533,
3836544254,-11.29982222,
3837144214,-11.32241661,
3837744174,-11.30578235,
3838344134,-11.31013622,
3838944094,-11.31340994,
3839544054,-11.31791691,
3840144014,-11.32609169,
3840743974,-11.32761411,
3841343934,-11.33304645,
3841943894,-11.3360183,
3842543854,-11.34135617,
3843143814,-11.3423962,
3843743774,-11.34959049,
3844343734,-11.35282111,
3844943694,-11.35415243,
3845543654,-11.36157624,
3846143614,-11.3648064,
3846743574,-11.37028565,
3847343533,-11.36122028,
3847943493,-11.37520074,
3848543453,-11.38306466,
3849143413,-11.38820943,
3849743373,-11.39581519,
3850343333,-11.39687289,
3850943293,-11.4046794,
3851543253,-11.40976194,
3852143213,-11.4092876,
3852743173,-11.41754662,
3853343133,-11.42300922,
3853943093,-11.43026431,
3854543053,-11.43549189,
3855143013,-11.43519979,
3855742973,-11.44247569,
3856342933,-11.44743615,
3856942893,-11.45539778,
3857542853,-11.45908946,
3858142813,-11.46821314,
3858742773,-11.47387808,
3859342733,-11.47551369,
3859942693,-11.48265418,
3860542653,-11.48367061,
3861142613,-11.49345503,
3861742573,-11.50590331,
3862342533,-11.509422,
3862942493,-11.51444011,
3863542453,-11.5187641,
3864142413,-11.53202724,
3864742373,-11.53491038,
3865342333,-11.54027123,
3865942293,-11.54172197,
3866542253,-11.55208716,
3867142213,-11.55960295,
3867742173,-11.56322625,
3868342133,-11.5752378,
3868942093,-11.5838266,
3869542053,-11.59298919,
3870142013,-11.60080118,
3870741973,-11.61072878,
3871341933,-11.6132419,
3871941893,-11.62247274,
3872541853,-11.63178815,
3873141813,-11.59976489,
3873741773,-11.64849361,
3874341733,-11.65472382,
3874941693,-11.66753706,
3875541653,-11.67757805,
3876141613,-11.68636025,
3876741573,-11.69188644,
3877341533,-11.70250516,
3877941493,-11.71357215,
3878541453,-11.72210468,
3879141413,-11.73504234,
3879741373,-11.74882228,
3880341333,-11.70002773,
3880941293,-11.76595052,
3881541253,-11.77696182,
3882141213,-11.78846479,
3882741173,-11.78553042,
3883341133,-11.82877913,
3883941093,-11.85917635,
3884541053,-11.83073186,
3885141013,-11.84854547,
3885740973,-11.81563411,
3886340933,-11.87502294,
3886940893,-11.88521358,
3887540853,-11.89472274,
3888140813,-11.9108253,
3888740773,-11.91593911,
3889340733,-11.93372347,
3889940693,-11.94731224,
3890540653,-11.95778414,
3891140613,-11.97182897,
3891740573,-11.99627017,
3892340533,-12.00216359,
3892940493,-12.01243981,
3893540453,-12.02686384,
3894140413,-12.04098587,
3894740373,-12.05413879,
3895340333,-12.06911802,
3895940293,-12.08354465,
3896540253,-12.09861605,
3897140213,-12.11441891,
3897740173,-12.13296716,
3898340133,-12.14278517,
3898940093,-12.16023512,
3899540053,-12.17443249,
3900140013,-12.19280962,
3900739973,-12.20468812,
3901339933,-12.22257633,
3901939893,-12.26426282,
3902539853,-12.25563295,
3903139813,-12.31637989,
3903739773,-12.29031844,
3904339733,-12.30595613,
3904939693,-12.32591819,
3905539653,-12.34113122,
3906139613,-12.35679933,
3906739573,-12.37787713,
3907339533,-12.39515652,
3907939493,-12.40933797,
3908539453,-12.42808401,
3909139413,-12.44775779,
3909739373,-12.46499554,
3910339333,-12.49783178,
3910939293,-12.50247737,
3911539253,-12.52014888,
3912139213,-12.53900054,
3912739173,-12.55591888,
3913339133,-12.57613518,
3913939093,-12.59213111,
3914539053,-12.61229495,
3915139013,-12.63082201,
3915738973,-12.65034946,
3916338933,-12.66968693,
3916938893,-12.68789519,
3917538853,-12.70675857,
3918138813,-12.7243383,
3918738773,-12.74190465,
3919338733,-12.76219286,
3919938693,-12.7808338,
3920538653,-12.79892151,
3921138613,-12.82032889,
3921738573,-12.83939516,
3922338533,-12.85776615,
3922938493,-12.87462111,
3923538453,-12.89522508,
3924138413,-12.91536763,
3924738373,-12.93345134,
3925338333,-12.95249109,
3925938293,-12.97186695,
3926538253,-12.99091596,
3927138213,-13.01125046,
3927738173,-13.02907941,
3928338133,-13.04796802,
3928938093,-13.06592085,
3929538053,-13.02993991,
3930138013,-13.10379187,
3930737973,-13.12267545,
3931337933,-13.14097002,
3931937893,-13.15992223,
3932537853,-13.17896738,
3933137813,-13.19775018,
3933737773,-13.21473429,
3934337733,-13.23437212,
3934937693,-13.25210583,
3935537653,-13.27128307,
3936137613,-13.2902601,
3936737573,-13.30637637,
3937337533,-13.32539892,
3937937493,-13.34170722,
3938537453,-13.36558246,
3939137413,-13.37892243,
3939737373,-13.39538084,
3940337333,-13.41489982,
3940937293,-13.43214308,
3941537253,-13.44785349,
3942137213,-13.46603617,
3942737173,-13.48331862,
3943337133,-13.50129235,
3943937093,-13.51636118,
3944537053,-13.5320532,
3945137013,-13.54737668,
3945736973,-13.56432529,
3946336933,-13.58076887,
3946936893,-13.59674384,
3947536853,-13.61030767,
3948136813,-13.61129781,
3948736773,-13.64319902,
3949336733,-13.65903812,
3949936693,-13.67343942,
3950536653,-13.68885106,
3951136613,-13.70257006,
3951736573,-13.71914315,
3952336533,-13.73164794,
3952936493,-13.74344828,
3953536453,-13.75819253,
3954136413,-13.77168078,
3954736373,-13.78515108,
3955336333,-13.79758131,
3955936293,-13.8135898,
3956536253,-13.82329443,
3957136213,-13.8358293,
3957736173,-13.84923727,
3958336133,-13.86046338,
3958936093,-13.87410545,
3959536053,-13.88408044,
3960136013,-13.89438039,
3960735973,-13.90531684,
3961335933,-13.91883128,
3961935893,-13.92840616,
3962535853,-13.94103979,
3963135813,-13.94981492,
3963735773,-13.96169723,
3964335733,-13.96784146,
3964935693,-13.97979899,
3965535653,-13.98795284,
3966135613,-13.99708244,
3966735573,-14.0063081,
3967335533,-14.01650377,
3967935493,-14.02328393,
3968535453,-14.03361891,
3969135413,-14.03819836,
3969735373,-14.04744403,
3970335333,-14.05511969,
3970935293,-14.06235082,
3971535253,-14.06857169,
3972135213,-14.07582842,
3972735173,-14.08026644,
3973335133,-14.08897304,
3973935093,-14.09558272,
3974535053,-14.09839609,
3975135013,-14.10376713,
3975734973,-14.10893916,
3976334933,-14.10968675,
3976934893,-14.11977383,
3977534853,-14.12035094,
3978134813,-14.12638843,
3978734773,-14.12626002,
3979334733,-14.06048859,
3979934693,-14.13630165,
3980534653,-14.13806961,
3981134613,-14.13956522,
3981734573,-14.14362584,
3982334533,-14.12801391,
3982934493,-14.14503374,
3983534453,-14.14770506,
3984134413,-14.15218398,
3984734373,-14.15286654,
3985334333,-14.15121577,
3985934293,-14.15517525,
3986534253,-14.15450303,
3987134213,-14.1525266,
3987734173,-14.15218026,
3988334133,-14.15445548,
3988934093,-14.15425433,
3989534053,-14.14999506,
3990134013,-14.08527297,
3990733973,-14.14491756,
3991333933,-14.1464346,
3991933893,-14.14876302,
3992533853,-14.20543987,
3993133813,-14.13996746,
3993733773,-14.13902763,
3994333733,-14.13457716,
3994933693,-14.13443261,
3995533653,-14.13365761,
3996133613,-14.12806018,
3996733573,-14.11988004,
3997333533,-14.11631291,
3997933493,-14.11528675,
3998533453,-14.10811682,
3999133413,-14.10548969,
3999733373,-14.09674747,
4000333333,-14.08965393,
4000933293,-14.09018951,
4001533253,-14.0826664,
4002133212,-14.09061745,
4002733172,-14.07349922,
4003333132,-14.06233,
4003933092,-14.11952748,
4004533052,-14.05314156,
4005133012,-14.04506506,
4005732972,-14.04215917,
4006332932,-14.03042045,
4006932892,-14.02513135,
4007532852,-14.01937814,
4008132812,-14.00963337,
4008732772,-14.00081636,
4009332732,-13.99170598,
4009932692,-13.98416548,
4010532652,-13.97718766,
4011132612,-13.96495744,
4011732572,-13.95447705,
4012332532,-13.94933999,
4012932492,-13.93814016,
4013532452,-13.93916611,
4014132412,-13.919379,
4014732372,-13.91588733,
4015332332,-13.89967694,
4015932292,-13.87444524,
4016532252,-13.88075828,
4017132212,-13.87171348,
4017732172,-13.8701815,
4018332132,-13.84695669,
4018932092,-13.83820654,
4019532052,-13.75933106,
4020132012,-13.81697431,
4020731972,-13.76387286,
4021331932,-13.79834591,
4021931892,-13.78198516,
4022531852,-13.77474429,
4023131812,-13.76234701,
4023731772,-13.74765301,
4024331732,-13.73905911,
4024931692,-13.72123005,
4025531652,-13.71544517,
4026131612,-13.70327108,
4026731572,-13.69517187,
4027331532,-13.71826093,
4027931492,-13.66381984,
4028531452,-13.6544179,
4029131412,-13.63894523,
4029731372,-13.62926439,
4030331332,-13.61293247,
4030931292,-13.60534968,
4031531252,-13.5924751,
4032131212,-13.52132594,
4032731172,-13.56731879,
4033331132,-13.55280484,
4033931092,-13.54924436,
4034531052,-13.5315092,
4035131012,-13.51772313,
4035730972,-13.50294831,
4036330932,-13.49544498,
4036930892,-13.47792259,
4037530852,-13.46550593,
4038130812,-13.45452613,
4038730772,-13.44002793,
4039330732,-13.42886013,
4039930692,-13.41679907,
4040530652,-13.40432153,
4041130612,-13.38818029,
4041730572,-13.37538823,
4042330532,-13.36196155,
4042930492,-13.34934032,
4043530452,-13.34068923,
4044130412,-13.32754215,
4044730372,-13.31600949,
4045330332,-13.30494539,
4045930292,-13.29064006,
4046530252,-13.280263,
4047130212,-13.26461604,
4047730172,-13.25986745,
4048330132,-13.23466463,
4048930092,-13.23225734,
4049530052,-13.21392596,
4050130012,-13.20288132,
4050729972,-13.19240986,
4051329932,-13.18039851,
4051929892,-13.16613325,
4052529852,-13.10640504,
4053129812,-13.13062534,
4053729772,-13.13358718,
4054329732,-13.12165332,
4054929692,-13.11013838,
4055529652,-13.11548341,
4056129612,-13.10322447,
4056729572,-13.07761704,
4057329532,-13.07025527,
4057929492,-13.0568989,
4058529452,-13.04347462,
4059129412,-13.03621484,
4059729372,-13.02360664,
4060329332,-13.0123051,
4060929292,-13.00487337,
4061529252,-12.99347835,
4062129212,-12.98399016,
4062729172,-12.97456552,
4063329132,-12.96510401,
4063929092,-12.95358546,
4064529052,-12.94591365,
4065129012,-12.93590261,
4065728972,-12.92717556,
4066328932,-12.9172864,
4066928892,-12.91028437,
4067528852,-12.88718885,
4068128812,-12.89101381,
4068728772,-12.88150608,
4069328732,-12.87372848,
4069928692,-12.86658062,
4070528652,-12.8564668,
4071128612,-12.84985952,
4071728572,-12.84120956,
4072328532,-12.78536846,
4072928492,-12.82618899,
4073528452,-12.88079296,
4074128412,-12.81130723,
4074728372,-12.80328844,
4075328332,-12.79658187,
4075928292,-12.78902202,
4076528252,-12.78140383,
4077128212,-12.77422468,
4077728172,-12.76643291,
4078328132,-12.7597202,
4078928092,-12.75338746,
4079528052,-12.74623444,
4080128012,-12.73931394,
4080727972,-12.73271339,
4081327932,-12.72736905,
4081927892,-12.72127786,
4082527852,-12.78940965,
4083127812,-12.7093491,
4083727772,-12.70452093,
4084327732,-12.69980371,
4084927692,-12.69393179,
4085527652,-12.68901629,
4086127612,-12.68318784,
4086727572,-12.69048768,
4087327532,-12.7360258,
4087927492,-12.66666914,
4088527452,-12.66238236,
4089127412,-12.65692059,
4089727372,-12.65233088,
4090327332,-12.64863825,
4090927292,-12.64321822,
4091527252,-12.64039939,
4092127212,-12.63737251,
4092727172,-12.63350479,
4093327132,-12.62979317,
4093927092,-12.62553943,
4094527052,-12.62075007,
4095127012,-12.61748705,
4095726972,-12.61527736,
4096326932,-12.61208128,
4096926892,-12.60818233,
4097526852,-12.60250172,
4098126812,-12.60320626,
4098726772,-12.59634596,
4099326732,-12.6051447,
4099926692,-12.60373516,
4100526652,-12.58975775,
4101126612,-12.58924825,
4101726572,-12.58293734,
4102326532,-12.58259606,
4102926492,-12.58241548,
4103526452,-12.57670841,
4104126412,-12.57707013,
4104726372,-12.57237267,
4105326332,-12.57325459,
4105926292,-12.563821,
4106526252,-12.56657393,
4107126212,-12.56776359,
4107726172,-12.55931107,
4108326132,-12.520265,
4108926092,-12.5654237,
4109526052,-12.56807865,
4110126012,-12.56942568,
4110725972,-12.56695241,
4111325932,-12.56987861,
4111925892,-12.56251341,
4112525852,-12.56777948,
4113125812,-12.56352244,
4113725772,-12.56854049,
4114325732,-12.53864214,
4114925692,-12.56365177,
4115525652,-12.56095931,
4116125612,-12.56795537,
4116725572,-12.56873268,
4117325532,-12.56959087,
4117925492,-12.57006369,
4118525452,-12.57054473,
4119125412,-12.57282416,
4119725372,-12.57043568,
4120325332,-12.57168156,
4120925292,-12.57393974,
4121525252,-12.57884013,
4122125212,-12.58515394,
4122725172,-12.58589527,
4123325132,-12.57268456,
4123925092,-12.5921278,
4124525052,-12.59502812,
4125125012,-12.59858511,
4125724972,-12.60097015,
4126324932,-12.60543146,
4126924892,-12.60870594,
4127524852,-12.68990011,
4128124812,-12.62155299,
4128724772,-12.62007595,
4129324732,-12.62571912,
4129924692,-12.63542263,
4130524652,-12.63693046,
4131124612,-12.64225524,
4131724572,-12.6481075,
4132324532,-12.65474568,
4132924492,-12.65984668,
4133524452,-12.66856477,
4134124412,-12.6738438,
4134724372,-12.67987865,
4135324332,-12.69339619,
4135924292,-12.70425308,
4136524252,-12.67735675,
4137124212,-12.7169186,
4137724172,-12.72561461,
4138324132,-12.73256922,
4138924092,-12.74312164,
4139524052,-12.75113703,
4140124012,-12.76275659,
4140723972,-12.77531016,
4141323932,-12.78652185,
4141923892,-12.79217508,
4142523852,-12.80367488,
4143123812,-12.81676194,
4143723772,-12.83127931,
4144323732,-12.84087152,
4144923692,-12.85252566,
4145523652,-12.86559335,
4146123612,-12.87566596,
4146723572,-12.88859564,
4147323532,-12.90639261,
4147923492,-12.91746089,
4148523452,-12.93230012,
4149123412,-12.94747263,
4149723372,-12.96302255,
4150323332,-12.97551714,
4150923292,-12.99229404,
4151523252,-13.01203702,
4152123212,-13.02021712,
4152723172,-13.04035138,
4153323132,-13.05561224,
4153923092,-13.0802012,
4154523052,-13.093884,
4155123012,-13.10871438,
4155722971,-13.12761379,
4156322931,-13.15299408,
4156922891,-13.16596289,
4157522851,-13.18347902,
4158122811,-13.20703811,
4158722771,-13.2236879,
4159322731,-13.20805179,
4159922691,-13.31084275,
4160522651,-13.28272448,
4161122611,-13.30553077,
4161722571,-13.32314207,
4162322531,-13.34771874,
4162922491,-13.36738048,
4163522451,-13.38978309,
4164122411,-13.45226272,
4164722371,-13.43735897,
4165322331,-13.45813689,
4165922291,-13.4798031,
4166522251,-13.49708283,
4167122211,-13.52581448,
4167722171,-13.547159,
4168322131,-13.56918594,
4168922091,-13.59432255,
4169522051,-13.58539734,
4170122011,-13.63652032,
4170721971,-13.6631531,
4171321931,-13.69526946,
4171921891,-13.71854672,
4172521851,-13.73881841,
4173121811,-13.76734046,
4173721771,-13.79034117,
4174321731,-13.82397881,
4174921691,-13.84900236,
4175521651,-13.87099588,
4176121611,-13.88986483,
4176721571,-13.91888454,
4177321531,-13.9491595,
4177921491,-13.97499241,
4178521451,-14.00464945,
4179121411,-14.03555813,
4179721371,-14.05935734,
4180321331,-14.0841682,
4180921291,-14.11193677,
4181521251,-14.12660926,
4182121211,-14.16281619,
4182721171,-14.19194757,
4183321131,-14.21924772,
4183921091,-14.2493694,
4184521051,-14.27200636,
4185121011,-14.31105464,
4185720971,-14.33008665,
4186320931,-14.35476951,
4186920891,-14.38313684,
4187520851,-14.41177069,
4188120811,-14.43818175,
4188720771,-14.46766499,
4189320731,-14.49381239,
4189920691,-14.51833258,
4190520651,-14.53464031,
4191120611,-14.57594945,
4191720571,-14.60205915,
4192320531,-14.62871644,
4192920491,-14.65528844,
4193520451,-14.68549525,
4194120411,-14.71191263,
4194720371,-14.72288291,
4195320331,-14.76432625,
4195920291,-14.79189379,
4196520251,-14.81932961,
4197120211,-14.8474723,
4197720171,-14.87135504,
4198320131,-14.89748158,
4198920091,-14.92396685,
4199520051,-14.94941624,
4200120011,-14.97426212,
4200719971,-15.00083841,
4201319931,-15.02782142,
4201919891,-15.05455831,
4202519851,-15.07803347,
4203119811,-15.1049984,
4203719771,-15.13100157,
4204319731,-15.15397252,
4204919691,-15.17938559,
4205519651,-15.20401244,
4206119611,-15.22834716,
4206719571,-15.2530041,
4207319531,-15.27781546,
4207919491,-15.30026835,
4208519451,-15.32308823,
4209119411,-15.34804545,
4209719371,-15.37172974,
4210319331,-15.39314426,
4210919291,-15.41686112,
4211519251,-15.43835195,
4212119211,-15.46073484,
4212719171,-15.4846591,
4213319131,-15.5058853,
4213919091,-15.52670925,
4214519051,-15.54743441,
4215119011,-15.5698611,
4215718971,-15.58863462,
4216318931,-15.61169066,
4216918891,-15.62982238,
4217518851,-15.73401353,
4218118811,-15.6711011,
4218718771,-15.68950338,
4219318731,-15.70816506,
4219918691,-15.72830596,
4220518651,-15.74625739,
4221118611,-15.76434533,
4221718571,-15.78129304,
4222318531,-15.79966435,
4222918491,-15.81723326,
4223518451,-15.83427208,
4224118411,-15.85048009,
4224718371,-15.86667434,
4225318331,-15.88176244,
4225918291,-15.8976893,
4226518251,-15.91338546,
4227118211,-15.92816086,
4227718171,-15.94322665,
4228318131,-15.97052266,
4228918091,-15.97047422,
4229518051,-15.98536276,
4230118011,-15.99956765,
4230717971,-16.00703719,
4231317931,-16.02823269,
4231917891,-16.03660024,
4232517851,-16.0458185,
4233117811,-16.05632661,
4233717771,-16.07204763,
4234317731,-16.08243202,
4234917691,-16.09586736,
4235517651,-16.10404969,
4236117611,-16.10841145,
4236717571,-16.21033979,
4237317531,-16.13248182,
4237917491,-16.13673082,
4238517451,-16.09627115,
4239117411,-16.16067397,
4239717371,-16.16872128,
4240317331,-16.26464104,
4240917291,-16.18349821,
4241517251,-16.19135507,
4242117211,-16.19578625,
4242717171,-16.2072987,
4243317131,-16.21070152,
4243917091,-16.21770506,
4244517051,-16.21645385,
4245117011,-16.22318209,
4245716971,-16.2346128,
4246316931,-16.23200217,
4246916891,-16.24046918,
4247516851,-16.24231488,
4248116811,-16.22879692,
4248716771,-16.24975496,
4249316731,-16.25345035,
4249916691,-16.2581808,
4250516651,-16.25786356,
4251116611,-16.25729918,
4251716571,-16.25356386,
4252316531,-16.26026857,
4252916491,-16.26188201,
4253516451,-16.25489069,
4254116411,-16.25668732,
4254716371,-16.25821325,
4255316331,-16.25738829,
4255916291,-16.25610312,
4256516251,-16.25640389,
4257116211,-16.25911089,
4257716171,-16.2504492,
4258316131,-16.24803769,
4258916091,-16.24171132,
4259516051,-16.24865335,
4260116011,-16.23481612,
4260715971,-16.2339678,
4261315931,-16.23311924,
4261915891,-16.22898554,
4262515851,-16.22194242,
4263115811,-16.22062277,
4263715771,-16.21276313,
4264315731,-16.20660347,
4264915691,-16.20249671,
4265515651,-16.19322853,
4266115611,-16.19233111,
4266715571,-16.1813838,
4267315531,-16.17420061,
4267915491,-16.1675292,
4268515451,-16.1629885,
4269115411,-16.14849417,
4269715371,-16.14232796,
4270315331,-16.13948644,
4270915291,-16.12941031,
4271515251,-16.11860997,
4272115211,-16.10431859,
4272715171,-16.09791113,
4273315131,-16.0894632,
4273915091,-16.0826273,
4274515051,-16.0744053,
4275115011,-16.060474,
4275714971,-16.05129632,
4276314931,-16.0409255,
4276914891,-16.0254462,
4277514851,-16.01051159,
4278114811,-15.98176702,
4278714771,-15.96412477,
4279314731,-15.96422897,
4279914691,-15.96362234,
4280514651,-15.95392054,
4281114611,-15.94616611,
4281714571,-16.0130171,
4282314531,-15.91669252,
4282914491,-15.89815582,
4283514451,-15.88673385,
4284114411,-15.87024533,
4284714371,-15.85476899,
4285314331,-15.83895348,
4285914291,-15.8268214,
4286514251,-15.81410237,
4287114211,-15.74656445,
4287714171,-15.78289684,
4288314131,-15.76928271,
4288914091,-15.75892462,
4289514051,-15.72711149,
4290114011,-15.72069716,
4290713971,-15.70666437,
4291313931,-15.69276727,
4291913891,-15.67458575,
4292513851,-15.57531124,
4293113811,-15.64083191,
4293713771,-15.62503771,
4294313731,-15.60452895,
4294913691,-15.59404463,
4295513651,-15.57406367,
4296113611,-15.5587588,
4296713571,-15.53962029,
4297313531,-15.54024411,
4297913491,-15.51874482,
4298513451,-15.48461949,
4299113411,-15.46870083,
4299713371,-15.45349062,
4300313331,-15.42660475,
4300913291,-15.41102194,
4301513251,-15.39436681,
4302113211,-15.37052498,
4302713171,-15.36275295,
4303313131,-15.34559492,
4303913091,-15.32275688,
4304513051,-15.28637775,
4305113011,-15.28509246,
4305712971,-15.2603804,
4306312931,-15.25223087,
4306912891,-15.23170701,
4307512851,-15.21251453,
4308112811,-15.20093594,
4308712771,-15.13257771,
4309312730,-15.07743335,
4309912690,-15.15212873,
4310512650,-15.12505971,
4311112610,-15.10784772,
4311712570,-15.09347064,
4312312530,-14.9177257,
4312912490,-15.05196098,
4313512450,-15.02207923,
4314112410,-15.0106079,
4314712370,-14.99465291,
4315312330,-14.97709296,
4315912290,-14.96746645,
4316512250,-14.93541272,
4317112210,-14.89428585,
4317712170,-14.91367944,
4318312130,-14.89132478,
4318912090,-14.87203999,
4319512050,-14.85350095,
4320112010,-14.84595064,
4320711970,-14.81646008,
4321311930,-14.80151583,
4321911890,-14.7815633,
4322511850,-14.76156696,
4323111810,-14.74685565,
4323711770,-14.73429047,
4324311730,-14.72133783,
4324911690,-14.69402171,
4325511650,-14.68086392,
4326111610,-14.66997649,
4326711570,-14.64904497,
4327311530,-14.62924838,
4327911490,-14.61600922,
4328511450,-14.59225171,
4329111410,-14.58580325,
4329711370,-14.57271782,
4330311330,-14.54958965,
4330911290,-14.53779256,
4331511250,-14.52144186,
4332111210,-14.50128651,
4332711170,-14.42042504,
4333311130,-14.4712888,
4333911090,-14.46320316,
4334511050,-14.44057935,
4335111010,-14.43366736,
4335710970,-14.41308723,
4336310930,-14.40227937,
4336910890,-14.39001108,
4337510850,-14.36544252,
4338110810,-14.35565004,
4338710770,-14.33828338,
4339310730,-14.32960335,
4339910690,-14.31373728,
4340510650,-14.36040563,
4341110610,-14.28395315,
4341710570,-14.32871365,
4342310530,-14.26065013,
4342910490,-14.25015179,
4343510450,-14.23551067,
4344110410,-14.22227105,
4344710370,-14.21327276,
4345310330,-14.19572668,
4345910290,-14.18848437,
4346510250,-14.17412682,
4347110210,-14.16396482,
4347710170,-14.15037978,
4348310130,-14.13968975,
4348910090,-14.12890185,
4349510050,-14.11770002,
4350110010,-14.1109818,
4350709970,-14.09825076,
4351309930,-14.08857102,
4351909890,-14.07667779,
4352509850,-14.06718682,
4353109810,-14.05647217,
4353709770,-14.04617896,
4354309730,-14.0359706,
4354909690,-14.02489092,
4355509650,-14.01584105,
4356109610,-14.00744714,
4356709570,-13.99580563,
4357309530,-13.98719252,
4357909490,-13.97882343,
4358509450,-13.96926897,
4359109410,-13.960721,
4359709370,-13.95960186,
4360309330,-13.94388843,
4360909290,-13.93467738,
4361509250,-13.92587283,
4362109210,-13.91723027,
4362709170,-13.94241027,
4363309130,-13.90147161,
4363909090,-13.89073513,
4364509050,-13.88590347,
4365109010,-13.87644624,
4365708970,-13.86949764,
4366308930,-13.86146417,
4366908890,-13.88716265,
4367508850,-13.84706075,
4368108810,-13.84117651,
4368708770,-13.83527547,
4369308730,-13.82657054,
4369908690,-13.81980745,
4370508650,-13.81426508,
4371108610,-13.80744302,
4371708570,-13.80128961,
4372308530,-13.79190729,
4372908490,-13.78699595,
4373508450,-13.78343389,
4374108410,-13.77402849,
4374708370,-13.77236484,
4375308330,-13.76471264,
4375908290,-13.75820221,
4376508250,-13.75362696,
4377108210,-13.74758523,
4377708170,-13.74246784,
4378308130,-13.73739264,
4378908090,-13.7337964,
4379508050,-13.72941267,
4380108010,-13.72351477,
4380707970,-13.71892607,
4381307930,-13.71306435,
4381907890,-13.70780398,
4382507850,-13.70579791,
4383107810,-13.70011684,
4383707770,-13.69764557,
4384307730,-13.69500717,
4384907690,-13.69073237,
4385507650,-13.68897911,
4386107610,-13.68673466,
4386707570,-13.68143427,
4387307530,-13.67533335,
4387907490,-13.67648717,
4388507450,-13.65632311,
4389107410,-13.6986394,
4389707370,-13.66779422,
4390307330,-13.66549705,
4390907290,-13.6667096,
4391507250,-13.66269214,
4392107210,-13.66374766,
4392707170,-13.66057522,
4393307130,-13.66295678,
4393907090,-13.65619038,
4394507050,-13.65406235,
4395107010,-13.72320819,
4395706970,-13.65672083,
4396306930,-13.65383231,
4396906890,-13.65538135,
4397506850,-13.65862489,
4398106810,-13.65624712,
4398706770,-13.60426869,
4399306730,-13.65487652,
4399906690,-13.6575253,
4400506650,-13.66238543,
4401106610,-13.66146994,
4401706570,-13.66196485,
4402306530,-13.67252986,
4402906490,-13.66256117,
4403506450,-13.67777119,
4404106410,-13.67160598,
4404706370,-13.68302051,
4405306330,-13.68106296,
4405906290,-13.68586976,
4406506250,-13.69299555,
4407106210,-13.70287063,
4407706170,-13.7058059,
4408306130,-13.70721347,
4408906090,-13.70989907,
4409506050,-13.7165628,
4410106010,-13.72168247,
4410705970,-13.72371139,
4411305930,-13.73471955,
4411905890,-13.74043282,
4412505850,-13.74895884,
4413105810,-13.75227327,
4413705770,-13.76376923,
4414305730,-13.77117438,
4414905690,-13.77950336,
4415505650,-13.78446905,
4416105610,-13.79500421,
4416705570,-13.80801948,
4417305530,-13.81791011,
4417905490,-13.82291448,
4418505450,-13.83663923,
4419105410,-13.84873362,
4419705370,-13.85986447,
4420305330,-13.87097414,
4420905290,-13.87938199,
4421505250,-13.89060191,
4422105210,-13.90805185,
4422705170,-13.92123116,
4423305130,-13.92685467,
4423905090,-13.94552101,
4424505050,-13.9543314,
4425105010,-13.97220508,
4425704970,-13.99097548,
4426304930,-14.0041067,
4426904890,-14.0193843,
4427504850,-14.03442965,
4428104810,-14.04811875,
4428704770,-14.06474228,
4429304730,-14.08524223,
4429904690,-14.09626891,
4430504650,-14.11750792,
4431104610,-14.13564174,
4431704570,-14.09107361,
4432304530,-14.16750405,
4432904490,-14.18561651,
4433504450,-14.2034018,
4434104410,-14.22525053,
4434704370,-14.21938406,
4435304330,-14.26270774,
4435904290,-14.28182457,
4436504250,-14.30109503,
4437104210,-14.32324158,
4437704170,-14.3464115,
4438304130,-14.36133884,
4438904090,-14.384207,
4439504050,-14.40419986,
4440104010,-14.42528006,
4440703970,-14.44950465,
4441303930,-14.47054918,
4441903890,-14.49723985,
4442503850,-14.51788614,
4443103810,-14.53826383,
4443703770,-14.55971907,
4444303730,-14.58033682,
4444903690,-14.60552266,
4445503650,-14.62997274,
4446103610,-14.65245481,
4446703570,-14.68011393,
4447303530,-14.7011799,
4447903490,-14.72259243,
4448503450,-14.74853191,
4449103410,-14.77264682,
4449703370,-14.79909785,
4450303330,-14.82090878,
4450903290,-14.84768066,
4451503250,-14.86941419,
4452103210,-14.89402473,
4452703170,-14.92169381,
4453303130,-14.94870203,
4453903090,-14.97177034,
4454503050,-15.00020439,
4455103010,-15.02255304,
4455702970,-15.04861996,
4456302930,-15.07190124,
4456902890,-15.09940942,
4457502850,-15.12424235,
4458102810,-15.14983267,
4458702770,-15.10107196,
4459302730,-15.20152429,
4459902690,-15.22604594,
4460502650,-15.25029305,
4461102610,-15.27770656,
4461702570,-15.30382237,
4462302530,-15.3283002,
4462902489,-15.35527317,
4463502449,-15.3796625,
4464102409,-15.41643341,
4464702369,-15.43067522,
4465302329,-15.4575558,
4465902289,-15.48241985,
4466502249,-15.50641976,
4467102209,-15.53277295,
4467702169,-15.55765708,
4468302129,-15.58269994,
4468902089,-15.60780036,
4469502049,-15.63337717,
4470102009,-15.65827052,
4470701969,-15.68212458,
4471301929,-15.70546085,
4471901889,-15.73010643,
4472501849,-15.75714498,
4473101809,-15.77898687,
4473701769,-15.80250858,
4474301729,-15.82750231,
4474901689,-15.84996826,
4475501649,-15.8741083,
4476101609,-15.89725552,
4476701569,-15.91987787,
4477301529,-15.94385833,
4477901489,-15.96562945,
4478501449,-15.9888796,
4479101409,-16.00985695,
4479701369,-16.03385767,
4480301329,-16.05632252,
4480901289,-16.07636892,
4481501249,-16.09896381,
4482101209,-16.12140904,
4482701169,-16.14215172,
4483301129,-16.16307795,
4483901089,-16.18413083,
4484501049,-16.25487254,
4485101009,-16.22390982,
4485700969,-16.24450047,
4486300929,-16.26614189,
4486900889,-16.28416627,
4487500849,-16.24006361,
4488100809,-16.32392454,
4488700769,-16.34141842,
4489300729,-16.36179683,
4489900689,-16.37920311,
4490500649,-16.39960575,
4491100609,-16.41777931,
4491700569,-16.43642451,
4492300529,-16.46405442,
4492900489,-16.47030239,
4493500449,-16.4859945,
4494100409,-16.50391933,
4494700369,-16.51909651,
4495300329,-16.53745436,
4495900289,-16.55425381,
4496500249,-16.56847183,
4497100209,-16.5849162,
4497700169,-16.60071462,
4498300129,-16.61733829,
4498900089,-16.6310549,
4499500049,-16.6428344,
4500100009,-16.66008582,
4500699969,-16.67009073,
4501299929,-16.68793706,
4501899889,-16.70363769,
4502499849,-16.71522338,
4503099809,-16.72817019,
4503699769,-16.74074992,
4504299729,-16.75040304,
4504899689,-16.76222608,
4505499649,-16.7739675,
4506099609,-16.7859089,
4506699569,-16.79615854,
4507299529,-16.80740686,
4507899489,-16.81509897,
4508499449,-16.8268639,
4509099409,-16.83764427,
4509699369,-16.84340125,
4510299329,-16.85863966,
4510899289,-16.86773085,
4511499249,-16.87484067,
4512099209,-16.94322057,
4512699169,-16.89152917,
4513299129,-16.9044193,
4513899089,-16.90746359,
4514499049,-16.94411591,
4515099009,-16.92450871,
4515698969,-16.92235215,
4516298929,-16.93544869,
4516898889,-16.93969134,
4517498849,-16.94994058,
4518098809,-16.9537634,
4518698769,-16.95799099,
4519298729,-16.96354548,
4519898689,-16.96799437,
4520498649,-16.97317797,
4521098609,-17.0615471,
4521698569,-16.97964472,
4522298529,-16.98204474,
4522898489,-16.98762546,
4523498449,-16.98936313,
4524098409,-16.996007,
4524698369,-16.99800831,
4525298329,-16.99651509,
4525898289,-16.99915964,
4526498249,-17.00633065,
4527098209,-17.00360616,
4527698169,-17.00621168,
4528298129,-16.99889439,
4528898089,-17.01062748,
4529498049,-17.00676449,
4530098009,-17.01009022,
4530697969,-17.00688432,
4531297929,-17.00871606,
4531897889,-17.0074752,
4532497849,-17.00818564,
4533097809,-17.01075886,
4533697769,-16.99544353,
4534297729,-17.00032241,
4534897689,-17.00104369,
4535497649,-17.00091885,
4536097609,-16.99450344,
4536697569,-16.99367062,
4537297529,-16.99235675,
4537897489,-16.9903425,
4538497449,-16.98358433,
4539097409,-16.98247839,
4539697369,-16.97975705,
4540297329,-16.97526129,
4540897289,-16.97548357,
4541497249,-16.96975929,
4542097209,-16.96552169,
4542697169,-16.96156422,
4543297129,-16.87716891,
4543897089,-16.94970373,
4544497049,-16.94554085,
4545097009,-16.94461691,
4545696969,-16.94247494,
4546296929,-16.93183295,
4546896889,-16.92450963,
4547496849,-16.91873104,
4548096809,-16.91547484,
4548696769,-16.91136815,
4549296729,-16.90529543,
4549896689,-16.89667098,
4550496649,-16.89291508,
4551096609,-16.8825952,
4551696569,-16.87369063,
4552296529,-16.86755009,
4552896489,-16.89314426,
4553496449,-16.86059567,
4554096409,-16.84999987,
4554696369,-16.84665105,
4555296329,-16.8299176,
4555896289,-16.83459277,
4556496249,-16.82775448,
4557096209,-16.8149575,
4557696169,-16.77385713,
4558296129,-16.80404706,
4558896089,-16.79796799,
4559496049,-16.78020173,
4560096009,-16.77360484,
4560695969,-16.76406994,
4561295929,-16.76164693,
4561895889,-16.72452359,
4562495849,-16.66043654,
4563095809,-16.73324973,
4563695769,-16.72372793,
4564295729,-16.71818712,
4564895689,-16.7088906,
4565495649,-16.70641468,
4566095609,-16.69530387,
4566695569,-16.68635177,
4567295529,-16.68081307,
4567895489,-16.67047294,
4568495449,-16.65749837,
4569095409,-16.6456525,
4569695369,-16.64436892,
4570295329,-16.63409254,
4570895289,-16.62174276,
4571495249,-16.61451606,
4572095209,-16.60587875,
4572695169,-16.59926364,
4573295129,-16.58886649,
4573895089,-16.64891859,
4574495049,-16.57160504,
4575095009,-16.56219551,
4575694969,-16.55656263,
4576294929,-16.55105783,
4576894889,-16.53710131,
4577494849,-16.52501798,
4578094809,-16.51828927,
4578694769,-16.51250575,
4579294729,-16.50067125,
4579894689,-16.49275684,
4580494649,-16.4889172,
4581094609,-16.47964453,
4581694569,-16.47255764,
4582294529,-16.46348804,
4582894489,-16.45518481,
4583494449,-16.44601143,
4584094409,-16.43893168,
4584694369,-16.42623875,
4585294329,-16.41899859,
4585894289,-16.41226699,
4586494249,-16.45347808,
4587094209,-16.39335723,
4587694169,-16.38677189,
4588294129,-16.38413795,
4588894089,-16.37194005,
4589494049,-16.36379942,
4590094009,-16.36001646,
4590693969,-16.35411544,
4591293929,-16.3445539,
4591893889,-16.33557062,
4592493849,-16.33032375,
4593093809,-16.32344026,
4593693769,-16.31058168,
4594293729,-16.39934499,
4594893689,-16.30004269,
4595493649,-16.26960494,
4596093609,-16.2847356,
4596693569,-16.28060296,
4597293529,-16.27435727,
4597893489,-16.26460215,
4598493449,-16.26268475,
4599093409,-16.25538085,
4599693369,-16.24764797,
4600293329,-16.23824556,
4600893289,-16.23587302,
4601493249,-16.22948389,
4602093209,-16.21814655,
4602693169,-16.15194642,
4603293129,-16.2093664,
4603893089,-16.20568201,
4604493049,-16.19990968,
4605093009,-16.19086536,
4605692969,-16.18644705,
4606292929,-16.17905709,
4606892889,-16.26348214,
4607492849,-16.16986976,
4608092809,-16.16475094,
4608692769,-16.16023792,
4609292729,-16.15622211,
4609892689,-16.14998863,
4610492649,-16.14430844,
4611092609,-16.1405824,
4611692569,-16.13396412,
4612292529,-16.12940398,
4612892489,-16.11004365,
4613492449,-16.12117309,
4614092409,-16.11490978,
4614692369,-16.1122183,
4615292329,-16.1060437,
4615892289,-16.10266668,
4616492248,-16.0972495,
4617092208,-16.09284817,
4617692168,-16.08835178,
4618292128,-16.0852941,
4618892088,-16.08184739,
4619492048,-16.07631622,
4620092008,-16.07127548,
4620691968,-16.06830349,
4621291928,-16.06292045,
4621891888,-16.05779562,
4622491848,-16.05490526,
4623091808,-16.04994657,
4623691768,-16.04675341,
4624291728,-16.04067296,
4624891688,-16.03787792,
4625491648,-16.12423601,
4626091608,-16.02829617,
4626691568,-16.02605365,
4627291528,-16.02159333,
4627891488,-16.01726041,
4628491448,-16.01133189,
4629091408,-16.00822379,
4629691368,-16.00165306,
4630291328,-15.9974159,
4630891288,-15.99303335,
4631491248,-15.98665516,
4632091208,-15.98355433,
4632691168,-15.97769217,
4633291128,-15.97373283,
4633891088,-16.01880583,
4634491048,-15.96453178,
4635091008,-15.95756463,
4635690968,-15.95398677,
4636290928,-15.94859231,
4636890888,-15.9416053,
4637490848,-15.93722409,
4638090808,-15.93041174,
4638690768,-15.9259472,
4639290728,-15.91946544,
4639890688,-15.91579387,
4640490648,-15.90995472,
4641090608,-15.90270647,
4641690568,-15.87664993,
4642290528,-15.89293525,
4642890488,-15.88553567,
4643490448,-15.88013682,
4644090408,-15.87404175,
4644690368,-15.86588712,
4645290328,-15.86266258,
4645890288,-15.85576985,
4646490248,-15.85281605,
4647090208,-15.84163871,
4647690168,-15.83443311,
4648290128,-15.83023808,
4648890088,-15.82195278,
4649490048,-15.8165235,
4650090008,-15.80758063,
4650689968,-15.80152249,
4651289928,-15.79608025,
4651889888,-15.76586557,
4652489848,-15.77933409,
4653089808,-15.77761019,
4653689768,-15.76597719,
4654289728,-15.76328881,
4654889688,-15.75178661,
4655489648,-15.7571109,
4656089608,-15.73836545,
4656689568,-15.72963581,
4657289528,-15.72083825,
4657889488,-15.71569072,
4658489448,-15.71213408,
4659089408,-15.70243523,
4659689368,-15.69259136,
4660289328,-15.685303,
4660889288,-15.67750466,
4661489248,-15.66787596,
4662089208,-15.6624876,
4662689168,-15.66136852,
4663289128,-15.64671939,
4663889088,-15.64716189,
4664489048,-15.63743229,
4665089008,-15.62147731,
4665688968,-15.62007864,
4666288928,-15.61080791,
4666888888,-15.60280011,
4667488848,-15.60081263,
4668088808,-15.58619324,
4668688768,-15.58564009,
4669288728,-15.5741648,
4669888688,-15.56178301,
4670488648,-15.55987237,
4671088608,-15.55115519,
4671688568,-15.55769025,
4672288528,-15.53598387,
4672888488,-15.52827529,
4673488448,-15.52193678,
4674088408,-15.51506094,
4674688368,-15.50910203,
4675288328,-15.50383176,
4675888288,-15.56947048,
4676488248,-15.48603551,
4677088208,-15.48273328,
4677688168,-15.47168956,
4678288128,-15.46554567,
4678888088,-15.46261231,
4679488048,-15.45857048,
4680088008,-15.45027837,
4680687968,-15.44506956,
4681287928,-15.43901466,
4681887888,-15.43243732,
4682487848,-15.42775798,
4683087808,-15.42403163,
4683687768,-15.41402649,
4684287728,-15.4115971,
4684887688,-15.40992718,
4685487648,-15.40097838,
4686087608,-15.39438553,
4686687568,-15.38730327,
4687287528,-15.38137653,
4687887488,-15.37728677,
4688487448,-15.37791829,
4689087408,-15.23912529,
4689687368,-15.36848371,
4690287328,-15.36411172,
4690887288,-15.36203031,
4691487248,-15.36147031,
4692087208,-15.35504674,
4692687168,-15.35214393,
4693287128,-15.35023962,
4693887088,-15.34842003,
4694487048,-15.34557278,
4695087008,-15.34176024,
4695686968,-15.33702776,
4696286928,-15.33927211,
4696886888,-15.33572624,
4697486848,-15.33475565,
4698086808,-15.33955873,
4698686768,-15.33416253,
4699286728,-15.33588318,
4699886688,-15.33552352,
4700486648,-15.33640193,
4701086608,-15.41825054,
4701686568,-15.41955912,
4702286528,-15.3458962,
4702886488,-15.34305792,
4703486448,-15.34366537,
4704086408,-15.34856176,
4704686368,-15.34633457,
4705286328,-15.35376685,
4705886288,-15.35774028,
4706486248,-15.36174744,
4707086208,-15.36428607,
4707686168,-15.37079404,
4708286128,-15.36734168,
4708886088,-15.38078788,
4709486048,-15.38159624,
4710086008,-15.38698566,
4710685968,-15.39747127,
4711285928,-15.40220208,
4711885888,-15.40785398,
4712485848,-15.41227004,
4713085808,-15.4225252,
4713685768,-15.42931711,
4714285728,-15.43565445,
4714885688,-15.44601143,
4715485648,-15.53614682,
4716085608,-15.4618169,
4716685568,-15.47177223,
4717285528,-15.48276927,
4717885488,-15.4923411,
4718485448,-15.50326491,
4719085408,-15.51401108,
4719685368,-15.52586323,
4720285328,-15.53678214,
4720885288,-15.54479112,
4721485248,-15.56643651,
4722085208,-15.5660772,
4722685168,-15.58075664,
4723285128,-15.59323334,
4723885088,-15.60550907,
4724485048,-15.61680794,
4725085008,-15.63522728,
4725684968,-15.64683157,
4726284928,-15.65903436,
4726884888,-15.67575699,
4727484848,-15.69059191,
4728084808,-15.7043387,
4728684768,-15.80743465,
4729284728,-15.73603871,
4729884688,-15.74953695,
4730484648,-15.76513082,
4731084608,-15.78009005,
4731684568,-15.79888346,
4732284528,-15.8141313,
4732884488,-15.83217002,
4733484448,-15.85040826,
4734084408,-15.86725936,
4734684368,-15.88246953,
4735284328,-15.99109484,
4735884288,-15.92027242,
4736484248,-15.93809091,
4737084208,-15.95539114,
4737684168,-15.97446771,
4738284128,-15.99333785,
4738884088,-16.01170598,
4739484048,-16.02981888,
4740084008,-16.04844247,
4740683968,-16.06815508,
4741283928,-16.13835288,
4741883888,-16.10689282,
4742483848,-16.12620747,
4743083808,-16.14518897,
4743683768,-16.16578067,
4744283728,-16.17137237,
4744883688,-16.19080969,
4745483648,-16.22515377,
4746083608,-16.24726082,
4746683568,-16.26542748,
4747283528,-16.28538546,
4747883488,-16.30696451,
4748483448,-16.32563252,
4749083408,-16.34721186,
4749683368,-16.36710228,
4750283328,-16.38700987,
4750883288,-16.40880557,
4751483248,-16.42812163,
4752083208,-16.45109982,
4752683168,-16.47217493,
4753283128,-16.49346986,
4753883088,-16.51951447,
4754483048,-16.53211253,
4755083008,-16.55805919,
4755682968,-16.57524383,
4756282928,-16.59824909,
4756882888,-16.61877951,
4757482848,-16.64146577,
4758082808,-16.66259073,
4758682768,-16.68415957,
4759282728,-16.70641408,
4759882688,-16.74056158,
4760482648,-16.74613969,
4761082608,-16.77849195,
4761682568,-16.79473937,
4762282528,-16.81060073,
4762882488,-16.83148576,
4763482448,-16.85283003,
4764082408,-16.87439923,
4764682368,-16.89854825,
4765282328,-16.91309633,
4765882288,-16.93803623,
4766482248,-16.95899635,
4767082208,-16.97797238,
4767682168,-16.99928421,
4768282128,-17.02664086,
4768882088,-17.04478881,
4769482048,-17.06395468,
4770082008,-17.08434273,
4770681967,-17.17724791,
4771281927,-17.12682263,
4771881887,-17.14509772,
4772481847,-17.16879159,
4773081807,-17.18552712,
4773681767,-17.20410516,
4774281727,-17.22824209,
4774881687,-17.24973222,
4775481647,-17.26863416,
4776081607,-17.28238069,
4776681567,-17.30739273,
4777281527,-17.29825254,
4777881487,-17.34808686,
4778481447,-17.36981977,
4779081407,-17.3908077,
4779681367,-17.40436897,
4780281327,-17.42407694,
4780881287,-17.44344244,
4781481247,-17.46449756,
4782081207,-17.48837695,
4782681167,-17.50268465,
4783281127,-17.52013542,
4783881087,-17.54234894,
4784481047,-17.56502443,
4785081007,-17.59656523,
4785680967,-17.59914232,
4786280927,-17.61161231,
4786880887,-17.63118994,
4787480847,-17.64894503,
4788080807,-17.67009976,
4788680767,-17.69179527,
4789280727,-17.70214833,
4789880687,-17.72361273,
4790480647,-17.74602507,
4791080607,-17.75925005,
4791680567,-17.7791619,
4792280527,-17.79897981,
4792880487,-17.81524518,
4793480447,-17.82778899,
4794080407,-17.83830984,
4794680367,-17.87192656,
4795280327,-17.89025651,
4795880287,-17.88502672,
4796480247,-17.81402933,
4797080207,-17.96524956,
4797680167,-17.95414467,
4798280127,-17.97376804,
4798880087,-17.98848517,
4799480047,-18.0097612,
4800080007,-18.01873864,
4800679967,-18.03735573,
4801279927,-18.0526479,
4801879887,-18.07147839,
4802479847,-18.08784223,
4803079807,-18.10645476,
4803679767,-18.12443377,
4804279727,-18.13650718,
4804879687,-18.15828594,
4805479647,-18.17179136,
4806079607,-18.18908007,
4806679567,-18.20662485,
4807279527,-18.22162982,
4807879487,-18.24015288,
4808479447,-18.33782898,
4809079407,-18.2704946,
4809679367,-18.28286957,
4810279327,-18.3008443,
4810879287,-18.32088728,
4811479247,-18.33857563,
4812079207,-18.34974304,
4812679167,-18.36911736,
4813279127,-18.38476742,
4813879087,-18.4032864,
4814479047,-18.4141638,
4815079007,-18.4267268,
4815678967,-18.44531905,
4816278927,-18.46289273,
4816878887,-18.47898957,
4817478847,-18.49540865,
4818078807,-18.5069749,
4818678767,-18.52497418,
4819278727,-18.53809308,
4819878687,-18.55740766,
4820478647,-18.57520509,
4821078607,-18.58636891,
4821678567,-18.60764493,
4822278527,-18.62142421,
4822878487,-18.63825793,
4823478447,-18.65085721,
4824078407,-18.6627267,
4824678367,-18.63363667,
4825278327,-18.70453596,
4825878287,-18.71947664,
4826478247,-18.73176393,
4827078207,-18.7446006,
4827678167,-18.76267194,
4828278127,-18.7798271,
4828878087,-18.79344932,
4829478047,-18.84150356,
4830078007,-18.8224966,
4830677967,-18.83605229,
4831277927,-18.85549554,
4831877887,-18.87112768,
4832477847,-18.88383529,
4833077807,-18.89830833,
4833677767,-18.91511384,
4834277727,-18.93111068,
4834877687,-18.94931661,
4835477647,-18.96171455,
4836077607,-18.97757944,
4836677567,-19.00105601,
4837277527,-19.04866237,
4837877487,-19.02482624,
4838477447,-19.03709282,
4839077407,-19.05526484,
4839677367,-19.07197366,
4840277327,-19.08262904,
4840877287,-19.10308334,
4841477247,-19.11674944,
4842077207,-19.13195941,
4842677167,-19.14521856,
4843277127,-19.1607643,
4843877087,-19.17584683,
4844477047,-19.19115028,
4845077007,-19.20926568,
4845676967,-19.22389287,
4846276927,-19.23715104,
4846876887,-19.25291803,
4847476847,-19.26581432,
4848076807,-19.28054139,
4848676767,-19.29755001,
4849276727,-19.31244122,
4849876687,-19.32587381,
4850476647,-19.34163946,
4851076607,-19.35398492,
4851676567,-19.36886131,
4852276527,-19.36824488,
4852876487,-19.39764091,
4853476447,-19.41142312,
4854076407,-19.42725034,
4854676367,-19.44180267,
4855276327,-19.45481114,
4855876287,-19.46903219,
4856476247,-19.48377955,
4857076207,-19.49879511,
4857676167,-19.51108558,
4858276127,-19.52642736,
4858876087,-19.54012376,
4859476047,-19.55249639,
4860076007,-19.56638861,
4860675967,-19.5796903,
4861275927,-19.59110834,
4861875887,-19.60475182,
4862475847,-19.61979337,
4863075807,-19.63155587,
4863675767,-19.64189306,
4864275727,-19.65692219,
4864875687,-19.66792895,
4865475647,-19.68195614,
4866075607,-19.69642359,
4866675567,-19.70528387,
4867275527,-19.71594587,
4867875487,-19.72904108,
4868475447,-19.74013467,
4869075407,-19.75284959,
4869675367,-19.7644839,
4870275327,-19.77451095,
4870875287,-19.7853311,
4871475247,-19.79552431,
4872075207,-19.80502522,
4872675167,-19.95716987,
4873275127,-19.82835358,
4873875087,-19.8366692,
4874475047,-19.85018236,
4875075007,-19.85755846,
4875674967,-19.87243319,
4876274927,-19.87701084,
4876874887,-19.88964628,
4877474847,-19.89719965,
4878074807,-19.90704909,
4878674767,-19.91516836,
4879274727,-19.92456099,
4879874687,-19.93252578,
4880474647,-19.94111707,
4881074607,-19.94996347,
4881674567,-19.95865773,
4882274527,-19.96847884,
4882874487,-19.97498036,
4883474447,-19.98335975,
4884074407,-19.99184193,
4884674367,-19.99699543,
4885274327,-20.00431006,
4885874287,-20.01351337,
4886474247,-20.02013224,
4887074207,-20.02511504,
4887674167,-20.03223673,
4888274127,-20.03701599,
4888874087,-20.04365788,
4889474047,-20.19542219,
4890074007,-20.05411834,
4890673967,-20.00570826,
4891273927,-20.06571263,
4891873887,-20.07255189,
4892473847,-20.07564771,
4893073807,-20.08073887,
4893673767,-20.08165968,
4894273727,-20.08835859,
4894873687,-20.0900068,
4895473647,-20.09723992,
4896073607,-20.09762499,
4896673567,-20.10103669,
4897273527,-20.10486129,
4897873487,-20.14304782,
4898473447,-20.10838031,
4899073407,-20.25491689,
4899673367,-20.11348768,
4900273327,-20.11348692,
4900873287,-20.11473668,
4901473247,-20.1179222,
4902073207,-20.11808178,
4902673167,-20.11770357,
4903273127,-20.1185403,
4903873087,-20.11994301,
4904473047,-20.11929038,
4905073007,-20.12157393,
4905672967,-20.12058219,
4906272927,-20.1212429,
4906872887,-20.11275174,
4907472847,-20.14881532,
4908072807,-20.1152356,
4908672767,-20.1154132,
4909272727,-20.11218554,
4909872687,-20.10886268,
4910472647,-20.10829017,
4911072607,-20.10219991,
4911672567,-20.1032068,
4912272527,-20.09551502,
4912872487,-20.12963205,
4913472447,-20.08912754,
4914072407,-20.08909829,
4914672367,-20.08291081,
4915272327,-20.07484762,
4915872287,-20.07414265,
4916472247,-20.0689527,
4917072207,-20.06585028,
4917672167,-20.05481066,
4918272127,-20.05434818,
4918872087,-20.04551833,
4919472047,-20.04304711,
4920072007,-20.03220813,
4920671967,-20.02773944,
4921271927,-20.02493432,
4921871887,-20.01283263,
4922471847,-20.00836339,
4923071807,-19.99408064,
4923671767,-19.99278714,
4924271726,-19.98399438,
4924871686,-19.97101832,
4925471646,-19.95794035,
4926071606,-19.9478313,
4926671566,-19.94467147,
4927271526,-19.93951024,
4927871486,-19.92623455,
4928471446,-19.91388856,
4929071406,-19.9068748,
4929671366,-19.8966366,
4930271326,-19.89053823,
4930871286,-19.87917584,
4931471246,-19.86667763,
4932071206,-19.85574113,
4932671166,-19.84121437,
4933271126,-19.82964981,
4933871086,-19.816269,
4934471046,-19.81386191,
4935071006,-19.79861835,
4935670966,-19.78288268,
4936270926,-19.77297169,
4936870886,-19.75909922,
4937470846,-19.74461811,
4938070806,-19.73184409,
4938670766,-19.72035859,
4939270726,-19.70180883,
4939870686,-19.69502501,
4940470646,-19.67785565,
4941070606,-19.66494854,
4941670566,-19.64779146,
4942270526,-19.6320743,
4942870486,-19.61715104,
4943470446,-19.60891815,
4944070406,-19.59586413,
4944670366,-19.44525956,
4945270326,-19.56158595,
4945870286,-19.54263619,
4946470246,-19.52708736,
4947070206,-19.5133134,
4947670166,-19.49780808,
4948270126,-19.48464927,
4948870086,-19.41148352,
4949470046,-19.45659044,
4950070006,-19.43537385,
4950669966,-19.42562577,
4951269926,-19.35530319,
4951869886,-19.38299865,
4952469846,-19.37797822,
4953069806,-19.36198152,
4953669766,-19.34260611,
4954269726,-19.32354238,
4954869686,-19.29398991,
4955469646,-19.28982225,
4956069606,-19.27462815,
4956669566,-19.25779746,
4957269526,-19.24191726,
4957869486,-19.21951766,
4958469446,-19.21623513,
4959069406,-19.18541917,
4959669366,-19.17551985,
4960269326,-19.1546974,
4960869286,-19.13634896,
4961469246,-19.11701986,
4962069206,-19.10170578,
4962669166,-19.08667073,
4963269126,-19.06706765,
4963869086,-19.04678786,
4964469046,-19.04547648,
4965069006,-19.0214744,
4965668966,-19.00057602,
4966268926,-18.97813751,
4966868886,-18.96335587,
4967468846,-18.94519433,
4968068806,-18.92934891,
4968668766,-18.91291215,
4969268726,-18.89663141,
4969868686,-18.87187068,
4970468646,-18.86004002,
4971068606,-18.84860496,
4971668566,-18.8277912,
4972268526,-18.81373383,
4972868486,-18.79539654,
4973468446,-18.79981734,
4974068406,-18.76138767,
4974668366,-18.7469743,
4975268326,-18.73688478,
4975868286,-18.71135161,
4976468246,-18.70284014,
4977068206,-18.68402831,
4977668166,-18.66801342,
4978268126,-18.65560156,
4978868086,-18.63525818,
4979468046,-18.62483132,
4980068006,-18.69994567,
4980667966,-18.59012752,
4981267926,-18.67376995,
4981867886,-18.55869113,
4982467846,-18.55016928,
4983067806,-18.53327677,
4983667766,-18.5196036,
4984267726,-18.5059742,
4984867686,-18.4882206,
4985467646,-18.48041058,
4986067606,-18.46938795,
4986667566,-18.45741988,
4987267526,-18.44493103,
4987867486,-18.4304803,
4988467446,-18.3198371,
4989067406,-18.40570238,
4989667366,-18.39743215,
4990267326,-18.38488211,
4990867286,-18.37324471,
4991467246,-18.36097717,
4992067206,-18.35024245,
4992667166,-18.34250346,
4993267126,-18.33462382,
4993867086,-18.32284011,
4994467046,-18.30578248,
4995067006,-18.3051517,
4995666966,-18.29761018,
4996266926,-18.28815328,
4996866886,-18.28229564,
4997466846,-18.27419636,
4998066806,-18.26890488,
4998666766,-18.26034095,
4999266726,-18.25721218,
4999866686,-18.24978167,
5000466646,-18.24484872,
5001066606,-18.23628591,
5001666566,-18.23180192,
5002266526,-18.22636159,
5002866486,-18.21091624,
5003466446,-18.21912963,
5004066406,-18.21802533,
5004666366,-18.21318269,
5005266326,-18.21107921,
5005866286,-18.20997513,
5006466246,-18.20695439,
5007066206,-18.20685399,
5007666166,-18.20679854,
5008266126,-18.20599342,
5008866086,-18.20471493,
5009466046,-18.20671205,
5010066006,-18.20977419,
5010665966,-18.20995364,
5011265926,-18.21180555,
5011865886,-18.21065756,
5012465846,-18.21623514,
5013065806,-18.12140196,
5013665766,-18.2234845,
5014265726,-18.22753193,
5014865686,-18.24339059,
5015465646,-18.23820552,
5016065606,-18.24451932,
5016665566,-18.25093325,
5017265526,-18.25645054,
5017865486,-18.26218101,
5018465446,-18.27243932,
5019065406,-18.27473074,
5019665366,-18.28374594,
5020265326,-18.24312316,
5020865286,-18.30155054,
5021465246,-18.311702,
5022065206,-18.31903349,
5022665166,-18.32846586,
5023265126,-18.34417978,
5023865086,-18.35255218,
5024465046,-18.36504611,
5025065006,-18.37752196,
5025664966,-18.27452505,
5026264926,-18.4021539,
5026864886,-18.41454225,
5027464846,-18.42536375,
5028064806,-18.43858805,
5028664766,-18.4594909,
5029264726,-18.47021687,
5029864686,-18.37773842,
5030464646,-18.49759282,
5031064606,-18.51916875,
5031664566,-18.53155616,
5032264526,-18.54887927,
5032864486,-18.56611393,
5033464446,-18.58183467,
5034064406,-18.60494148,
5034664366,-18.6202675,
5035264326,-18.64064094,
5035864286,-18.65665657,
5036464246,-18.67483609,
5037064206,-18.69336867,
5037664166,-18.7146966,
5038264126,-18.73649671,
5038864086,-18.75854865,
5039464046,-18.77897756,
5040064006,-18.79923662,
5040663966,-18.81871056,
5041263926,-18.84317121,
5041863886,-18.86356616,
5042463846,-18.88838398,
5043063806,-18.91587961,
5043663766,-18.93523703,
5044263726,-18.95459962,
5044863686,-18.98062855,
5045463646,-19.00583997,
5046063606,-19.02786392,
5046663566,-19.05353853,
5047263526,-19.08030078,
5047863486,-19.10416063,
5048463446,-19.1302412,
5049063406,-19.15555571,
5049663366,-19.18114169,
5050263326,-19.20736531,
5050863286,-19.23261928,
5051463246,-19.25958826,
5052063206,-19.29057321,
5052663166,-19.31159806,
5053263126,-19.34100287,
5053863086,-19.36480663,
5054463046,-19.39875453,
5055063006,-19.42299416,
5055662966,-19.45170292,
5056262926,-19.4825302,
5056862886,-19.50777635,
5057462846,-19.5335427,
5058062806,-19.56918221,
5058662766,-19.59256333,
5059262726,-19.62849715,
5059862686,-19.65417671,
5060462646,-19.69771414,
5061062606,-19.71040965,
5061662566,-19.74458676,
5062262526,-19.632925,
5062862486,-19.80309371,
5063462446,-19.97359366,
5064062406,-19.86844429,
5064662366,-19.89676283,
5065262326,-19.92871768,
5065862286,-19.9686001,
5066462246,-19.98882168,
5067062206,-20.02077461,
5067662166,-20.05138308,
5068262126,-20.08749467,
5068862086,-20.11371788,
5069462046,-20.28628121,
5070062006,-20.18149685,
5070661966,-20.16191682,
5071261926,-20.24547834,
5071861886,-20.26675976,
5072461846,-20.31489346,
5073061806,-20.33597341,
5073661766,-20.3702272,
5074261726,-20.40482202,
5074861686,-20.44118435,
5075461646,-20.47835812,
5076061606,-20.50220861,
5076661566,-20.53627068,
5077261526,-20.75754914,
5077861485,-20.6011184,
5078461445,-20.64512534,
5079061405,-20.66235732,
5079661365,-20.70522981,
5080261325,-20.74003603,
5080861285,-20.76807824,
5081461245,-20.80265567,
5082061205,-20.8382537,
5082661165,-20.86596424,
5083261125,-20.90564345,
5083861085,-20.93026769,
5084461045,-20.95980355,
5085061005,-21.00422589,
5085660965,-21.03707766,
5086260925,-21.07099693,
5086860885,-21.1039228,
5087460845,-21.13548074,
5088060805,-21.17279166,
5088660765,-21.20167484,
5089260725,-21.24167705,
5089860685,-21.26594923,
5090460645,-21.30333118,
5091060605,-21.250132,
5091660565,-21.36517957,
5092260525,-21.3996187,
5092860485,-21.43309467,
5093460445,-21.4650594,
5094060405,-21.50830634,
5094660365,-21.53161415,
5095260325,-21.56878729,
5095860285,-21.6019746,
5096460245,-21.63440611,
5097060205,-21.66661361,
5097660165,-21.71357993,
5098260125,-21.73200251,
5098860085,-21.76283328,
5099460045,-21.79781227,
5100060005,-21.83228601,
5100659965,-21.8655627,
5101259925,-21.78853599,
5101859885,-21.81702454,
5102459845,-21.95446267,
5103059805,-21.99087441,
5103659765,-22.02363424,
5104259725,-22.05657284,
5104859685,-22.08659485,
5105459645,-22.11979652,
5106059605,-22.15337035,
5106659565,-22.18565524,
5107259525,-22.21231407,
5107859485,-22.24810436,
5108459445,-22.28080991,
5109059405,-22.31121964,
5109659365,-22.34332516,
5110259325,-22.37529517,
5110859285,-22.40664396,
5111459245,-22.43622622,
5112059205,-22.46846872,
5112659165,-22.50167768,
5113259125,-22.52871994,
5113859085,-22.55981981,
5114459045,-22.58971056,
5115059005,-22.62142082,
5115658965,-22.64787157,
5116258925,-22.68128118,
5116858885,-22.71143355,
5117458845,-22.73712782,
5118058805,-22.76551158,
5118658765,-22.79437096,
5119258725,-22.82250647,
5119858685,-22.85244683,
5120458645,-22.9597056,
5121058605,-22.90892296,
5121658565,-22.93666206,
5122258525,-22.96385779,
5122858485,-23.00591363,
5123458445,-23.0185223,
5124058405,-23.04639122,
5124658365,-23.0738145,
5125258325,-23.10155486,
5125858285,-23.12515676,
5126458245,-23.15369663,
5127058205,-23.17788884,
5127658165,-23.20438546,
5128258125,-23.22965984,
5128858085,-23.25237196,
5129458045,-23.27864226,
5130058005,-23.30562053,
5130657965,-23.19807457,
5131257925,-23.35111327,
5131857885,-23.37841564,
5132457845,-23.40184727,
5133057805,-23.42358794,
5133657765,-23.4487216,
5134257725,-23.47275322,
5134857685,-23.49414124,
5135457645,-23.51559093,
5136057605,-23.53801044,
5136657565,-23.56266484,
5137257525,-23.580764,
5137857485,-23.60195629,
5138457445,-23.6272043,
5139057405,-23.64514435,
5139657365,-23.66758194,
5140257325,-23.52857835,
5140857285,-23.70374,
5141457245,-23.73493294,
5142057205,-23.74858171,
5142657165,-23.7666569,
5143257125,-23.78504542,
5143857085,-23.80477293,
5144457045,-23.82398368,
5145057005,-23.84207712,
5145656965,-23.85886763,
5146256925,-23.87819176,
5146856885,-23.89646411,
5147456845,-23.91739661,
5148056805,-23.93317119,
5148656765,-23.94729693,
5149256725,-23.96398267,
5149856685,-23.97985894,
5150456645,-24.00114751,
5151056605,-24.01236065,
5151656565,-24.03207926,
5152256525,-24.13687259,
5152856485,-24.05897217,
5153456445,-24.07877162,
5154056405,-24.09292614,
5154656365,-24.10812666,
5155256325,-24.11601495,
5155856285,-24.13303053,
5156456245,-24.14447204,
5157056205,-24.15453174,
5157656165,-24.16491179,
5158256125,-24.18472907,
5158856085,-24.20599692,
5159456045,-24.20107045,
5160056005,-24.20766575,
5160655965,-24.22552526,
5161255925,-24.23506886,
5161855885,-24.24790568,
5162455845,-24.2501793,
5163055805,-24.26442494,
5163655765,-24.27768547,
5164255725,-24.28689655,
5164855685,-24.29572166,
5165455645,-24.30201768,
5166055605,-24.3046932,
5166655565,-24.38695112,
5167255525,-24.32183699,
5167855485,-24.32528433,
5168455445,-24.33128538,
5169055405,-24.34110496,
5169655365,-24.34714571,
5170255325,-24.34995304,
5170855285,-24.20098404,
5171455245,-24.35855085,
5172055205,-24.36096175,
5172655165,-24.3673894,
5173255125,-24.36793811,
5173855085,-24.36760576,
5174455045,-24.37819179,
5175055005,-24.37921676,
5175654965,-24.38343256,
5176254925,-24.38873899,
5176854885,-24.38981881,
5177454845,-24.38268726,
5178054805,-24.20021515,
5178654765,-24.38647876,
5179254725,-24.38605872,
5179854685,-24.38688049,
5180454645,-24.39148038,
5181054605,-24.37935841,
5181654565,-24.38191103,
5182254525,-24.38440071,
5182854485,-24.37714709,
5183454445,-24.37629949,
5184054405,-24.37392055,
5184654365,-24.36734644,
5185254325,-24.37144503,
5185854285,-24.36301789,
5186454245,-24.35906816,
5187054205,-24.35731526,
5187654165,-24.2091649,
5188254125,-24.3437967,
5188854085,-24.34112421,
5189454045,-24.33798947,
5190054005,-24.3305539,
5190653965,-24.32295702,
5191253925,-24.31846914,
5191853885,-24.30965257,
5192453845,-24.30281113,
5193053805,-24.29333728,
5193653765,-24.28003998,
5194253725,-24.27708288,
5194853685,-24.25864543,
5195453645,-24.25551551,
5196053605,-24.2430376,
5196653565,-24.23828721,
5197253525,-24.23187715,
5197853485,-24.21647197,
5198453445,-24.20894991,
5199053405,-24.19184885,
5199653365,-24.18517247,
5200253325,-24.17235989,
5200853285,-24.16273965,
5201453245,-24.14066798,
5202053205,-24.13138423,
5202653165,-24.11602489,
5203253125,-24.11007431,
5203853085,-24.09275705,
5204453045,-24.07652903,
5205053005,-24.06761654,
5205652965,-24.04879349,
5206252925,-24.03562427,
5206852885,-24.0189162,
5207452845,-24.21972863,
5208052805,-23.98675547,
5208652765,-23.96653252,
5209252725,-23.9497813,
5209852685,-23.93693251,
5210452645,-23.91924681,
5211052605,-23.89616117,
5211652565,-23.88192017,
5212252525,-23.85948768,
5212852485,-23.83727849,
5213452445,-23.82447968,
5214052405,-23.80308338,
5214652365,-23.78096894,
5215252325,-23.76801425,
5215852285,-23.74815112,
5216452245,-23.72137331,
5217052205,-23.70471561,
5217652165,-23.6767059,
5218252125,-23.6604725,
5218852085,-23.64598417,
5219452045,-23.62036289,
5220052005,-23.60067235,
5220651965,-23.57082297,
5221251925,-23.54676826,
5221851885,-23.53085847,
5222451845,-23.49637968,
5223051805,-23.53665311,
5223651765,-23.45528715,
5224251725,-23.42768467,
5224851685,-23.40694861,
5225451645,-23.37825544,
5226051605,-23.35558289,
5226651565,-23.33078975,
5227251525,-23.30088538,
5227851485,-23.28405733,
5228451445,-23.25533265,
5229051405,-23.23041334,
5229651365,-23.20442497,
5230251325,-23.1728922,
5230851285,-23.14154177,
5231451244,-23.11769721,
5232051204,-23.09842285,
5232651164,-23.06254209,
5233251124,-23.0303294,
5233851084,-23.0069444,
5234451044,-22.97654928,
5235051004,-22.9557014,
5235650964,-22.92189156,
5236250924,-22.99659025,
5236850884,-22.85976616,
5237450844,-22.83491968,
5238050804,-22.80352074,
5238650764,-22.77151837,
5239250724,-22.74331382,
5239850684,-22.71435519,
5240450644,-22.68376245,
5241050604,-22.6529356,
5241650564,-22.62388753,
5242250524,-22.5892373,
5242850484,-22.55741383,
5243450444,-22.52674896,
5244050404,-22.49395047,
5244650364,-22.46366604,
5245250324,-22.43429567,
5245850284,-22.40128823,
5246450244,-22.37517076,
5247050204,-22.3386379,
5247650164,-22.30722541,
5248250124,-22.27035221,
5248850084,-22.23141395,
5249450044,-22.21207013,
5250050004,-22.17635322,
5250649964,-22.14655787,
5251249924,-22.11482741,
5251849884,-22.0826209,
5252449844,-22.04714172,
5253049804,-22.01279234,
5253649764,-21.98361881,
5254249724,-21.95213786,
5254849684,-21.91599673,
5255449644,-21.88525606,
5256049604,-21.85322045,
5256649564,-21.81999154,
5257249524,-21.78861732,
5257849484,-21.75437964,
5258449444,-21.72265639,
5259049404,-21.69235609,
5259649364,-21.6532531,
5260249324,-21.62464992,
5260849284,-21.59225505,
5261449244,-21.57659634,
5262049204,-21.53312848,
5262649164,-21.50062762,
5263249124,-21.46562759,
5263849084,-21.43228987,
5264449044,-21.40251916,
5265049004,-21.36898941,
5265648964,-21.34037351,
5266248924,-21.3116113,
5266848884,-21.27780807,
5267448844,-21.24783989,
5268048804,-21.21912155,
5268648764,-21.18755945,
5269248724,-21.15740975,
5269848684,-21.126108,
5270448644,-21.09551304,
5271048604,-21.06686979,
5271648564,-21.03659412,
5272248524,-21.00565377,
5272848484,-20.97915649,
5273448444,-20.95041646,
5274048404,-20.92290874,
5274648364,-20.89533292,
5275248324,-20.86675181,
5275848284,-20.82509697,
5276448244,-20.81467361,
5277048204,-20.78571704,
5277648164,-20.75907813,
5278248124,-20.73015722,
5278848084,-20.7030046,
5279448044,-20.68057382,
5280048004,-20.65234135,
5280647964,-20.63001083,
5281247924,-20.60821697,
5281847884,-20.58247421,
5282447844,-20.55978578,
5283047804,-20.53832992,
5283647764,-20.51524026,
5284247724,-20.49317486,
5284847684,-20.47469677,
5285447644,-20.45075026,
5286047604,-20.4321071,
5286647564,-20.4122841,
5287247524,-20.39506204,
5287847484,-20.37474512,
5288447444,-20.35992308,
5289047404,-20.33756167,
5289647364,-20.32281681,
5290247324,-20.30527631,
5290847284,-20.28949391,
5291447244,-20.27514646,
5292047204,-20.26047795,
5292647164,-20.24358287,
5293247124,-20.22734026,
5293847084,-20.21930855,
5294447044,-20.2030936,
5295047004,-20.18910694,
5295646964,-20.18217555,
5296246924,-20.16780237,
5296846884,-20.16525603,
5297446844,-20.14895933,
5298046804,-20.1359365,
5298646764,-20.13207058,
5299246724,-20.12254062,
5299846684,-20.11552641,
5300446644,-20.11295198,
5301046604,-20.09874481,
5301646564,-20.0965371,
5302246524,-20.10060872,
5302846484,-20.08898519,
5303446444,-20.08349705,
5304046404,-20.07814866,
5304646364,-20.08837484,
5305246324,-20.07134673,
5305846284,-20.22876098,
5306446244,-20.07196024,
5307046204,-20.07501644,
5307646164,-20.07405294,
5308246124,-20.07259255,
5308846084,-20.08509224,
5309446044,-20.07729754,
5310046004,-20.07999964,
5310645964,-20.08431202,
5311245924,-20.24341793,
5311845884,-20.09493778,
5312445844,-20.10082504,
5313045804,-20.10659852,
5313645764,-20.11125115,
5314245724,-20.11576358,
5314845684,-20.1265487,
5315445644,-20.13643173,
5316045604,-20.14563032,
5316645564,-20.15077833,
5317245524,-20.3346487,
5317845484,-20.19324684,
5318445444,-20.19097148,
5319045404,-20.19397586,
5319645364,-20.20237631,
5320245324,-20.2243567,
5320845284,-20.23833595,
5321445244,-20.25559379,
5322045204,-20.26802194,
5322645164,-20.28805495,
5323245124,-20.30020879,
5323845084,-20.31487796,
5324445044,-20.3653189,
5325045004,-20.34894246,
5325644964,-20.36602587,
5326244924,-20.39349056,
5326844884,-20.4152676,
5327444844,-20.4245206,
5328044804,-20.4393364,
5328644764,-20.46757983,
5329244724,-20.48933048,
5329844684,-20.51224299,
5330444644,-20.51466679,
5331044604,-20.54569414,
5331644564,-20.55802423,
5332244524,-20.57821075,
5332844484,-20.60833877,
5333444444,-20.63623442,
5334044404,-20.64763108,
5334644364,-20.69095028,
5335244324,-20.70564078,
5335844284,-20.73262331,
5336444244,-20.76142896,
5337044204,-20.78529079,
5337644164,-20.81274826,
5338244124,-20.84419156,
5338844084,-20.86917579,
5339444044,-20.89591847,
5340044004,-20.92395568,
5340643964,-20.95647689,
5341243924,-20.98583469,
5341843884,-21.01243328,
5342443844,-21.04282197,
5343043804,-21.07307731,
5343643764,-21.10610314,
5344243724,-21.13605136,
5344843684,-21.169251,
5345443644,-21.19743099,
5346043604,-21.1295609,
5346643564,-21.26089288,
5347243524,-21.29143033,
5347843484,-21.32390605,
5348443444,-21.35882046,
5349043404,-21.38966386,
5349643364,-21.42607404,
5350243324,-21.45416584,
5350843284,-21.48608838,
5351443244,-21.52114485,
5352043204,-21.55234612,
5352643164,-21.59081034,
5353243124,-21.62613551,
5353843084,-21.65834655,
5354443044,-21.69397949,
5355043004,-21.7293756,
5355642964,-21.76418611,
5356242924,-21.80036153,
5356842884,-21.83454541,
5357442844,-21.85128252,
5358042804,-21.90513407,
5358642764,-21.94067409,
5359242724,-21.97663185,
5359842684,-22.00973197,
5360442644,-22.04927604,
5361042604,-22.0838198,
5361642564,-22.11939535,
5362242524,-22.15857858,
5362842484,-22.19498208,
5363442444,-22.32418652,
5364042404,-22.26490105,
5364642364,-22.30106005,
5365242324,-22.33878902,
5365842284,-22.37481719,
5366442244,-22.41113361,
5367042204,-22.4435305,
5367642164,-22.4828274,
5368242124,-22.51927333,
5368842084,-22.5574596,
5369442044,-22.59399887,
5370042004,-22.63095771,
5370641964,-22.66619878,
5371241924,-22.70396036,
5371841884,-22.73955671,
5372441844,-22.77795916,
5373041804,-22.81300821,
5373641764,-22.85047204,
5374241724,-22.88678235,
5374841684,-22.92291392,
5375441644,-22.94408253,
5376041604,-22.99566845,
5376641564,-23.03285615,
5377241524,-23.06751445,
5377841484,-23.10252199,
5378441444,-23.14016816,
5379041404,-23.17624924,
5379641364,-23.21357802,
5380241324,-23.24987697,
5380841284,-23.28784333,
5381441244,-23.32332691,
5382041204,-23.35684714,
5382641164,-23.39177656,
5383241124,-23.43117226,
5383841084,-23.46480529,
5384441044,-23.49642416,
5385041004,-23.53456473,
5385640963,-23.57076743,
5386240923,-23.60708672,
5386840883,-23.63994975,
5387440843,-23.67647543,
5388040803,-23.71094606,
5388640763,-23.7422851,
5389240723,-23.7765169,
5389840683,-23.81375321,
5390440643,-23.98892775,
5391040603,-23.88010097,
5391640563,-23.91445378,
5392240523,-23.94890784,
5392840483,-23.97155538,
5393440443,-24.01447299,
5394040403,-24.04611138,
5394640363,-24.08235825,
5395240323,-24.11001849,
5395840283,-24.05243485,
5396440243,-24.17548571,
5397040203,-24.20903286,
5397640163,-24.23992422,
5398240123,-24.04179124,
5398840083,-24.30197146,
5399440043,-24.33321288,
5400040003,-24.35849131,
5400639963,-24.39563202,
5401239923,-24.42467673,
5401839883,-24.45754414,
5402439843,-24.64811064,
5403039803,-24.51328238,
5403639763,-24.54525801,
5404239723,-24.56935459,
5404839683,-24.60109416,
5405439643,-24.63101741,
5406039603,-24.65502395,
5406639563,-24.48098787,
5407239523,-24.71569219,
5407839483,-24.73909772,
5408439443,-24.77342637,
5409039403,-24.79632299,
5409639363,-24.82653168,
5410239323,-24.85319419,
5410839283,-24.87747047,
5411439243,-24.90638565,
5412039203,-24.92635981,
5412639163,-24.9520879,
5413239123,-24.98376436,
5413839083,-24.71621474,
5414439043,-25.03083334,
5415039003,-25.17962665,
5415638963,-25.08030423,
5416238923,-25.10947872,
5416838883,-25.13289795,
5417438843,-25.15207142,
5418038803,-25.17947151,
5418638763,-25.20229543,
5419238723,-25.22612936,
5419838683,-25.02078109,
5420438643,-25.26849389,
5421038603,-25.29412554,
5421638563,-25.3144977,
5422238523,-25.33587688,
5422838483,-25.3539069,
5423438443,-25.37820469,
5424038403,-25.39801559,
5424638363,-25.42104849,
5425238323,-25.43844419,
5425838283,-25.45870721,
5426438243,-25.47826057,
5427038203,-25.49713147,
5427638163,-25.22836833,
5428238123,-25.87666433,
5428838083,-25.55314074,
5429438043,-25.56422676,
5430038003,-25.58985958,
5430637963,-25.59525499,
5431237923,-25.61947005,
5431837883,-25.63398953,
5432437843,-25.64824555,
5433037803,-25.66694615,
5433637763,-25.67965834,
5434237723,-25.69306596,
5434837683,-25.7059307,
5435437643,-25.71608618,
5436037603,-25.73518369,
5436637563,-25.75019743,
5437237523,-25.76544995,
5437837483,-25.7708916,
5438437443,-25.77324944,
5439037403,-25.79925598,
5439637363,-25.82341389,
5440237323,-25.82065318,
5440837283,-25.83576287,
5441437243,-25.84716561,
5442037203,-25.85908513,
5442637163,-25.8707623,
5443237123,-25.87693222,
5443837083,-25.89066265,
5444437043,-25.89613911,
5445037003,-25.90360545,
5445636963,-25.91602192,
5446236923,-25.92239411,
5446836883,-25.93131909,
5447436843,-25.9416758,
5448036803,-25.9343976,
5448636763,-25.95952685,
5449236723,-25.96565808,
5449836683,-25.9701139,
5450436643,-25.9772165,
5451036603,-25.97797982,
5451636563,-25.98746162,
5452236523,-25.99046064,
5452836483,-25.99847726,
5453436443,-26.00052711,
5454036403,-26.00182559,
5454636363,-26.02733082,
5455236323,-26.01104648,
5455836283,-26.01692906,
5456436243,-26.02057998,
5457036203,-26.0194617,
5457636163,-26.01854914,
5458236123,-26.23527103,
5458836083,-26.02652714,
5459436043,-26.01182761,
5460036003,-26.02965663,
5460635963,-26.02958598,
5461235923,-26.02162664,
5461835883,-26.01238964,
5462435843,-26.01903046,
5463035803,-26.017814,
5463635763,-26.02431252,
5464235723,-26.01844145,
5464835683,-26.00938967,
5465435643,-25.67999717,
5466035603,-26.01094852,
5466635563,-26.00796528,
5467235523,-26.2015821,
5467835483,-25.99565093,
5468435443,-25.99283848,
5469035403,-25.9966213,
5469635363,-25.98858119,
5470235323,-26.24360723,
5470835283,-25.97399447,
5471435243,-25.96608928,
5472035203,-25.96151778,
5472635163,-25.95488408,
5473235123,-25.9523628,
5473835083,-25.94479359,
5474435043,-25.93143734,
5475035003,-25.92324138,
5475634963,-25.91830461,
5476234923,-25.90650653,
5476834883,-25.89928337,
5477434843,-25.89145499,
5478034803,-25.87670762,
5478634763,-25.87216352,
5479234723,-25.86083801,
5479834683,-25.84376909,
5480434643,-25.83683445,
5481034603,-25.83105763,
5481634563,-25.81009046,
5482234523,-25.80675475,
5482834483,-25.78891004,
5483434443,-25.78127727,
5484034403,-25.76791945,
5484634363,-25.75870893,
5485234323,-25.74169735,
5485834283,-25.7253528,
5486434243,-25.72227469,
5487034203,-25.69241139,
5487634163,-25.68302312,
5488234123,-25.66058138,
5488834083,-25.64629902,
5489434043,-25.62942202,
5490034003,-25.61978242,
5490633963,-25.59527804,
5491233923,-25.57712617,
5491833883,-25.55842278,
5492433843,-25.53898373,
5493033803,-25.52762194,
5493633763,-25.50929558,
5494233723,-25.48954435,
5494833683,-25.34249896,
5495433643,-25.45919341,
5496033603,-25.45300429,
5496633563,-25.41688227,
5497233523,-25.3937392,
5497833483,-25.08888343,
5498433443,-25.35074696,
5499033403,-25.32953817,
5499633363,-25.30869935,
5500233323,-25.28855008,
5500833283,-25.26080975,
5501433243,-25.23739382,
5502033203,-25.2169724,
5502633163,-25.19271189,
5503233123,-25.1700104,
5503833083,-25.32034025,
5504433043,-25.12430105,
5505033003,-24.79232491,
5505632963,-25.07544401,
5506232923,-25.04692204,
5506832883,-25.02445472,
5507432843,-24.9968832,
5508032803,-24.97157947,
5508632763,-24.94601541,
5509232723,-24.9202112,
5509832683,-24.89515906,
5510432643,-24.86676552,
5511032603,-24.83690998,
5511632563,-24.81368316,
5512232523,-24.78742331,
5512832483,-24.75556774,
5513432443,-24.73292157,
5514032403,-24.69688159,
5514632363,-24.67228462,
5515232323,-24.64936932,
5515832283,-24.614545,
5516432243,-24.58760102,
5517032203,-24.55389588,
5517632163,-24.52578991,
5518232123,-24.49499101,
5518832083,-24.46266416,
5519432043,-24.43701321,
5520032003,-24.40449623,
5520631963,-24.37504594,
5521231923,-24.33995129,
5521831883,-24.30513535,
5522431843,-24.27737959,
5523031803,-24.24571488,
5523631763,-24.2112227,
5524231723,-24.18215217,
5524831683,-24.14669039,
5525431643,-24.11747171,
5526031603,-24.08312564,
5526631563,-24.04703098,
5527231523,-24.34358937,
5527831483,-23.98399351,
5528431443,-23.9482779,
5529031403,-23.9167697,
5529631363,-23.88169511,
5530231323,-23.84872581,
5530831283,-23.81216261,
5531431243,-23.78099953,
5532031203,-23.74190202,
5532631163,-23.70895981,
5533231123,-23.67758651,
5533831083,-23.64000766,
5534431043,-23.60443469,
5535031003,-23.58751868,
5535630963,-23.53111062,
5536230923,-23.49952052,
5536830883,-23.46117585,
5537430843,-23.42481655,
5538030803,-23.39065132,
5538630763,-23.35492739,
5539230722,-23.32156923,
5539830682,-23.28189561,
5540430642,-23.24710982,
5541030602,-23.2123975,
5541630562,-23.17535546,
5542230522,-23.13853018,
5542830482,-23.10420721,
5543430442,-23.06632589,
5544030402,-23.03000768,
5544630362,-22.83716019,
5545230322,-22.95909043,
5545830282,-22.9212385,
5546430242,-23.02564864,
5547030202,-22.84872278,
5547630162,-22.81465953,
5548230122,-22.77821361,
5548830082,-22.72894314,
5549430042,-22.70422741,
5550030002,-22.66905175,
5550629962,-22.63084244,
5551229922,-22.59462326,
5551829882,-22.56013024,
5552429842,-22.52455634,
5553029802,-22.48943002,
5553629762,-22.44508846,
5554229722,-22.41635221,
5554829682,-22.38399582,
5555429642,-22.34522929,
5556029602,-22.43923683,
5556629562,-22.27506915,
5557229522,-22.23913355,
5557829482,-22.20321202,
5558429442,-22.1699629,
5559029402,-22.05455336,
5559629362,-22.10047292,
5560229322,-22.0662415,
5560829282,-22.03204855,
5561429242,-21.99634516,
5562029202,-21.96283481,
5562629162,-21.92871463,
5563229122,-21.89598056,
5563829082,-21.86096005,
5564429042,-21.82788672,
5565029002,-21.79523706,
5565628962,-21.76312916,
5566228922,-21.73173909,
5566828882,-21.69792553,
5567428842,-21.66540701,
5568028802,-21.50149269,
5568628762,-21.60533605,
5569228722,-21.57002001,
5569828682,-21.5413064,
5570428642,-21.51260455,
5571028602,-21.48004269,
5571628562,-21.44842018,
5572228522,-21.4243294,
5572828482,-21.39459176,
5573428442,-21.36665163,
5574028402,-21.33745906,
5574628362,-21.30996281,
5575228322,-21.27990956,
5575828282,-21.25326057,
5576428242,-21.32788174,
5577028202,-21.19864429,
5577628162,-21.17663832,
5578228122,-21.14904674,
5578828082,-21.12171816,
5579428042,-21.09999713,
5580028002,-21.07413304,
5580627962,-21.05124947,
5581227922,-21.03815073,
5581827882,-21.00864674,
5582427842,-20.98168277,
5583027802,-20.96445563,
5583627762,-20.9496212,
5584227722,-20.92117516,
5584827682,-20.90751154,
5585427642,-20.88444571,
5586027602,-20.86536996,
5586627562,-20.84636118,
5587227522,-20.82932492,
5587827482,-20.80760646,
5588427442,-20.79666439,
5589027402,-20.77678461,
5589627362,-20.76288909,
5590227322,-20.74598071,
5590827282,-20.72933344,
5591427242,-20.72940931,
5592027202,-20.70446483,
5592627162,-20.7059516,
5593227122,-20.68875222,
5593827082,-20.67430098,
5594427042,-20.64920047,
5595027002,-20.64115389,
5595626962,-20.63844863,
5596226922,-20.62831451,
5596826882,-20.61994996,
5597426842,-20.61716545,
5598026802,-20.60108969,
5598626762,-20.59335083,
5599226722,-20.5964609,
5599826682,-20.58176513,
5600426642,-20.58408489,
5601026602,-20.57766959,
5601626562,-20.57913911,
5602226522,-20.55153252,
5602826482,-20.56633123,
5603426442,-20.56277482,
5604026402,-20.56213548,
5604626362,-20.56421397,
5605226322,-20.56668536,
5605826282,-20.56331179,
5606426242,-20.56544104,
5607026202,-20.56970673,
5607626162,-20.56961875,
5608226122,-20.57699871,
5608826082,-20.57963325,
5609426042,-20.59250296,
5610026002,-20.5858956,
5610625962,-20.59442511,
5611225922,-20.61060465,
5611825882,-20.60754411,
5612425842,-20.61977072,
5613025802,-20.6227028,
5613625762,-20.63893055,
5614225722,-20.64996133,
5614825682,-20.74292024,
5615425642,-20.66921278,
5616025602,-20.68614787,
5616625562,-20.69353358,
5617225522,-20.70585319,
5617825482,-20.71966504,
5618425442,-20.72817673,
5619025402,-20.74515293,
5619625362,-20.76363667,
5620225322,-20.77714842,
5620825282,-20.79913836,
5621425242,-20.81112007,
5622025202,-20.82797017,
5622625162,-20.86099029,
5623225122,-20.86536757,
5623825082,-20.88612968,
5624425042,-20.96542029,
5625025002,-20.92164969,
5625624962,-20.94500022,
5626224922,-20.96322115,
5626824882,-20.98830074,
5627424842,-21.00799813,
5628024802,-21.02744509,
5628624762,-21.05331159,
5629224722,-21.07444016,
5629824682,-21.10098176,
5630424642,-21.12304588,
5631024602,-21.14385657,
5631624562,-21.17066948,
5632224522,-21.19747829,
5632824482,-21.2214556,
5633424442,-21.24780937,
5634024402,-21.2734289,
5634624362,-21.30309189,
5635224322,-21.32887416,
5635824282,-21.35758726,
5636424242,-21.38634824,
5637024202,-21.4183968,
5637624162,-21.44566063,
5638224122,-21.47073849,
5638824082,-21.50163521,
5639424042,-21.531261,
5640024002,-21.56150958,
5640623962,-21.59226095,
5641223922,-21.62517797,
5641823882,-21.65442976,
5642423842,-21.68771716,
5643023802,-21.71821764,
5643623762,-21.74608012,
5644223722,-21.78112831,
5644823682,-21.81499623,
5645423642,-21.84426769,
5646023602,-21.87623763,
5646623562,-21.91261148,
5647223522,-21.93919193,
5647823482,-21.97407367,
5648423442,-22.01011693,
5649023402,-22.04257022,
5649623362,-22.07971975,
5650223322,-22.11454236,
5650823282,-22.14710276,
5651423242,-22.18200773,
5652023202,-22.21481585,
5652623162,-22.24809676,
5653223122,-22.28588555,
5653823082,-22.32197856,
5654423042,-22.35821843,
5655023002,-22.21353006,
5655622962,-22.42682335,
5656222922,-22.46115578,
5656822882,-22.49712341,
5657422842,-22.53302156,
5658022802,-22.57054486,
5658622762,-22.60908634,
5659222722,-22.64468937,
5659822682,-22.67892831,
5660422642,-22.71697405,
5661022602,-22.51005857,
5661622562,-22.78829975,
5662222522,-22.82430619,
5662822482,-22.86284635,
5663422442,-22.89812614,
5664022402,-22.93641386,
5664622362,-22.97288007,
5665222322,-23.01250244,
5665822282,-23.04690749,
5666422242,-23.08594194,
5667022202,-23.12392084,
5667622162,-23.15941919,
5668222122,-23.19419954,
5668822082,-23.23215811,
5669422042,-23.27106875,
5670022002,-23.30728734,
5670621962,-23.34484102,
5671221922,-23.38035356,
5671821882,-23.41736101,
5672421842,-23.45650217,
5673021802,-23.68029812,
5673621762,-23.53119488,
5674221722,-23.56589756,
5674821682,-23.60616034,
5675421642,-23.64154907,
5676021602,-23.67893576,
5676621562,-23.70795208,
5677221522,-23.75239362,
5677821482,-23.78964246,
5678421442,-23.82840714,
5679021402,-23.86362611,
5679621362,-23.90484536,
5680221322,-23.93972708,
5680821282,-23.97735144,
5681421242,-24.01209586,
5682021202,-24.05096975,
5682621162,-24.08477801,
5683221122,-24.12289584,
5683821082,-24.16056661,
5684421042,-24.19191575,
5685021002,-24.22512345,
5685620962,-24.26599292,
5686220922,-24.29826637,
5686820882,-24.33248563,
5687420842,-24.3703321,
5688020802,-24.41073695,
5688620762,-24.43522823,
5689220722,-24.47400105,
5689820682,-24.50951579,
5690420642,-24.54343634,
5691020602,-24.57687668,
5691620562,-24.2840502,
5692220522,-24.64344698,
5692820481,-24.66530625,
5693420441,-24.71137529,
5694020401,-24.74514263,
5694620361,-24.77704555,
5695220321,-24.82324836,
5695820281,-24.83773902,
5696420241,-24.87039991,
5697020201,-25.05952589,
5697620161,-24.9361922,
5698220121,-25.22579743,
5698820081,-24.99816481,
5699420041,-25.02650728,
5700020001,-25.05933636,
5700619961,-25.08732267,
5701219921,-24.77455204,
5701819881,-25.15351067,
5702419841,-25.17735153,
5703019801,-25.20936811,
5703619761,-25.23959898,
5704219721,-25.26186365,
5704819681,-25.29404319,
5705419641,-25.31543561,
5706019601,-25.34452997,
5706619561,-25.37515059,
5707219521,-25.40422224,
5707819481,-25.43341682,
5708419441,-25.45904783,
5709019401,-25.48182975,
5709619361,-25.43491998,
5710219321,-25.53105376,
5710819281,-25.55765862,
5711419241,-25.56484233,
5712019201,-25.60849784,
5712619161,-25.62740453,
5713219121,-25.66281645,
5713819081,-25.6875052,
5714419041,-25.70884841,
5715019001,-25.73782097,
5715618961,-25.74688848,
5716218921,-25.40078976,
5716818881,-25.80484006,
5717418841,-25.81582986,
5718018801,-25.83309753,
5718618761,-25.52116818,
5719218721,-25.88515183,
5719818681,-25.9104187,
5720418641,-25.92449525,
5721018601,-25.94705853,
5721618561,-25.97836469,
5722218521,-25.98626047,
5722818481,-26.01483934,
5723418441,-26.02296914,
5724018401,-26.04854911,
5724618361,-26.07628255,
5725218321,-26.09209091,
5725818281,-26.09922251,
5726418241,-26.12970035,
5727018201,-26.14153839,
5727618161,-26.16069955,
5728218121,-26.55019921,
5728818081,-26.19467217,
5729418041,-26.21349437,
5730018001,-26.22662848,
5730617961,-26.27633483,
5731217921,-26.26092355,
5731817881,-26.27941241,
5732417841,-26.29061997,
5733017801,-26.30790902,
5733617761,-26.32493075,
5734217721,-26.54904067,
5734817681,-26.34469132,
5735417641,-26.35824324,
5736017601,-26.38084651,
5736617561,-26.38750116,
5737217521,-26.3988852,
5737817481,-26.41091551,
5738417441,-26.41844576,
5739017401,-26.44077592,
5739617361,-26.44802706,
5740217321,-26.44940998,
5740817281,-26.46997421,
5741417241,-26.47368884,
5742017201,-26.88667616,
5742617161,-26.48968365,
5743217121,-26.50796144,
5743817081,-26.11269287,
5744417041,-26.52527037,
5745017001,-26.52946817,
5745616961,-26.54571007,
5746216921,-26.54273253,
5746816881,-26.55876426,
5747416841,-26.56350793,
5748016801,-26.56263025,
5748616761,-26.57732333,
5749216721,-26.57510476,
5749816681,-26.59439814,
5750416641,-26.590481,
5751016601,-26.59437942,
5751616561,-26.59799141,
5752216521,-26.60408057,
5752816481,-26.60923311,
5753416441,-26.60582688,
5754016401,-26.6122005,
5754616361,-26.97976652,
5755216321,-26.60997927,
5755816281,-26.6137105,
5756416241,-26.61842124,
5757016201,-26.61853003,
5757616161,-26.6171598,
5758216121,-26.61349456,
5758816081,-26.61755415,
5759416041,-26.62666544,
5760016001,-26.61601301,
5760615961,-26.61444729,
5761215921,-26.60704758,
5761815881,-26.60958082,
5762415841,-26.60685115,
5763015801,-26.60261766,
5763615761,-26.60411031,
5764215721,-26.59510658,
5764815681,-27.01522086,
5765415641,-26.58971543,
5766015601,-26.95375052,
5766615561,-26.57878702,
5767215521,-26.57100281,
5767815481,-26.56743022,
5768415441,-26.56460728,
5769015401,-26.55473288,
5769615361,-26.55208876,
5770215321,-26.54051966,
5770815281,-26.13902052,
5771415241,-26.52671187,
5772015201,-26.51666188,
5772615161,-26.5051254,
5773215121,-26.74094132,
5773815081,-26.48975192,
5774415041,-26.48112143,
5775015001,-26.46950058,
5775614961,-26.460643,
5776214921,-26.44912578,
5776814881,-26.43186733,
5777414841,-26.42661927,
5778014801,-26.01941816,
5778614761,-26.39868229,
5779214721,-26.38477261,
5779814681,-26.37388122,
5780414641,-26.36182383,
5781014601,-26.34619726,
5781614561,-26.33475118,
5782214521,-26.30492299,
5782814481,-26.30127985,
5783414441,-26.28268757,
5784014401,-26.26775403,
5784614361,-26.25312538,
5785214321,-26.22440104,
5785814281,-26.2130341,
5786414241,-26.20257064,
5787014201,-26.17672792,
5787614161,-26.15511517,
5788214121,-26.14034724,
5788814081,-26.12427731,
5789414041,-26.10589348,
5790014001,-26.08063047,
5790613961,-26.06513625,
5791213921,-26.04400831,
5791813881,-26.0260834,
5792413841,-25.99934843,
5793013801,-25.98384014,
5793613761,-25.96258278,
5794213721,-25.94253218,
5794813681,-25.91594569,
5795413641,-25.8975336,
5796013601,-25.81565305,
5796613561,-25.85268705,
5797213521,-25.8281496,
5797813481,-25.8015441,
5798413441,-25.78020061,
5799013401,-26.09383121,
5799613361,-25.73140563,
5800213321,-25.70596876,
5800813281,-25.313389,
5801413241,-25.65884459,
5802013201,-25.63057766,
5802613161,-25.60531309,
5803213121,-25.57690273,
5803813081,-25.55219282,
5804413041,-25.52562235,
5805013001,-25.49796165,
5805612961,-25.46828785,
5806212921,-25.44376682,
5806812881,-25.41381599,
5807412841,-25.37135885,
5808012801,-25.35750932,
5808612761,-25.32974578,
5809212721,-25.30159106,
5809812681,-25.27416486,
5810412641,-25.24240413,
5811012601,-25.21535803,
5811612561,-25.18377847,
5812212521,-25.35877729,
5812812481,-25.12390436,
5813412441,-25.08228505,
5814012401,-25.0637281,
5814612361,-25.03281912,
5815212321,-24.99994705,
5815812281,-24.96906768,
5816412241,-24.93641592,
5817012201,-24.90502651,
5817612161,-24.8730673,
5818212121,-24.84003583,
5818812081,-24.80833724,
5819412041,-24.77586162,
5820012001,-24.7447404,
5820611961,-24.71111242,
5821211921,-24.9215222,
5821811881,-24.89741479,
5822411841,-24.60682474,
5823011801,-24.57589534,
5823611761,-24.54274529,
5824211721,-24.50864767,
5824811681,-24.47287563,
5825411641,-24.44009561,
5826011601,-24.10320536,
5826611561,-24.37355125,
5827211521,-24.33367596,
5827811481,-24.29968525,
5828411441,-24.26487865,
5829011401,-24.22758214,
5829611361,-24.19420728,
5830211321,-24.15832742,
5830811281,-24.12200934,
5831411241,-24.08478401,
5832011201,-24.04881816,
5832611161,-24.01446207,
5833211121,-23.97493108,
5833811081,-23.93851652,
5834411041,-23.90246434,
5835011001,-23.865698,
5835610961,-23.82904876,
5836210921,-23.79107978,
5836810881,-23.46011209,
5837410841,-23.71835105,
5838010801,-23.68303506,
5838610761,-23.64507744,
5839210721,-23.75812072,
5839810681,-23.56846357,
5840410641,-23.53239323,
5841010601,-23.37516098,
5841610561,-23.24243483,
5842210521,-23.41992432,
5842810481,-23.10892277,
5843410441,-23.34625968,
5844010401,-23.30799349,
5844610361,-23.27137818,
5845210321,-23.23190032,
5845810281,-23.1990338,
5846410240,-23.1632315,
5847010200,-23.11992819,
5847610160,-23.08195277,
5848210120,-23.04471495,
5848810080,-23.00649597,
5849410040,-22.97470195,
5850010000,-22.93533265,
5850609960,-22.8963002,
5851209920,-22.86054695,
5851809880,-22.82463362,
5852409840,-22.79236855,
5853009800,-22.53592295,
5853609760,-22.71507047,
5854209720,-22.67924788,
5854809680,-22.64594206,
5855409640,-22.76219146,
5856009600,-22.57033652,
5856609560,-22.52773282,
5857209520,-22.48938452,
5857809480,-22.46422535,
5858409440,-22.42555505,
5859009400,-22.38800925,
5859609360,-22.35369882,
5860209320,-22.32205406,
5860809280,-22.27980778,
5861409240,-22.2527752,
5862009200,-22.21308049,
5862609160,-22.18292231,
5863209120,-22.14363569,
5863809080,-22.13687151,
5864409040,-22.08314659,
5865009000,-22.03380327,
5865608960,-22.01430406,
5866208920,-21.97945368,
5866808880,-21.77125449,
5867408840,-21.92538145,
5868008800,-21.8916859,
5868608760,-21.86139259,
5869208720,-21.63253165,
5869808680,-21.81636922,
5870408640,-21.77215118,
5871008600,-21.74585999,
5871608560,-21.71696517,
5872208520,-21.52116193,
5872808480,-21.65790546,
5873408440,-21.63278878,
5874008400,-21.59968554,
5874608360,-21.5775426,
5875208320,-21.55108672,
5875808280,-21.5218851,
5876408240,-21.49800288,
5877008200,-21.47765096,
5877608160,-21.45067567,
5878208120,-21.42004327,
5878808080,-21.40135044,
5879408040,-21.37776994,
5880008000,-21.35726007,
5880607960,-21.33272321,
5881207920,-21.30485904,
5881807880,-21.39965075,
5882407840,-21.27259892,
5883007800,-21.2502994,
5883607760,-21.22458887,
5884207720,-21.21109648,
5884807680,-21.19301008,
5885407640,-21.18413222,
5886007600,-21.15561453,
5886607560,-21.14646345,
5887207520,-21.12104193,
5887807480,-21.10650316,
5888407440,-21.09334993,
5889007400,-21.08380302,
5889607360,-21.0625124,
5890207320,-21.05646913,
5890807280,-21.04052084,
5891407240,-21.02646545,
5892007200,-21.01839465,
5892607160,-21.00378237,
5893207120,-20.98455186,
5893807080,-20.97849949,
5894407040,-20.97874796,
5895007000,-20.85175692,
5895606960,-20.96304345,
5896206920,-20.95361496,
5896806880,-20.95023482,
5897406840,-20.94623205,
5898006800,-20.93378769,
5898606760,-20.9358266,
5899206720,-20.92563056,
5899806680,-20.92058231,
5900406640,-20.92287897,
5901006600,-20.92095358,
5901606560,-20.92054697,
5902206520,-20.92013201,
5902806480,-20.91755355,
5903406440,-20.91727315,
5904006400,-20.91583052,
5904606360,-20.92131606,
5905206320,-20.92225589,
5905806280,-20.9267488,
5906406240,-20.92508955,
5907006200,-20.92901311,
5907606160,-20.94126233,
5908206120,-20.94403274,
5908806080,-20.82903455,
5909406040,-20.95626163,
5910006000,-21.04220712,
5910605960,-20.97347187,
5911205920,-20.97863045,
5911805880,-20.99585472,
5912405840,-21.00710158,
5913005800,-21.01584842,
5913605760,-21.02215005,
5914205720,-21.03758346,
5914805680,-21.05011231,
5915405640,-21.06126956,
5916005600,-21.07323281,
5916605560,-21.08934763,
5917205520,-21.10777935,
5917805480,-21.12375792,
5918405440,-21.13589189,
5919005400,-21.1494572,
5919605360,-21.17250477,
5920205320,-21.18956248,
5920805280,-21.20792547,
5921405240,-21.24304139,
5922005200,-21.24765957,
5922605160,-21.26513872,
5923205120,-21.09511907,
5923805080,-21.30938936,
5924405040,-21.32839804,
5925005000,-21.35151007,
5925604960,-21.37877816,
5926204920,-21.39968186,
5926804880,-21.52364253,
5927404840,-21.44556091,
5928004800,-21.47651645,
5928604760,-21.50291051,
5929204720,-21.58690714,
5929804680,-21.5485058,
5930404640,-21.58034083,
5931004600,-21.60529341,
5931604560,-21.63474946,
5932204520,-21.66125216,
5932804480,-21.69137607,
5933404440,-21.72121664,
5934004400,-21.74975308,
5934604360,-21.77913051,
5935204320,-21.80856092,
5935804280,-21.83830947,
5936404240,-21.70552735,
5937004200,-21.90219619,
5937604160,-21.93495476,
5938204120,-21.96397366,
5938804080,-21.9982636,
5939404040,-22.02935957,
5940004000,-22.06045439,
5940603960,-22.0972425,
5941203920,-22.12719707,
5941803880,-22.16302765,
5942403840,-22.19746149,
5943003800,-22.23150879,
5943603760,-22.26668899,
5944203720,-22.30182126,
5944803680,-22.34049305,
5945403640,-22.37295087,
5946003600,-22.408515,
5946603560,-22.4454751,
5947203520,-22.55800433,
5947803480,-22.51919715,
5948403440,-22.55335615,
5949003400,-22.59135036,
5949603360,-22.64640041,
5950203320,-22.66532989,
5950803280,-22.70373678,
5951403240,-22.74223877,
5952003200,-22.78211985,
5952603160,-22.81888696,
5953203120,-22.43179389,
5953803080,-22.89712258,
5954403040,-22.93485098,
5955003000,-22.57185883,
5955602960,-23.01664587,
5956202920,-23.05366383,
5956802880,-23.093139,
5957402840,-23.13229231,
5958002800,-23.17182645,
5958602760,-23.01646193,
5959202720,-23.25752156,
5959802680,-23.29335693,
5960402640,-23.03981809,
5961002600,-23.38432445,
5961602560,-23.41560688,
5962202520,-23.58252342,
5962802480,-23.49486303,
5963402440,-23.23984308,
5964002400,-23.57612697,
5964602360,-23.61881481,
5965202320,-23.65458711,
5965802280,-23.69628814,
5966402240,-23.73428346,
5967002200,-23.78065292,
5967602160,-23.82221306,
5968202120,-23.86024224,
5968802080,-23.90408603,
5969402040,-23.93612337,
5970002000,-23.97746218,
5970601960,-24.02118503,
5971201920,-24.05805915,
5971801880,-23.8561766,
5972401840,-24.14488248,
5973001800,-24.18745496,
5973601760,-24.22069147,
5974201720,-24.282895,
5974801680,-24.29582191,
5975401640,-24.33898152,
5976001600,-24.3770291,
5976601560,-24.4124198,
5977201520,-24.4551466,
5977801480,-24.49508251,
5978401440,-24.53544171,
5979001400,-24.57280195,
5979601360,-24.61622955,
5980201320,-24.64015625,
5980801280,-24.95268452,
5981401240,-24.73556821,
5982001200,-24.76644316,
5982601160,-24.46376895,
5983201120,-24.70627155,
5983801080,-24.8893221,
5984401040,-24.90916547,
5985001000,-24.94984741,
5985600960,-24.99044299,
5986200920,-25.02639222,
5986800880,-25.08545767,
5987400840,-25.10912962,
5988000800,-25.1328251,
5988600760,-25.17612115,
5989200720,-25.20689526,
5989800680,-25.24517868,
5990400640,-25.30230272,
5991000600,-25.32079426,
5991600560,-25.35220856,
5992200520,-25.39064974,
5992800480,-25.42055781,
5993400440,-25.45224326,
5994000400,-25.4875175,
5994600360,-25.15181926,
5995200320,-25.54837894,
5995800280,-25.59458544,
5996400240,-25.64563077,
5997000200,-25.6527609,
5997600160,-25.68365162,
5998200120,-25.71925487,
5998800080,-25.74847187,
5999400040,-25.77429809,
6000000000,-25.8146039,
