Frequency,S12_Magnitude,
1000000,-3.506466331,
1599959,-3.291402239,
2199919,-3.114432184,
2799879,-2.998825275,
3399839,-3.003946165,
3999799,-2.928681146,
4599759,-2.966110507,
5199719,-2.983722792,
5799679,-2.98699406,
6399639,-3.084815924,
6999599,-3.211709236,
7599559,-3.385853349,
8199519,-3.485980266,
8799479,-3.559981009,
9399439,-3.760094583,
9999399,-3.867282657,
10599359,-4.023778447,
11199319,-4.20888454,
11799279,-4.362242287,
12399239,-4.599105654,
12999199,-4.667725335,
13599159,-4.964412808,
14199119,-5.071152504,
14799079,-5.262057098,
15399039,-5.538445778,
15998999,-5.661830292,
16598959,-5.821752969,
17198919,-6.029077288,
17798879,-6.369243706,
18398839,-6.57735081,
18998799,-6.67759979,
19598759,-6.934870936,
20198719,-7.089653238,
20798679,-7.396291508,
21398639,-7.607683796,
21998599,-7.838498589,
22598559,-8.096393751,
23198519,-8.324582787,
23798479,-8.600736758,
24398439,-8.789207659,
24998399,-9.0961074,
25598359,-9.288604687,
26198319,-9.575570735,
26798279,-9.981841712,
27398239,-10.11614009,
27998199,-10.41948565,
28598159,-10.80470156,
29198119,-11.02510628,
29798079,-11.48206778,
30398039,-11.70370541,
30997999,-12.03314666,
31597959,-12.30800516,
32197919,-12.74828486,
32797879,-13.02246831,
33397839,-13.44373772,
33997799,-14.08277595,
34597759,-14.48942737,
35197719,-14.48576199,
35797679,-15.0598004,
36397639,-15.51425999,
36997599,-15.80138037,
37597559,-16.53553549,
38197519,-17.31768199,
38797479,-17.64212142,
39397439,-18.18598303,
39997399,-18.91076517,
40597359,-19.66684596,
41197319,-20.25172324,
41797279,-21.86498272,
42397239,-22.68121098,
42997199,-23.46804202,
43597159,-24.70686816,
44197119,-25.11696216,
44797079,-26.89715528,
45397039,-29.191501,
45996999,-35.6651672,
46596959,-36.54158139,
47196919,-43.76072619,
47796879,-45.0138783,
48396839,-37.15241148,
48996799,-35.46931226,
49596759,-29.46601059,
50196719,-27.40370003,
50796679,-25.96052056,
51396639,-24.47692099,
51996599,-23.31925148,
52596559,-22.64678943,
53196519,-21.7879512,
53796479,-20.40900561,
54396439,-19.33037811,
54996399,-19.02959648,
55596359,-18.28128772,
56196319,-17.66906522,
56796279,-17.24416897,
57396239,-16.26362838,
57996199,-16.00171348,
58596159,-15.38339242,
59196119,-15.16305988,
59796079,-14.63491004,
60396039,-14.27152621,
60995999,-14.00609396,
61595959,-13.52636807,
62195919,-13.37106142,
62795879,-12.87590861,
63395839,-12.44993125,
63995799,-12.16967485,
64595759,-11.91004637,
65195719,-11.61590931,
65795679,-11.37629963,
66395639,-11.06782601,
66995599,-10.84027316,
67595559,-10.57446646,
68195519,-10.32725945,
68795479,-10.1056159,
69395439,-9.921835869,
69995399,-9.713491976,
70595359,-9.527668677,
71195319,-9.144713644,
71795279,-9.106325095,
72395239,-8.893785626,
72995199,-8.743043002,
73595159,-8.544459035,
74195119,-8.418637565,
74795079,-8.258692887,
75395039,-8.021622792,
75994999,-7.967138515,
76594959,-7.722435581,
77194919,-7.582611238,
77794879,-7.5070996,
78394839,-7.351552858,
78994799,-7.246804702,
79594759,-7.077605692,
80194719,-6.964457886,
80794679,-6.925111629,
81394639,-6.712089427,
81994599,-6.653216072,
82594559,-6.581421198,
83194519,-6.475574124,
83794479,-6.386265808,
84394439,-6.35936466,
84994399,-6.147751249,
85594359,-6.095010736,
86194319,-6.078324374,
86794279,-5.91021118,
87394239,-5.911419157,
87994199,-5.807513974,
88594159,-5.679580368,
89194119,-5.675853726,
89794079,-5.532998438,
90394039,-5.533084316,
90993999,-5.468690458,
91593959,-5.457903029,
92193919,-5.39060613,
92793879,-5.298613242,
93393839,-5.266255131,
93993799,-5.164435716,
94593759,-5.186794661,
95193719,-5.074503535,
95793679,-5.056222027,
96393639,-5.047734951,
96993599,-4.959326839,
97593559,-4.976452944,
98193519,-4.907994353,
98793479,-4.868069516,
99393439,-4.761926432,
99993399,-4.694409193,
100593359,-4.754389878,
101193319,-4.674768796,
101793279,-4.659851232,
102393239,-4.661825019,
102993199,-4.655700216,
103593159,-4.584816737,
104193119,-4.568699931,
104793079,-4.521015881,
105393039,-4.547811537,
105992999,-4.512993576,
106592959,-4.469709454,
107192919,-4.431640115,
107792879,-4.432808954,
108392839,-4.396676044,
108992799,-4.425535564,
109592759,-4.360359206,
110192719,-4.355432532,
110792679,-4.339681975,
111392639,-4.287777516,
111992599,-4.275484184,
112592559,-4.257214243,
113192519,-4.301032608,
113792479,-4.245560005,
114392439,-4.268186296,
114992399,-4.232151952,
115592359,-4.241651142,
116192319,-4.248325431,
116792279,-4.193480786,
117392239,-4.224670218,
117992199,-4.226713122,
118592159,-4.139984579,
119192119,-4.131300973,
119792079,-4.185832405,
120392039,-4.117450873,
120991999,-4.164607626,
121591959,-4.12199432,
122191919,-4.114219751,
122791879,-4.170427399,
123391839,-4.193205984,
123991799,-4.106266547,
124591759,-4.085923001,
125191719,-4.07547648,
125791679,-4.077597757,
126391639,-4.094071495,
126991599,-4.116408473,
127591559,-4.100602332,
128191519,-4.032106022,
128791479,-4.129768495,
129391439,-4.105391091,
129991399,-4.096766666,
130591359,-4.103857435,
131191319,-4.082362763,
131791279,-4.117142132,
132391239,-4.093421693,
132991199,-4.082974244,
133591159,-4.095295089,
134191119,-4.06374474,
134791079,-4.050803307,
135391039,-4.089861894,
135990999,-4.112970596,
136590959,-4.046891207,
137190919,-4.092680011,
137790879,-4.063079977,
138390839,-4.043956556,
138990799,-4.0500774,
139590759,-4.06468902,
140190719,-4.117392111,
140790679,-4.069624526,
141390639,-4.069387713,
141990599,-4.078840198,
142590559,-4.043024739,
143190519,-4.120001165,
143790479,-4.12441093,
144390438,-4.102721117,
144990398,-4.132012098,
145590358,-4.097810568,
146190318,-4.050589355,
146790278,-4.067635464,
147390238,-4.034166299,
147990198,-4.076515961,
148590158,-4.033376489,
149190118,-4.0811081,
149790078,-4.017421103,
150390038,-4.088367603,
150989998,-4.021097508,
151589958,-4.097850343,
152189918,-4.057984852,
152789878,-4.065394165,
153389838,-4.037010736,
153989798,-4.071709341,
154589758,-4.0611458,
155189718,-4.048844599,
155789678,-4.097350119,
156389638,-4.006241169,
156989598,-4.025238437,
157589558,-4.070213431,
158189518,-4.041682333,
158789478,-4.05332251,
159389438,-4.022427927,
159989398,-4.048479717,
160589358,-4.04610804,
161189318,-3.968098649,
161789278,-4.05600974,
162389238,-4.070901229,
162989198,-4.057213046,
163589158,-3.977929936,
164189118,-4.027333762,
164789078,-4.026793554,
165389038,-4.02698497,
165988998,-3.99548647,
166588958,-4.094468894,
167188918,-4.057688896,
167788878,-4.126130758,
168388838,-4.053616379,
168988798,-4.069777854,
169588758,-4.05968037,
170188718,-4.005603132,
170788678,-4.075793489,
171388638,-4.021528689,
171988598,-4.07090146,
172588558,-4.031673821,
173188518,-4.028807935,
173788478,-3.982621925,
174388438,-4.040599247,
174988398,-4.033655599,
175588358,-4.044901289,
176188318,-3.995950475,
176788278,-4.019790455,
177388238,-3.999128351,
177988198,-4.005916439,
178588158,-4.00948408,
179188118,-4.035003681,
179788078,-4.033502263,
180388038,-4.062295734,
180987998,-3.970864254,
181587958,-4.004221925,
182187918,-4.033761405,
182787878,-4.052326073,
183387838,-4.019678474,
183987798,-3.951485263,
184587758,-3.986551353,
185187718,-3.956274775,
185787678,-3.943626796,
186387638,-3.973233843,
186987598,-3.982856879,
187587558,-3.951215885,
188187518,-3.977557386,
188787478,-3.886728412,
189387438,-3.930896403,
189987398,-3.924303426,
190587358,-3.943000277,
191187318,-3.864276006,
191787278,-3.86238091,
192387238,-3.880771069,
192987198,-3.798923617,
193587158,-3.893014932,
194187118,-3.826121325,
194787078,-3.859755302,
195387038,-3.871902503,
195986998,-3.856501301,
196586958,-3.828783158,
197186918,-3.874339349,
197786878,-3.831378913,
198386838,-3.835399579,
198986798,-3.830293717,
199586758,-3.80806915,
200186718,-3.81485201,
200786678,-3.779205698,
201386638,-3.772410833,
201986598,-3.780063069,
202586558,-3.760882739,
203186518,-3.797896506,
203786478,-3.749009541,
204386438,-3.747162214,
204986398,-3.769778166,
205586358,-3.813159306,
206186318,-3.849579113,
206786278,-3.752199792,
207386238,-3.742277763,
207986198,-3.728470249,
208586158,-3.747552607,
209186118,-3.75902309,
209786078,-3.733054002,
210386038,-3.670110702,
210985998,-3.683027881,
211585958,-3.673833229,
212185918,-3.675053858,
212785878,-3.706811804,
213385838,-3.683849125,
213985798,-3.682718652,
214585758,-3.673625374,
215185718,-3.622336423,
215785678,-3.639906135,
216385638,-3.682732164,
216985598,-3.758561045,
217585558,-3.678220959,
218185518,-3.721081401,
218785478,-3.651955232,
219385438,-3.681798955,
219985398,-3.67629562,
220585358,-3.692556962,
221185318,-3.616412419,
221785278,-3.658408853,
222385238,-3.591983743,
222985198,-3.584042301,
223585158,-3.583521893,
224185118,-3.578324834,
224785078,-3.544420498,
225385038,-3.494405689,
225984998,-3.525134846,
226584958,-3.481740944,
227184918,-3.54523034,
227784878,-3.452279186,
228384838,-3.412302799,
228984798,-3.547918964,
229584758,-3.42254347,
230184718,-3.423392508,
230784678,-3.41472981,
231384638,-3.455110866,
231984598,-3.443792858,
232584558,-3.32133921,
233184518,-3.420620344,
233784478,-3.319893129,
234384438,-3.299551606,
234984398,-3.329956455,
235584358,-3.371566512,
236184318,-3.299731977,
236784278,-3.342059216,
237384238,-3.352021946,
237984198,-3.237762051,
238584158,-3.300921688,
239184118,-3.292759484,
239784078,-3.315242715,
240384038,-3.293214466,
240983998,-3.305913495,
241583958,-3.271987986,
242183918,-3.227114842,
242783878,-3.296275848,
243383838,-3.275631622,
243983798,-3.307751242,
244583758,-3.30132934,
245183718,-3.267134329,
245783678,-3.250299144,
246383638,-3.244454042,
246983598,-3.258267149,
247583558,-3.221526229,
248183518,-3.185801013,
248783478,-3.163912431,
249383438,-3.237191665,
249983398,-3.156791677,
250583358,-3.233106713,
251183318,-3.230132105,
251783278,-3.253820431,
252383238,-3.238192328,
252983198,-3.206251601,
253583158,-3.218418784,
254183118,-3.27337017,
254783078,-3.147047318,
255383038,-3.212139069,
255982998,-3.219736403,
256582958,-3.228880949,
257182918,-3.150456307,
257782878,-3.187280939,
258382838,-3.190593409,
258982798,-3.244533797,
259582758,-3.218960611,
260182718,-3.227428774,
260782678,-3.269449169,
261382638,-3.309572536,
261982598,-3.283139905,
262582558,-3.189623707,
263182518,-3.229081346,
263782478,-3.235478321,
264382438,-3.263190288,
264982398,-3.240110535,
265582358,-3.261067224,
266182318,-3.217221266,
266782278,-3.236816503,
267382238,-3.290952113,
267982198,-3.266731503,
268582158,-3.26558024,
269182118,-3.284431869,
269782078,-3.281715634,
270382038,-3.266154387,
270981998,-3.311589888,
271581958,-3.298982861,
272181918,-3.252695188,
272781878,-3.270142617,
273381838,-3.296843652,
273981798,-3.331682743,
274581758,-3.31190004,
275181718,-3.31061621,
275781678,-3.308747512,
276381638,-3.254175014,
276981598,-3.317996362,
277581558,-3.290399074,
278181518,-3.302620469,
278781478,-3.344396046,
279381438,-3.262030135,
279981398,-3.316253273,
280581358,-3.329135377,
281181318,-3.277456002,
281781278,-3.375130796,
282381238,-3.362500657,
282981198,-3.327680561,
283581158,-3.343751284,
284181118,-3.329984316,
284781078,-3.422692013,
285381038,-3.331724639,
285980998,-3.394303397,
286580958,-3.406407956,
287180917,-3.382831667,
287780877,-3.379418539,
288380837,-3.45371307,
288980797,-3.374887912,
289580757,-3.450062657,
290180717,-3.382815147,
290780677,-3.405672533,
291380637,-3.44098192,
291980597,-3.408177799,
292580557,-3.436348573,
293180517,-3.491317023,
293780477,-3.407105346,
294380437,-3.450937615,
294980397,-3.404810847,
295580357,-3.480235489,
296180317,-3.452341984,
296780277,-3.494440343,
297380237,-3.545626509,
297980197,-3.446029438,
298580157,-3.505661298,
299180117,-3.550590688,
299780077,-3.535628933,
300380037,-3.521709631,
300979997,-3.514421661,
301579957,-3.544683925,
302179917,-3.528689428,
302779877,-3.550530549,
303379837,-3.552849914,
303979797,-3.588671518,
304579757,-3.608222867,
305179717,-3.637992381,
305779677,-3.592119204,
306379637,-3.609908478,
306979597,-3.645065283,
307579557,-3.628755758,
308179517,-3.596907744,
308779477,-3.597110864,
309379437,-3.640212692,
309979397,-3.571414149,
310579357,-3.638490727,
311179317,-3.680420579,
311779277,-3.697996314,
312379237,-3.644798133,
312979197,-3.638035041,
313579157,-3.63566904,
314179117,-3.682238498,
314779077,-3.658032013,
315379037,-3.671896939,
315978997,-3.727933245,
316578957,-3.697228813,
317178917,-3.712257242,
317778877,-3.70824508,
318378837,-3.665651228,
318978797,-3.709516735,
319578757,-3.67882235,
320178717,-3.685886776,
320778677,-3.750570804,
321378637,-3.727560216,
321978597,-3.662598862,
322578557,-3.765255539,
323178517,-3.784678182,
323778477,-3.757619306,
324378437,-3.790800323,
324978397,-3.793968651,
325578357,-3.749290811,
326178317,-3.730632323,
326778277,-3.754942415,
327378237,-3.759767982,
327978197,-3.734785671,
328578157,-3.722318318,
329178117,-3.732741497,
329778077,-3.743357205,
330378037,-3.746862858,
330977997,-3.766743457,
331577957,-3.780819674,
332177917,-3.776891919,
332777877,-3.770676878,
333377837,-3.756993909,
333977797,-3.775299044,
334577757,-3.815741903,
335177717,-3.780756091,
335777677,-3.798005686,
336377637,-3.754741621,
336977597,-3.752955731,
337577557,-3.820490057,
338177517,-3.721077526,
338777477,-3.749261435,
339377437,-3.825866181,
339977397,-3.823125951,
340577357,-3.794598135,
341177317,-3.765188603,
341777277,-3.760145145,
342377237,-3.758978628,
342977197,-3.804268998,
343577157,-3.75677045,
344177117,-3.771343011,
344777077,-3.70443064,
345377037,-3.757792362,
345976997,-3.728434864,
346576957,-3.768721324,
347176917,-3.786066961,
347776877,-3.810328726,
348376837,-3.726987012,
348976797,-3.702206579,
349576757,-3.785005372,
350176717,-3.738837931,
350776677,-3.713551818,
351376637,-3.779130429,
351976597,-3.676875366,
352576557,-3.667995493,
353176517,-3.741986298,
353776477,-3.726469017,
354376437,-3.683120866,
354976397,-3.685869128,
355576357,-3.712334306,
356176317,-3.806963614,
356776277,-3.702090784,
357376237,-3.614583576,
357976197,-3.709912186,
358576157,-3.643021462,
359176117,-3.725114253,
359776077,-3.674124728,
360376037,-3.671028996,
360975997,-3.624863503,
361575957,-3.63299011,
362175917,-3.674677294,
362775877,-3.617960517,
363375837,-3.642700982,
363975797,-3.618085666,
364575757,-3.615017071,
365175717,-3.62353224,
365775677,-3.596424905,
366375637,-3.624821457,
366975597,-3.585422261,
367575557,-3.610548434,
368175517,-3.656879379,
368775477,-3.603409061,
369375437,-3.588530319,
369975397,-3.646785931,
370575357,-3.649642368,
371175317,-3.624867203,
371775277,-3.598807868,
372375237,-3.525765292,
372975197,-3.559039772,
373575157,-3.53599406,
374175117,-3.54030249,
374775077,-3.582963484,
375375037,-3.51312763,
375974997,-3.551379857,
376574957,-3.511361826,
377174917,-3.521978314,
377774877,-3.516978819,
378374837,-3.464343316,
378974797,-3.527284456,
379574757,-3.444826765,
380174717,-3.5212191,
380774677,-3.545431064,
381374637,-3.50171164,
381974597,-3.51511273,
382574557,-3.493566122,
383174517,-3.473412084,
383774477,-3.535624223,
384374437,-3.41752634,
384974397,-3.570305067,
385574357,-3.45811562,
386174317,-3.506093274,
386774277,-3.501736122,
387374237,-3.433055096,
387974197,-3.422317554,
388574157,-3.445046159,
389174117,-3.412914067,
389774077,-3.462102566,
390374037,-3.385929968,
390973997,-3.396174565,
391573957,-3.38785366,
392173917,-3.50176726,
392773877,-3.400342271,
393373837,-3.409043081,
393973797,-3.412194064,
394573757,-3.397004368,
395173717,-3.389659204,
395773677,-3.332084419,
396373637,-3.351535849,
396973597,-3.368004769,
397573557,-3.344781725,
398173517,-3.360136015,
398773477,-3.368592207,
399373437,-3.345638568,
399973397,-3.340015992,
400573357,-3.292237905,
401173317,-3.332365043,
401773277,-3.277913287,
402373237,-3.319127975,
402973197,-3.310715044,
403573157,-3.291298289,
404173117,-3.241271842,
404773077,-3.286053025,
405373037,-3.267141894,
405972997,-3.30459093,
406572957,-3.31454142,
407172917,-3.259236853,
407772877,-3.230632382,
408372837,-3.251907728,
408972797,-3.208915444,
409572757,-3.241935422,
410172717,-3.214985506,
410772677,-3.188000002,
411372637,-3.198696269,
411972597,-3.23331792,
412572557,-3.199055782,
413172517,-3.176709542,
413772477,-3.200768143,
414372437,-3.232002658,
414972397,-3.227490571,
415572357,-3.153818781,
416172317,-3.198798043,
416772277,-3.181784896,
417372237,-3.216172747,
417972197,-3.272304254,
418572157,-3.177257959,
419172117,-3.182862534,
419772077,-3.228197983,
420372037,-3.235178539,
420971997,-3.149255373,
421571957,-3.157531364,
422171917,-3.214498946,
422771877,-3.193151775,
423371837,-3.155880248,
423971797,-3.170244145,
424571757,-3.234142868,
425171717,-3.194962635,
425771677,-3.151174818,
426371637,-3.194095363,
426971597,-3.096303323,
427571557,-3.221806387,
428171517,-3.123326916,
428771477,-3.185576476,
429371437,-3.195707571,
429971396,-3.164116691,
430571356,-3.172117208,
431171316,-3.127526987,
431771276,-3.182804672,
432371236,-3.14130786,
432971196,-3.146759636,
433571156,-3.179436523,
434171116,-3.118365349,
434771076,-3.202614311,
435371036,-3.176227448,
435970996,-3.149008558,
436570956,-3.220070285,
437170916,-3.135645068,
437770876,-3.112872551,
438370836,-3.159474186,
438970796,-3.115022226,
439570756,-3.161881193,
440170716,-3.096773079,
440770676,-3.140180505,
441370636,-3.114049116,
441970596,-3.159445265,
442570556,-3.172117432,
443170516,-3.152299952,
443770476,-3.180181097,
444370436,-3.172451057,
444970396,-3.172727004,
445570356,-3.154655516,
446170316,-3.170116402,
446770276,-3.149211557,
447370236,-3.212355348,
447970196,-3.104032614,
448570156,-3.164888375,
449170116,-3.138436985,
449770076,-3.13671518,
450370036,-3.094884896,
450969996,-3.145209518,
451569956,-3.20059725,
452169916,-3.132374306,
452769876,-3.184526824,
453369836,-3.150769669,
453969796,-3.160915508,
454569756,-3.104010503,
455169716,-3.226840874,
455769676,-3.143576805,
456369636,-3.182974445,
456969596,-3.183944408,
457569556,-3.152257364,
458169516,-3.192649796,
458769476,-3.131169285,
459369436,-3.150709962,
459969396,-3.208127465,
460569356,-3.216279606,
461169316,-3.160456649,
461769276,-3.168262745,
462369236,-3.193949809,
462969196,-3.185761452,
463569156,-3.164367194,
464169116,-3.239431991,
464769076,-3.237720048,
465369036,-3.203944306,
465968996,-3.244223237,
466568956,-3.20833807,
467168916,-3.158292597,
467768876,-3.196850842,
468368836,-3.2304046,
468968796,-3.243900029,
469568756,-3.199414886,
470168716,-3.190318813,
470768676,-3.228671266,
471368636,-3.247542016,
471968596,-3.193174286,
472568556,-3.240214728,
473168516,-3.223066485,
473768476,-3.257272668,
474368436,-3.246130735,
474968396,-3.296952158,
475568356,-3.199549008,
476168316,-3.230775169,
476768276,-3.240802509,
477368236,-3.220392263,
477968196,-3.287719335,
478568156,-3.296104347,
479168116,-3.290284664,
479768076,-3.281619056,
480368036,-3.140928706,
480967996,-3.235748506,
481567956,-3.237929534,
482167916,-3.313419792,
482767876,-3.331107888,
483367836,-3.310860254,
483967796,-3.303007392,
484567756,-3.218113717,
485167716,-3.252978429,
485767676,-3.278431919,
486367636,-3.293792086,
486967596,-3.324228215,
487567556,-3.290210935,
488167516,-3.340528242,
488767476,-3.369725591,
489367436,-3.300094594,
489967396,-3.354706165,
490567356,-3.371684121,
491167316,-3.339484477,
491767276,-3.335853404,
492367236,-3.382124316,
492967196,-3.37651453,
493567156,-3.340048019,
494167116,-3.399839394,
494767076,-3.405937864,
495367036,-3.427022702,
495966996,-3.384103161,
496566956,-3.408882273,
497166916,-3.483664478,
497766876,-3.446176137,
498366836,-3.401561758,
498966796,-3.479918954,
499566756,-3.478558866,
500166716,-3.427050416,
500766676,-3.517753894,
501366636,-3.493895923,
501966596,-3.450636904,
502566556,-3.544057166,
503166516,-3.494386292,
503766476,-3.49091201,
504366436,-3.474463821,
504966396,-3.457842078,
505566356,-3.512562461,
506166316,-3.566985935,
506766276,-3.547360179,
507366236,-3.555623134,
507966196,-3.485878666,
508566156,-3.534872955,
509166116,-3.536101992,
509766076,-3.556604748,
510366036,-3.539077599,
510965996,-3.548985021,
511565956,-3.569781613,
512165916,-3.601142944,
512765876,-3.611500717,
513365836,-3.617589162,
513965796,-3.644281962,
514565756,-3.616139814,
515165716,-3.636803008,
515765676,-3.683267878,
516365636,-3.637987173,
516965596,-3.612694449,
517565556,-3.629574743,
518165516,-3.72714595,
518765476,-3.64022176,
519365436,-3.691355593,
519965396,-3.680541396,
520565356,-3.734157727,
521165316,-3.660979785,
521765276,-3.775469183,
522365236,-3.730440302,
522965196,-3.706662965,
523565156,-3.78319873,
524165116,-3.732352227,
524765076,-3.708421828,
525365036,-3.780371603,
525964996,-3.802004433,
526564956,-3.848581758,
527164916,-3.75008326,
527764876,-3.762211648,
528364836,-3.827910421,
528964796,-3.814750535,
529564756,-3.792463321,
530164716,-3.829141046,
530764676,-3.838540199,
531364636,-3.834316082,
531964596,-3.834041808,
532564556,-3.858799727,
533164516,-3.939155835,
533764476,-3.932799967,
534364436,-3.979966705,
534964396,-3.877570735,
535564356,-3.915826203,
536164316,-3.964139635,
536764276,-3.931973635,
537364236,-3.957679131,
537964196,-3.920320638,
538564156,-3.98630276,
539164116,-4.033843948,
539764076,-3.975134782,
540364036,-3.994293928,
540963996,-4.04131113,
541563956,-4.046694862,
542163916,-4.077951662,
542763876,-4.098310064,
543363836,-4.086072887,
543963796,-4.057235192,
544563756,-4.173098163,
545163716,-4.05706315,
545763676,-4.088549663,
546363636,-4.140431511,
546963596,-4.096928465,
547563556,-4.190123206,
548163516,-4.170888307,
548763476,-4.151370804,
549363436,-4.155678837,
549963396,-4.185530871,
550563356,-4.217825912,
551163316,-4.194703565,
551763276,-4.232034797,
552363236,-4.199523811,
552963196,-4.262935279,
553563156,-4.23180553,
554163116,-4.251357784,
554763076,-4.284498931,
555363036,-4.23983897,
555962996,-4.322863566,
556562956,-4.279287909,
557162916,-4.293891156,
557762876,-4.233447437,
558362836,-4.336811231,
558962796,-4.285979905,
559562756,-4.273557552,
560162716,-4.341583971,
560762676,-4.308113017,
561362636,-4.324753937,
561962596,-4.382516688,
562562556,-4.330504811,
563162516,-4.364823485,
563762476,-4.34201661,
564362436,-4.333006263,
564962396,-4.323539933,
565562356,-4.348375291,
566162316,-4.435098346,
566762276,-4.387904573,
567362236,-4.403866922,
567962196,-4.436231178,
568562156,-4.36896746,
569162116,-4.410329055,
569762076,-4.388722704,
570362036,-4.485328368,
570961996,-4.453581593,
571561956,-4.396462134,
572161916,-4.49198071,
572761875,-4.438600425,
573361835,-4.434636787,
573961795,-4.479151435,
574561755,-4.448468607,
575161715,-4.499590529,
575761675,-4.45861348,
576361635,-4.509076108,
576961595,-4.439057511,
577561555,-4.439362736,
578161515,-4.410390972,
578761475,-4.473952706,
579361435,-4.488709427,
579961395,-4.481475875,
580561355,-4.495505318,
581161315,-4.495157639,
581761275,-4.530500188,
582361235,-4.478361411,
582961195,-4.464924995,
583561155,-4.536915493,
584161115,-4.521144987,
584761075,-4.536164699,
585361035,-4.554039258,
585960995,-4.577338988,
586560955,-4.462811126,
587160915,-4.540738158,
587760875,-4.481422429,
588360835,-4.534238255,
588960795,-4.56041612,
589560755,-4.506694856,
590160715,-4.517330298,
590760675,-4.518484781,
591360635,-4.546083234,
591960595,-4.610155757,
592560555,-4.574830667,
593160515,-4.564680358,
593760475,-4.563507946,
594360435,-4.632220305,
594960395,-4.643852059,
595560355,-4.468185001,
596160315,-4.566491062,
596760275,-4.527861661,
597360235,-4.622844531,
597960195,-4.508523561,
598560155,-4.5926418,
599160115,-4.57036835,
599760075,-4.605996422,
600360035,-4.570160277,
600959995,-4.600790512,
601559955,-4.612915881,
602159915,-4.618946283,
602759875,-4.597181991,
603359835,-4.586883224,
603959795,-4.564397484,
604559755,-4.622578772,
605159715,-4.530859505,
605759675,-4.573660542,
606359635,-4.612191798,
606959595,-4.572248742,
607559555,-4.554110318,
608159515,-4.580786055,
608759475,-4.584784017,
609359435,-4.599357292,
609959395,-4.532865815,
610559355,-4.5101841,
611159315,-4.520949122,
611759275,-4.554960572,
612359235,-4.513345585,
612959195,-4.608659678,
613559155,-4.538365542,
614159115,-4.573622834,
614759075,-4.591959219,
615359035,-4.46731462,
615958995,-4.52572113,
616558955,-4.520767077,
617158915,-4.506794428,
617758875,-4.512285604,
618358835,-4.488936187,
618958795,-4.57675048,
619558755,-4.537924322,
620158715,-4.529889046,
620758675,-4.498873951,
621358635,-4.533586754,
621958595,-4.509791272,
622558555,-4.543556351,
623158515,-4.427933483,
623758475,-4.510795779,
624358435,-4.474014165,
624958395,-4.499713839,
625558355,-4.462865044,
626158315,-4.516230055,
626758275,-4.421018874,
627358235,-4.485336613,
627958195,-4.446326832,
628558155,-4.451032531,
629158115,-4.386757725,
629758075,-4.468543195,
630358035,-4.444019664,
630957995,-4.469512467,
631557955,-4.452211928,
632157915,-4.428710748,
632757875,-4.466611783,
633357835,-4.473261576,
633957795,-4.417178732,
634557755,-4.397050566,
635157715,-4.365711631,
635757675,-4.370392677,
636357635,-4.36018755,
636957595,-4.394772805,
637557555,-4.39059357,
638157515,-4.387407333,
638757475,-4.313063293,
639357435,-4.362819813,
639957395,-4.376431413,
640557355,-4.37345469,
641157315,-4.378972315,
641757275,-4.221967397,
642357235,-4.366284479,
642957195,-4.323838504,
643557155,-4.335277637,
644157115,-4.338239605,
644757075,-4.278893357,
645357035,-4.214121918,
645956995,-4.260003584,
646556955,-4.235000156,
647156915,-4.299114003,
647756875,-4.227132263,
648356835,-4.350701802,
648956795,-4.241272047,
649556755,-4.193580692,
650156715,-4.236315473,
650756675,-4.202408629,
651356635,-4.257321515,
651956595,-4.193968631,
652556555,-4.228374987,
653156515,-4.196815823,
653756475,-4.220416885,
654356435,-4.13495876,
654956395,-4.13678451,
655556355,-4.186923038,
656156315,-4.171823336,
656756275,-4.170741991,
657356235,-4.144922309,
657956195,-4.166830158,
658556155,-4.112172708,
659156115,-4.114183196,
659756075,-4.043564598,
660356035,-4.076238379,
660955995,-4.104006975,
661555955,-4.047290478,
662155915,-4.095622867,
662755875,-4.107411207,
663355835,-4.045135625,
663955795,-4.081989475,
664555755,-4.093929346,
665155715,-4.096055986,
665755675,-4.039580866,
666355635,-4.029208026,
666955595,-4.038700821,
667555555,-3.936157098,
668155515,-3.983128112,
668755475,-3.963482057,
669355435,-3.945364284,
669955395,-3.946533821,
670555355,-3.949727876,
671155315,-3.993043068,
671755275,-3.937351259,
672355235,-3.928666756,
672955195,-3.882379438,
673555155,-3.895021378,
674155115,-3.959258458,
674755075,-3.849189587,
675355035,-3.837661852,
675954995,-3.875570555,
676554955,-3.90334477,
677154915,-3.865892873,
677754875,-3.859306326,
678354835,-3.824583462,
678954795,-3.753931752,
679554755,-3.839919644,
680154715,-3.827513801,
680754675,-3.758495566,
681354635,-3.705520021,
681954595,-3.802279566,
682554555,-3.760365142,
683154515,-3.795307224,
683754475,-3.758831124,
684354435,-3.698507587,
684954395,-3.781888077,
685554355,-3.721380089,
686154315,-3.757045635,
686754275,-3.678391694,
687354235,-3.684640629,
687954195,-3.727523531,
688554155,-3.643265311,
689154115,-3.674131319,
689754075,-3.698175989,
690354035,-3.708525151,
690953995,-3.646445211,
691553955,-3.664143688,
692153915,-3.62120413,
692753875,-3.665897738,
693353835,-3.660108747,
693953795,-3.640919501,
694553755,-3.605639769,
695153715,-3.589012914,
695753675,-3.631148468,
696353635,-3.62941454,
696953595,-3.622102112,
697553555,-3.58280418,
698153515,-3.580062001,
698753475,-3.627884771,
699353435,-3.581606957,
699953395,-3.592790189,
700553355,-3.552473999,
701153315,-3.541840835,
701753275,-3.579509015,
702353235,-3.55399764,
702953195,-3.605054743,
703553155,-3.540672622,
704153115,-3.525197428,
704753075,-3.545615931,
705353035,-3.551722371,
705952995,-3.54582023,
706552955,-3.481315179,
707152915,-3.511662603,
707752875,-3.442365793,
708352835,-3.47754171,
708952795,-3.424124562,
709552755,-3.519702199,
710152715,-3.485250104,
710752675,-3.471475355,
711352635,-3.515091161,
711952595,-3.459302734,
712552555,-3.472730435,
713152515,-3.450054268,
713752475,-3.501768112,
714352435,-3.437889198,
714952395,-3.411194066,
715552354,-3.439250437,
716152314,-3.439038579,
716752274,-3.442774213,
717352234,-3.438016556,
717952194,-3.446343452,
718552154,-3.442399815,
719152114,-3.440777372,
719752074,-3.421389953,
720352034,-3.409368177,
720951994,-3.451102743,
721551954,-3.323733226,
722151914,-3.389425029,
722751874,-3.393764671,
723351834,-3.401969539,
723951794,-3.371666062,
724551754,-3.378434033,
725151714,-3.406455433,
725751674,-3.37426721,
726351634,-3.378150683,
726951594,-3.315667379,
727551554,-3.386786878,
728151514,-3.35137437,
728751474,-3.400024078,
729351434,-3.347818514,
729951394,-3.371027053,
730551354,-3.374738325,
731151314,-3.393805654,
731751274,-3.344061827,
732351234,-3.338103763,
732951194,-3.376170807,
733551154,-3.309075195,
734151114,-3.344512105,
734751074,-3.326341808,
735351034,-3.331106455,
735950994,-3.341969843,
736550954,-3.379839084,
737150914,-3.357188917,
737750874,-3.363479979,
738350834,-3.343873508,
738950794,-3.354015182,
739550754,-3.313722239,
740150714,-3.317237566,
740750674,-3.339377374,
741350634,-3.320008516,
741950594,-3.339116328,
742550554,-3.337605764,
743150514,-3.32682051,
743750474,-3.366895201,
744350434,-3.346006088,
744950394,-3.30393958,
745550354,-3.339494567,
746150314,-3.371557519,
746750274,-3.31746742,
747350234,-3.333510944,
747950194,-3.321073483,
748550154,-3.30952101,
749150114,-3.373177452,
749750074,-3.365248696,
750350034,-3.314523614,
750949994,-3.391922738,
751549954,-3.344686447,
752149914,-3.367788875,
752749874,-3.383164782,
753349834,-3.427669128,
753949794,-3.345279173,
754549754,-3.340653608,
755149714,-3.379158287,
755749674,-3.328329228,
756349634,-3.384469078,
756949594,-3.310416702,
757549554,-3.407195574,
758149514,-3.411276512,
758749474,-3.354788131,
759349434,-3.339485894,
759949394,-3.278864492,
760549354,-3.396351373,
761149314,-3.368882996,
761749274,-3.34892195,
762349234,-3.372864964,
762949194,-3.414067513,
763549154,-3.364737728,
764149114,-3.386623459,
764749074,-3.347671069,
765349034,-3.441730775,
765948994,-3.398801156,
766548954,-3.41962555,
767148914,-3.324186241,
767748874,-3.426944599,
768348834,-3.415309249,
768948794,-3.437355035,
769548754,-3.425278372,
770148714,-3.456418285,
770748674,-3.460827869,
771348634,-3.402884216,
771948594,-3.424118397,
772548554,-3.45510123,
773148514,-3.417877353,
773748474,-3.475676834,
774348434,-3.512178284,
774948394,-3.38665548,
775548354,-3.460861014,
776148314,-3.549235151,
776748274,-3.522466364,
777348234,-3.554454306,
777948194,-3.535794214,
778548154,-3.514030051,
779148114,-3.498198529,
779748074,-3.533748173,
780348034,-3.637075549,
780947994,-3.56195631,
781547954,-3.57262331,
782147914,-3.58475302,
782747874,-3.614898638,
783347834,-3.651668991,
783947794,-3.623814883,
784547754,-3.704669589,
785147714,-3.640656341,
785747674,-3.708437319,
786347634,-3.663400885,
786947594,-3.699754513,
787547554,-3.745115574,
788147514,-3.690265615,
788747474,-3.680482058,
789347434,-3.709102831,
789947394,-3.721243521,
790547354,-3.746060823,
791147314,-3.694473426,
791747274,-3.716505621,
792347234,-3.730440867,
792947194,-3.768009075,
793547154,-3.72427896,
794147114,-3.773566956,
794747074,-3.750962619,
795347034,-3.75571352,
795946994,-3.825837133,
796546954,-3.759457001,
797146914,-3.822212244,
797746874,-3.870647566,
798346834,-3.839014438,
798946794,-3.875531393,
799546754,-3.848698699,
800146714,-3.893075375,
800746674,-3.870174603,
801346634,-3.830126745,
801946594,-3.905791297,
802546554,-3.925793033,
803146514,-3.905864803,
803746474,-3.88467759,
804346434,-3.91460165,
804946394,-3.991181192,
805546354,-3.963297101,
806146314,-3.979762722,
806746274,-3.921756067,
807346234,-3.933634843,
807946194,-4.017288374,
808546154,-4.030205779,
809146114,-3.978625,
809746074,-4.033198656,
810346034,-4.005199838,
810945994,-4.018111201,
811545954,-4.041191177,
812145914,-4.112163876,
812745874,-4.068558279,
813345834,-4.02722752,
813945794,-4.078662986,
814545754,-4.123442681,
815145714,-3.987673671,
815745674,-4.074773667,
816345634,-4.156124434,
816945594,-4.179150229,
817545554,-4.07739568,
818145514,-4.233024222,
818745474,-4.114774001,
819345434,-4.280195004,
819945394,-4.239719855,
820545354,-4.202628606,
821145314,-4.210302378,
821745274,-4.271581387,
822345234,-4.20649997,
822945194,-4.260669577,
823545154,-4.260091643,
824145114,-4.295893206,
824745074,-4.272290091,
825345034,-4.29714327,
825944994,-4.398715537,
826544954,-4.38592432,
827144914,-4.358468996,
827744874,-4.408875819,
828344834,-4.371180966,
828944794,-4.346707713,
829544754,-4.513192354,
830144714,-4.468720901,
830744674,-4.406878528,
831344634,-4.483716646,
831944594,-4.461397724,
832544554,-4.430392446,
833144514,-4.430675497,
833744474,-4.397595376,
834344434,-4.51226122,
834944394,-4.444660628,
835544354,-4.49975346,
836144314,-4.518584376,
836744274,-4.496152517,
837344234,-4.573342734,
837944194,-4.593341475,
838544154,-4.487660702,
839144114,-4.542132294,
839744074,-4.545207786,
840344034,-4.605390618,
840943994,-4.557184066,
841543954,-4.575086503,
842143914,-4.632398098,
842743874,-4.615085558,
843343834,-4.65537263,
843943794,-4.631012111,
844543754,-4.620059636,
845143714,-4.626379166,
845743674,-4.6727265,
846343634,-4.650459232,
846943594,-4.656992408,
847543554,-4.631720007,
848143514,-4.70360853,
848743474,-4.770833952,
849343434,-4.724845627,
849943394,-4.638700739,
850543354,-4.766371425,
851143314,-4.683205261,
851743274,-4.705849173,
852343234,-4.737346382,
852943194,-4.733403502,
853543154,-4.798998545,
854143114,-4.808964252,
854743074,-4.813353056,
855343034,-4.794280018,
855942994,-4.759580265,
856542954,-4.866659037,
857142914,-4.809087718,
857742874,-4.828924269,
858342833,-4.811523243,
858942793,-4.828162077,
859542753,-4.820287972,
860142713,-4.868932101,
860742673,-4.79421359,
861342633,-4.826262971,
861942593,-4.773343633,
862542553,-4.786404033,
863142513,-4.775578557,
863742473,-4.826654674,
864342433,-4.852729578,
864942393,-4.881223354,
865542353,-4.914875405,
866142313,-4.920837339,
866742273,-4.851675855,
867342233,-4.90750507,
867942193,-4.875689041,
868542153,-4.870119834,
869142113,-4.84322931,
869742073,-4.849794987,
870342033,-4.84422284,
870941993,-4.877627156,
871541953,-4.887900787,
872141913,-4.847241309,
872741873,-4.819660557,
873341833,-4.912718279,
873941793,-4.872426744,
874541753,-4.923137781,
875141713,-4.948193056,
875741673,-4.935081827,
876341633,-4.898639702,
876941593,-4.891464843,
877541553,-4.909519273,
878141513,-4.934147068,
878741473,-4.92821554,
879341433,-4.930214134,
879941393,-4.856735619,
880541353,-4.878853765,
881141313,-4.913954317,
881741273,-4.911078395,
882341233,-4.904487757,
882941193,-4.907920054,
883541153,-4.95392446,
884141113,-4.894209801,
884741073,-4.841096483,
885341033,-4.963638669,
885940993,-4.877805569,
886540953,-4.869791699,
887140913,-4.971010043,
887740873,-4.896050343,
888340833,-4.897305185,
888940793,-4.830419168,
889540753,-4.89749659,
890140713,-4.862602362,
890740673,-4.871642294,
891340633,-4.859527472,
891940593,-4.854825579,
892540553,-4.82477692,
893140513,-4.837033477,
893740473,-4.875631044,
894340433,-4.824514556,
894940393,-4.796605402,
895540353,-4.849554329,
896140313,-4.915416416,
896740273,-4.753019531,
897340233,-4.891805714,
897940193,-4.813541034,
898540153,-4.853139291,
899140113,-4.781675434,
899740073,-4.750966595,
900340033,-4.842687103,
900939993,-4.801957233,
901539953,-4.811634429,
902139913,-4.788171967,
902739873,-4.831159816,
903339833,-4.769463822,
903939793,-4.756159281,
904539753,-4.7430902,
905139713,-4.755573225,
905739673,-4.774372173,
906339633,-4.76900538,
906939593,-4.741352078,
907539553,-4.757053268,
908139513,-4.72255381,
908739473,-4.764645962,
909339433,-4.716936387,
909939393,-4.687671571,
910539353,-4.710971477,
911139313,-4.718320873,
911739273,-4.667151624,
912339233,-4.597843581,
912939193,-4.604853579,
913539153,-4.595312356,
914139113,-4.679956948,
914739073,-4.65677967,
915339033,-4.598645129,
915938993,-4.63281224,
916538953,-4.638336394,
917138913,-4.512616308,
917738873,-4.506272833,
918338833,-4.48669045,
918938793,-4.476032929,
919538753,-4.546215705,
920138713,-4.452207086,
920738673,-4.486269148,
921338633,-4.439341579,
921938593,-4.427182596,
922538553,-4.451447707,
923138513,-4.464348731,
923738473,-4.401611069,
924338433,-4.423498234,
924938393,-4.367567295,
925538353,-4.382112019,
926138313,-4.345251882,
926738273,-4.378361912,
927338233,-4.345054531,
927938193,-4.286820552,
928538153,-4.30188318,
929138113,-4.365912286,
929738073,-4.249256968,
930338033,-4.323251934,
930937993,-4.323959307,
931537953,-4.280813315,
932137913,-4.302490662,
932737873,-4.176322332,
933337833,-4.264457743,
933937793,-4.230521942,
934537753,-4.247478592,
935137713,-4.269452568,
935737673,-4.219515604,
936337633,-4.197924027,
936937593,-4.204765306,
937537553,-4.14085738,
938137513,-4.131192869,
938737473,-4.135495732,
939337433,-4.105677957,
939937393,-4.057398508,
940537353,-4.063160582,
941137313,-4.097800739,
941737273,-4.039071133,
942337233,-4.109172023,
942937193,-4.131230181,
943537153,-4.031135262,
944137113,-4.011620316,
944737073,-3.966055707,
945337033,-4.029849786,
945936993,-4.0006078,
946536953,-3.976506255,
947136913,-3.988534644,
947736873,-3.918605637,
948336833,-3.896813479,
948936793,-3.931945366,
949536753,-3.968314351,
950136713,-3.955975543,
950736673,-3.875082115,
951336633,-3.844051046,
951936593,-3.788179694,
952536553,-3.886188914,
953136513,-3.796702764,
953736473,-3.797383561,
954336433,-3.830625971,
954936393,-3.804741562,
955536353,-3.784042926,
956136313,-3.735614383,
956736273,-3.831991632,
957336233,-3.76941489,
957936193,-3.767886508,
958536153,-3.706628412,
959136113,-3.651598286,
959736073,-3.776661529,
960336033,-3.674080443,
960935993,-3.70755153,
961535953,-3.690860473,
962135913,-3.720416272,
962735873,-3.60837481,
963335833,-3.749093764,
963935793,-3.675274709,
964535753,-3.677698271,
965135713,-3.571097462,
965735673,-3.621493352,
966335633,-3.656607858,
966935593,-3.619566186,
967535553,-3.651190354,
968135513,-3.634114943,
968735473,-3.531863097,
969335433,-3.546158458,
969935393,-3.560226595,
970535353,-3.500187363,
971135313,-3.628440603,
971735273,-3.57291517,
972335233,-3.600650007,
972935193,-3.529110641,
973535153,-3.564476748,
974135113,-3.518380201,
974735073,-3.446682263,
975335033,-3.581491637,
975934993,-3.488792549,
976534953,-3.504764808,
977134913,-3.484559273,
977734873,-3.429985218,
978334833,-3.398401682,
978934793,-3.497395471,
979534753,-3.474475744,
980134713,-3.429724557,
980734673,-3.376764053,
981334633,-3.383891665,
981934593,-3.422374153,
982534553,-3.454082511,
983134513,-3.381258497,
983734473,-3.387042343,
984334433,-3.338577541,
984934393,-3.347516087,
985534353,-3.394998467,
986134313,-3.417432522,
986734273,-3.375656673,
987334233,-3.394862466,
987934193,-3.283244069,
988534153,-3.368197769,
989134113,-3.359897048,
989734073,-3.334719011,
990334033,-3.366075131,
990933993,-3.31833535,
991533953,-3.32997738,
992133913,-3.336244462,
992733873,-3.328714785,
993333833,-3.26280523,
993933793,-3.310007974,
994533753,-3.290967608,
995133713,-3.359533441,
995733673,-3.280815016,
996333633,-3.310409573,
996933593,-3.222458431,
997533553,-3.259981692,
998133513,-3.27622662,
998733473,-3.272503307,
999333433,-3.213439089,
999933393,-3.276604782,
1000533353,-3.224036118,
1001133312,-3.269448717,
1001733272,-3.342800448,
1002333232,-3.284260059,
1002933192,-3.222810068,
1003533152,-3.282706746,
1004133112,-3.245410221,
1004733072,-3.258174293,
1005333032,-3.226338748,
1005932992,-3.268940672,
1006532952,-3.227440752,
1007132912,-3.19804062,
1007732872,-3.289602128,
1008332832,-3.297459741,
1008932792,-3.181268953,
1009532752,-3.178195047,
1010132712,-3.156226596,
1010732672,-3.233492155,
1011332632,-3.22046127,
1011932592,-3.295382634,
1012532552,-3.209078076,
1013132512,-3.167871601,
1013732472,-3.31029241,
1014332432,-3.247983913,
1014932392,-3.277653048,
1015532352,-3.276050819,
1016132312,-3.263039288,
1016732272,-3.248326418,
1017332232,-3.259898979,
1017932192,-3.249865508,
1018532152,-3.191226097,
1019132112,-3.306828599,
1019732072,-3.238431838,
1020332032,-3.236859255,
1020931992,-3.252104969,
1021531952,-3.267867871,
1022131912,-3.209923969,
1022731872,-3.228973255,
1023331832,-3.228495027,
1023931792,-3.362232828,
1024531752,-3.267021151,
1025131712,-3.257889795,
1025731672,-3.263361078,
1026331632,-3.246553835,
1026931592,-3.288370383,
1027531552,-3.217096853,
1028131512,-3.339752868,
1028731472,-3.293853295,
1029331432,-3.245795398,
1029931392,-3.297754414,
1030531352,-3.28089172,
1031131312,-3.281692032,
1031731272,-3.288726553,
1032331232,-3.285366313,
1032931192,-3.352768244,
1033531152,-3.263660979,
1034131112,-3.351631742,
1034731072,-3.296043899,
1035331032,-3.430437425,
1035930992,-3.385318619,
1036530952,-3.264939147,
1037130912,-3.337192243,
1037730872,-3.360862914,
1038330832,-3.404128357,
1038930792,-3.398878777,
1039530752,-3.341363827,
1040130712,-3.344710702,
1040730672,-3.377564242,
1041330632,-3.3765555,
1041930592,-3.357577589,
1042530552,-3.368294409,
1043130512,-3.412335556,
1043730472,-3.366913014,
1044330432,-3.429731835,
1044930392,-3.461958715,
1045530352,-3.368608581,
1046130312,-3.383053002,
1046730272,-3.457412413,
1047330232,-3.404985228,
1047930192,-3.527423235,
1048530152,-3.484909842,
1049130112,-3.472617526,
1049730072,-3.504417499,
1050330032,-3.532542749,
1050929992,-3.411520644,
1051529952,-3.459757164,
1052129912,-3.495623889,
1052729872,-3.454521414,
1053329832,-3.552176205,
1053929792,-3.49721319,
1054529752,-3.540694757,
1055129712,-3.526544108,
1055729672,-3.543804062,
1056329632,-3.56687989,
1056929592,-3.501010197,
1057529552,-3.544139657,
1058129512,-3.589528382,
1058729472,-3.594128644,
1059329432,-3.57811148,
1059929392,-3.523256869,
1060529352,-3.578577295,
1061129312,-3.637935759,
1061729272,-3.596379997,
1062329232,-3.58312176,
1062929192,-3.631711171,
1063529152,-3.58218841,
1064129112,-3.631547067,
1064729072,-3.667435328,
1065329032,-3.698272424,
1065928992,-3.615049002,
1066528952,-3.65463632,
1067128912,-3.613880794,
1067728872,-3.633775415,
1068328832,-3.682121138,
1068928792,-3.713523117,
1069528752,-3.705008054,
1070128712,-3.756924434,
1070728672,-3.768979137,
1071328632,-3.700891178,
1071928592,-3.744072975,
1072528552,-3.792080925,
1073128512,-3.802257965,
1073728472,-3.745615051,
1074328432,-3.816221725,
1074928392,-3.77396908,
1075528352,-3.730031787,
1076128312,-3.868281265,
1076728272,-3.787087055,
1077328232,-3.74254687,
1077928192,-3.795863792,
1078528152,-3.869825229,
1079128112,-3.875858029,
1079728072,-3.844906169,
1080328032,-3.870611243,
1080927992,-3.936677113,
1081527952,-3.853021536,
1082127912,-3.917792685,
1082727872,-3.930529005,
1083327832,-3.894820027,
1083927792,-3.934035903,
1084527752,-3.879482355,
1085127712,-3.911913128,
1085727672,-3.908983459,
1086327632,-3.88763381,
1086927592,-3.962047061,
1087527552,-3.950708307,
1088127512,-3.969174383,
1088727472,-3.996631493,
1089327432,-3.98073767,
1089927392,-3.973360094,
1090527352,-3.978508155,
1091127312,-4.019214595,
1091727272,-4.03413303,
1092327232,-4.079822684,
1092927192,-4.018981094,
1093527152,-4.072754544,
1094127112,-4.049337672,
1094727072,-4.073587184,
1095327032,-4.065756764,
1095926992,-4.088577084,
1096526952,-4.096837418,
1097126912,-4.150751122,
1097726872,-4.108046921,
1098326832,-4.173401514,
1098926792,-4.184391013,
1099526752,-4.213524413,
1100126712,-4.151292136,
1100726672,-4.226946358,
1101326632,-4.114017124,
1101926592,-4.187937064,
1102526552,-4.16521837,
1103126512,-4.199456629,
1103726472,-4.269414283,
1104326432,-4.244348143,
1104926392,-4.258813665,
1105526352,-4.232483585,
1106126312,-4.22386786,
1106726272,-4.217436042,
1107326232,-4.243663961,
1107926192,-4.301465938,
1108526152,-4.30263278,
1109126112,-4.277957349,
1109726072,-4.306805996,
1110326032,-4.307189596,
1110925992,-4.35684607,
1111525952,-4.300509053,
1112125912,-4.332164,
1112725872,-4.343057416,
1113325832,-4.357989722,
1113925792,-4.349216931,
1114525752,-4.318612034,
1115125712,-4.357832588,
1115725672,-4.353542637,
1116325632,-4.38638837,
1116925592,-4.400463344,
1117525552,-4.469297528,
1118125512,-4.42222373,
1118725472,-4.293809881,
1119325432,-4.384036072,
1119925392,-4.476614069,
1120525352,-4.431386419,
1121125312,-4.426860929,
1121725272,-4.432378517,
1122325232,-4.397548188,
1122925192,-4.457478363,
1123525152,-4.527986382,
1124125112,-4.490784396,
1124725072,-4.494526219,
1125325032,-4.513866123,
1125924992,-4.445252313,
1126524952,-4.425303617,
1127124912,-4.48720167,
1127724872,-4.507011829,
1128324832,-4.529715975,
1128924792,-4.396662899,
1129524752,-4.451541137,
1130124712,-4.494520928,
1130724672,-4.48620569,
1131324632,-4.487117206,
1131924592,-4.560348877,
1132524552,-4.42155962,
1133124512,-4.456122201,
1133724472,-4.570205628,
1134324432,-4.512793266,
1134924392,-4.576700919,
1135524352,-4.472384026,
1136124312,-4.607554343,
1136724272,-4.502004155,
1137324232,-4.535611937,
1137924192,-4.566061464,
1138524152,-4.528726636,
1139124112,-4.532766046,
1139724072,-4.555075292,
1140324032,-4.56449376,
1140923992,-4.593161952,
1141523952,-4.56903486,
1142123912,-4.529758725,
1142723872,-4.509309817,
1143323832,-4.578093756,
1143923791,-4.496837531,
1144523751,-4.583926165,
1145123711,-4.570448637,
1145723671,-4.508132289,
1146323631,-4.542011649,
1146923591,-4.481570112,
1147523551,-4.508281749,
1148123511,-4.590506456,
1148723471,-4.549015212,
1149323431,-4.633940134,
1149923391,-4.609261409,
1150523351,-4.645437345,
1151123311,-4.556869958,
1151723271,-4.626500402,
1152323231,-4.490676719,
1152923191,-4.501923207,
1153523151,-4.594035557,
1154123111,-4.559620207,
1154723071,-4.570104842,
1155323031,-4.557360572,
1155922991,-4.569376148,
1156522951,-4.50880568,
1157122911,-4.561708899,
1157722871,-4.527839889,
1158322831,-4.530124487,
1158922791,-4.521551847,
1159522751,-4.490703828,
1160122711,-4.542450368,
1160722671,-4.600132441,
1161322631,-4.44504834,
1161922591,-4.54366568,
1162522551,-4.496262269,
1163122511,-4.569701856,
1163722471,-4.555622258,
1164322431,-4.451931518,
1164922391,-4.460483496,
1165522351,-4.496002747,
1166122311,-4.484751256,
1166722271,-4.486957787,
1167322231,-4.459869762,
1167922191,-4.608226283,
1168522151,-4.460947358,
1169122111,-4.443779302,
1169722071,-4.412346412,
1170322031,-4.447129932,
1170921991,-4.434418763,
1171521951,-4.472398655,
1172121911,-4.454932193,
1172721871,-4.467323578,
1173321831,-4.461736078,
1173921791,-4.377289594,
1174521751,-4.419578279,
1175121711,-4.512623962,
1175721671,-4.402444283,
1176321631,-4.442206901,
1176921591,-4.430133261,
1177521551,-4.411416998,
1178121511,-4.437166471,
1178721471,-4.342269613,
1179321431,-4.373799796,
1179921391,-4.395846768,
1180521351,-4.387753313,
1181121311,-4.388537608,
1181721271,-4.329355228,
1182321231,-4.356559998,
1182921191,-4.301362245,
1183521151,-4.325171974,
1184121111,-4.288980032,
1184721071,-4.349306896,
1185321031,-4.287318853,
1185920991,-4.289957937,
1186520951,-4.29528425,
1187120911,-4.261060698,
1187720871,-4.32320667,
1188320831,-4.307638913,
1188920791,-4.289799706,
1189520751,-4.258252797,
1190120711,-4.251887505,
1190720671,-4.200125404,
1191320631,-4.198347214,
1191920591,-4.253946111,
1192520551,-4.213045548,
1193120511,-4.153870677,
1193720471,-4.186607312,
1194320431,-4.173843159,
1194920391,-4.153053243,
1195520351,-4.17560364,
1196120311,-4.177439276,
1196720271,-4.154377806,
1197320231,-4.183988075,
1197920191,-4.208096574,
1198520151,-4.086453568,
1199120111,-4.147304818,
1199720071,-4.151699935,
1200320031,-4.154024647,
1200919991,-4.097528448,
1201519951,-4.106364362,
1202119911,-4.097450016,
1202719871,-4.142350959,
1203319831,-4.081766386,
1203919791,-4.037358375,
1204519751,-4.046609057,
1205119711,-4.064085964,
1205719671,-3.973995809,
1206319631,-4.061097789,
1206919591,-4.077265433,
1207519551,-4.074777134,
1208119511,-3.973421254,
1208719471,-4.036009688,
1209319431,-3.998052814,
1209919391,-4.025432362,
1210519351,-4.018384471,
1211119311,-3.997135317,
1211719271,-3.979703783,
1212319231,-4.024339495,
1212919191,-4.007556434,
1213519151,-4.003305675,
1214119111,-3.964703997,
1214719071,-4.006369697,
1215319031,-4.032525379,
1215918991,-3.983413075,
1216518951,-3.959512985,
1217118911,-3.975390679,
1217718871,-3.936817401,
1218318831,-3.915767411,
1218918791,-3.92661983,
1219518751,-3.934848791,
1220118711,-3.921643655,
1220718671,-3.932568013,
1221318631,-3.900449105,
1221918591,-3.960537048,
1222518551,-3.913295714,
1223118511,-3.904218709,
1223718471,-3.866951624,
1224318431,-3.892576504,
1224918391,-3.877653296,
1225518351,-3.943824075,
1226118311,-3.901366526,
1226718271,-3.94396967,
1227318231,-3.922357799,
1227918191,-3.962100852,
1228518151,-3.851750434,
1229118111,-3.928784196,
1229718071,-3.92483921,
1230318031,-3.902186625,
1230917991,-3.869959257,
1231517951,-3.880148046,
1232117911,-3.847702835,
1232717871,-3.865016419,
1233317831,-3.87468525,
1233917791,-3.845904359,
1234517751,-3.927074561,
1235117711,-3.841921587,
1235717671,-3.885869935,
1236317631,-3.910338706,
1236917591,-3.900813403,
1237517551,-3.874111235,
1238117511,-3.946265477,
1238717471,-3.88628002,
1239317431,-3.794603607,
1239917391,-3.819200845,
1240517351,-3.821338629,
1241117311,-3.924218677,
1241717271,-3.87606295,
1242317231,-3.811558134,
1242917191,-3.914720612,
1243517151,-3.850106131,
1244117111,-3.854648965,
1244717071,-3.828491664,
1245317031,-3.90795624,
1245916991,-3.909126858,
1246516951,-3.845192968,
1247116911,-3.915640933,
1247716871,-3.876407051,
1248316831,-3.891465932,
1248916791,-3.849847188,
1249516751,-3.913019991,
1250116711,-3.876849854,
1250716671,-3.812576514,
1251316631,-3.887802071,
1251916591,-3.92064711,
1252516551,-3.883141252,
1253116511,-3.861390412,
1253716471,-3.898060642,
1254316431,-3.900330404,
1254916391,-3.930156207,
1255516351,-3.860455914,
1256116311,-3.858677336,
1256716271,-3.857074401,
1257316231,-3.853789247,
1257916191,-3.823765865,
1258516151,-3.86500538,
1259116111,-3.922057016,
1259716071,-3.830408976,
1260316031,-3.872483869,
1260915991,-3.885138499,
1261515951,-3.910668153,
1262115911,-3.926100714,
1262715871,-3.941238064,
1263315831,-3.960480575,
1263915791,-3.848665745,
1264515751,-3.908634004,
1265115711,-3.933524358,
1265715671,-3.889791163,
1266315631,-3.876821482,
1266915591,-3.908753173,
1267515551,-3.993899347,
1268115511,-3.921375408,
1268715471,-3.95497283,
1269315431,-3.918817786,
1269915391,-3.924814596,
1270515351,-3.984360242,
1271115311,-3.947072315,
1271715271,-3.95180504,
1272315231,-3.997496821,
1272915191,-3.975960641,
1273515151,-3.959249351,
1274115111,-4.012134314,
1274715071,-4.007548092,
1275315031,-3.955216555,
1275914991,-3.914169646,
1276514951,-3.955782032,
1277114911,-3.979829662,
1277714871,-3.95078204,
1278314831,-3.975844596,
1278914791,-3.955693021,
1279514751,-3.982106288,
1280114711,-3.967789238,
1280714671,-3.957588049,
1281314631,-3.946696064,
1281914591,-3.935725604,
1282514551,-4.01488579,
1283114511,-4.037931608,
1283714471,-4.006865575,
1284314431,-3.974359582,
1284914391,-3.978054583,
1285514351,-4.012029878,
1286114311,-4.092850211,
1286714270,-3.96448391,
1287314230,-3.963045632,
1287914190,-4.068567924,
1288514150,-3.999704957,
1289114110,-4.034942819,
1289714070,-3.997607996,
1290314030,-3.964668376,
1290913990,-3.972215604,
1291513950,-4.102824875,
1292113910,-4.070663792,
1292713870,-3.998950004,
1293313830,-4.031067816,
1293913790,-4.009505778,
1294513750,-3.974796088,
1295113710,-4.087593712,
1295713670,-3.998761781,
1296313630,-4.039931263,
1296913590,-4.06943064,
1297513550,-4.000133349,
1298113510,-4.125304427,
1298713470,-4.033711157,
1299313430,-4.105792772,
1299913390,-3.989700788,
1300513350,-4.050461367,
1301113310,-4.014286637,
1301713270,-3.987068121,
1302313230,-4.027116348,
1302913190,-4.082471422,
1303513150,-3.96169145,
1304113110,-4.012090846,
1304713070,-3.994480135,
1305313030,-4.065685886,
1305912990,-4.068768295,
1306512950,-4.006915632,
1307112910,-4.04511899,
1307712870,-4.070546272,
1308312830,-4.044643786,
1308912790,-4.05605886,
1309512750,-4.074975715,
1310112710,-4.07737952,
1310712670,-4.057344978,
1311312630,-4.07209077,
1311912590,-4.087108382,
1312512550,-4.019512394,
1313112510,-4.088782557,
1313712470,-4.062680055,
1314312430,-4.030274406,
1314912390,-4.094663179,
1315512350,-4.088334052,
1316112310,-4.023375726,
1316712270,-4.118568284,
1317312230,-4.039035622,
1317912190,-4.069228538,
1318512150,-4.069753726,
1319112110,-4.053513272,
1319712070,-4.025943973,
1320312030,-4.125476691,
1320911990,-4.083642241,
1321511950,-4.093582188,
1322111910,-4.082211321,
1322711870,-4.041042632,
1323311830,-4.152291021,
1323911790,-4.047169981,
1324511750,-4.059279975,
1325111710,-4.094647524,
1325711670,-4.023676082,
1326311630,-4.120323189,
1326911590,-4.116433076,
1327511550,-4.129535114,
1328111510,-4.069994968,
1328711470,-4.102008717,
1329311430,-4.037313296,
1329911390,-4.077813616,
1330511350,-4.12214735,
1331111310,-4.09917266,
1331711270,-4.12785509,
1332311230,-4.076697469,
1332911190,-4.087446613,
1333511150,-4.108136457,
1334111110,-4.084196724,
1334711070,-4.088544846,
1335311030,-4.084442678,
1335910990,-4.077303029,
1336510950,-4.06869139,
1337110910,-4.077441933,
1337710870,-4.092580095,
1338310830,-4.064716196,
1338910790,-4.157484376,
1339510750,-4.120913019,
1340110710,-4.121520651,
1340710670,-4.032545064,
1341310630,-4.030687389,
1341910590,-4.155923229,
1342510550,-4.068049653,
1343110510,-4.127958142,
1343710470,-4.090564946,
1344310430,-4.096290019,
1344910390,-4.117666932,
1345510350,-4.123913328,
1346110310,-4.047060253,
1346710270,-4.173772113,
1347310230,-4.152481989,
1347910190,-4.139487981,
1348510150,-4.128804066,
1349110110,-4.109335354,
1349710070,-4.093129405,
1350310030,-4.196756308,
1350909990,-4.079865393,
1351509950,-4.148367091,
1352109910,-4.175903397,
1352709870,-4.106430536,
1353309830,-4.121910001,
1353909790,-4.118210287,
1354509750,-4.171501779,
1355109710,-4.115827871,
1355709670,-4.166545875,
1356309630,-4.05922529,
1356909590,-4.136360773,
1357509550,-4.187766247,
1358109510,-4.168008307,
1358709470,-4.181779991,
1359309430,-4.188687644,
1359909390,-4.153160685,
1360509350,-4.139762212,
1361109310,-4.143204763,
1361709270,-4.162029802,
1362309230,-4.145397239,
1362909190,-4.17725914,
1363509150,-4.148129531,
1364109110,-4.238293774,
1364709070,-4.165595102,
1365309030,-4.245589409,
1365908990,-4.186747819,
1366508950,-4.168871328,
1367108910,-4.1900337,
1367708870,-4.171050753,
1368308830,-4.187744417,
1368908790,-4.208047114,
1369508750,-4.223386645,
1370108710,-4.205300487,
1370708670,-4.182218462,
1371308630,-4.198388212,
1371908590,-4.200052341,
1372508550,-4.206797543,
1373108510,-4.255875744,
1373708470,-4.257497205,
1374308430,-4.264875501,
1374908390,-4.258634319,
1375508350,-4.246000844,
1376108310,-4.208200129,
1376708270,-4.20775714,
1377308230,-4.320333071,
1377908190,-4.182896016,
1378508150,-4.166064116,
1379108110,-4.229837254,
1379708070,-4.228951837,
1380308030,-4.221639895,
1380907990,-4.26907928,
1381507950,-4.224422243,
1382107910,-4.240329381,
1382707870,-4.251430807,
1383307830,-4.244804232,
1383907790,-4.226001497,
1384507750,-4.245718975,
1385107710,-4.230782024,
1385707670,-4.303928373,
1386307630,-4.305202571,
1386907590,-4.262006986,
1387507550,-4.317819083,
1388107510,-4.306740327,
1388707470,-4.296401754,
1389307430,-4.268856118,
1389907390,-4.284696185,
1390507350,-4.344716898,
1391107310,-4.322221002,
1391707270,-4.292327793,
1392307230,-4.345906347,
1392907190,-4.367423029,
1393507150,-4.328666149,
1394107110,-4.34520515,
1394707070,-4.310848234,
1395307030,-4.376620014,
1395906990,-4.357646128,
1396506950,-4.33764427,
1397106910,-4.334702123,
1397706870,-4.322526865,
1398306830,-4.337768755,
1398906790,-4.291330595,
1399506750,-4.405256915,
1400106710,-4.349545006,
1400706670,-4.387078116,
1401306630,-4.322914288,
1401906590,-4.39458512,
1402506550,-4.373750604,
1403106510,-4.369437608,
1403706470,-4.292334562,
1404306430,-4.339840684,
1404906390,-4.387194733,
1405506350,-4.376154596,
1406106310,-4.341079752,
1406706270,-4.430213316,
1407306230,-4.486989898,
1407906190,-4.396859986,
1408506150,-4.405201247,
1409106110,-4.386856681,
1409706070,-4.37552848,
1410306030,-4.370882748,
1410905990,-4.378849557,
1411505950,-4.427802757,
1412105910,-4.376676095,
1412705870,-4.423102405,
1413305830,-4.435649385,
1413905790,-4.368191209,
1414505750,-4.441658782,
1415105710,-4.440327678,
1415705670,-4.415321978,
1416305630,-4.381337787,
1416905590,-4.42373703,
1417505550,-4.410914635,
1418105510,-4.52708963,
1418705470,-4.423749298,
1419305430,-4.417580292,
1419905390,-4.426314438,
1420505350,-4.463571768,
1421105310,-4.473367423,
1421705270,-4.432712466,
1422305230,-4.493257043,
1422905190,-4.441875934,
1423505150,-4.401714474,
1424105110,-4.471128157,
1424705070,-4.466232052,
1425305030,-4.479093498,
1425904990,-4.416881988,
1426504950,-4.461533799,
1427104910,-4.523379403,
1427704870,-4.481693235,
1428304830,-4.427200672,
1428904790,-4.496412313,
1429504749,-4.527230836,
1430104709,-4.554320393,
1430704669,-4.500830085,
1431304629,-4.462171297,
1431904589,-4.497208735,
1432504549,-4.498198128,
1433104509,-4.522053212,
1433704469,-4.492022448,
1434304429,-4.535209599,
1434904389,-4.474713733,
1435504349,-4.492624569,
1436104309,-4.537801566,
1436704269,-4.49217731,
1437304229,-4.507551446,
1437904189,-4.499253723,
1438504149,-4.491335976,
1439104109,-4.436733811,
1439704069,-4.434876265,
1440304029,-4.529427407,
1440903989,-4.477167232,
1441503949,-4.510791758,
1442103909,-4.530491875,
1442703869,-4.519664132,
1443303829,-4.580432206,
1443903789,-4.497809792,
1444503749,-4.495683875,
1445103709,-4.533614372,
1445703669,-4.529022477,
1446303629,-4.582407103,
1446903589,-4.485096756,
1447503549,-4.576474967,
1448103509,-4.561331179,
1448703469,-4.523663782,
1449303429,-4.526854715,
1449903389,-4.493504835,
1450503349,-4.57696269,
1451103309,-4.527733054,
1451703269,-4.500101378,
1452303229,-4.564266657,
1452903189,-4.505101329,
1453503149,-4.545800221,
1454103109,-4.531889703,
1454703069,-4.555351573,
1455303029,-4.513095038,
1455902989,-4.554649258,
1456502949,-4.500694253,
1457102909,-4.600092462,
1457702869,-4.56591263,
1458302829,-4.529641152,
1458902789,-4.602613993,
1459502749,-4.562116156,
1460102709,-4.60087203,
1460702669,-4.565103669,
1461302629,-4.586597229,
1461902589,-4.565758026,
1462502549,-4.590956571,
1463102509,-4.586568949,
1463702469,-4.634081308,
1464302429,-4.54122469,
1464902389,-4.612550587,
1465502349,-4.59768132,
1466102309,-4.61598356,
1466702269,-4.617664111,
1467302229,-4.652824618,
1467902189,-4.613890608,
1468502149,-4.642593545,
1469102109,-4.617674953,
1469702069,-4.624294248,
1470302029,-4.568840026,
1470901989,-4.62757206,
1471501949,-4.643077616,
1472101909,-4.653413529,
1472701869,-4.615992991,
1473301829,-4.670775542,
1473901789,-4.588399004,
1474501749,-4.618782362,
1475101709,-4.643712892,
1475701669,-4.60713724,
1476301629,-4.645550829,
1476901589,-4.600829688,
1477501549,-4.662161497,
1478101509,-4.622948475,
1478701469,-4.648326101,
1479301429,-4.68496283,
1479901389,-4.688909837,
1480501349,-4.703424295,
1481101309,-4.640083737,
1481701269,-4.682360539,
1482301229,-4.695360838,
1482901189,-4.70405807,
1483501149,-4.662300077,
1484101109,-4.768991014,
1484701069,-4.721878046,
1485301029,-4.795216217,
1485900989,-4.772845261,
1486500949,-4.742698486,
1487100909,-4.703473506,
1487700869,-4.734858205,
1488300829,-4.680040366,
1488900789,-4.741789355,
1489500749,-4.787272523,
1490100709,-4.8233038,
1490700669,-4.785441353,
1491300629,-4.820380896,
1491900589,-4.78260191,
1492500549,-4.796199995,
1493100509,-4.819353016,
1493700469,-4.808343123,
1494300429,-4.772740289,
1494900389,-4.812990071,
1495500349,-4.798891529,
1496100309,-4.844795148,
1496700269,-4.84109118,
1497300229,-4.859908832,
1497900189,-4.812790024,
1498500149,-4.932646205,
1499100109,-4.897941342,
1499700069,-4.925765546,
1500300029,-4.948974683,
1500899989,-4.902641206,
1501499949,-4.925742722,
1502099909,-4.943380926,
1502699869,-4.921259189,
1503299829,-4.984037186,
1503899789,-5.024296172,
1504499749,-4.978618987,
1505099709,-5.01932271,
1505699669,-4.983153927,
1506299629,-5.051312894,
1506899589,-5.002874333,
1507499549,-5.014026584,
1508099509,-5.06274049,
1508699469,-5.14304511,
1509299429,-5.066817971,
1509899389,-5.101966347,
1510499349,-5.150109755,
1511099309,-5.086359476,
1511699269,-5.102465586,
1512299229,-5.056364023,
1512899189,-5.106666821,
1513499149,-5.121634866,
1514099109,-5.123602233,
1514699069,-5.10289797,
1515299029,-5.203899565,
1515898989,-5.209780323,
1516498949,-5.197395326,
1517098909,-5.222613208,
1517698869,-5.279112757,
1518298829,-5.165508153,
1518898789,-5.264805535,
1519498749,-5.219603572,
1520098709,-5.230415599,
1520698669,-5.229690165,
1521298629,-5.203713288,
1521898589,-5.337431193,
1522498549,-5.305248428,
1523098509,-5.243554808,
1523698469,-5.304320524,
1524298429,-5.338946534,
1524898389,-5.428413895,
1525498349,-5.353248534,
1526098309,-5.4272948,
1526698269,-5.372597062,
1527298229,-5.436589687,
1527898189,-5.425153552,
1528498149,-5.444836628,
1529098109,-5.494371847,
1529698069,-5.59846048,
1530298029,-5.472767433,
1530897989,-5.481123109,
1531497949,-5.611796372,
1532097909,-5.523254709,
1532697869,-5.58052897,
1533297829,-5.55689665,
1533897789,-5.639500056,
1534497749,-5.586496552,
1535097709,-5.614318784,
1535697669,-5.59962082,
1536297629,-5.68668529,
1536897589,-5.655637713,
1537497549,-5.665751187,
1538097509,-5.619872896,
1538697469,-5.638756116,
1539297429,-5.648598702,
1539897389,-5.666114045,
1540497349,-5.703309274,
1541097309,-5.708028712,
1541697269,-5.73836846,
1542297229,-5.702116869,
1542897189,-5.697466674,
1543497149,-5.749798913,
1544097109,-5.695658129,
1544697069,-5.725009586,
1545297029,-5.765796495,
1545896989,-5.73658519,
1546496949,-5.762420842,
1547096909,-5.814044087,
1547696869,-5.799185316,
1548296829,-5.831532283,
1548896789,-5.795645612,
1549496749,-5.858014722,
1550096709,-5.86344681,
1550696669,-5.838191107,
1551296629,-5.779156694,
1551896589,-5.842088358,
1552496549,-5.828502416,
1553096509,-5.839993955,
1553696469,-5.928931307,
1554296429,-5.878522715,
1554896389,-5.909491479,
1555496349,-5.946334797,
1556096309,-5.945924407,
1556696269,-5.92697789,
1557296229,-5.872275649,
1557896189,-5.976547038,
1558496149,-5.961628804,
1559096109,-5.966833812,
1559696069,-5.93679526,
1560296029,-6.00975166,
1560895989,-5.960403139,
1561495949,-6.013422419,
1562095909,-5.903262168,
1562695869,-6.058119009,
1563295829,-6.031028661,
1563895789,-6.006715375,
1564495749,-6.038656114,
1565095709,-6.010422457,
1565695669,-6.028333675,
1566295629,-6.078144572,
1566895589,-5.998358803,
1567495549,-6.033574968,
1568095509,-5.993671555,
1568695469,-6.050291408,
1569295429,-6.014136679,
1569895389,-6.036057507,
1570495349,-6.0824346,
1571095309,-6.060364785,
1571695269,-6.035281371,
1572295228,-6.088113187,
1572895188,-6.082863221,
1573495148,-6.083838765,
1574095108,-6.120748726,
1574695068,-6.113180679,
1575295028,-6.123993635,
1575894988,-6.074904749,
1576494948,-6.123386252,
1577094908,-6.104275941,
1577694868,-6.095264337,
1578294828,-6.14049757,
1578894788,-6.073023752,
1579494748,-6.170698059,
1580094708,-6.155095718,
1580694668,-6.122112373,
1581294628,-6.14218563,
1581894588,-6.137933882,
1582494548,-6.109563169,
1583094508,-6.140182687,
1583694468,-6.185657235,
1584294428,-6.135573527,
1584894388,-6.075224443,
1585494348,-6.127195291,
1586094308,-6.15970403,
1586694268,-6.176657797,
1587294228,-6.156630374,
1587894188,-6.157292813,
1588494148,-6.193740071,
1589094108,-6.13660273,
1589694068,-6.166725369,
1590294028,-6.151524822,
1590893988,-6.186863512,
1591493948,-6.154307396,
1592093908,-6.266466438,
1592693868,-6.166269454,
1593293828,-6.160210203,
1593893788,-6.214525836,
1594493748,-6.233316688,
1595093708,-6.154689761,
1595693668,-6.214482843,
1596293628,-6.211691531,
1596893588,-6.184601243,
1597493548,-6.173118285,
1598093508,-6.170802184,
1598693468,-6.207772423,
1599293428,-6.210290401,
1599893388,-6.186065681,
1600493348,-6.200110173,
1601093308,-6.198487039,
1601693268,-6.171547675,
1602293228,-6.22740046,
1602893188,-6.256821323,
1603493148,-6.235440713,
1604093108,-6.207357369,
1604693068,-6.216420185,
1605293028,-6.171002936,
1605892988,-6.207889217,
1606492948,-6.242013269,
1607092908,-6.167389849,
1607692868,-6.223453228,
1608292828,-6.140308807,
1608892788,-6.274941266,
1609492748,-6.271068294,
1610092708,-6.268374419,
1610692668,-6.268406418,
1611292628,-6.169757481,
1611892588,-6.248600551,
1612492548,-6.310738871,
1613092508,-6.217352116,
1613692468,-6.220221037,
1614292428,-6.149685395,
1614892388,-6.245553026,
1615492348,-6.243572209,
1616092308,-6.274035209,
1616692268,-6.278661446,
1617292228,-6.270403917,
1617892188,-6.23186075,
1618492148,-6.255201325,
1619092108,-6.330501135,
1619692068,-6.285480401,
1620292028,-6.252352914,
1620891988,-6.231994563,
1621491948,-6.325762424,
1622091908,-6.303345494,
1622691868,-6.264271649,
1623291828,-6.293468461,
1623891788,-6.315508187,
1624491748,-6.263562843,
1625091708,-6.243671002,
1625691668,-6.273050959,
1626291628,-6.350887317,
1626891588,-6.389628364,
1627491548,-6.321699547,
1628091508,-6.384532402,
1628691468,-6.338028559,
1629291428,-6.391287402,
1629891388,-6.393646963,
1630491348,-6.437980168,
1631091308,-6.369275202,
1631691268,-6.258154611,
1632291228,-6.403825568,
1632891188,-6.413239921,
1633491148,-6.443459904,
1634091108,-6.443736961,
1634691068,-6.42728016,
1635291028,-6.536811597,
1635890988,-6.450949551,
1636490948,-6.499532299,
1637090908,-6.483693621,
1637690868,-6.46707774,
1638290828,-6.499015764,
1638890788,-6.441359399,
1639490748,-6.528770062,
1640090708,-6.504581501,
1640690668,-6.550012946,
1641290628,-6.560874566,
1641890588,-6.450591148,
1642490548,-6.642905361,
1643090508,-6.6063007,
1643690468,-6.586344331,
1644290428,-6.569895462,
1644890388,-6.693428861,
1645490348,-6.67856467,
1646090308,-6.631405261,
1646690268,-6.62364028,
1647290228,-6.684711193,
1647890188,-6.672409376,
1648490148,-6.68300263,
1649090108,-6.741858404,
1649690068,-6.741700717,
1650290028,-6.743720954,
1650889988,-6.756576747,
1651489948,-6.777144756,
1652089908,-6.813619621,
1652689868,-6.798850429,
1653289828,-6.867706174,
1653889788,-6.888837783,
1654489748,-6.864286378,
1655089708,-6.869557647,
1655689668,-6.936388285,
1656289628,-6.874004642,
1656889588,-6.911701059,
1657489548,-6.939151352,
1658089508,-6.919829084,
1658689468,-6.990626965,
1659289428,-6.970721401,
1659889388,-6.935557924,
1660489348,-6.954271523,
1661089308,-6.946719016,
1661689268,-7.033490543,
1662289228,-6.968413042,
1662889188,-7.08259708,
1663489148,-7.012889112,
1664089108,-7.0796732,
1664689068,-7.037288171,
1665289028,-7.098500152,
1665888988,-7.122303781,
1666488948,-7.126458697,
1667088908,-7.150028223,
1667688868,-7.168634788,
1668288828,-7.194008837,
1668888788,-7.114083743,
1669488748,-7.192706614,
1670088708,-7.239272803,
1670688668,-7.263489252,
1671288628,-7.290665189,
1671888588,-7.28039515,
1672488548,-7.301906159,
1673088508,-7.25765345,
1673688468,-7.308834063,
1674288428,-7.34544747,
1674888388,-7.339518379,
1675488348,-7.402340257,
1676088308,-7.32192372,
1676688268,-7.294655576,
1677288228,-7.3349199,
1677888188,-7.377398117,
1678488148,-7.447162847,
1679088108,-7.446242668,
1679688068,-7.4280397,
1680288028,-7.503134106,
1680887988,-7.507866349,
1681487948,-7.442235041,
1682087908,-7.512023026,
1682687868,-7.431316035,
1683287828,-7.56997731,
1683887788,-7.629139483,
1684487748,-7.679053224,
1685087708,-7.654340317,
1685687668,-7.546083689,
1686287628,-7.672867882,
1686887588,-7.6872219,
1687487548,-7.68641961,
1688087508,-7.727317074,
1688687468,-7.666666497,
1689287428,-7.732699665,
1689887388,-7.730022305,
1690487348,-7.755611412,
1691087308,-7.709020361,
1691687268,-7.754867225,
1692287228,-7.876269254,
1692887188,-7.950665009,
1693487148,-7.839882353,
1694087108,-7.886089549,
1694687068,-7.955527481,
1695287028,-7.958620438,
1695886988,-7.99938101,
1696486948,-8.097131475,
1697086908,-8.042842486,
1697686868,-8.019471079,
1698286828,-8.094884053,
1698886788,-8.111506213,
1699486748,-8.119663338,
1700086708,-8.060276353,
1700686668,-8.115195476,
1701286628,-8.058475764,
1701886588,-8.220567124,
1702486548,-8.217045157,
1703086508,-8.258932854,
1703686468,-8.2050614,
1704286428,-8.28006269,
1704886388,-8.312037659,
1705486348,-8.406800676,
1706086308,-8.336719793,
1706686268,-8.367194502,
1707286228,-8.402195411,
1707886188,-8.463835405,
1708486148,-8.424630021,
1709086108,-8.500232493,
1709686068,-8.476418023,
1710286028,-8.558429561,
1710885988,-8.478528633,
1711485948,-8.574413212,
1712085908,-8.634118744,
1712685868,-8.655813885,
1713285828,-8.665648603,
1713885788,-8.692604933,
1714485748,-8.688767249,
1715085707,-8.830618339,
1715685667,-8.699676364,
1716285627,-8.878871322,
1716885587,-8.882046257,
1717485547,-8.877603321,
1718085507,-8.875717512,
1718685467,-8.885492459,
1719285427,-8.859688206,
1719885387,-9.024255333,
1720485347,-9.129696228,
1721085307,-9.22979827,
1721685267,-9.110201387,
1722285227,-9.205372762,
1722885187,-9.243071674,
1723485147,-9.332600394,
1724085107,-9.384741626,
1724685067,-9.327064229,
1725285027,-9.599843377,
1725884987,-9.463945081,
1726484947,-9.526587344,
1727084907,-9.561289592,
1727684867,-9.604502872,
1728284827,-9.708649877,
1728884787,-9.742296096,
1729484747,-9.758406706,
1730084707,-9.775894031,
1730684667,-9.850605139,
1731284627,-9.894100614,
1731884587,-9.966216068,
1732484547,-10.00677047,
1733084507,-10.04248844,
1733684467,-10.11185586,
1734284427,-10.19784313,
1734884387,-10.33502818,
1735484347,-10.22012722,
1736084307,-10.33614668,
1736684267,-10.27112497,
1737284227,-10.38668227,
1737884187,-10.51529974,
1738484147,-10.68088515,
1739084107,-10.63641135,
1739684067,-10.7637097,
1740284027,-10.75580418,
1740883987,-10.70727486,
1741483947,-11.02169838,
1742083907,-11.0632107,
1742683867,-11.17422225,
1743283827,-11.26681603,
1743883787,-11.34160731,
1744483747,-11.41144918,
1745083707,-11.44465904,
1745683667,-11.43907529,
1746283627,-11.5015735,
1746883587,-11.60870971,
1747483547,-11.73607756,
1748083507,-11.6937813,
1748683467,-11.72874553,
1749283427,-11.87805344,
1749883387,-12.04579132,
1750483347,-12.04959895,
1751083307,-12.12728339,
1751683267,-12.32217969,
1752283227,-12.29341914,
1752883187,-12.39212924,
1753483147,-12.61382253,
1754083107,-12.57916288,
1754683067,-12.73868816,
1755283027,-12.67139149,
1755882987,-13.03239688,
1756482947,-13.15250384,
1757082907,-13.18483827,
1757682867,-13.27259164,
1758282827,-13.34150292,
1758882787,-13.33165441,
1759482747,-13.56197153,
1760082707,-13.64741464,
1760682667,-13.66557349,
1761282627,-13.88522302,
1761882587,-13.92880696,
1762482547,-14.25300286,
1763082507,-14.20645803,
1763682467,-14.39343357,
1764282427,-14.53553701,
1764882387,-14.61065852,
1765482347,-14.61229352,
1766082307,-14.8250475,
1766682267,-15.17813096,
1767282227,-15.11979949,
1767882187,-15.06509407,
1768482147,-15.29037274,
1769082107,-15.4787638,
1769682067,-15.58504643,
1770282027,-15.69783413,
1770881987,-15.94817044,
1771481947,-16.31229179,
1772081907,-16.61169769,
1772681867,-16.97973085,
1773281827,-16.78217247,
1773881787,-16.91885675,
1774481747,-17.15809596,
1775081707,-17.28727504,
1775681667,-17.32267354,
1776281627,-17.60170174,
1776881587,-17.9032635,
1777481547,-17.82557843,
1778081507,-18.17124918,
1778681467,-18.57082781,
1779281427,-18.43675616,
1779881387,-18.80234222,
1780481347,-19.06322985,
1781081307,-19.29822204,
1781681267,-19.38836246,
1782281227,-19.6901433,
1782881187,-19.58043726,
1783481147,-20.49064477,
1784081107,-21.06327699,
1784681067,-21.23106234,
1785281027,-21.21880857,
1785880987,-21.65212236,
1786480947,-22.07726467,
1787080907,-22.03747237,
1787680867,-22.47550965,
1788280827,-22.96086957,
1788880787,-23.21184428,
1789480747,-23.21578425,
1790080707,-23.82497032,
1790680667,-24.42910981,
1791280627,-24.91173766,
1791880587,-25.40196988,
1792480547,-25.08044082,
1793080507,-25.73746747,
1793680467,-26.5311007,
1794280427,-26.88508252,
1794880387,-27.23879229,
1795480347,-28.63323448,
1796080307,-30.62593417,
1796680267,-32.00745194,
1797280227,-33.62871299,
1797880187,-35.69030335,
1798480147,-36.77838573,
1799080107,-37.94341694,
1799680067,-36.89295408,
1800280027,-38.8054631,
1800879987,-41.16379383,
1801479947,-43.95288831,
1802079907,-46.24712377,
1802679867,-45.81749389,
1803279827,-43.19857982,
1803879787,-40.57167696,
1804479747,-38.36321367,
1805079707,-36.57405039,
1805679667,-38.40207138,
1806279627,-36.33419327,
1806879587,-33.05990156,
1807479547,-35.32637966,
1808079507,-32.0348633,
1808679467,-30.22541513,
1809279427,-28.82925804,
1809879387,-26.89113118,
1810479347,-27.62121203,
1811079307,-26.49021508,
1811679267,-26.65359362,
1812279227,-25.62986612,
1812879187,-25.23451725,
1813479147,-25.04401304,
1814079107,-24.43514673,
1814679067,-24.37700427,
1815279027,-23.94847828,
1815878987,-23.51496747,
1816478947,-23.20569499,
1817078907,-23.09010396,
1817678867,-22.54482528,
1818278827,-22.42063977,
1818878787,-22.59352543,
1819478747,-22.08373075,
1820078707,-21.9763903,
1820678667,-21.44403135,
1821278627,-21.41848107,
1821878587,-21.23647171,
1822478547,-20.86195193,
1823078507,-20.52358525,
1823678467,-20.24853565,
1824278427,-20.14176503,
1824878387,-19.97170057,
1825478347,-19.48661635,
1826078307,-19.35828582,
1826678267,-19.53913913,
1827278227,-19.08677352,
1827878187,-19.07586089,
1828478147,-18.81151226,
1829078107,-18.96110977,
1829678067,-18.56002244,
1830278027,-18.57629636,
1830877987,-18.71261181,
1831477947,-18.33197334,
1832077907,-18.1988648,
1832677867,-18.0364742,
1833277827,-18.01033978,
1833877787,-17.94431741,
1834477747,-18.15605743,
1835077707,-17.62096725,
1835677667,-17.64901862,
1836277627,-17.60492679,
1836877587,-17.5245367,
1837477547,-17.50332165,
1838077507,-17.48964775,
1838677467,-17.45260834,
1839277427,-17.17368839,
1839877387,-17.41384165,
1840477347,-17.34997835,
1841077307,-17.305091,
1841677267,-17.16551147,
1842277227,-16.97971237,
1842877187,-17.2468383,
1843477147,-16.9349706,
1844077107,-17.03653084,
1844677067,-17.10527679,
1845277027,-17.02816614,
1845876987,-16.99700492,
1846476947,-16.88510946,
1847076907,-16.9122947,
1847676867,-16.81823859,
1848276827,-16.86407248,
1848876787,-16.78308113,
1849476747,-17.0639534,
1850076707,-16.69673155,
1850676667,-16.68769483,
1851276627,-16.67403756,
1851876587,-16.82700259,
1852476547,-16.56904845,
1853076507,-16.73621764,
1853676467,-16.64402465,
1854276427,-16.76378649,
1854876387,-16.65240544,
1855476347,-16.60819368,
1856076307,-16.61664279,
1856676267,-16.85029021,
1857276227,-16.62675963,
1857876186,-16.47460486,
1858476146,-16.45726682,
1859076106,-16.70334855,
1859676066,-16.66207923,
1860276026,-16.6350324,
1860875986,-16.40231191,
1861475946,-16.74173983,
1862075906,-16.52313382,
1862675866,-16.46017126,
1863275826,-16.79299264,
1863875786,-16.56538601,
1864475746,-16.4933787,
1865075706,-16.52753827,
1865675666,-16.51860864,
1866275626,-16.37203424,
1866875586,-16.22960359,
1867475546,-16.42547424,
1868075506,-16.4800113,
1868675466,-16.20822505,
1869275426,-16.33756119,
1869875386,-16.19537924,
1870475346,-16.41695769,
1871075306,-16.6413564,
1871675266,-16.45784588,
1872275226,-16.27523752,
1872875186,-16.36904699,
1873475146,-16.56701225,
1874075106,-16.2637029,
1874675066,-16.43382339,
1875275026,-16.3320537,
1875874986,-16.1603407,
1876474946,-16.4945127,
1877074906,-16.34383485,
1877674866,-16.08619817,
1878274826,-16.20173248,
1878874786,-16.29309774,
1879474746,-16.5054697,
1880074706,-16.21668733,
1880674666,-16.28819218,
1881274626,-16.02150655,
1881874586,-16.04360688,
1882474546,-16.20626552,
1883074506,-16.29378237,
1883674466,-16.26054251,
1884274426,-16.13778858,
1884874386,-15.93077871,
1885474346,-16.34390496,
1886074306,-16.34636971,
1886674266,-16.00740469,
1887274226,-16.2887398,
1887874186,-16.27277165,
1888474146,-16.19894854,
1889074106,-16.37393595,
1889674066,-16.27800116,
1890274026,-16.07620838,
1890873986,-16.38008101,
1891473946,-16.13811938,
1892073906,-16.21722649,
1892673866,-16.18130113,
1893273826,-16.30277836,
1893873786,-15.95721163,
1894473746,-16.27532009,
1895073706,-16.11147216,
1895673666,-15.8446231,
1896273626,-15.97049762,
1896873586,-16.09990416,
1897473546,-15.94081744,
1898073506,-16.34917532,
1898673466,-15.97985264,
1899273426,-15.88370668,
1899873386,-15.93337452,
1900473346,-15.94299977,
1901073306,-15.8851439,
1901673266,-15.93377939,
1902273226,-16.16370741,
1902873186,-15.91004546,
1903473146,-15.97382432,
1904073106,-15.88157239,
1904673066,-15.73049216,
1905273026,-15.83199777,
1905872986,-15.98183143,
1906472946,-15.64565956,
1907072906,-15.79110388,
1907672866,-16.05145412,
1908272826,-15.84989141,
1908872786,-15.7455425,
1909472746,-16.06057111,
1910072706,-15.68177792,
1910672666,-15.80770158,
1911272626,-15.83370028,
1911872586,-15.49032739,
1912472546,-15.65034514,
1913072506,-15.62344943,
1913672466,-15.78528358,
1914272426,-15.49862748,
1914872386,-15.55090239,
1915472346,-15.6480775,
1916072306,-15.50640732,
1916672266,-15.50713287,
1917272226,-15.68776702,
1917872186,-15.85207656,
1918472146,-15.49061325,
1919072106,-15.59639029,
1919672066,-15.27046061,
1920272026,-15.43299334,
1920871986,-15.46919237,
1921471946,-15.56483326,
1922071906,-15.73369768,
1922671866,-15.43520753,
1923271826,-15.37904209,
1923871786,-15.40594886,
1924471746,-15.28978631,
1925071706,-15.3369752,
1925671666,-15.39878564,
1926271626,-15.18842706,
1926871586,-15.19635819,
1927471546,-15.2939134,
1928071506,-15.47771065,
1928671466,-15.06138656,
1929271426,-15.36692221,
1929871386,-15.05516552,
1930471346,-15.38962037,
1931071306,-15.33945938,
1931671266,-15.28503149,
1932271226,-15.13006566,
1932871186,-15.28008674,
1933471146,-15.1630244,
1934071106,-15.11766025,
1934671066,-15.32417965,
1935271026,-15.07974739,
1935870986,-15.17555756,
1936470946,-15.15534811,
1937070906,-14.87778582,
1937670866,-15.04521318,
1938270826,-14.78534039,
1938870786,-15.12300001,
1939470746,-15.10333298,
1940070706,-15.11378582,
1940670666,-14.91889233,
1941270626,-14.97056,
1941870586,-14.91258831,
1942470546,-14.92346291,
1943070506,-14.90970678,
1943670466,-15.07601999,
1944270426,-14.93659664,
1944870386,-14.90758071,
1945470346,-14.77888374,
1946070306,-14.90474751,
1946670266,-14.98560748,
1947270226,-14.9624499,
1947870186,-14.75300885,
1948470146,-14.56364111,
1949070106,-14.7677021,
1949670066,-14.62381546,
1950270026,-14.74055864,
1950869986,-14.59171411,
1951469946,-14.64327195,
1952069906,-14.51786735,
1952669866,-14.80215165,
1953269826,-14.60756315,
1953869786,-14.62438425,
1954469746,-14.77822981,
1955069706,-14.50301029,
1955669666,-14.56865731,
1956269626,-14.51856904,
1956869586,-14.63336325,
1957469546,-14.57865447,
1958069506,-14.46610573,
1958669466,-14.58726981,
1959269426,-14.65047151,
1959869386,-14.54527457,
1960469346,-14.68631245,
1961069306,-14.63707566,
1961669266,-14.46232835,
1962269226,-14.68083369,
1962869186,-14.6011052,
1963469146,-14.70643167,
1964069106,-14.54503134,
1964669066,-14.63347881,
1965269026,-14.58169207,
1965868986,-14.7213682,
1966468946,-14.67045617,
1967068906,-14.55118255,
1967668866,-14.69919307,
1968268826,-14.71694271,
1968868786,-14.64198979,
1969468746,-14.66158963,
1970068706,-14.67989483,
1970668666,-14.83855124,
1971268626,-14.48823521,
1971868586,-14.69270425,
1972468546,-14.64826052,
1973068506,-14.92577069,
1973668466,-14.67359836,
1974268426,-14.81839108,
1974868386,-14.81135873,
1975468346,-14.56402543,
1976068306,-14.76140678,
1976668266,-14.48917692,
1977268226,-14.75410534,
1977868186,-14.93438482,
1978468146,-14.89027853,
1979068106,-15.04847809,
1979668066,-14.8607321,
1980268026,-14.8439001,
1980867986,-14.94358885,
1981467946,-14.73238707,
1982067906,-14.91194213,
1982667866,-14.88161514,
1983267826,-14.75834805,
1983867786,-15.12136694,
1984467746,-14.92154918,
1985067706,-14.96438492,
1985667666,-15.22264235,
1986267626,-14.93650634,
1986867586,-14.9663312,
1987467546,-15.34696995,
1988067506,-15.05736734,
1988667466,-15.15648284,
1989267426,-15.47091882,
1989867386,-15.13027639,
1990467346,-15.44798177,
1991067306,-15.45905987,
1991667266,-15.48462589,
1992267226,-15.41799257,
1992867186,-15.76854904,
1993467146,-15.50633774,
1994067106,-15.55449015,
1994667066,-16.05816853,
1995267026,-15.98663724,
1995866986,-15.90991123,
1996466946,-16.01405554,
1997066906,-16.05193368,
1997666866,-16.33759028,
1998266826,-16.30857482,
1998866786,-16.08927725,
1999466746,-16.21277387,
2000066706,-15.98319696,
2000666666,-16.45332309,
2001266626,-16.22207436,
2001866585,-16.37562009,
2002466545,-16.30154857,
2003066505,-16.33077409,
2003666465,-16.67554258,
2004266425,-16.68613521,
2004866385,-16.52468417,
2005466345,-16.36326677,
2006066305,-16.7280826,
2006666265,-16.77201433,
2007266225,-16.94201058,
2007866185,-16.81380896,
2008466145,-17.080615,
2009066105,-16.95849762,
2009666065,-17.06707144,
2010266025,-17.05364184,
2010865985,-17.0593681,
2011465945,-17.29905587,
2012065905,-17.21755519,
2012665865,-17.54288626,
2013265825,-17.63569771,
2013865785,-17.47969818,
2014465745,-17.62693084,
2015065705,-17.74926475,
2015665665,-17.7609548,
2016265625,-17.83660948,
2016865585,-17.94998255,
2017465545,-17.94221501,
2018065505,-18.00625491,
2018665465,-17.86614939,
2019265425,-18.08427196,
2019865385,-18.19853667,
2020465345,-18.46728711,
2021065305,-18.11277361,
2021665265,-18.27217822,
2022265225,-18.51657799,
2022865185,-18.6485425,
2023465145,-18.55454955,
2024065105,-18.53967001,
2024665065,-18.74138091,
2025265025,-19.01600788,
2025864985,-19.37261959,
2026464945,-19.51273559,
2027064905,-19.46912001,
2027664865,-19.10041171,
2028264825,-19.14362556,
2028864785,-19.65595729,
2029464745,-19.73041267,
2030064705,-19.87544371,
2030664665,-20.00102007,
2031264625,-20.42311312,
2031864585,-19.8936037,
2032464545,-20.17223366,
2033064505,-20.32428441,
2033664465,-20.31967056,
2034264425,-20.81280722,
2034864385,-20.7749922,
2035464345,-20.80673603,
2036064305,-21.19253468,
2036664265,-21.28979457,
2037264225,-21.14118839,
2037864185,-21.58861309,
2038464145,-21.2556072,
2039064105,-21.6941696,
2039664065,-21.71974946,
2040264025,-21.50953792,
2040863985,-22.05824355,
2041463945,-21.67753586,
2042063905,-21.6635858,
2042663865,-21.65314784,
2043263825,-21.92686592,
2043863785,-22.02218722,
2044463745,-22.12024389,
2045063705,-22.0835197,
2045663665,-22.22467309,
2046263625,-22.18262083,
2046863585,-22.47417539,
2047463545,-22.53337287,
2048063505,-22.61008206,
2048663465,-22.79221946,
2049263425,-22.71765591,
2049863385,-22.76840165,
2050463345,-22.94896963,
2051063305,-22.80359115,
2051663265,-23.10186645,
2052263225,-23.13227464,
2052863185,-23.37509339,
2053463145,-23.57097055,
2054063105,-23.52195976,
2054663065,-23.5666294,
2055263025,-23.71871886,
2055862985,-23.9824682,
2056462945,-23.74914225,
2057062905,-23.98049683,
2057662865,-24.11375865,
2058262825,-24.61094391,
2058862785,-24.56509337,
2059462745,-24.52830118,
2060062705,-24.16168799,
2060662665,-24.92770604,
2061262625,-24.32735153,
2061862585,-24.79376812,
2062462545,-24.81313466,
2063062505,-25.16489045,
2063662465,-25.63763504,
2064262425,-24.65593193,
2064862385,-25.52983494,
2065462345,-25.58381626,
2066062305,-25.56109518,
2066662265,-25.52815705,
2067262225,-25.33337524,
2067862185,-25.83509137,
2068462145,-26.17375576,
2069062105,-25.59661962,
2069662065,-25.06213194,
2070262025,-26.42568465,
2070861985,-26.15059106,
2071461945,-26.88293997,
2072061905,-26.2118322,
2072661865,-26.59471107,
2073261825,-26.91568155,
2073861785,-27.0924615,
2074461745,-26.81390033,
2075061705,-26.38783148,
2075661665,-28.20856891,
2076261625,-28.26711083,
2076861585,-28.13168519,
2077461545,-28.6695869,
2078061505,-28.32288282,
2078661465,-27.11615501,
2079261425,-28.47174105,
2079861385,-29.74963175,
2080461345,-28.36748776,
2081061305,-30.09582099,
2081661265,-30.82435678,
2082261225,-31.80212425,
2082861185,-29.60761978,
2083461145,-30.79162087,
2084061105,-31.18365234,
2084661065,-32.58498968,
2085261025,-31.81168555,
2085860985,-31.27743782,
2086460945,-31.72609584,
2087060905,-30.73265282,
2087660865,-30.93332325,
2088260825,-34.29853627,
2088860785,-31.56124469,
2089460745,-33.61043587,
2090060705,-32.53112868,
2090660665,-32.10130377,
2091260625,-33.48849005,
2091860585,-33.10877483,
2092460545,-33.55652448,
2093060505,-33.36098252,
2093660465,-35.42820754,
2094260425,-35.07677274,
2094860385,-35.15743319,
2095460345,-34.38343303,
2096060305,-35.07063579,
2096660265,-37.16068561,
2097260225,-36.61178166,
2097860185,-34.58266749,
2098460145,-34.50461199,
2099060105,-34.05639972,
2099660065,-34.03385605,
2100260025,-35.18249789,
2100859985,-35.47599094,
2101459945,-34.60255829,
2102059905,-34.92037468,
2102659865,-35.05584966,
2103259825,-35.08678974,
2103859785,-37.56426436,
2104459745,-36.12329207,
2105059705,-34.55547546,
2105659665,-36.15131817,
2106259625,-34.81560298,
2106859585,-34.08533427,
2107459545,-36.58980661,
2108059505,-34.89605248,
2108659465,-35.84421785,
2109259425,-36.81702682,
2109859385,-35.75467056,
2110459345,-34.90547082,
2111059305,-36.6968368,
2111659265,-37.69713879,
2112259225,-36.63025216,
2112859185,-36.61233817,
2113459145,-35.63044894,
2114059105,-38.68380004,
2114659065,-35.54258049,
2115259025,-34.62988795,
2115858985,-35.27980906,
2116458945,-35.27310841,
2117058905,-36.86435617,
2117658865,-37.99059241,
2118258825,-34.89591075,
2118858785,-36.52993799,
2119458745,-35.2262549,
2120058705,-35.25276223,
2120658665,-34.18457414,
2121258625,-35.78826485,
2121858585,-34.01522934,
2122458545,-33.81163722,
2123058505,-34.17901781,
2123658465,-34.12810512,
2124258425,-35.89497855,
2124858385,-35.80118589,
2125458345,-33.34830736,
2126058305,-33.81353731,
2126658265,-33.65051639,
2127258225,-34.20295763,
2127858185,-32.79564109,
2128458145,-34.10516021,
2129058105,-32.98081154,
2129658065,-31.47948341,
2130258025,-32.30974283,
2130857985,-33.20299704,
2131457945,-32.37060417,
2132057905,-32.14609648,
2132657865,-31.62556107,
2133257825,-30.79314646,
2133857785,-31.65970084,
2134457745,-31.51858751,
2135057705,-28.95108779,
2135657665,-29.76336615,
2136257625,-29.53423419,
2136857585,-31.2950863,
2137457545,-28.51367587,
2138057505,-27.95196363,
2138657465,-28.60807663,
2139257425,-28.56472373,
2139857385,-27.34262449,
2140457345,-27.14997117,
2141057305,-27.79005008,
2141657265,-27.36402255,
2142257225,-26.91938795,
2142857185,-26.6193226,
2143457145,-26.48968001,
2144057105,-25.44499406,
2144657065,-25.18224684,
2145257025,-25.5339363,
2145856985,-25.86157189,
2146456945,-25.61302017,
2147056905,-25.09537052,
2147656865,-24.63852324,
2148256825,-25.51587316,
2148856785,-24.90721918,
2149456745,-24.99255612,
2150056705,-25.26709333,
2150656665,-24.75210193,
2151256625,-24.37503327,
2151856585,-24.56764636,
2152456545,-24.04878584,
2153056505,-24.30668507,
2153656465,-23.92103576,
2154256425,-23.36800722,
2154856385,-23.49041983,
2155456344,-23.31962907,
2156056304,-23.68102508,
2156656264,-23.55937344,
2157256224,-23.26257608,
2157856184,-22.99647447,
2158456144,-23.55309834,
2159056104,-23.03572196,
2159656064,-22.58742275,
2160256024,-22.47484802,
2160855984,-22.40630399,
2161455944,-22.44668979,
2162055904,-22.16156269,
2162655864,-22.11095187,
2163255824,-21.9711872,
2163855784,-21.67826708,
2164455744,-21.55863834,
2165055704,-21.50486163,
2165655664,-21.53678979,
2166255624,-21.34154831,
2166855584,-21.11113672,
2167455544,-21.06239089,
2168055504,-21.00730618,
2168655464,-21.17900881,
2169255424,-20.82341356,
2169855384,-20.87540757,
2170455344,-20.99367702,
2171055304,-20.30751903,
2171655264,-20.44395389,
2172255224,-20.61984199,
2172855184,-20.11285446,
2173455144,-20.3008422,
2174055104,-19.93345935,
2174655064,-20.19587272,
2175255024,-19.79154145,
2175854984,-19.57331178,
2176454944,-19.52574244,
2177054904,-19.45203854,
2177654864,-18.99319328,
2178254824,-18.61664602,
2178854784,-19.09636837,
2179454744,-18.7178457,
2180054704,-18.70976134,
2180654664,-18.40146285,
2181254624,-18.21887308,
2181854584,-18.13083383,
2182454544,-18.01735556,
2183054504,-17.93280509,
2183654464,-17.95441394,
2184254424,-17.88839415,
2184854384,-17.73142593,
2185454344,-17.20476466,
2186054304,-17.35990482,
2186654264,-17.27163279,
2187254224,-17.27197942,
2187854184,-17.01105124,
2188454144,-17.00747076,
2189054104,-17.05396052,
2189654064,-17.00924879,
2190254024,-16.66553157,
2190853984,-16.71138005,
2191453944,-16.52321161,
2192053904,-16.41480774,
2192653864,-16.38755347,
2193253824,-16.27343728,
2193853784,-16.170302,
2194453744,-16.11306969,
2195053704,-15.97909173,
2195653664,-15.90018909,
2196253624,-15.91794191,
2196853584,-15.80627122,
2197453544,-15.79719061,
2198053504,-15.58869868,
2198653464,-15.73012196,
2199253424,-15.42834064,
2199853384,-15.53591073,
2200453344,-15.26880943,
2201053304,-15.27350336,
2201653264,-14.99613602,
2202253224,-15.16978457,
2202853184,-15.01920743,
2203453144,-14.56832712,
2204053104,-14.58595314,
2204653064,-14.34544,
2205253024,-14.41433067,
2205852984,-14.36493192,
2206452944,-14.36951288,
2207052904,-14.25254925,
2207652864,-14.04853098,
2208252824,-14.01201351,
2208852784,-13.90343463,
2209452744,-13.84815031,
2210052704,-13.79825169,
2210652664,-13.78019719,
2211252624,-13.68376912,
2211852584,-13.58304566,
2212452544,-13.45696526,
2213052504,-13.43362268,
2213652464,-13.38877174,
2214252424,-13.35874152,
2214852384,-13.22443915,
2215452344,-13.29224923,
2216052304,-13.20315446,
2216652264,-13.12657488,
2217252224,-13.01760914,
2217852184,-13.01557964,
2218452144,-12.83309,
2219052104,-12.84191362,
2219652064,-12.85510857,
2220252024,-12.8816602,
2220851984,-12.84569221,
2221451944,-12.67328702,
2222051904,-12.53436335,
2222651864,-12.70240629,
2223251824,-12.52052346,
2223851784,-12.46865789,
2224451744,-12.46767263,
2225051704,-12.25387666,
2225651664,-12.17184232,
2226251624,-12.1073176,
2226851584,-12.1903045,
2227451544,-12.08385981,
2228051504,-12.01867392,
2228651464,-11.81333361,
2229251424,-11.92073836,
2229851384,-11.88176945,
2230451344,-11.74303448,
2231051304,-11.84984675,
2231651264,-11.57808713,
2232251224,-11.57056403,
2232851184,-11.42455208,
2233451144,-11.52156262,
2234051104,-11.39579698,
2234651064,-11.51968979,
2235251024,-11.40012108,
2235850984,-11.45527198,
2236450944,-11.39729814,
2237050904,-11.40241629,
2237650864,-11.37925013,
2238250824,-11.27785922,
2238850784,-11.30759861,
2239450744,-11.17224944,
2240050704,-11.27819524,
2240650664,-11.14124766,
2241250624,-11.18754726,
2241850584,-11.0133713,
2242450544,-11.02306575,
2243050504,-10.88684153,
2243650464,-10.93843558,
2244250424,-11.00951232,
2244850384,-10.96341847,
2245450344,-11.00133826,
2246050304,-10.87988122,
2246650264,-10.86600629,
2247250224,-10.85656748,
2247850184,-10.91371942,
2248450144,-10.78045514,
2249050104,-10.83722091,
2249650064,-10.79780265,
2250250024,-10.91195277,
2250849984,-10.74220933,
2251449944,-10.70295911,
2252049904,-10.74945323,
2252649864,-10.64409349,
2253249824,-10.7663654,
2253849784,-10.5461332,
2254449744,-10.60388576,
2255049704,-10.58151606,
2255649664,-10.54466941,
2256249624,-10.61634579,
2256849584,-10.51275747,
2257449544,-10.54804628,
2258049504,-10.49267113,
2258649464,-10.61764705,
2259249424,-10.46704893,
2259849384,-10.51946369,
2260449344,-10.45645835,
2261049304,-10.45009748,
2261649264,-10.37793405,
2262249224,-10.45101473,
2262849184,-10.33833614,
2263449144,-10.38790491,
2264049104,-10.39273898,
2264649064,-10.444196,
2265249024,-10.33019069,
2265848984,-10.3155064,
2266448944,-10.43032742,
2267048904,-10.28657961,
2267648864,-10.25218221,
2268248824,-10.26429053,
2268848784,-10.23888202,
2269448744,-10.15794153,
2270048704,-10.25153472,
2270648664,-10.23460015,
2271248624,-10.29286924,
2271848584,-10.30249181,
2272448544,-10.08099624,
2273048504,-10.2684704,
2273648464,-10.18970573,
2274248424,-10.33618307,
2274848384,-10.08124586,
2275448344,-10.15682565,
2276048304,-10.15039555,
2276648264,-10.01951392,
2277248224,-10.09816751,
2277848184,-9.980329262,
2278448144,-10.14996184,
2279048104,-10.1073164,
2279648064,-9.964768487,
2280248024,-10.04963373,
2280847984,-10.03220325,
2281447944,-10.06640774,
2282047904,-10.03391213,
2282647864,-10.03062879,
2283247824,-10.08208834,
2283847784,-10.07072123,
2284447744,-9.99031774,
2285047704,-9.916919138,
2285647664,-9.849896167,
2286247624,-10.00939641,
2286847584,-9.922375661,
2287447544,-9.847103808,
2288047504,-9.865178873,
2288647464,-10.00311179,
2289247424,-9.879555602,
2289847384,-9.858134254,
2290447344,-9.958370286,
2291047304,-9.838173552,
2291647264,-9.836653804,
2292247224,-9.817543594,
2292847184,-9.846363151,
2293447144,-9.806825343,
2294047104,-9.96656075,
2294647064,-9.932533122,
2295247024,-9.829167195,
2295846984,-9.798553163,
2296446944,-9.873025759,
2297046904,-9.823019795,
2297646864,-9.805348887,
2298246824,-9.817456642,
2298846784,-9.894012461,
2299446744,-9.752006544,
2300046704,-9.787183166,
2300646664,-9.729261673,
2301246624,-9.784650286,
2301846584,-9.720145495,
2302446544,-9.902590168,
2303046504,-9.769695398,
2303646464,-9.656086316,
2304246424,-9.742785083,
2304846384,-9.860027253,
2305446344,-9.742229422,
2306046304,-9.617647882,
2306646264,-9.668223113,
2307246224,-9.555239063,
2307846184,-9.745884176,
2308446144,-9.537070387,
2309046103,-9.669998546,
2309646063,-9.584007121,
2310246023,-9.491929342,
2310845983,-9.541387178,
2311445943,-9.750104058,
2312045903,-9.646177386,
2312645863,-9.489563154,
2313245823,-9.507064431,
2313845783,-9.626910695,
2314445743,-9.435456492,
2315045703,-9.610008505,
2315645663,-9.489933927,
2316245623,-9.489086186,
2316845583,-9.389773587,
2317445543,-9.509059645,
2318045503,-9.464985113,
2318645463,-9.542663091,
2319245423,-9.415942971,
2319845383,-9.473711625,
2320445343,-9.401545139,
2321045303,-9.380235329,
2321645263,-9.321881182,
2322245223,-9.459802436,
2322845183,-9.466409572,
2323445143,-9.369990022,
2324045103,-9.447287184,
2324645063,-9.329773039,
2325245023,-9.3866581,
2325844983,-9.324754003,
2326444943,-9.254385746,
2327044903,-9.257161184,
2327644863,-9.254837601,
2328244823,-9.376661343,
2328844783,-9.306472233,
2329444743,-9.194393191,
2330044703,-9.190824386,
2330644663,-9.085445776,
2331244623,-9.107056779,
2331844583,-9.16144876,
2332444543,-9.164071329,
2333044503,-9.108394963,
2333644463,-9.15726188,
2334244423,-9.055377429,
2334844383,-9.017029468,
2335444343,-9.011287769,
2336044303,-9.044312533,
2336644263,-8.958279429,
2337244223,-9.029724606,
2337844183,-8.975768452,
2338444143,-8.833876724,
2339044103,-8.961586083,
2339644063,-8.943012617,
2340244023,-8.936862188,
2340843983,-8.864262196,
2341443943,-8.742371356,
2342043903,-8.821119232,
2342643863,-8.862925145,
2343243823,-8.763935268,
2343843783,-8.721139299,
2344443743,-8.72060113,
2345043703,-8.697727922,
2345643663,-8.714297199,
2346243623,-8.645822377,
2346843583,-8.648941441,
2347443543,-8.641658638,
2348043503,-8.549821339,
2348643463,-8.663871022,
2349243423,-8.622066434,
2349843383,-8.57677435,
2350443343,-8.498394855,
2351043303,-8.505326296,
2351643263,-8.563338604,
2352243223,-8.479399819,
2352843183,-8.511192706,
2353443143,-8.456308246,
2354043103,-8.371630345,
2354643063,-8.35986222,
2355243023,-8.462814274,
2355842983,-8.386230558,
2356442943,-8.325903738,
2357042903,-8.378291678,
2357642863,-8.11671275,
2358242823,-8.32027501,
2358842783,-8.235577334,
2359442743,-8.140890454,
2360042703,-8.248892327,
2360642663,-8.167913971,
2361242623,-8.086682493,
2361842583,-8.044053391,
2362442543,-8.023701884,
2363042503,-7.979027254,
2363642463,-7.990822604,
2364242423,-8.019182244,
2364842383,-7.851648846,
2365442343,-7.861912437,
2366042303,-7.777292469,
2366642263,-7.802355663,
2367242223,-7.766161787,
2367842183,-7.844207456,
2368442143,-7.711116994,
2369042103,-7.780808173,
2369642063,-7.699843345,
2370242023,-7.686347964,
2370841983,-7.697905346,
2371441943,-7.54355656,
2372041903,-7.624874444,
2372641863,-7.608403856,
2373241823,-7.572198371,
2373841783,-7.510316474,
2374441743,-7.512908285,
2375041703,-7.432820371,
2375641663,-7.385737358,
2376241623,-7.352093997,
2376841583,-7.390575155,
2377441543,-7.434322133,
2378041503,-7.379293211,
2378641463,-7.286996872,
2379241423,-7.363261138,
2379841383,-7.277458551,
2380441343,-7.283090358,
2381041303,-7.196809803,
2381641263,-7.308785934,
2382241223,-7.163532157,
2382841183,-7.225723286,
2383441143,-7.118135006,
2384041103,-7.253828997,
2384641063,-7.111332969,
2385241023,-7.121282886,
2385840983,-7.126441487,
2386440943,-6.979736307,
2387040903,-7.197240932,
2387640863,-7.136593515,
2388240823,-7.046623421,
2388840783,-6.953234289,
2389440743,-6.94468635,
2390040703,-6.938056133,
2390640663,-6.913706997,
2391240623,-7.044999543,
2391840583,-6.904194071,
2392440543,-6.804196486,
2393040503,-6.860812854,
2393640463,-6.728729566,
2394240423,-6.745558699,
2394840383,-6.805034401,
2395440343,-6.764211291,
2396040303,-6.615147981,
2396640263,-6.636938406,
2397240223,-6.756744406,
2397840183,-6.693876987,
2398440143,-6.518145641,
2399040103,-6.649423583,
2399640063,-6.505719245,
2400240023,-6.505789377,
2400839983,-6.470477309,
2401439943,-6.410172542,
2402039903,-6.518283518,
2402639863,-6.468899388,
2403239823,-6.46864482,
2403839783,-6.408385016,
2404439743,-6.316195128,
2405039703,-6.484012487,
2405639663,-6.413016275,
2406239623,-6.263988723,
2406839583,-6.432934249,
2407439543,-6.360741981,
2408039503,-6.314850072,
2408639463,-6.29220576,
2409239423,-6.288579875,
2409839383,-6.329491234,
2410439343,-6.334840314,
2411039303,-6.366366537,
2411639263,-6.31545975,
2412239223,-6.211466746,
2412839183,-6.17588147,
2413439143,-6.222151299,
2414039103,-6.212509531,
2414639063,-6.230824464,
2415239023,-6.153481653,
2415838983,-6.255472649,
2416438943,-6.235921822,
2417038903,-6.097747081,
2417638863,-6.178715847,
2418238823,-6.126620049,
2418838783,-6.09727608,
2419438743,-6.116139656,
2420038703,-6.203394837,
2420638663,-6.093388096,
2421238623,-6.11974729,
2421838583,-6.07872189,
2422438543,-5.9969105,
2423038503,-6.132450451,
2423638463,-6.066226966,
2424238423,-6.098112258,
2424838383,-6.101396966,
2425438343,-6.068428202,
2426038303,-6.029518652,
2426638263,-6.093329303,
2427238223,-6.036747857,
2427838183,-6.038205443,
2428438143,-6.056377502,
2429038103,-6.058662367,
2429638063,-6.014181052,
2430238023,-5.972812142,
2430837983,-6.074912797,
2431437943,-6.008206787,
2432037903,-5.991667039,
2432637863,-6.00885262,
2433237823,-5.995346209,
2433837783,-6.006873157,
2434437743,-5.976616131,
2435037703,-6.014818436,
2435637663,-5.99173238,
2436237623,-5.972862825,
2436837583,-5.929165829,
2437437543,-5.964288752,
2438037503,-5.975811737,
2438637463,-5.986284979,
2439237423,-5.975485495,
2439837383,-5.928570585,
2440437343,-5.938702399,
2441037303,-5.975356942,
2441637263,-5.968084427,
2442237223,-5.994772852,
2442837183,-5.895576965,
2443437143,-5.883878107,
2444037103,-5.947215604,
2444637063,-5.993815962,
2445237023,-5.908474076,
2445836983,-5.921018875,
2446436943,-6.011723493,
2447036903,-5.857403207,
2447636863,-5.926994877,
2448236823,-5.951171266,
2448836783,-5.935505422,
2449436743,-5.882143291,
2450036703,-5.933644392,
2450636663,-5.844505237,
2451236623,-5.947309238,
2451836583,-5.861016409,
2452436543,-5.912448838,
2453036503,-5.948696164,
2453636463,-5.930333499,
2454236423,-5.850028887,
2454836383,-5.989902763,
2455436343,-5.947764735,
2456036303,-5.873363902,
2456636263,-5.832830571,
2457236223,-5.866661085,
2457836183,-5.88101876,
2458436143,-5.812618284,
2459036103,-5.899337969,
2459636063,-5.911207557,
2460236023,-5.909957415,
2460835983,-5.853448859,
2461435943,-5.868634387,
2462035903,-5.897084005,
2462635863,-5.905167934,
2463235822,-5.829843653,
2463835782,-5.796678166,
2464435742,-5.941340562,
2465035702,-5.854930603,
2465635662,-5.868168043,
2466235622,-5.879050704,
2466835582,-5.857453707,
2467435542,-5.878431769,
2468035502,-5.851822937,
2468635462,-5.843279245,
2469235422,-5.806609023,
2469835382,-5.810309162,
2470435342,-5.718116384,
2471035302,-5.879820594,
2471635262,-5.774512849,
2472235222,-5.822775185,
2472835182,-5.804906077,
2473435142,-5.845993277,
2474035102,-5.837965788,
2474635062,-5.890316733,
2475235022,-5.798336322,
2475834982,-5.859771699,
2476434942,-5.831515006,
2477034902,-5.809051799,
2477634862,-5.772279625,
2478234822,-5.763792359,
2478834782,-5.789960995,
2479434742,-5.756977311,
2480034702,-5.820900509,
2480634662,-5.867653758,
2481234622,-5.802757175,
2481834582,-5.68089154,
2482434542,-5.766571744,
2483034502,-5.744773907,
2483634462,-5.721715546,
2484234422,-5.761835488,
2484834382,-5.75514702,
2485434342,-5.787140531,
2486034302,-5.71982332,
2486634262,-5.623475902,
2487234222,-5.840694859,
2487834182,-5.76131562,
2488434142,-5.834596612,
2489034102,-5.820822796,
2489634062,-5.698504476,
2490234022,-5.694356522,
2490833982,-5.750198928,
2491433942,-5.714647173,
2492033902,-5.727238912,
2492633862,-5.749600823,
2493233822,-5.78320814,
2493833782,-5.705866564,
2494433742,-5.749547016,
2495033702,-5.657833552,
2495633662,-5.765270989,
2496233622,-5.775433109,
2496833582,-5.706095238,
2497433542,-5.642497773,
2498033502,-5.739938416,
2498633462,-5.640899122,
2499233422,-5.705770071,
2499833382,-5.683068657,
2500433342,-5.671149242,
2501033302,-5.725988008,
2501633262,-5.748101139,
2502233222,-5.614721385,
2502833182,-5.68264167,
2503433142,-5.702629238,
2504033102,-5.68740337,
2504633062,-5.715956746,
2505233022,-5.618368721,
2505832982,-5.621933627,
2506432942,-5.698413195,
2507032902,-5.605507355,
2507632862,-5.639186325,
2508232822,-5.648525192,
2508832782,-5.621843229,
2509432742,-5.569181451,
2510032702,-5.638539551,
2510632662,-5.701622051,
2511232622,-5.676984835,
2511832582,-5.583759202,
2512432542,-5.576862429,
2513032502,-5.675616208,
2513632462,-5.640225623,
2514232422,-5.647100994,
2514832382,-5.636012509,
2515432342,-5.60763979,
2516032302,-5.616040225,
2516632262,-5.63863988,
2517232222,-5.630882409,
2517832182,-5.651558396,
2518432142,-5.592059546,
2519032102,-5.564466632,
2519632062,-5.664557634,
2520232022,-5.595684677,
2520831982,-5.565216221,
2521431942,-5.639479756,
2522031902,-5.648652511,
2522631862,-5.604749479,
2523231822,-5.52676238,
2523831782,-5.6303761,
2524431742,-5.618517466,
2525031702,-5.661054087,
2525631662,-5.673700014,
2526231622,-5.715017531,
2526831582,-5.631021387,
2527431542,-5.621399034,
2528031502,-5.602855993,
2528631462,-5.603030458,
2529231422,-5.579221695,
2529831382,-5.659566148,
2530431342,-5.744604718,
2531031302,-5.566967449,
2531631262,-5.684884564,
2532231222,-5.597368998,
2532831182,-5.614390283,
2533431142,-5.734914213,
2534031102,-5.575401682,
2534631062,-5.818607833,
2535231022,-5.744364649,
2535830982,-5.677934601,
2536430942,-5.594485768,
2537030902,-5.684545898,
2537630862,-5.770540626,
2538230822,-5.627075498,
2538830782,-5.627822334,
2539430742,-5.739059956,
2540030702,-5.698732235,
2540630662,-5.743514469,
2541230622,-5.687122299,
2541830582,-5.728434961,
2542430542,-5.716241959,
2543030502,-5.741873295,
2543630462,-5.756576971,
2544230422,-5.694071299,
2544830382,-5.725818269,
2545430342,-5.773123795,
2546030302,-5.697999108,
2546630262,-5.663046249,
2547230222,-5.740583062,
2547830182,-5.708378391,
2548430142,-5.757117625,
2549030102,-5.727025684,
2549630062,-5.808445891,
2550230022,-5.759007501,
2550829982,-5.713671424,
2551429942,-5.825794023,
2552029902,-5.802444594,
2552629862,-5.719417959,
2553229822,-5.743217976,
2553829782,-5.756625564,
2554429742,-5.737609135,
2555029702,-5.800687651,
2555629662,-5.826534551,
2556229622,-5.758014145,
2556829582,-5.830705814,
2557429542,-5.799122141,
2558029502,-5.814532536,
2558629462,-5.881214087,
2559229422,-5.79740295,
2559829382,-5.783205345,
2560429342,-5.813983251,
2561029302,-5.829103465,
2561629262,-5.802156061,
2562229222,-5.810339664,
2562829182,-5.783667766,
2563429142,-5.84490315,
2564029102,-5.86259121,
2564629062,-5.826321442,
2565229022,-5.834489369,
2565828982,-5.815271741,
2566428942,-5.889781734,
2567028902,-5.942434218,
2567628862,-5.858300929,
2568228822,-5.76762658,
2568828782,-5.932536181,
2569428742,-5.76716488,
2570028702,-5.848732842,
2570628662,-5.825325174,
2571228622,-5.881353487,
2571828582,-5.830595561,
2572428542,-5.903520819,
2573028502,-5.887175515,
2573628462,-5.834921294,
2574228422,-5.851161838,
2574828382,-5.971760529,
2575428342,-5.951053594,
2576028302,-5.843945835,
2576628262,-5.896219568,
2577228222,-5.96878095,
2577828182,-5.863827814,
2578428142,-5.906438329,
2579028102,-5.90330881,
2579628062,-5.92167183,
2580228022,-5.873649924,
2580827982,-5.908644673,
2581427942,-5.865760828,
2582027902,-5.846884343,
2582627862,-5.894274305,
2583227822,-5.972407264,
2583827782,-5.915811456,
2584427742,-5.932092621,
2585027702,-5.941300103,
2585627662,-5.938908161,
2586227622,-5.959106861,
2586827582,-5.922487693,
2587427542,-5.895821626,
2588027502,-5.940291895,
2588627462,-6.026039292,
2589227422,-5.874946005,
2589827382,-5.924959494,
2590427342,-5.92940994,
2591027302,-5.934838255,
2591627262,-5.982297715,
2592227222,-5.929361448,
2592827182,-6.014376166,
2593427142,-5.928326332,
2594027102,-5.931615444,
2594627062,-5.927088333,
2595227022,-6.001285511,
2595826982,-5.971852001,
2596426942,-6.008100134,
2597026902,-5.960138073,
2597626862,-5.881303264,
2598226822,-6.004652404,
2598826782,-5.976191303,
2599426742,-5.927844878,
2600026702,-6.009325661,
2600626662,-6.039503684,
2601226622,-5.980032136,
2601826582,-5.987982352,
2602426542,-5.885537545,
2603026502,-5.989462732,
2603626462,-6.032356363,
2604226422,-5.997409989,
2604826382,-6.006175712,
2605426342,-5.998383604,
2606026302,-5.899550904,
2606626262,-5.982647815,
2607226222,-6.011037706,
2607826182,-6.007754908,
2608426142,-5.96141437,
2609026102,-6.006299021,
2609626062,-6.038046161,
2610226022,-5.984188955,
2610825982,-5.994950075,
2611425942,-5.990094198,
2612025902,-5.982147825,
2612625862,-6.00369032,
2613225822,-6.001394284,
2613825782,-6.02064866,
2614425742,-5.980207175,
2615025702,-6.041182323,
2615625662,-6.06925823,
2616225622,-6.052524861,
2616825581,-5.967772738,
2617425541,-5.993685728,
2618025501,-6.189398038,
2618625461,-6.133292133,
2619225421,-6.108807891,
2619825381,-6.082956704,
2620425341,-6.160777112,
2621025301,-6.114351966,
2621625261,-6.13302824,
2622225221,-6.054975689,
2622825181,-6.058357001,
2623425141,-6.138567367,
2624025101,-6.16463454,
2624625061,-6.071665441,
2625225021,-6.141680746,
2625824981,-6.19494798,
2626424941,-6.209534766,
2627024901,-6.200704867,
2627624861,-6.113849642,
2628224821,-6.23865212,
2628824781,-6.15904624,
2629424741,-6.217011025,
2630024701,-6.259381608,
2630624661,-6.192758633,
2631224621,-6.324119067,
2631824581,-6.300452552,
2632424541,-6.248863787,
2633024501,-6.187121167,
2633624461,-6.299346507,
2634224421,-6.367644361,
2634824381,-6.299567924,
2635424341,-6.355531942,
2636024301,-6.351421502,
2636624261,-6.444114937,
2637224221,-6.373523418,
2637824181,-6.377041319,
2638424141,-6.394445372,
2639024101,-6.443428633,
2639624061,-6.316222073,
2640224021,-6.471990596,
2640823981,-6.535410917,
2641423941,-6.492839294,
2642023901,-6.506011951,
2642623861,-6.463869928,
2643223821,-6.532374545,
2643823781,-6.461858973,
2644423741,-6.621001058,
2645023701,-6.542537408,
2645623661,-6.548773073,
2646223621,-6.634762918,
2646823581,-6.658055189,
2647423541,-6.547651094,
2648023501,-6.626625653,
2648623461,-6.630338742,
2649223421,-6.734618422,
2649823381,-6.742227047,
2650423341,-6.670740845,
2651023301,-6.66313914,
2651623261,-6.70096728,
2652223221,-6.723282298,
2652823181,-6.857353476,
2653423141,-6.814770585,
2654023101,-6.77098369,
2654623061,-6.806827063,
2655223021,-6.717285724,
2655822981,-6.887438064,
2656422941,-6.825857043,
2657022901,-7.013317705,
2657622861,-6.843501208,
2658222821,-6.790789418,
2658822781,-6.85913299,
2659422741,-7.01992393,
2660022701,-6.920979558,
2660622661,-6.959693027,
2661222621,-6.908489346,
2661822581,-7.014502509,
2662422541,-6.989229598,
2663022501,-7.038185259,
2663622461,-7.088554564,
2664222421,-7.126169452,
2664822381,-7.01581733,
2665422341,-7.119550855,
2666022301,-7.145199576,
2666622261,-7.226508553,
2667222221,-7.134656847,
2667822181,-7.172240333,
2668422141,-7.199616818,
2669022101,-7.28957296,
2669622061,-7.280089197,
2670222021,-7.234901418,
2670821981,-7.216790252,
2671421941,-7.314135729,
2672021901,-7.225762032,
2672621861,-7.332999838,
2673221821,-7.339866403,
2673821781,-7.230377624,
2674421741,-7.293156279,
2675021701,-7.33571655,
2675621661,-7.329686862,
2676221621,-7.451004454,
2676821581,-7.390087541,
2677421541,-7.395545282,
2678021501,-7.294338983,
2678621461,-7.440786448,
2679221421,-7.447366162,
2679821381,-7.514278609,
2680421341,-7.463070717,
2681021301,-7.472306189,
2681621261,-7.482171816,
2682221221,-7.527749198,
2682821181,-7.466652173,
2683421141,-7.490834353,
2684021101,-7.436016686,
2684621061,-7.493913843,
2685221021,-7.555380715,
2685820981,-7.55635888,
2686420941,-7.574997853,
2687020901,-7.535832477,
2687620861,-7.577958749,
2688220821,-7.599050799,
2688820781,-7.645564943,
2689420741,-7.522368736,
2690020701,-7.538965571,
2690620661,-7.614104068,
2691220621,-7.649458483,
2691820581,-7.622830509,
2692420541,-7.701336413,
2693020501,-7.68053269,
2693620461,-7.64440255,
2694220421,-7.661267277,
2694820381,-7.703963376,
2695420341,-7.753690782,
2696020301,-7.799946399,
2696620261,-7.699736238,
2697220221,-7.758329992,
2697820181,-7.714250259,
2698420141,-7.75765008,
2699020101,-7.751483595,
2699620061,-7.82724929,
2700220021,-7.774401834,
2700819981,-7.730334972,
2701419941,-7.791411691,
2702019901,-7.718460027,
2702619861,-7.805027627,
2703219821,-7.726489257,
2703819781,-7.796976782,
2704419741,-7.733335664,
2705019701,-7.752642305,
2705619661,-7.721158896,
2706219621,-7.801207254,
2706819581,-7.815410194,
2707419541,-7.750828428,
2708019501,-7.79155061,
2708619461,-7.713095612,
2709219421,-7.872634632,
2709819381,-7.796445747,
2710419341,-7.822034488,
2711019301,-7.850507563,
2711619261,-7.793804526,
2712219221,-7.799137365,
2712819181,-7.833504207,
2713419141,-7.829688673,
2714019101,-7.821409603,
2714619061,-7.825945614,
2715219021,-7.751958603,
2715818981,-7.713064134,
2716418941,-7.793482862,
2717018901,-7.851604445,
2717618861,-7.806616447,
2718218821,-7.743471544,
2718818781,-7.773374836,
2719418741,-7.794493308,
2720018701,-7.701316482,
2720618661,-7.714609455,
2721218621,-7.66262571,
2721818581,-7.731357281,
2722418541,-7.7834822,
2723018501,-7.826854526,
2723618461,-7.69071003,
2724218421,-7.795873624,
2724818381,-7.781153792,
2725418341,-7.725196447,
2726018301,-7.682680157,
2726618261,-7.705883656,
2727218221,-7.690283166,
2727818181,-7.723082264,
2728418141,-7.691752525,
2729018101,-7.702853634,
2729618061,-7.692464062,
2730218021,-7.690325788,
2730817981,-7.711809164,
2731417941,-7.69696124,
2732017901,-7.641277022,
2732617861,-7.635401251,
2733217821,-7.649573535,
2733817781,-7.601788024,
2734417741,-7.580175769,
2735017701,-7.582525263,
2735617661,-7.553853878,
2736217621,-7.590151059,
2736817581,-7.57451142,
2737417541,-7.593979204,
2738017501,-7.626849595,
2738617461,-7.590984836,
2739217421,-7.563510322,
2739817381,-7.627870479,
2740417341,-7.658142898,
2741017301,-7.55998448,
2741617261,-7.563330995,
2742217221,-7.537779689,
2742817181,-7.546251398,
2743417141,-7.47480318,
2744017101,-7.556945228,
2744617061,-7.535524147,
2745217021,-7.510040485,
2745816981,-7.426041233,
2746416941,-7.446262195,
2747016901,-7.442171221,
2747616861,-7.404044503,
2748216821,-7.442549782,
2748816781,-7.417743557,
2749416741,-7.400487782,
2750016701,-7.438586003,
2750616661,-7.4106165,
2751216621,-7.480200553,
2751816581,-7.399900649,
2752416541,-7.336005774,
2753016501,-7.374421833,
2753616461,-7.316823997,
2754216421,-7.351657714,
2754816381,-7.321804938,
2755416341,-7.19852986,
2756016301,-7.31532288,
2756616261,-7.330929426,
2757216221,-7.281578821,
2757816181,-7.230212596,
2758416141,-7.182997422,
2759016101,-7.21835062,
2759616061,-7.247704644,
2760216021,-7.237432369,
2760815981,-7.203547328,
2761415941,-7.161439011,
2762015901,-7.227680615,
2762615861,-7.085399766,
2763215821,-7.202480147,
2763815781,-7.246556356,
2764415741,-7.210892298,
2765015701,-7.189440388,
2765615661,-7.096560266,
2766215621,-7.18435272,
2766815581,-7.056873786,
2767415541,-7.084518762,
2768015501,-7.141555389,
2768615461,-7.122970845,
2769215421,-7.109180482,
2769815381,-7.121406111,
2770415340,-7.177268747,
2771015300,-7.002195326,
2771615260,-7.104482129,
2772215220,-7.159181583,
2772815180,-7.095025894,
2773415140,-7.138449464,
2774015100,-7.107744484,
2774615060,-7.13478288,
2775215020,-7.119268147,
2775814980,-7.121124908,
2776414940,-7.061994167,
2777014900,-7.131165139,
2777614860,-7.067402266,
2778214820,-7.04074593,
2778814780,-7.039550526,
2779414740,-7.038480803,
2780014700,-7.061886198,
2780614660,-7.126048762,
2781214620,-7.103441086,
2781814580,-7.060814098,
2782414540,-7.074823788,
2783014500,-7.105652937,
2783614460,-6.980057299,
2784214420,-7.097082061,
2784814380,-6.970456373,
2785414340,-7.035409758,
2786014300,-7.002168693,
2786614260,-7.033489075,
2787214220,-7.032369118,
2787814180,-7.017957911,
2788414140,-7.066836329,
2789014100,-7.064706503,
2789614060,-6.97861195,
2790214020,-7.058556603,
2790813980,-6.996982232,
2791413940,-7.061149831,
2792013900,-7.072439465,
2792613860,-7.026295876,
2793213820,-7.050952106,
2793813780,-6.99268662,
2794413740,-7.028974711,
2795013700,-7.04008674,
2795613660,-7.062974079,
2796213620,-7.062603319,
2796813580,-7.08196035,
2797413540,-7.070814257,
2798013500,-7.041730851,
2798613460,-7.025173073,
2799213420,-7.051568788,
2799813380,-7.072699296,
2800413340,-7.011808293,
2801013300,-7.092659934,
2801613260,-7.053200296,
2802213220,-7.060533163,
2802813180,-7.065606032,
2803413140,-7.126237463,
2804013100,-7.016345781,
2804613060,-7.047529239,
2805213020,-7.101563539,
2805812980,-7.029561553,
2806412940,-7.045328171,
2807012900,-7.047842406,
2807612860,-7.086010358,
2808212820,-7.074688996,
2808812780,-7.090305947,
2809412740,-7.102499406,
2810012700,-7.076022916,
2810612660,-7.071029632,
2811212620,-7.118690332,
2811812580,-7.102518782,
2812412540,-7.058666428,
2813012500,-7.076889134,
2813612460,-7.12639417,
2814212420,-7.093581485,
2814812380,-6.999117697,
2815412340,-7.083926447,
2816012300,-7.171999321,
2816612260,-7.163000585,
2817212220,-7.141701724,
2817812180,-7.082532864,
2818412140,-7.111041191,
2819012100,-7.117846321,
2819612060,-7.12491511,
2820212020,-7.129051512,
2820811980,-7.130513499,
2821411940,-7.222019318,
2822011900,-7.16575152,
2822611860,-7.13650203,
2823211820,-7.05029756,
2823811780,-7.178822663,
2824411740,-7.189547721,
2825011700,-7.172106594,
2825611660,-7.132484086,
2826211620,-7.238110969,
2826811580,-7.161829263,
2827411540,-7.087052935,
2828011500,-7.231347978,
2828611460,-7.208053461,
2829211420,-7.168796805,
2829811380,-7.127257281,
2830411340,-7.160080771,
2831011300,-7.18515937,
2831611260,-7.217952303,
2832211220,-7.155017538,
2832811180,-7.199255814,
2833411140,-7.206918885,
2834011100,-7.216087076,
2834611060,-7.269320126,
2835211020,-7.245994901,
2835810980,-7.212685474,
2836410940,-7.258420447,
2837010900,-7.232034956,
2837610860,-7.186679571,
2838210820,-7.389706423,
2838810780,-7.274339009,
2839410740,-7.287073847,
2840010700,-7.247843937,
2840610660,-7.279224613,
2841210620,-7.318009546,
2841810580,-7.255791491,
2842410540,-7.314604108,
2843010500,-7.29805069,
2843610460,-7.34299924,
2844210420,-7.354797479,
2844810380,-7.330695837,
2845410340,-7.30058284,
2846010300,-7.320266339,
2846610260,-7.311629351,
2847210220,-7.272614522,
2847810180,-7.276563126,
2848410140,-7.282813286,
2849010100,-7.285362525,
2849610060,-7.35644192,
2850210020,-7.278841676,
2850809980,-7.420965815,
2851409940,-7.27980078,
2852009900,-7.321895054,
2852609860,-7.291749574,
2853209820,-7.298764626,
2853809780,-7.44450307,
2854409740,-7.427872165,
2855009700,-7.3798001,
2855609660,-7.485818375,
2856209620,-7.467255133,
2856809580,-7.395916263,
2857409540,-7.397408239,
2858009500,-7.440604803,
2858609460,-7.386002891,
2859209420,-7.376545069,
2859809380,-7.454755838,
2860409340,-7.498731199,
2861009300,-7.420344621,
2861609260,-7.512012805,
2862209220,-7.51212933,
2862809180,-7.496147835,
2863409140,-7.546021815,
2864009100,-7.460478067,
2864609060,-7.588340282,
2865209020,-7.503152915,
2865808980,-7.627198136,
2866408940,-7.508934117,
2867008900,-7.653573925,
2867608860,-7.430034611,
2868208820,-7.632486331,
2868808780,-7.687233858,
2869408740,-7.701042428,
2870008700,-7.652651151,
2870608660,-7.647770159,
2871208620,-7.631225054,
2871808580,-7.635314312,
2872408540,-7.758095399,
2873008500,-7.828575922,
2873608460,-7.741907686,
2874208420,-7.613944423,
2874808380,-7.737987014,
2875408340,-7.784731254,
2876008300,-7.817846153,
2876608260,-7.825501042,
2877208220,-7.664956923,
2877808180,-7.805430959,
2878408140,-7.78468602,
2879008100,-7.802947479,
2879608060,-7.908782653,
2880208020,-7.995076213,
2880807980,-7.927490946,
2881407940,-7.806442756,
2882007900,-7.985015934,
2882607860,-7.983789926,
2883207820,-7.944158481,
2883807780,-7.949236817,
2884407740,-8.033444881,
2885007700,-7.939490823,
2885607660,-7.930140073,
2886207620,-8.077893582,
2886807580,-8.05865702,
2887407540,-8.121228539,
2888007500,-8.022396979,
2888607460,-8.111988525,
2889207420,-8.082588157,
2889807380,-8.171411902,
2890407340,-8.011914096,
2891007300,-8.176562009,
2891607260,-8.09982417,
2892207220,-8.103999685,
2892807180,-8.141595793,
2893407140,-8.208785296,
2894007100,-8.197696892,
2894607060,-8.308417591,
2895207020,-8.250194444,
2895806980,-8.31503078,
2896406940,-8.229703207,
2897006900,-8.241457103,
2897606860,-8.332765624,
2898206820,-8.256454291,
2898806780,-8.337058502,
2899406740,-8.360021065,
2900006700,-8.335434209,
2900606660,-8.293668535,
2901206620,-8.407562463,
2901806580,-8.402018494,
2902406540,-8.399980062,
2903006500,-8.440311755,
2903606460,-8.453612362,
2904206420,-8.497926773,
2904806380,-8.476913754,
2905406340,-8.516938196,
2906006300,-8.435159584,
2906606260,-8.505413568,
2907206220,-8.601693175,
2907806180,-8.541545992,
2908406140,-8.590689986,
2909006100,-8.588799704,
2909606060,-8.531146727,
2910206020,-8.58072107,
2910805980,-8.643446404,
2911405940,-8.555670655,
2912005900,-8.686199497,
2912605860,-8.650432313,
2913205820,-8.635234556,
2913805780,-8.676462142,
2914405740,-8.734554266,
2915005700,-8.742306627,
2915605660,-8.782216907,
2916205620,-8.776990978,
2916805580,-8.831349222,
2917405540,-8.965264832,
2918005500,-8.799534283,
2918605460,-8.800497978,
2919205420,-8.877108404,
2919805380,-8.8260541,
2920405340,-8.894407649,
2921005300,-8.874799604,
2921605260,-8.770833822,
2922205220,-8.875527889,
2922805180,-8.890525426,
2923405140,-8.942784954,
2924005100,-8.999809615,
2924605059,-8.909457401,
2925205019,-8.957822731,
2925804979,-9.0251625,
2926404939,-8.913972044,
2927004899,-8.875346178,
2927604859,-8.870658447,
2928204819,-9.108172081,
2928804779,-9.062808623,
2929404739,-9.002408508,
2930004699,-8.985513199,
2930604659,-9.056570119,
2931204619,-9.054009883,
2931804579,-9.106626054,
2932404539,-8.995071381,
2933004499,-9.093847944,
2933604459,-9.086172873,
2934204419,-9.109443454,
2934804379,-9.155553529,
2935404339,-9.189047333,
2936004299,-9.109713697,
2936604259,-9.134554517,
2937204219,-9.239196063,
2937804179,-9.249801945,
2938404139,-9.161369278,
2939004099,-9.031118386,
2939604059,-9.108152153,
2940204019,-9.260256732,
2940803979,-9.281294084,
2941403939,-9.134816507,
2942003899,-9.219576081,
2942603859,-9.116898414,
2943203819,-9.131188209,
2943803779,-9.31185027,
2944403739,-9.343919383,
2945003699,-9.302694386,
2945603659,-9.287194107,
2946203619,-9.193476293,
2946803579,-9.243030887,
2947403539,-9.198877155,
2948003499,-9.315351629,
2948603459,-9.205147012,
2949203419,-9.292968784,
2949803379,-9.255915176,
2950403339,-9.233801115,
2951003299,-9.193584658,
2951603259,-9.325124823,
2952203219,-9.231262334,
2952803179,-9.256396685,
2953403139,-9.26111403,
2954003099,-9.332619746,
2954603059,-9.212620189,
2955203019,-9.202627405,
2955802979,-9.22748277,
2956402939,-9.179778074,
2957002899,-9.241888597,
2957602859,-9.277117253,
2958202819,-9.199861956,
2958802779,-9.221600976,
2959402739,-9.347299081,
2960002699,-9.255007949,
2960602659,-9.324001173,
2961202619,-9.226780581,
2961802579,-9.287204355,
2962402539,-9.284337925,
2963002499,-9.268495211,
2963602459,-9.222916906,
2964202419,-9.222721302,
2964802379,-9.18026696,
2965402339,-9.239353594,
2966002299,-9.127588594,
2966602259,-9.108009626,
2967202219,-9.192376248,
2967802179,-9.201365262,
2968402139,-9.259195103,
2969002099,-9.2840667,
2969602059,-9.204579596,
2970202019,-9.172680076,
2970801979,-9.132817395,
2971401939,-9.249212455,
2972001899,-9.045176337,
2972601859,-9.103482722,
2973201819,-9.109695796,
2973801779,-9.198647975,
2974401739,-9.080114159,
2975001699,-9.149033639,
2975601659,-9.09485913,
2976201619,-9.044129403,
2976801579,-9.121643909,
2977401539,-9.076596229,
2978001499,-9.138945536,
2978601459,-9.117502015,
2979201419,-9.066708067,
2979801379,-9.088707857,
2980401339,-9.040641255,
2981001299,-8.956244996,
2981601259,-9.044924974,
2982201219,-9.119093467,
2982801179,-9.016249694,
2983401139,-8.91539417,
2984001099,-9.025520856,
2984601059,-9.013476404,
2985201019,-8.896221462,
2985800979,-9.051838489,
2986400939,-9.046038984,
2987000899,-8.998513204,
2987600859,-9.046127624,
2988200819,-8.959202169,
2988800779,-8.825238142,
2989400739,-8.931827156,
2990000699,-8.88186088,
2990600659,-9.009209031,
2991200619,-8.930717657,
2991800579,-8.810852094,
2992400539,-8.868881607,
2993000499,-8.88343087,
2993600459,-8.825250715,
2994200419,-8.878609915,
2994800379,-8.952752336,
2995400339,-8.888016798,
2996000299,-8.860859985,
2996600259,-8.961245906,
2997200219,-8.880011629,
2997800179,-8.799819716,
2998400139,-8.85939961,
2999000099,-8.835784844,
2999600059,-8.798350962,
3000200019,-8.802732413,
3000799979,-8.748586096,
3001399939,-8.774178617,
3001999899,-8.735024466,
3002599859,-8.729559418,
3003199819,-8.685860967,
3003799779,-8.650495887,
3004399739,-8.696772034,
3004999699,-8.740300983,
3005599659,-8.68871118,
3006199619,-8.679018805,
3006799579,-8.634095245,
3007399539,-8.676721615,
3007999499,-8.65317293,
3008599459,-8.547425706,
3009199419,-8.667168228,
3009799379,-8.602477191,
3010399339,-8.569701323,
3010999299,-8.68739477,
3011599259,-8.568411632,
3012199219,-8.686584038,
3012799179,-8.545536272,
3013399139,-8.563139925,
3013999099,-8.565658392,
3014599059,-8.542020932,
3015199019,-8.569213739,
3015798979,-8.512550396,
3016398939,-8.546913792,
3016998899,-8.573508197,
3017598859,-8.587388911,
3018198819,-8.515324319,
3018798779,-8.474994459,
3019398739,-8.590685455,
3019998699,-8.478503465,
3020598659,-8.512490636,
3021198619,-8.47840906,
3021798579,-8.468755034,
3022398539,-8.43247196,
3022998499,-8.439912675,
3023598459,-8.541699063,
3024198419,-8.514773785,
3024798379,-8.430248353,
3025398339,-8.524968419,
3025998299,-8.443358663,
3026598259,-8.487525041,
3027198219,-8.448336837,
3027798179,-8.406732578,
3028398139,-8.46206691,
3028998099,-8.406714716,
3029598059,-8.453600488,
3030198019,-8.435002703,
3030797979,-8.387615269,
3031397939,-8.362902862,
3031997899,-8.354186396,
3032597859,-8.442616691,
3033197819,-8.41773403,
3033797779,-8.447573475,
3034397739,-8.418123978,
3034997699,-8.347304001,
3035597659,-8.320543609,
3036197619,-8.341565266,
3036797579,-8.387850031,
3037397539,-8.424549584,
3037997499,-8.395233969,
3038597459,-8.412170596,
3039197419,-8.350771333,
3039797379,-8.394406254,
3040397339,-8.380457539,
3040997299,-8.399498456,
3041597259,-8.391830194,
3042197219,-8.372828866,
3042797179,-8.382573897,
3043397139,-8.357289081,
3043997099,-8.322451253,
3044597059,-8.35916174,
3045197019,-8.319450363,
3045796979,-8.281339044,
3046396939,-8.341505499,
3046996899,-8.364510479,
3047596859,-8.364523153,
3048196819,-8.334203881,
3048796779,-8.394771698,
3049396739,-8.361012381,
3049996699,-8.338088481,
3050596659,-8.370374771,
3051196619,-8.331419473,
3051796579,-8.373701855,
3052396539,-8.31463122,
3052996499,-8.463093511,
3053596459,-8.324054819,
3054196419,-8.430856572,
3054796379,-8.410424775,
3055396339,-8.332985407,
3055996299,-8.347651154,
3056596259,-8.398743498,
3057196219,-8.31248826,
3057796179,-8.386612068,
3058396139,-8.383372337,
3058996099,-8.377217269,
3059596059,-8.451751696,
3060196019,-8.435571096,
3060795979,-8.427587051,
3061395939,-8.322506323,
3061995899,-8.318048897,
3062595859,-8.396694473,
3063195819,-8.429027136,
3063795779,-8.307781526,
3064395739,-8.345364596,
3064995699,-8.418070413,
3065595659,-8.277337295,
3066195619,-8.376073377,
3066795579,-8.453997207,
3067395539,-8.408311764,
3067995499,-8.436214669,
3068595459,-8.522138195,
3069195419,-8.416405011,
3069795379,-8.44232293,
3070395339,-8.437968164,
3070995299,-8.398425192,
3071595259,-8.459253983,
3072195219,-8.37834389,
3072795179,-8.479034071,
3073395139,-8.44930941,
3073995099,-8.463702259,
3074595059,-8.472623138,
3075195019,-8.404715755,
3075794979,-8.465582551,
3076394939,-8.462371965,
3076994899,-8.395640094,
3077594859,-8.437524338,
3078194818,-8.478495627,
3078794778,-8.416305591,
3079394738,-8.474404447,
3079994698,-8.463777225,
3080594658,-8.458205539,
3081194618,-8.492851258,
3081794578,-8.484402625,
3082394538,-8.477381323,
3082994498,-8.452657856,
3083594458,-8.456695835,
3084194418,-8.529686857,
3084794378,-8.43121764,
3085394338,-8.448563154,
3085994298,-8.523882133,
3086594258,-8.484906652,
3087194218,-8.542200417,
3087794178,-8.526031378,
3088394138,-8.481010022,
3088994098,-8.458134794,
3089594058,-8.466310159,
3090194018,-8.54891733,
3090793978,-8.528784731,
3091393938,-8.499928039,
3091993898,-8.589868217,
3092593858,-8.591031429,
3093193818,-8.559434949,
3093793778,-8.515115453,
3094393738,-8.561831878,
3094993698,-8.495218612,
3095593658,-8.512798604,
3096193618,-8.534692011,
3096793578,-8.569673747,
3097393538,-8.503544325,
3097993498,-8.547517696,
3098593458,-8.522834803,
3099193418,-8.507911101,
3099793378,-8.587596821,
3100393338,-8.599691592,
3100993298,-8.592868304,
3101593258,-8.643671902,
3102193218,-8.610596503,
3102793178,-8.602085182,
3103393138,-8.614670358,
3103993098,-8.620120117,
3104593058,-8.758448176,
3105193018,-8.603511409,
3105792978,-8.734857889,
3106392938,-8.665410258,
3106992898,-8.687697377,
3107592858,-8.651628238,
3108192818,-8.641965954,
3108792778,-8.704199092,
3109392738,-8.659520753,
3109992698,-8.733395945,
3110592658,-8.642396304,
3111192618,-8.722723321,
3111792578,-8.703055197,
3112392538,-8.707221367,
3112992498,-8.69303867,
3113592458,-8.766579961,
3114192418,-8.795106153,
3114792378,-8.784312531,
3115392338,-8.741145974,
3115992298,-8.646259275,
3116592258,-8.824942531,
3117192218,-8.743967747,
3117792178,-8.769305857,
3118392138,-8.738542485,
3118992098,-8.724508284,
3119592058,-8.745290063,
3120192018,-8.716787806,
3120791978,-8.77046678,
3121391938,-8.894249954,
3121991898,-8.79697067,
3122591858,-8.844710335,
3123191818,-8.771036505,
3123791778,-8.896741272,
3124391738,-8.830945651,
3124991698,-8.894422784,
3125591658,-8.914084769,
3126191618,-8.846212078,
3126791578,-8.947359186,
3127391538,-8.872539827,
3127991498,-9.01059442,
3128591458,-8.989828151,
3129191418,-8.813187113,
3129791378,-8.893137619,
3130391338,-8.913036764,
3130991298,-8.893516833,
3131591258,-8.897303961,
3132191218,-9.050706001,
3132791178,-8.95887253,
3133391138,-9.024968268,
3133991098,-8.941144845,
3134591058,-8.974537334,
3135191018,-8.987705762,
3135790978,-9.025217199,
3136390938,-9.051696188,
3136990898,-9.018502005,
3137590858,-9.07220144,
3138190818,-9.117828426,
3138790778,-9.128196975,
3139390738,-9.194444268,
3139990698,-9.06312196,
3140590658,-9.123234134,
3141190618,-9.235287309,
3141790578,-9.161237896,
3142390538,-9.173048979,
3142990498,-9.105413455,
3143590458,-9.172956306,
3144190418,-9.249524632,
3144790378,-9.281247024,
3145390338,-9.219728927,
3145990298,-9.102502436,
3146590258,-9.15308314,
3147190218,-9.294137529,
3147790178,-9.270021784,
3148390138,-9.429291245,
3148990098,-9.392287233,
3149590058,-9.447598202,
3150190018,-9.36478761,
3150789978,-9.379507429,
3151389938,-9.394246358,
3151989898,-9.37007991,
3152589858,-9.45649644,
3153189818,-9.442330991,
3153789778,-9.386991017,
3154389738,-9.481824384,
3154989698,-9.497762912,
3155589658,-9.565446365,
3156189618,-9.534027832,
3156789578,-9.491748207,
3157389538,-9.615452099,
3157989498,-9.392120483,
3158589458,-9.453302206,
3159189418,-9.50589941,
3159789378,-9.418624364,
3160389338,-9.568149707,
3160989298,-9.547274633,
3161589258,-9.574769134,
3162189218,-9.619576896,
3162789178,-9.586391134,
3163389138,-9.578916113,
3163989098,-9.584341069,
3164589058,-9.598696956,
3165189018,-9.704386962,
3165788978,-9.75456991,
3166388938,-9.719871803,
3166988898,-9.593065929,
3167588858,-9.631168025,
3168188818,-9.651187595,
3168788778,-9.820404579,
3169388738,-9.675609236,
3169988698,-9.704683088,
3170588658,-9.734822805,
3171188618,-9.628970825,
3171788578,-9.736604341,
3172388538,-9.730487172,
3172988498,-9.728959307,
3173588458,-9.680352293,
3174188418,-9.647179521,
3174788378,-9.766573078,
3175388338,-9.745147306,
3175988298,-9.754490006,
3176588258,-9.721537253,
3177188218,-9.767058804,
3177788178,-9.833153115,
3178388138,-9.74136389,
3178988098,-9.770219261,
3179588058,-9.806959589,
3180188018,-9.918095758,
3180787978,-9.740256573,
3181387938,-9.843976284,
3181987898,-9.829090663,
3182587858,-9.815400899,
3183187818,-9.836590953,
3183787778,-9.771458536,
3184387738,-9.843539177,
3184987698,-9.883027114,
3185587658,-9.870199186,
3186187618,-9.823363429,
3186787578,-9.875590546,
3187387538,-9.848748829,
3187987498,-9.86056401,
3188587458,-9.88904795,
3189187418,-9.876221195,
3189787378,-9.763634733,
3190387338,-9.879890095,
3190987298,-9.869878062,
3191587258,-9.828045261,
3192187218,-9.820661035,
3192787178,-9.868811635,
3193387138,-9.849306784,
3193987098,-9.840775074,
3194587058,-9.875272763,
3195187018,-9.822497747,
3195786978,-9.947085655,
3196386938,-9.914598554,
3196986898,-9.891372273,
3197586858,-9.842109706,
3198186818,-9.881908564,
3198786778,-9.898192359,
3199386738,-9.78989275,
3199986698,-9.896933345,
3200586658,-9.894119793,
3201186618,-9.945417956,
3201786578,-9.887231644,
3202386538,-9.891953942,
3202986498,-9.883386507,
3203586458,-9.928293911,
3204186418,-9.868067163,
3204786378,-9.858664948,
3205386338,-9.893888313,
3205986298,-9.886360146,
3206586258,-9.900269146,
3207186218,-9.855619623,
3207786178,-9.78417804,
3208386138,-9.817724648,
3208986098,-9.823917737,
3209586058,-9.790454946,
3210186018,-9.752615079,
3210785978,-9.861863933,
3211385938,-9.810835865,
3211985898,-9.850501644,
3212585858,-9.819948376,
3213185818,-9.800287086,
3213785778,-9.790408494,
3214385738,-9.852561582,
3214985698,-9.855165665,
3215585658,-9.790412713,
3216185618,-9.915923967,
3216785578,-9.804197072,
3217385538,-9.817759071,
3217985498,-9.808293543,
3218585458,-9.758769569,
3219185418,-9.859840524,
3219785378,-9.763020863,
3220385338,-9.693889072,
3220985298,-9.797200591,
3221585258,-9.739697743,
3222185218,-9.681411767,
3222785178,-9.738138121,
3223385138,-9.659716647,
3223985098,-9.698158995,
3224585058,-9.688872901,
3225185018,-9.650120929,
3225784978,-9.710096834,
3226384938,-9.663208292,
3226984898,-9.69571771,
3227584858,-9.656834743,
3228184818,-9.631108476,
3228784778,-9.653059389,
3229384738,-9.662623356,
3229984698,-9.545870801,
3230584658,-9.743747162,
3231184618,-9.572734736,
3231784578,-9.594771198,
3232384537,-9.598359951,
3232984497,-9.583254106,
3233584457,-9.559468917,
3234184417,-9.490455415,
3234784377,-9.424512357,
3235384337,-9.544339038,
3235984297,-9.581379897,
3236584257,-9.528738079,
3237184217,-9.556801264,
3237784177,-9.558751734,
3238384137,-9.488678442,
3238984097,-9.474995814,
3239584057,-9.485987784,
3240184017,-9.470576228,
3240783977,-9.510265301,
3241383937,-9.551201113,
3241983897,-9.506379127,
3242583857,-9.494950757,
3243183817,-9.536910228,
3243783777,-9.493999136,
3244383737,-9.458946207,
3244983697,-9.478072917,
3245583657,-9.399409988,
3246183617,-9.407397578,
3246783577,-9.507357009,
3247383537,-9.407814777,
3247983497,-9.409685203,
3248583457,-9.341076477,
3249183417,-9.420398033,
3249783377,-9.43232333,
3250383337,-9.288766523,
3250983297,-9.397809408,
3251583257,-9.402476156,
3252183217,-9.282633249,
3252783177,-9.251651283,
3253383137,-9.31522023,
3253983097,-9.302549812,
3254583057,-9.29301415,
3255183017,-9.401059915,
3255782977,-9.254367751,
3256382937,-9.34730752,
3256982897,-9.371979315,
3257582857,-9.383810856,
3258182817,-9.286680818,
3258782777,-9.237608216,
3259382737,-9.267001874,
3259982697,-9.157854639,
3260582657,-9.287879722,
3261182617,-9.256437133,
3261782577,-9.371426068,
3262382537,-9.297297997,
3262982497,-9.175840297,
3263582457,-9.202598355,
3264182417,-9.286361099,
3264782377,-9.21982301,
3265382337,-9.133290846,
3265982297,-9.249754128,
3266582257,-9.169835654,
3267182217,-9.249938878,
3267782177,-9.194155237,
3268382137,-9.21779674,
3268982097,-9.230452407,
3269582057,-9.185568627,
3270182017,-9.223403669,
3270781977,-9.081793199,
3271381937,-9.168021589,
3271981897,-9.141697584,
3272581857,-9.233270838,
3273181817,-9.115395495,
3273781777,-9.17081793,
3274381737,-9.104228899,
3274981697,-9.170903608,
3275581657,-9.240942653,
3276181617,-9.234438042,
3276781577,-9.053041515,
3277381537,-9.169937147,
3277981497,-9.283885907,
3278581457,-9.122299732,
3279181417,-9.012356902,
3279781377,-9.072716613,
3280381337,-9.149281682,
3280981297,-9.106404307,
3281581257,-9.217086228,
3282181217,-9.11141357,
3282781177,-9.049862563,
3283381137,-9.13125392,
3283981097,-9.192148219,
3284581057,-9.075396131,
3285181017,-9.084899195,
3285780977,-9.117518638,
3286380937,-9.077336256,
3286980897,-9.038097507,
3287580857,-9.095863079,
3288180817,-9.128269486,
3288780777,-9.068566776,
3289380737,-9.111469035,
3289980697,-9.107892738,
3290580657,-9.178632936,
3291180617,-9.110458255,
3291780577,-9.149458169,
3292380537,-9.117872926,
3292980497,-9.019334336,
3293580457,-9.141211602,
3294180417,-9.13435908,
3294780377,-8.932303166,
3295380337,-9.079559265,
3295980297,-9.130144616,
3296580257,-9.098469089,
3297180217,-8.963884277,
3297780177,-9.023962868,
3298380137,-9.007791956,
3298980097,-9.121526261,
3299580057,-9.137721113,
3300180017,-9.027563067,
3300779977,-9.122778957,
3301379937,-9.076481175,
3301979897,-9.065370639,
3302579857,-9.188756933,
3303179817,-9.041676554,
3303779777,-9.088824769,
3304379737,-9.194340859,
3304979697,-9.051016266,
3305579657,-9.093395636,
3306179617,-9.075002355,
3306779577,-9.184786937,
3307379537,-9.034356804,
3307979497,-9.062244635,
3308579457,-9.120682632,
3309179417,-9.050096384,
3309779377,-9.049042656,
3310379337,-9.085097606,
3310979297,-8.97917504,
3311579257,-9.063452427,
3312179217,-9.135659629,
3312779177,-9.066163299,
3313379137,-9.127791323,
3313979097,-9.110600285,
3314579057,-8.969033063,
3315179017,-9.097075563,
3315778977,-9.052515365,
3316378937,-9.058598237,
3316978897,-9.141980057,
3317578857,-9.196479294,
3318178817,-9.132210469,
3318778777,-9.092568973,
3319378737,-9.161797062,
3319978697,-9.192565741,
3320578657,-9.227983222,
3321178617,-9.046350338,
3321778577,-9.096484206,
3322378537,-9.043713259,
3322978497,-9.032722483,
3323578457,-9.079163553,
3324178417,-9.139039238,
3324778377,-9.138110979,
3325378337,-9.154927954,
3325978297,-9.146544386,
3326578257,-9.119298276,
3327178217,-9.040819977,
3327778177,-9.029522819,
3328378137,-9.149188595,
3328978097,-9.122949662,
3329578057,-9.084908231,
3330178017,-9.114828628,
3330777977,-9.189694361,
3331377937,-9.109161782,
3331977897,-9.053655833,
3332577857,-9.145185459,
3333177817,-9.140406946,
3333777777,-9.187392725,
3334377737,-9.092579372,
3334977697,-9.085447505,
3335577657,-9.078176504,
3336177617,-9.168055828,
3336777577,-9.182229558,
3337377537,-9.072970258,
3337977497,-9.121530953,
3338577457,-9.156688456,
3339177417,-9.094005339,
3339777377,-9.157115456,
3340377337,-9.141443117,
3340977297,-9.111577511,
3341577257,-9.105883004,
3342177217,-9.119566729,
3342777177,-9.169570498,
3343377137,-9.124466211,
3343977097,-9.169134971,
3344577057,-9.062315633,
3345177017,-9.181358445,
3345776977,-9.190650951,
3346376937,-9.160578427,
3346976897,-9.130662698,
3347576857,-9.154211435,
3348176817,-9.25464441,
3348776777,-9.202059768,
3349376737,-9.173668274,
3349976697,-9.290995373,
3350576657,-9.173289022,
3351176617,-9.129844713,
3351776577,-9.165356164,
3352376537,-9.215304683,
3352976497,-9.203115919,
3353576457,-9.165723393,
3354176417,-9.291829682,
3354776377,-9.092158867,
3355376337,-9.257997279,
3355976297,-9.186882376,
3356576257,-9.134185216,
3357176217,-9.110558737,
3357776177,-9.21043248,
3358376137,-9.185933306,
3358976097,-9.25030409,
3359576057,-9.159916982,
3360176017,-9.350827473,
3360775977,-9.310491223,
3361375937,-9.230226389,
3361975897,-9.30649732,
3362575857,-9.174303791,
3363175817,-9.241443483,
3363775777,-9.276828001,
3364375737,-9.182276139,
3364975697,-9.292725011,
3365575657,-9.308349975,
3366175617,-9.255081905,
3366775577,-9.253037051,
3367375537,-9.204864029,
3367975497,-9.307142132,
3368575457,-9.410447128,
3369175417,-9.322915206,
3369775377,-9.328762539,
3370375337,-9.345563675,
3370975297,-9.300201827,
3371575257,-9.330891178,
3372175217,-9.325098301,
3372775177,-9.386863627,
3373375137,-9.372366751,
3373975097,-9.310416359,
3374575057,-9.429000404,
3375175017,-9.464511702,
3375774977,-9.406425971,
3376374937,-9.394255129,
3376974897,-9.379942619,
3377574857,-9.405855607,
3378174817,-9.30640133,
3378774777,-9.467748538,
3379374737,-9.462936435,
3379974697,-9.260989645,
3380574657,-9.421179153,
3381174617,-9.414841472,
3381774577,-9.436022464,
3382374537,-9.386807008,
3382974497,-9.504260875,
3383574457,-9.576520434,
3384174417,-9.560658913,
3384774377,-9.441487906,
3385374337,-9.581885521,
3385974296,-9.611985334,
3386574256,-9.525871171,
3387174216,-9.488647,
3387774176,-9.601296248,
3388374136,-9.489619001,
3388974096,-9.508201703,
3389574056,-9.564410129,
3390174016,-9.470004615,
3390773976,-9.501671417,
3391373936,-9.605437811,
3391973896,-9.607846628,
3392573856,-9.705884361,
3393173816,-9.592371168,
3393773776,-9.649943277,
3394373736,-9.762022057,
3394973696,-9.599691874,
3395573656,-9.533541192,
3396173616,-9.645275145,
3396773576,-9.685576869,
3397373536,-9.614941279,
3397973496,-9.730268828,
3398573456,-9.544406084,
3399173416,-9.711213864,
3399773376,-9.572121886,
3400373336,-9.526859711,
3400973296,-9.73661358,
3401573256,-9.629273788,
3402173216,-9.758054989,
3402773176,-9.83502983,
3403373136,-9.813001124,
3403973096,-9.768511317,
3404573056,-9.809593353,
3405173016,-9.679252554,
3405772976,-9.80850013,
3406372936,-9.668282569,
3406972896,-9.878873686,
3407572856,-9.945160005,
3408172816,-10.01410604,
3408772776,-9.801445695,
3409372736,-9.759725922,
3409972696,-9.912253,
3410572656,-9.905722299,
3411172616,-9.938770931,
3411772576,-9.666122756,
3412372536,-9.932520279,
3412972496,-9.743115686,
3413572456,-9.792110169,
3414172416,-9.883681708,
3414772376,-9.977187531,
3415372336,-10.04466888,
3415972296,-10.01382602,
3416572256,-9.963737068,
3417172216,-10.03456077,
3417772176,-10.10036751,
3418372136,-10.04447143,
3418972096,-10.11511389,
3419572056,-10.16722029,
3420172016,-9.956327466,
3420771976,-10.02719159,
3421371936,-10.09505501,
3421971896,-10.09609334,
3422571856,-10.19253292,
3423171816,-10.13297129,
3423771776,-10.10932598,
3424371736,-10.150435,
3424971696,-10.17245288,
3425571656,-10.36067364,
3426171616,-10.21404279,
3426771576,-10.19024635,
3427371536,-10.15668273,
3427971496,-10.11659486,
3428571456,-10.28069463,
3429171416,-10.15468362,
3429771376,-10.12703041,
3430371336,-10.12019777,
3430971296,-10.23826378,
3431571256,-10.12514219,
3432171216,-10.2036528,
3432771176,-10.27998727,
3433371136,-10.11997862,
3433971096,-10.1602356,
3434571056,-10.30327117,
3435171016,-10.22976585,
3435770976,-10.07856567,
3436370936,-10.20412625,
3436970896,-10.21449466,
3437570856,-10.31194309,
3438170816,-10.07939296,
3438770776,-10.37691763,
3439370736,-10.10633065,
3439970696,-10.14869326,
3440570656,-10.19580125,
3441170616,-10.16167823,
3441770576,-10.26161063,
3442370536,-10.27468143,
3442970496,-10.282838,
3443570456,-10.12144646,
3444170416,-10.09354807,
3444770376,-10.23302511,
3445370336,-10.30218079,
3445970296,-10.18449648,
3446570256,-10.22999988,
3447170216,-10.18439906,
3447770176,-10.10092699,
3448370136,-10.34868605,
3448970096,-10.10501769,
3449570056,-10.19030985,
3450170016,-10.27163359,
3450769976,-10.13372948,
3451369936,-10.27200596,
3451969896,-10.13158811,
3452569856,-10.18860168,
3453169816,-10.16399732,
3453769776,-10.30053804,
3454369736,-10.31594279,
3454969696,-10.13413655,
3455569656,-10.19311077,
3456169616,-10.16329883,
3456769576,-10.14439832,
3457369536,-10.12978884,
3457969496,-10.2499341,
3458569456,-10.22492828,
3459169416,-10.03696288,
3459769376,-10.17681572,
3460369336,-10.27278309,
3460969296,-10.18503797,
3461569256,-10.16578735,
3462169216,-10.16752503,
3462769176,-10.19122131,
3463369136,-10.06005675,
3463969096,-10.22728244,
3464569056,-10.21188563,
3465169016,-10.14379492,
3465768976,-10.16640718,
3466368936,-10.14538822,
3466968896,-10.16782144,
3467568856,-10.16868054,
3468168816,-10.12911765,
3468768776,-10.13283163,
3469368736,-10.03028294,
3469968696,-10.07333893,
3470568656,-10.09170987,
3471168616,-10.05435667,
3471768576,-10.07172818,
3472368536,-10.10550277,
3472968496,-10.05923376,
3473568456,-10.20100939,
3474168416,-10.10687135,
3474768376,-10.1321799,
3475368336,-10.04931247,
3475968296,-10.06426041,
3476568256,-9.981875052,
3477168216,-10.22336815,
3477768176,-10.01723477,
3478368136,-9.959221362,
3478968096,-10.02356518,
3479568056,-10.00663711,
3480168016,-10.14240919,
3480767976,-9.952344436,
3481367936,-10.05417009,
3481967896,-10.0522692,
3482567856,-9.931019997,
3483167816,-10.05657327,
3483767776,-10.04364266,
3484367736,-9.866686883,
3484967696,-9.886329333,
3485567656,-9.962417391,
3486167616,-9.924946882,
3486767576,-9.913297732,
3487367536,-10.02955046,
3487967496,-10.04265259,
3488567456,-9.903368209,
3489167416,-9.91786257,
3489767376,-9.887061431,
3490367336,-9.849990478,
3490967296,-9.898943763,
3491567256,-9.888012822,
3492167216,-9.875572034,
3492767176,-9.750901353,
3493367136,-9.940315416,
3493967096,-9.840871707,
3494567056,-9.928145116,
3495167016,-9.805674229,
3495766976,-9.737429107,
3496366936,-9.699097939,
3496966896,-9.711639182,
3497566856,-9.626188506,
3498166816,-9.785900122,
3498766776,-9.635623838,
3499366736,-9.72194748,
3499966696,-9.716113812,
3500566656,-9.655689365,
3501166616,-9.588871623,
3501766576,-9.595959579,
3502366536,-9.614280879,
3502966496,-9.696043548,
3503566456,-9.575372231,
3504166416,-9.579596538,
3504766376,-9.561907048,
3505366336,-9.714303855,
3505966296,-9.699037771,
3506566256,-9.485778491,
3507166216,-9.606101515,
3507766176,-9.568158356,
3508366136,-9.628589114,
3508966096,-9.632169708,
3509566056,-9.479056758,
3510166016,-9.546522974,
3510765976,-9.592289224,
3511365936,-9.63177152,
3511965896,-9.587171614,
3512565856,-9.517308807,
3513165816,-9.561045781,
3513765776,-9.561901499,
3514365736,-9.433103644,
3514965696,-9.533783272,
3515565656,-9.517063505,
3516165616,-9.514237023,
3516765576,-9.446696789,
3517365536,-9.566187736,
3517965496,-9.461991992,
3518565456,-9.490504832,
3519165416,-9.566099484,
3519765376,-9.463787194,
3520365336,-9.427482474,
3520965296,-9.466511271,
3521565256,-9.514795091,
3522165216,-9.526743696,
3522765176,-9.476640281,
3523365136,-9.498201011,
3523965096,-9.491342734,
3524565056,-9.431256812,
3525165016,-9.507868005,
3525764976,-9.529057774,
3526364936,-9.300231774,
3526964896,-9.477797703,
3527564856,-9.462846498,
3528164816,-9.463077659,
3528764776,-9.495187325,
3529364736,-9.444615805,
3529964696,-9.457642339,
3530564656,-9.485564859,
3531164616,-9.4363051,
3531764576,-9.464744437,
3532364536,-9.507338824,
3532964496,-9.486489052,
3533564456,-9.390949647,
3534164416,-9.475761176,
3534764376,-9.283103226,
3535364336,-9.449975123,
3535964296,-9.49520685,
3536564256,-9.461524651,
3537164216,-9.442442998,
3537764176,-9.486925747,
3538364136,-9.441842668,
3538964096,-9.39841954,
3539564055,-9.374935371,
3540164015,-9.416930221,
3540763975,-9.374123494,
3541363935,-9.438195992,
3541963895,-9.428831835,
3542563855,-9.428912724,
3543163815,-9.437696386,
3543763775,-9.379101264,
3544363735,-9.30887616,
3544963695,-9.381419651,
3545563655,-9.466251148,
3546163615,-9.45398094,
3546763575,-9.505550332,
3547363535,-9.453886846,
3547963495,-9.407572779,
3548563455,-9.393555375,
3549163415,-9.254076282,
3549763375,-9.430414314,
3550363335,-9.454032559,
3550963295,-9.503386023,
3551563255,-9.472828499,
3552163215,-9.490156329,
3552763175,-9.392614671,
3553363135,-9.452092215,
3553963095,-9.453311414,
3554563055,-9.477870181,
3555163015,-9.421305079,
3555762975,-9.447669444,
3556362935,-9.457358735,
3556962895,-9.416446494,
3557562855,-9.345141516,
3558162815,-9.560226577,
3558762775,-9.342869598,
3559362735,-9.396386273,
3559962695,-9.474381813,
3560562655,-9.459221355,
3561162615,-9.406827293,
3561762575,-9.421128359,
3562362535,-9.493395423,
3562962495,-9.53966968,
3563562455,-9.342804096,
3564162415,-9.415336322,
3564762375,-9.434007145,
3565362335,-9.376776961,
3565962295,-9.469467025,
3566562255,-9.5141604,
3567162215,-9.370517541,
3567762175,-9.363297694,
3568362135,-9.561947108,
3568962095,-9.437729671,
3569562055,-9.429882199,
3570162015,-9.329539982,
3570761975,-9.52943145,
3571361935,-9.426401417,
3571961895,-9.422577872,
3572561855,-9.495569672,
3573161815,-9.498740539,
3573761775,-9.425429398,
3574361735,-9.449388426,
3574961695,-9.472739647,
3575561655,-9.417473742,
3576161615,-9.522758906,
3576761575,-9.48367676,
3577361535,-9.48389646,
3577961495,-9.516916021,
3578561455,-9.581687015,
3579161415,-9.595756268,
3579761375,-9.449449086,
3580361335,-9.573973618,
3580961295,-9.533819523,
3581561255,-9.395164034,
3582161215,-9.509239745,
3582761175,-9.40794237,
3583361135,-9.537974571,
3583961095,-9.50406666,
3584561055,-9.438664695,
3585161015,-9.54286428,
3585760975,-9.58012255,
3586360935,-9.503309787,
3586960895,-9.539407218,
3587560855,-9.447009894,
3588160815,-9.545800136,
3588760775,-9.617339712,
3589360735,-9.495298486,
3589960695,-9.564080395,
3590560655,-9.627168199,
3591160615,-9.68041958,
3591760575,-9.470828403,
3592360535,-9.556152126,
3592960495,-9.576676485,
3593560455,-9.528900144,
3594160415,-9.53402998,
3594760375,-9.7068403,
3595360335,-9.546690939,
3595960295,-9.550034038,
3596560255,-9.408454328,
3597160215,-9.610011166,
3597760175,-9.493712567,
3598360135,-9.540896618,
3598960095,-9.738334028,
3599560055,-9.568405966,
3600160015,-9.648607447,
3600759975,-9.584239044,
3601359935,-9.536774184,
3601959895,-9.764718683,
3602559855,-9.693484313,
3603159815,-9.710263677,
3603759775,-9.570224357,
3604359735,-9.460051641,
3604959695,-9.641726828,
3605559655,-9.707036771,
3606159615,-9.669106492,
3606759575,-9.621706795,
3607359535,-9.651947548,
3607959495,-9.743212798,
3608559455,-9.649033709,
3609159415,-9.57799699,
3609759375,-9.623772606,
3610359335,-9.584654654,
3610959295,-9.601420058,
3611559255,-9.658720225,
3612159215,-9.551950055,
3612759175,-9.717171737,
3613359135,-9.593380327,
3613959095,-9.632686572,
3614559055,-9.730957426,
3615159015,-9.731253066,
3615758975,-9.579465109,
3616358935,-9.759123994,
3616958895,-9.62219375,
3617558855,-9.673172796,
3618158815,-9.593602408,
3618758775,-9.863650427,
3619358735,-9.708126034,
3619958695,-9.766487163,
3620558655,-9.796678579,
3621158615,-9.746000933,
3621758575,-9.805062291,
3622358535,-9.822587926,
3622958495,-9.854523189,
3623558455,-9.658307282,
3624158415,-9.752783978,
3624758375,-9.842069993,
3625358335,-9.763822058,
3625958295,-9.934901421,
3626558255,-9.926824416,
3627158215,-9.751285287,
3627758175,-9.886763356,
3628358135,-9.859361565,
3628958095,-9.929803015,
3629558055,-9.937246033,
3630158015,-9.817634405,
3630757975,-9.92722608,
3631357935,-10.01078563,
3631957895,-9.923128372,
3632557855,-9.94522105,
3633157815,-9.995421611,
3633757775,-10.10673407,
3634357735,-9.887554281,
3634957695,-9.947233465,
3635557655,-9.910898425,
3636157615,-9.932915506,
3636757575,-10.12551321,
3637357535,-10.12404482,
3637957495,-10.09467622,
3638557455,-10.17406418,
3639157415,-10.22400382,
3639757375,-10.07642181,
3640357335,-10.03867599,
3640957295,-10.07473202,
3641557255,-10.05705407,
3642157215,-10.20827806,
3642757175,-10.19471508,
3643357135,-10.21166301,
3643957095,-10.24679526,
3644557055,-10.12988178,
3645157015,-10.35800703,
3645756975,-10.18658666,
3646356935,-10.12738369,
3646956895,-10.26227412,
3647556855,-10.27483474,
3648156815,-10.19257734,
3648756775,-10.33208955,
3649356735,-10.45411488,
3649956695,-10.19131855,
3650556655,-10.23102508,
3651156615,-10.34464409,
3651756575,-10.33270205,
3652356535,-10.34994301,
3652956495,-10.31950221,
3653556455,-10.41380452,
3654156415,-10.36827116,
3654756375,-10.31725158,
3655356335,-10.33588871,
3655956295,-10.40074845,
3656556255,-10.36557156,
3657156215,-10.4585973,
3657756175,-10.45874256,
3658356135,-10.49888233,
3658956095,-10.54475797,
3659556055,-10.41118056,
3660156015,-10.58668757,
3660755975,-10.45078333,
3661355935,-10.51758354,
3661955895,-10.4793152,
3662555855,-10.46391991,
3663155815,-10.45434619,
3663755775,-10.51484017,
3664355735,-10.47349151,
3664955695,-10.50018777,
3665555655,-10.5710717,
3666155615,-10.49175264,
3666755575,-10.57751638,
3667355535,-10.72400893,
3667955495,-10.56763252,
3668555455,-10.65464562,
3669155415,-10.58603475,
3669755375,-10.57366278,
3670355335,-10.58161717,
3670955295,-10.6687767,
3671555255,-10.72750679,
3672155215,-10.68008661,
3672755175,-10.66384458,
3673355135,-10.78324832,
3673955095,-10.66982178,
3674555055,-10.77692071,
3675155015,-10.74863808,
3675754975,-10.71737139,
3676354935,-10.73225064,
3676954895,-10.77043706,
3677554855,-10.78610451,
3678154815,-10.81685164,
3678754775,-10.87508044,
3679354735,-10.82086385,
3679954695,-10.82696383,
3680554655,-10.90150128,
3681154615,-10.76091608,
3681754575,-10.70724298,
3682354535,-10.88678062,
3682954495,-10.89879554,
3683554455,-10.90731742,
3684154415,-10.89087235,
3684754375,-10.88605466,
3685354335,-11.00682826,
3685954295,-10.86747811,
3686554255,-10.99576018,
3687154215,-10.9725047,
3687754175,-10.86663616,
3688354135,-10.88898663,
3688954095,-11.06971168,
3689554055,-10.88847931,
3690154015,-10.98087586,
3690753975,-11.05677234,
3691353935,-10.9484144,
3691953895,-10.97485654,
3692553855,-10.88083153,
3693153815,-10.94837719,
3693753774,-11.0521906,
3694353734,-11.03351191,
3694953694,-11.01198401,
3695553654,-10.97665426,
3696153614,-11.17031038,
3696753574,-10.99247227,
3697353534,-11.13225076,
3697953494,-11.06296328,
3698553454,-11.03106573,
3699153414,-11.12127839,
3699753374,-11.13302367,
3700353334,-11.02909222,
3700953294,-10.97253684,
3701553254,-11.06574155,
3702153214,-10.96309923,
3702753174,-10.98575794,
3703353134,-11.10638961,
3703953094,-11.06013618,
3704553054,-11.11815717,
3705153014,-11.08601451,
3705752974,-11.22522075,
3706352934,-11.1056591,
3706952894,-11.14718422,
3707552854,-11.01337057,
3708152814,-11.03397771,
3708752774,-11.15176858,
3709352734,-11.03270794,
3709952694,-11.21270879,
3710552654,-11.10258745,
3711152614,-11.16343442,
3711752574,-11.17366481,
3712352534,-11.00479735,
3712952494,-11.0143901,
3713552454,-11.09001048,
3714152414,-11.1322024,
3714752374,-11.1364454,
3715352334,-11.09473588,
3715952294,-11.18383404,
3716552254,-11.0867234,
3717152214,-11.15410912,
3717752174,-11.06530779,
3718352134,-11.08412747,
3718952094,-11.14456943,
3719552054,-11.12893427,
3720152014,-11.08266973,
3720751974,-11.12226018,
3721351934,-11.1516014,
3721951894,-11.03577216,
3722551854,-11.00145476,
3723151814,-11.15353054,
3723751774,-11.24359645,
3724351734,-11.07367679,
3724951694,-11.00905502,
3725551654,-11.04312482,
3726151614,-11.03507679,
3726751574,-10.91548474,
3727351534,-11.1017545,
3727951494,-10.98278438,
3728551454,-11.03635754,
3729151414,-11.06959953,
3729751374,-11.16013245,
3730351334,-10.93630656,
3730951294,-11.12705623,
3731551254,-11.12498027,
3732151214,-11.09113685,
3732751174,-11.03657379,
3733351134,-11.07685814,
3733951094,-11.12434423,
3734551054,-10.9655924,
3735151014,-11.06022669,
3735750974,-10.95541584,
3736350934,-10.99994321,
3736950894,-10.98057615,
3737550854,-10.96856152,
3738150814,-11.06124489,
3738750774,-10.97072028,
3739350734,-11.05124723,
3739950694,-10.92730234,
3740550654,-10.90180208,
3741150614,-11.01562703,
3741750574,-10.97143686,
3742350534,-10.98779889,
3742950494,-10.87225655,
3743550454,-10.86392259,
3744150414,-10.936567,
3744750374,-10.89920599,
3745350334,-10.81194651,
3745950294,-10.76586636,
3746550254,-10.84332864,
3747150214,-10.79451661,
3747750174,-10.82563014,
3748350134,-10.90230777,
3748950094,-10.75934707,
3749550054,-10.74646577,
3750150014,-10.85002085,
3750749974,-10.83978065,
3751349934,-10.83579683,
3751949894,-10.73956506,
3752549854,-10.72128707,
3753149814,-10.88815527,
3753749774,-10.67059252,
3754349734,-10.83711569,
3754949694,-10.72324498,
3755549654,-10.83929545,
3756149614,-10.7664418,
3756749574,-10.70413801,
3757349534,-10.59854357,
3757949494,-10.53760126,
3758549454,-10.77830123,
3759149414,-10.76334296,
3759749374,-10.5930738,
3760349334,-10.74446109,
3760949294,-10.61000086,
3761549254,-10.66780957,
3762149214,-10.61784056,
3762749174,-10.66975795,
3763349134,-10.6339996,
3763949094,-10.57915083,
3764549054,-10.6131008,
3765149014,-10.63729641,
3765748974,-10.59004397,
3766348934,-10.53854687,
3766948894,-10.55288065,
3767548854,-10.57394758,
3768148814,-10.5555409,
3768748774,-10.69000884,
3769348734,-10.60139642,
3769948694,-10.42243779,
3770548654,-10.53675639,
3771148614,-10.4226212,
3771748574,-10.65198879,
3772348534,-10.57387721,
3772948494,-10.50667924,
3773548454,-10.45904789,
3774148414,-10.3678776,
3774748374,-10.44306307,
3775348334,-10.50558349,
3775948294,-10.42148008,
3776548254,-10.53612347,
3777148214,-10.40407102,
3777748174,-10.50244876,
3778348134,-10.42225139,
3778948094,-10.38712328,
3779548054,-10.48849356,
3780148014,-10.48105976,
3780747974,-10.44859948,
3781347934,-10.45674002,
3781947894,-10.45524649,
3782547854,-10.34734281,
3783147814,-10.52185371,
3783747774,-10.47682941,
3784347734,-10.44548664,
3784947694,-10.36228898,
3785547654,-10.46709274,
3786147614,-10.34801915,
3786747574,-10.448602,
3787347534,-10.35108338,
3787947494,-10.4711338,
3788547454,-10.41620174,
3789147414,-10.41634452,
3789747374,-10.41832922,
3790347334,-10.37227212,
3790947294,-10.27614224,
3791547254,-10.47622571,
3792147214,-10.43871715,
3792747174,-10.30227185,
3793347134,-10.35546159,
3793947094,-10.2436279,
3794547054,-10.39251028,
3795147014,-10.46421925,
3795746974,-10.34040735,
3796346934,-10.39304535,
3796946894,-10.31594895,
3797546854,-10.33456451,
3798146814,-10.30168526,
3798746774,-10.37182489,
3799346734,-10.36328409,
3799946694,-10.3140122,
3800546654,-10.45770668,
3801146614,-10.29048789,
3801746574,-10.30164989,
3802346534,-10.375675,
3802946494,-10.30803278,
3803546454,-10.41938345,
3804146414,-10.31171811,
3804746374,-10.40697572,
3805346334,-10.39005822,
3805946294,-10.43520551,
3806546254,-10.33017923,
3807146214,-10.34117874,
3807746174,-10.36957947,
3808346134,-10.3948174,
3808946094,-10.43030231,
3809546054,-10.36889574,
3810146014,-10.34266089,
3810745974,-10.32846909,
3811345934,-10.40708553,
3811945894,-10.28848027,
3812545854,-10.4614715,
3813145814,-10.32976946,
3813745774,-10.37809864,
3814345734,-10.39832487,
3814945694,-10.39463028,
3815545654,-10.36783726,
3816145614,-10.38604529,
3816745574,-10.31285706,
3817345534,-10.32581689,
3817945494,-10.47379994,
3818545454,-10.56259106,
3819145414,-10.38538794,
3819745374,-10.45484864,
3820345334,-10.43927928,
3820945294,-10.46283844,
3821545254,-10.47381977,
3822145214,-10.51348521,
3822745174,-10.45966526,
3823345134,-10.38934402,
3823945094,-10.37478978,
3824545054,-10.46253668,
3825145014,-10.4350117,
3825744974,-10.41411425,
3826344934,-10.43648704,
3826944894,-10.42551746,
3827544854,-10.488565,
3828144814,-10.41727359,
3828744774,-10.4436464,
3829344734,-10.55708779,
3829944694,-10.48769159,
3830544654,-10.40881248,
3831144614,-10.45575832,
3831744574,-10.58953406,
3832344534,-10.38757543,
3832944494,-10.46809103,
3833544454,-10.58707129,
3834144414,-10.52997232,
3834744374,-10.48488057,
3835344334,-10.5248054,
3835944294,-10.5309414,
3836544254,-10.54811948,
3837144214,-10.60010263,
3837744174,-10.58597752,
3838344134,-10.60493683,
3838944094,-10.45551789,
3839544054,-10.62566155,
3840144014,-10.59761717,
3840743974,-10.47195834,
3841343934,-10.62763832,
3841943894,-10.5336893,
3842543854,-10.59092683,
3843143814,-10.44951733,
3843743774,-10.58246491,
3844343734,-10.57293812,
3844943694,-10.5351788,
3845543654,-10.65529531,
3846143614,-10.56291692,
3846743574,-10.5819379,
3847343533,-10.50443858,
3847943493,-10.47486098,
3848543453,-10.60194467,
3849143413,-10.42035802,
3849743373,-10.65874216,
3850343333,-10.70131406,
3850943293,-10.66158175,
3851543253,-10.74646461,
3852143213,-10.60151123,
3852743173,-10.59933478,
3853343133,-10.61848035,
3853943093,-10.57613925,
3854543053,-10.58248052,
3855143013,-10.70406014,
3855742973,-10.69149501,
3856342933,-10.73124342,
3856942893,-10.58232854,
3857542853,-10.62634765,
3858142813,-10.65334112,
3858742773,-10.86409557,
3859342733,-10.65853102,
3859942693,-10.59122986,
3860542653,-10.72667897,
3861142613,-10.75641952,
3861742573,-10.72612601,
3862342533,-10.69476401,
3862942493,-10.80754437,
3863542453,-10.77647214,
3864142413,-10.69867029,
3864742373,-10.89810598,
3865342333,-10.67371584,
3865942293,-10.62211557,
3866542253,-10.66540593,
3867142213,-10.74952611,
3867742173,-10.91635527,
3868342133,-10.75179147,
3868942093,-10.78316905,
3869542053,-10.76901827,
3870142013,-10.86263452,
3870741973,-10.62976579,
3871341933,-10.80079034,
3871941893,-10.91582401,
3872541853,-10.64853367,
3873141813,-10.95557035,
3873741773,-10.71517234,
3874341733,-10.84091389,
3874941693,-10.92594608,
3875541653,-10.95216532,
3876141613,-10.75467274,
3876741573,-10.9350685,
3877341533,-11.0018882,
3877941493,-10.71048919,
3878541453,-10.8666423,
3879141413,-10.91426546,
3879741373,-11.04276394,
3880341333,-10.97916036,
3880941293,-10.85492781,
3881541253,-10.9684391,
3882141213,-11.04804139,
3882741173,-11.02059929,
3883341133,-10.97036456,
3883941093,-11.00223967,
3884541053,-10.98125206,
3885141013,-11.0076954,
3885740973,-10.98586955,
3886340933,-10.97787771,
3886940893,-10.96891843,
3887540853,-11.08421915,
3888140813,-11.08865732,
3888740773,-10.9713952,
3889340733,-11.06256444,
3889940693,-11.1268375,
3890540653,-11.16637308,
3891140613,-11.1319799,
3891740573,-11.12420642,
3892340533,-11.05377751,
3892940493,-11.09730109,
3893540453,-11.08082748,
3894140413,-11.29583418,
3894740373,-11.11456733,
3895340333,-11.26921871,
3895940293,-11.23781367,
3896540253,-11.2426838,
3897140213,-11.30864011,
3897740173,-11.22500046,
3898340133,-11.31673373,
3898940093,-11.26720699,
3899540053,-11.31788973,
3900140013,-11.43959009,
3900739973,-11.26240597,
3901339933,-11.3529213,
3901939893,-11.42372826,
3902539853,-11.31719166,
3903139813,-11.37663377,
3903739773,-11.4138019,
3904339733,-11.55100401,
3904939693,-11.3517691,
3905539653,-11.50036636,
3906139613,-11.44830158,
3906739573,-11.61582992,
3907339533,-11.69772957,
3907939493,-11.6153297,
3908539453,-11.52285394,
3909139413,-11.60021017,
3909739373,-11.53803073,
3910339333,-11.52444831,
3910939293,-11.55113781,
3911539253,-11.79576937,
3912139213,-11.52195492,
3912739173,-11.69203966,
3913339133,-11.69772641,
3913939093,-11.7918976,
3914539053,-11.78581147,
3915139013,-11.79340832,
3915738973,-11.89086895,
3916338933,-11.99727018,
3916938893,-11.92266071,
3917538853,-11.87874631,
3918138813,-12.0442163,
3918738773,-11.79565149,
3919338733,-12.07350018,
3919938693,-12.04430335,
3920538653,-11.84149063,
3921138613,-12.12478842,
3921738573,-12.14712822,
3922338533,-12.00432243,
3922938493,-12.00187767,
3923538453,-12.09819598,
3924138413,-12.24416164,
3924738373,-12.24370206,
3925338333,-12.17720392,
3925938293,-12.29495964,
3926538253,-12.29698104,
3927138213,-12.02789174,
3927738173,-12.28903605,
3928338133,-12.24568152,
3928938093,-12.34276191,
3929538053,-12.25194164,
3930138013,-12.25734769,
3930737973,-12.44837898,
3931337933,-12.39991947,
3931937893,-12.26729958,
3932537853,-12.52318397,
3933137813,-12.35854419,
3933737773,-12.3689417,
3934337733,-12.48683399,
3934937693,-12.40612324,
3935537653,-12.41706238,
3936137613,-12.55936253,
3936737573,-12.42905494,
3937337533,-12.54308789,
3937937493,-12.4970454,
3938537453,-12.57626238,
3939137413,-12.42260291,
3939737373,-12.43094832,
3940337333,-12.600958,
3940937293,-12.5558082,
3941537253,-12.62707802,
3942137213,-12.52608741,
3942737173,-12.56585258,
3943337133,-12.51727221,
3943937093,-12.60094949,
3944537053,-12.55321318,
3945137013,-12.65741524,
3945736973,-12.73532592,
3946336933,-12.64240902,
3946936893,-12.67252,
3947536853,-12.79873035,
3948136813,-12.60155948,
3948736773,-12.70876393,
3949336733,-12.76496645,
3949936693,-12.65666418,
3950536653,-12.79598618,
3951136613,-12.74322335,
3951736573,-12.83783946,
3952336533,-12.71951401,
3952936493,-12.64663722,
3953536453,-12.70762895,
3954136413,-12.89274069,
3954736373,-12.92306043,
3955336333,-12.91641921,
3955936293,-12.82168678,
3956536253,-13.02761846,
3957136213,-12.84680085,
3957736173,-12.98781341,
3958336133,-12.82050961,
3958936093,-12.78958354,
3959536053,-12.93229337,
3960136013,-12.91542932,
3960735973,-12.80998995,
3961335933,-13.04023898,
3961935893,-12.92624388,
3962535853,-12.97929657,
3963135813,-12.96595932,
3963735773,-12.9071969,
3964335733,-13.05586572,
3964935693,-13.02284144,
3965535653,-12.94985538,
3966135613,-12.92629817,
3966735573,-12.93404413,
3967335533,-12.9573235,
3967935493,-13.0396717,
3968535453,-13.08272428,
3969135413,-12.93554579,
3969735373,-12.94205942,
3970335333,-13.14061374,
3970935293,-13.15748588,
3971535253,-12.85548268,
3972135213,-13.0755148,
3972735173,-13.06532137,
3973335133,-13.05560142,
3973935093,-13.04983546,
3974535053,-13.04944472,
3975135013,-13.11049514,
3975734973,-13.09718006,
3976334933,-12.99384912,
3976934893,-13.13129146,
3977534853,-13.08604019,
3978134813,-13.17506678,
3978734773,-13.18424838,
3979334733,-13.04352249,
3979934693,-13.046401,
3980534653,-12.92808673,
3981134613,-13.04940855,
3981734573,-13.14342372,
3982334533,-13.11529156,
3982934493,-13.08421941,
3983534453,-13.05388638,
3984134413,-12.81052622,
3984734373,-12.91022886,
3985334333,-13.16751555,
3985934293,-13.04231663,
3986534253,-13.14491588,
3987134213,-13.1745666,
3987734173,-13.12513646,
3988334133,-12.93741503,
3988934093,-13.07083709,
3989534053,-13.03955372,
3990134013,-13.02742362,
3990733973,-12.80018277,
3991333933,-13.12158333,
3991933893,-12.98542868,
3992533853,-13.1098257,
3993133813,-13.07683747,
3993733773,-13.16016756,
3994333733,-12.8613671,
3994933693,-12.98131758,
3995533653,-12.95441654,
3996133613,-12.8838599,
3996733573,-12.90075213,
3997333533,-12.89326299,
3997933493,-13.01899845,
3998533453,-12.84260578,
3999133413,-12.94216806,
3999733373,-13.01039893,
4000333333,-12.90340492,
4000933293,-12.85618513,
4001533253,-12.94986255,
4002133212,-12.95498255,
4002733172,-12.77998315,
4003333132,-12.98393673,
4003933092,-12.86374395,
4004533052,-12.86668133,
4005133012,-12.8708003,
4005732972,-12.99662175,
4006332932,-12.70095958,
4006932892,-12.79284549,
4007532852,-12.78531029,
4008132812,-12.72401074,
4008732772,-12.79569345,
4009332732,-12.73461616,
4009932692,-12.76770319,
4010532652,-12.70673711,
4011132612,-12.71512056,
4011732572,-12.80521763,
4012332532,-12.71608927,
4012932492,-12.71713055,
4013532452,-12.67913288,
4014132412,-12.65692927,
4014732372,-12.80425632,
4015332332,-12.55703265,
4015932292,-12.49376839,
4016532252,-12.77319545,
4017132212,-12.64343276,
4017732172,-12.58737647,
4018332132,-12.55831502,
4018932092,-12.52439657,
4019532052,-12.54069234,
4020132012,-12.54527425,
4020731972,-12.45389431,
4021331932,-12.56451606,
4021931892,-12.44509199,
4022531852,-12.53892569,
4023131812,-12.63114005,
4023731772,-12.39325526,
4024331732,-12.46357638,
4024931692,-12.40495602,
4025531652,-12.4695563,
4026131612,-12.53117086,
4026731572,-12.41353202,
4027331532,-12.45204116,
4027931492,-12.49301178,
4028531452,-12.55652488,
4029131412,-12.48952427,
4029731372,-12.57152956,
4030331332,-12.30482025,
4030931292,-12.4065127,
4031531252,-12.33550496,
4032131212,-12.38740129,
4032731172,-12.27805362,
4033331132,-12.29594578,
4033931092,-12.3817703,
4034531052,-12.27887405,
4035131012,-12.2659709,
4035730972,-12.170182,
4036330932,-12.25504552,
4036930892,-12.21433027,
4037530852,-12.28496351,
4038130812,-12.43216921,
4038730772,-12.0383567,
4039330732,-12.29125533,
4039930692,-12.1756714,
4040530652,-12.28646814,
4041130612,-12.21231094,
4041730572,-12.25618351,
4042330532,-12.08995527,
4042930492,-12.06539571,
4043530452,-12.08864197,
4044130412,-12.26102449,
4044730372,-12.15477618,
4045330332,-12.14080065,
4045930292,-12.03477769,
4046530252,-12.12847549,
4047130212,-12.10157813,
4047730172,-12.05165698,
4048330132,-12.06271637,
4048930092,-11.98800245,
4049530052,-12.02476629,
4050130012,-12.04673988,
4050729972,-12.21320126,
4051329932,-12.02064785,
4051929892,-11.95393576,
4052529852,-11.93507664,
4053129812,-11.74375572,
4053729772,-11.9179765,
4054329732,-11.8205645,
4054929692,-11.82016195,
4055529652,-11.9979633,
4056129612,-11.83991105,
4056729572,-11.86019231,
4057329532,-11.81150349,
4057929492,-11.82455606,
4058529452,-11.94275541,
4059129412,-11.93259746,
4059729372,-11.97070281,
4060329332,-11.86703366,
4060929292,-11.75444281,
4061529252,-11.73056478,
4062129212,-11.79201583,
4062729172,-11.92333619,
4063329132,-11.87351693,
4063929092,-11.71472473,
4064529052,-11.68800457,
4065129012,-11.83232617,
4065728972,-11.73030214,
4066328932,-11.81625815,
4066928892,-12.01420156,
4067528852,-11.94103083,
4068128812,-11.72738083,
4068728772,-11.83730468,
4069328732,-11.71159006,
4069928692,-11.89297219,
4070528652,-11.78241003,
4071128612,-11.91568923,
4071728572,-11.91090782,
4072328532,-11.71251441,
4072928492,-11.84983528,
4073528452,-11.91108956,
4074128412,-11.60839784,
4074728372,-11.79748067,
4075328332,-11.73489785,
4075928292,-11.73774895,
4076528252,-11.67630478,
4077128212,-11.69614723,
4077728172,-11.80361736,
4078328132,-11.78851022,
4078928092,-11.73386124,
4079528052,-11.76398319,
4080128012,-11.7703798,
4080727972,-11.70260574,
4081327932,-11.88762848,
4081927892,-11.86834316,
4082527852,-11.69949064,
4083127812,-11.67639079,
4083727772,-11.69321647,
4084327732,-11.72293493,
4084927692,-11.74619423,
4085527652,-12.0495857,
4086127612,-11.92498966,
4086727572,-11.95840895,
4087327532,-11.92119582,
4087927492,-11.98226317,
4088527452,-11.81021552,
4089127412,-11.90968425,
4089727372,-11.78064527,
4090327332,-11.84251963,
4090927292,-11.808691,
4091527252,-11.86722754,
4092127212,-11.8508071,
4092727172,-11.75710819,
4093327132,-11.77965065,
4093927092,-11.6997988,
4094527052,-11.92287581,
4095127012,-11.80980066,
4095726972,-11.67365434,
4096326932,-11.93821755,
4096926892,-11.88187648,
4097526852,-11.755802,
4098126812,-11.84778405,
4098726772,-11.81782146,
4099326732,-11.82513932,
4099926692,-11.82592508,
4100526652,-11.96461871,
4101126612,-11.93358242,
4101726572,-11.83235738,
4102326532,-11.66346096,
4102926492,-11.95519643,
4103526452,-11.88889096,
4104126412,-11.86414299,
4104726372,-11.78440236,
4105326332,-11.99134449,
4105926292,-11.99218669,
4106526252,-12.03393507,
4107126212,-11.78802721,
4107726172,-11.74311833,
4108326132,-11.94372806,
4108926092,-11.90360803,
4109526052,-11.85562526,
4110126012,-11.79123976,
4110725972,-12.00922357,
4111325932,-11.82533531,
4111925892,-11.94693488,
4112525852,-11.94350763,
4113125812,-12.10402066,
4113725772,-12.13182384,
4114325732,-11.97987129,
4114925692,-12.07953628,
4115525652,-11.87404782,
4116125612,-11.98109395,
4116725572,-11.95693046,
4117325532,-12.01662246,
4117925492,-12.03760053,
4118525452,-11.85649862,
4119125412,-11.98017923,
4119725372,-11.91554087,
4120325332,-11.99986774,
4120925292,-11.87169344,
4121525252,-11.76768204,
4122125212,-12.14830599,
4122725172,-12.01638484,
4123325132,-12.0197332,
4123925092,-12.14167235,
4124525052,-12.00737824,
4125125012,-12.11899827,
4125724972,-12.08904111,
4126324932,-12.21341159,
4126924892,-12.20023596,
4127524852,-12.06786585,
4128124812,-11.99563683,
4128724772,-11.91792652,
4129324732,-12.03555046,
4129924692,-11.96294948,
4130524652,-12.21586448,
4131124612,-11.99383326,
4131724572,-12.13755519,
4132324532,-12.10837071,
4132924492,-12.17721824,
4133524452,-12.15102783,
4134124412,-12.11089753,
4134724372,-11.99448546,
4135324332,-12.07623239,
4135924292,-12.02873778,
4136524252,-12.1093165,
4137124212,-12.22483067,
4137724172,-12.32075977,
4138324132,-12.11924157,
4138924092,-12.28755118,
4139524052,-12.23865647,
4140124012,-12.26030385,
4140723972,-12.27940434,
4141323932,-12.29160064,
4141923892,-12.26616592,
4142523852,-12.32933136,
4143123812,-12.59021831,
4143723772,-12.3760299,
4144323732,-12.25765206,
4144923692,-12.63375691,
4145523652,-12.46277573,
4146123612,-12.28316687,
4146723572,-12.5276977,
4147323532,-12.4013818,
4147923492,-12.53771627,
4148523452,-12.33337641,
4149123412,-12.35219119,
4149723372,-12.35638074,
4150323332,-12.40446951,
4150923292,-12.69699845,
4151523252,-12.40658372,
4152123212,-12.53675235,
4152723172,-12.4528996,
4153323132,-12.67398022,
4153923092,-12.46800731,
4154523052,-12.7004921,
4155123012,-12.56787199,
4155722971,-12.61999388,
4156322931,-12.60872543,
4156922891,-12.67297893,
4157522851,-12.44797102,
4158122811,-12.70267428,
4158722771,-12.56146564,
4159322731,-12.69858352,
4159922691,-12.61406944,
4160522651,-12.76006303,
4161122611,-12.78243805,
4161722571,-12.87126504,
4162322531,-12.81766379,
4162922491,-12.76808873,
4163522451,-12.70308358,
4164122411,-12.79746292,
4164722371,-12.76483221,
4165322331,-12.83276259,
4165922291,-12.87433046,
4166522251,-12.88416064,
4167122211,-12.8788463,
4167722171,-12.93368732,
4168322131,-12.92680105,
4168922091,-12.99044181,
4169522051,-12.99699611,
4170122011,-13.06559131,
4170721971,-13.10313564,
4171321931,-13.07597759,
4171921891,-13.12188818,
4172521851,-13.18606808,
4173121811,-13.04150145,
4173721771,-13.18801728,
4174321731,-13.11487288,
4174921691,-13.18711936,
4175521651,-13.25637125,
4176121611,-13.21998387,
4176721571,-13.22225974,
4177321531,-13.19281291,
4177921491,-13.32818179,
4178521451,-13.26756637,
4179121411,-13.34534783,
4179721371,-13.3769546,
4180321331,-13.50772699,
4180921291,-13.4503473,
4181521251,-13.38277594,
4182121211,-13.50806577,
4182721171,-13.51849914,
4183321131,-13.6328349,
4183921091,-13.41966288,
4184521051,-13.61793349,
4185121011,-13.48410279,
4185720971,-13.51505492,
4186320931,-13.5396791,
4186920891,-13.57516365,
4187520851,-13.65361323,
4188120811,-13.52032383,
4188720771,-13.77065679,
4189320731,-13.72970763,
4189920691,-13.82323125,
4190520651,-13.80879299,
4191120611,-13.793224,
4191720571,-13.78937965,
4192320531,-13.86203386,
4192920491,-13.8846875,
4193520451,-13.94141699,
4194120411,-13.92501024,
4194720371,-13.91160595,
4195320331,-13.91044671,
4195920291,-13.79838596,
4196520251,-14.02056748,
4197120211,-14.07616543,
4197720171,-13.82643162,
4198320131,-14.15257349,
4198920091,-13.98588872,
4199520051,-14.07638288,
4200120011,-14.1860749,
4200719971,-13.9553595,
4201319931,-14.35057636,
4201919891,-14.00893527,
4202519851,-14.31450384,
4203119811,-14.31577432,
4203719771,-14.19912785,
4204319731,-14.21484018,
4204919691,-14.39101287,
4205519651,-14.15081355,
4206119611,-14.31436541,
4206719571,-14.27979208,
4207319531,-14.47863232,
4207919491,-14.38668721,
4208519451,-14.37643332,
4209119411,-14.39095493,
4209719371,-14.36324976,
4210319331,-14.37178188,
4210919291,-14.6135814,
4211519251,-14.37961411,
4212119211,-14.4229522,
4212719171,-14.48298585,
4213319131,-14.66713353,
4213919091,-14.57882745,
4214519051,-14.73224001,
4215119011,-14.53767762,
4215718971,-14.58383134,
4216318931,-14.43984603,
4216918891,-14.4787793,
4217518851,-14.46712905,
4218118811,-14.71739114,
4218718771,-14.56292751,
4219318731,-14.69451428,
4219918691,-14.66059133,
4220518651,-14.7399329,
4221118611,-14.52830094,
4221718571,-14.8393071,
4222318531,-14.65662544,
4222918491,-14.81223352,
4223518451,-14.73611055,
4224118411,-14.86876501,
4224718371,-14.70362622,
4225318331,-14.886392,
4225918291,-14.71132756,
4226518251,-14.47780238,
4227118211,-14.83653715,
4227718171,-14.8305854,
4228318131,-14.94527876,
4228918091,-14.92634259,
4229518051,-15.08730908,
4230118011,-15.07808707,
4230717971,-14.68176496,
4231317931,-14.88162693,
4231917891,-14.9029141,
4232517851,-14.87207861,
4233117811,-15.15418468,
4233717771,-15.01407975,
4234317731,-15.00139089,
4234917691,-14.74146196,
4235517651,-14.96162945,
4236117611,-14.97994321,
4236717571,-14.88301134,
4237317531,-15.04810496,
4237917491,-14.84058029,
4238517451,-15.13066533,
4239117411,-14.95406316,
4239717371,-15.17887026,
4240317331,-14.96429533,
4240917291,-15.12564262,
4241517251,-15.05242672,
4242117211,-15.10358263,
4242717171,-15.12663838,
4243317131,-15.26011685,
4243917091,-14.87162602,
4244517051,-15.16117109,
4245117011,-15.17676829,
4245716971,-14.86138888,
4246316931,-15.20930052,
4246916891,-14.94856726,
4247516851,-14.81659255,
4248116811,-14.95901975,
4248716771,-15.16934025,
4249316731,-15.35849755,
4249916691,-15.09603289,
4250516651,-15.28307452,
4251116611,-14.81916964,
4251716571,-15.03844268,
4252316531,-14.65287737,
4252916491,-15.16749659,
4253516451,-15.09825589,
4254116411,-14.88916726,
4254716371,-15.24853564,
4255316331,-14.75588281,
4255916291,-14.62459339,
4256516251,-14.8040411,
4257116211,-15.00430819,
4257716171,-14.87246804,
4258316131,-15.00037555,
4258916091,-14.96556864,
4259516051,-15.19498741,
4260116011,-14.93337854,
4260715971,-14.96494725,
4261315931,-15.01201354,
4261915891,-14.78131398,
4262515851,-15.05438319,
4263115811,-14.85270966,
4263715771,-14.78081744,
4264315731,-14.74351418,
4264915691,-14.94483226,
4265515651,-14.79316376,
4266115611,-14.86284154,
4266715571,-14.79039836,
4267315531,-14.8360331,
4267915491,-14.84181413,
4268515451,-14.8479033,
4269115411,-14.7412736,
4269715371,-14.89755103,
4270315331,-14.7055168,
4270915291,-14.76079538,
4271515251,-14.65166388,
4272115211,-15.06278303,
4272715171,-14.80508207,
4273315131,-14.84248633,
4273915091,-14.46496882,
4274515051,-14.67936147,
4275115011,-14.85718853,
4275714971,-14.5151593,
4276314931,-14.4363224,
4276914891,-14.33281217,
4277514851,-14.33032862,
4278114811,-14.73597842,
4278714771,-14.47765123,
4279314731,-14.68738224,
4279914691,-14.48289187,
4280514651,-14.532545,
4281114611,-14.39965115,
4281714571,-14.45340774,
4282314531,-14.48872697,
4282914491,-14.32603741,
4283514451,-14.61507628,
4284114411,-14.32952195,
4284714371,-14.43903876,
4285314331,-14.36320798,
4285914291,-14.28437072,
4286514251,-14.2183134,
4287114211,-14.25245786,
4287714171,-14.25437056,
4288314131,-14.32658628,
4288914091,-14.34693673,
4289514051,-14.37480457,
4290114011,-14.31591272,
4290713971,-14.30573547,
4291313931,-14.04204204,
4291913891,-14.17533658,
4292513851,-14.20938758,
4293113811,-14.19888869,
4293713771,-14.24076076,
4294313731,-14.10764435,
4294913691,-14.26980049,
4295513651,-14.06234432,
4296113611,-14.05642631,
4296713571,-14.14070086,
4297313531,-14.2043381,
4297913491,-14.12437175,
4298513451,-13.94105959,
4299113411,-14.12790376,
4299713371,-14.18572811,
4300313331,-14.00419275,
4300913291,-14.03992064,
4301513251,-14.07517459,
4302113211,-13.93226856,
4302713171,-13.88823664,
4303313131,-13.95455375,
4303913091,-13.92894733,
4304513051,-13.93222671,
4305113011,-13.75569703,
4305712971,-14.03511188,
4306312931,-13.92047442,
4306912891,-13.88630784,
4307512851,-13.66150568,
4308112811,-13.70152863,
4308712771,-13.80779658,
4309312730,-13.88205316,
4309912690,-13.73682252,
4310512650,-13.85030092,
4311112610,-13.80314247,
4311712570,-13.8999359,
4312312530,-13.69412982,
4312912490,-13.87261829,
4313512450,-13.7957345,
4314112410,-13.76293815,
4314712370,-13.83171809,
4315312330,-13.65496555,
4315912290,-13.56720413,
4316512250,-13.85920174,
4317112210,-13.78027325,
4317712170,-13.65637453,
4318312130,-13.77146612,
4318912090,-13.82760571,
4319512050,-13.62984956,
4320112010,-13.81075208,
4320711970,-13.61178684,
4321311930,-13.65358229,
4321911890,-13.76200067,
4322511850,-13.48901846,
4323111810,-13.5796901,
4323711770,-13.65040678,
4324311730,-13.61044962,
4324911690,-13.68556243,
4325511650,-13.7017518,
4326111610,-13.60199901,
4326711570,-13.49849461,
4327311530,-13.52674565,
4327911490,-13.49000011,
4328511450,-13.63283251,
4329111410,-13.46114166,
4329711370,-13.57967569,
4330311330,-13.50729334,
4330911290,-13.55883977,
4331511250,-13.399989,
4332111210,-13.49471923,
4332711170,-13.56722021,
4333311130,-13.5131394,
4333911090,-13.54908028,
4334511050,-13.41605068,
4335111010,-13.43331224,
4335710970,-13.41807425,
4336310930,-13.45590488,
4336910890,-13.43042759,
4337510850,-13.49023228,
4338110810,-13.31008423,
4338710770,-13.37754802,
4339310730,-13.27509297,
4339910690,-13.44476155,
4340510650,-13.39018871,
4341110610,-13.46210739,
4341710570,-13.37200155,
4342310530,-13.34748214,
4342910490,-13.4938642,
4343510450,-13.42173176,
4344110410,-13.46137659,
4344710370,-13.47579619,
4345310330,-13.38450621,
4345910290,-13.40030469,
4346510250,-13.39281257,
4347110210,-13.52511295,
4347710170,-13.36483933,
4348310130,-13.40705247,
4348910090,-13.38135451,
4349510050,-13.56270008,
4350110010,-13.40812251,
4350709970,-13.35728159,
4351309930,-13.51816,
4351909890,-13.3799859,
4352509850,-13.41127173,
4353109810,-13.29493893,
4353709770,-13.41330266,
4354309730,-13.21004035,
4354909690,-13.32817672,
4355509650,-13.37844211,
4356109610,-13.42960642,
4356709570,-13.46924285,
4357309530,-13.38375259,
4357909490,-13.32876443,
4358509450,-13.47997113,
4359109410,-13.36375364,
4359709370,-13.37840378,
4360309330,-13.41058629,
4360909290,-13.30922648,
4361509250,-13.33717897,
4362109210,-13.34077951,
4362709170,-13.3817806,
4363309130,-13.48055042,
4363909090,-13.45415744,
4364509050,-13.40045685,
4365109010,-13.31126676,
4365708970,-13.47493281,
4366308930,-13.47312292,
4366908890,-13.54775523,
4367508850,-13.4427728,
4368108810,-13.36374209,
4368708770,-13.45028918,
4369308730,-13.43242021,
4369908690,-13.26476294,
4370508650,-13.37721418,
4371108610,-13.44056425,
4371708570,-13.29038472,
4372308530,-13.45369912,
4372908490,-13.37593037,
4373508450,-13.29733454,
4374108410,-13.28633489,
4374708370,-13.46703935,
4375308330,-13.39057555,
4375908290,-13.3928779,
4376508250,-13.25005873,
4377108210,-13.38048128,
4377708170,-13.41123615,
4378308130,-13.37301361,
4378908090,-13.57941441,
4379508050,-13.29434142,
4380108010,-13.45437954,
4380707970,-13.29168242,
4381307930,-13.4293999,
4381907890,-13.25916921,
4382507850,-13.40113844,
4383107810,-13.1907011,
4383707770,-13.41255881,
4384307730,-13.40603536,
4384907690,-13.45977407,
4385507650,-13.40474123,
4386107610,-13.45417576,
4386707570,-13.34123132,
4387307530,-13.33453748,
4387907490,-13.40398531,
4388507450,-13.10534338,
4389107410,-13.40587793,
4389707370,-13.46599489,
4390307330,-13.37717554,
4390907290,-13.30046973,
4391507250,-13.4965111,
4392107210,-13.30712309,
4392707170,-13.43234577,
4393307130,-13.45573232,
4393907090,-13.35694215,
4394507050,-13.41395917,
4395107010,-13.41801344,
4395706970,-13.28151497,
4396306930,-13.32213727,
4396906890,-13.27871362,
4397506850,-13.35045732,
4398106810,-13.42661538,
4398706770,-13.53402399,
4399306730,-13.50089325,
4399906690,-13.37920573,
4400506650,-13.50365529,
4401106610,-13.40936618,
4401706570,-13.46013785,
4402306530,-13.37337405,
4402906490,-13.53141047,
4403506450,-13.51135413,
4404106410,-13.42064441,
4404706370,-13.47596047,
4405306330,-13.5239143,
4405906290,-13.62138145,
4406506250,-13.46321152,
4407106210,-13.3462452,
4407706170,-13.51758919,
4408306130,-13.30617853,
4408906090,-13.29194167,
4409506050,-13.5665439,
4410106010,-13.31246617,
4410705970,-13.51281141,
4411305930,-13.61679895,
4411905890,-13.50776461,
4412505850,-13.62375336,
4413105810,-13.59688924,
4413705770,-13.66708779,
4414305730,-13.61288649,
4414905690,-13.62358856,
4415505650,-13.59728553,
4416105610,-13.59035948,
4416705570,-13.70374162,
4417305530,-13.63339029,
4417905490,-13.59851583,
4418505450,-13.50339017,
4419105410,-13.71966883,
4419705370,-13.80155058,
4420305330,-13.68055024,
4420905290,-13.59038578,
4421505250,-13.60238067,
4422105210,-13.75345897,
4422705170,-13.59480788,
4423305130,-13.70345642,
4423905090,-13.81705819,
4424505050,-13.82814211,
4425105010,-13.77144,
4425704970,-13.80808467,
4426304930,-13.85180767,
4426904890,-13.8688148,
4427504850,-13.85434232,
4428104810,-13.92611772,
4428704770,-13.90346463,
4429304730,-13.78225079,
4429904690,-13.90187769,
4430504650,-13.82774099,
4431104610,-13.92338115,
4431704570,-13.92342446,
4432304530,-13.92178644,
4432904490,-14.14077717,
4433504450,-14.05461217,
4434104410,-14.0300321,
4434704370,-14.01611864,
4435304330,-14.02765908,
4435904290,-14.21157706,
4436504250,-14.15675738,
4437104210,-14.25917546,
4437704170,-14.38915059,
4438304130,-14.14969039,
4438904090,-14.17268215,
4439504050,-14.40316501,
4440104010,-14.17317433,
4440703970,-14.15278852,
4441303930,-14.02280811,
4441903890,-14.32025831,
4442503850,-14.32805769,
4443103810,-14.38723504,
4443703770,-14.35611396,
4444303730,-14.55374363,
4444903690,-14.36862347,
4445503650,-14.40164071,
4446103610,-14.42619103,
4446703570,-14.56507953,
4447303530,-14.46396683,
4447903490,-14.5658067,
4448503450,-14.45296012,
4449103410,-14.5822088,
4449703370,-14.79647132,
4450303330,-14.58496627,
4450903290,-14.41507344,
4451503250,-14.61491349,
4452103210,-14.62036202,
4452703170,-14.85135074,
4453303130,-14.73409674,
4453903090,-14.7391101,
4454503050,-14.77844408,
4455103010,-14.71461318,
4455702970,-15.01733075,
4456302930,-14.80886532,
4456902890,-14.98751862,
4457502850,-14.88041013,
4458102810,-14.95075671,
4458702770,-14.95251851,
4459302730,-14.76371128,
4459902690,-14.90584449,
4460502650,-15.08113522,
4461102610,-14.89453554,
4461702570,-15.20984834,
4462302530,-14.91366737,
4462902489,-15.14399885,
4463502449,-15.46431004,
4464102409,-15.09503403,
4464702369,-15.1905265,
4465302329,-15.37162984,
4465902289,-15.29362224,
4466502249,-15.70263745,
4467102209,-15.20684339,
4467702169,-15.40222769,
4468302129,-15.18077036,
4468902089,-15.59708004,
4469502049,-15.39761117,
4470102009,-15.63720484,
4470701969,-15.74455591,
4471301929,-15.8674044,
4471901889,-15.54184124,
4472501849,-15.73698033,
4473101809,-15.74692908,
4473701769,-15.71396623,
4474301729,-15.80113459,
4474901689,-15.51385575,
4475501649,-15.91080383,
4476101609,-15.77242748,
4476701569,-15.99348206,
4477301529,-15.88995521,
4477901489,-15.61792061,
4478501449,-15.94948164,
4479101409,-15.74593342,
4479701369,-16.12570936,
4480301329,-16.15244646,
4480901289,-15.96858534,
4481501249,-15.83742275,
4482101209,-15.83792931,
4482701169,-15.91787539,
4483301129,-15.9075823,
4483901089,-15.99982523,
4484501049,-16.07814181,
4485101009,-16.04167309,
4485700969,-16.26540375,
4486300929,-16.19650236,
4486900889,-16.1576237,
4487500849,-16.28421068,
4488100809,-16.17877857,
4488700769,-15.94423394,
4489300729,-16.21166652,
4489900689,-16.07904892,
4490500649,-16.2385632,
4491100609,-16.31661485,
4491700569,-16.24599926,
4492300529,-16.07876458,
4492900489,-16.52449002,
4493500449,-16.12245225,
4494100409,-16.10509313,
4494700369,-16.38009816,
4495300329,-16.30239249,
4495900289,-16.36990591,
4496500249,-16.15543683,
4497100209,-16.27445711,
4497700169,-16.13313476,
4498300129,-16.31449094,
4498900089,-16.22377109,
4499500049,-16.36181422,
4500100009,-16.44888744,
4500699969,-16.36704566,
4501299929,-16.40986295,
4501899889,-16.28727701,
4502499849,-16.33034726,
4503099809,-16.33675232,
4503699769,-16.34843521,
4504299729,-16.36426335,
4504899689,-16.44581525,
4505499649,-16.4434182,
4506099609,-16.3152629,
4506699569,-16.36853424,
4507299529,-16.4367881,
4507899489,-16.58401085,
4508499449,-16.2150174,
4509099409,-16.37810585,
4509699369,-16.48822858,
4510299329,-16.43095226,
4510899289,-16.55100934,
4511499249,-16.56938931,
4512099209,-16.43757842,
4512699169,-16.4541902,
4513299129,-16.44370088,
4513899089,-16.40679705,
4514499049,-16.44439406,
4515099009,-16.3208805,
4515698969,-16.3867376,
4516298929,-16.48639609,
4516898889,-16.33974806,
4517498849,-16.45650955,
4518098809,-16.57663964,
4518698769,-16.48362412,
4519298729,-16.46995353,
4519898689,-16.21097255,
4520498649,-16.57678649,
4521098609,-16.46739093,
4521698569,-16.50260479,
4522298529,-16.58560796,
4522898489,-16.41475435,
4523498449,-16.56439797,
4524098409,-16.69887243,
4524698369,-16.49951646,
4525298329,-16.54116033,
4525898289,-16.54961783,
4526498249,-16.42775354,
4527098209,-16.57187989,
4527698169,-16.51479826,
4528298129,-16.41315957,
4528898089,-16.53965564,
4529498049,-16.45916771,
4530098009,-16.53022435,
4530697969,-16.4271417,
4531297929,-16.49070132,
4531897889,-16.54326084,
4532497849,-16.31520557,
4533097809,-16.56250527,
4533697769,-16.57289433,
4534297729,-16.42771994,
4534897689,-16.51188832,
4535497649,-16.54897899,
4536097609,-16.43784457,
4536697569,-16.56626758,
4537297529,-16.32002566,
4537897489,-16.42221588,
4538497449,-16.34629955,
4539097409,-16.50143924,
4539697369,-16.49909465,
4540297329,-16.61221121,
4540897289,-16.43035881,
4541497249,-16.33809127,
4542097209,-16.41051626,
4542697169,-16.46829846,
4543297129,-16.43982786,
4543897089,-16.56818079,
4544497049,-16.42535596,
4545097009,-16.41887607,
4545696969,-16.39063649,
4546296929,-16.44504141,
4546896889,-16.42702425,
4547496849,-16.33083962,
4548096809,-16.49029057,
4548696769,-16.43917093,
4549296729,-16.28085327,
4549896689,-16.37827179,
4550496649,-16.36177597,
4551096609,-16.40906441,
4551696569,-16.40604206,
4552296529,-16.50319152,
4552896489,-16.42248898,
4553496449,-16.21743141,
4554096409,-16.404777,
4554696369,-16.38943257,
4555296329,-16.35190516,
4555896289,-16.11649393,
4556496249,-16.24327813,
4557096209,-16.17793945,
4557696169,-16.28482761,
4558296129,-16.30912273,
4558896089,-16.24920787,
4559496049,-16.29738176,
4560096009,-16.39017008,
4560695969,-16.35363071,
4561295929,-16.26501313,
4561895889,-16.23059284,
4562495849,-16.26320385,
4563095809,-16.19175579,
4563695769,-16.14795977,
4564295729,-16.15429358,
4564895689,-16.26269531,
4565495649,-16.11443721,
4566095609,-16.25206503,
4566695569,-16.17793969,
4567295529,-16.29805265,
4567895489,-16.18188825,
4568495449,-16.16615403,
4569095409,-16.04389528,
4569695369,-15.82973073,
4570295329,-16.17460277,
4570895289,-16.03313769,
4571495249,-16.18226705,
4572095209,-15.99735489,
4572695169,-16.15215147,
4573295129,-16.15129617,
4573895089,-16.06186041,
4574495049,-16.10172094,
4575095009,-16.04926511,
4575694969,-16.18141051,
4576294929,-16.274699,
4576894889,-15.87985551,
4577494849,-16.23135068,
4578094809,-16.22884517,
4578694769,-15.73720909,
4579294729,-16.09752874,
4579894689,-16.07448259,
4580494649,-15.89672381,
4581094609,-16.34912917,
4581694569,-16.09934903,
4582294529,-15.98421184,
4582894489,-16.24172724,
4583494449,-15.96926685,
4584094409,-16.28200614,
4584694369,-16.16531055,
4585294329,-16.20317325,
4585894289,-16.06892752,
4586494249,-15.96937887,
4587094209,-16.15126782,
4587694169,-16.0477658,
4588294129,-16.04886105,
4588894089,-15.82967321,
4589494049,-15.99012985,
4590094009,-16.21846993,
4590693969,-16.3700148,
4591293929,-16.02963125,
4591893889,-16.14444436,
4592493849,-16.34107999,
4593093809,-16.21087284,
4593693769,-16.16536091,
4594293729,-16.19521732,
4594893689,-16.0332107,
4595493649,-15.96265903,
4596093609,-15.96482754,
4596693569,-15.96518993,
4597293529,-16.29908883,
4597893489,-16.02800744,
4598493449,-16.03336288,
4599093409,-16.07608647,
4599693369,-16.14925826,
4600293329,-16.1137734,
4600893289,-16.15983318,
4601493249,-16.182595,
4602093209,-16.17463086,
4602693169,-16.08285354,
4603293129,-16.06180417,
4603893089,-16.22491319,
4604493049,-15.91602484,
4605093009,-15.92135382,
4605692969,-16.02044886,
4606292929,-15.71186115,
4606892889,-16.19481561,
4607492849,-16.03136082,
4608092809,-16.13250522,
4608692769,-15.96476471,
4609292729,-16.13753504,
4609892689,-16.04057416,
4610492649,-16.21997597,
4611092609,-16.20641779,
4611692569,-16.13907421,
4612292529,-16.03703214,
4612892489,-16.02853041,
4613492449,-16.00586721,
4614092409,-15.92702312,
4614692369,-16.02378918,
4615292329,-16.40388213,
4615892289,-16.1818474,
4616492248,-16.28302415,
4617092208,-16.17957933,
4617692168,-15.95835748,
4618292128,-15.99207372,
4618892088,-15.96934897,
4619492048,-16.07652406,
4620092008,-16.22432741,
4620691968,-16.1011898,
4621291928,-16.11330818,
4621891888,-15.91997213,
4622491848,-16.07622438,
4623091808,-16.11971996,
4623691768,-15.91859565,
4624291728,-16.16410974,
4624891688,-16.09295599,
4625491648,-16.26615742,
4626091608,-16.0727239,
4626691568,-16.01403416,
4627291528,-16.12641907,
4627891488,-15.98881916,
4628491448,-15.97770234,
4629091408,-16.00055074,
4629691368,-15.95518425,
4630291328,-16.02449568,
4630891288,-16.11108355,
4631491248,-15.93623103,
4632091208,-15.89042601,
4632691168,-15.94961698,
4633291128,-16.11576599,
4633891088,-16.20391266,
4634491048,-16.03446756,
4635091008,-15.93828269,
4635690968,-15.91037163,
4636290928,-16.07595281,
4636890888,-15.8672571,
4637490848,-15.90118642,
4638090808,-16.26855639,
4638690768,-15.84687328,
4639290728,-15.97765213,
4639890688,-16.18154818,
4640490648,-15.84399139,
4641090608,-15.87871207,
4641690568,-15.97652316,
4642290528,-15.76309833,
4642890488,-15.80892323,
4643490448,-16.08516625,
4644090408,-16.03394004,
4644690368,-15.9744162,
4645290328,-15.97928459,
4645890288,-15.69988664,
4646490248,-16.20742489,
4647090208,-16.06847774,
4647690168,-15.94391123,
4648290128,-15.78431819,
4648890088,-16.09359042,
4649490048,-15.69327351,
4650090008,-15.70419112,
4650689968,-15.7515083,
4651289928,-15.83453141,
4651889888,-15.87592944,
4652489848,-15.9212396,
4653089808,-15.73021828,
4653689768,-15.65754284,
4654289728,-15.70402482,
4654889688,-15.86267734,
4655489648,-15.89344241,
4656089608,-15.97958709,
4656689568,-15.87451015,
4657289528,-15.66347034,
4657889488,-15.7446845,
4658489448,-15.47073647,
4659089408,-15.77571679,
4659689368,-15.77470132,
4660289328,-15.67116703,
4660889288,-15.92313185,
4661489248,-15.95024878,
4662089208,-15.66160734,
4662689168,-15.62193159,
4663289128,-15.86902664,
4663889088,-15.57371275,
4664489048,-15.89103469,
4665089008,-15.83263884,
4665688968,-15.61032772,
4666288928,-15.54628534,
4666888888,-15.77751438,
4667488848,-15.87661115,
4668088808,-15.54159914,
4668688768,-15.81659613,
4669288728,-15.55696913,
4669888688,-15.50962062,
4670488648,-15.52651426,
4671088608,-15.56228552,
4671688568,-15.69247321,
4672288528,-15.72629503,
4672888488,-15.61793727,
4673488448,-15.78303121,
4674088408,-15.50378571,
4674688368,-15.82951947,
4675288328,-15.48346556,
4675888288,-15.83238148,
4676488248,-15.61028717,
4677088208,-15.42368835,
4677688168,-15.65452521,
4678288128,-15.71316537,
4678888088,-15.45541944,
4679488048,-15.50382792,
4680088008,-15.51232366,
4680687968,-15.49496607,
4681287928,-15.42676586,
4681887888,-15.49929347,
4682487848,-15.38301515,
4683087808,-15.59170785,
4683687768,-15.61815403,
4684287728,-15.43901226,
4684887688,-15.55441355,
4685487648,-15.4054361,
4686087608,-15.61134637,
4686687568,-15.4298401,
4687287528,-15.34046022,
4687887488,-15.54158745,
4688487448,-15.5188066,
4689087408,-15.39378409,
4689687368,-15.49552274,
4690287328,-15.4703046,
4690887288,-15.55475187,
4691487248,-15.31218224,
4692087208,-15.69143187,
4692687168,-15.5281572,
4693287128,-15.59412978,
4693887088,-15.63535766,
4694487048,-15.32058769,
4695087008,-15.43766176,
4695686968,-15.38379532,
4696286928,-15.73825929,
4696886888,-15.55679478,
4697486848,-15.51679229,
4698086808,-15.41491301,
4698686768,-15.5596864,
4699286728,-15.52688607,
4699886688,-15.56880484,
4700486648,-15.38777068,
4701086608,-15.43207881,
4701686568,-15.65351051,
4702286528,-15.55572062,
4702886488,-15.72598736,
4703486448,-15.49606507,
4704086408,-15.46007508,
4704686368,-15.86690195,
4705286328,-15.67917693,
4705886288,-15.29727484,
4706486248,-15.80513266,
4707086208,-15.66462771,
4707686168,-15.70613038,
4708286128,-15.70326646,
4708886088,-15.38175744,
4709486048,-15.63240144,
4710086008,-15.61255628,
4710685968,-15.57631481,
4711285928,-15.71010593,
4711885888,-16.0011848,
4712485848,-15.88232986,
4713085808,-15.8082807,
4713685768,-15.59043523,
4714285728,-15.87900136,
4714885688,-15.67131992,
4715485648,-15.75552119,
4716085608,-16.01020619,
4716685568,-15.9251956,
4717285528,-15.5984397,
4717885488,-15.75757986,
4718485448,-15.93920081,
4719085408,-15.70693488,
4719685368,-15.68758421,
4720285328,-15.80168769,
4720885288,-15.76447064,
4721485248,-15.79261723,
4722085208,-15.85239296,
4722685168,-16.0630405,
4723285128,-15.85893774,
4723885088,-15.92796915,
4724485048,-16.098045,
4725085008,-15.75709519,
4725684968,-16.09610925,
4726284928,-15.98890708,
4726884888,-15.82936466,
4727484848,-15.95638903,
4728084808,-15.79408737,
4728684768,-16.08859959,
4729284728,-16.11067381,
4729884688,-16.0032358,
4730484648,-15.94839796,
4731084608,-16.10514707,
4731684568,-15.98941091,
4732284528,-16.31365284,
4732884488,-16.1472244,
4733484448,-16.16006418,
4734084408,-16.17032399,
4734684368,-16.08963352,
4735284328,-16.14179427,
4735884288,-16.21246364,
4736484248,-16.05937864,
4737084208,-16.26066498,
4737684168,-16.19800605,
4738284128,-16.07693342,
4738884088,-16.29204919,
4739484048,-16.34458392,
4740084008,-16.4386868,
4740683968,-16.41982515,
4741283928,-16.36861071,
4741883888,-16.37868755,
4742483848,-16.60734553,
4743083808,-16.39008445,
4743683768,-16.54735077,
4744283728,-16.43888382,
4744883688,-16.5056106,
4745483648,-16.43142035,
4746083608,-16.58322347,
4746683568,-16.51679418,
4747283528,-16.65295361,
4747883488,-16.53760931,
4748483448,-16.62290357,
4749083408,-16.62416971,
4749683368,-16.49923097,
4750283328,-16.72085474,
4750883288,-16.80738544,
4751483248,-16.77802345,
4752083208,-16.94777333,
4752683168,-16.78598448,
4753283128,-16.67242033,
4753883088,-16.81694008,
4754483048,-17.00060867,
4755083008,-17.0329074,
4755682968,-16.78577702,
4756282928,-16.89375963,
4756882888,-16.88963805,
4757482848,-16.80906051,
4758082808,-17.20667976,
4758682768,-16.99781559,
4759282728,-16.89504176,
4759882688,-17.12237395,
4760482648,-16.94410668,
4761082608,-16.92243024,
4761682568,-17.15039449,
4762282528,-17.02128947,
4762882488,-17.08235696,
4763482448,-17.09697113,
4764082408,-17.2245478,
4764682368,-17.18625386,
4765282328,-17.07171991,
4765882288,-17.18920834,
4766482248,-17.18888373,
4767082208,-17.12027637,
4767682168,-17.41026706,
4768282128,-17.3628377,
4768882088,-17.12944818,
4769482048,-17.30678231,
4770082008,-17.39952933,
4770681967,-17.38865411,
4771281927,-17.44620801,
4771881887,-17.49484645,
4772481847,-17.69782009,
4773081807,-17.39526114,
4773681767,-17.49212648,
4774281727,-17.66660228,
4774881687,-17.25098764,
4775481647,-17.35954462,
4776081607,-17.57347166,
4776681567,-17.90320584,
4777281527,-17.45993046,
4777881487,-17.5140076,
4778481447,-17.73796011,
4779081407,-17.60477264,
4779681367,-17.62936285,
4780281327,-17.91659893,
4780881287,-17.65141447,
4781481247,-17.82619201,
4782081207,-17.70266666,
4782681167,-17.88610308,
4783281127,-17.74333529,
4783881087,-17.87668982,
4784481047,-17.96322522,
4785081007,-17.89456544,
4785680967,-17.77999813,
4786280927,-17.69852594,
4786880887,-17.71061794,
4787480847,-17.54942671,
4788080807,-17.51533584,
4788680767,-17.7264534,
4789280727,-17.69586701,
4789880687,-17.90303803,
4790480647,-17.90079343,
4791080607,-18.01422754,
4791680567,-17.92155051,
4792280527,-17.83524911,
4792880487,-18.07682386,
4793480447,-18.06974407,
4794080407,-17.99590717,
4794680367,-17.94613771,
4795280327,-17.9579082,
4795880287,-18.17422063,
4796480247,-18.0472938,
4797080207,-17.935469,
4797680167,-18.05397371,
4798280127,-18.23276534,
4798880087,-17.87961153,
4799480047,-18.03496253,
4800080007,-18.02908587,
4800679967,-18.10415336,
4801279927,-18.01441977,
4801879887,-18.30527153,
4802479847,-18.09762951,
4803079807,-18.2764188,
4803679767,-18.07831143,
4804279727,-18.31582376,
4804879687,-18.35950197,
4805479647,-17.9943685,
4806079607,-18.33205218,
4806679567,-18.58750826,
4807279527,-18.500968,
4807879487,-18.18733255,
4808479447,-18.07595598,
4809079407,-18.42451838,
4809679367,-18.33123437,
4810279327,-18.27184429,
4810879287,-18.31325677,
4811479247,-18.36974015,
4812079207,-18.9188052,
4812679167,-18.53720966,
4813279127,-18.2549232,
4813879087,-18.69249837,
4814479047,-18.80313169,
4815079007,-18.2148257,
4815678967,-18.47401075,
4816278927,-18.44523777,
4816878887,-18.34272005,
4817478847,-18.16462596,
4818078807,-18.66891042,
4818678767,-18.46577943,
4819278727,-18.47027885,
4819878687,-19.08025598,
4820478647,-18.50892274,
4821078607,-18.50255764,
4821678567,-18.73034238,
4822278527,-18.5016049,
4822878487,-18.79633937,
4823478447,-18.55614846,
4824078407,-18.20631657,
4824678367,-19.33048887,
4825278327,-19.14386963,
4825878287,-18.38390306,
4826478247,-18.65906821,
4827078207,-19.01913959,
4827678167,-18.48532415,
4828278127,-18.84653406,
4828878087,-19.11198836,
4829478047,-18.74594118,
4830078007,-19.03507526,
4830677967,-18.78556686,
4831277927,-18.80306467,
4831877887,-18.91283175,
4832477847,-18.92085215,
4833077807,-18.97255453,
4833677767,-18.67263782,
4834277727,-19.06850673,
4834877687,-18.77913941,
4835477647,-19.08460879,
4836077607,-18.78172583,
4836677567,-18.83000034,
4837277527,-19.07079103,
4837877487,-19.10652887,
4838477447,-19.3888479,
4839077407,-18.59908663,
4839677367,-19.03941026,
4840277327,-18.83768153,
4840877287,-19.19477775,
4841477247,-18.79879824,
4842077207,-18.99614539,
4842677167,-18.83304962,
4843277127,-19.21923099,
4843877087,-19.265233,
4844477047,-18.92495549,
4845077007,-18.60048764,
4845676967,-18.60881755,
4846276927,-18.97864361,
4846876887,-19.35004891,
4847476847,-19.33667894,
4848076807,-18.99724695,
4848676767,-19.5880484,
4849276727,-19.5738508,
4849876687,-19.20933023,
4850476647,-19.80442407,
4851076607,-19.07678191,
4851676567,-19.41397769,
4852276527,-19.12885653,
4852876487,-19.48903561,
4853476447,-19.54225196,
4854076407,-19.63403509,
4854676367,-19.39191756,
4855276327,-19.52692645,
4855876287,-19.47226086,
4856476247,-19.82991684,
4857076207,-19.37801022,
4857676167,-19.43932719,
4858276127,-19.81411492,
4858876087,-19.77354131,
4859476047,-19.76936708,
4860076007,-19.53464352,
4860675967,-19.78793405,
4861275927,-19.82701441,
4861875887,-20.10149957,
4862475847,-20.08431136,
4863075807,-19.60423528,
4863675767,-19.95934662,
4864275727,-19.78733595,
4864875687,-19.50956432,
4865475647,-19.78555273,
4866075607,-19.90727812,
4866675567,-19.67042955,
4867275527,-19.97761988,
4867875487,-19.83088963,
4868475447,-20.07504331,
4869075407,-19.80341221,
4869675367,-19.70180094,
4870275327,-19.88051238,
4870875287,-20.05008674,
4871475247,-19.69189529,
4872075207,-20.16126513,
4872675167,-19.86744988,
4873275127,-20.12863534,
4873875087,-19.55132678,
4874475047,-19.83603387,
4875075007,-20.14724125,
4875674967,-20.24706129,
4876274927,-20.05884444,
4876874887,-19.80700803,
4877474847,-19.89053445,
4878074807,-19.77708226,
4878674767,-20.18998657,
4879274727,-20.02967526,
4879874687,-20.04118687,
4880474647,-19.79189424,
4881074607,-19.75971599,
4881674567,-20.02484221,
4882274527,-19.85787595,
4882874487,-20.07835922,
4883474447,-20.1928981,
4884074407,-20.18422498,
4884674367,-20.25519403,
4885274327,-20.53935035,
4885874287,-20.1339313,
4886474247,-20.16336899,
4887074207,-19.62283742,
4887674167,-20.01268128,
4888274127,-20.04822117,
4888874087,-20.25270163,
4889474047,-20.03845765,
4890074007,-20.12471719,
4890673967,-20.23147092,
4891273927,-19.84324444,
4891873887,-19.9845496,
4892473847,-19.99794657,
4893073807,-20.00410684,
4893673767,-19.8866819,
4894273727,-20.05522134,
4894873687,-19.94781585,
4895473647,-19.99516488,
4896073607,-20.51706667,
4896673567,-19.83107978,
4897273527,-20.17602724,
4897873487,-20.18577865,
4898473447,-20.12401334,
4899073407,-19.90200167,
4899673367,-20.02562328,
4900273327,-20.31145088,
4900873287,-19.94349329,
4901473247,-20.30151936,
4902073207,-19.82080922,
4902673167,-20.37027137,
4903273127,-19.82073202,
4903873087,-20.11763512,
4904473047,-20.03786998,
4905073007,-20.2287315,
4905672967,-19.56754256,
4906272927,-20.21511592,
4906872887,-19.78595759,
4907472847,-20.14388223,
4908072807,-20.06086189,
4908672767,-19.65949062,
4909272727,-19.35290189,
4909872687,-20.00104689,
4910472647,-19.87634139,
4911072607,-19.74587978,
4911672567,-19.58526899,
4912272527,-19.71715808,
4912872487,-19.77562898,
4913472447,-19.62073825,
4914072407,-19.91492346,
4914672367,-19.96967735,
4915272327,-19.78182718,
4915872287,-20.0356917,
4916472247,-19.8597378,
4917072207,-19.23182521,
4917672167,-19.65471498,
4918272127,-19.79495674,
4918872087,-19.72594252,
4919472047,-19.60659735,
4920072007,-19.74439277,
4920671967,-19.63854245,
4921271927,-19.41359904,
4921871887,-19.3710282,
4922471847,-19.20911538,
4923071807,-19.23453522,
4923671767,-19.1706637,
4924271726,-19.67157997,
4924871686,-19.33696111,
4925471646,-19.3076924,
4926071606,-19.13373812,
4926671566,-19.5216379,
4927271526,-19.25852231,
4927871486,-19.02183706,
4928471446,-19.49107913,
4929071406,-19.58483862,
4929671366,-19.30750306,
4930271326,-19.63559907,
4930871286,-19.16968158,
4931471246,-19.41930553,
4932071206,-19.46433268,
4932671166,-18.99461462,
4933271126,-19.13411893,
4933871086,-19.21671286,
4934471046,-19.066256,
4935071006,-18.88130402,
4935670966,-19.1718998,
4936270926,-19.64022246,
4936870886,-18.83402563,
4937470846,-18.55703709,
4938070806,-18.56631675,
4938670766,-18.84189385,
4939270726,-19.15106547,
4939870686,-18.79621771,
4940470646,-18.63452275,
4941070606,-18.78701235,
4941670566,-19.13014487,
4942270526,-18.37554203,
4942870486,-18.65823561,
4943470446,-18.70870894,
4944070406,-18.7441633,
4944670366,-18.41898461,
4945270326,-18.41940529,
4945870286,-19.15524884,
4946470246,-18.76644313,
4947070206,-18.50055867,
4947670166,-18.97083572,
4948270126,-18.83197059,
4948870086,-18.72292925,
4949470046,-18.67856158,
4950070006,-18.49672337,
4950669966,-18.45905446,
4951269926,-18.6079517,
4951869886,-18.64663011,
4952469846,-18.55142095,
4953069806,-18.26092412,
4953669766,-18.38941795,
4954269726,-18.7816278,
4954869686,-18.29892966,
4955469646,-18.62714364,
4956069606,-18.35629235,
4956669566,-18.35856668,
4957269526,-18.39347065,
4957869486,-18.32000162,
4958469446,-18.19141071,
4959069406,-18.58086537,
4959669366,-18.1464883,
4960269326,-18.11149733,
4960869286,-18.4851058,
4961469246,-18.26792443,
4962069206,-18.17595664,
4962669166,-18.19927934,
4963269126,-17.73944034,
4963869086,-18.12084906,
4964469046,-17.86179827,
4965069006,-18.37333549,
4965668966,-18.08477666,
4966268926,-18.02180922,
4966868886,-18.22083918,
4967468846,-18.0643493,
4968068806,-17.97091125,
4968668766,-18.30404457,
4969268726,-18.05714996,
4969868686,-18.19313706,
4970468646,-17.99673723,
4971068606,-18.27886913,
4971668566,-17.94697168,
4972268526,-17.58485248,
4972868486,-18.15399409,
4973468446,-18.24653489,
4974068406,-17.55815973,
4974668366,-18.11308806,
4975268326,-18.01702192,
4975868286,-17.87003788,
4976468246,-18.18498413,
4977068206,-17.94694383,
4977668166,-17.61272976,
4978268126,-17.72223413,
4978868086,-17.7728519,
4979468046,-17.50084249,
4980068006,-17.94622293,
4980667966,-18.00457169,
4981267926,-17.99075801,
4981867886,-18.0189377,
4982467846,-17.65896579,
4983067806,-17.92964903,
4983667766,-17.96189894,
4984267726,-17.86267551,
4984867686,-17.64364969,
4985467646,-17.83406309,
4986067606,-17.73933558,
4986667566,-17.67522021,
4987267526,-17.72222917,
4987867486,-17.60543142,
4988467446,-17.88788839,
4989067406,-17.53597436,
4989667366,-17.51860869,
4990267326,-17.8814762,
4990867286,-18.08807749,
4991467246,-17.66279777,
4992067206,-17.59756552,
4992667166,-17.68710582,
4993267126,-17.9640483,
4993867086,-17.73457676,
4994467046,-17.88651044,
4995067006,-17.7788725,
4995666966,-17.41709393,
4996266926,-18.03000062,
4996866886,-17.79573311,
4997466846,-17.90491678,
4998066806,-17.88722055,
4998666766,-17.7385374,
4999266726,-17.75031939,
4999866686,-17.94673811,
5000466646,-17.81564963,
5001066606,-17.66442457,
5001666566,-17.8796893,
5002266526,-17.92312269,
5002866486,-17.66114078,
5003466446,-17.64061643,
5004066406,-17.58047854,
5004666366,-17.5691068,
5005266326,-17.57478996,
5005866286,-17.83773518,
5006466246,-17.99298788,
5007066206,-17.67978765,
5007666166,-17.49902012,
5008266126,-18.37497051,
5008866086,-18.02736495,
5009466046,-17.80617654,
5010066006,-17.9475975,
5010665966,-17.74896479,
5011265926,-18.03584619,
5011865886,-17.63789211,
5012465846,-17.66274872,
5013065806,-18.10234697,
5013665766,-17.69530666,
5014265726,-17.7174052,
5014865686,-17.74291132,
5015465646,-18.14417135,
5016065606,-17.99316409,
5016665566,-18.12089025,
5017265526,-17.84282284,
5017865486,-18.1036934,
5018465446,-17.97696486,
5019065406,-18.0522671,
5019665366,-18.35916499,
5020265326,-18.16687702,
5020865286,-17.67210374,
5021465246,-18.39202793,
5022065206,-17.90298831,
5022665166,-18.13395574,
5023265126,-17.95737308,
5023865086,-18.23330495,
5024465046,-17.68270804,
5025065006,-18.24913041,
5025664966,-18.3972721,
5026264926,-18.37802778,
5026864886,-18.14992607,
5027464846,-18.335086,
5028064806,-18.24889864,
5028664766,-17.9717324,
5029264726,-18.2101241,
5029864686,-18.12531291,
5030464646,-18.05584768,
5031064606,-18.5545971,
5031664566,-18.30899806,
5032264526,-18.86982683,
5032864486,-18.72381249,
5033464446,-18.67261613,
5034064406,-18.51718227,
5034664366,-18.79814019,
5035264326,-18.67890086,
5035864286,-18.21423103,
5036464246,-18.67958097,
5037064206,-18.58092784,
5037664166,-18.5713203,
5038264126,-18.80550896,
5038864086,-18.58470865,
5039464046,-18.69294978,
5040064006,-18.79351853,
5040663966,-19.0690236,
5041263926,-18.84393329,
5041863886,-18.95442588,
5042463846,-19.25083406,
5043063806,-18.99044242,
5043663766,-18.6040144,
5044263726,-19.13422476,
5044863686,-19.37563851,
5045463646,-19.40583673,
5046063606,-19.50587325,
5046663566,-19.56618889,
5047263526,-19.41805934,
5047863486,-19.24628344,
5048463446,-19.63914869,
5049063406,-19.72833608,
5049663366,-19.19525714,
5050263326,-19.441474,
5050863286,-19.24304102,
5051463246,-19.82782479,
5052063206,-19.97713202,
5052663166,-19.66609733,
5053263126,-19.85463584,
5053863086,-20.09064651,
5054463046,-20.22792185,
5055063006,-20.05450446,
5055662966,-19.82207359,
5056262926,-19.90694609,
5056862886,-20.45734015,
5057462846,-20.18838784,
5058062806,-19.69742577,
5058662766,-20.11209178,
5059262726,-19.99432951,
5059862686,-20.16306597,
5060462646,-20.60631233,
5061062606,-20.50889467,
5061662566,-20.40761307,
5062262526,-20.34643519,
5062862486,-20.46355041,
5063462446,-20.19860635,
5064062406,-20.1699858,
5064662366,-20.483496,
5065262326,-20.23318543,
5065862286,-20.73919945,
5066462246,-20.54040333,
5067062206,-20.33943,
5067662166,-20.37141081,
5068262126,-20.4575913,
5068862086,-20.46594748,
5069462046,-20.52943405,
5070062006,-20.69623985,
5070661966,-20.68008742,
5071261926,-20.56495136,
5071861886,-20.70506101,
5072461846,-20.62061077,
5073061806,-21.13147148,
5073661766,-20.3635873,
5074261726,-20.83738262,
5074861686,-20.66849619,
5075461646,-20.67711541,
5076061606,-20.96071364,
5076661566,-20.98189071,
5077261526,-20.77992666,
5077861485,-20.54461453,
5078461445,-21.36670743,
5079061405,-21.46701788,
5079661365,-20.95791744,
5080261325,-20.98034997,
5080861285,-20.99605904,
5081461245,-21.14498283,
5082061205,-20.98676833,
5082661165,-20.96229451,
5083261125,-20.9888658,
5083861085,-21.1959706,
5084461045,-21.20270196,
5085061005,-21.12491959,
5085660965,-21.08799454,
5086260925,-21.22571742,
5086860885,-21.22265199,
5087460845,-21.32707808,
5088060805,-21.3236121,
5088660765,-21.37512232,
5089260725,-21.18017051,
5089860685,-21.41463899,
5090460645,-21.52844026,
5091060605,-21.44210531,
5091660565,-21.52640207,
5092260525,-21.25673521,
5092860485,-21.53295135,
5093460445,-21.77613057,
5094060405,-21.51220269,
5094660365,-21.39171266,
5095260325,-21.6301742,
5095860285,-21.75159033,
5096460245,-21.48018745,
5097060205,-21.55196003,
5097660165,-21.76789955,
5098260125,-21.86052057,
5098860085,-21.72479999,
5099460045,-21.85798356,
5100060005,-21.82745866,
5100659965,-21.96227864,
5101259925,-21.64329166,
5101859885,-21.87415094,
5102459845,-21.7582964,
5103059805,-22.10417972,
5103659765,-22.1382327,
5104259725,-22.31113422,
5104859685,-22.16022365,
5105459645,-22.27015046,
5106059605,-22.01666601,
5106659565,-22.13279516,
5107259525,-22.01356675,
5107859485,-21.87376491,
5108459445,-22.2029148,
5109059405,-22.01185235,
5109659365,-22.13450204,
5110259325,-22.23846432,
5110859285,-22.2080752,
5111459245,-22.09869353,
5112059205,-22.2300118,
5112659165,-22.43272933,
5113259125,-22.44795802,
5113859085,-22.65405276,
5114459045,-22.44121413,
5115059005,-22.56247636,
5115658965,-22.4592085,
5116258925,-22.33129605,
5116858885,-22.74090473,
5117458845,-22.34257304,
5118058805,-22.6052456,
5118658765,-22.71564484,
5119258725,-22.79471668,
5119858685,-22.73557576,
5120458645,-22.50893144,
5121058605,-22.47041773,
5121658565,-22.99642271,
5122258525,-22.71349128,
5122858485,-22.91386119,
5123458445,-22.87062749,
5124058405,-22.55290035,
5124658365,-22.61958814,
5125258325,-23.03846741,
5125858285,-22.30953904,
5126458245,-23.07787544,
5127058205,-23.02429827,
5127658165,-23.10676187,
5128258125,-22.69174831,
5128858085,-22.81858427,
5129458045,-22.63829355,
5130058005,-22.56248316,
5130657965,-22.82269522,
5131257925,-22.82643526,
5131857885,-22.84502656,
5132457845,-23.12008638,
5133057805,-23.47778759,
5133657765,-23.32917399,
5134257725,-22.98402411,
5134857685,-23.03758331,
5135457645,-23.51440036,
5136057605,-23.13263592,
5136657565,-22.3988464,
5137257525,-22.81017945,
5137857485,-23.431822,
5138457445,-23.18678739,
5139057405,-23.24429911,
5139657365,-23.19401541,
5140257325,-23.22250092,
5140857285,-23.20789096,
5141457245,-23.09994565,
5142057205,-23.62321538,
5142657165,-23.40309009,
5143257125,-23.43746725,
5143857085,-22.93396185,
5144457045,-23.43862922,
5145057005,-23.29823192,
5145656965,-23.67319399,
5146256925,-23.34750074,
5146856885,-23.71731376,
5147456845,-23.57156926,
5148056805,-22.55145122,
5148656765,-22.75595079,
5149256725,-23.35241895,
5149856685,-23.30554272,
5150456645,-23.25867764,
5151056605,-23.69203284,
5151656565,-23.29743513,
5152256525,-23.41806462,
5152856485,-23.58936005,
5153456445,-23.63053297,
5154056405,-23.87746401,
5154656365,-23.37878531,
5155256325,-23.51415809,
5155856285,-23.05775595,
5156456245,-23.49480143,
5157056205,-23.25832359,
5157656165,-22.90406965,
5158256125,-23.12064339,
5158856085,-23.34865572,
5159456045,-23.67611511,
5160056005,-23.3752355,
5160655965,-23.18272731,
5161255925,-23.0996277,
5161855885,-23.61993594,
5162455845,-22.8701409,
5163055805,-23.22118767,
5163655765,-23.28354393,
5164255725,-23.31949264,
5164855685,-23.76052321,
5165455645,-23.4091695,
5166055605,-23.54222366,
5166655565,-23.29291884,
5167255525,-23.54452142,
5167855485,-23.2224784,
5168455445,-23.50953441,
5169055405,-23.01595642,
5169655365,-23.61558427,
5170255325,-23.6710508,
5170855285,-23.77763912,
5171455245,-23.62882897,
5172055205,-23.10077895,
5172655165,-22.90768295,
5173255125,-23.62857803,
5173855085,-23.83356972,
5174455045,-23.8435389,
5175055005,-23.81184232,
5175654965,-23.3740539,
5176254925,-23.23532249,
5176854885,-23.53439776,
5177454845,-23.68633201,
5178054805,-23.80586349,
5178654765,-23.52758781,
5179254725,-23.08191411,
5179854685,-23.85468579,
5180454645,-23.72597998,
5181054605,-23.48264194,
5181654565,-22.82666317,
5182254525,-23.64272974,
5182854485,-23.57918907,
5183454445,-23.33785929,
5184054405,-23.76397901,
5184654365,-23.49938869,
5185254325,-23.59548279,
5185854285,-23.0340257,
5186454245,-24.01502278,
5187054205,-23.74967051,
5187654165,-23.52378975,
5188254125,-23.28203737,
5188854085,-23.47138096,
5189454045,-23.59858424,
5190054005,-23.47334794,
5190653965,-23.08619116,
5191253925,-23.13101308,
5191853885,-23.14705618,
5192453845,-23.05903554,
5193053805,-23.37847602,
5193653765,-23.20909054,
5194253725,-23.44140686,
5194853685,-23.27230163,
5195453645,-23.23218244,
5196053605,-22.57742379,
5196653565,-23.56258183,
5197253525,-23.05947874,
5197853485,-23.37211816,
5198453445,-23.65738745,
5199053405,-23.26592204,
5199653365,-23.23872215,
5200253325,-23.03994116,
5200853285,-22.79017102,
5201453245,-22.69441138,
5202053205,-23.33777581,
5202653165,-22.82824227,
5203253125,-22.93561927,
5203853085,-22.92602091,
5204453045,-23.15947457,
5205053005,-22.92631739,
5205652965,-22.62010975,
5206252925,-23.18045096,
5206852885,-22.6077749,
5207452845,-23.17143253,
5208052805,-22.93646561,
5208652765,-22.58772332,
5209252725,-22.63727053,
5209852685,-22.72375364,
5210452645,-22.87817705,
5211052605,-23.03749749,
5211652565,-22.80930736,
5212252525,-22.48665655,
5212852485,-22.52033014,
5213452445,-23.08502142,
5214052405,-22.68889118,
5214652365,-22.93438765,
5215252325,-22.26182191,
5215852285,-22.50383083,
5216452245,-22.60733219,
5217052205,-22.43547761,
5217652165,-22.59329456,
5218252125,-22.44421574,
5218852085,-22.64199752,
5219452045,-22.60895818,
5220052005,-22.56059374,
5220651965,-22.22061998,
5221251925,-22.12727604,
5221851885,-22.2354399,
5222451845,-21.97807392,
5223051805,-22.28270926,
5223651765,-22.05021527,
5224251725,-22.17151617,
5224851685,-22.38024681,
5225451645,-22.46308005,
5226051605,-22.11740088,
5226651565,-22.06806329,
5227251525,-22.18933274,
5227851485,-22.17192165,
5228451445,-21.91090825,
5229051405,-21.94047328,
5229651365,-22.04852405,
5230251325,-21.61566063,
5230851285,-22.04458897,
5231451244,-21.76936377,
5232051204,-21.63011938,
5232651164,-21.9007867,
5233251124,-21.73376936,
5233851084,-21.84201055,
5234451044,-21.91198496,
5235051004,-21.6144251,
5235650964,-21.59500745,
5236250924,-21.54329019,
5236850884,-21.57180267,
5237450844,-21.72993828,
5238050804,-21.42094779,
5238650764,-21.56895639,
5239250724,-21.57759449,
5239850684,-21.31146383,
5240450644,-21.47044996,
5241050604,-21.55343538,
5241650564,-21.33800543,
5242250524,-21.29500387,
5242850484,-21.36307704,
5243450444,-21.23762238,
5244050404,-21.32659714,
5244650364,-21.0909495,
5245250324,-21.20060982,
5245850284,-21.10229403,
5246450244,-21.07354999,
5247050204,-21.08440375,
5247650164,-20.92886057,
5248250124,-20.74832903,
5248850084,-20.89591072,
5249450044,-20.80134124,
5250050004,-20.54789422,
5250649964,-20.91789944,
5251249924,-20.82281651,
5251849884,-20.67517052,
5252449844,-20.86306296,
5253049804,-20.54429761,
5253649764,-20.61925843,
5254249724,-20.91249753,
5254849684,-20.73621057,
5255449644,-20.50059909,
5256049604,-20.60375411,
5256649564,-20.53903454,
5257249524,-20.35817192,
5257849484,-20.57758977,
5258449444,-20.54045476,
5259049404,-20.34653606,
5259649364,-20.43138901,
5260249324,-20.28335237,
5260849284,-20.32073844,
5261449244,-20.25876201,
5262049204,-20.432864,
5262649164,-20.49939184,
5263249124,-20.54932289,
5263849084,-20.54166024,
5264449044,-20.54945484,
5265049004,-20.18501943,
5265648964,-20.50606187,
5266248924,-20.4436974,
5266848884,-20.6671932,
5267448844,-20.58947021,
5268048804,-20.51958708,
5268648764,-19.90359345,
5269248724,-20.2765986,
5269848684,-19.79068376,
5270448644,-20.12428815,
5271048604,-20.06054245,
5271648564,-20.27599771,
5272248524,-20.29408263,
5272848484,-19.9670125,
5273448444,-19.81742795,
5274048404,-20.22608495,
5274648364,-20.11271667,
5275248324,-20.07113947,
5275848284,-20.14923226,
5276448244,-19.95464755,
5277048204,-19.9522242,
5277648164,-20.1361782,
5278248124,-20.11165184,
5278848084,-19.90605676,
5279448044,-19.97980037,
5280048004,-19.53410736,
5280647964,-19.71383786,
5281247924,-20.10294399,
5281847884,-20.0553898,
5282447844,-19.66053378,
5283047804,-19.79406755,
5283647764,-19.58043321,
5284247724,-20.09488686,
5284847684,-19.93131669,
5285447644,-19.80433846,
5286047604,-20.10548393,
5286647564,-19.29336412,
5287247524,-19.36000001,
5287847484,-19.68933722,
5288447444,-19.55364696,
5289047404,-19.6737841,
5289647364,-19.80570479,
5290247324,-19.98305987,
5290847284,-19.82578107,
5291447244,-19.64320947,
5292047204,-19.45423789,
5292647164,-19.84197992,
5293247124,-19.61423332,
5293847084,-19.78581753,
5294447044,-19.91925,
5295047004,-19.62334496,
5295646964,-19.60023411,
5296246924,-19.75590902,
5296846884,-19.59526065,
5297446844,-20.10836444,
5298046804,-19.84341794,
5298646764,-19.83743047,
5299246724,-19.97970643,
5299846684,-19.68631342,
5300446644,-19.54364445,
5301046604,-19.77853222,
5301646564,-20.0437321,
5302246524,-20.05765339,
5302846484,-19.87109969,
5303446444,-20.11737383,
5304046404,-19.82048207,
5304646364,-19.99428215,
5305246324,-19.97165525,
5305846284,-20.01892226,
5306446244,-19.85850437,
5307046204,-19.73307395,
5307646164,-19.4465477,
5308246124,-20.17948748,
5308846084,-19.815141,
5309446044,-19.6783072,
5310046004,-20.2055863,
5310645964,-20.15442227,
5311245924,-19.62233,
5311845884,-20.2607873,
5312445844,-20.13962549,
5313045804,-19.8939058,
5313645764,-19.89286707,
5314245724,-19.98045727,
5314845684,-20.29385491,
5315445644,-20.12738162,
5316045604,-19.80261834,
5316645564,-20.42580148,
5317245524,-20.06391038,
5317845484,-20.04732878,
5318445444,-20.4145484,
5319045404,-20.20403625,
5319645364,-19.83595211,
5320245324,-20.14547515,
5320845284,-20.31839829,
5321445244,-20.1817,
5322045204,-20.23123659,
5322645164,-20.44304144,
5323245124,-20.37194856,
5323845084,-20.27435745,
5324445044,-20.32291398,
5325045004,-20.37188657,
5325644964,-20.28184481,
5326244924,-20.11198973,
5326844884,-20.40165411,
5327444844,-20.33091603,
5328044804,-20.43257283,
5328644764,-20.32704645,
5329244724,-20.55861438,
5329844684,-20.42358938,
5330444644,-20.47424004,
5331044604,-20.6307834,
5331644564,-20.59927339,
5332244524,-20.64232304,
5332844484,-20.54993343,
5333444444,-20.73111285,
5334044404,-20.60862502,
5334644364,-20.73646065,
5335244324,-20.60522348,
5335844284,-20.72625145,
5336444244,-20.76127134,
5337044204,-20.86262054,
5337644164,-20.92770281,
5338244124,-20.79104459,
5338844084,-20.85442958,
5339444044,-20.76512048,
5340044004,-20.96881377,
5340643964,-21.10714022,
5341243924,-21.19509252,
5341843884,-21.19971187,
5342443844,-20.79576762,
5343043804,-21.02081621,
5343643764,-21.23518937,
5344243724,-21.29992721,
5344843684,-21.10025967,
5345443644,-21.3664902,
5346043604,-21.19073386,
5346643564,-21.37235396,
5347243524,-21.4795859,
5347843484,-21.19628114,
5348443444,-21.36943905,
5349043404,-21.21576652,
5349643364,-21.3267309,
5350243324,-21.4565059,
5350843284,-21.61613488,
5351443244,-21.14652701,
5352043204,-21.79278929,
5352643164,-21.51882468,
5353243124,-21.73450719,
5353843084,-21.6842622,
5354443044,-21.61018487,
5355043004,-21.81291171,
5355642964,-21.96418324,
5356242924,-21.5962122,
5356842884,-22.04174427,
5357442844,-21.97765049,
5358042804,-22.21216723,
5358642764,-21.46825623,
5359242724,-21.87568226,
5359842684,-22.20451918,
5360442644,-22.15141965,
5361042604,-21.75477306,
5361642564,-21.60034278,
5362242524,-22.23167525,
5362842484,-22.22523088,
5363442444,-22.22538485,
5364042404,-22.61052909,
5364642364,-22.41956605,
5365242324,-22.34603968,
5365842284,-22.44226736,
5366442244,-22.19333565,
5367042204,-22.56097231,
5367642164,-22.45165757,
5368242124,-22.05416008,
5368842084,-22.13148125,
5369442044,-22.61118116,
5370042004,-22.09529617,
5370641964,-21.84508408,
5371241924,-22.82898251,
5371841884,-22.76876895,
5372441844,-22.98874528,
5373041804,-22.55691501,
5373641764,-23.14768957,
5374241724,-22.42913379,
5374841684,-23.04039923,
5375441644,-23.03579077,
5376041604,-23.1049041,
5376641564,-22.811262,
5377241524,-23.25450491,
5377841484,-23.18967395,
5378441444,-23.2113504,
5379041404,-22.8351876,
5379641364,-23.31256602,
5380241324,-22.9462583,
5380841284,-22.70004362,
5381441244,-23.57105976,
5382041204,-23.38668833,
5382641164,-23.32209477,
5383241124,-22.99430211,
5383841084,-23.1467982,
5384441044,-23.21134447,
5385041004,-23.3468277,
5385640963,-23.32437895,
5386240923,-23.57108326,
5386840883,-23.25758395,
5387440843,-23.78946207,
5388040803,-23.1984195,
5388640763,-23.58025279,
5389240723,-23.29598508,
5389840683,-23.01719982,
5390440643,-23.06453939,
5391040603,-23.29253951,
5391640563,-23.21187973,
5392240523,-23.72394047,
5392840483,-23.43640422,
5393440443,-23.1875729,
5394040403,-23.75022711,
5394640363,-24.28995788,
5395240323,-23.90353373,
5395840283,-23.98405815,
5396440243,-23.68219154,
5397040203,-23.59176848,
5397640163,-23.62766725,
5398240123,-22.83186996,
5398840083,-23.2847364,
5399440043,-23.22746662,
5400040003,-24.1290595,
5400639963,-23.04127621,
5401239923,-23.13126056,
5401839883,-23.82186487,
5402439843,-23.89134442,
5403039803,-23.85156559,
5403639763,-23.63131546,
5404239723,-23.68887304,
5404839683,-24.65848685,
5405439643,-24.51498474,
5406039603,-23.60347071,
5406639563,-23.32693547,
5407239523,-24.63890265,
5407839483,-23.57661053,
5408439443,-24.57309222,
5409039403,-23.96413783,
5409639363,-23.95262142,
5410239323,-24.4550129,
5410839283,-23.97781162,
5411439243,-24.11849832,
5412039203,-24.9859826,
5412639163,-23.27382577,
5413239123,-23.99588709,
5413839083,-23.40506653,
5414439043,-23.88203465,
5415039003,-23.45390215,
5415638963,-24.1006361,
5416238923,-23.7134886,
5416838883,-23.8654816,
5417438843,-23.77449565,
5418038803,-24.46605072,
5418638763,-24.16443064,
5419238723,-24.01612675,
5419838683,-24.34593461,
5420438643,-23.85513583,
5421038603,-25.72766766,
5421638563,-24.27140101,
5422238523,-24.12361695,
5422838483,-24.30588925,
5423438443,-23.88052296,
5424038403,-25.22707672,
5424638363,-24.77749401,
5425238323,-24.45073595,
5425838283,-25.93162265,
5426438243,-24.58968675,
5427038203,-25.03821609,
5427638163,-24.92791399,
5428238123,-24.5215491,
5428838083,-24.19012433,
5429438043,-24.16210581,
5430038003,-25.10547722,
5430637963,-24.31480074,
5431237923,-24.23968831,
5431837883,-24.50613794,
5432437843,-25.26981146,
5433037803,-24.04418149,
5433637763,-24.63460269,
5434237723,-24.81320257,
5434837683,-24.10544195,
5435437643,-24.65866651,
5436037603,-23.81559703,
5436637563,-24.53137733,
5437237523,-24.56628961,
5437837483,-24.04666974,
5438437443,-24.53662157,
5439037403,-23.9339334,
5439637363,-25.13931683,
5440237323,-26.00533171,
5440837283,-25.59748811,
5441437243,-24.87338067,
5442037203,-24.90328592,
5442637163,-24.94590406,
5443237123,-24.155516,
5443837083,-25.79728854,
5444437043,-25.69162684,
5445037003,-25.15092242,
5445636963,-23.96011003,
5446236923,-24.14505318,
5446836883,-24.77592284,
5447436843,-24.92189955,
5448036803,-24.92422411,
5448636763,-25.14641509,
5449236723,-24.68264127,
5449836683,-25.26447031,
5450436643,-25.05951788,
5451036603,-24.93759131,
5451636563,-24.67438866,
5452236523,-25.222336,
5452836483,-24.79530226,
5453436443,-24.6272713,
5454036403,-24.06026285,
5454636363,-25.03802935,
5455236323,-24.67033682,
5455836283,-25.83535937,
5456436243,-24.03957203,
5457036203,-23.25078455,
5457636163,-24.47171927,
5458236123,-25.18200798,
5458836083,-24.53110791,
5459436043,-24.47682041,
5460036003,-24.72710365,
5460635963,-25.23827044,
5461235923,-24.10595369,
5461835883,-24.53240159,
5462435843,-24.646815,
5463035803,-25.25652881,
5463635763,-24.54324482,
5464235723,-23.47095694,
5464835683,-25.14534428,
5465435643,-24.7133297,
5466035603,-24.68327957,
5466635563,-24.30921588,
5467235523,-23.92229629,
5467835483,-25.18704427,
5468435443,-24.63448314,
5469035403,-24.54082204,
5469635363,-24.98870472,
5470235323,-24.1398789,
5470835283,-24.52734043,
5471435243,-25.36858546,
5472035203,-24.98307279,
5472635163,-24.33484787,
5473235123,-24.36505937,
5473835083,-24.82064118,
5474435043,-24.04175835,
5475035003,-25.23206399,
5475634963,-25.05688829,
5476234923,-25.00588983,
5476834883,-25.08509753,
5477434843,-24.32848023,
5478034803,-24.12205349,
5478634763,-23.95835481,
5479234723,-24.36224846,
5479834683,-24.97128926,
5480434643,-24.10467018,
5481034603,-23.57679156,
5481634563,-25.15210033,
5482234523,-25.18133229,
5482834483,-24.51855261,
5483434443,-24.41701192,
5484034403,-23.72549212,
5484634363,-23.90666879,
5485234323,-24.95968681,
5485834283,-22.92022607,
5486434243,-24.50414344,
5487034203,-24.81978651,
5487634163,-24.49856815,
5488234123,-24.53879175,
5488834083,-24.45536432,
5489434043,-23.33619729,
5490034003,-24.38148257,
5490633963,-24.14276473,
5491233923,-24.57834302,
5491833883,-24.12113693,
5492433843,-24.20447428,
5493033803,-23.68812065,
5493633763,-24.32891212,
5494233723,-23.33568083,
5494833683,-23.6654545,
5495433643,-24.75813317,
5496033603,-23.42444688,
5496633563,-22.94813449,
5497233523,-23.96811687,
5497833483,-24.27027888,
5498433443,-23.62349504,
5499033403,-23.68634985,
5499633363,-23.93272787,
5500233323,-23.72216591,
5500833283,-24.36510061,
5501433243,-23.74158737,
5502033203,-22.90617397,
5502633163,-23.91936239,
5503233123,-22.69081976,
5503833083,-23.45558625,
5504433043,-23.53786063,
5505033003,-23.40037595,
5505632963,-22.91420061,
5506232923,-23.44533505,
5506832883,-22.78227086,
5507432843,-22.73360095,
5508032803,-22.96430392,
5508632763,-22.95134039,
5509232723,-23.27824144,
5509832683,-22.73099332,
5510432643,-23.20582462,
5511032603,-22.84047448,
5511632563,-22.79248433,
5512232523,-23.26977915,
5512832483,-22.39002519,
5513432443,-22.40521012,
5514032403,-22.56717712,
5514632363,-22.57378787,
5515232323,-22.95466217,
5515832283,-23.08085203,
5516432243,-23.05168692,
5517032203,-22.43433298,
5517632163,-22.37425189,
5518232123,-22.38356776,
5518832083,-22.42574662,
5519432043,-22.43806645,
5520032003,-23.08871598,
5520631963,-22.63017442,
5521231923,-22.65244357,
5521831883,-22.73016378,
5522431843,-22.81482676,
5523031803,-22.72063386,
5523631763,-23.05833123,
5524231723,-22.83665288,
5524831683,-22.61582083,
5525431643,-22.28971002,
5526031603,-22.90977865,
5526631563,-22.2554058,
5527231523,-22.46500941,
5527831483,-22.63148928,
5528431443,-22.34871038,
5529031403,-22.49351588,
5529631363,-22.14420005,
5530231323,-22.2599841,
5530831283,-22.23561598,
5531431243,-22.22002611,
5532031203,-22.06811274,
5532631163,-21.71813001,
5533231123,-22.28056994,
5533831083,-21.90083203,
5534431043,-22.16304482,
5535031003,-22.31175216,
5535630963,-21.68126056,
5536230923,-21.39392712,
5536830883,-21.89911702,
5537430843,-21.96820504,
5538030803,-21.88167781,
5538630763,-21.57637227,
5539230722,-21.51667222,
5539830682,-22.63321723,
5540430642,-21.84413682,
5541030602,-21.66507078,
5541630562,-22.14095369,
5542230522,-21.49941912,
5542830482,-21.84251594,
5543430442,-21.92149581,
5544030402,-21.8544991,
5544630362,-21.20343432,
5545230322,-21.71901097,
5545830282,-20.91404944,
5546430242,-21.31609307,
5547030202,-21.34432995,
5547630162,-21.12811201,
5548230122,-21.40503867,
5548830082,-21.36483208,
5549430042,-21.28569716,
5550030002,-20.85535825,
5550629962,-21.30550474,
5551229922,-21.0745087,
5551829882,-21.23086984,
5552429842,-21.41439732,
5553029802,-21.14635456,
5553629762,-20.81917147,
5554229722,-20.87241274,
5554829682,-20.66007215,
5555429642,-21.21535332,
5556029602,-21.15057734,
5556629562,-21.13983202,
5557229522,-20.84627339,
5557829482,-20.54044558,
5558429442,-20.90029034,
5559029402,-20.65781814,
5559629362,-20.81323443,
5560229322,-20.98838214,
5560829282,-20.66732354,
5561429242,-20.65934935,
5562029202,-20.64000473,
5562629162,-20.97288484,
5563229122,-20.69592742,
5563829082,-20.80403071,
5564429042,-20.53501285,
5565029002,-20.67624172,
5565628962,-20.53752809,
5566228922,-20.61496253,
5566828882,-20.70234128,
5567428842,-20.32839009,
5568028802,-20.25693594,
5568628762,-20.12490343,
5569228722,-20.31834351,
5569828682,-20.48813922,
5570428642,-20.33263328,
5571028602,-20.16351608,
5571628562,-20.30736374,
5572228522,-20.22671579,
5572828482,-20.12754144,
5573428442,-20.12722312,
5574028402,-20.18358049,
5574628362,-20.31846785,
5575228322,-20.13097593,
5575828282,-19.66334428,
5576428242,-19.97951278,
5577028202,-20.08268657,
5577628162,-20.03290798,
5578228122,-20.19783783,
5578828082,-19.99352755,
5579428042,-20.08019375,
5580028002,-19.85479164,
5580627962,-20.00975791,
5581227922,-20.12896567,
5581827882,-19.91325338,
5582427842,-19.90736243,
5583027802,-19.85048185,
5583627762,-19.85666423,
5584227722,-19.96445116,
5584827682,-19.69137507,
5585427642,-19.80210891,
5586027602,-19.99760086,
5586627562,-20.17389346,
5587227522,-19.92760442,
5587827482,-19.81444277,
5588427442,-19.94378386,
5589027402,-19.98746084,
5589627362,-19.71125512,
5590227322,-19.90988304,
5590827282,-19.84637907,
5591427242,-19.84754393,
5592027202,-19.97971472,
5592627162,-19.65712926,
5593227122,-19.84171943,
5593827082,-19.84986062,
5594427042,-20.00229774,
5595027002,-19.96107197,
5595626962,-19.83007165,
5596226922,-19.70311331,
5596826882,-20.11347756,
5597426842,-19.74552014,
5598026802,-19.92250084,
5598626762,-19.59435619,
5599226722,-20.11730318,
5599826682,-19.90848944,
5600426642,-20.00419709,
5601026602,-20.06261343,
5601626562,-19.58341221,
5602226522,-20.12282703,
5602826482,-20.02017831,
5603426442,-19.88835283,
5604026402,-20.05111378,
5604626362,-20.00421745,
5605226322,-20.17857724,
5605826282,-19.94118144,
5606426242,-19.69277944,
5607026202,-20.08599623,
5607626162,-20.10901483,
5608226122,-19.96712438,
5608826082,-20.20696396,
5609426042,-19.82599497,
5610026002,-20.16452744,
5610625962,-20.23335413,
5611225922,-20.16507459,
5611825882,-20.0071845,
5612425842,-20.45512462,
5613025802,-19.80836237,
5613625762,-20.26799113,
5614225722,-20.45842482,
5614825682,-20.23271167,
5615425642,-20.28513975,
5616025602,-20.38001933,
5616625562,-20.27152375,
5617225522,-20.38738362,
5617825482,-20.22751316,
5618425442,-20.32938366,
5619025402,-20.45721784,
5619625362,-20.77064468,
5620225322,-20.65080289,
5620825282,-20.36711305,
5621425242,-20.53205039,
5622025202,-20.79570774,
5622625162,-20.49269272,
5623225122,-20.49796282,
5623825082,-20.45591409,
5624425042,-20.87266121,
5625025002,-20.64940781,
5625624962,-20.66581329,
5626224922,-20.98714594,
5626824882,-20.44272273,
5627424842,-20.6750749,
5628024802,-20.82906277,
5628624762,-21.15021887,
5629224722,-21.1474601,
5629824682,-20.52607259,
5630424642,-20.64997942,
5631024602,-20.71179053,
5631624562,-21.51028506,
5632224522,-21.21847661,
5632824482,-20.65979979,
5633424442,-21.30735333,
5634024402,-21.25800882,
5634624362,-20.71880117,
5635224322,-21.35681798,
5635824282,-20.92325325,
5636424242,-21.36976856,
5637024202,-21.23768413,
5637624162,-21.20350715,
5638224122,-21.21498991,
5638824082,-21.32259101,
5639424042,-21.74909528,
5640024002,-21.73104636,
5640623962,-21.53246538,
5641223922,-21.84943463,
5641823882,-21.69051448,
5642423842,-21.85954473,
5643023802,-21.5509793,
5643623762,-21.9036834,
5644223722,-21.50886936,
5644823682,-22.0044579,
5645423642,-21.72920446,
5646023602,-22.09857942,
5646623562,-21.88954483,
5647223522,-21.9709024,
5647823482,-21.12626789,
5648423442,-21.98741466,
5649023402,-21.48938097,
5649623362,-21.44511899,
5650223322,-22.15914256,
5650823282,-21.68160463,
5651423242,-21.59503987,
5652023202,-22.1443068,
5652623162,-21.82413312,
5653223122,-22.08140384,
5653823082,-22.43355842,
5654423042,-22.16067133,
5655023002,-22.32939482,
5655622962,-22.28697369,
5656222922,-21.49737985,
5656822882,-22.30295364,
5657422842,-22.33388227,
5658022802,-22.13498605,
5658622762,-22.19568873,
5659222722,-21.97638877,
5659822682,-21.93229138,
5660422642,-22.36667625,
5661022602,-21.95127895,
5661622562,-21.79603548,
5662222522,-22.18503514,
5662822482,-22.41081818,
5663422442,-22.639592,
5664022402,-22.05803232,
5664622362,-22.96732288,
5665222322,-22.76026627,
5665822282,-22.2502375,
5666422242,-21.43291908,
5667022202,-22.95244633,
5667622162,-23.4631022,
5668222122,-22.17839262,
5668822082,-22.0116951,
5669422042,-22.73776483,
5670022002,-23.05607606,
5670621962,-21.651649,
5671221922,-23.09859029,
5671821882,-22.05511897,
5672421842,-23.21573504,
5673021802,-22.74761835,
5673621762,-22.96327169,
5674221722,-23.39393035,
5674821682,-23.48762991,
5675421642,-23.21349547,
5676021602,-22.69949673,
5676621562,-22.74876119,
5677221522,-24.11107978,
5677821482,-23.51716746,
5678421442,-22.81340361,
5679021402,-22.89286936,
5679621362,-22.98527778,
5680221322,-23.223538,
5680821282,-24.18477113,
5681421242,-23.02760847,
5682021202,-23.37286417,
5682621162,-24.33180445,
5683221122,-23.447528,
5683821082,-23.58486732,
5684421042,-23.56909648,
5685021002,-23.52598703,
5685620962,-25.31828026,
5686220922,-23.31434963,
5686820882,-22.04590383,
5687420842,-23.70982343,
5688020802,-24.56129369,
5688620762,-23.63554628,
5689220722,-23.31618786,
5689820682,-23.63751888,
5690420642,-23.9846502,
5691020602,-23.43036611,
5691620562,-23.67419234,
5692220522,-23.9447591,
5692820481,-23.71485008,
5693420441,-24.43627593,
5694020401,-23.10768271,
5694620361,-25.11392471,
5695220321,-23.87983008,
5695820281,-24.72387258,
5696420241,-25.51260273,
5697020201,-25.53210946,
5697620161,-25.33167252,
5698220121,-24.17409551,
5698820081,-24.82913931,
5699420041,-24.74449953,
5700020001,-25.12819776,
5700619961,-23.42543543,
5701219921,-26.18827257,
5701819881,-24.73726524,
5702419841,-25.56039474,
5703019801,-23.45839959,
5703619761,-24.47561034,
5704219721,-24.2188024,
5704819681,-25.05038367,
5705419641,-23.84938426,
5706019601,-25.13011752,
5706619561,-25.13912038,
5707219521,-26.50318499,
5707819481,-25.10661687,
5708419441,-24.7267637,
5709019401,-25.0209703,
5709619361,-25.18691593,
5710219321,-25.95403637,
5710819281,-25.26758931,
5711419241,-24.62335771,
5712019201,-25.96818639,
5712619161,-25.73367781,
5713219121,-25.08270035,
5713819081,-25.44411681,
5714419041,-25.33467845,
5715019001,-25.74486717,
5715618961,-25.06895098,
5716218921,-24.53357231,
5716818881,-25.42642873,
5717418841,-25.74591709,
5718018801,-25.38167104,
5718618761,-27.04329134,
5719218721,-25.38548934,
5719818681,-24.80613134,
5720418641,-25.22957272,
5721018601,-26.09720169,
5721618561,-26.51350166,
5722218521,-26.65498247,
5722818481,-25.5013759,
5723418441,-25.74372999,
5724018401,-24.86076221,
5724618361,-26.03939761,
5725218321,-26.22944574,
5725818281,-24.46294214,
5726418241,-25.53813055,
5727018201,-26.75936354,
5727618161,-27.37716586,
5728218121,-26.56861394,
5728818081,-26.01662532,
5729418041,-25.23054917,
5730018001,-25.26059681,
5730617961,-26.80327508,
5731217921,-26.37152442,
5731817881,-27.60241922,
5732417841,-26.68027411,
5733017801,-28.2038447,
5733617761,-25.53754108,
5734217721,-24.33674678,
5734817681,-27.51545717,
5735417641,-25.81559791,
5736017601,-27.04536512,
5736617561,-27.13155962,
5737217521,-27.33235309,
5737817481,-27.38826879,
5738417441,-25.26970115,
5739017401,-25.08287854,
5739617361,-26.2437017,
5740217321,-27.21824866,
5740817281,-26.21109895,
5741417241,-25.74772292,
5742017201,-26.58702895,
5742617161,-25.12076576,
5743217121,-25.60820069,
5743817081,-26.3517042,
5744417041,-26.7328668,
5745017001,-26.03981453,
5745616961,-27.25321367,
5746216921,-27.05665139,
5746816881,-27.34761464,
5747416841,-27.58825541,
5748016801,-26.25767156,
5748616761,-25.06069328,
5749216721,-25.14125278,
5749816681,-26.94374046,
5750416641,-26.86941409,
5751016601,-26.71586364,
5751616561,-26.67360445,
5752216521,-27.37909659,
5752816481,-26.88634504,
5753416441,-26.23154045,
5754016401,-26.51336068,
5754616361,-25.94667586,
5755216321,-27.033055,
5755816281,-26.84882968,
5756416241,-27.89718891,
5757016201,-26.64882794,
5757616161,-26.56879776,
5758216121,-27.58163256,
5758816081,-26.44032428,
5759416041,-25.12782264,
5760016001,-27.58246179,
5760615961,-25.77720758,
5761215921,-26.40020483,
5761815881,-26.89572587,
5762415841,-26.14348162,
5763015801,-26.56945306,
5763615761,-26.01210645,
5764215721,-26.69113254,
5764815681,-28.92584707,
5765415641,-26.49708858,
5766015601,-25.35264264,
5766615561,-26.44185288,
5767215521,-26.36506267,
5767815481,-27.25790408,
5768415441,-26.49099539,
5769015401,-25.82723139,
5769615361,-24.98725797,
5770215321,-26.31503848,
5770815281,-26.30728873,
5771415241,-25.81089415,
5772015201,-26.19190233,
5772615161,-26.21546132,
5773215121,-25.62236742,
5773815081,-26.65231916,
5774415041,-24.38318197,
5775015001,-26.76572903,
5775614961,-25.86164737,
5776214921,-25.47081493,
5776814881,-25.2949567,
5777414841,-25.4402936,
5778014801,-25.05160308,
5778614761,-25.05440545,
5779214721,-24.19188347,
5779814681,-25.32460553,
5780414641,-26.55275154,
5781014601,-24.28285321,
5781614561,-25.66967469,
5782214521,-25.25072289,
5782814481,-27.00130767,
5783414441,-25.85264685,
5784014401,-23.99935582,
5784614361,-24.15914638,
5785214321,-25.36654132,
5785814281,-26.68683206,
5786414241,-25.24270488,
5787014201,-25.75038431,
5787614161,-24.38144565,
5788214121,-25.16446185,
5788814081,-25.37911935,
5789414041,-24.65574083,
5790014001,-25.24606153,
5790613961,-25.2403912,
5791213921,-24.24268527,
5791813881,-25.54719391,
5792413841,-24.36891812,
5793013801,-24.67372595,
5793613761,-25.88750926,
5794213721,-25.51478435,
5794813681,-25.2321126,
5795413641,-23.83656412,
5796013601,-24.31071883,
5796613561,-25.43332286,
5797213521,-25.46215944,
5797813481,-24.09310171,
5798413441,-24.09831545,
5799013401,-23.72710783,
5799613361,-24.7501368,
5800213321,-23.98565124,
5800813281,-24.77015805,
5801413241,-22.75019814,
5802013201,-23.70398553,
5802613161,-23.55504343,
5803213121,-24.77291154,
5803813081,-23.83618728,
5804413041,-24.28814288,
5805013001,-22.91939067,
5805612961,-23.95565023,
5806212921,-23.63840401,
5806812881,-24.55242862,
5807412841,-24.01397397,
5808012801,-24.29103028,
5808612761,-24.47379405,
5809212721,-23.33734951,
5809812681,-24.30603557,
5810412641,-24.06966442,
5811012601,-23.45888482,
5811612561,-24.2044338,
5812212521,-23.40630978,
5812812481,-24.11769106,
5813412441,-23.36718755,
5814012401,-24.18387277,
5814612361,-23.5847797,
5815212321,-22.4936756,
5815812281,-22.95536133,
5816412241,-24.25780852,
5817012201,-23.33319413,
5817612161,-23.11721025,
5818212121,-23.15773057,
5818812081,-22.22918637,
5819412041,-23.12418172,
5820012001,-22.22800857,
5820611961,-23.34124311,
5821211921,-23.06670023,
5821811881,-21.54844379,
5822411841,-22.39546569,
5823011801,-22.77680438,
5823611761,-22.90146675,
5824211721,-23.30459205,
5824811681,-22.8741385,
5825411641,-22.03095705,
5826011601,-22.11809089,
5826611561,-22.94618066,
5827211521,-22.79102831,
5827811481,-21.96557895,
5828411441,-22.29059806,
5829011401,-22.31979221,
5829611361,-22.56494148,
5830211321,-21.79116468,
5830811281,-21.80318888,
5831411241,-22.41349357,
5832011201,-22.47966167,
5832611161,-22.24105384,
5833211121,-21.92362117,
5833811081,-22.04777002,
5834411041,-22.18050213,
5835011001,-22.18102898,
5835610961,-22.50705346,
5836210921,-21.30922534,
5836810881,-21.57818918,
5837410841,-22.16009401,
5838010801,-22.22921833,
5838610761,-22.26320189,
5839210721,-21.78628899,
5839810681,-22.35726003,
5840410641,-22.10691014,
5841010601,-22.04193425,
5841610561,-22.30745669,
5842210521,-21.71586304,
5842810481,-21.96514622,
5843410441,-21.57992824,
5844010401,-21.71368376,
5844610361,-21.71251139,
5845210321,-22.07557739,
5845810281,-21.76886188,
5846410240,-21.62924838,
5847010200,-21.98969282,
5847610160,-21.54372066,
5848210120,-21.69259791,
5848810080,-21.64432989,
5849410040,-21.62306719,
5850010000,-21.47230244,
5850609960,-21.38278806,
5851209920,-20.99745723,
5851809880,-21.61348493,
5852409840,-21.41865902,
5853009800,-21.86845328,
5853609760,-20.9289546,
5854209720,-21.27257663,
5854809680,-21.73705737,
5855409640,-21.35937466,
5856009600,-20.80460279,
5856609560,-21.20405424,
5857209520,-21.33835558,
5857809480,-20.87745724,
5858409440,-21.57926969,
5859009400,-21.25651788,
5859609360,-21.1996576,
5860209320,-21.03335876,
5860809280,-21.18060536,
5861409240,-20.67545376,
5862009200,-20.85553817,
5862609160,-20.83729273,
5863209120,-21.0020508,
5863809080,-21.07254716,
5864409040,-20.39411063,
5865009000,-20.59409257,
5865608960,-20.47987452,
5866208920,-20.48950841,
5866808880,-20.64864386,
5867408840,-20.94287889,
5868008800,-20.54308627,
5868608760,-20.26040559,
5869208720,-20.83379367,
5869808680,-20.72216524,
5870408640,-20.29536947,
5871008600,-19.99269904,
5871608560,-20.664363,
5872208520,-20.17763459,
5872808480,-20.61231891,
5873408440,-20.5755744,
5874008400,-20.4682586,
5874608360,-20.33004302,
5875208320,-20.70339387,
5875808280,-20.5677425,
5876408240,-20.33802455,
5877008200,-20.05269382,
5877608160,-20.24658949,
5878208120,-20.4077151,
5878808080,-19.99779279,
5879408040,-20.52199656,
5880008000,-20.16218704,
5880607960,-19.8689997,
5881207920,-20.07581779,
5881807880,-19.85592835,
5882407840,-20.12034762,
5883007800,-20.51349839,
5883607760,-20.05276606,
5884207720,-19.66496095,
5884807680,-20.49901829,
5885407640,-20.16414986,
5886007600,-20.3442829,
5886607560,-19.78354696,
5887207520,-20.27652175,
5887807480,-20.1660024,
5888407440,-20.18437878,
5889007400,-19.85240848,
5889607360,-20.15394064,
5890207320,-20.12521839,
5890807280,-19.76314254,
5891407240,-20.19200438,
5892007200,-20.13657978,
5892607160,-20.32727958,
5893207120,-20.20640339,
5893807080,-20.03420451,
5894407040,-20.23721353,
5895007000,-20.20094057,
5895606960,-20.08063125,
5896206920,-19.86613547,
5896806880,-20.31971451,
5897406840,-20.44510993,
5898006800,-19.78907876,
5898606760,-20.08200835,
5899206720,-20.0133771,
5899806680,-20.33213725,
5900406640,-19.63419135,
5901006600,-19.68979903,
5901606560,-20.36576074,
5902206520,-19.91098444,
5902806480,-20.13884719,
5903406440,-20.21953731,
5904006400,-20.34027386,
5904606360,-20.34384283,
5905206320,-20.54699761,
5905806280,-20.3829752,
5906406240,-20.31479148,
5907006200,-20.36796225,
5907606160,-20.31690043,
5908206120,-19.87273693,
5908806080,-20.5103042,
5909406040,-20.58612611,
5910006000,-19.98378765,
5910605960,-20.42522512,
5911205920,-20.4879588,
5911805880,-20.72585363,
5912405840,-20.56410415,
5913005800,-20.46683966,
5913605760,-20.16167066,
5914205720,-20.65295025,
5914805680,-20.19510473,
5915405640,-20.42266728,
5916005600,-20.32863275,
5916605560,-20.65426503,
5917205520,-20.41305439,
5917805480,-20.73222785,
5918405440,-20.46440239,
5919005400,-20.7313213,
5919605360,-20.941158,
5920205320,-21.01538794,
5920805280,-20.17394643,
5921405240,-20.89435471,
5922005200,-21.0417201,
5922605160,-20.32565435,
5923205120,-20.61321173,
5923805080,-20.90438912,
5924405040,-20.88430318,
5925005000,-21.01763988,
5925604960,-20.98603173,
5926204920,-21.29477237,
5926804880,-21.23406673,
5927404840,-20.80756048,
5928004800,-21.19114961,
5928604760,-21.49693104,
5929204720,-20.95160351,
5929804680,-21.5255129,
5930404640,-20.89963458,
5931004600,-21.39992757,
5931604560,-21.91543353,
5932204520,-21.38702708,
5932804480,-21.44457718,
5933404440,-21.09512649,
5934004400,-20.82345667,
5934604360,-21.13608062,
5935204320,-21.23350426,
5935804280,-21.53781847,
5936404240,-20.880174,
5937004200,-21.83492547,
5937604160,-21.80649509,
5938204120,-21.32106861,
5938804080,-21.68023959,
5939404040,-21.64392615,
5940004000,-21.27145864,
5940603960,-21.42130517,
5941203920,-22.07023751,
5941803880,-22.01184573,
5942403840,-21.56558422,
5943003800,-21.8963799,
5943603760,-20.99557653,
5944203720,-21.30784075,
5944803680,-22.1111287,
5945403640,-22.00225188,
5946003600,-21.57341465,
5946603560,-21.42682244,
5947203520,-22.19968436,
5947803480,-22.66626033,
5948403440,-21.82324525,
5949003400,-21.42513773,
5949603360,-22.06158666,
5950203320,-21.69296458,
5950803280,-21.51361674,
5951403240,-22.13293855,
5952003200,-21.43479903,
5952603160,-22.26147937,
5953203120,-22.74177591,
5953803080,-22.18832568,
5954403040,-22.5581274,
5955003000,-23.25047592,
5955602960,-22.40119436,
5956202920,-22.16680981,
5956802880,-22.59320322,
5957402840,-22.9302029,
5958002800,-23.06885141,
5958602760,-22.64913832,
5959202720,-22.39960084,
5959802680,-22.66004374,
5960402640,-22.86362902,
5961002600,-23.0224838,
5961602560,-22.591707,
5962202520,-22.55460981,
5962802480,-22.92010674,
5963402440,-23.02535839,
5964002400,-22.66759351,
5964602360,-22.12407053,
5965202320,-22.26177224,
5965802280,-23.50969504,
5966402240,-22.01089713,
5967002200,-23.11511661,
5967602160,-23.0958665,
5968202120,-24.02440963,
5968802080,-23.43487976,
5969402040,-23.57276463,
5970002000,-23.31690803,
5970601960,-24.93269262,
5971201920,-23.66683331,
5971801880,-23.70977972,
5972401840,-23.7692456,
5973001800,-23.51884408,
5973601760,-23.17517564,
5974201720,-23.81802778,
5974801680,-23.36046221,
5975401640,-24.59561272,
5976001600,-24.6573458,
5976601560,-22.23559755,
5977201520,-23.51623196,
5977801480,-25.16008881,
5978401440,-25.66499616,
5979001400,-24.76165232,
5979601360,-23.74052977,
5980201320,-23.5896565,
5980801280,-24.02675704,
5981401240,-25.1381466,
5982001200,-24.83782617,
5982601160,-24.8558169,
5983201120,-24.64104641,
5983801080,-24.19558733,
5984401040,-25.63976818,
5985001000,-24.27087601,
5985600960,-25.12699068,
5986200920,-26.0055045,
5986800880,-27.33012436,
5987400840,-25.10499574,
5988000800,-24.0348546,
5988600760,-24.86927488,
5989200720,-24.23239146,
5989800680,-25.36561264,
5990400640,-24.00822481,
5991000600,-25.25416639,
5991600560,-26.83044783,
5992200520,-26.30080999,
5992800480,-25.38629438,
5993400440,-25.4053291,
5994000400,-27.4062403,
5994600360,-26.40816819,
5995200320,-25.5362526,
5995800280,-25.29646974,
5996400240,-27.31060563,
5997000200,-24.6555957,
5997600160,-25.75404562,
5998200120,-26.21820277,
5998800080,-25.13658247,
5999400040,-27.43241078,
6000000000,-26.01988294,
