Frequency,S12_Magnitude,
1000000,-3.686826338,
1599959,-3.654971652,
2199919,-3.356337543,
2799879,-3.330670713,
3399839,-3.088179482,
3999799,-3.139235149,
4599759,-2.964962217,
5199719,-2.848481659,
5799679,-2.878822972,
6399639,-2.8938306,
6999599,-2.743783556,
7599559,-2.825751141,
8199519,-2.860871666,
8799479,-2.77369501,
9399439,-2.75364251,
9999399,-2.831697619,
10599359,-2.901021904,
11199319,-2.788035603,
11799279,-2.846503359,
12399239,-2.820594813,
12999199,-2.833457712,
13599159,-2.877576197,
14199119,-2.855358105,
14799079,-2.901704806,
15399039,-2.969543633,
15998999,-2.894398392,
16598959,-2.950024688,
17198919,-2.937491828,
17798879,-2.967527627,
18398839,-3.02886708,
18998799,-3.041598866,
19598759,-3.035172672,
20198719,-2.989447765,
20798679,-3.053329674,
21398639,-3.010249983,
21998599,-3.047925974,
22598559,-3.078667417,
23198519,-3.095041484,
23798479,-3.132576224,
24398439,-3.116219296,
24998399,-3.077890106,
25598359,-3.141420878,
26198319,-3.139043475,
26798279,-3.163760131,
27398239,-3.141583511,
27998199,-3.286494863,
28598159,-3.176767779,
29198119,-3.160652573,
29798079,-3.17242031,
30398039,-3.238184336,
30997999,-3.240306839,
31597959,-3.313650215,
32197919,-3.293610379,
32797879,-3.248459598,
33397839,-3.293317954,
33997799,-3.334177848,
34597759,-3.232023023,
35197719,-3.300123172,
35797679,-3.310165158,
36397639,-3.32633272,
36997599,-3.312434648,
37597559,-3.309438062,
38197519,-3.343049836,
38797479,-3.327091186,
39397439,-3.31776043,
39997399,-3.33040743,
40597359,-3.383456217,
41197319,-3.375717133,
41797279,-3.340041341,
42397239,-3.297924536,
42997199,-3.326201629,
43597159,-3.386186249,
44197119,-3.324680308,
44797079,-3.362824466,
45397039,-3.393211576,
45996999,-3.378231827,
46596959,-3.434020099,
47196919,-3.33517403,
47796879,-3.426501069,
48396839,-3.414570583,
48996799,-3.392404546,
49596759,-3.433117088,
50196719,-3.4101267,
50796679,-3.38253,
51396639,-3.390602054,
51996599,-3.445221178,
52596559,-3.385132039,
53196519,-3.415748919,
53796479,-3.474174802,
54396439,-3.425683079,
54996399,-3.437068219,
55596359,-3.420916434,
56196319,-3.458717744,
56796279,-3.485912451,
57396239,-3.433556213,
57996199,-3.437145225,
58596159,-3.466630172,
59196119,-3.477235326,
59796079,-3.456100437,
60396039,-3.396082701,
60995999,-3.452344043,
61595959,-3.471258464,
62195919,-3.487868205,
62795879,-3.467791502,
63395839,-3.510925519,
63995799,-3.411195654,
64595759,-3.508391101,
65195719,-3.533406446,
65795679,-3.529220395,
66395639,-3.519896872,
66995599,-3.490592126,
67595559,-3.39434585,
68195519,-3.460374821,
68795479,-3.471240011,
69395439,-3.471168526,
69995399,-3.541228982,
70595359,-3.469008085,
71195319,-3.485059684,
71795279,-3.440836234,
72395239,-3.554675366,
72995199,-3.465599939,
73595159,-3.462876849,
74195119,-3.445664279,
74795079,-3.518008111,
75395039,-3.441612876,
75994999,-3.481072426,
76594959,-3.545774962,
77194919,-3.426179378,
77794879,-3.43140111,
78394839,-3.483283835,
78994799,-3.507159394,
79594759,-3.437299686,
80194719,-3.447579077,
80794679,-3.452107381,
81394639,-3.421467038,
81994599,-3.467960298,
82594559,-3.432442251,
83194519,-3.499115608,
83794479,-3.455358546,
84394439,-3.411923741,
84994399,-3.390151469,
85594359,-3.454094748,
86194319,-3.373754881,
86794279,-3.432630003,
87394239,-3.378629767,
87994199,-3.384673741,
88594159,-3.411712454,
89194119,-3.353845352,
89794079,-3.439632766,
90394039,-3.340852552,
90993999,-3.299232586,
91593959,-3.373116164,
92193919,-3.349080499,
92793879,-3.351202939,
93393839,-3.423419592,
93993799,-3.332443537,
94593759,-3.343300425,
95193719,-3.273985511,
95793679,-3.336958156,
96393639,-3.272969272,
96993599,-3.22612829,
97593559,-3.361549735,
98193519,-3.326606294,
98793479,-3.331328489,
99393439,-3.304785246,
99993399,-3.303218645,
100593359,-3.305523703,
101193319,-3.269330093,
101793279,-3.331313765,
102393239,-3.26483788,
102993199,-3.325854763,
103593159,-3.291328849,
104193119,-3.294128055,
104793079,-3.260705236,
105393039,-3.214038162,
105992999,-3.245098488,
106592959,-3.219044989,
107192919,-3.290894662,
107792879,-3.284331872,
108392839,-3.244721643,
108992799,-3.257633379,
109592759,-3.283675112,
110192719,-3.325702271,
110792679,-3.263532113,
111392639,-3.183451809,
111992599,-3.202264339,
112592559,-3.215649318,
113192519,-3.212936911,
113792479,-3.25022597,
114392439,-3.237498765,
114992399,-3.218049449,
115592359,-3.204895197,
116192319,-3.197868429,
116792279,-3.227848752,
117392239,-3.258652591,
117992199,-3.140741049,
118592159,-3.163194834,
119192119,-3.181338924,
119792079,-3.150694516,
120392039,-3.160454075,
120991999,-3.207044807,
121591959,-3.174728114,
122191919,-3.128766158,
122791879,-3.076765764,
123391839,-3.199234805,
123991799,-3.104253956,
124591759,-3.277471233,
125191719,-3.153084534,
125791679,-3.149420652,
126391639,-3.152184637,
126991599,-3.10078462,
127591559,-3.095200925,
128191519,-3.145964509,
128791479,-3.116667453,
129391439,-3.134517008,
129991399,-3.135843737,
130591359,-3.101610277,
131191319,-3.060428501,
131791279,-3.108809766,
132391239,-3.155019258,
132991199,-3.124416609,
133591159,-3.147028126,
134191119,-3.124497372,
134791079,-3.116782489,
135391039,-3.123629727,
135990999,-3.075712536,
136590959,-3.094951038,
137190919,-3.120240847,
137790879,-3.137673497,
138390839,-3.121622085,
138990799,-3.123222175,
139590759,-3.064861337,
140190719,-3.135830154,
140790679,-3.068113629,
141390639,-3.134353749,
141990599,-3.233776629,
142590559,-3.110297492,
143190519,-3.145159485,
143790479,-3.147175061,
144390438,-3.185067147,
144990398,-3.035602443,
145590358,-3.148368879,
146190318,-3.110286688,
146790278,-3.169535452,
147390238,-3.156647379,
147990198,-3.110535439,
148590158,-3.116167908,
149190118,-3.125516225,
149790078,-3.192523966,
150390038,-3.098336409,
150989998,-3.12986089,
151589958,-3.170217248,
152189918,-3.094120904,
152789878,-3.154473897,
153389838,-3.137445924,
153989798,-3.110299368,
154589758,-3.200265749,
155189718,-3.114720709,
155789678,-3.139979622,
156389638,-3.126811112,
156989598,-3.106376543,
157589558,-3.1648049,
158189518,-3.090990453,
158789478,-3.109884402,
159389438,-3.043133045,
159989398,-3.058171167,
160589358,-3.091873495,
161189318,-3.106868255,
161789278,-3.148637909,
162389238,-3.176941078,
162989198,-3.149250616,
163589158,-3.190787939,
164189118,-3.144128914,
164789078,-3.122873438,
165389038,-3.148978396,
165988998,-3.209761245,
166588958,-3.147855002,
167188918,-3.067894261,
167788878,-3.132184961,
168388838,-3.178590718,
168988798,-3.141535825,
169588758,-3.100670799,
170188718,-3.289476005,
170788678,-3.194497423,
171388638,-3.253699522,
171988598,-3.132070024,
172588558,-3.199008156,
173188518,-3.213763786,
173788478,-3.175917649,
174388438,-3.28029315,
174988398,-3.186503413,
175588358,-3.190484142,
176188318,-3.171909792,
176788278,-3.183714357,
177388238,-3.245424987,
177988198,-3.209969757,
178588158,-3.217818512,
179188118,-3.20661749,
179788078,-3.205126334,
180388038,-3.184658593,
180987998,-3.156291963,
181587958,-3.203061278,
182187918,-3.196506596,
182787878,-3.280246578,
183387838,-3.246058182,
183987798,-3.261092145,
184587758,-3.284788273,
185187718,-3.328007583,
185787678,-3.329050096,
186387638,-3.325756643,
186987598,-3.311083483,
187587558,-3.249184529,
188187518,-3.198995744,
188787478,-3.248753178,
189387438,-3.317329007,
189987398,-3.190357277,
190587358,-3.233212545,
191187318,-3.318810948,
191787278,-3.246334071,
192387238,-3.252791946,
192987198,-3.243901603,
193587158,-3.315341202,
194187118,-3.286468137,
194787078,-3.239354627,
195387038,-3.26249877,
195986998,-3.154900646,
196586958,-3.22776364,
197186918,-3.279027875,
197786878,-3.194852644,
198386838,-3.258149444,
198986798,-3.302743435,
199586758,-3.280421158,
200186718,-3.255902308,
200786678,-3.197232059,
201386638,-3.360881063,
201986598,-3.238996784,
202586558,-3.25169355,
203186518,-3.318329215,
203786478,-3.24386351,
204386438,-3.259888973,
204986398,-3.280657499,
205586358,-3.216632651,
206186318,-3.238692454,
206786278,-3.280998666,
207386238,-3.350069818,
207986198,-3.274284228,
208586158,-3.232429595,
209186118,-3.253839193,
209786078,-3.221481373,
210386038,-3.283143735,
210985998,-3.211166637,
211585958,-3.32386681,
212185918,-3.372118573,
212785878,-3.346949757,
213385838,-3.25055468,
213985798,-3.379035733,
214585758,-3.323889085,
215185718,-3.279123625,
215785678,-3.296798288,
216385638,-3.245939506,
216985598,-3.331332403,
217585558,-3.280767608,
218185518,-3.28802693,
218785478,-3.264501342,
219385438,-3.238052177,
219985398,-3.314573633,
220585358,-3.365557873,
221185318,-3.298615506,
221785278,-3.415303653,
222385238,-3.353554616,
222985198,-3.294877072,
223585158,-3.330783073,
224185118,-3.313296441,
224785078,-3.371044928,
225385038,-3.345214221,
225984998,-3.25692648,
226584958,-3.39388325,
227184918,-3.402474953,
227784878,-3.37134795,
228384838,-3.379836765,
228984798,-3.315679954,
229584758,-3.424312869,
230184718,-3.407628667,
230784678,-3.362910219,
231384638,-3.378807493,
231984598,-3.389198999,
232584558,-3.384341474,
233184518,-3.388826305,
233784478,-3.370615337,
234384438,-3.382928863,
234984398,-3.413516051,
235584358,-3.388045839,
236184318,-3.433451907,
236784278,-3.422039464,
237384238,-3.325508261,
237984198,-3.457693253,
238584158,-3.53949513,
239184118,-3.423266222,
239784078,-3.384788714,
240384038,-3.416706818,
240983998,-3.427007099,
241583958,-3.454433481,
242183918,-3.411715425,
242783878,-3.449283717,
243383838,-3.491571316,
243983798,-3.491261168,
244583758,-3.549273347,
245183718,-3.479196487,
245783678,-3.49982495,
246383638,-3.527244046,
246983598,-3.600724982,
247583558,-3.585144745,
248183518,-3.535249305,
248783478,-3.571011866,
249383438,-3.554964137,
249983398,-3.523522098,
250583358,-3.593327249,
251183318,-3.621410116,
251783278,-3.564399023,
252383238,-3.579017749,
252983198,-3.567042983,
253583158,-3.635270281,
254183118,-3.601091757,
254783078,-3.643569563,
255383038,-3.640531524,
255982998,-3.699892681,
256582958,-3.690994155,
257182918,-3.633400464,
257782878,-3.701030484,
258382838,-3.646527139,
258982798,-3.746134041,
259582758,-3.706494164,
260182718,-3.702398161,
260782678,-3.774291892,
261382638,-3.730061335,
261982598,-3.771292681,
262582558,-3.775514568,
263182518,-3.831529084,
263782478,-3.773025828,
264382438,-3.817460076,
264982398,-3.842771431,
265582358,-3.90553616,
266182318,-3.952243783,
266782278,-3.837480179,
267382238,-3.821727351,
267982198,-3.846030749,
268582158,-3.79687272,
269182118,-3.952462489,
269782078,-4.005881774,
270382038,-3.887600049,
270981998,-3.882803346,
271581958,-3.913099965,
272181918,-3.913165786,
272781878,-3.970095825,
273381838,-3.930689987,
273981798,-3.949426078,
274581758,-3.899767471,
275181718,-3.949027652,
275781678,-3.960300631,
276381638,-4.015937061,
276981598,-3.994005213,
277581558,-3.961359747,
278181518,-4.056266702,
278781478,-3.974603298,
279381438,-4.005725407,
279981398,-4.00207347,
280581358,-4.054168077,
281181318,-3.991635312,
281781278,-4.074195812,
282381238,-4.049902704,
282981198,-4.01335015,
283581158,-4.098564685,
284181118,-4.039194,
284781078,-4.036860151,
285381038,-4.140598355,
285980998,-4.069904338,
286580958,-4.034250569,
287180917,-4.110993674,
287780877,-4.08525438,
288380837,-4.076720279,
288980797,-4.097739624,
289580757,-4.077249518,
290180717,-4.174938428,
290780677,-4.121055416,
291380637,-4.13525971,
291980597,-4.235367317,
292580557,-4.211423682,
293180517,-4.177884964,
293780477,-4.263359836,
294380437,-4.162169528,
294980397,-4.18724888,
295580357,-4.243810223,
296180317,-4.206295017,
296780277,-4.147264448,
297380237,-4.248617431,
297980197,-4.216089366,
298580157,-4.197123376,
299180117,-4.205098589,
299780077,-4.295771214,
300380037,-4.245780528,
300979997,-4.246338495,
301579957,-4.183767308,
302179917,-4.31993446,
302779877,-4.230152355,
303379837,-4.185110796,
303979797,-4.284580135,
304579757,-4.232868495,
305179717,-4.174151322,
305779677,-4.253850115,
306379637,-4.324828189,
306979597,-4.24024078,
307579557,-4.213842479,
308179517,-4.317364033,
308779477,-4.283964794,
309379437,-4.240755076,
309979397,-4.315071076,
310579357,-4.267801712,
311179317,-4.223200728,
311779277,-4.194650892,
312379237,-4.282146824,
312979197,-4.244695294,
313579157,-4.329655772,
314179117,-4.327762306,
314779077,-4.317824678,
315379037,-4.277852823,
315978997,-4.312204476,
316578957,-4.280749477,
317178917,-4.264121542,
317778877,-4.266514798,
318378837,-4.29434227,
318978797,-4.297127216,
319578757,-4.260766397,
320178717,-4.233681128,
320778677,-4.298351932,
321378637,-4.344616106,
321978597,-4.241998249,
322578557,-4.240732748,
323178517,-4.349853232,
323778477,-4.203304462,
324378437,-4.308846248,
324978397,-4.192252741,
325578357,-4.189298883,
326178317,-4.21852779,
326778277,-4.305296642,
327378237,-4.185775277,
327978197,-4.217603581,
328578157,-4.226030743,
329178117,-4.182034697,
329778077,-4.173407877,
330378037,-4.177395924,
330977997,-4.245673922,
331577957,-4.257116101,
332177917,-4.249791598,
332777877,-4.254353277,
333377837,-4.192855406,
333977797,-4.225659127,
334577757,-4.162564036,
335177717,-4.133086622,
335777677,-4.212474232,
336377637,-4.243427816,
336977597,-4.154049506,
337577557,-4.155742387,
338177517,-4.138847088,
338777477,-4.225675671,
339377437,-4.195144433,
339977397,-4.20754752,
340577357,-4.15805906,
341177317,-4.154376938,
341777277,-4.173547433,
342377237,-4.129646653,
342977197,-4.18604437,
343577157,-4.095920785,
344177117,-4.093822847,
344777077,-4.13886338,
345377037,-4.173097658,
345976997,-4.064088924,
346576957,-4.077808355,
347176917,-4.027503802,
347776877,-4.09301227,
348376837,-4.033827838,
348976797,-4.067979025,
349576757,-4.163791484,
350176717,-4.121267457,
350776677,-4.135504823,
351376637,-4.075054774,
351976597,-4.001275309,
352576557,-4.070495948,
353176517,-4.003736791,
353776477,-4.013557083,
354376437,-3.968129028,
354976397,-4.074973198,
355576357,-3.95741994,
356176317,-4.046932785,
356776277,-4.011605473,
357376237,-4.014521417,
357976197,-3.92381901,
358576157,-3.963977916,
359176117,-3.96117737,
359776077,-3.907428047,
360376037,-3.956493127,
360975997,-3.917472312,
361575957,-3.881868517,
362175917,-3.878415552,
362775877,-4.008341247,
363375837,-3.891544324,
363975797,-3.884012069,
364575757,-3.889850674,
365175717,-3.900056592,
365775677,-3.910625999,
366375637,-3.882664458,
366975597,-3.964055407,
367575557,-3.844955828,
368175517,-3.92173957,
368775477,-3.794675054,
369375437,-3.905055907,
369975397,-3.905444347,
370575357,-3.881732891,
371175317,-3.810753594,
371775277,-3.83112464,
372375237,-3.823853864,
372975197,-3.825009094,
373575157,-3.761553801,
374175117,-3.786999386,
374775077,-3.73139994,
375375037,-3.772940195,
375974997,-3.741718004,
376574957,-3.718209597,
377174917,-3.682446029,
377774877,-3.696060827,
378374837,-3.799302593,
378974797,-3.720146272,
379574757,-3.723077228,
380174717,-3.762225476,
380774677,-3.719924116,
381374637,-3.70194381,
381974597,-3.698511933,
382574557,-3.673373947,
383174517,-3.678777795,
383774477,-3.706377915,
384374437,-3.620946216,
384974397,-3.662265332,
385574357,-3.67787567,
386174317,-3.571684204,
386774277,-3.669334904,
387374237,-3.641215776,
387974197,-3.629587698,
388574157,-3.572277963,
389174117,-3.622389761,
389774077,-3.607581727,
390374037,-3.624413655,
390973997,-3.619722165,
391573957,-3.600980277,
392173917,-3.640550886,
392773877,-3.597498477,
393373837,-3.584826421,
393973797,-3.528800375,
394573757,-3.604233147,
395173717,-3.592071901,
395773677,-3.597490673,
396373637,-3.599864799,
396973597,-3.536270004,
397573557,-3.513850532,
398173517,-3.537032512,
398773477,-3.553913599,
399373437,-3.548979941,
399973397,-3.584948019,
400573357,-3.535590789,
401173317,-3.482155487,
401773277,-3.536723815,
402373237,-3.468835857,
402973197,-3.506952703,
403573157,-3.472526476,
404173117,-3.505986196,
404773077,-3.472855971,
405373037,-3.505001667,
405972997,-3.507543208,
406572957,-3.522033984,
407172917,-3.509700987,
407772877,-3.468468558,
408372837,-3.497616444,
408972797,-3.494992961,
409572757,-3.435836635,
410172717,-3.565866507,
410772677,-3.447744739,
411372637,-3.48618736,
411972597,-3.532283544,
412572557,-3.537336029,
413172517,-3.495412297,
413772477,-3.589234719,
414372437,-3.458784773,
414972397,-3.436926227,
415572357,-3.440834962,
416172317,-3.463674884,
416772277,-3.436050861,
417372237,-3.53951345,
417972197,-3.455950773,
418572157,-3.440588161,
419172117,-3.419221913,
419772077,-3.404520209,
420372037,-3.381257761,
420971997,-3.44264388,
421571957,-3.448174532,
422171917,-3.405316021,
422771877,-3.465105662,
423371837,-3.391506911,
423971797,-3.420314951,
424571757,-3.477886871,
425171717,-3.389904033,
425771677,-3.348443926,
426371637,-3.483873148,
426971597,-3.436493378,
427571557,-3.438357284,
428171517,-3.404292721,
428771477,-3.423203507,
429371437,-3.355317257,
429971396,-3.405495452,
430571356,-3.373824525,
431171316,-3.388945742,
431771276,-3.405486122,
432371236,-3.412887551,
432971196,-3.330831793,
433571156,-3.479263207,
434171116,-3.399339652,
434771076,-3.328936188,
435371036,-3.331638807,
435970996,-3.379511807,
436570956,-3.379107139,
437170916,-3.376440179,
437770876,-3.414692585,
438370836,-3.30006653,
438970796,-3.389469646,
439570756,-3.37978645,
440170716,-3.378906391,
440770676,-3.429498208,
441370636,-3.362383352,
441970596,-3.282027527,
442570556,-3.315101373,
443170516,-3.334752713,
443770476,-3.38132321,
444370436,-3.380088389,
444970396,-3.348297636,
445570356,-3.342983225,
446170316,-3.39608873,
446770276,-3.262772285,
447370236,-3.390355505,
447970196,-3.345068345,
448570156,-3.369593003,
449170116,-3.35689743,
449770076,-3.398452866,
450370036,-3.386021174,
450969996,-3.388869008,
451569956,-3.443785155,
452169916,-3.406944623,
452769876,-3.456941343,
453369836,-3.382471867,
453969796,-3.454532438,
454569756,-3.393731703,
455169716,-3.421668477,
455769676,-3.470461442,
456369636,-3.303364219,
456969596,-3.380827468,
457569556,-3.305972813,
458169516,-3.376779047,
458769476,-3.33091628,
459369436,-3.412843369,
459969396,-3.416021974,
460569356,-3.422301829,
461169316,-3.407018695,
461769276,-3.39004249,
462369236,-3.413738527,
462969196,-3.465628393,
463569156,-3.376429603,
464169116,-3.398894928,
464769076,-3.448692266,
465369036,-3.458884808,
465968996,-3.468352718,
466568956,-3.464502424,
467168916,-3.389266294,
467768876,-3.420931547,
468368836,-3.326060714,
468968796,-3.421427846,
469568756,-3.441886519,
470168716,-3.366284232,
470768676,-3.44636088,
471368636,-3.424756821,
471968596,-3.441937059,
472568556,-3.390419949,
473168516,-3.448683235,
473768476,-3.44359842,
474368436,-3.43947609,
474968396,-3.440178457,
475568356,-3.442038007,
476168316,-3.52234874,
476768276,-3.415543151,
477368236,-3.467668343,
477968196,-3.535397268,
478568156,-3.492888141,
479168116,-3.518853154,
479768076,-3.469264702,
480368036,-3.487082266,
480967996,-3.482289277,
481567956,-3.440535597,
482167916,-3.586370887,
482767876,-3.538535544,
483367836,-3.480114398,
483967796,-3.524364022,
484567756,-3.525510845,
485167716,-3.406491485,
485767676,-3.570215024,
486367636,-3.493697781,
486967596,-3.533499949,
487567556,-3.55978081,
488167516,-3.563877665,
488767476,-3.432595029,
489367436,-3.541186705,
489967396,-3.474885457,
490567356,-3.46931656,
491167316,-3.593017015,
491767276,-3.529291961,
492367236,-3.551438733,
492967196,-3.508135682,
493567156,-3.579967655,
494167116,-3.511555548,
494767076,-3.553964818,
495367036,-3.578049864,
495966996,-3.56779067,
496566956,-3.572445793,
497166916,-3.546104982,
497766876,-3.559129058,
498366836,-3.618054609,
498966796,-3.70912033,
499566756,-3.57356456,
500166716,-3.595055834,
500766676,-3.632248464,
501366636,-3.564150726,
501966596,-3.659789778,
502566556,-3.609912361,
503166516,-3.653668926,
503766476,-3.694179844,
504366436,-3.650102433,
504966396,-3.720208057,
505566356,-3.663414686,
506166316,-3.691102303,
506766276,-3.684411427,
507366236,-3.763061956,
507966196,-3.677296743,
508566156,-3.741434946,
509166116,-3.652599943,
509766076,-3.659443644,
510366036,-3.741858222,
510965996,-3.726462021,
511565956,-3.711393645,
512165916,-3.674484316,
512765876,-3.740193458,
513365836,-3.811720615,
513965796,-3.76241953,
514565756,-3.668228658,
515165716,-3.759410892,
515765676,-3.75067527,
516365636,-3.779164503,
516965596,-3.765726262,
517565556,-3.778014235,
518165516,-3.836547809,
518765476,-3.753275645,
519365436,-3.858981642,
519965396,-3.826754631,
520565356,-3.832430242,
521165316,-3.819746849,
521765276,-3.776607099,
522365236,-3.863747931,
522965196,-3.852405729,
523565156,-3.954157899,
524165116,-3.901694687,
524765076,-3.8523662,
525365036,-3.996100305,
525964996,-3.914882269,
526564956,-3.829667536,
527164916,-3.858568815,
527764876,-3.925262923,
528364836,-3.939279028,
528964796,-3.993139458,
529564756,-3.991780418,
530164716,-3.932671247,
530764676,-3.939854697,
531364636,-3.97219271,
531964596,-3.874276535,
532564556,-3.975259848,
533164516,-4.04268272,
533764476,-4.01322197,
534364436,-4.065867982,
534964396,-4.049589515,
535564356,-4.087391816,
536164316,-4.02861906,
536764276,-4.098798721,
537364236,-4.150691108,
537964196,-4.135411394,
538564156,-4.251825438,
539164116,-4.073532081,
539764076,-4.083148576,
540364036,-4.223381337,
540963996,-4.170140583,
541563956,-4.117070759,
542163916,-4.152886775,
542763876,-4.170720968,
543363836,-4.163092004,
543963796,-4.067087891,
544563756,-4.137018503,
545163716,-4.146369073,
545763676,-4.118191065,
546363636,-4.178093967,
546963596,-4.186728326,
547563556,-4.276491213,
548163516,-4.291558415,
548763476,-4.258665466,
549363436,-4.186863732,
549963396,-4.242452504,
550563356,-4.2377027,
551163316,-4.285905419,
551763276,-4.213168278,
552363236,-4.239995915,
552963196,-4.236306907,
553563156,-4.276015005,
554163116,-4.223368901,
554763076,-4.288138353,
555363036,-4.309970587,
555962996,-4.287539461,
556562956,-4.33924657,
557162916,-4.296833048,
557762876,-4.263432203,
558362836,-4.349831091,
558962796,-4.264844513,
559562756,-4.249029808,
560162716,-4.323676921,
560762676,-4.378595229,
561362636,-4.372424443,
561962596,-4.3625863,
562562556,-4.280332567,
563162516,-4.354919144,
563762476,-4.407448774,
564362436,-4.399136347,
564962396,-4.331750609,
565562356,-4.290926871,
566162316,-4.363628215,
566762276,-4.303990306,
567362236,-4.446135882,
567962196,-4.320208748,
568562156,-4.415588519,
569162116,-4.489649526,
569762076,-4.399108117,
570362036,-4.39237998,
570961996,-4.339973951,
571561956,-4.437878995,
572161916,-4.495761824,
572761875,-4.440299935,
573361835,-4.492489376,
573961795,-4.373044254,
574561755,-4.497571199,
575161715,-4.352945986,
575761675,-4.476236282,
576361635,-4.485613442,
576961595,-4.484768056,
577561555,-4.484018541,
578161515,-4.462607008,
578761475,-4.544156661,
579361435,-4.495491414,
579961395,-4.451383344,
580561355,-4.454362803,
581161315,-4.452356982,
581761275,-4.461222121,
582361235,-4.44462753,
582961195,-4.465524189,
583561155,-4.499928353,
584161115,-4.569235869,
584761075,-4.503348202,
585361035,-4.520299612,
585960995,-4.455316382,
586560955,-4.46488579,
587160915,-4.494143572,
587760875,-4.467274655,
588360835,-4.5308465,
588960795,-4.490431636,
589560755,-4.49535532,
590160715,-4.530715714,
590760675,-4.586345681,
591360635,-4.491209621,
591960595,-4.633086642,
592560555,-4.463296095,
593160515,-4.502676355,
593760475,-4.531774053,
594360435,-4.538757993,
594960395,-4.492234133,
595560355,-4.573093958,
596160315,-4.482662862,
596760275,-4.556214769,
597360235,-4.503505645,
597960195,-4.447487454,
598560155,-4.551168715,
599160115,-4.538317254,
599760075,-4.383639028,
600360035,-4.555236594,
600959995,-4.505687163,
601559955,-4.477590635,
602159915,-4.506351924,
602759875,-4.449310088,
603359835,-4.495831845,
603959795,-4.584400051,
604559755,-4.457473709,
605159715,-4.38179908,
605759675,-4.451884927,
606359635,-4.392140638,
606959595,-4.473195976,
607559555,-4.4582237,
608159515,-4.445714133,
608759475,-4.450838672,
609359435,-4.409951105,
609959395,-4.508173589,
610559355,-4.506808907,
611159315,-4.506242098,
611759275,-4.448038268,
612359235,-4.459509362,
612959195,-4.409472925,
613559155,-4.447040783,
614159115,-4.466297909,
614759075,-4.454713335,
615359035,-4.404100349,
615958995,-4.482391096,
616558955,-4.469992059,
617158915,-4.427363514,
617758875,-4.521565948,
618358835,-4.366465347,
618958795,-4.423567751,
619558755,-4.427534221,
620158715,-4.329520726,
620758675,-4.514290928,
621358635,-4.481622262,
621958595,-4.433907684,
622558555,-4.405361041,
623158515,-4.366360803,
623758475,-4.498344651,
624358435,-4.408213743,
624958395,-4.34378657,
625558355,-4.343253205,
626158315,-4.308208787,
626758275,-4.351944412,
627358235,-4.291995216,
627958195,-4.407296876,
628558155,-4.388131145,
629158115,-4.375461219,
629758075,-4.289114642,
630358035,-4.345399057,
630957995,-4.312744748,
631557955,-4.30722274,
632157915,-4.332708933,
632757875,-4.302304453,
633357835,-4.251653008,
633957795,-4.329820927,
634557755,-4.219653218,
635157715,-4.235767728,
635757675,-4.27217759,
636357635,-4.226196379,
636957595,-4.2113803,
637557555,-4.283270209,
638157515,-4.203708657,
638757475,-4.190009481,
639357435,-4.203159475,
639957395,-4.126752795,
640557355,-4.27456498,
641157315,-4.252507432,
641757275,-4.211261578,
642357235,-4.223964864,
642957195,-4.236380778,
643557155,-4.198703447,
644157115,-4.182735916,
644757075,-4.178548988,
645357035,-4.177790286,
645956995,-4.128961652,
646556955,-4.151283671,
647156915,-4.126480246,
647756875,-4.187061469,
648356835,-4.181688871,
648956795,-4.140967549,
649556755,-4.137466413,
650156715,-4.107548507,
650756675,-4.154675547,
651356635,-4.101110563,
651956595,-4.160871082,
652556555,-4.174683553,
653156515,-4.016513404,
653756475,-3.982806357,
654356435,-4.101210277,
654956395,-4.116149005,
655556355,-4.10880173,
656156315,-4.101432893,
656756275,-3.984698946,
657356235,-4.095758941,
657956195,-4.018682042,
658556155,-4.019702835,
659156115,-3.975092161,
659756075,-4.044846508,
660356035,-4.065375135,
660955995,-3.919727938,
661555955,-3.913452423,
662155915,-3.983899336,
662755875,-3.961915668,
663355835,-3.933382268,
663955795,-3.848297717,
664555755,-3.95835265,
665155715,-3.844606464,
665755675,-3.960646331,
666355635,-3.871829364,
666955595,-3.939343958,
667555555,-3.817101025,
668155515,-3.910241536,
668755475,-3.801168057,
669355435,-3.827072123,
669955395,-3.840076211,
670555355,-3.772845063,
671155315,-3.826295793,
671755275,-3.818153946,
672355235,-3.778153632,
672955195,-3.777102661,
673555155,-3.744511816,
674155115,-3.72485392,
674755075,-3.746727806,
675355035,-3.770010495,
675954995,-3.771439607,
676554955,-3.697907204,
677154915,-3.735247342,
677754875,-3.72536668,
678354835,-3.724619489,
678954795,-3.742799495,
679554755,-3.727539309,
680154715,-3.743195454,
680754675,-3.695802784,
681354635,-3.656684764,
681954595,-3.735937566,
682554555,-3.647427076,
683154515,-3.600152834,
683754475,-3.647079107,
684354435,-3.61166798,
684954395,-3.662839554,
685554355,-3.679195633,
686154315,-3.630062949,
686754275,-3.631339307,
687354235,-3.588270352,
687954195,-3.639395407,
688554155,-3.637387097,
689154115,-3.582888459,
689754075,-3.614426924,
690354035,-3.610533647,
690953995,-3.583686791,
691553955,-3.596700912,
692153915,-3.508874785,
692753875,-3.607403753,
693353835,-3.524392685,
693953795,-3.570996572,
694553755,-3.48984368,
695153715,-3.545942844,
695753675,-3.551117781,
696353635,-3.553278094,
696953595,-3.564651683,
697553555,-3.575619426,
698153515,-3.620273976,
698753475,-3.552191806,
699353435,-3.513330815,
699953395,-3.560933381,
700553355,-3.474792665,
701153315,-3.587356289,
701753275,-3.52337695,
702353235,-3.465713072,
702953195,-3.52373268,
703553155,-3.521808044,
704153115,-3.472158301,
704753075,-3.501784743,
705353035,-3.502552345,
705952995,-3.457758241,
706552955,-3.452163464,
707152915,-3.402454934,
707752875,-3.487431432,
708352835,-3.527379962,
708952795,-3.420300836,
709552755,-3.438620683,
710152715,-3.364351017,
710752675,-3.471408308,
711352635,-3.414632291,
711952595,-3.422094083,
712552555,-3.397963658,
713152515,-3.3813259,
713752475,-3.380706443,
714352435,-3.500831312,
714952395,-3.397321486,
715552354,-3.37848143,
716152314,-3.406027534,
716752274,-3.388290731,
717352234,-3.450466155,
717952194,-3.398370823,
718552154,-3.451641432,
719152114,-3.374386195,
719752074,-3.396753609,
720352034,-3.431167958,
720951994,-3.34781645,
721551954,-3.448974903,
722151914,-3.429894055,
722751874,-3.419422571,
723351834,-3.407142125,
723951794,-3.437818901,
724551754,-3.366742609,
725151714,-3.326762962,
725751674,-3.365310665,
726351634,-3.328667953,
726951594,-3.36159203,
727551554,-3.346045806,
728151514,-3.373229924,
728751474,-3.372693461,
729351434,-3.363588057,
729951394,-3.368347378,
730551354,-3.415543042,
731151314,-3.280363407,
731751274,-3.384160347,
732351234,-3.411941634,
732951194,-3.322500914,
733551154,-3.380127755,
734151114,-3.367703435,
734751074,-3.364114746,
735351034,-3.291435015,
735950994,-3.261978076,
736550954,-3.212592304,
737150914,-3.325512532,
737750874,-3.339535726,
738350834,-3.311286984,
738950794,-3.374231615,
739550754,-3.348964572,
740150714,-3.368876699,
740750674,-3.390021006,
741350634,-3.312499293,
741950594,-3.344831435,
742550554,-3.340942091,
743150514,-3.368587808,
743750474,-3.327317449,
744350434,-3.365624001,
744950394,-3.346108823,
745550354,-3.385041196,
746150314,-3.425778017,
746750274,-3.356024357,
747350234,-3.349529007,
747950194,-3.406808365,
748550154,-3.374933876,
749150114,-3.420990596,
749750074,-3.383240271,
750350034,-3.33875011,
750949994,-3.467400172,
751549954,-3.371185483,
752149914,-3.31461094,
752749874,-3.286407714,
753349834,-3.322577436,
753949794,-3.36593974,
754549754,-3.317082526,
755149714,-3.348600138,
755749674,-3.36608196,
756349634,-3.368697134,
756949594,-3.300316877,
757549554,-3.340661372,
758149514,-3.365996018,
758749474,-3.410912017,
759349434,-3.383578726,
759949394,-3.348367519,
760549354,-3.378865919,
761149314,-3.273699283,
761749274,-3.364993065,
762349234,-3.351534226,
762949194,-3.290235335,
763549154,-3.42014699,
764149114,-3.347602654,
764749074,-3.334738856,
765349034,-3.340000929,
765948994,-3.365529292,
766548954,-3.374025905,
767148914,-3.412194032,
767748874,-3.369418312,
768348834,-3.365372459,
768948794,-3.398469211,
769548754,-3.489747727,
770148714,-3.415145495,
770748674,-3.443478101,
771348634,-3.398804931,
771948594,-3.450649091,
772548554,-3.463473577,
773148514,-3.457462298,
773748474,-3.462469993,
774348434,-3.505013801,
774948394,-3.454941871,
775548354,-3.446485633,
776148314,-3.546476003,
776748274,-3.533045811,
777348234,-3.56260996,
777948194,-3.540372859,
778548154,-3.511505325,
779148114,-3.578216243,
779748074,-3.611136218,
780348034,-3.604764342,
780947994,-3.580221739,
781547954,-3.582906137,
782147914,-3.667147938,
782747874,-3.70868302,
783347834,-3.553801664,
783947794,-3.599344674,
784547754,-3.685271769,
785147714,-3.588711658,
785747674,-3.600572895,
786347634,-3.601792425,
786947594,-3.626629783,
787547554,-3.722143129,
788147514,-3.629533174,
788747474,-3.558270899,
789347434,-3.704639009,
789947394,-3.655136385,
790547354,-3.671618228,
791147314,-3.691886888,
791747274,-3.704976994,
792347234,-3.676216808,
792947194,-3.65834019,
793547154,-3.682772917,
794147114,-3.732793045,
794747074,-3.693022135,
795347034,-3.690274389,
795946994,-3.726166552,
796546954,-3.71938553,
797146914,-3.767445165,
797746874,-3.660832,
798346834,-3.822134703,
798946794,-3.789843886,
799546754,-3.740787381,
800146714,-3.818276063,
800746674,-3.756344863,
801346634,-3.852156661,
801946594,-3.788595803,
802546554,-3.848808101,
803146514,-3.909466394,
803746474,-3.84841392,
804346434,-3.829182449,
804946394,-3.770118319,
805546354,-3.862278055,
806146314,-3.863145134,
806746274,-3.763018296,
807346234,-3.828059979,
807946194,-3.91390629,
808546154,-3.936967354,
809146114,-3.868424043,
809746074,-3.958391956,
810346034,-3.887894143,
810945994,-3.924978379,
811545954,-4.050350307,
812145914,-3.886649721,
812745874,-3.896752986,
813345834,-3.922696634,
813945794,-3.94245802,
814545754,-3.984053154,
815145714,-3.941321271,
815745674,-3.886034302,
816345634,-4.081213018,
816945594,-3.922658617,
817545554,-3.897024175,
818145514,-4.17681015,
818745474,-4.101165157,
819345434,-4.129326887,
819945394,-4.067353158,
820545354,-4.057210199,
821145314,-4.0282205,
821745274,-4.044942733,
822345234,-4.120563743,
822945194,-4.064047081,
823545154,-4.15856438,
824145114,-4.241037805,
824745074,-4.116902461,
825345034,-4.244595353,
825944994,-4.094452256,
826544954,-4.206492048,
827144914,-4.190863667,
827744874,-4.248867945,
828344834,-4.074410154,
828944794,-4.234815812,
829544754,-4.310396202,
830144714,-4.316558612,
830744674,-4.253885371,
831344634,-4.334337726,
831944594,-4.346612079,
832544554,-4.373046197,
833144514,-4.352397404,
833744474,-4.373019913,
834344434,-4.341331709,
834944394,-4.281297372,
835544354,-4.393790077,
836144314,-4.348961266,
836744274,-4.371712003,
837344234,-4.426948919,
837944194,-4.411337678,
838544154,-4.385248202,
839144114,-4.561742561,
839744074,-4.391126257,
840344034,-4.357602109,
840943994,-4.439484596,
841543954,-4.476973994,
842143914,-4.473956677,
842743874,-4.473180806,
843343834,-4.476694292,
843943794,-4.464804723,
844543754,-4.546299757,
845143714,-4.448420343,
845743674,-4.43897581,
846343634,-4.501476335,
846943594,-4.456604102,
847543554,-4.447732792,
848143514,-4.423573145,
848743474,-4.561256365,
849343434,-4.419144372,
849943394,-4.487640202,
850543354,-4.574004077,
851143314,-4.489011936,
851743274,-4.597373606,
852343234,-4.567224676,
852943194,-4.702861148,
853543154,-4.57229303,
854143114,-4.650122078,
854743074,-4.642174584,
855343034,-4.478334377,
855942994,-4.53258773,
856542954,-4.592626391,
857142914,-4.597261501,
857742874,-4.500357514,
858342833,-4.585408567,
858942793,-4.602834824,
859542753,-4.585069253,
860142713,-4.648766371,
860742673,-4.633880549,
861342633,-4.634209715,
861942593,-4.700114347,
862542553,-4.606430226,
863142513,-4.655587198,
863742473,-4.638875177,
864342433,-4.616847871,
864942393,-4.571945871,
865542353,-4.654042543,
866142313,-4.660011204,
866742273,-4.612782763,
867342233,-4.567375403,
867942193,-4.675600792,
868542153,-4.652291802,
869142113,-4.725484213,
869742073,-4.590786414,
870342033,-4.591687458,
870941993,-4.68404571,
871541953,-4.664866869,
872141913,-4.670989485,
872741873,-4.63847839,
873341833,-4.721893076,
873941793,-4.634182377,
874541753,-4.593478839,
875141713,-4.614617157,
875741673,-4.67778354,
876341633,-4.71022828,
876941593,-4.587403099,
877541553,-4.729660611,
878141513,-4.738035771,
878741473,-4.653115555,
879341433,-4.615190206,
879941393,-4.670352112,
880541353,-4.613791049,
881141313,-4.660424776,
881741273,-4.678896902,
882341233,-4.683133149,
882941193,-4.556203415,
883541153,-4.695612333,
884141113,-4.74002847,
884741073,-4.683887177,
885341033,-4.687720438,
885940993,-4.674139268,
886540953,-4.691970541,
887140913,-4.686414118,
887740873,-4.717433189,
888340833,-4.631917478,
888940793,-4.662743221,
889540753,-4.548045593,
890140713,-4.632371062,
890740673,-4.635506743,
891340633,-4.588145846,
891940593,-4.611891523,
892540553,-4.615759037,
893140513,-4.665995434,
893740473,-4.691313348,
894340433,-4.59619572,
894940393,-4.597943063,
895540353,-4.574883983,
896140313,-4.607834335,
896740273,-4.609366337,
897340233,-4.611467935,
897940193,-4.546622741,
898540153,-4.585920474,
899140113,-4.656357364,
899740073,-4.587431795,
900340033,-4.524790817,
900939993,-4.626839458,
901539953,-4.560119544,
902139913,-4.610333863,
902739873,-4.458270629,
903339833,-4.587448864,
903939793,-4.572832382,
904539753,-4.540073322,
905139713,-4.499186815,
905739673,-4.485356276,
906339633,-4.465316182,
906939593,-4.405928557,
907539553,-4.546958845,
908139513,-4.37253984,
908739473,-4.510307811,
909339433,-4.444230385,
909939393,-4.435270969,
910539353,-4.349602192,
911139313,-4.420883954,
911739273,-4.405243594,
912339233,-4.511468397,
912939193,-4.30836841,
913539153,-4.424251617,
914139113,-4.418476123,
914739073,-4.320892139,
915339033,-4.321471338,
915938993,-4.270095892,
916538953,-4.428120273,
917138913,-4.41525695,
917738873,-4.321295328,
918338833,-4.32790394,
918938793,-4.233183853,
919538753,-4.330978741,
920138713,-4.283302635,
920738673,-4.344614982,
921338633,-4.354493075,
921938593,-4.263978189,
922538553,-4.265991398,
923138513,-4.248483886,
923738473,-4.326288834,
924338433,-4.24187542,
924938393,-4.135805166,
925538353,-4.232133062,
926138313,-4.292234517,
926738273,-4.27624448,
927338233,-4.212992101,
927938193,-4.219070085,
928538153,-4.233619287,
929138113,-4.158933181,
929738073,-4.145605269,
930338033,-4.156094278,
930937993,-4.185412457,
931537953,-4.153339139,
932137913,-4.061248177,
932737873,-4.138668474,
933337833,-4.09419381,
933937793,-4.098404955,
934537753,-4.128393011,
935137713,-4.013784376,
935737673,-4.061637103,
936337633,-4.047832168,
936937593,-4.068473809,
937537553,-4.073510727,
938137513,-4.048023884,
938737473,-4.011650373,
939337433,-4.123511294,
939937393,-4.016743212,
940537353,-3.997272197,
941137313,-4.069202791,
941737273,-4.027721335,
942337233,-4.015291914,
942937193,-4.033620729,
943537153,-3.904080442,
944137113,-4.005335343,
944737073,-4.024134061,
945337033,-3.909600389,
945936993,-3.982324214,
946536953,-4.0317593,
947136913,-3.919717983,
947736873,-3.94275099,
948336833,-4.02137171,
948936793,-3.933487165,
949536753,-3.889198165,
950136713,-3.934220994,
950736673,-3.916678862,
951336633,-3.905075159,
951936593,-3.905720491,
952536553,-3.930817519,
953136513,-3.871185571,
953736473,-3.897740312,
954336433,-3.774648903,
954936393,-3.865430686,
955536353,-3.851459138,
956136313,-3.900665224,
956736273,-3.749934022,
957336233,-3.83234548,
957936193,-3.805839229,
958536153,-3.846905385,
959136113,-3.8173617,
959736073,-3.816222754,
960336033,-3.695849111,
960935993,-3.771624138,
961535953,-3.766355223,
962135913,-3.72433876,
962735873,-3.704397249,
963335833,-3.743635217,
963935793,-3.725656015,
964535753,-3.640239844,
965135713,-3.772205287,
965735673,-3.706350578,
966335633,-3.722830395,
966935593,-3.715054937,
967535553,-3.646285956,
968135513,-3.668299381,
968735473,-3.659150358,
969335433,-3.70273015,
969935393,-3.69249122,
970535353,-3.703044644,
971135313,-3.655716863,
971735273,-3.650527037,
972335233,-3.6634747,
972935193,-3.684448044,
973535153,-3.578587828,
974135113,-3.649630932,
974735073,-3.669868664,
975335033,-3.693261159,
975934993,-3.627591131,
976534953,-3.618129973,
977134913,-3.606852965,
977734873,-3.625450608,
978334833,-3.621535769,
978934793,-3.710441531,
979534753,-3.608061838,
980134713,-3.593642665,
980734673,-3.643956117,
981334633,-3.638000596,
981934593,-3.575141976,
982534553,-3.565531076,
983134513,-3.644379391,
983734473,-3.555435663,
984334433,-3.617022363,
984934393,-3.626852238,
985534353,-3.660234429,
986134313,-3.605169999,
986734273,-3.566030137,
987334233,-3.590990193,
987934193,-3.619319767,
988534153,-3.626872232,
989134113,-3.566013319,
989734073,-3.577817939,
990334033,-3.456205939,
990933993,-3.561274312,
991533953,-3.595681557,
992133913,-3.655877674,
992733873,-3.581346105,
993333833,-3.529754421,
993933793,-3.54504171,
994533753,-3.560832174,
995133713,-3.600480821,
995733673,-3.528974209,
996333633,-3.629625559,
996933593,-3.551515321,
997533553,-3.52738124,
998133513,-3.531406912,
998733473,-3.549363804,
999333433,-3.552720794,
999933393,-3.581170631,
1000533353,-3.446750392,
1001133312,-3.536269535,
1001733272,-3.55254896,
1002333232,-3.655245416,
1002933192,-3.551100774,
1003533152,-3.490796729,
1004133112,-3.596739402,
1004733072,-3.559342012,
1005333032,-3.518364778,
1005932992,-3.553012046,
1006532952,-3.506212289,
1007132912,-3.545864088,
1007732872,-3.596211384,
1008332832,-3.506174424,
1008932792,-3.508030284,
1009532752,-3.550620149,
1010132712,-3.60384038,
1010732672,-3.585069567,
1011332632,-3.580196244,
1011932592,-3.480415497,
1012532552,-3.466381515,
1013132512,-3.639605142,
1013732472,-3.514471887,
1014332432,-3.603997791,
1014932392,-3.532766868,
1015532352,-3.502897435,
1016132312,-3.626998699,
1016732272,-3.552138962,
1017332232,-3.465041094,
1017932192,-3.567000034,
1018532152,-3.555880442,
1019132112,-3.537139954,
1019732072,-3.543248613,
1020332032,-3.548167021,
1020931992,-3.531048498,
1021531952,-3.562209654,
1022131912,-3.504257721,
1022731872,-3.574452684,
1023331832,-3.576782291,
1023931792,-3.506766905,
1024531752,-3.557091842,
1025131712,-3.517356999,
1025731672,-3.623146026,
1026331632,-3.546572822,
1026931592,-3.58850733,
1027531552,-3.487332498,
1028131512,-3.53548196,
1028731472,-3.506471324,
1029331432,-3.600624674,
1029931392,-3.504693866,
1030531352,-3.638284169,
1031131312,-3.575492295,
1031731272,-3.590131058,
1032331232,-3.633724155,
1032931192,-3.596310913,
1033531152,-3.574946563,
1034131112,-3.624466258,
1034731072,-3.688142689,
1035331032,-3.500146293,
1035930992,-3.603091094,
1036530952,-3.666347058,
1037130912,-3.664207726,
1037730872,-3.608795959,
1038330832,-3.606882854,
1038930792,-3.567377768,
1039530752,-3.641943092,
1040130712,-3.636049129,
1040730672,-3.575515088,
1041330632,-3.553422905,
1041930592,-3.66014322,
1042530552,-3.617274086,
1043130512,-3.587507689,
1043730472,-3.626300376,
1044330432,-3.584977118,
1044930392,-3.704974854,
1045530352,-3.544225094,
1046130312,-3.608840996,
1046730272,-3.615150732,
1047330232,-3.543757301,
1047930192,-3.659509008,
1048530152,-3.668805275,
1049130112,-3.641430013,
1049730072,-3.624197627,
1050330032,-3.62327268,
1050929992,-3.689022478,
1051529952,-3.664161374,
1052129912,-3.712073637,
1052729872,-3.617850132,
1053329832,-3.671015182,
1053929792,-3.607160794,
1054529752,-3.656171168,
1055129712,-3.646558639,
1055729672,-3.671022933,
1056329632,-3.655633363,
1056929592,-3.640874828,
1057529552,-3.70117227,
1058129512,-3.684473651,
1058729472,-3.681486155,
1059329432,-3.727148812,
1059929392,-3.707269974,
1060529352,-3.75191079,
1061129312,-3.73911091,
1061729272,-3.741563528,
1062329232,-3.762907405,
1062929192,-3.797729199,
1063529152,-3.675938708,
1064129112,-3.7810612,
1064729072,-3.769028583,
1065329032,-3.732728377,
1065928992,-3.80897738,
1066528952,-3.825045607,
1067128912,-3.833258203,
1067728872,-3.803427019,
1068328832,-3.780914654,
1068928792,-3.761902242,
1069528752,-3.829207215,
1070128712,-3.922707638,
1070728672,-3.86389138,
1071328632,-3.807516529,
1071928592,-3.848413376,
1072528552,-3.851976989,
1073128512,-3.847148478,
1073728472,-3.848011583,
1074328432,-3.772457589,
1074928392,-3.838804116,
1075528352,-3.836046852,
1076128312,-3.938093284,
1076728272,-3.780640504,
1077328232,-3.939056836,
1077928192,-3.83817547,
1078528152,-3.857857843,
1079128112,-3.967991828,
1079728072,-3.953162458,
1080328032,-3.927278472,
1080927992,-3.928541094,
1081527952,-3.987017553,
1082127912,-4.005118975,
1082727872,-3.976699079,
1083327832,-4.012621649,
1083927792,-3.996757343,
1084527752,-4.011093663,
1085127712,-3.996517495,
1085727672,-3.951124548,
1086327632,-4.019780594,
1086927592,-4.083345589,
1087527552,-3.93698849,
1088127512,-4.097062925,
1088727472,-4.021445947,
1089327432,-4.029477219,
1089927392,-4.090685626,
1090527352,-4.087689681,
1091127312,-4.105529185,
1091727272,-4.028207779,
1092327232,-4.129746657,
1092927192,-4.100357088,
1093527152,-4.119021328,
1094127112,-4.103632838,
1094727072,-4.175369989,
1095327032,-4.118536924,
1095926992,-4.205094361,
1096526952,-4.148033516,
1097126912,-4.050167293,
1097726872,-4.24549139,
1098326832,-4.190168131,
1098926792,-4.28232746,
1099526752,-4.17499654,
1100126712,-4.153205864,
1100726672,-4.282768423,
1101326632,-4.24290307,
1101926592,-4.171578765,
1102526552,-4.16951166,
1103126512,-4.250360268,
1103726472,-4.29016268,
1104326432,-4.346004459,
1104926392,-4.247628768,
1105526352,-4.313563092,
1106126312,-4.30250108,
1106726272,-4.348345018,
1107326232,-4.356034464,
1107926192,-4.405330157,
1108526152,-4.349318719,
1109126112,-4.327555045,
1109726072,-4.383468086,
1110326032,-4.280624766,
1110925992,-4.30798918,
1111525952,-4.354487751,
1112125912,-4.289696485,
1112725872,-4.390834304,
1113325832,-4.406976795,
1113925792,-4.415242044,
1114525752,-4.380207186,
1115125712,-4.320043169,
1115725672,-4.51431763,
1116325632,-4.473406528,
1116925592,-4.351239319,
1117525552,-4.394079031,
1118125512,-4.493910788,
1118725472,-4.410415753,
1119325432,-4.422273338,
1119925392,-4.429200806,
1120525352,-4.479281154,
1121125312,-4.496601427,
1121725272,-4.608096473,
1122325232,-4.441467582,
1122925192,-4.541180344,
1123525152,-4.409707631,
1124125112,-4.536939904,
1124725072,-4.525008832,
1125325032,-4.519335051,
1125924992,-4.546122338,
1126524952,-4.629247565,
1127124912,-4.531990103,
1127724872,-4.522528431,
1128324832,-4.49310404,
1128924792,-4.60911615,
1129524752,-4.634304538,
1130124712,-4.56130571,
1130724672,-4.574855619,
1131324632,-4.490000949,
1131924592,-4.61546934,
1132524552,-4.516951532,
1133124512,-4.622596066,
1133724472,-4.64248858,
1134324432,-4.569724588,
1134924392,-4.71165636,
1135524352,-4.600287051,
1136124312,-4.655314043,
1136724272,-4.582330706,
1137324232,-4.647624662,
1137924192,-4.611474399,
1138524152,-4.735099777,
1139124112,-4.644448132,
1139724072,-4.563168043,
1140324032,-4.616725399,
1140923992,-4.70344423,
1141523952,-4.623759054,
1142123912,-4.619906797,
1142723872,-4.661681592,
1143323832,-4.648726236,
1143923791,-4.657170752,
1144523751,-4.80652774,
1145123711,-4.72110093,
1145723671,-4.646708117,
1146323631,-4.700427745,
1146923591,-4.760344034,
1147523551,-4.64309785,
1148123511,-4.713940879,
1148723471,-4.738333397,
1149323431,-4.710940367,
1149923391,-4.764772363,
1150523351,-4.750604309,
1151123311,-4.640536,
1151723271,-4.661765181,
1152323231,-4.739877883,
1152923191,-4.726768549,
1153523151,-4.73512086,
1154123111,-4.731587487,
1154723071,-4.744828816,
1155323031,-4.663245519,
1155922991,-4.591548884,
1156522951,-4.686833019,
1157122911,-4.714114912,
1157722871,-4.783681364,
1158322831,-4.708404279,
1158922791,-4.700088542,
1159522751,-4.712916867,
1160122711,-4.618582879,
1160722671,-4.621590581,
1161322631,-4.806605679,
1161922591,-4.718107507,
1162522551,-4.743238407,
1163122511,-4.673625408,
1163722471,-4.565574624,
1164322431,-4.690556719,
1164922391,-4.736109834,
1165522351,-4.694030265,
1166122311,-4.753885498,
1166722271,-4.665650793,
1167322231,-4.688260284,
1167922191,-4.674244944,
1168522151,-4.622399213,
1169122111,-4.567298722,
1169722071,-4.762501933,
1170322031,-4.611093588,
1170921991,-4.632659138,
1171521951,-4.592641092,
1172121911,-4.713452339,
1172721871,-4.627387054,
1173321831,-4.551558256,
1173921791,-4.579028839,
1174521751,-4.540129984,
1175121711,-4.52960695,
1175721671,-4.650248848,
1176321631,-4.499188386,
1176921591,-4.541031987,
1177521551,-4.488390693,
1178121511,-4.56758174,
1178721471,-4.560095982,
1179321431,-4.606379927,
1179921391,-4.495489612,
1180521351,-4.485446081,
1181121311,-4.547761834,
1181721271,-4.49264416,
1182321231,-4.703445349,
1182921191,-4.467713849,
1183521151,-4.505673529,
1184121111,-4.469267326,
1184721071,-4.587501001,
1185321031,-4.525690197,
1185920991,-4.501387239,
1186520951,-4.520491012,
1187120911,-4.447457946,
1187720871,-4.481847977,
1188320831,-4.494034479,
1188920791,-4.341228077,
1189520751,-4.611170336,
1190120711,-4.431084443,
1190720671,-4.374278364,
1191320631,-4.372369136,
1191920591,-4.380906499,
1192520551,-4.469869873,
1193120511,-4.365306273,
1193720471,-4.444077109,
1194320431,-4.386856237,
1194920391,-4.458312426,
1195520351,-4.45353764,
1196120311,-4.344617954,
1196720271,-4.323869293,
1197320231,-4.328551385,
1197920191,-4.363220785,
1198520151,-4.31469823,
1199120111,-4.360047436,
1199720071,-4.341983101,
1200320031,-4.460171838,
1200919991,-4.359120111,
1201519951,-4.341223103,
1202119911,-4.389523409,
1202719871,-4.371275558,
1203319831,-4.417433413,
1203919791,-4.361799037,
1204519751,-4.345123489,
1205119711,-4.389669007,
1205719671,-4.234209712,
1206319631,-4.323560987,
1206919591,-4.225005694,
1207519551,-4.285609806,
1208119511,-4.273772611,
1208719471,-4.297619892,
1209319431,-4.300425547,
1209919391,-4.330876924,
1210519351,-4.343512197,
1211119311,-4.327410456,
1211719271,-4.33561034,
1212319231,-4.344392347,
1212919191,-4.305742213,
1213519151,-4.325823124,
1214119111,-4.303989112,
1214719071,-4.324282966,
1215319031,-4.350713806,
1215918991,-4.315947467,
1216518951,-4.270278097,
1217118911,-4.225917591,
1217718871,-4.284927283,
1218318831,-4.285246555,
1218918791,-4.211467599,
1219518751,-4.325426506,
1220118711,-4.209047476,
1220718671,-4.234074379,
1221318631,-4.242894919,
1221918591,-4.261215035,
1222518551,-4.288802193,
1223118511,-4.2743432,
1223718471,-4.327466762,
1224318431,-4.269032115,
1224918391,-4.157959341,
1225518351,-4.243756651,
1226118311,-4.314814439,
1226718271,-4.289767359,
1227318231,-4.232652729,
1227918191,-4.292923033,
1228518151,-4.31435341,
1229118111,-4.261990443,
1229718071,-4.243276175,
1230318031,-4.317188096,
1230917991,-4.30327354,
1231517951,-4.276426937,
1232117911,-4.32469776,
1232717871,-4.291566996,
1233317831,-4.177003044,
1233917791,-4.210650409,
1234517751,-4.316900383,
1235117711,-4.294683133,
1235717671,-4.274559164,
1236317631,-4.249135761,
1236917591,-4.230928039,
1237517551,-4.337071247,
1238117511,-4.26070173,
1238717471,-4.360666597,
1239317431,-4.331160311,
1239917391,-4.308688347,
1240517351,-4.276377346,
1241117311,-4.255476622,
1241717271,-4.291917119,
1242317231,-4.241023182,
1242917191,-4.259240916,
1243517151,-4.287202657,
1244117111,-4.29533901,
1244717071,-4.223373478,
1245317031,-4.418621491,
1245916991,-4.319750477,
1246516951,-4.369267072,
1247116911,-4.241673454,
1247716871,-4.253496104,
1248316831,-4.30720933,
1248916791,-4.324153043,
1249516751,-4.303428736,
1250116711,-4.233513402,
1250716671,-4.33298956,
1251316631,-4.206379442,
1251916591,-4.287173933,
1252516551,-4.209576596,
1253116511,-4.223327354,
1253716471,-4.322343555,
1254316431,-4.437829233,
1254916391,-4.230783391,
1255516351,-4.274605627,
1256116311,-4.346203704,
1256716271,-4.247110466,
1257316231,-4.359134242,
1257916191,-4.363356878,
1258516151,-4.211517048,
1259116111,-4.337800068,
1259716071,-4.313226531,
1260316031,-4.284557057,
1260915991,-4.335657632,
1261515951,-4.337190436,
1262115911,-4.373975013,
1262715871,-4.400589076,
1263315831,-4.321247609,
1263915791,-4.435794247,
1264515751,-4.216337958,
1265115711,-4.375036561,
1265715671,-4.391980529,
1266315631,-4.391377954,
1266915591,-4.330725758,
1267515551,-4.348411576,
1268115511,-4.340565302,
1268715471,-4.34287458,
1269315431,-4.35986976,
1269915391,-4.330310624,
1270515351,-4.35318483,
1271115311,-4.452927536,
1271715271,-4.370193396,
1272315231,-4.334941493,
1272915191,-4.435750568,
1273515151,-4.461370009,
1274115111,-4.359297264,
1274715071,-4.37741783,
1275315031,-4.504236535,
1275914991,-4.38129822,
1276514951,-4.414826761,
1277114911,-4.376399748,
1277714871,-4.46982652,
1278314831,-4.37998048,
1278914791,-4.400541795,
1279514751,-4.405040115,
1280114711,-4.442143213,
1280714671,-4.368304105,
1281314631,-4.341801663,
1281914591,-4.362236933,
1282514551,-4.444099648,
1283114511,-4.346308195,
1283714471,-4.340134833,
1284314431,-4.376208963,
1284914391,-4.456102484,
1285514351,-4.440319382,
1286114311,-4.406400856,
1286714270,-4.422197217,
1287314230,-4.42043172,
1287914190,-4.357648967,
1288514150,-4.478016762,
1289114110,-4.352413493,
1289714070,-4.351255808,
1290314030,-4.294608863,
1290913990,-4.515792908,
1291513950,-4.468375255,
1292113910,-4.448216226,
1292713870,-4.449552422,
1293313830,-4.453417652,
1293913790,-4.440636345,
1294513750,-4.446462267,
1295113710,-4.348917096,
1295713670,-4.487693008,
1296313630,-4.484877151,
1296913590,-4.4330006,
1297513550,-4.377228629,
1298113510,-4.479168102,
1298713470,-4.458567367,
1299313430,-4.443194069,
1299913390,-4.455562559,
1300513350,-4.440703351,
1301113310,-4.382719167,
1301713270,-4.394558297,
1302313230,-4.469106798,
1302913190,-4.455929786,
1303513150,-4.530029364,
1304113110,-4.460365057,
1304713070,-4.475560776,
1305313030,-4.498891351,
1305912990,-4.428212511,
1306512950,-4.456567903,
1307112910,-4.54640345,
1307712870,-4.400097954,
1308312830,-4.374679963,
1308912790,-4.421979748,
1309512750,-4.510024642,
1310112710,-4.388275091,
1310712670,-4.537315768,
1311312630,-4.469517707,
1311912590,-4.411398483,
1312512550,-4.498433561,
1313112510,-4.483925299,
1313712470,-4.473072453,
1314312430,-4.442213051,
1314912390,-4.483110175,
1315512350,-4.420284452,
1316112310,-4.555688668,
1316712270,-4.461568512,
1317312230,-4.414042452,
1317912190,-4.503735554,
1318512150,-4.569368784,
1319112110,-4.522945323,
1319712070,-4.460545944,
1320312030,-4.39901587,
1320911990,-4.497070187,
1321511950,-4.527626032,
1322111910,-4.415175983,
1322711870,-4.480680976,
1323311830,-4.420397998,
1323911790,-4.454099549,
1324511750,-4.437616244,
1325111710,-4.545797477,
1325711670,-4.499363842,
1326311630,-4.377887164,
1326911590,-4.44426874,
1327511550,-4.444153221,
1328111510,-4.535860981,
1328711470,-4.49474476,
1329311430,-4.412132776,
1329911390,-4.419009343,
1330511350,-4.499143252,
1331111310,-4.446631176,
1331711270,-4.40916098,
1332311230,-4.457891796,
1332911190,-4.5494301,
1333511150,-4.390555621,
1334111110,-4.536694632,
1334711070,-4.467769097,
1335311030,-4.463910801,
1335910990,-4.49898986,
1336510950,-4.525072933,
1337110910,-4.507704975,
1337710870,-4.518336579,
1338310830,-4.496847848,
1338910790,-4.474668852,
1339510750,-4.445645869,
1340110710,-4.491610783,
1340710670,-4.403575264,
1341310630,-4.506971943,
1341910590,-4.512954321,
1342510550,-4.490461138,
1343110510,-4.498819531,
1343710470,-4.48214847,
1344310430,-4.479906038,
1344910390,-4.513786088,
1345510350,-4.485479126,
1346110310,-4.527182404,
1346710270,-4.561694964,
1347310230,-4.479570454,
1347910190,-4.542215594,
1348510150,-4.508406213,
1349110110,-4.445542986,
1349710070,-4.55302871,
1350310030,-4.492738329,
1350909990,-4.547400457,
1351509950,-4.547592612,
1352109910,-4.531570892,
1352709870,-4.582194668,
1353309830,-4.491711965,
1353909790,-4.493433161,
1354509750,-4.535553386,
1355109710,-4.599426546,
1355709670,-4.483953561,
1356309630,-4.597677302,
1356909590,-4.576491124,
1357509550,-4.497969514,
1358109510,-4.581679672,
1358709470,-4.597244366,
1359309430,-4.518269307,
1359909390,-4.518140278,
1360509350,-4.501261735,
1361109310,-4.637333317,
1361709270,-4.569790794,
1362309230,-4.643908654,
1362909190,-4.638214017,
1363509150,-4.524766541,
1364109110,-4.522653845,
1364709070,-4.547428248,
1365309030,-4.577489538,
1365908990,-4.514400062,
1366508950,-4.514044779,
1367108910,-4.566689918,
1367708870,-4.604273931,
1368308830,-4.488712824,
1368908790,-4.548825418,
1369508750,-4.658263901,
1370108710,-4.608023403,
1370708670,-4.630695293,
1371308630,-4.576555566,
1371908590,-4.5929864,
1372508550,-4.636639543,
1373108510,-4.573940213,
1373708470,-4.595128139,
1374308430,-4.621968494,
1374908390,-4.618216997,
1375508350,-4.616318617,
1376108310,-4.662887705,
1376708270,-4.672870014,
1377308230,-4.675878714,
1377908190,-4.606990981,
1378508150,-4.595236493,
1379108110,-4.660117101,
1379708070,-4.632846281,
1380308030,-4.644801426,
1380907990,-4.646183048,
1381507950,-4.646521913,
1382107910,-4.668664801,
1382707870,-4.589409747,
1383307830,-4.690523358,
1383907790,-4.605093947,
1384507750,-4.645136259,
1385107710,-4.674361956,
1385707670,-4.671796062,
1386307630,-4.653517521,
1386907590,-4.689204789,
1387507550,-4.719201721,
1388107510,-4.807879168,
1388707470,-4.738863498,
1389307430,-4.700157436,
1389907390,-4.661969858,
1390507350,-4.698930972,
1391107310,-4.769184004,
1391707270,-4.749791313,
1392307230,-4.727641614,
1392907190,-4.762265456,
1393507150,-4.765253741,
1394107110,-4.726581129,
1394707070,-4.720035474,
1395307030,-4.739095692,
1395906990,-4.718543152,
1396506950,-4.76457337,
1397106910,-4.76356476,
1397706870,-4.829536677,
1398306830,-4.752451663,
1398906790,-4.723049058,
1399506750,-4.702163476,
1400106710,-4.723693718,
1400706670,-4.768508244,
1401306630,-4.785882916,
1401906590,-4.725322684,
1402506550,-4.828303277,
1403106510,-4.793949942,
1403706470,-4.811474707,
1404306430,-4.851422227,
1404906390,-4.785375677,
1405506350,-4.645056155,
1406106310,-4.801245285,
1406706270,-4.758833188,
1407306230,-4.851477609,
1407906190,-4.799134738,
1408506150,-4.798790261,
1409106110,-4.735169117,
1409706070,-4.936017946,
1410306030,-4.821009024,
1410905990,-4.754050783,
1411505950,-4.781594701,
1412105910,-4.856821592,
1412705870,-4.789412641,
1413305830,-4.84702908,
1413905790,-4.79448368,
1414505750,-4.865281616,
1415105710,-4.855357705,
1415705670,-4.791236519,
1416305630,-4.828533069,
1416905590,-4.866171957,
1417505550,-4.824053714,
1418105510,-4.868087477,
1418705470,-4.853982621,
1419305430,-4.878161,
1419905390,-4.857034631,
1420505350,-4.770370845,
1421105310,-4.890865455,
1421705270,-4.842174413,
1422305230,-4.822987446,
1422905190,-4.913542784,
1423505150,-4.818216883,
1424105110,-4.889664075,
1424705070,-4.877369834,
1425305030,-4.943986748,
1425904990,-4.868711497,
1426504950,-4.896208043,
1427104910,-4.889990017,
1427704870,-4.866065074,
1428304830,-4.918637171,
1428904790,-4.894205329,
1429504749,-4.923011034,
1430104709,-4.883960723,
1430704669,-4.936660679,
1431304629,-4.942667151,
1431904589,-4.898907759,
1432504549,-4.915432208,
1433104509,-4.923072934,
1433704469,-4.901902778,
1434304429,-4.825830157,
1434904389,-4.965191425,
1435504349,-4.852377896,
1436104309,-4.880138106,
1436704269,-4.844599504,
1437304229,-4.916557501,
1437904189,-4.88619314,
1438504149,-4.897563334,
1439104109,-4.884665093,
1439704069,-4.800561147,
1440304029,-4.914279925,
1440903989,-4.922524348,
1441503949,-4.955581631,
1442103909,-4.939216704,
1442703869,-4.91597532,
1443303829,-4.947358142,
1443903789,-4.879726786,
1444503749,-4.955332908,
1445103709,-4.889670244,
1445703669,-4.978764311,
1446303629,-5.001517194,
1446903589,-5.050271988,
1447503549,-4.917261669,
1448103509,-4.954969773,
1448703469,-4.910679657,
1449303429,-4.925915333,
1449903389,-4.932515053,
1450503349,-4.936948703,
1451103309,-4.956880296,
1451703269,-4.920621885,
1452303229,-4.964399564,
1452903189,-4.949214128,
1453503149,-4.943810508,
1454103109,-4.941382292,
1454703069,-4.983302942,
1455303029,-4.924745579,
1455902989,-5.007720731,
1456502949,-4.977020193,
1457102909,-4.939840772,
1457702869,-4.994656331,
1458302829,-4.972776623,
1458902789,-4.996402238,
1459502749,-5.001284162,
1460102709,-5.060305708,
1460702669,-4.913501037,
1461302629,-4.967044666,
1461902589,-4.984367132,
1462502549,-5.10864692,
1463102509,-5.014297689,
1463702469,-4.885601906,
1464302429,-4.991202967,
1464902389,-4.917723514,
1465502349,-5.04051024,
1466102309,-4.958053943,
1466702269,-4.932763676,
1467302229,-4.944093454,
1467902189,-4.926824982,
1468502149,-5.003811975,
1469102109,-5.045038261,
1469702069,-4.9026856,
1470302029,-4.996428673,
1470901989,-4.964352103,
1471501949,-5.0168106,
1472101909,-4.882229301,
1472701869,-4.952710899,
1473301829,-4.987022347,
1473901789,-5.079769399,
1474501749,-4.993773266,
1475101709,-5.008948574,
1475701669,-4.950412319,
1476301629,-5.017739407,
1476901589,-4.984448513,
1477501549,-5.029213267,
1478101509,-5.013152356,
1478701469,-5.070408649,
1479301429,-5.000266226,
1479901389,-5.002261586,
1480501349,-5.024669456,
1481101309,-5.022302557,
1481701269,-5.027440247,
1482301229,-4.899158667,
1482901189,-5.072782201,
1483501149,-5.019784953,
1484101109,-5.002305381,
1484701069,-5.034546312,
1485301029,-5.032568536,
1485900989,-5.034350641,
1486500949,-5.062521661,
1487100909,-5.127677471,
1487700869,-5.05106778,
1488300829,-5.007155278,
1488900789,-4.990469492,
1489500749,-5.111369555,
1490100709,-5.050623906,
1490700669,-5.131276159,
1491300629,-5.134179902,
1491900589,-5.06780422,
1492500549,-5.088935068,
1493100509,-5.059710809,
1493700469,-5.224074032,
1494300429,-5.188127895,
1494900389,-5.082169684,
1495500349,-5.108459509,
1496100309,-5.047299892,
1496700269,-5.027837408,
1497300229,-5.173973764,
1497900189,-5.241523918,
1498500149,-5.186601314,
1499100109,-5.191293015,
1499700069,-5.060386609,
1500300029,-5.099742674,
1500899989,-5.170199704,
1501499949,-5.240025121,
1502099909,-5.136896263,
1502699869,-5.219681981,
1503299829,-5.212116826,
1503899789,-5.279838795,
1504499749,-5.338380695,
1505099709,-5.189823829,
1505699669,-5.199803572,
1506299629,-5.21566054,
1506899589,-5.309079923,
1507499549,-5.229971005,
1508099509,-5.283407371,
1508699469,-5.205360782,
1509299429,-5.392072051,
1509899389,-5.361782233,
1510499349,-5.344839993,
1511099309,-5.393690003,
1511699269,-5.295049055,
1512299229,-5.418124589,
1512899189,-5.417437118,
1513499149,-5.418597411,
1514099109,-5.534531755,
1514699069,-5.317637225,
1515299029,-5.456458867,
1515898989,-5.552408847,
1516498949,-5.516377585,
1517098909,-5.467747731,
1517698869,-5.540133979,
1518298829,-5.553155154,
1518898789,-5.526044633,
1519498749,-5.492126716,
1520098709,-5.475540822,
1520698669,-5.514975543,
1521298629,-5.599365277,
1521898589,-5.487720339,
1522498549,-5.53152439,
1523098509,-5.664466019,
1523698469,-5.709497491,
1524298429,-5.654839867,
1524898389,-5.610104942,
1525498349,-5.621461497,
1526098309,-5.754619826,
1526698269,-5.659884493,
1527298229,-5.64229302,
1527898189,-5.598469872,
1528498149,-5.699727321,
1529098109,-5.627076517,
1529698069,-5.688056447,
1530298029,-5.716892246,
1530897989,-5.690756867,
1531497949,-5.740690072,
1532097909,-5.669715325,
1532697869,-5.714806224,
1533297829,-5.667291993,
1533897789,-5.826154151,
1534497749,-5.698233416,
1535097709,-5.731053738,
1535697669,-5.78242365,
1536297629,-5.776487365,
1536897589,-5.901009287,
1537497549,-5.766669836,
1538097509,-5.789161106,
1538697469,-5.799969227,
1539297429,-5.839833657,
1539897389,-5.801600103,
1540497349,-5.859479138,
1541097309,-5.779903122,
1541697269,-5.931501324,
1542297229,-5.886988895,
1542897189,-5.836923042,
1543497149,-5.90953265,
1544097109,-5.851497097,
1544697069,-5.904276551,
1545297029,-5.864392065,
1545896989,-5.892426304,
1546496949,-5.843607054,
1547096909,-5.873360997,
1547696869,-5.954259421,
1548296829,-5.964896979,
1548896789,-5.880449894,
1549496749,-5.970274285,
1550096709,-5.984235749,
1550696669,-5.959617143,
1551296629,-6.026840721,
1551896589,-6.000057164,
1552496549,-6.011445101,
1553096509,-6.030445369,
1553696469,-5.964942887,
1554296429,-5.975466105,
1554896389,-6.002362103,
1555496349,-6.035295396,
1556096309,-6.073235908,
1556696269,-6.11955473,
1557296229,-6.04138341,
1557896189,-6.14073635,
1558496149,-6.096904351,
1559096109,-6.058717211,
1559696069,-6.059941949,
1560296029,-6.130281682,
1560895989,-6.108190415,
1561495949,-6.139240081,
1562095909,-6.082049685,
1562695869,-6.160733968,
1563295829,-6.072728863,
1563895789,-6.119241382,
1564495749,-6.022837636,
1565095709,-6.1053068,
1565695669,-6.119506724,
1566295629,-6.069533399,
1566895589,-6.171009328,
1567495549,-6.223949685,
1568095509,-6.064876427,
1568695469,-6.210044362,
1569295429,-6.085515097,
1569895389,-6.084310653,
1570495349,-6.166283575,
1571095309,-6.211245969,
1571695269,-6.162727151,
1572295228,-6.169664213,
1572895188,-6.223822223,
1573495148,-6.18178797,
1574095108,-6.202643206,
1574695068,-6.143202111,
1575295028,-6.295026165,
1575894988,-6.23513056,
1576494948,-6.204374195,
1577094908,-6.168985003,
1577694868,-6.214187951,
1578294828,-6.208603652,
1578894788,-6.217713773,
1579494748,-6.228760832,
1580094708,-6.210067545,
1580694668,-6.209878463,
1581294628,-6.210177421,
1581894588,-6.237199891,
1582494548,-6.217411622,
1583094508,-6.261868001,
1583694468,-6.344789273,
1584294428,-6.297548539,
1584894388,-6.186444879,
1585494348,-6.265411508,
1586094308,-6.224396836,
1586694268,-6.17857351,
1587294228,-6.366430902,
1587894188,-6.362330188,
1588494148,-6.305125457,
1589094108,-6.287870385,
1589694068,-6.248848099,
1590294028,-6.257265654,
1590893988,-6.354458672,
1591493948,-6.283270821,
1592093908,-6.244930548,
1592693868,-6.24582857,
1593293828,-6.241922407,
1593893788,-6.267115671,
1594493748,-6.228347481,
1595093708,-6.19652368,
1595693668,-6.248336168,
1596293628,-6.198452878,
1596893588,-6.353526064,
1597493548,-6.243560964,
1598093508,-6.337505162,
1598693468,-6.20131553,
1599293428,-6.264631608,
1599893388,-6.323971192,
1600493348,-6.253742439,
1601093308,-6.272808608,
1601693268,-6.390034821,
1602293228,-6.3047251,
1602893188,-6.21034541,
1603493148,-6.180751291,
1604093108,-6.338799738,
1604693068,-6.292243713,
1605293028,-6.210679741,
1605892988,-6.347971298,
1606492948,-6.359602709,
1607092908,-6.227693197,
1607692868,-6.301053973,
1608292828,-6.221598098,
1608892788,-6.292962218,
1609492748,-6.279969265,
1610092708,-6.22339305,
1610692668,-6.276343754,
1611292628,-6.235915407,
1611892588,-6.320678812,
1612492548,-6.25851344,
1613092508,-6.203742189,
1613692468,-6.255264826,
1614292428,-6.236428829,
1614892388,-6.309541539,
1615492348,-6.269757045,
1616092308,-6.290714784,
1616692268,-6.249727039,
1617292228,-6.294722837,
1617892188,-6.20437343,
1618492148,-6.263550487,
1619092108,-6.224403217,
1619692068,-6.297986388,
1620292028,-6.337408101,
1620891988,-6.344589251,
1621491948,-6.306929544,
1622091908,-6.329000984,
1622691868,-6.327883533,
1623291828,-6.384481514,
1623891788,-6.215638935,
1624491748,-6.302546338,
1625091708,-6.19958548,
1625691668,-6.385635525,
1626291628,-6.220268792,
1626891588,-6.343134295,
1627491548,-6.415439299,
1628091508,-6.307590893,
1628691468,-6.360257423,
1629291428,-6.288032134,
1629891388,-6.351267142,
1630491348,-6.237100884,
1631091308,-6.343094879,
1631691268,-6.429385589,
1632291228,-6.312641264,
1632891188,-6.461766692,
1633491148,-6.326235741,
1634091108,-6.359497934,
1634691068,-6.360781872,
1635291028,-6.413240881,
1635890988,-6.428900839,
1636490948,-6.285837277,
1637090908,-6.401223574,
1637690868,-6.405157446,
1638290828,-6.394544491,
1638890788,-6.439746221,
1639490748,-6.483130088,
1640090708,-6.441071398,
1640690668,-6.388179049,
1641290628,-6.390682853,
1641890588,-6.466783363,
1642490548,-6.394334277,
1643090508,-6.507184849,
1643690468,-6.464765148,
1644290428,-6.425515787,
1644890388,-6.546402209,
1645490348,-6.361011617,
1646090308,-6.601119073,
1646690268,-6.455201061,
1647290228,-6.444674468,
1647890188,-6.426088163,
1648490148,-6.523621734,
1649090108,-6.474121872,
1649690068,-6.498505184,
1650290028,-6.647332713,
1650889988,-6.491601931,
1651489948,-6.568392096,
1652089908,-6.63170612,
1652689868,-6.555342967,
1653289828,-6.707918437,
1653889788,-6.773792807,
1654489748,-6.707085754,
1655089708,-6.665421166,
1655689668,-6.614907472,
1656289628,-6.5981631,
1656889588,-6.651071722,
1657489548,-6.658369418,
1658089508,-6.795544966,
1658689468,-6.738490087,
1659289428,-6.834940735,
1659889388,-6.805231364,
1660489348,-6.794082173,
1661089308,-6.755212306,
1661689268,-6.819799217,
1662289228,-6.831038343,
1662889188,-6.852499569,
1663489148,-6.799676329,
1664089108,-6.793305295,
1664689068,-6.746453841,
1665289028,-6.78302529,
1665888988,-6.765332782,
1666488948,-6.872329645,
1667088908,-6.888349214,
1667688868,-6.944711393,
1668288828,-6.891348154,
1668888788,-6.895742264,
1669488748,-6.928086033,
1670088708,-6.871809579,
1670688668,-6.906132621,
1671288628,-6.901466967,
1671888588,-6.997044498,
1672488548,-6.977243913,
1673088508,-6.975048441,
1673688468,-6.969388764,
1674288428,-6.846136748,
1674888388,-7.067049034,
1675488348,-6.936075272,
1676088308,-6.92510122,
1676688268,-6.921236948,
1677288228,-6.912772057,
1677888188,-7.017534182,
1678488148,-6.932086871,
1679088108,-6.940292893,
1679688068,-7.004908901,
1680288028,-6.999772301,
1680887988,-6.876124566,
1681487948,-7.084680689,
1682087908,-7.090212485,
1682687868,-7.111459517,
1683287828,-7.042603776,
1683887788,-6.971274812,
1684487748,-7.099620748,
1685087708,-7.052754388,
1685687668,-7.077192023,
1686287628,-7.059102134,
1686887588,-7.00903219,
1687487548,-7.077122255,
1688087508,-7.118848297,
1688687468,-7.099023811,
1689287428,-7.12112261,
1689887388,-7.149812848,
1690487348,-7.125571939,
1691087308,-7.162978681,
1691687268,-7.24020356,
1692287228,-7.098701172,
1692887188,-7.227738812,
1693487148,-7.243325062,
1694087108,-7.165070003,
1694687068,-7.166900826,
1695287028,-7.148424808,
1695886988,-7.155543095,
1696486948,-7.236898088,
1697086908,-7.261903719,
1697686868,-7.220690526,
1698286828,-7.223505078,
1698886788,-7.243872744,
1699486748,-7.231184486,
1700086708,-7.321181351,
1700686668,-7.320011625,
1701286628,-7.383321092,
1701886588,-7.38899237,
1702486548,-7.352104698,
1703086508,-7.285393959,
1703686468,-7.404528436,
1704286428,-7.452364482,
1704886388,-7.482093506,
1705486348,-7.480279002,
1706086308,-7.403016156,
1706686268,-7.415699627,
1707286228,-7.406964189,
1707886188,-7.591876584,
1708486148,-7.446733242,
1709086108,-7.37014138,
1709686068,-7.611995237,
1710286028,-7.520238584,
1710885988,-7.630088679,
1711485948,-7.426139987,
1712085908,-7.656153973,
1712685868,-7.579876157,
1713285828,-7.402225408,
1713885788,-7.531032707,
1714485748,-7.628002916,
1715085707,-7.649998823,
1715685667,-7.766769763,
1716285627,-7.714714884,
1716885587,-7.743013359,
1717485547,-7.763152191,
1718085507,-7.716428921,
1718685467,-7.917423464,
1719285427,-7.701603187,
1719885387,-8.005348789,
1720485347,-7.882686127,
1721085307,-7.874695263,
1721685267,-8.021533246,
1722285227,-8.08017374,
1722885187,-8.059731651,
1723485147,-8.006460121,
1724085107,-7.930851016,
1724685067,-8.012141584,
1725285027,-8.07324248,
1725884987,-8.088636326,
1726484947,-8.079836131,
1727084907,-8.279875846,
1727684867,-8.087711284,
1728284827,-8.138747878,
1728884787,-8.146178475,
1729484747,-8.153920991,
1730084707,-8.184010453,
1730684667,-8.133688586,
1731284627,-8.164327986,
1731884587,-8.267145165,
1732484547,-8.330201994,
1733084507,-8.502725044,
1733684467,-8.4140782,
1734284427,-8.463771512,
1734884387,-8.447709728,
1735484347,-8.4043633,
1736084307,-8.529752085,
1736684267,-8.551645475,
1737284227,-8.664686747,
1737884187,-8.756674844,
1738484147,-8.743867984,
1739084107,-8.735382795,
1739684067,-8.804758908,
1740284027,-8.831080295,
1740883987,-8.87804764,
1741483947,-8.73311794,
1742083907,-8.885091778,
1742683867,-8.895500761,
1743283827,-8.92956844,
1743883787,-8.866801814,
1744483747,-9.062007385,
1745083707,-9.243097057,
1745683667,-9.220091926,
1746283627,-9.26265375,
1746883587,-9.33135749,
1747483547,-9.309719909,
1748083507,-9.351590634,
1748683467,-9.297248433,
1749283427,-9.367156087,
1749883387,-9.59414469,
1750483347,-9.590656417,
1751083307,-9.578753782,
1751683267,-9.733769679,
1752283227,-9.543936217,
1752883187,-9.675481557,
1753483147,-9.733758203,
1754083107,-9.752233454,
1754683067,-9.798147126,
1755283027,-9.923515206,
1755882987,-9.971283472,
1756482947,-9.975995789,
1757082907,-10.09591728,
1757682867,-10.08947612,
1758282827,-10.24579189,
1758882787,-10.08391572,
1759482747,-10.21219841,
1760082707,-10.22377555,
1760682667,-10.31123193,
1761282627,-10.24790024,
1761882587,-10.39993454,
1762482547,-10.61801548,
1763082507,-10.50726275,
1763682467,-10.66243949,
1764282427,-10.70393943,
1764882387,-10.76972099,
1765482347,-11.0386226,
1766082307,-10.97641504,
1766682267,-11.26277272,
1767282227,-11.04014356,
1767882187,-11.10772282,
1768482147,-11.32253659,
1769082107,-11.28623784,
1769682067,-11.48096627,
1770282027,-11.35674164,
1770881987,-11.56161264,
1771481947,-11.4452501,
1772081907,-11.61838469,
1772681867,-11.53845723,
1773281827,-11.59363597,
1773881787,-11.69307525,
1774481747,-11.75605134,
1775081707,-12.07846796,
1775681667,-12.02756356,
1776281627,-12.02680561,
1776881587,-12.08527847,
1777481547,-12.00173642,
1778081507,-12.32713367,
1778681467,-12.33213358,
1779281427,-12.39501582,
1779881387,-12.27845556,
1780481347,-12.39562331,
1781081307,-12.76537253,
1781681267,-12.82382836,
1782281227,-13.00069191,
1782881187,-12.93455668,
1783481147,-13.08281931,
1784081107,-13.36076581,
1784681067,-13.37041051,
1785281027,-13.52706152,
1785880987,-13.54560809,
1786480947,-13.78056869,
1787080907,-13.89112253,
1787680867,-13.57751153,
1788280827,-13.68779302,
1788880787,-13.98903648,
1789480747,-13.97797294,
1790080707,-14.00061882,
1790680667,-14.284696,
1791280627,-14.32212944,
1791880587,-14.48132226,
1792480547,-14.30725211,
1793080507,-14.40559747,
1793680467,-14.67530714,
1794280427,-14.71621648,
1794880387,-14.99270811,
1795480347,-14.74137177,
1796080307,-15.04122024,
1796680267,-15.44715505,
1797280227,-15.30822685,
1797880187,-15.44246148,
1798480147,-15.87020597,
1799080107,-15.81392313,
1799680067,-16.25753739,
1800280027,-16.22178585,
1800879987,-16.72051858,
1801479947,-16.50701791,
1802079907,-16.87085466,
1802679867,-16.90975445,
1803279827,-17.29655963,
1803879787,-17.55175684,
1804479747,-17.09740523,
1805079707,-17.29312505,
1805679667,-17.63453554,
1806279627,-17.59516344,
1806879587,-17.94038785,
1807479547,-17.93274606,
1808079507,-18.10999707,
1808679467,-18.3859927,
1809279427,-18.2983846,
1809879387,-18.8048245,
1810479347,-18.51382938,
1811079307,-19.46571283,
1811679267,-19.02665621,
1812279227,-19.44171363,
1812879187,-19.66154966,
1813479147,-20.05621158,
1814079107,-20.02000552,
1814679067,-20.4479893,
1815279027,-21.08818431,
1815878987,-22.1038816,
1816478947,-22.03408926,
1817078907,-22.03965855,
1817678867,-22.09317183,
1818278827,-22.49490204,
1818878787,-22.22850961,
1819478747,-22.59174822,
1820078707,-22.66661071,
1820678667,-23.72779398,
1821278627,-23.53656728,
1821878587,-23.68231432,
1822478547,-24.46141056,
1823078507,-24.69905578,
1823678467,-25.34363963,
1824278427,-25.48779931,
1824878387,-25.73886545,
1825478347,-25.55517406,
1826078307,-25.65298921,
1826678267,-25.86449254,
1827278227,-27.86852139,
1827878187,-28.81612514,
1828478147,-30.34706478,
1829078107,-34.51857939,
1829678067,-35.03440117,
1830278027,-36.76038306,
1830877987,-36.4946863,
1831477947,-39.42434686,
1832077907,-41.43072695,
1832677867,-38.84313058,
1833277827,-39.97251262,
1833877787,-38.56179268,
1834477747,-36.17828453,
1835077707,-36.37536873,
1835677667,-36.27148336,
1836277627,-35.96176733,
1836877587,-38.24618209,
1837477547,-39.27044197,
1838077507,-40.43925552,
1838677467,-36.22610644,
1839277427,-39.64580579,
1839877387,-38.62701038,
1840477347,-34.65738055,
1841077307,-35.48527772,
1841677267,-32.98660387,
1842277227,-30.83333074,
1842877187,-28.49900368,
1843477147,-28.38860834,
1844077107,-27.89174168,
1844677067,-26.44302762,
1845277027,-26.38735431,
1845876987,-25.36516338,
1846476947,-25.84590391,
1847076907,-25.5423081,
1847676867,-24.73689642,
1848276827,-25.76574192,
1848876787,-25.25101905,
1849476747,-25.20125364,
1850076707,-24.15962062,
1850676667,-24.37447496,
1851276627,-24.47660812,
1851876587,-24.2621868,
1852476547,-23.14746672,
1853076507,-23.40470332,
1853676467,-23.64151825,
1854276427,-23.33041276,
1854876387,-22.95374387,
1855476347,-22.89608768,
1856076307,-22.34674401,
1856676267,-22.45009689,
1857276227,-22.35189848,
1857876186,-21.92998564,
1858476146,-22.18588872,
1859076106,-22.06285697,
1859676066,-22.18716782,
1860276026,-21.62911682,
1860875986,-22.87598476,
1861475946,-21.8534907,
1862075906,-21.642419,
1862675866,-21.71046164,
1863275826,-22.07733009,
1863875786,-21.75936149,
1864475746,-21.1989347,
1865075706,-21.26222595,
1865675666,-21.44106704,
1866275626,-21.03254283,
1866875586,-20.57130299,
1867475546,-20.45815471,
1868075506,-20.05585483,
1868675466,-20.39172406,
1869275426,-20.65106618,
1869875386,-20.05701386,
1870475346,-19.81127871,
1871075306,-19.58553065,
1871675266,-19.78993884,
1872275226,-19.65020348,
1872875186,-19.81616388,
1873475146,-19.64953892,
1874075106,-19.46999886,
1874675066,-18.8966641,
1875275026,-19.689148,
1875874986,-19.47727044,
1876474946,-19.47498551,
1877074906,-19.23950327,
1877674866,-19.50284352,
1878274826,-18.9445009,
1878874786,-19.35140083,
1879474746,-19.27534022,
1880074706,-18.97338924,
1880674666,-19.26453519,
1881274626,-18.92274375,
1881874586,-18.98673923,
1882474546,-19.39832048,
1883074506,-18.97832666,
1883674466,-18.69445716,
1884274426,-19.05723643,
1884874386,-18.68067419,
1885474346,-18.77111467,
1886074306,-19.00400804,
1886674266,-18.83025205,
1887274226,-18.72770353,
1887874186,-18.70707263,
1888474146,-18.98174687,
1889074106,-18.35294751,
1889674066,-18.57392366,
1890274026,-18.84297578,
1890873986,-18.83551717,
1891473946,-18.47768764,
1892073906,-18.36427818,
1892673866,-18.63080624,
1893273826,-18.50513094,
1893873786,-18.69732891,
1894473746,-18.48820408,
1895073706,-18.13960174,
1895673666,-18.60693236,
1896273626,-18.34305466,
1896873586,-18.36826665,
1897473546,-18.17652925,
1898073506,-18.29830203,
1898673466,-18.01295124,
1899273426,-18.20553457,
1899873386,-18.21830402,
1900473346,-17.96998285,
1901073306,-18.25547181,
1901673266,-18.17475711,
1902273226,-18.1690805,
1902873186,-18.19111574,
1903473146,-17.89524865,
1904073106,-18.27391206,
1904673066,-17.95204982,
1905273026,-18.0355278,
1905872986,-17.93417191,
1906472946,-18.03975034,
1907072906,-17.97368529,
1907672866,-17.8594995,
1908272826,-17.79768337,
1908872786,-17.86940537,
1909472746,-17.76581234,
1910072706,-17.79929409,
1910672666,-17.86444838,
1911272626,-17.70875941,
1911872586,-17.5916878,
1912472546,-17.64560867,
1913072506,-17.85881494,
1913672466,-17.59416017,
1914272426,-17.64520746,
1914872386,-17.66237876,
1915472346,-17.56425917,
1916072306,-17.61539041,
1916672266,-17.56838439,
1917272226,-17.50765147,
1917872186,-17.32110495,
1918472146,-17.45151185,
1919072106,-17.35618736,
1919672066,-17.41419615,
1920272026,-17.45627738,
1920871986,-17.389566,
1921471946,-17.41126136,
1922071906,-17.09074478,
1922671866,-17.03598087,
1923271826,-17.06020566,
1923871786,-17.14775182,
1924471746,-17.25094598,
1925071706,-17.15384993,
1925671666,-17.1458088,
1926271626,-17.07867004,
1926871586,-17.14185623,
1927471546,-17.04350342,
1928071506,-17.23418953,
1928671466,-16.6455372,
1929271426,-17.18259939,
1929871386,-17.33035702,
1930471346,-17.12252529,
1931071306,-16.85452909,
1931671266,-16.93590125,
1932271226,-16.89404271,
1932871186,-16.74537491,
1933471146,-16.79257616,
1934071106,-16.99702701,
1934671066,-16.79767409,
1935271026,-17.29002918,
1935870986,-16.83756787,
1936470946,-16.97126205,
1937070906,-16.66020009,
1937670866,-16.84986499,
1938270826,-17.0000724,
1938870786,-16.73037974,
1939470746,-17.10234884,
1940070706,-16.72154874,
1940670666,-16.79947495,
1941270626,-16.80271711,
1941870586,-16.73881188,
1942470546,-16.68973543,
1943070506,-16.56746563,
1943670466,-16.24906482,
1944270426,-16.74662101,
1944870386,-16.71008671,
1945470346,-16.77784351,
1946070306,-16.49818887,
1946670266,-16.37976281,
1947270226,-16.43612649,
1947870186,-16.63061024,
1948470146,-15.93469679,
1949070106,-16.41356914,
1949670066,-16.45465966,
1950270026,-16.25455751,
1950869986,-16.50814909,
1951469946,-16.18384497,
1952069906,-16.46156299,
1952669866,-16.02284,
1953269826,-16.2262749,
1953869786,-16.19500077,
1954469746,-16.16898647,
1955069706,-15.9470797,
1955669666,-15.93693158,
1956269626,-15.75627601,
1956869586,-15.9728667,
1957469546,-16.17104366,
1958069506,-15.36897919,
1958669466,-15.57660971,
1959269426,-15.72805998,
1959869386,-15.39804839,
1960469346,-16.0179643,
1961069306,-15.42627399,
1961669266,-15.59914838,
1962269226,-15.77401563,
1962869186,-15.84053962,
1963469146,-15.5360467,
1964069106,-15.49846213,
1964669066,-15.55787255,
1965269026,-15.48053031,
1965868986,-15.52460347,
1966468946,-15.63135485,
1967068906,-15.7806889,
1967668866,-15.55760182,
1968268826,-15.89176993,
1968868786,-15.40102812,
1969468746,-15.518264,
1970068706,-15.2126241,
1970668666,-15.53387923,
1971268626,-15.34521352,
1971868586,-15.42449826,
1972468546,-15.49318922,
1973068506,-15.69129361,
1973668466,-15.34873569,
1974268426,-15.57554152,
1974868386,-15.70186576,
1975468346,-15.68091385,
1976068306,-15.46878996,
1976668266,-15.68981013,
1977268226,-15.55719094,
1977868186,-15.87072746,
1978468146,-15.64797278,
1979068106,-15.42965647,
1979668066,-15.53790075,
1980268026,-15.9005204,
1980867986,-15.59137041,
1981467946,-15.99549455,
1982067906,-15.93328919,
1982667866,-15.45772506,
1983267826,-15.94320945,
1983867786,-16.13130464,
1984467746,-15.90698397,
1985067706,-15.82076492,
1985667666,-16.00148445,
1986267626,-15.82756439,
1986867586,-15.87077127,
1987467546,-15.86747256,
1988067506,-15.98831423,
1988667466,-15.50683259,
1989267426,-15.79085137,
1989867386,-16.01045923,
1990467346,-16.07737202,
1991067306,-15.96404408,
1991667266,-16.01114885,
1992267226,-16.06899788,
1992867186,-16.30573807,
1993467146,-16.31047362,
1994067106,-16.60793732,
1994667066,-16.39071597,
1995267026,-16.4447808,
1995866986,-16.33879841,
1996466946,-16.19139606,
1997066906,-16.45256443,
1997666866,-16.69852996,
1998266826,-16.52659204,
1998866786,-16.47229512,
1999466746,-16.83165002,
2000066706,-16.42894442,
2000666666,-16.44669562,
2001266626,-16.60663994,
2001866585,-16.69192857,
2002466545,-16.56467743,
2003066505,-16.54618866,
2003666465,-16.74926445,
2004266425,-16.69220109,
2004866385,-16.88135006,
2005466345,-16.69492482,
2006066305,-16.66423311,
2006666265,-16.86162778,
2007266225,-16.8908838,
2007866185,-17.00419389,
2008466145,-17.16027932,
2009066105,-17.1697747,
2009666065,-17.32405213,
2010266025,-17.05648474,
2010865985,-17.35034822,
2011465945,-17.24221456,
2012065905,-17.09907047,
2012665865,-17.64581353,
2013265825,-17.60377103,
2013865785,-17.44513785,
2014465745,-17.60726364,
2015065705,-17.74442478,
2015665665,-17.44765594,
2016265625,-17.94397085,
2016865585,-18.13682688,
2017465545,-17.93248766,
2018065505,-18.13604984,
2018665465,-18.20739429,
2019265425,-18.40737009,
2019865385,-18.00048973,
2020465345,-18.27918868,
2021065305,-18.36344738,
2021665265,-18.08537993,
2022265225,-18.30378795,
2022865185,-18.76242562,
2023465145,-18.0576611,
2024065105,-18.16148902,
2024665065,-18.82609162,
2025265025,-18.48131451,
2025864985,-18.97789138,
2026464945,-18.49431262,
2027064905,-19.15509039,
2027664865,-18.62107949,
2028264825,-18.960985,
2028864785,-19.59888243,
2029464745,-18.95552748,
2030064705,-19.78280717,
2030664665,-19.57233434,
2031264625,-19.41608521,
2031864585,-19.90006195,
2032464545,-20.63876461,
2033064505,-20.07472268,
2033664465,-19.93369702,
2034264425,-20.52574211,
2034864385,-20.67085441,
2035464345,-20.84063778,
2036064305,-21.42053004,
2036664265,-20.69990745,
2037264225,-21.43269758,
2037864185,-21.40923552,
2038464145,-21.04366484,
2039064105,-21.39243273,
2039664065,-21.3730098,
2040264025,-21.6597692,
2040863985,-21.27984289,
2041463945,-21.17709087,
2042063905,-21.51346338,
2042663865,-21.31606396,
2043263825,-21.69698104,
2043863785,-21.81325281,
2044463745,-21.36080715,
2045063705,-21.8436516,
2045663665,-21.7023275,
2046263625,-21.74658039,
2046863585,-22.05988518,
2047463545,-21.92240074,
2048063505,-22.25705532,
2048663465,-22.15737406,
2049263425,-22.29433735,
2049863385,-22.39638509,
2050463345,-22.14410594,
2051063305,-22.51878801,
2051663265,-22.50018562,
2052263225,-22.38716385,
2052863185,-22.77770144,
2053463145,-22.97803206,
2054063105,-22.79570929,
2054663065,-23.27087888,
2055263025,-23.31159982,
2055862985,-23.06428765,
2056462945,-23.4866527,
2057062905,-23.22678945,
2057662865,-23.73259177,
2058262825,-23.71076116,
2058862785,-23.22426499,
2059462745,-23.62021183,
2060062705,-23.8313861,
2060662665,-24.53500961,
2061262625,-24.34333419,
2061862585,-23.8396965,
2062462545,-24.20899765,
2063062505,-24.33350166,
2063662465,-24.14912615,
2064262425,-24.23099474,
2064862385,-24.43121205,
2065462345,-23.8108009,
2066062305,-25.14637231,
2066662265,-24.30107438,
2067262225,-25.42463897,
2067862185,-24.89326587,
2068462145,-25.22168919,
2069062105,-25.26036706,
2069662065,-25.11279341,
2070262025,-24.91646859,
2070861985,-25.25493073,
2071461945,-25.723018,
2072061905,-25.57836646,
2072661865,-24.31700635,
2073261825,-25.19645302,
2073861785,-24.55024694,
2074461745,-24.4952,
2075061705,-24.61657826,
2075661665,-25.22643854,
2076261625,-25.51108177,
2076861585,-26.47259841,
2077461545,-25.25664688,
2078061505,-26.57353358,
2078661465,-26.25419276,
2079261425,-26.29923775,
2079861385,-26.87435943,
2080461345,-27.40724208,
2081061305,-26.87491616,
2081661265,-26.05410942,
2082261225,-27.72975352,
2082861185,-28.31497355,
2083461145,-28.82571937,
2084061105,-27.54042435,
2084661065,-27.76936314,
2085261025,-27.67585158,
2085860985,-28.49659735,
2086460945,-30.33632715,
2087060905,-28.32243719,
2087660865,-29.12211123,
2088260825,-30.49719266,
2088860785,-30.18308915,
2089460745,-31.61575551,
2090060705,-31.38579231,
2090660665,-30.44969667,
2091260625,-32.02372632,
2091860585,-33.86901377,
2092460545,-35.01588258,
2093060505,-35.64227475,
2093660465,-31.48479525,
2094260425,-33.76624715,
2094860385,-35.32872494,
2095460345,-33.55068023,
2096060305,-34.09981046,
2096660265,-34.31350162,
2097260225,-32.83080099,
2097860185,-36.11824076,
2098460145,-35.2645145,
2099060105,-35.98275589,
2099660065,-34.68063801,
2100260025,-34.65251274,
2100859985,-35.30581426,
2101459945,-34.37971245,
2102059905,-35.05960137,
2102659865,-33.33835559,
2103259825,-34.91935691,
2103859785,-35.92116879,
2104459745,-35.17842163,
2105059705,-33.85112754,
2105659665,-36.57405498,
2106259625,-39.13725252,
2106859585,-36.29820498,
2107459545,-37.15080961,
2108059505,-37.48272619,
2108659465,-38.76399945,
2109259425,-36.11327559,
2109859385,-37.0662878,
2110459345,-39.80376669,
2111059305,-37.71270803,
2111659265,-35.42842012,
2112259225,-38.55288379,
2112859185,-40.21386402,
2113459145,-38.07836994,
2114059105,-38.1823554,
2114659065,-37.39602813,
2115259025,-40.14177522,
2115858985,-39.76892402,
2116458945,-38.62090087,
2117058905,-36.21831338,
2117658865,-36.62068985,
2118258825,-43.39494951,
2118858785,-44.97065063,
2119458745,-35.63976572,
2120058705,-37.32754645,
2120658665,-37.47688707,
2121258625,-35.20562753,
2121858585,-38.41221238,
2122458545,-35.32911546,
2123058505,-36.03971069,
2123658465,-37.75626717,
2124258425,-37.06919202,
2124858385,-37.89713476,
2125458345,-39.17250285,
2126058305,-40.16850364,
2126658265,-36.1513631,
2127258225,-35.38003327,
2127858185,-36.06325058,
2128458145,-39.94635661,
2129058105,-36.88878324,
2129658065,-34.87722903,
2130258025,-35.48727533,
2130857985,-37.78249912,
2131457945,-37.44924181,
2132057905,-35.68938861,
2132657865,-38.18043808,
2133257825,-37.61443363,
2133857785,-34.98113009,
2134457745,-34.58771196,
2135057705,-33.81668277,
2135657665,-36.618896,
2136257625,-35.16194426,
2136857585,-35.66638933,
2137457545,-34.13595736,
2138057505,-35.54628627,
2138657465,-34.46960588,
2139257425,-36.96807502,
2139857385,-35.12195322,
2140457345,-33.98854064,
2141057305,-35.34883921,
2141657265,-33.65564829,
2142257225,-32.90311397,
2142857185,-32.65163489,
2143457145,-34.05527585,
2144057105,-32.53935426,
2144657065,-31.10737497,
2145257025,-28.92163378,
2145856985,-28.73968623,
2146456945,-28.08597568,
2147056905,-26.40919403,
2147656865,-27.22660512,
2148256825,-28.86055733,
2148856785,-28.47895619,
2149456745,-27.2183202,
2150056705,-27.05664341,
2150656665,-28.93598799,
2151256625,-26.50737594,
2151856585,-27.56438028,
2152456545,-26.07463588,
2153056505,-25.76847437,
2153656465,-25.58309933,
2154256425,-25.7940472,
2154856385,-25.80029602,
2155456344,-24.85902418,
2156056304,-24.52043472,
2156656264,-24.55719489,
2157256224,-24.48846758,
2157856184,-24.77349579,
2158456144,-24.39602739,
2159056104,-24.48123248,
2159656064,-25.00167189,
2160256024,-24.42955825,
2160855984,-24.05389836,
2161455944,-24.59288962,
2162055904,-24.02442323,
2162655864,-24.91167609,
2163255824,-24.04726359,
2163855784,-24.04626727,
2164455744,-23.77665423,
2165055704,-24.51878835,
2165655664,-23.79101162,
2166255624,-23.024884,
2166855584,-24.02481098,
2167455544,-22.81734823,
2168055504,-23.10349222,
2168655464,-23.47827393,
2169255424,-23.14233289,
2169855384,-23.40682945,
2170455344,-22.74516357,
2171055304,-22.79566476,
2171655264,-22.40774492,
2172255224,-22.76477055,
2172855184,-22.86733777,
2173455144,-22.84438349,
2174055104,-22.45214662,
2174655064,-22.28189149,
2175255024,-22.20647312,
2175854984,-22.01311633,
2176454944,-21.78557969,
2177054904,-21.61402413,
2177654864,-21.50825232,
2178254824,-21.30147607,
2178854784,-21.4101912,
2179454744,-20.98060605,
2180054704,-20.85802605,
2180654664,-20.85722815,
2181254624,-21.05980478,
2181854584,-20.86799214,
2182454544,-21.19966589,
2183054504,-20.68962307,
2183654464,-20.75313188,
2184254424,-21.30191941,
2184854384,-20.70007008,
2185454344,-20.97050455,
2186054304,-20.46523244,
2186654264,-21.03411067,
2187254224,-20.84372637,
2187854184,-20.21426279,
2188454144,-20.19470153,
2189054104,-20.10743844,
2189654064,-20.37001626,
2190254024,-19.35420502,
2190853984,-19.10200547,
2191453944,-19.06532673,
2192053904,-19.32850335,
2192653864,-18.87381147,
2193253824,-18.82834503,
2193853784,-18.33704285,
2194453744,-19.11839253,
2195053704,-18.52340791,
2195653664,-18.40637034,
2196253624,-18.23177644,
2196853584,-17.85929633,
2197453544,-18.45725763,
2198053504,-17.79389697,
2198653464,-17.90761416,
2199253424,-17.28089311,
2199853384,-17.63163668,
2200453344,-17.49063401,
2201053304,-17.32632042,
2201653264,-17.74123655,
2202253224,-17.36210964,
2202853184,-17.83651013,
2203453144,-17.52679846,
2204053104,-17.33010338,
2204653064,-17.23253412,
2205253024,-16.8783078,
2205852984,-17.03160199,
2206452944,-16.83980695,
2207052904,-16.65728336,
2207652864,-16.94442621,
2208252824,-16.64238598,
2208852784,-16.54281027,
2209452744,-16.58799232,
2210052704,-16.67836283,
2210652664,-16.25673359,
2211252624,-16.25785428,
2211852584,-16.20251731,
2212452544,-15.96793019,
2213052504,-16.2113225,
2213652464,-15.98157972,
2214252424,-15.97078774,
2214852384,-15.76310972,
2215452344,-15.93387527,
2216052304,-15.67866941,
2216652264,-16.36268606,
2217252224,-15.89984374,
2217852184,-15.76207109,
2218452144,-15.7929406,
2219052104,-15.71707554,
2219652064,-15.58627578,
2220252024,-15.29259833,
2220851984,-15.48159498,
2221451944,-15.43106752,
2222051904,-15.35101207,
2222651864,-15.43828659,
2223251824,-15.25322444,
2223851784,-15.17218004,
2224451744,-14.8974742,
2225051704,-14.86214547,
2225651664,-14.72659983,
2226251624,-14.88671915,
2226851584,-14.83818002,
2227451544,-14.85986799,
2228051504,-14.60390006,
2228651464,-14.43541916,
2229251424,-14.13331851,
2229851384,-14.06393397,
2230451344,-14.26775832,
2231051304,-14.14026675,
2231651264,-14.25360617,
2232251224,-14.34926038,
2232851184,-14.22239692,
2233451144,-14.07968932,
2234051104,-14.09843361,
2234651064,-13.83685337,
2235251024,-14.02715693,
2235850984,-14.03185208,
2236450944,-13.85872241,
2237050904,-13.89164597,
2237650864,-13.76560689,
2238250824,-13.76804369,
2238850784,-13.93498104,
2239450744,-13.75364788,
2240050704,-13.94851605,
2240650664,-13.69895731,
2241250624,-13.59237205,
2241850584,-13.58711,
2242450544,-13.41624795,
2243050504,-13.69856448,
2243650464,-13.76428946,
2244250424,-13.70381318,
2244850384,-13.45739366,
2245450344,-13.41368784,
2246050304,-13.31288164,
2246650264,-13.50039976,
2247250224,-13.42910545,
2247850184,-13.41382123,
2248450144,-13.50864641,
2249050104,-13.46794531,
2249650064,-13.34985233,
2250250024,-13.26620094,
2250849984,-13.27927455,
2251449944,-13.12799022,
2252049904,-13.10865319,
2252649864,-13.04852101,
2253249824,-13.1304997,
2253849784,-13.16792172,
2254449744,-12.9970532,
2255049704,-12.88415022,
2255649664,-13.02845621,
2256249624,-12.95951016,
2256849584,-12.92503975,
2257449544,-13.0431,
2258049504,-13.02740085,
2258649464,-12.88007339,
2259249424,-12.92810141,
2259849384,-13.04961536,
2260449344,-13.03866329,
2261049304,-12.81555864,
2261649264,-12.98620522,
2262249224,-12.97395696,
2262849184,-12.63178022,
2263449144,-12.83244596,
2264049104,-12.74144551,
2264649064,-12.96646263,
2265249024,-12.84524315,
2265848984,-12.71694904,
2266448944,-12.89260551,
2267048904,-12.72245798,
2267648864,-12.70405105,
2268248824,-12.86516605,
2268848784,-12.67022078,
2269448744,-12.70153763,
2270048704,-12.54764568,
2270648664,-12.69485791,
2271248624,-12.78306964,
2271848584,-12.69626786,
2272448544,-12.65230541,
2273048504,-12.80284756,
2273648464,-12.62341443,
2274248424,-12.69378194,
2274848384,-12.78861602,
2275448344,-12.70991692,
2276048304,-12.4962141,
2276648264,-12.72324037,
2277248224,-12.69193532,
2277848184,-12.58120213,
2278448144,-12.71514922,
2279048104,-12.27195438,
2279648064,-12.7944433,
2280248024,-12.44265657,
2280847984,-12.52987851,
2281447944,-12.4981427,
2282047904,-12.35202977,
2282647864,-12.44332999,
2283247824,-12.25816498,
2283847784,-12.57377137,
2284447744,-12.49820696,
2285047704,-12.30956215,
2285647664,-12.23193713,
2286247624,-12.48125912,
2286847584,-12.45211805,
2287447544,-12.49438551,
2288047504,-12.69141091,
2288647464,-12.35700564,
2289247424,-12.37521946,
2289847384,-12.23910262,
2290447344,-12.33757776,
2291047304,-12.26139383,
2291647264,-12.51747177,
2292247224,-12.4998011,
2292847184,-12.54376069,
2293447144,-12.27680184,
2294047104,-12.20798893,
2294647064,-12.43056158,
2295247024,-12.20518031,
2295846984,-12.30746778,
2296446944,-12.18607491,
2297046904,-12.2538394,
2297646864,-12.11809154,
2298246824,-12.19417711,
2298846784,-12.21845772,
2299446744,-12.14079881,
2300046704,-12.11396241,
2300646664,-12.22640788,
2301246624,-11.98476379,
2301846584,-12.0018817,
2302446544,-12.05605043,
2303046504,-12.05811494,
2303646464,-12.08539229,
2304246424,-11.86591624,
2304846384,-11.86637545,
2305446344,-11.97761408,
2306046304,-12.06991371,
2306646264,-12.21056852,
2307246224,-11.87600097,
2307846184,-11.858917,
2308446144,-12.08225956,
2309046103,-12.06604504,
2309646063,-12.03888539,
2310246023,-11.81518548,
2310845983,-12.05152527,
2311445943,-11.73902068,
2312045903,-12.0108633,
2312645863,-11.83453068,
2313245823,-11.69474356,
2313845783,-11.69563651,
2314445743,-11.7268456,
2315045703,-11.52073213,
2315645663,-11.6858234,
2316245623,-11.77895,
2316845583,-11.66762071,
2317445543,-11.79542669,
2318045503,-11.55524617,
2318645463,-11.78323154,
2319245423,-11.55157051,
2319845383,-11.70101219,
2320445343,-11.48398225,
2321045303,-11.29201253,
2321645263,-11.41950534,
2322245223,-11.62556361,
2322845183,-11.65093688,
2323445143,-11.49030525,
2324045103,-11.6474247,
2324645063,-11.31442989,
2325245023,-11.53754222,
2325844983,-11.22222578,
2326444943,-11.5705412,
2327044903,-11.41713283,
2327644863,-11.22401277,
2328244823,-11.5060381,
2328844783,-11.40759153,
2329444743,-11.22272832,
2330044703,-11.05492093,
2330644663,-11.29883176,
2331244623,-11.25902897,
2331844583,-11.31870572,
2332444543,-11.26267551,
2333044503,-11.2507282,
2333644463,-11.19408549,
2334244423,-11.1610611,
2334844383,-11.01044675,
2335444343,-11.04919315,
2336044303,-11.18468605,
2336644263,-10.95533794,
2337244223,-11.23815552,
2337844183,-11.17131746,
2338444143,-10.95710965,
2339044103,-11.27222605,
2339644063,-11.13074142,
2340244023,-11.03945546,
2340843983,-10.89524042,
2341443943,-10.9106291,
2342043903,-10.86004051,
2342643863,-10.90814763,
2343243823,-11.0481059,
2343843783,-10.79607463,
2344443743,-10.69421984,
2345043703,-10.93076076,
2345643663,-10.6735298,
2346243623,-10.68678207,
2346843583,-10.66368261,
2347443543,-10.58767028,
2348043503,-10.66833258,
2348643463,-10.4550297,
2349243423,-10.7334329,
2349843383,-10.66083898,
2350443343,-10.61128752,
2351043303,-10.5446105,
2351643263,-10.50905937,
2352243223,-10.32326765,
2352843183,-10.50706183,
2353443143,-10.3833623,
2354043103,-10.35963849,
2354643063,-10.33153198,
2355243023,-10.24504951,
2355842983,-10.38082038,
2356442943,-10.25679943,
2357042903,-10.44531294,
2357642863,-10.17075284,
2358242823,-10.29414786,
2358842783,-10.19280932,
2359442743,-10.13910979,
2360042703,-10.19486525,
2360642663,-10.28792172,
2361242623,-10.12754523,
2361842583,-10.14407934,
2362442543,-10.02231235,
2363042503,-10.16840271,
2363642463,-10.15028903,
2364242423,-10.07850091,
2364842383,-9.908033861,
2365442343,-10.09617632,
2366042303,-9.733396929,
2366642263,-9.70245638,
2367242223,-9.511478473,
2367842183,-9.539093848,
2368442143,-9.470426551,
2369042103,-9.750545811,
2369642063,-9.603986184,
2370242023,-9.51986178,
2370841983,-9.462394657,
2371441943,-9.355536148,
2372041903,-9.469254184,
2372641863,-9.477179186,
2373241823,-9.278994319,
2373841783,-9.265256678,
2374441743,-9.334767662,
2375041703,-9.080303475,
2375641663,-9.173785086,
2376241623,-9.265422984,
2376841583,-9.138129113,
2377441543,-9.134014397,
2378041503,-9.172877406,
2378641463,-9.3535866,
2379241423,-9.094245609,
2379841383,-8.91224892,
2380441343,-8.988938613,
2381041303,-8.944188023,
2381641263,-8.92895047,
2382241223,-8.97813919,
2382841183,-8.815708335,
2383441143,-8.874603152,
2384041103,-8.756771342,
2384641063,-8.757362215,
2385241023,-8.847508493,
2385840983,-8.816639627,
2386440943,-8.62606812,
2387040903,-8.68612756,
2387640863,-8.650486618,
2388240823,-8.588686036,
2388840783,-8.580847699,
2389440743,-8.591907618,
2390040703,-8.502542817,
2390640663,-8.578660177,
2391240623,-8.437314762,
2391840583,-8.397208524,
2392440543,-8.512649893,
2393040503,-8.590984161,
2393640463,-8.629629937,
2394240423,-8.358247442,
2394840383,-8.299036582,
2395440343,-8.392635804,
2396040303,-8.324279768,
2396640263,-8.17929037,
2397240223,-8.088753707,
2397840183,-8.033818913,
2398440143,-8.185928191,
2399040103,-8.014169291,
2399640063,-7.998149942,
2400240023,-7.807637202,
2400839983,-7.779805462,
2401439943,-7.843601174,
2402039903,-7.815631148,
2402639863,-7.771447519,
2403239823,-7.845256375,
2403839783,-7.931821322,
2404439743,-7.722456863,
2405039703,-7.794411428,
2405639663,-7.627327103,
2406239623,-7.762552895,
2406839583,-7.755555656,
2407439543,-7.661463297,
2408039503,-7.707878878,
2408639463,-7.611273549,
2409239423,-7.62855526,
2409839383,-7.587475029,
2410439343,-7.621602836,
2411039303,-7.563564522,
2411639263,-7.452310244,
2412239223,-7.452882385,
2412839183,-7.437822715,
2413439143,-7.449314918,
2414039103,-7.408136358,
2414639063,-7.376604426,
2415239023,-7.429718256,
2415838983,-7.324183641,
2416438943,-7.328509694,
2417038903,-7.298592263,
2417638863,-7.262486903,
2418238823,-7.296665472,
2418838783,-7.34424025,
2419438743,-7.32742689,
2420038703,-7.245496769,
2420638663,-7.107905911,
2421238623,-7.230708602,
2421838583,-7.126373083,
2422438543,-7.095177329,
2423038503,-7.060553759,
2423638463,-7.008389088,
2424238423,-7.199307039,
2424838383,-7.123920233,
2425438343,-7.079528399,
2426038303,-7.106218321,
2426638263,-7.077712489,
2427238223,-7.063948263,
2427838183,-6.98213675,
2428438143,-6.9644878,
2429038103,-7.030279223,
2429638063,-7.057322231,
2430238023,-6.954977139,
2430837983,-6.97627861,
2431437943,-7.047825052,
2432037903,-6.996747649,
2432637863,-6.985621659,
2433237823,-6.880773898,
2433837783,-6.913565395,
2434437743,-7.025686717,
2435037703,-6.940604064,
2435637663,-6.819820505,
2436237623,-6.866947295,
2436837583,-6.832936959,
2437437543,-6.848264566,
2438037503,-6.783684426,
2438637463,-6.92297032,
2439237423,-6.915964468,
2439837383,-6.848919584,
2440437343,-6.842757037,
2441037303,-6.89969476,
2441637263,-6.757884222,
2442237223,-6.811025934,
2442837183,-6.804865565,
2443437143,-6.841150587,
2444037103,-6.726245921,
2444637063,-6.851618939,
2445237023,-6.728561065,
2445836983,-6.747819034,
2446436943,-6.799130949,
2447036903,-6.7352104,
2447636863,-6.658414311,
2448236823,-6.73425792,
2448836783,-6.786969382,
2449436743,-6.710135389,
2450036703,-6.78807032,
2450636663,-6.64409657,
2451236623,-6.623333441,
2451836583,-6.622262081,
2452436543,-6.816291285,
2453036503,-6.677619055,
2453636463,-6.754800055,
2454236423,-6.605941055,
2454836383,-6.558930729,
2455436343,-6.513855598,
2456036303,-6.490899551,
2456636263,-6.64359803,
2457236223,-6.652091582,
2457836183,-6.604598377,
2458436143,-6.610192722,
2459036103,-6.565470713,
2459636063,-6.594227975,
2460236023,-6.800750496,
2460835983,-6.562543018,
2461435943,-6.592804002,
2462035903,-6.529097065,
2462635863,-6.4836412,
2463235822,-6.577804863,
2463835782,-6.542966509,
2464435742,-6.463725218,
2465035702,-6.520135428,
2465635662,-6.578586505,
2466235622,-6.525605979,
2466835582,-6.364901627,
2467435542,-6.469599753,
2468035502,-6.551201803,
2468635462,-6.509155383,
2469235422,-6.365650053,
2469835382,-6.568502088,
2470435342,-6.55347696,
2471035302,-6.532016886,
2471635262,-6.556450185,
2472235222,-6.66074353,
2472835182,-6.488927801,
2473435142,-6.549598547,
2474035102,-6.556601978,
2474635062,-6.480326135,
2475235022,-6.546142198,
2475834982,-6.409832025,
2476434942,-6.450285518,
2477034902,-6.437254187,
2477634862,-6.445167938,
2478234822,-6.624631261,
2478834782,-6.44021648,
2479434742,-6.41045192,
2480034702,-6.551348205,
2480634662,-6.527560296,
2481234622,-6.543307042,
2481834582,-6.499125383,
2482434542,-6.394939595,
2483034502,-6.378773095,
2483634462,-6.535796476,
2484234422,-6.569753659,
2484834382,-6.503582248,
2485434342,-6.504323188,
2486034302,-6.485050595,
2486634262,-6.446065385,
2487234222,-6.510748192,
2487834182,-6.59417783,
2488434142,-6.493001583,
2489034102,-6.355406789,
2489634062,-6.346735663,
2490234022,-6.468680498,
2490833982,-6.325937998,
2491433942,-6.373193734,
2492033902,-6.506600707,
2492633862,-6.295912839,
2493233822,-6.482118213,
2493833782,-6.37723767,
2494433742,-6.337305958,
2495033702,-6.45757525,
2495633662,-6.459511757,
2496233622,-6.434272122,
2496833582,-6.451090351,
2497433542,-6.409157084,
2498033502,-6.437099032,
2498633462,-6.311804475,
2499233422,-6.39042784,
2499833382,-6.506839542,
2500433342,-6.419253931,
2501033302,-6.628564055,
2501633262,-6.366212745,
2502233222,-6.588607524,
2502833182,-6.407559131,
2503433142,-6.334680497,
2504033102,-6.532499345,
2504633062,-6.488899716,
2505233022,-6.500113993,
2505832982,-6.453440029,
2506432942,-6.503054471,
2507032902,-6.544434866,
2507632862,-6.332218475,
2508232822,-6.489604295,
2508832782,-6.43401557,
2509432742,-6.42346623,
2510032702,-6.515780624,
2510632662,-6.478890622,
2511232622,-6.414498984,
2511832582,-6.568496302,
2512432542,-6.559883455,
2513032502,-6.336468808,
2513632462,-6.492358478,
2514232422,-6.550119459,
2514832382,-6.497309042,
2515432342,-6.594637957,
2516032302,-6.515852235,
2516632262,-6.453288119,
2517232222,-6.6444555,
2517832182,-6.458402775,
2518432142,-6.49959502,
2519032102,-6.56420854,
2519632062,-6.549286576,
2520232022,-6.513233974,
2520831982,-6.482050226,
2521431942,-6.615653135,
2522031902,-6.498941816,
2522631862,-6.558717987,
2523231822,-6.605389463,
2523831782,-6.598190418,
2524431742,-6.546520932,
2525031702,-6.4436753,
2525631662,-6.70414753,
2526231622,-6.5933348,
2526831582,-6.619309006,
2527431542,-6.487290022,
2528031502,-6.642835404,
2528631462,-6.646028032,
2529231422,-6.586265817,
2529831382,-6.638013533,
2530431342,-6.675749689,
2531031302,-6.69536416,
2531631262,-6.584056708,
2532231222,-6.56318,
2532831182,-6.694074436,
2533431142,-6.580072084,
2534031102,-6.565348817,
2534631062,-6.732049878,
2535231022,-6.618473438,
2535830982,-6.666855031,
2536430942,-6.83037458,
2537030902,-6.639545031,
2537630862,-6.733465669,
2538230822,-6.675779252,
2538830782,-6.684980547,
2539430742,-6.714486216,
2540030702,-6.788547592,
2540630662,-6.703355609,
2541230622,-6.801739211,
2541830582,-6.719123561,
2542430542,-6.73832567,
2543030502,-6.806674092,
2543630462,-6.941653603,
2544230422,-6.854469226,
2544830382,-6.927316618,
2545430342,-6.949670866,
2546030302,-6.757157905,
2546630262,-6.780354216,
2547230222,-6.753304174,
2547830182,-6.798829911,
2548430142,-6.808136255,
2549030102,-6.759039134,
2549630062,-6.800686853,
2550230022,-6.886316316,
2550829982,-6.835617788,
2551429942,-6.946477569,
2552029902,-6.866734172,
2552629862,-6.867912109,
2553229822,-6.864964934,
2553829782,-6.895363393,
2554429742,-6.91359466,
2555029702,-6.850909443,
2555629662,-7.005379365,
2556229622,-6.883019851,
2556829582,-6.950672153,
2557429542,-6.867093242,
2558029502,-6.979181689,
2558629462,-6.923472578,
2559229422,-6.936300824,
2559829382,-6.960268677,
2560429342,-6.997322984,
2561029302,-6.878512227,
2561629262,-6.848858102,
2562229222,-6.984887982,
2562829182,-7.043003081,
2563429142,-6.989971978,
2564029102,-7.053957745,
2564629062,-6.910620051,
2565229022,-6.961611801,
2565828982,-6.875306362,
2566428942,-6.963682858,
2567028902,-6.956966041,
2567628862,-6.857424907,
2568228822,-6.917543075,
2568828782,-6.895402063,
2569428742,-6.994604749,
2570028702,-6.852751163,
2570628662,-7.015087717,
2571228622,-7.003574308,
2571828582,-6.989942817,
2572428542,-6.976004157,
2573028502,-6.939770306,
2573628462,-6.923775132,
2574228422,-6.967096218,
2574828382,-6.98545141,
2575428342,-6.944842005,
2576028302,-7.025406999,
2576628262,-6.949336217,
2577228222,-6.994124261,
2577828182,-7.107043223,
2578428142,-6.967057779,
2579028102,-6.95862925,
2579628062,-6.933032837,
2580228022,-7.037140739,
2580827982,-7.094720765,
2581427942,-6.916553464,
2582027902,-7.091839671,
2582627862,-7.046655028,
2583227822,-6.970024469,
2583827782,-6.955854593,
2584427742,-6.941199323,
2585027702,-6.963902255,
2585627662,-7.004533415,
2586227622,-6.941251531,
2586827582,-6.987644357,
2587427542,-6.971865545,
2588027502,-6.995815497,
2588627462,-7.071788115,
2589227422,-6.991205018,
2589827382,-6.986287595,
2590427342,-6.967230386,
2591027302,-6.993470923,
2591627262,-6.991828437,
2592227222,-6.984645947,
2592827182,-6.99659339,
2593427142,-6.974672368,
2594027102,-7.088822843,
2594627062,-6.933947922,
2595227022,-6.893270456,
2595826982,-6.989057732,
2596426942,-6.918435754,
2597026902,-6.916641354,
2597626862,-6.773351607,
2598226822,-6.898779957,
2598826782,-6.928967159,
2599426742,-7.037431941,
2600026702,-6.917235226,
2600626662,-6.909926897,
2601226622,-6.897669543,
2601826582,-6.832974137,
2602426542,-6.895215501,
2603026502,-6.918737119,
2603626462,-6.865387209,
2604226422,-6.846228681,
2604826382,-6.817021226,
2605426342,-6.845801437,
2606026302,-6.80260884,
2606626262,-6.89230942,
2607226222,-6.932081703,
2607826182,-6.949821414,
2608426142,-6.877959823,
2609026102,-7.060209585,
2609626062,-6.776656329,
2610226022,-6.898495574,
2610825982,-6.874070958,
2611425942,-6.878164684,
2612025902,-6.909248489,
2612625862,-6.908055102,
2613225822,-6.829214538,
2613825782,-6.736417573,
2614425742,-6.886627326,
2615025702,-6.840736635,
2615625662,-6.824017786,
2616225622,-6.960948087,
2616825581,-6.878440056,
2617425541,-6.877380192,
2618025501,-6.824091907,
2618625461,-6.89263585,
2619225421,-6.73163521,
2619825381,-6.87017889,
2620425341,-6.824012732,
2621025301,-6.97893638,
2621625261,-6.824775082,
2622225221,-6.868769159,
2622825181,-6.877025083,
2623425141,-6.984068554,
2624025101,-7.056085833,
2624625061,-6.840234421,
2625225021,-6.881443465,
2625824981,-6.969444203,
2626424941,-6.881295963,
2627024901,-6.85344695,
2627624861,-6.796658978,
2628224821,-6.943579002,
2628824781,-6.875217812,
2629424741,-6.958885585,
2630024701,-7.035314636,
2630624661,-6.97860458,
2631224621,-6.982576107,
2631824581,-7.097991607,
2632424541,-7.093851335,
2633024501,-7.043858794,
2633624461,-7.004171938,
2634224421,-6.940352007,
2634824381,-7.124355464,
2635424341,-7.02805768,
2636024301,-6.999750352,
2636624261,-7.084710818,
2637224221,-7.074750447,
2637824181,-7.060512541,
2638424141,-7.180531577,
2639024101,-7.159005223,
2639624061,-6.992136065,
2640224021,-7.149089034,
2640823981,-7.135088251,
2641423941,-7.099800394,
2642023901,-7.199031305,
2642623861,-7.086538399,
2643223821,-7.115630257,
2643823781,-7.082906742,
2644423741,-7.240811881,
2645023701,-7.199960233,
2645623661,-7.089220065,
2646223621,-7.132505126,
2646823581,-7.071721109,
2647423541,-7.085634466,
2648023501,-7.18039447,
2648623461,-7.185708969,
2649223421,-7.154099126,
2649823381,-7.199950558,
2650423341,-7.107560627,
2651023301,-7.175838101,
2651623261,-7.266539313,
2652223221,-7.319717284,
2652823181,-7.234366336,
2653423141,-7.250181216,
2654023101,-7.236442243,
2654623061,-7.246076101,
2655223021,-7.272214321,
2655822981,-7.254275403,
2656422941,-7.231374123,
2657022901,-7.425423172,
2657622861,-7.273637085,
2658222821,-7.331383084,
2658822781,-7.389352165,
2659422741,-7.437451115,
2660022701,-7.352997015,
2660622661,-7.3690756,
2661222621,-7.467554902,
2661822581,-7.519407999,
2662422541,-7.42160959,
2663022501,-7.569805939,
2663622461,-7.403228632,
2664222421,-7.510732461,
2664822381,-7.541761401,
2665422341,-7.430877668,
2666022301,-7.503143245,
2666622261,-7.595156259,
2667222221,-7.700386083,
2667822181,-7.628166893,
2668422141,-7.563895508,
2669022101,-7.624444614,
2669622061,-7.658693018,
2670222021,-7.66563329,
2670821981,-7.625619039,
2671421941,-7.622623998,
2672021901,-7.619335831,
2672621861,-7.684409475,
2673221821,-7.781379059,
2673821781,-7.804219431,
2674421741,-7.669138676,
2675021701,-7.732607441,
2675621661,-7.88990517,
2676221621,-7.695846214,
2676821581,-7.863946196,
2677421541,-7.821956396,
2678021501,-7.795267059,
2678621461,-7.891797912,
2679221421,-7.803256349,
2679821381,-7.930716846,
2680421341,-7.914072346,
2681021301,-7.861412817,
2681621261,-7.979977257,
2682221221,-7.88081231,
2682821181,-7.845721806,
2683421141,-8.058095653,
2684021101,-7.99783838,
2684621061,-7.898863728,
2685221021,-7.839537446,
2685820981,-7.945001147,
2686420941,-7.900084015,
2687020901,-7.930114611,
2687620861,-7.890185487,
2688220821,-8.082560459,
2688820781,-8.018516708,
2689420741,-8.075493716,
2690020701,-8.063916143,
2690620661,-8.010583497,
2691220621,-8.033021862,
2691820581,-8.061466023,
2692420541,-8.157381628,
2693020501,-8.208001313,
2693620461,-8.097433557,
2694220421,-8.085415833,
2694820381,-8.124915302,
2695420341,-8.038968494,
2696020301,-8.206703751,
2696620261,-8.123342543,
2697220221,-8.018698956,
2697820181,-8.119057943,
2698420141,-8.176215357,
2699020101,-8.027811443,
2699620061,-8.089003807,
2700220021,-8.169165253,
2700819981,-8.130602656,
2701419941,-8.195377652,
2702019901,-8.218649074,
2702619861,-8.289290381,
2703219821,-8.153956612,
2703819781,-8.086567584,
2704419741,-8.149363614,
2705019701,-8.210185667,
2705619661,-8.168145506,
2706219621,-8.214420559,
2706819581,-8.21898304,
2707419541,-8.302678713,
2708019501,-8.288719777,
2708619461,-8.189170202,
2709219421,-8.153588545,
2709819381,-8.194361107,
2710419341,-8.258215204,
2711019301,-8.328076716,
2711619261,-8.310041816,
2712219221,-8.326337969,
2712819181,-8.352488312,
2713419141,-8.314943179,
2714019101,-8.206839393,
2714619061,-8.262003333,
2715219021,-8.39538576,
2715818981,-8.266590472,
2716418941,-8.237527889,
2717018901,-8.231017333,
2717618861,-8.162532719,
2718218821,-8.298580183,
2718818781,-8.357019215,
2719418741,-8.289542755,
2720018701,-8.337764199,
2720618661,-8.371209263,
2721218621,-8.265725691,
2721818581,-8.293478747,
2722418541,-8.375059305,
2723018501,-8.306213127,
2723618461,-8.313858666,
2724218421,-8.386611295,
2724818381,-8.314156668,
2725418341,-8.218509569,
2726018301,-8.369474188,
2726618261,-8.220066468,
2727218221,-8.477708618,
2727818181,-8.342117154,
2728418141,-8.236600151,
2729018101,-8.387536855,
2729618061,-8.309226318,
2730218021,-8.230817235,
2730817981,-8.269649211,
2731417941,-8.335042834,
2732017901,-8.279059608,
2732617861,-8.296764833,
2733217821,-8.362346218,
2733817781,-8.449256083,
2734417741,-8.326734405,
2735017701,-8.328714688,
2735617661,-8.36211126,
2736217621,-8.325778892,
2736817581,-8.239266091,
2737417541,-8.180694065,
2738017501,-8.386414975,
2738617461,-8.449359696,
2739217421,-8.218426204,
2739817381,-8.206036486,
2740417341,-8.18567255,
2741017301,-8.31724992,
2741617261,-8.197404089,
2742217221,-8.361531451,
2742817181,-8.26550891,
2743417141,-8.174653908,
2744017101,-8.273846356,
2744617061,-8.207096723,
2745217021,-8.318530275,
2745816981,-8.135871047,
2746416941,-8.141277987,
2747016901,-8.267622993,
2747616861,-8.20479853,
2748216821,-8.223415972,
2748816781,-8.332143155,
2749416741,-8.198975079,
2750016701,-8.262033366,
2750616661,-8.253602203,
2751216621,-8.121738503,
2751816581,-8.260367347,
2752416541,-8.104132714,
2753016501,-8.175201422,
2753616461,-8.293249556,
2754216421,-8.080860537,
2754816381,-8.324389656,
2755416341,-8.171398759,
2756016301,-8.261483691,
2756616261,-8.349083089,
2757216221,-8.263710822,
2757816181,-8.218033554,
2758416141,-8.207692692,
2759016101,-8.188251528,
2759616061,-8.057821431,
2760216021,-8.211007507,
2760815981,-8.046643822,
2761415941,-8.184549288,
2762015901,-8.059120365,
2762615861,-8.213076674,
2763215821,-8.26573501,
2763815781,-8.180494267,
2764415741,-8.219447401,
2765015701,-8.192866147,
2765615661,-8.172818303,
2766215621,-8.140455718,
2766815581,-8.266845738,
2767415541,-8.139308278,
2768015501,-8.196339154,
2768615461,-8.135477983,
2769215421,-8.188730758,
2769815381,-8.168686156,
2770415340,-8.200290166,
2771015300,-8.086753071,
2771615260,-8.059118133,
2772215220,-8.241078195,
2772815180,-8.159737915,
2773415140,-8.149144854,
2774015100,-8.212766586,
2774615060,-8.154521796,
2775215020,-8.228815076,
2775814980,-8.07997624,
2776414940,-8.189822695,
2777014900,-8.155494191,
2777614860,-8.100162295,
2778214820,-8.163667092,
2778814780,-8.238702948,
2779414740,-8.304747632,
2780014700,-8.158676627,
2780614660,-8.182549966,
2781214620,-8.236989674,
2781814580,-8.197776723,
2782414540,-8.280817124,
2783014500,-8.177011728,
2783614460,-8.237823535,
2784214420,-8.105042503,
2784814380,-8.1996966,
2785414340,-8.21970745,
2786014300,-8.074236857,
2786614260,-8.153141561,
2787214220,-8.227259513,
2787814180,-8.192692584,
2788414140,-8.289775378,
2789014100,-8.216332248,
2789614060,-8.15577971,
2790214020,-8.252809787,
2790813980,-8.346754248,
2791413940,-8.200417785,
2792013900,-8.246193762,
2792613860,-8.182771606,
2793213820,-8.352322696,
2793813780,-8.178055477,
2794413740,-8.298546298,
2795013700,-8.191724201,
2795613660,-8.258146832,
2796213620,-8.307014298,
2796813580,-8.253018969,
2797413540,-8.23324233,
2798013500,-8.149402888,
2798613460,-8.345714578,
2799213420,-8.314690214,
2799813380,-8.289727875,
2800413340,-8.245741571,
2801013300,-8.258894245,
2801613260,-8.406968967,
2802213220,-8.276129582,
2802813180,-8.245512211,
2803413140,-8.274973365,
2804013100,-8.206916166,
2804613060,-8.41070142,
2805213020,-8.275996252,
2805812980,-8.314797911,
2806412940,-8.389143068,
2807012900,-8.466434006,
2807612860,-8.199947074,
2808212820,-8.412980205,
2808812780,-8.121171773,
2809412740,-8.187009857,
2810012700,-8.43554074,
2810612660,-8.436730949,
2811212620,-8.396510808,
2811812580,-8.344736173,
2812412540,-8.463457022,
2813012500,-8.398347179,
2813612460,-8.42374914,
2814212420,-8.368829442,
2814812380,-8.381041152,
2815412340,-8.394674639,
2816012300,-8.365621017,
2816612260,-8.361233164,
2817212220,-8.454183039,
2817812180,-8.425792787,
2818412140,-8.326186363,
2819012100,-8.397504828,
2819612060,-8.392761755,
2820212020,-8.457675555,
2820811980,-8.487388956,
2821411940,-8.401507607,
2822011900,-8.442109743,
2822611860,-8.428990351,
2823211820,-8.478783171,
2823811780,-8.49206215,
2824411740,-8.490286915,
2825011700,-8.512272338,
2825611660,-8.572871204,
2826211620,-8.331078191,
2826811580,-8.54677939,
2827411540,-8.441173494,
2828011500,-8.649672494,
2828611460,-8.439253093,
2829211420,-8.596799065,
2829811380,-8.564704263,
2830411340,-8.613522336,
2831011300,-8.598751008,
2831611260,-8.480187839,
2832211220,-8.538925458,
2832811180,-8.500952136,
2833411140,-8.566054556,
2834011100,-8.56889591,
2834611060,-8.541755686,
2835211020,-8.483344121,
2835810980,-8.483330358,
2836410940,-8.658475038,
2837010900,-8.521865896,
2837610860,-8.532424625,
2838210820,-8.624510636,
2838810780,-8.693776771,
2839410740,-8.656593046,
2840010700,-8.432529803,
2840610660,-8.753552031,
2841210620,-8.600251342,
2841810580,-8.593890049,
2842410540,-8.716950538,
2843010500,-8.623766663,
2843610460,-8.586671277,
2844210420,-8.551850462,
2844810380,-8.832315363,
2845410340,-8.644002059,
2846010300,-8.694946359,
2846610260,-8.434079285,
2847210220,-8.717243666,
2847810180,-8.620195096,
2848410140,-8.603397956,
2849010100,-8.771471086,
2849610060,-8.814755584,
2850210020,-8.721116282,
2850809980,-8.717895469,
2851409940,-8.778432872,
2852009900,-8.708519431,
2852609860,-8.647737977,
2853209820,-8.742778979,
2853809780,-8.569460508,
2854409740,-8.645763156,
2855009700,-8.794908437,
2855609660,-8.754964507,
2856209620,-8.710603535,
2856809580,-8.862979192,
2857409540,-8.833047773,
2858009500,-8.712629778,
2858609460,-8.719910548,
2859209420,-8.824005026,
2859809380,-8.828942837,
2860409340,-8.850177074,
2861009300,-8.858455226,
2861609260,-8.680551283,
2862209220,-8.853817788,
2862809180,-8.683739371,
2863409140,-8.795285774,
2864009100,-8.917478022,
2864609060,-8.806740786,
2865209020,-8.80467621,
2865808980,-8.871997671,
2866408940,-8.834375607,
2867008900,-8.910417152,
2867608860,-8.948210952,
2868208820,-8.967264146,
2868808780,-8.945560831,
2869408740,-9.064476475,
2870008700,-9.067254813,
2870608660,-8.907599117,
2871208620,-9.131350018,
2871808580,-8.919089161,
2872408540,-9.087818306,
2873008500,-9.125845242,
2873608460,-9.053775254,
2874208420,-9.022963866,
2874808380,-9.199595591,
2875408340,-9.166915538,
2876008300,-9.163064842,
2876608260,-9.164173559,
2877208220,-9.123890901,
2877808180,-9.286893993,
2878408140,-9.076530023,
2879008100,-9.196789568,
2879608060,-9.386172749,
2880208020,-9.262059632,
2880807980,-9.322642202,
2881407940,-9.22129027,
2882007900,-9.199355901,
2882607860,-9.362981145,
2883207820,-9.183572246,
2883807780,-9.32540611,
2884407740,-9.312440957,
2885007700,-9.317651679,
2885607660,-9.406139248,
2886207620,-9.397430284,
2886807580,-9.346659291,
2887407540,-9.438012492,
2888007500,-9.254693501,
2888607460,-9.409888179,
2889207420,-9.439415218,
2889807380,-9.536624766,
2890407340,-9.646604305,
2891007300,-9.517428521,
2891607260,-9.577320478,
2892207220,-9.492333744,
2892807180,-9.637737629,
2893407140,-9.68895541,
2894007100,-9.559941362,
2894607060,-9.505769725,
2895207020,-9.587210853,
2895806980,-9.656587578,
2896406940,-9.535543824,
2897006900,-9.510822739,
2897606860,-9.563681582,
2898206820,-9.752556536,
2898806780,-9.652427344,
2899406740,-9.784880052,
2900006700,-9.648911372,
2900606660,-9.669778075,
2901206620,-9.611172589,
2901806580,-9.696896854,
2902406540,-9.747838466,
2903006500,-9.74235149,
2903606460,-9.707075596,
2904206420,-9.683202501,
2904806380,-9.802706442,
2905406340,-9.787534427,
2906006300,-9.783254525,
2906606260,-9.867513642,
2907206220,-9.74108401,
2907806180,-9.894514742,
2908406140,-9.836675303,
2909006100,-9.8317455,
2909606060,-9.921852499,
2910206020,-9.835902269,
2910805980,-9.889198598,
2911405940,-9.942357823,
2912005900,-9.952820771,
2912605860,-9.879598231,
2913205820,-9.999214865,
2913805780,-10.11670738,
2914405740,-9.85649215,
2915005700,-10.02001137,
2915605660,-10.00252184,
2916205620,-10.05625398,
2916805580,-10.07557331,
2917405540,-9.943908187,
2918005500,-9.94320689,
2918605460,-10.07576133,
2919205420,-10.00591623,
2919805380,-10.11431302,
2920405340,-10.04298838,
2921005300,-10.09391086,
2921605260,-10.10013337,
2922205220,-10.19700485,
2922805180,-10.15029626,
2923405140,-10.13796734,
2924005100,-10.11691432,
2924605059,-10.0395304,
2925205019,-10.34703775,
2925804979,-10.11518812,
2926404939,-10.27997836,
2927004899,-10.15041065,
2927604859,-10.20518045,
2928204819,-10.20320589,
2928804779,-10.3112977,
2929404739,-10.27873114,
2930004699,-10.3141611,
2930604659,-10.31569364,
2931204619,-10.2240017,
2931804579,-10.24754553,
2932404539,-10.17301026,
2933004499,-10.19171032,
2933604459,-10.23950301,
2934204419,-10.25360272,
2934804379,-10.28079807,
2935404339,-10.3128756,
2936004299,-10.38674974,
2936604259,-10.31349029,
2937204219,-10.2409897,
2937804179,-10.33458625,
2938404139,-10.24113317,
2939004099,-10.37753144,
2939604059,-10.47821801,
2940204019,-10.3033831,
2940803979,-10.32335765,
2941403939,-10.46700214,
2942003899,-10.47714779,
2942603859,-10.36152773,
2943203819,-10.41940379,
2943803779,-10.38907052,
2944403739,-10.29732066,
2945003699,-10.37737885,
2945603659,-10.44029906,
2946203619,-10.4541462,
2946803579,-10.41523041,
2947403539,-10.55772458,
2948003499,-10.44903902,
2948603459,-10.35011595,
2949203419,-10.47899315,
2949803379,-10.54772224,
2950403339,-10.33260243,
2951003299,-10.30914033,
2951603259,-10.33228173,
2952203219,-10.32452917,
2952803179,-10.47308777,
2953403139,-10.37214325,
2954003099,-10.41305715,
2954603059,-10.424033,
2955203019,-10.34617815,
2955802979,-10.59332742,
2956402939,-10.47324163,
2957002899,-10.53954984,
2957602859,-10.44418162,
2958202819,-10.31921143,
2958802779,-10.47901398,
2959402739,-10.45724829,
2960002699,-10.35482968,
2960602659,-10.53154455,
2961202619,-10.57619468,
2961802579,-10.55056202,
2962402539,-10.46187748,
2963002499,-10.38957873,
2963602459,-10.47455162,
2964202419,-10.57987115,
2964802379,-10.43163068,
2965402339,-10.48796672,
2966002299,-10.39298972,
2966602259,-10.65301783,
2967202219,-10.46211433,
2967802179,-10.35269911,
2968402139,-10.44246473,
2969002099,-10.5509849,
2969602059,-10.33697611,
2970202019,-10.41428383,
2970801979,-10.36643329,
2971401939,-10.60777365,
2972001899,-10.55786153,
2972601859,-10.43502448,
2973201819,-10.41198293,
2973801779,-10.3499025,
2974401739,-10.26698562,
2975001699,-10.22268561,
2975601659,-10.43399715,
2976201619,-10.45688406,
2976801579,-10.39559701,
2977401539,-10.38490781,
2978001499,-10.41038449,
2978601459,-10.45733263,
2979201419,-10.24694647,
2979801379,-10.42506656,
2980401339,-10.4255786,
2981001299,-10.42369378,
2981601259,-10.27590053,
2982201219,-10.30525218,
2982801179,-10.23782797,
2983401139,-10.24334902,
2984001099,-10.15754709,
2984601059,-10.23284084,
2985201019,-10.21214652,
2985800979,-10.27641103,
2986400939,-10.27272324,
2987000899,-10.30979905,
2987600859,-10.18371621,
2988200819,-10.23430482,
2988800779,-10.10244036,
2989400739,-10.39383553,
2990000699,-10.21850624,
2990600659,-10.02893186,
2991200619,-10.16194737,
2991800579,-10.34442862,
2992400539,-10.25641823,
2993000499,-10.44648939,
2993600459,-10.21834543,
2994200419,-10.1489094,
2994800379,-10.18365771,
2995400339,-10.15566917,
2996000299,-10.2148506,
2996600259,-10.48453808,
2997200219,-10.21314967,
2997800179,-10.17026721,
2998400139,-10.02693188,
2999000099,-10.23119241,
2999600059,-10.19459555,
3000200019,-10.14864075,
3000799979,-10.08095831,
3001399939,-10.29702562,
3001999899,-10.20278421,
3002599859,-10.22126468,
3003199819,-10.12206213,
3003799779,-10.01957873,
3004399739,-10.11531778,
3004999699,-10.24615758,
3005599659,-10.04168291,
3006199619,-10.04402433,
3006799579,-10.04302007,
3007399539,-9.991990102,
3007999499,-10.03294672,
3008599459,-10.00777801,
3009199419,-10.03385878,
3009799379,-10.02768994,
3010399339,-10.10086784,
3010999299,-10.01823174,
3011599259,-10.04237192,
3012199219,-10.09483721,
3012799179,-9.96936237,
3013399139,-9.935489077,
3013999099,-10.03847733,
3014599059,-9.981339816,
3015199019,-9.994149392,
3015798979,-10.00360577,
3016398939,-10.00801435,
3016998899,-9.989792978,
3017598859,-9.962929932,
3018198819,-9.976325471,
3018798779,-10.01542322,
3019398739,-9.916561549,
3019998699,-9.944341922,
3020598659,-9.939407875,
3021198619,-9.937031119,
3021798579,-9.985796322,
3022398539,-9.894479864,
3022998499,-9.971814713,
3023598459,-9.970796067,
3024198419,-10.03945908,
3024798379,-9.905700924,
3025398339,-10.03800526,
3025998299,-10.03432854,
3026598259,-9.883914284,
3027198219,-9.874298984,
3027798179,-9.954786437,
3028398139,-9.934759966,
3028998099,-9.887885974,
3029598059,-9.910231747,
3030198019,-9.920459273,
3030797979,-9.892907979,
3031397939,-10.02155365,
3031997899,-10.05507559,
3032597859,-10.02490787,
3033197819,-9.907606638,
3033797779,-9.878108063,
3034397739,-9.907446702,
3034997699,-10.02567611,
3035597659,-9.836466495,
3036197619,-9.924512771,
3036797579,-10.04927317,
3037397539,-9.880876846,
3037997499,-9.991039574,
3038597459,-9.961436395,
3039197419,-9.908649379,
3039797379,-9.89768302,
3040397339,-9.941995145,
3040997299,-9.933311607,
3041597259,-9.87394983,
3042197219,-9.957921962,
3042797179,-10.04372115,
3043397139,-9.949520794,
3043997099,-9.95121223,
3044597059,-9.963398058,
3045197019,-9.839660933,
3045796979,-9.963121746,
3046396939,-9.850212261,
3046996899,-9.952086272,
3047596859,-10.02099283,
3048196819,-9.916882381,
3048796779,-10.03172024,
3049396739,-10.01695864,
3049996699,-10.00290635,
3050596659,-9.96574578,
3051196619,-9.911715661,
3051796579,-10.00588129,
3052396539,-10.01473896,
3052996499,-10.07946072,
3053596459,-9.931024227,
3054196419,-9.913500053,
3054796379,-9.977040093,
3055396339,-10.0076435,
3055996299,-10.22022164,
3056596259,-9.999737036,
3057196219,-10.07900654,
3057796179,-10.11064939,
3058396139,-9.985963927,
3058996099,-10.03572441,
3059596059,-10.05498045,
3060196019,-10.03460437,
3060795979,-10.11868549,
3061395939,-10.05136023,
3061995899,-10.05412195,
3062595859,-9.969417147,
3063195819,-10.1284822,
3063795779,-10.1572214,
3064395739,-10.00037108,
3064995699,-10.07401693,
3065595659,-10.15757059,
3066195619,-10.11407841,
3066795579,-10.0842202,
3067395539,-10.15381517,
3067995499,-10.1142038,
3068595459,-10.10692723,
3069195419,-10.127988,
3069795379,-10.18160766,
3070395339,-10.15365328,
3070995299,-10.07247247,
3071595259,-9.99575499,
3072195219,-10.06436498,
3072795179,-10.11123685,
3073395139,-10.159758,
3073995099,-10.12482643,
3074595059,-10.19249572,
3075195019,-10.20024873,
3075794979,-10.15333673,
3076394939,-9.972182732,
3076994899,-10.25446026,
3077594859,-10.15941584,
3078194818,-10.25629484,
3078794778,-10.21056133,
3079394738,-10.12891761,
3079994698,-10.27330665,
3080594658,-10.16903576,
3081194618,-10.09999738,
3081794578,-10.16625928,
3082394538,-10.18263155,
3082994498,-10.13237102,
3083594458,-10.15479834,
3084194418,-10.36581587,
3084794378,-10.1305234,
3085394338,-10.26399193,
3085994298,-10.21717165,
3086594258,-10.23799447,
3087194218,-10.30822315,
3087794178,-10.40828916,
3088394138,-10.25740229,
3088994098,-10.17620767,
3089594058,-10.46505758,
3090194018,-10.24581516,
3090793978,-10.25589236,
3091393938,-10.37232422,
3091993898,-10.32288018,
3092593858,-10.14830157,
3093193818,-10.25936334,
3093793778,-10.37418206,
3094393738,-10.36638563,
3094993698,-10.48745979,
3095593658,-10.28227293,
3096193618,-10.41304758,
3096793578,-10.4269182,
3097393538,-10.45584839,
3097993498,-10.4049863,
3098593458,-10.51362115,
3099193418,-10.3947767,
3099793378,-10.29548925,
3100393338,-10.39441029,
3100993298,-10.53890446,
3101593258,-10.43156552,
3102193218,-10.44375908,
3102793178,-10.51181271,
3103393138,-10.42111218,
3103993098,-10.47929626,
3104593058,-10.60722398,
3105193018,-10.64508216,
3105792978,-10.46899023,
3106392938,-10.38106588,
3106992898,-10.48707304,
3107592858,-10.61417073,
3108192818,-10.6233206,
3108792778,-10.49926158,
3109392738,-10.48615032,
3109992698,-10.58809286,
3110592658,-10.64173993,
3111192618,-10.44441636,
3111792578,-10.67099131,
3112392538,-10.6188437,
3112992498,-10.64501404,
3113592458,-10.40529977,
3114192418,-10.66088639,
3114792378,-10.63805438,
3115392338,-10.59846889,
3115992298,-10.5003323,
3116592258,-10.73135553,
3117192218,-10.90510929,
3117792178,-10.64667751,
3118392138,-10.6927004,
3118992098,-10.71310807,
3119592058,-10.66649311,
3120192018,-10.80865681,
3120791978,-10.77786481,
3121391938,-10.76739071,
3121991898,-10.57584142,
3122591858,-10.61579045,
3123191818,-10.9288152,
3123791778,-10.6759211,
3124391738,-10.84333576,
3124991698,-10.92414831,
3125591658,-10.69252543,
3126191618,-10.68156627,
3126791578,-10.77888639,
3127391538,-10.8169687,
3127991498,-11.03141002,
3128591458,-10.95133733,
3129191418,-11.05510861,
3129791378,-10.80395767,
3130391338,-10.88285408,
3130991298,-10.88359697,
3131591258,-10.95769537,
3132191218,-11.07981433,
3132791178,-11.01588725,
3133391138,-10.92374778,
3133991098,-11.23368031,
3134591058,-10.97570843,
3135191018,-10.93145111,
3135790978,-11.10496617,
3136390938,-11.19335776,
3136990898,-11.06134319,
3137590858,-11.11636055,
3138190818,-11.20086245,
3138790778,-11.29648697,
3139390738,-11.20178943,
3139990698,-11.09766567,
3140590658,-11.29166914,
3141190618,-11.27432951,
3141790578,-11.28394506,
3142390538,-11.25121703,
3142990498,-11.22819517,
3143590458,-11.25415837,
3144190418,-11.34593303,
3144790378,-11.50232177,
3145390338,-11.31969505,
3145990298,-11.33762934,
3146590258,-11.35604149,
3147190218,-11.28550639,
3147790178,-11.38728476,
3148390138,-11.37107793,
3148990098,-11.49979056,
3149590058,-11.2229716,
3150190018,-11.46526651,
3150789978,-11.34109889,
3151389938,-11.34009415,
3151989898,-11.44479915,
3152589858,-11.5021582,
3153189818,-11.34230902,
3153789778,-11.38973325,
3154389738,-11.39493028,
3154989698,-11.49336696,
3155589658,-11.47298465,
3156189618,-11.46366489,
3156789578,-11.47944829,
3157389538,-11.42634418,
3157989498,-11.36488461,
3158589458,-11.45401357,
3159189418,-11.43497594,
3159789378,-11.42083819,
3160389338,-11.55245639,
3160989298,-11.34977721,
3161589258,-11.38677393,
3162189218,-11.51302597,
3162789178,-11.533395,
3163389138,-11.45546099,
3163989098,-11.462681,
3164589058,-11.31790994,
3165189018,-11.4941472,
3165788978,-11.38819345,
3166388938,-11.37183448,
3166988898,-11.46663125,
3167588858,-11.3587066,
3168188818,-11.45115858,
3168788778,-11.48468418,
3169388738,-11.59348235,
3169988698,-11.49971665,
3170588658,-11.42325005,
3171188618,-11.51322192,
3171788578,-11.49850101,
3172388538,-11.47691797,
3172988498,-11.58512971,
3173588458,-11.52355667,
3174188418,-11.52300253,
3174788378,-11.49766211,
3175388338,-11.42111504,
3175988298,-11.65460228,
3176588258,-11.48782179,
3177188218,-11.47535548,
3177788178,-11.53202276,
3178388138,-11.48542461,
3178988098,-11.49323279,
3179588058,-11.52848156,
3180188018,-11.54729081,
3180787978,-11.44530466,
3181387938,-11.58823108,
3181987898,-11.61151746,
3182587858,-11.5070856,
3183187818,-11.57243875,
3183787778,-11.49617681,
3184387738,-11.56533778,
3184987698,-11.60802825,
3185587658,-11.64544473,
3186187618,-11.47667208,
3186787578,-11.52348015,
3187387538,-11.4473334,
3187987498,-11.57082548,
3188587458,-11.48904689,
3189187418,-11.54855303,
3189787378,-11.44059892,
3190387338,-11.53453227,
3190987298,-11.50985183,
3191587258,-11.5224214,
3192187218,-11.59237286,
3192787178,-11.47308345,
3193387138,-11.67623223,
3193987098,-11.55738408,
3194587058,-11.45204623,
3195187018,-11.53523142,
3195786978,-11.48470005,
3196386938,-11.51403749,
3196986898,-11.52975521,
3197586858,-11.43710981,
3198186818,-11.45084445,
3198786778,-11.5288176,
3199386738,-11.57936317,
3199986698,-11.50660186,
3200586658,-11.53437921,
3201186618,-11.47169956,
3201786578,-11.46777642,
3202386538,-11.45115576,
3202986498,-11.42051297,
3203586458,-11.50828559,
3204186418,-11.52556951,
3204786378,-11.5273178,
3205386338,-11.41252804,
3205986298,-11.44984459,
3206586258,-11.51217029,
3207186218,-11.56793179,
3207786178,-11.49405452,
3208386138,-11.3410558,
3208986098,-11.31658152,
3209586058,-11.52220603,
3210186018,-11.49309862,
3210785978,-11.47264942,
3211385938,-11.56242862,
3211985898,-11.44931813,
3212585858,-11.51040177,
3213185818,-11.3677851,
3213785778,-11.42979748,
3214385738,-11.39210497,
3214985698,-11.43512076,
3215585658,-11.44764683,
3216185618,-11.34659265,
3216785578,-11.25411168,
3217385538,-11.41520314,
3217985498,-11.29791882,
3218585458,-11.33188479,
3219185418,-11.39379713,
3219785378,-11.35843659,
3220385338,-11.42503775,
3220985298,-11.39464044,
3221585258,-11.36412029,
3222185218,-11.39292454,
3222785178,-11.36813783,
3223385138,-11.28776615,
3223985098,-11.32076155,
3224585058,-11.27518832,
3225185018,-11.30665517,
3225784978,-11.31024315,
3226384938,-11.30882668,
3226984898,-11.39227566,
3227584858,-11.29620889,
3228184818,-11.34697955,
3228784778,-11.33497227,
3229384738,-11.26762997,
3229984698,-11.1996565,
3230584658,-11.22936464,
3231184618,-11.19780115,
3231784578,-11.11264897,
3232384537,-11.20833415,
3232984497,-11.15896941,
3233584457,-11.29515389,
3234184417,-11.09261701,
3234784377,-11.11112929,
3235384337,-11.28745337,
3235984297,-11.23851044,
3236584257,-11.17914521,
3237184217,-11.15494827,
3237784177,-11.09437552,
3238384137,-11.150704,
3238984097,-11.33750273,
3239584057,-11.09305947,
3240184017,-10.95639229,
3240783977,-11.25569268,
3241383937,-11.02941748,
3241983897,-11.00005423,
3242583857,-11.18171377,
3243183817,-11.11362532,
3243783777,-11.1037734,
3244383737,-11.1968177,
3244983697,-11.13084903,
3245583657,-11.13245889,
3246183617,-11.16273217,
3246783577,-11.13003139,
3247383537,-11.12151603,
3247983497,-11.0685025,
3248583457,-11.12302865,
3249183417,-11.13608729,
3249783377,-10.8340971,
3250383337,-11.09066799,
3250983297,-11.03763921,
3251583257,-11.05037158,
3252183217,-11.0336106,
3252783177,-11.00510181,
3253383137,-11.04295168,
3253983097,-10.91117215,
3254583057,-11.00190344,
3255183017,-11.01277452,
3255782977,-11.08460552,
3256382937,-10.8419136,
3256982897,-10.83480165,
3257582857,-10.97175296,
3258182817,-10.95333979,
3258782777,-10.87585971,
3259382737,-10.95496809,
3259982697,-10.86749738,
3260582657,-11.00979204,
3261182617,-10.90958083,
3261782577,-11.02167014,
3262382537,-11.06819777,
3262982497,-11.02720911,
3263582457,-11.03116805,
3264182417,-10.9557101,
3264782377,-10.96903067,
3265382337,-10.94931751,
3265982297,-10.90949348,
3266582257,-10.91556421,
3267182217,-10.93855438,
3267782177,-10.96844126,
3268382137,-10.80605643,
3268982097,-11.00376507,
3269582057,-10.95165742,
3270182017,-10.89668851,
3270781977,-10.90658364,
3271381937,-10.96651089,
3271981897,-10.98587831,
3272581857,-10.97588327,
3273181817,-10.95740008,
3273781777,-10.8481897,
3274381737,-10.9094011,
3274981697,-10.97891423,
3275581657,-10.78228961,
3276181617,-10.97865029,
3276781577,-10.88066201,
3277381537,-10.87761336,
3277981497,-10.75716679,
3278581457,-10.98634815,
3279181417,-11.01241117,
3279781377,-10.74372776,
3280381337,-10.83054049,
3280981297,-10.84007406,
3281581257,-10.88621215,
3282181217,-10.96176728,
3282781177,-10.80180004,
3283381137,-10.91932866,
3283981097,-10.83414664,
3284581057,-10.86075888,
3285181017,-10.81971469,
3285780977,-10.97553396,
3286380937,-11.09679612,
3286980897,-10.94077648,
3287580857,-10.82291067,
3288180817,-10.95513522,
3288780777,-10.82470506,
3289380737,-10.94493768,
3289980697,-10.91677737,
3290580657,-10.98957867,
3291180617,-10.87118162,
3291780577,-10.86232068,
3292380537,-10.88635658,
3292980497,-11.05546094,
3293580457,-10.92206368,
3294180417,-10.99890705,
3294780377,-10.94044447,
3295380337,-10.82958744,
3295980297,-11.00747859,
3296580257,-10.84699555,
3297180217,-10.84645636,
3297780177,-10.82953998,
3298380137,-10.93087474,
3298980097,-10.81701968,
3299580057,-10.85603151,
3300180017,-10.76922295,
3300779977,-10.73482235,
3301379937,-10.792049,
3301979897,-10.85969882,
3302579857,-10.85493495,
3303179817,-10.85326909,
3303779777,-10.84468878,
3304379737,-10.8515365,
3304979697,-10.89465238,
3305579657,-10.77404715,
3306179617,-10.80794441,
3306779577,-10.77885979,
3307379537,-10.82468336,
3307979497,-10.95666293,
3308579457,-10.86864627,
3309179417,-10.80012042,
3309779377,-11.03917725,
3310379337,-10.82067746,
3310979297,-10.78021995,
3311579257,-10.82932823,
3312179217,-10.96944299,
3312779177,-10.80498155,
3313379137,-11.04513108,
3313979097,-10.80100035,
3314579057,-10.87960713,
3315179017,-10.83933197,
3315778977,-10.89927209,
3316378937,-10.94888469,
3316978897,-11.07692553,
3317578857,-10.98678597,
3318178817,-10.8807615,
3318778777,-11.08995006,
3319378737,-10.97933376,
3319978697,-10.79276611,
3320578657,-10.86861525,
3321178617,-11.16215069,
3321778577,-11.0249325,
3322378537,-10.92453573,
3322978497,-11.06690325,
3323578457,-10.96998001,
3324178417,-10.9937481,
3324778377,-10.98154319,
3325378337,-10.96554341,
3325978297,-11.03965149,
3326578257,-10.85306351,
3327178217,-10.9773581,
3327778177,-10.96623299,
3328378137,-11.00106469,
3328978097,-11.00810008,
3329578057,-11.0162164,
3330178017,-11.00166149,
3330777977,-11.17695298,
3331377937,-11.05135162,
3331977897,-10.99037881,
3332577857,-11.10900684,
3333177817,-10.9098502,
3333777777,-11.07633899,
3334377737,-11.01585621,
3334977697,-11.18284333,
3335577657,-11.1464192,
3336177617,-11.06759534,
3336777577,-11.21960066,
3337377537,-11.32423414,
3337977497,-11.21364633,
3338577457,-11.14709822,
3339177417,-11.14311418,
3339777377,-11.03503773,
3340377337,-11.10335151,
3340977297,-11.22203229,
3341577257,-11.0116733,
3342177217,-11.10995147,
3342777177,-11.20103508,
3343377137,-11.08492091,
3343977097,-11.33129532,
3344577057,-11.19862905,
3345177017,-11.19224113,
3345776977,-11.18772578,
3346376937,-11.30670781,
3346976897,-11.21917912,
3347576857,-10.95356054,
3348176817,-11.22709368,
3348776777,-11.40676966,
3349376737,-11.04013494,
3349976697,-11.11435973,
3350576657,-11.23975595,
3351176617,-11.190315,
3351776577,-11.27367499,
3352376537,-11.25374657,
3352976497,-11.30479408,
3353576457,-11.35074676,
3354176417,-11.45901018,
3354776377,-11.35136668,
3355376337,-11.4361088,
3355976297,-11.15988932,
3356576257,-11.34040807,
3357176217,-11.35007341,
3357776177,-11.30129074,
3358376137,-11.28842105,
3358976097,-11.34507329,
3359576057,-11.13450535,
3360176017,-11.30825888,
3360775977,-11.38573718,
3361375937,-11.38401447,
3361975897,-11.45057893,
3362575857,-11.35236028,
3363175817,-11.43973402,
3363775777,-11.28352496,
3364375737,-11.23902564,
3364975697,-11.50409698,
3365575657,-11.4839855,
3366175617,-11.40668283,
3366775577,-11.37583483,
3367375537,-11.26024702,
3367975497,-11.44807939,
3368575457,-11.39844147,
3369175417,-11.35127749,
3369775377,-11.23741011,
3370375337,-11.52900621,
3370975297,-11.80617651,
3371575257,-11.48301708,
3372175217,-11.61100032,
3372775177,-11.45326992,
3373375137,-11.44603812,
3373975097,-11.64741597,
3374575057,-11.41174382,
3375175017,-11.5574268,
3375774977,-11.67201483,
3376374937,-11.51828577,
3376974897,-11.79242688,
3377574857,-11.23354534,
3378174817,-11.48584393,
3378774777,-11.79135844,
3379374737,-11.37193728,
3379974697,-11.51121911,
3380574657,-11.59721013,
3381174617,-11.61958828,
3381774577,-11.74895233,
3382374537,-11.38616041,
3382974497,-11.57251419,
3383574457,-11.50957331,
3384174417,-11.700598,
3384774377,-11.64036964,
3385374337,-11.53196728,
3385974296,-11.48964061,
3386574256,-11.50650223,
3387174216,-11.88439149,
3387774176,-11.61102842,
3388374136,-11.60656314,
3388974096,-11.52920792,
3389574056,-11.47863044,
3390174016,-11.59097543,
3390773976,-11.6256405,
3391373936,-11.5458701,
3391973896,-11.48144641,
3392573856,-11.74618936,
3393173816,-11.55756534,
3393773776,-11.66135093,
3394373736,-11.81023393,
3394973696,-11.60386311,
3395573656,-11.70188705,
3396173616,-11.63566186,
3396773576,-11.92397749,
3397373536,-11.78243793,
3397973496,-11.79833564,
3398573456,-11.77002902,
3399173416,-11.66656071,
3399773376,-11.68543043,
3400373336,-11.46570408,
3400973296,-11.91748125,
3401573256,-11.79662176,
3402173216,-11.8424591,
3402773176,-11.76752535,
3403373136,-11.91169963,
3403973096,-11.59252174,
3404573056,-11.90410171,
3405173016,-11.87437369,
3405772976,-11.73917808,
3406372936,-12.06447796,
3406972896,-11.89707956,
3407572856,-11.89681957,
3408172816,-11.75890001,
3408772776,-12.00506785,
3409372736,-11.65169922,
3409972696,-11.76750695,
3410572656,-11.663477,
3411172616,-12.02205004,
3411772576,-12.16744776,
3412372536,-12.0258879,
3412972496,-12.10745234,
3413572456,-11.88857757,
3414172416,-12.14893071,
3414772376,-12.15061904,
3415372336,-11.95950719,
3415972296,-11.90825732,
3416572256,-11.99407908,
3417172216,-12.0116497,
3417772176,-12.14910793,
3418372136,-12.13901089,
3418972096,-12.216066,
3419572056,-12.15526836,
3420172016,-11.94703038,
3420771976,-12.20311612,
3421371936,-12.15223946,
3421971896,-12.03399013,
3422571856,-12.14021061,
3423171816,-12.13864869,
3423771776,-11.99473554,
3424371736,-12.07287723,
3424971696,-11.96825631,
3425571656,-12.19537247,
3426171616,-12.1810357,
3426771576,-11.92398392,
3427371536,-12.14668333,
3427971496,-12.34396917,
3428571456,-12.14947087,
3429171416,-11.98172609,
3429771376,-12.06666348,
3430371336,-12.01109815,
3430971296,-12.11702236,
3431571256,-12.20294588,
3432171216,-12.27026902,
3432771176,-12.03488021,
3433371136,-12.10068854,
3433971096,-11.98642286,
3434571056,-11.95881717,
3435171016,-12.19126685,
3435770976,-12.1717764,
3436370936,-12.34387837,
3436970896,-12.15866683,
3437570856,-11.92691624,
3438170816,-12.07242618,
3438770776,-12.08022236,
3439370736,-12.34764231,
3439970696,-12.09175704,
3440570656,-12.02180316,
3441170616,-12.21017975,
3441770576,-12.07276027,
3442370536,-12.30267039,
3442970496,-12.16055965,
3443570456,-12.23677264,
3444170416,-12.13228948,
3444770376,-12.31837207,
3445370336,-12.26721935,
3445970296,-11.99966274,
3446570256,-11.99109405,
3447170216,-11.98565353,
3447770176,-12.46675706,
3448370136,-12.14639209,
3448970096,-12.23141612,
3449570056,-12.04372019,
3450170016,-11.95419219,
3450769976,-12.22008791,
3451369936,-11.955147,
3451969896,-12.07847263,
3452569856,-11.94177388,
3453169816,-12.25893863,
3453769776,-12.08476427,
3454369736,-12.13911204,
3454969696,-12.11067883,
3455569656,-12.00701061,
3456169616,-11.94209286,
3456769576,-12.04996231,
3457369536,-11.98980483,
3457969496,-11.93394556,
3458569456,-12.10870149,
3459169416,-12.16984195,
3459769376,-11.87208786,
3460369336,-11.88401375,
3460969296,-12.18342027,
3461569256,-11.9708977,
3462169216,-11.94330787,
3462769176,-12.03520423,
3463369136,-11.92934621,
3463969096,-11.93328377,
3464569056,-11.94822819,
3465169016,-11.89985455,
3465768976,-11.9318792,
3466368936,-11.79429271,
3466968896,-11.90568088,
3467568856,-11.75167589,
3468168816,-11.92520305,
3468768776,-12.10001223,
3469368736,-11.92408475,
3469968696,-11.97686064,
3470568656,-11.70227248,
3471168616,-11.94511245,
3471768576,-11.76179728,
3472368536,-11.88919619,
3472968496,-11.83102993,
3473568456,-11.81980387,
3474168416,-11.93787517,
3474768376,-11.68795131,
3475368336,-11.87173719,
3475968296,-11.57094243,
3476568256,-11.58800287,
3477168216,-11.59326437,
3477768176,-11.56975775,
3478368136,-11.80945013,
3478968096,-11.6235851,
3479568056,-11.62971976,
3480168016,-11.61157278,
3480767976,-11.60164167,
3481367936,-11.63818176,
3481967896,-11.66998749,
3482567856,-11.74185113,
3483167816,-11.54118443,
3483767776,-11.69988969,
3484367736,-11.5993672,
3484967696,-11.62076382,
3485567656,-11.43355569,
3486167616,-11.32996399,
3486767576,-11.71596344,
3487367536,-11.4357842,
3487967496,-11.4054647,
3488567456,-11.35732659,
3489167416,-11.40556979,
3489767376,-11.38844707,
3490367336,-11.66300217,
3490967296,-11.50575804,
3491567256,-11.76172994,
3492167216,-11.55239141,
3492767176,-11.68887407,
3493367136,-11.60091802,
3493967096,-11.68527794,
3494567056,-11.64227008,
3495167016,-11.62417115,
3495766976,-11.60788243,
3496366936,-11.53314694,
3496966896,-11.59529449,
3497566856,-11.50273775,
3498166816,-11.53153057,
3498766776,-11.35987522,
3499366736,-11.19613586,
3499966696,-11.52675254,
3500566656,-11.36182161,
3501166616,-11.35974257,
3501766576,-11.36458584,
3502366536,-11.24708494,
3502966496,-11.32344275,
3503566456,-11.33533539,
3504166416,-11.116688,
3504766376,-11.31814684,
3505366336,-11.28721222,
3505966296,-11.26317421,
3506566256,-11.08035713,
3507166216,-11.25337482,
3507766176,-11.39050578,
3508366136,-11.22921925,
3508966096,-11.38840862,
3509566056,-11.3457975,
3510166016,-11.34886449,
3510765976,-11.30251573,
3511365936,-11.41407531,
3511965896,-11.23204487,
3512565856,-11.30802203,
3513165816,-11.18024726,
3513765776,-11.31512119,
3514365736,-11.33959504,
3514965696,-11.30077936,
3515565656,-11.27419206,
3516165616,-11.19684183,
3516765576,-11.17865204,
3517365536,-11.31769491,
3517965496,-11.38514906,
3518565456,-11.25759463,
3519165416,-11.09941635,
3519765376,-11.5109253,
3520365336,-11.30816842,
3520965296,-11.28776581,
3521565256,-11.14216173,
3522165216,-11.32870485,
3522765176,-11.37880165,
3523365136,-11.30502398,
3523965096,-11.14967508,
3524565056,-11.18898389,
3525165016,-11.31085514,
3525764976,-11.21371351,
3526364936,-11.21551249,
3526964896,-11.45687739,
3527564856,-11.12058765,
3528164816,-11.23759639,
3528764776,-11.02143238,
3529364736,-11.10028363,
3529964696,-11.25343389,
3530564656,-11.32325712,
3531164616,-11.09852609,
3531764576,-11.28596512,
3532364536,-11.28656744,
3532964496,-11.29352271,
3533564456,-11.05845111,
3534164416,-11.19499931,
3534764376,-11.21557773,
3535364336,-11.19127149,
3535964296,-11.36270893,
3536564256,-11.20349353,
3537164216,-11.28029434,
3537764176,-11.35724258,
3538364136,-11.13305258,
3538964096,-11.2836744,
3539564055,-11.38313441,
3540164015,-11.15593764,
3540763975,-11.15030754,
3541363935,-11.18010521,
3541963895,-11.25537427,
3542563855,-11.22608414,
3543163815,-11.31171368,
3543763775,-11.3192324,
3544363735,-11.20146441,
3544963695,-11.11648812,
3545563655,-11.27819293,
3546163615,-11.29538421,
3546763575,-11.25335004,
3547363535,-11.22692753,
3547963495,-11.17295367,
3548563455,-11.38112324,
3549163415,-11.30724443,
3549763375,-11.3085797,
3550363335,-11.26841941,
3550963295,-11.23518966,
3551563255,-11.1539574,
3552163215,-11.31261611,
3552763175,-11.33346604,
3553363135,-11.25687276,
3553963095,-11.37569542,
3554563055,-11.20375919,
3555163015,-11.0329974,
3555762975,-11.14517824,
3556362935,-11.19618178,
3556962895,-11.3765443,
3557562855,-11.16914059,
3558162815,-11.39608766,
3558762775,-11.16252318,
3559362735,-11.40274226,
3559962695,-11.12576193,
3560562655,-11.40988986,
3561162615,-11.22288547,
3561762575,-11.32320404,
3562362535,-11.12136653,
3562962495,-11.10817263,
3563562455,-11.35914843,
3564162415,-11.34567253,
3564762375,-11.31916449,
3565362335,-11.31358797,
3565962295,-11.29101996,
3566562255,-11.35857102,
3567162215,-11.37335511,
3567762175,-11.13224995,
3568362135,-11.31715982,
3568962095,-11.3912354,
3569562055,-11.46395606,
3570162015,-11.17771601,
3570761975,-11.50654645,
3571361935,-11.39272443,
3571961895,-11.21915828,
3572561855,-11.30455427,
3573161815,-11.24890787,
3573761775,-11.3061236,
3574361735,-11.44802914,
3574961695,-11.34970195,
3575561655,-11.11586231,
3576161615,-11.23528509,
3576761575,-11.45678253,
3577361535,-11.52407854,
3577961495,-11.39118052,
3578561455,-11.32230504,
3579161415,-11.41931789,
3579761375,-11.24594996,
3580361335,-11.47505132,
3580961295,-11.3435474,
3581561255,-11.25939998,
3582161215,-11.47314081,
3582761175,-11.30368155,
3583361135,-11.34810529,
3583961095,-11.55930479,
3584561055,-11.28351863,
3585161015,-11.23582422,
3585760975,-11.26703076,
3586360935,-11.17879107,
3586960895,-11.45349102,
3587560855,-11.28602724,
3588160815,-11.44133125,
3588760775,-11.32092558,
3589360735,-11.64678931,
3589960695,-11.50969521,
3590560655,-11.32837209,
3591160615,-11.43608319,
3591760575,-11.55037125,
3592360535,-11.46651901,
3592960495,-11.41717502,
3593560455,-11.68602881,
3594160415,-11.47242316,
3594760375,-11.3363748,
3595360335,-11.41131724,
3595960295,-11.29936501,
3596560255,-11.53046879,
3597160215,-11.63011195,
3597760175,-11.35152457,
3598360135,-11.42962426,
3598960095,-11.26141676,
3599560055,-11.65901271,
3600160015,-11.32432567,
3600759975,-11.66278703,
3601359935,-11.39424425,
3601959895,-11.61243879,
3602559855,-11.53766298,
3603159815,-11.55940044,
3603759775,-11.58175567,
3604359735,-11.5526042,
3604959695,-11.50393062,
3605559655,-11.55862279,
3606159615,-11.52238718,
3606759575,-11.71226736,
3607359535,-11.59416478,
3607959495,-11.60520936,
3608559455,-11.58123183,
3609159415,-11.56766669,
3609759375,-11.73775799,
3610359335,-11.61827236,
3610959295,-11.67364833,
3611559255,-11.72304757,
3612159215,-11.74931829,
3612759175,-11.68384336,
3613359135,-11.57788291,
3613959095,-11.66437619,
3614559055,-11.60106135,
3615159015,-11.93192492,
3615758975,-11.60495565,
3616358935,-11.66286757,
3616958895,-11.70811668,
3617558855,-11.88716078,
3618158815,-11.64747414,
3618758775,-11.83983085,
3619358735,-11.8289835,
3619958695,-11.87904456,
3620558655,-11.68971387,
3621158615,-12.03920922,
3621758575,-11.93769636,
3622358535,-11.9708802,
3622958495,-11.7168516,
3623558455,-11.99858635,
3624158415,-11.64278317,
3624758375,-12.03527103,
3625358335,-11.71256093,
3625958295,-11.71955406,
3626558255,-11.79452429,
3627158215,-11.79877093,
3627758175,-11.65945318,
3628358135,-11.94754723,
3628958095,-11.93025887,
3629558055,-11.87788601,
3630158015,-11.97879314,
3630757975,-12.07128731,
3631357935,-11.90483427,
3631957895,-12.23584314,
3632557855,-12.31911846,
3633157815,-11.96017682,
3633757775,-11.92286729,
3634357735,-11.84771842,
3634957695,-11.90713679,
3635557655,-11.90494534,
3636157615,-12.25990875,
3636757575,-12.06317945,
3637357535,-12.35254635,
3637957495,-12.39910219,
3638557455,-12.13799884,
3639157415,-12.41668142,
3639757375,-12.50082297,
3640357335,-12.23855478,
3640957295,-12.16867738,
3641557255,-12.35969964,
3642157215,-12.32906706,
3642757175,-12.38675973,
3643357135,-12.27370818,
3643957095,-12.29689475,
3644557055,-12.25354978,
3645157015,-12.27714596,
3645756975,-12.36936894,
3646356935,-12.24041522,
3646956895,-12.32762204,
3647556855,-12.2890043,
3648156815,-12.41915967,
3648756775,-12.48233276,
3649356735,-12.4678341,
3649956695,-12.3534144,
3650556655,-12.37659499,
3651156615,-12.41516767,
3651756575,-12.44668098,
3652356535,-12.46433796,
3652956495,-12.54123309,
3653556455,-12.46996858,
3654156415,-12.19066031,
3654756375,-12.73837513,
3655356335,-12.29494839,
3655956295,-12.54558135,
3656556255,-12.60426186,
3657156215,-12.5159364,
3657756175,-12.6880167,
3658356135,-12.48687433,
3658956095,-12.53742548,
3659556055,-12.661711,
3660156015,-12.63989828,
3660755975,-12.50729442,
3661355935,-12.40633331,
3661955895,-12.48776233,
3662555855,-12.63045571,
3663155815,-12.2641936,
3663755775,-12.6852048,
3664355735,-12.55345466,
3664955695,-12.41717856,
3665555655,-12.5022617,
3666155615,-12.35809423,
3666755575,-12.70003263,
3667355535,-12.548766,
3667955495,-12.83768971,
3668555455,-12.61081544,
3669155415,-12.57649211,
3669755375,-12.73949003,
3670355335,-12.54551997,
3670955295,-12.59956767,
3671555255,-12.49189424,
3672155215,-12.61093072,
3672755175,-12.41616712,
3673355135,-12.47631376,
3673955095,-12.81129155,
3674555055,-12.70531855,
3675155015,-12.67270659,
3675754975,-12.64044978,
3676354935,-12.69887435,
3676954895,-12.54892722,
3677554855,-12.70740631,
3678154815,-12.56706974,
3678754775,-12.64867059,
3679354735,-12.91232128,
3679954695,-12.75677695,
3680554655,-12.69128652,
3681154615,-12.62889666,
3681754575,-12.71615603,
3682354535,-12.49059306,
3682954495,-12.68320156,
3683554455,-12.64489778,
3684154415,-12.70992175,
3684754375,-12.69855333,
3685354335,-12.78974312,
3685954295,-12.66692056,
3686554255,-12.70291739,
3687154215,-12.73080321,
3687754175,-12.74803364,
3688354135,-12.71811064,
3688954095,-12.74427335,
3689554055,-12.7190052,
3690154015,-12.81366073,
3690753975,-12.69978293,
3691353935,-12.69187369,
3691953895,-12.76803218,
3692553855,-12.59745154,
3693153815,-12.82102517,
3693753774,-12.65588023,
3694353734,-12.82392639,
3694953694,-12.75959432,
3695553654,-12.86767479,
3696153614,-12.6546642,
3696753574,-12.69285361,
3697353534,-12.55762898,
3697953494,-12.66688601,
3698553454,-12.60798863,
3699153414,-12.63495604,
3699753374,-12.66148648,
3700353334,-12.66224048,
3700953294,-12.71275068,
3701553254,-12.64924531,
3702153214,-12.78514065,
3702753174,-12.96842602,
3703353134,-12.73322742,
3703953094,-12.80703199,
3704553054,-12.78939407,
3705153014,-12.86144484,
3705752974,-12.78978248,
3706352934,-12.6734632,
3706952894,-12.6436564,
3707552854,-12.85528981,
3708152814,-12.6625528,
3708752774,-12.65909301,
3709352734,-12.84687024,
3709952694,-12.81987862,
3710552654,-12.70778122,
3711152614,-12.7308157,
3711752574,-12.58285768,
3712352534,-12.92804205,
3712952494,-12.76245256,
3713552454,-12.81575752,
3714152414,-12.80341331,
3714752374,-12.73694402,
3715352334,-12.87577551,
3715952294,-12.86663701,
3716552254,-12.88312053,
3717152214,-12.81876977,
3717752174,-12.68241446,
3718352134,-12.59792231,
3718952094,-12.71857145,
3719552054,-12.63732333,
3720152014,-12.66605653,
3720751974,-12.69741377,
3721351934,-12.50901611,
3721951894,-12.68370063,
3722551854,-12.66526831,
3723151814,-12.65878776,
3723751774,-12.70132278,
3724351734,-12.69770019,
3724951694,-12.59820197,
3725551654,-12.67838395,
3726151614,-12.76087709,
3726751574,-12.68736386,
3727351534,-12.73615481,
3727951494,-12.55133266,
3728551454,-12.73371385,
3729151414,-12.58423434,
3729751374,-12.63921095,
3730351334,-12.66234489,
3730951294,-12.67248926,
3731551254,-12.67054963,
3732151214,-12.50624254,
3732751174,-12.52863935,
3733351134,-12.63814914,
3733951094,-12.73708841,
3734551054,-12.68279082,
3735151014,-12.63923667,
3735750974,-12.61860087,
3736350934,-12.60788384,
3736950894,-12.61483463,
3737550854,-12.51300367,
3738150814,-12.54457597,
3738750774,-12.52449542,
3739350734,-12.65459126,
3739950694,-12.681961,
3740550654,-12.58036652,
3741150614,-12.63379524,
3741750574,-12.42327564,
3742350534,-12.55574461,
3742950494,-12.53672702,
3743550454,-12.64012539,
3744150414,-12.59017631,
3744750374,-12.64721861,
3745350334,-12.49928237,
3745950294,-12.50439739,
3746550254,-12.51937416,
3747150214,-12.71318524,
3747750174,-12.56623811,
3748350134,-12.62821738,
3748950094,-12.49074577,
3749550054,-12.58430731,
3750150014,-12.64367077,
3750749974,-12.65429501,
3751349934,-12.42525594,
3751949894,-12.42297411,
3752549854,-12.5910249,
3753149814,-12.51765528,
3753749774,-12.50226211,
3754349734,-12.54317206,
3754949694,-12.56809834,
3755549654,-12.75306831,
3756149614,-12.49302858,
3756749574,-12.52139073,
3757349534,-12.26807184,
3757949494,-12.51952357,
3758549454,-12.53825042,
3759149414,-12.44348039,
3759749374,-12.39533606,
3760349334,-12.52366435,
3760949294,-12.60071437,
3761549254,-12.81934734,
3762149214,-12.32325621,
3762749174,-12.53584927,
3763349134,-12.30094055,
3763949094,-12.41047946,
3764549054,-12.43458348,
3765149014,-12.51259125,
3765748974,-12.56685708,
3766348934,-12.46112842,
3766948894,-12.46648178,
3767548854,-12.57067483,
3768148814,-12.32423354,
3768748774,-12.3232491,
3769348734,-12.39417049,
3769948694,-12.41666704,
3770548654,-12.43724588,
3771148614,-12.43744476,
3771748574,-12.59160472,
3772348534,-12.24304627,
3772948494,-12.31595254,
3773548454,-12.48642139,
3774148414,-12.68496934,
3774748374,-12.29948691,
3775348334,-12.51633758,
3775948294,-12.51427842,
3776548254,-12.47173537,
3777148214,-12.32155963,
3777748174,-12.19710458,
3778348134,-12.30728152,
3778948094,-12.40595121,
3779548054,-12.34198979,
3780148014,-12.29756203,
3780747974,-12.26172544,
3781347934,-12.51541613,
3781947894,-12.26685783,
3782547854,-12.27220913,
3783147814,-12.35073955,
3783747774,-12.38844951,
3784347734,-12.31175794,
3784947694,-12.46630491,
3785547654,-12.24688896,
3786147614,-12.24729988,
3786747574,-12.39384265,
3787347534,-12.29384664,
3787947494,-12.32631349,
3788547454,-12.37020118,
3789147414,-12.29054878,
3789747374,-12.26026019,
3790347334,-12.37792607,
3790947294,-12.19120682,
3791547254,-12.20383875,
3792147214,-12.38909964,
3792747174,-12.46909631,
3793347134,-12.28211671,
3793947094,-12.15642723,
3794547054,-12.30411289,
3795147014,-12.4095547,
3795746974,-12.31493143,
3796346934,-12.17697529,
3796946894,-12.15457446,
3797546854,-12.36215088,
3798146814,-12.26006624,
3798746774,-12.34232945,
3799346734,-12.3353603,
3799946694,-12.48612141,
3800546654,-12.30491043,
3801146614,-12.20035674,
3801746574,-12.2204228,
3802346534,-12.20882644,
3802946494,-12.41021565,
3803546454,-12.49896929,
3804146414,-12.20409194,
3804746374,-12.33255183,
3805346334,-12.266517,
3805946294,-12.2907992,
3806546254,-12.08418595,
3807146214,-12.26061135,
3807746174,-12.25021303,
3808346134,-12.18790497,
3808946094,-12.16929963,
3809546054,-12.16461378,
3810146014,-12.31703467,
3810745974,-12.43453861,
3811345934,-12.33785935,
3811945894,-12.30406722,
3812545854,-12.05990892,
3813145814,-12.39439362,
3813745774,-12.41836546,
3814345734,-12.25087396,
3814945694,-12.09625611,
3815545654,-12.19385179,
3816145614,-12.16396161,
3816745574,-12.21399207,
3817345534,-12.26875224,
3817945494,-12.31866803,
3818545454,-12.32294695,
3819145414,-12.56144513,
3819745374,-12.37052031,
3820345334,-12.04479449,
3820945294,-12.3773954,
3821545254,-11.95681996,
3822145214,-12.16270118,
3822745174,-12.55004309,
3823345134,-12.23731594,
3823945094,-12.1813413,
3824545054,-12.25177379,
3825145014,-12.26047704,
3825744974,-12.31325394,
3826344934,-12.25409843,
3826944894,-12.33907292,
3827544854,-12.2167492,
3828144814,-12.24051561,
3828744774,-12.30296614,
3829344734,-12.07680209,
3829944694,-12.26152206,
3830544654,-12.42866386,
3831144614,-12.18774514,
3831744574,-12.22928833,
3832344534,-12.40466799,
3832944494,-12.30929651,
3833544454,-12.31077013,
3834144414,-12.35159954,
3834744374,-12.22123165,
3835344334,-12.36014433,
3835944294,-12.32782238,
3836544254,-12.35811592,
3837144214,-12.50441214,
3837744174,-12.32271972,
3838344134,-12.3966971,
3838944094,-12.19292931,
3839544054,-12.10117796,
3840144014,-12.19581806,
3840743974,-12.30131151,
3841343934,-12.40853865,
3841943894,-12.33574164,
3842543854,-12.27607491,
3843143814,-12.3924658,
3843743774,-12.5249903,
3844343734,-12.04205281,
3844943694,-12.36113727,
3845543654,-12.48456262,
3846143614,-12.45174455,
3846743574,-12.12150122,
3847343533,-12.11016146,
3847943493,-12.5228152,
3848543453,-12.31498042,
3849143413,-12.24927435,
3849743373,-12.3866026,
3850343333,-12.30581382,
3850943293,-12.2368839,
3851543253,-12.18241418,
3852143213,-12.31061258,
3852743173,-12.60241142,
3853343133,-12.49137799,
3853943093,-12.30299229,
3854543053,-12.41732403,
3855143013,-12.19922254,
3855742973,-12.38118799,
3856342933,-12.32639236,
3856942893,-12.36481864,
3857542853,-12.26783248,
3858142813,-12.61445824,
3858742773,-12.53057248,
3859342733,-12.54351927,
3859942693,-12.2873782,
3860542653,-12.44648475,
3861142613,-12.4980519,
3861742573,-12.39183471,
3862342533,-12.41080046,
3862942493,-12.03968984,
3863542453,-12.36349219,
3864142413,-12.51905951,
3864742373,-12.47184026,
3865342333,-12.5945513,
3865942293,-12.47512939,
3866542253,-12.41210011,
3867142213,-12.61733441,
3867742173,-12.42542979,
3868342133,-12.47902981,
3868942093,-12.68709897,
3869542053,-12.37786387,
3870142013,-12.47128595,
3870741973,-12.60708951,
3871341933,-12.4884835,
3871941893,-12.59907069,
3872541853,-12.40998049,
3873141813,-12.41656581,
3873741773,-12.60211737,
3874341733,-12.28977861,
3874941693,-12.29258425,
3875541653,-12.4908065,
3876141613,-12.5559169,
3876741573,-12.42008705,
3877341533,-12.30828113,
3877941493,-12.60582435,
3878541453,-12.49964145,
3879141413,-12.30504125,
3879741373,-12.47412584,
3880341333,-12.42868183,
3880941293,-12.45196312,
3881541253,-12.60793201,
3882141213,-12.62391737,
3882741173,-12.59096848,
3883341133,-12.61659189,
3883941093,-12.47744422,
3884541053,-12.70028062,
3885141013,-12.6962801,
3885740973,-12.30783613,
3886340933,-12.56051959,
3886940893,-12.59959042,
3887540853,-12.47747204,
3888140813,-12.47978589,
3888740773,-12.54837888,
3889340733,-12.54371752,
3889940693,-12.6863592,
3890540653,-12.66119537,
3891140613,-12.6434968,
3891740573,-12.54171835,
3892340533,-12.8337052,
3892940493,-12.71590305,
3893540453,-12.91262611,
3894140413,-12.79935768,
3894740373,-12.455884,
3895340333,-12.72670138,
3895940293,-12.8575487,
3896540253,-12.99294352,
3897140213,-12.86448631,
3897740173,-12.82998659,
3898340133,-12.86889244,
3898940093,-12.77823364,
3899540053,-12.83402342,
3900140013,-12.74180213,
3900739973,-12.72092531,
3901339933,-12.73342314,
3901939893,-12.64653854,
3902539853,-12.93202441,
3903139813,-12.7635941,
3903739773,-12.71898161,
3904339733,-12.87141538,
3904939693,-13.03690689,
3905539653,-12.97156981,
3906139613,-12.90566052,
3906739573,-13.11525269,
3907339533,-13.06611639,
3907939493,-12.83921065,
3908539453,-12.84400051,
3909139413,-13.08691187,
3909739373,-13.07898349,
3910339333,-13.00106131,
3910939293,-13.09529108,
3911539253,-13.09172614,
3912139213,-13.2040726,
3912739173,-13.00114181,
3913339133,-13.19690022,
3913939093,-13.26093531,
3914539053,-13.27168068,
3915139013,-13.16713,
3915738973,-13.10958006,
3916338933,-13.22862246,
3916938893,-13.11149757,
3917538853,-13.36381426,
3918138813,-13.2282623,
3918738773,-13.34585704,
3919338733,-13.23006587,
3919938693,-13.48471075,
3920538653,-13.39895219,
3921138613,-13.25321389,
3921738573,-13.342009,
3922338533,-13.29599742,
3922938493,-13.20487216,
3923538453,-13.44683364,
3924138413,-13.3365725,
3924738373,-13.52155595,
3925338333,-13.48211158,
3925938293,-13.3481609,
3926538253,-13.6710359,
3927138213,-13.42686665,
3927738173,-13.52035003,
3928338133,-13.46327383,
3928938093,-13.38798136,
3929538053,-13.39172069,
3930138013,-13.66697995,
3930737973,-13.56667491,
3931337933,-13.59716386,
3931937893,-13.5443231,
3932537853,-13.58286635,
3933137813,-13.46773971,
3933737773,-13.37793318,
3934337733,-13.46816135,
3934937693,-13.73212747,
3935537653,-13.85728864,
3936137613,-13.6158329,
3936737573,-13.70430242,
3937337533,-13.55665337,
3937937493,-13.73791353,
3938537453,-13.71804919,
3939137413,-13.72425877,
3939737373,-13.74879496,
3940337333,-14.00355135,
3940937293,-13.69952733,
3941537253,-13.91236594,
3942137213,-13.4391445,
3942737173,-13.56035309,
3943337133,-13.6462381,
3943937093,-13.51247907,
3944537053,-13.93144696,
3945137013,-13.52097101,
3945736973,-13.97364975,
3946336933,-13.86045238,
3946936893,-13.95862005,
3947536853,-13.83911615,
3948136813,-13.97489251,
3948736773,-13.78154146,
3949336733,-13.93607012,
3949936693,-13.6178097,
3950536653,-13.87938015,
3951136613,-14.07989305,
3951736573,-13.99170369,
3952336533,-13.79006123,
3952936493,-14.21616087,
3953536453,-14.00189688,
3954136413,-14.04322609,
3954736373,-14.12799608,
3955336333,-14.02015937,
3955936293,-14.17100461,
3956536253,-13.82406167,
3957136213,-14.14260703,
3957736173,-14.19919193,
3958336133,-13.99587932,
3958936093,-14.07130012,
3959536053,-13.67181957,
3960136013,-14.26406471,
3960735973,-14.13033224,
3961335933,-13.90842431,
3961935893,-14.05993779,
3962535853,-13.84177621,
3963135813,-14.38488109,
3963735773,-14.45880974,
3964335733,-14.2927462,
3964935693,-14.15772138,
3965535653,-14.12056179,
3966135613,-14.25816793,
3966735573,-14.3836178,
3967335533,-14.03963471,
3967935493,-14.16372577,
3968535453,-13.98497524,
3969135413,-13.83410505,
3969735373,-14.02031667,
3970335333,-14.23583428,
3970935293,-14.33444461,
3971535253,-14.36251455,
3972135213,-14.45076412,
3972735173,-14.38584,
3973335133,-14.1957766,
3973935093,-14.35813056,
3974535053,-14.03843697,
3975135013,-14.13235963,
3975734973,-14.20899114,
3976334933,-14.64304513,
3976934893,-14.62980318,
3977534853,-14.42876003,
3978134813,-14.07469507,
3978734773,-14.04029844,
3979334733,-14.32259362,
3979934693,-14.27752179,
3980534653,-14.21673431,
3981134613,-13.88798573,
3981734573,-14.71490876,
3982334533,-14.1094788,
3982934493,-14.29439625,
3983534453,-14.44622149,
3984134413,-14.34406886,
3984734373,-14.26228921,
3985334333,-13.91547507,
3985934293,-14.45854491,
3986534253,-14.44626201,
3987134213,-14.3192691,
3987734173,-14.08298466,
3988334133,-14.14657624,
3988934093,-14.40327173,
3989534053,-14.0699048,
3990134013,-14.37374422,
3990733973,-14.19980274,
3991333933,-13.95368563,
3991933893,-14.01194353,
3992533853,-14.07165333,
3993133813,-14.39839778,
3993733773,-14.40744194,
3994333733,-14.12895236,
3994933693,-14.22761611,
3995533653,-14.05136144,
3996133613,-13.8903209,
3996733573,-14.43003061,
3997333533,-14.46160215,
3997933493,-14.11091907,
3998533453,-14.57133141,
3999133413,-14.5148417,
3999733373,-14.08995577,
4000333333,-14.1878717,
4000933293,-14.18070662,
4001533253,-14.45414794,
4002133212,-14.1455868,
4002733172,-13.79890403,
4003333132,-14.16119744,
4003933092,-14.21890065,
4004533052,-14.35595298,
4005133012,-14.4316784,
4005732972,-13.82753074,
4006332932,-14.07398313,
4006932892,-14.26039618,
4007532852,-14.20628799,
4008132812,-14.20959862,
4008732772,-13.78624686,
4009332732,-13.86444506,
4009932692,-13.94859484,
4010532652,-14.29068677,
4011132612,-14.31659644,
4011732572,-14.06577965,
4012332532,-14.03628855,
4012932492,-13.72729486,
4013532452,-14.02336325,
4014132412,-13.82417317,
4014732372,-13.78412029,
4015332332,-13.98727353,
4015932292,-14.00708115,
4016532252,-13.79633041,
4017132212,-13.97733632,
4017732172,-13.96998091,
4018332132,-14.10500663,
4018932092,-13.79577098,
4019532052,-13.93868725,
4020132012,-13.58634153,
4020731972,-13.57230657,
4021331932,-13.89261808,
4021931892,-13.7168896,
4022531852,-13.57976944,
4023131812,-13.85401313,
4023731772,-14.09135743,
4024331732,-13.78581377,
4024931692,-13.62569009,
4025531652,-13.65609154,
4026131612,-14.03820977,
4026731572,-13.70700765,
4027331532,-13.74362376,
4027931492,-13.70178108,
4028531452,-13.82408481,
4029131412,-13.67092154,
4029731372,-13.82318571,
4030331332,-13.68720306,
4030931292,-13.69191385,
4031531252,-13.8632328,
4032131212,-13.64266619,
4032731172,-13.5468967,
4033331132,-13.81642368,
4033931092,-13.6249592,
4034531052,-13.88268505,
4035131012,-13.76153532,
4035730972,-13.76323116,
4036330932,-13.90726298,
4036930892,-13.70268222,
4037530852,-13.79747127,
4038130812,-13.64954236,
4038730772,-13.56704523,
4039330732,-13.50249054,
4039930692,-13.61825224,
4040530652,-13.43128214,
4041130612,-13.41276701,
4041730572,-13.4911964,
4042330532,-13.51474134,
4042930492,-13.80697117,
4043530452,-13.55233123,
4044130412,-13.4812967,
4044730372,-13.33151778,
4045330332,-13.22332359,
4045930292,-13.65729344,
4046530252,-13.41294824,
4047130212,-13.50802319,
4047730172,-13.43905938,
4048330132,-13.54660525,
4048930092,-13.37626964,
4049530052,-13.5312997,
4050130012,-13.43049767,
4050729972,-13.36596519,
4051329932,-13.31622934,
4051929892,-13.36181187,
4052529852,-13.34499288,
4053129812,-13.3121508,
4053729772,-13.3874994,
4054329732,-13.17330191,
4054929692,-13.31958727,
4055529652,-13.52477219,
4056129612,-13.33171603,
4056729572,-13.42113106,
4057329532,-13.43614704,
4057929492,-13.18743214,
4058529452,-13.33339415,
4059129412,-13.43544161,
4059729372,-13.24477999,
4060329332,-13.13982076,
4060929292,-13.29103744,
4061529252,-13.29460336,
4062129212,-13.25011278,
4062729172,-13.33139399,
4063329132,-13.23185817,
4063929092,-13.24834569,
4064529052,-13.23958912,
4065129012,-13.24170281,
4065728972,-13.26987525,
4066328932,-13.13884302,
4066928892,-13.18912503,
4067528852,-13.43476619,
4068128812,-13.35220285,
4068728772,-13.16837555,
4069328732,-13.08094214,
4069928692,-13.21845084,
4070528652,-13.20116861,
4071128612,-13.25658996,
4071728572,-13.14926646,
4072328532,-13.1042238,
4072928492,-13.16963906,
4073528452,-13.24685876,
4074128412,-13.16041897,
4074728372,-13.32712287,
4075328332,-13.13526231,
4075928292,-12.91962772,
4076528252,-13.15693993,
4077128212,-13.11815263,
4077728172,-13.22505589,
4078328132,-13.20564819,
4078928092,-13.00261639,
4079528052,-13.06380653,
4080128012,-12.92610653,
4080727972,-13.00668363,
4081327932,-13.07022322,
4081927892,-13.34018634,
4082527852,-13.10317832,
4083127812,-13.10455533,
4083727772,-13.08759383,
4084327732,-13.2248918,
4084927692,-13.10811507,
4085527652,-13.01829687,
4086127612,-13.12907704,
4086727572,-12.86662149,
4087327532,-12.98374796,
4087927492,-13.03058242,
4088527452,-13.12543576,
4089127412,-12.91444367,
4089727372,-13.12381415,
4090327332,-13.02534879,
4090927292,-13.07348619,
4091527252,-13.01492251,
4092127212,-12.90141001,
4092727172,-12.95511007,
4093327132,-12.84462204,
4093927092,-13.01109458,
4094527052,-13.00831215,
4095127012,-12.85680702,
4095726972,-12.96903786,
4096326932,-12.91328513,
4096926892,-12.97652623,
4097526852,-12.85890923,
4098126812,-12.96645686,
4098726772,-12.95463937,
4099326732,-13.1067962,
4099926692,-13.05501202,
4100526652,-12.92698793,
4101126612,-12.88478471,
4101726572,-12.91381041,
4102326532,-13.03765699,
4102926492,-12.80579297,
4103526452,-12.84214853,
4104126412,-12.94938922,
4104726372,-12.89214118,
4105326332,-12.9765947,
4105926292,-12.90131267,
4106526252,-13.02969754,
4107126212,-12.96180819,
4107726172,-12.85805054,
4108326132,-13.01487634,
4108926092,-12.87197531,
4109526052,-12.96633164,
4110126012,-12.86662354,
4110725972,-13.13618704,
4111325932,-12.91868867,
4111925892,-12.98352549,
4112525852,-12.95068123,
4113125812,-12.7614064,
4113725772,-12.94545929,
4114325732,-12.94388756,
4114925692,-12.8866147,
4115525652,-12.84207031,
4116125612,-12.94614157,
4116725572,-13.02191364,
4117325532,-12.76533952,
4117925492,-12.975895,
4118525452,-12.77113857,
4119125412,-12.93129875,
4119725372,-12.98198402,
4120325332,-12.92802253,
4120925292,-12.91302654,
4121525252,-12.79629689,
4122125212,-12.60261079,
4122725172,-13.2532922,
4123325132,-13.06572897,
4123925092,-12.76361014,
4124525052,-13.07175588,
4125125012,-12.91001193,
4125724972,-12.96187724,
4126324932,-12.87794772,
4126924892,-13.06017916,
4127524852,-12.92787202,
4128124812,-12.97726242,
4128724772,-13.0818033,
4129324732,-12.92682112,
4129924692,-12.98879707,
4130524652,-12.95255072,
4131124612,-12.69862175,
4131724572,-13.05763735,
4132324532,-12.97604451,
4132924492,-12.93683687,
4133524452,-12.96710612,
4134124412,-12.75940996,
4134724372,-13.15316559,
4135324332,-12.93195069,
4135924292,-13.00625484,
4136524252,-13.03237328,
4137124212,-13.28824045,
4137724172,-13.17214424,
4138324132,-13.06669944,
4138924092,-12.8589415,
4139524052,-13.20953446,
4140124012,-13.06294692,
4140723972,-13.03145759,
4141323932,-13.19398217,
4141923892,-13.16297506,
4142523852,-13.16934622,
4143123812,-13.31153827,
4143723772,-13.11794289,
4144323732,-13.26436469,
4144923692,-13.17828922,
4145523652,-13.2296588,
4146123612,-13.27723337,
4146723572,-13.25787369,
4147323532,-13.29253164,
4147923492,-13.20998921,
4148523452,-13.13157736,
4149123412,-13.46001878,
4149723372,-13.35332757,
4150323332,-13.18863445,
4150923292,-13.40915377,
4151523252,-13.17581481,
4152123212,-13.19451996,
4152723172,-13.20217285,
4153323132,-13.63210709,
4153923092,-13.35473506,
4154523052,-13.28117698,
4155123012,-13.33075185,
4155722971,-13.47946877,
4156322931,-13.44641945,
4156922891,-13.49600881,
4157522851,-13.34328487,
4158122811,-13.47937869,
4158722771,-13.76159729,
4159322731,-13.55893476,
4159922691,-13.51789331,
4160522651,-13.54187288,
4161122611,-13.54704546,
4161722571,-13.74315628,
4162322531,-13.69283701,
4162922491,-13.61099783,
4163522451,-13.61097715,
4164122411,-13.64333157,
4164722371,-13.56392611,
4165322331,-13.95352067,
4165922291,-13.86273477,
4166522251,-13.72253115,
4167122211,-13.71537135,
4167722171,-13.84928597,
4168322131,-13.64511093,
4168922091,-13.80373589,
4169522051,-13.84161807,
4170122011,-13.92692124,
4170721971,-14.02936419,
4171321931,-13.97718765,
4171921891,-13.71155105,
4172521851,-13.71102554,
4173121811,-14.09099139,
4173721771,-14.17532052,
4174321731,-13.75295845,
4174921691,-13.80996132,
4175521651,-13.81586684,
4176121611,-13.97571956,
4176721571,-14.21559597,
4177321531,-14.05580034,
4177921491,-13.96953717,
4178521451,-14.27614373,
4179121411,-13.8114271,
4179721371,-13.72843963,
4180321331,-13.86645606,
4180921291,-14.10631925,
4181521251,-14.38013601,
4182121211,-13.98517439,
4182721171,-14.32742854,
4183321131,-14.12772521,
4183921091,-14.20048453,
4184521051,-13.99733455,
4185121011,-14.6224995,
4185720971,-14.04547513,
4186320931,-14.65965024,
4186920891,-14.22207618,
4187520851,-14.77795108,
4188120811,-14.30705977,
4188720771,-14.30272225,
4189320731,-14.36826874,
4189920691,-14.59810278,
4190520651,-14.60120917,
4191120611,-14.51645736,
4191720571,-14.70086197,
4192320531,-14.64483004,
4192920491,-14.56085933,
4193520451,-14.83599104,
4194120411,-14.95310243,
4194720371,-14.9654095,
4195320331,-14.8247756,
4195920291,-14.93754143,
4196520251,-14.81125428,
4197120211,-15.12238793,
4197720171,-14.87994931,
4198320131,-15.25699224,
4198920091,-15.18252715,
4199520051,-15.01335558,
4200120011,-15.12781434,
4200719971,-15.01734688,
4201319931,-15.09724413,
4201919891,-14.92348112,
4202519851,-15.19011833,
4203119811,-15.3893372,
4203719771,-15.21907207,
4204319731,-15.40732545,
4204919691,-15.26506769,
4205519651,-15.65090064,
4206119611,-15.55686351,
4206719571,-15.45916867,
4207319531,-15.55718597,
4207919491,-15.54312525,
4208519451,-15.31226435,
4209119411,-15.6921604,
4209719371,-15.57226146,
4210319331,-15.6266376,
4210919291,-15.85445745,
4211519251,-16.01343384,
4212119211,-15.49987306,
4212719171,-15.97064205,
4213319131,-15.38106301,
4213919091,-15.4359863,
4214519051,-15.62253209,
4215119011,-15.82631553,
4215718971,-15.83376641,
4216318931,-15.90065117,
4216918891,-15.83960767,
4217518851,-15.88522754,
4218118811,-15.8275002,
4218718771,-15.86590715,
4219318731,-15.4420661,
4219918691,-15.93456795,
4220518651,-15.86432655,
4221118611,-15.83067087,
4221718571,-15.90924427,
4222318531,-15.84502033,
4222918491,-16.04221325,
4223518451,-15.95506035,
4224118411,-15.90122843,
4224718371,-15.95048106,
4225318331,-15.75070937,
4225918291,-16.02306085,
4226518251,-15.90598342,
4227118211,-16.01858678,
4227718171,-15.92253184,
4228318131,-15.84623862,
4228918091,-16.13577069,
4229518051,-16.44658634,
4230118011,-16.28643557,
4230717971,-16.05161143,
4231317931,-15.63216065,
4231917891,-15.90786646,
4232517851,-15.88419235,
4233117811,-15.96095115,
4233717771,-16.23642243,
4234317731,-16.00713025,
4234917691,-15.76393863,
4235517651,-16.19237323,
4236117611,-16.08932525,
4236717571,-15.85056839,
4237317531,-16.23313268,
4237917491,-16.06271931,
4238517451,-16.05955526,
4239117411,-15.98479257,
4239717371,-15.93881792,
4240317331,-15.63545802,
4240917291,-15.97300334,
4241517251,-16.03502063,
4242117211,-16.06135001,
4242717171,-16.03091831,
4243317131,-15.8831869,
4243917091,-15.99547283,
4244517051,-15.8886937,
4245117011,-15.85114171,
4245716971,-15.81241989,
4246316931,-16.16510835,
4246916891,-15.91609471,
4247516851,-15.8838632,
4248116811,-16.1537013,
4248716771,-15.90530025,
4249316731,-16.24618723,
4249916691,-16.06121208,
4250516651,-15.90386098,
4251116611,-16.22521485,
4251716571,-16.12068559,
4252316531,-16.13071583,
4252916491,-15.85058695,
4253516451,-16.15655878,
4254116411,-15.96829921,
4254716371,-16.02617375,
4255316331,-15.96602898,
4255916291,-16.23586722,
4256516251,-16.13974402,
4257116211,-15.97459871,
4257716171,-16.10596134,
4258316131,-15.77745476,
4258916091,-16.23568159,
4259516051,-16.07796098,
4260116011,-16.25296893,
4260715971,-16.34727308,
4261315931,-15.92438486,
4261915891,-16.27141965,
4262515851,-16.30052824,
4263115811,-16.12170563,
4263715771,-15.6684227,
4264315731,-16.16786048,
4264915691,-16.03369882,
4265515651,-16.15592131,
4266115611,-16.07636152,
4266715571,-16.07464707,
4267315531,-16.2195623,
4267915491,-16.14118429,
4268515451,-16.02347216,
4269115411,-15.98698614,
4269715371,-15.92892727,
4270315331,-16.17633141,
4270915291,-15.71812811,
4271515251,-15.9200625,
4272115211,-15.86392162,
4272715171,-16.13304737,
4273315131,-16.02794234,
4273915091,-15.7431211,
4274515051,-16.12046579,
4275115011,-15.92822453,
4275714971,-16.08878021,
4276314931,-16.0786816,
4276914891,-16.22657769,
4277514851,-15.73073391,
4278114811,-16.11890259,
4278714771,-15.86638923,
4279314731,-15.95525725,
4279914691,-16.0510105,
4280514651,-15.66277453,
4281114611,-16.00043924,
4281714571,-15.59011098,
4282314531,-15.82442512,
4282914491,-15.56940406,
4283514451,-15.81409474,
4284114411,-15.77985032,
4284714371,-16.13855194,
4285314331,-15.70127953,
4285914291,-15.96296911,
4286514251,-16.05552709,
4287114211,-15.91734176,
4287714171,-15.4025974,
4288314131,-15.57269477,
4288914091,-15.66270869,
4289514051,-15.90041067,
4290114011,-15.88644785,
4290713971,-15.61826783,
4291313931,-15.68688962,
4291913891,-15.83324845,
4292513851,-15.83329721,
4293113811,-15.64785241,
4293713771,-15.31314024,
4294313731,-15.65163657,
4294913691,-15.3114894,
4295513651,-15.48007891,
4296113611,-15.75991422,
4296713571,-15.63183188,
4297313531,-15.33050761,
4297913491,-15.55039421,
4298513451,-15.45051998,
4299113411,-15.71266663,
4299713371,-15.34037539,
4300313331,-15.52006683,
4300913291,-15.17584798,
4301513251,-15.30742558,
4302113211,-15.17783793,
4302713171,-15.22975223,
4303313131,-15.0173497,
4303913091,-14.80761041,
4304513051,-15.01664013,
4305113011,-15.25509769,
4305712971,-15.46926623,
4306312931,-14.93861398,
4306912891,-15.17321818,
4307512851,-14.8257064,
4308112811,-14.91083383,
4308712771,-14.94960908,
4309312730,-14.6350426,
4309912690,-14.90234072,
4310512650,-14.50180593,
4311112610,-14.57716969,
4311712570,-14.60018075,
4312312530,-14.8474586,
4312912490,-14.60858025,
4313512450,-14.47710415,
4314112410,-14.87678946,
4314712370,-14.82533477,
4315312330,-15.04162237,
4315912290,-14.60288922,
4316512250,-14.54922438,
4317112210,-14.75241355,
4317712170,-14.69388806,
4318312130,-14.46989183,
4318912090,-14.33806049,
4319512050,-14.73486437,
4320112010,-14.41884626,
4320711970,-14.60163964,
4321311930,-14.23611116,
4321911890,-14.34961691,
4322511850,-14.44494581,
4323111810,-14.27158593,
4323711770,-14.23452112,
4324311730,-14.70262326,
4324911690,-14.48717378,
4325511650,-14.24351081,
4326111610,-14.21680431,
4326711570,-14.58926815,
4327311530,-14.42605346,
4327911490,-14.40891296,
4328511450,-14.48573991,
4329111410,-13.90610794,
4329711370,-14.47864107,
4330311330,-14.37763031,
4330911290,-14.41205168,
4331511250,-14.36345558,
4332111210,-14.45999844,
4332711170,-14.39953928,
4333311130,-14.35554174,
4333911090,-14.16511966,
4334511050,-13.94515024,
4335111010,-14.23869579,
4335710970,-14.31392568,
4336310930,-14.16193156,
4336910890,-14.45866304,
4337510850,-14.23304024,
4338110810,-14.24692417,
4338710770,-14.4134106,
4339310730,-14.4444626,
4339910690,-13.99977139,
4340510650,-14.34093418,
4341110610,-14.27252613,
4341710570,-14.27451654,
4342310530,-14.26126428,
4342910490,-14.26915755,
4343510450,-14.16462028,
4344110410,-14.20164853,
4344710370,-14.24878891,
4345310330,-14.33451803,
4345910290,-14.33461397,
4346510250,-14.24981154,
4347110210,-14.15370666,
4347710170,-14.19395878,
4348310130,-14.27250432,
4348910090,-14.10730949,
4349510050,-14.20236181,
4350110010,-14.03594456,
4350709970,-13.98930491,
4351309930,-14.16950094,
4351909890,-13.79238183,
4352509850,-14.03583052,
4353109810,-14.22658561,
4353709770,-13.94015639,
4354309730,-14.11827625,
4354909690,-13.85817694,
4355509650,-13.79252464,
4356109610,-14.10886353,
4356709570,-14.15115243,
4357309530,-13.98719707,
4357909490,-13.87353265,
4358509450,-14.16339404,
4359109410,-13.98902159,
4359709370,-14.03002379,
4360309330,-13.98122369,
4360909290,-14.00794051,
4361509250,-14.0641169,
4362109210,-13.82084678,
4362709170,-13.95995466,
4363309130,-13.90185911,
4363909090,-14.01584168,
4364509050,-13.78395253,
4365109010,-13.9029427,
4365708970,-14.01566096,
4366308930,-14.02234789,
4366908890,-13.87815557,
4367508850,-13.71739905,
4368108810,-13.77362463,
4368708770,-13.95794808,
4369308730,-13.87182258,
4369908690,-13.91008559,
4370508650,-13.99576507,
4371108610,-14.00994317,
4371708570,-13.82657493,
4372308530,-14.05989701,
4372908490,-14.07234018,
4373508450,-13.86921948,
4374108410,-14.09830433,
4374708370,-13.77767016,
4375308330,-13.94480984,
4375908290,-14.08464558,
4376508250,-13.77993686,
4377108210,-13.72282697,
4377708170,-13.71139671,
4378308130,-14.02501758,
4378908090,-13.88630588,
4379508050,-13.76789359,
4380108010,-13.69439026,
4380707970,-13.95059348,
4381307930,-13.95193418,
4381907890,-13.59119924,
4382507850,-13.68591866,
4383107810,-13.93786611,
4383707770,-13.93757323,
4384307730,-13.85797953,
4384907690,-13.67068788,
4385507650,-13.97504389,
4386107610,-13.89197977,
4386707570,-13.90064159,
4387307530,-13.64153272,
4387907490,-13.84559938,
4388507450,-13.82381512,
4389107410,-13.72728958,
4389707370,-14.00497825,
4390307330,-13.77660822,
4390907290,-13.67165178,
4391507250,-13.81890949,
4392107210,-13.70418469,
4392707170,-13.75688478,
4393307130,-13.81690712,
4393907090,-13.87491417,
4394507050,-13.73014605,
4395107010,-13.67985794,
4395706970,-13.79796828,
4396306930,-13.97573583,
4396906890,-13.83498139,
4397506850,-13.94100428,
4398106810,-13.77289334,
4398706770,-13.91798762,
4399306730,-13.85756289,
4399906690,-13.79883795,
4400506650,-13.88133853,
4401106610,-13.83807221,
4401706570,-13.8309948,
4402306530,-13.86990998,
4402906490,-13.78714145,
4403506450,-13.80620331,
4404106410,-13.73505992,
4404706370,-13.99880011,
4405306330,-14.16618879,
4405906290,-13.80767476,
4406506250,-13.69002797,
4407106210,-13.71968553,
4407706170,-13.75510643,
4408306130,-13.59623681,
4408906090,-13.89443612,
4409506050,-14.14696588,
4410106010,-13.8645297,
4410705970,-13.93810268,
4411305930,-13.77301492,
4411905890,-13.88321666,
4412505850,-13.79555244,
4413105810,-14.01157808,
4413705770,-13.92968811,
4414305730,-13.93601907,
4414905690,-13.92099721,
4415505650,-14.04611302,
4416105610,-13.94684937,
4416705570,-13.93892033,
4417305530,-14.06837384,
4417905490,-14.04202447,
4418505450,-14.13109258,
4419105410,-14.13351639,
4419705370,-13.97998109,
4420305330,-14.06258794,
4420905290,-14.15042099,
4421505250,-14.07040322,
4422105210,-14.04248149,
4422705170,-14.02007495,
4423305130,-14.27781402,
4423905090,-14.28335421,
4424505050,-13.99095388,
4425105010,-14.24450459,
4425704970,-14.26550968,
4426304930,-14.19901232,
4426904890,-14.0759928,
4427504850,-14.19170846,
4428104810,-14.19321405,
4428704770,-14.04821333,
4429304730,-14.30405917,
4429904690,-14.28850799,
4430504650,-14.27902719,
4431104610,-14.27172079,
4431704570,-14.31404383,
4432304530,-14.29642202,
4432904490,-13.9506792,
4433504450,-14.4222808,
4434104410,-14.26537295,
4434704370,-14.06456749,
4435304330,-14.25194646,
4435904290,-14.4851023,
4436504250,-14.26550909,
4437104210,-14.31434912,
4437704170,-14.78968173,
4438304130,-14.59993968,
4438904090,-14.42073875,
4439504050,-14.35224719,
4440104010,-14.27659425,
4440703970,-14.45205326,
4441303930,-14.08069105,
4441903890,-14.3258501,
4442503850,-14.46658919,
4443103810,-14.69371447,
4443703770,-14.85414137,
4444303730,-14.47673893,
4444903690,-14.74846841,
4445503650,-14.40769334,
4446103610,-14.89989477,
4446703570,-14.84479811,
4447303530,-14.72634944,
4447903490,-14.74820555,
4448503450,-14.8061207,
4449103410,-14.72866543,
4449703370,-14.87627531,
4450303330,-14.8550692,
4450903290,-14.87040831,
4451503250,-14.57821923,
4452103210,-15.10562446,
4452703170,-14.85013565,
4453303130,-14.63773032,
4453903090,-15.27558461,
4454503050,-15.13163003,
4455103010,-15.2886754,
4455702970,-15.02416246,
4456302930,-15.56145643,
4456902890,-15.25449253,
4457502850,-14.99305375,
4458102810,-15.24833737,
4458702770,-15.25433742,
4459302730,-15.46263323,
4459902690,-15.38094391,
4460502650,-15.07117589,
4461102610,-15.70042863,
4461702570,-15.71423016,
4462302530,-15.83087217,
4462902489,-15.8870276,
4463502449,-15.790835,
4464102409,-16.02235127,
4464702369,-15.6205505,
4465302329,-15.68502304,
4465902289,-15.73306295,
4466502249,-15.96952667,
4467102209,-15.90400763,
4467702169,-15.88599074,
4468302129,-15.74944991,
4468902089,-16.01988277,
4469502049,-15.95074591,
4470102009,-15.91685886,
4470701969,-15.84795094,
4471301929,-15.91427083,
4471901889,-16.07853279,
4472501849,-16.01458678,
4473101809,-15.89195456,
4473701769,-15.96900925,
4474301729,-16.04695013,
4474901689,-16.02040229,
4475501649,-15.85471132,
4476101609,-16.15479279,
4476701569,-16.12741015,
4477301529,-16.37971192,
4477901489,-16.05640526,
4478501449,-15.78470649,
4479101409,-16.05708143,
4479701369,-16.12975568,
4480301329,-15.9051332,
4480901289,-16.11204071,
4481501249,-15.85096874,
4482101209,-16.22827909,
4482701169,-16.3666274,
4483301129,-16.40896038,
4483901089,-16.20721527,
4484501049,-16.01086714,
4485101009,-16.28710817,
4485700969,-16.34425417,
4486300929,-15.97096575,
4486900889,-16.0468011,
4487500849,-16.24594211,
4488100809,-16.21400565,
4488700769,-16.21700985,
4489300729,-16.23539523,
4489900689,-16.19120849,
4490500649,-16.33774561,
4491100609,-16.33197126,
4491700569,-15.9261354,
4492300529,-16.15436614,
4492900489,-16.22160828,
4493500449,-16.34628148,
4494100409,-16.38665976,
4494700369,-16.42229207,
4495300329,-16.36781437,
4495900289,-16.46299227,
4496500249,-16.34057811,
4497100209,-16.32780474,
4497700169,-16.42334002,
4498300129,-16.37638816,
4498900089,-16.37059953,
4499500049,-16.26159163,
4500100009,-16.47679977,
4500699969,-16.58844935,
4501299929,-16.49526992,
4501899889,-16.37731809,
4502499849,-16.44367111,
4503099809,-16.49595531,
4503699769,-16.66176281,
4504299729,-16.51088893,
4504899689,-16.56732393,
4505499649,-16.67979672,
4506099609,-16.39317222,
4506699569,-16.58844629,
4507299529,-16.5902085,
4507899489,-16.41800915,
4508499449,-16.47762731,
4509099409,-16.60711323,
4509699369,-16.53049857,
4510299329,-16.59113884,
4510899289,-16.62156985,
4511499249,-16.70612973,
4512099209,-16.64696419,
4512699169,-16.49174439,
4513299129,-16.58382913,
4513899089,-16.47557839,
4514499049,-16.69987935,
4515099009,-16.62954305,
4515698969,-16.65692985,
4516298929,-16.61508113,
4516898889,-16.69480276,
4517498849,-16.65058766,
4518098809,-16.56143831,
4518698769,-16.70191596,
4519298729,-16.56614441,
4519898689,-16.51083679,
4520498649,-16.64620463,
4521098609,-16.58292563,
4521698569,-16.57110965,
4522298529,-16.68321902,
4522898489,-16.34433651,
4523498449,-16.54093728,
4524098409,-16.51145429,
4524698369,-16.67726713,
4525298329,-16.49700091,
4525898289,-16.54429665,
4526498249,-16.88855542,
4527098209,-16.72288107,
4527698169,-16.69658563,
4528298129,-16.43635915,
4528898089,-16.45898968,
4529498049,-16.66683178,
4530098009,-16.63141325,
4530697969,-16.50290243,
4531297929,-16.66644385,
4531897889,-16.59347707,
4532497849,-16.63950875,
4533097809,-16.69903031,
4533697769,-16.73733163,
4534297729,-16.53310005,
4534897689,-16.55499473,
4535497649,-16.66534953,
4536097609,-16.60720094,
4536697569,-16.49968635,
4537297529,-16.81713739,
4537897489,-16.69348132,
4538497449,-16.61890782,
4539097409,-16.66811214,
4539697369,-16.82056218,
4540297329,-16.57817228,
4540897289,-16.47306989,
4541497249,-16.53415664,
4542097209,-16.67506351,
4542697169,-16.56030379,
4543297129,-16.46927444,
4543897089,-16.41386177,
4544497049,-16.57475039,
4545097009,-16.45212394,
4545696969,-16.7681297,
4546296929,-16.5147366,
4546896889,-16.60560283,
4547496849,-16.5164335,
4548096809,-16.59717633,
4548696769,-16.58666501,
4549296729,-16.46071585,
4549896689,-16.45319044,
4550496649,-16.54698646,
4551096609,-16.47750164,
4551696569,-16.69930229,
4552296529,-16.4889234,
4552896489,-16.54435505,
4553496449,-16.39587191,
4554096409,-16.68434815,
4554696369,-16.33496452,
4555296329,-16.41287123,
4555896289,-16.5333657,
4556496249,-16.80256824,
4557096209,-16.51184896,
4557696169,-16.7194609,
4558296129,-16.23225833,
4558896089,-16.42584929,
4559496049,-16.63364385,
4560096009,-16.43295596,
4560695969,-16.4823599,
4561295929,-16.35453143,
4561895889,-16.32071272,
4562495849,-16.21303686,
4563095809,-16.42949359,
4563695769,-16.14920762,
4564295729,-16.19249408,
4564895689,-16.16642236,
4565495649,-16.45624992,
4566095609,-16.31877159,
4566695569,-16.57808385,
4567295529,-16.17717136,
4567895489,-16.49524983,
4568495449,-16.40792058,
4569095409,-16.2659368,
4569695369,-16.28785011,
4570295329,-16.37335944,
4570895289,-16.31517001,
4571495249,-16.1834101,
4572095209,-16.30012529,
4572695169,-16.18246324,
4573295129,-16.18042715,
4573895089,-16.32211868,
4574495049,-16.3699777,
4575095009,-16.18133372,
4575694969,-16.12748645,
4576294929,-16.19901477,
4576894889,-16.15848143,
4577494849,-16.19091505,
4578094809,-16.13559604,
4578694769,-16.13704013,
4579294729,-16.19480422,
4579894689,-16.22736223,
4580494649,-16.10429484,
4581094609,-16.07819139,
4581694569,-16.21714339,
4582294529,-16.22500866,
4582894489,-16.14675049,
4583494449,-16.22715399,
4584094409,-16.00510796,
4584694369,-15.98133708,
4585294329,-16.1604851,
4585894289,-16.04840296,
4586494249,-16.21708474,
4587094209,-16.14960995,
4587694169,-16.15493043,
4588294129,-16.18137033,
4588894089,-16.10203841,
4589494049,-16.10937492,
4590094009,-16.12423968,
4590693969,-15.73129629,
4591293929,-16.06470337,
4591893889,-16.18991347,
4592493849,-16.10489078,
4593093809,-15.9580572,
4593693769,-16.14020697,
4594293729,-16.20613728,
4594893689,-16.05370284,
4595493649,-16.00811209,
4596093609,-16.07672327,
4596693569,-15.99996005,
4597293529,-15.83570266,
4597893489,-15.99840848,
4598493449,-15.54783874,
4599093409,-16.13473178,
4599693369,-15.95062108,
4600293329,-15.95924674,
4600893289,-15.82445187,
4601493249,-16.08050585,
4602093209,-15.95168942,
4602693169,-15.92687428,
4603293129,-15.86646184,
4603893089,-16.00427533,
4604493049,-16.1744455,
4605093009,-15.88728805,
4605692969,-16.32026742,
4606292929,-15.94212718,
4606892889,-16.07459296,
4607492849,-16.13018077,
4608092809,-16.06640567,
4608692769,-15.70729347,
4609292729,-16.00428121,
4609892689,-16.08374023,
4610492649,-16.181502,
4611092609,-15.98405384,
4611692569,-16.10483301,
4612292529,-15.89521617,
4612892489,-15.85040772,
4613492449,-16.31481876,
4614092409,-16.13964611,
4614692369,-16.12626922,
4615292329,-15.9509982,
4615892289,-15.80744444,
4616492248,-16.35039009,
4617092208,-16.14761957,
4617692168,-15.76526637,
4618292128,-15.95481829,
4618892088,-16.0343987,
4619492048,-16.02950057,
4620092008,-15.8179055,
4620691968,-15.73727538,
4621291928,-15.88187044,
4621891888,-16.13722072,
4622491848,-15.8707625,
4623091808,-16.09198894,
4623691768,-16.16551864,
4624291728,-16.0724669,
4624891688,-15.9166207,
4625491648,-15.74814978,
4626091608,-16.41389942,
4626691568,-15.9284394,
4627291528,-15.90669921,
4627891488,-16.12781183,
4628491448,-16.05233209,
4629091408,-16.14476401,
4629691368,-15.77773027,
4630291328,-16.06266484,
4630891288,-16.12395865,
4631491248,-15.91309498,
4632091208,-15.76512671,
4632691168,-16.04536964,
4633291128,-15.73262932,
4633891088,-15.85190231,
4634491048,-15.55623392,
4635091008,-15.69764434,
4635690968,-15.61522467,
4636290928,-16.02913702,
4636890888,-15.92835261,
4637490848,-15.64168412,
4638090808,-15.81348668,
4638690768,-15.91152795,
4639290728,-16.04316385,
4639890688,-15.81192945,
4640490648,-15.80590669,
4641090608,-15.76437942,
4641690568,-16.11557271,
4642290528,-15.61155969,
4642890488,-16.243892,
4643490448,-15.95016513,
4644090408,-15.78757539,
4644690368,-16.06632568,
4645290328,-15.92746786,
4645890288,-15.89663658,
4646490248,-15.81342063,
4647090208,-15.78655493,
4647690168,-16.045872,
4648290128,-15.86894563,
4648890088,-15.68653364,
4649490048,-15.6912558,
4650090008,-15.86076001,
4650689968,-15.59733778,
4651289928,-15.61686178,
4651889888,-15.55888968,
4652489848,-15.88425751,
4653089808,-15.81145426,
4653689768,-15.98717488,
4654289728,-15.97585321,
4654889688,-15.48626072,
4655489648,-15.9367628,
4656089608,-15.7138058,
4656689568,-15.96401932,
4657289528,-15.66099473,
4657889488,-15.93808727,
4658489448,-15.64003181,
4659089408,-15.93538553,
4659689368,-15.65126558,
4660289328,-15.73160319,
4660889288,-15.63621045,
4661489248,-15.8828546,
4662089208,-15.92577442,
4662689168,-15.65067326,
4663289128,-15.43861932,
4663889088,-15.59196585,
4664489048,-15.76335013,
4665089008,-15.900628,
4665688968,-15.68730691,
4666288928,-15.56848355,
4666888888,-15.61814252,
4667488848,-15.60781972,
4668088808,-15.65574266,
4668688768,-15.63401258,
4669288728,-15.80734544,
4669888688,-15.53069629,
4670488648,-15.19414797,
4671088608,-15.63027139,
4671688568,-15.63960277,
4672288528,-15.74288769,
4672888488,-15.40491935,
4673488448,-15.79230989,
4674088408,-15.68242812,
4674688368,-15.59978411,
4675288328,-16.03900512,
4675888288,-15.65674381,
4676488248,-15.59492589,
4677088208,-15.59324584,
4677688168,-15.65999872,
4678288128,-15.75008461,
4678888088,-15.45618313,
4679488048,-15.62333043,
4680088008,-15.36668054,
4680687968,-15.79404787,
4681287928,-15.51084563,
4681887888,-15.55197628,
4682487848,-15.46093331,
4683087808,-15.98949402,
4683687768,-15.57243013,
4684287728,-15.62833933,
4684887688,-15.32847811,
4685487648,-15.31344374,
4686087608,-15.2267559,
4686687568,-15.57338238,
4687287528,-15.4128171,
4687887488,-15.63346996,
4688487448,-15.61139621,
4689087408,-15.85989988,
4689687368,-15.34529487,
4690287328,-15.51661873,
4690887288,-15.39024296,
4691487248,-15.71559661,
4692087208,-15.36814151,
4692687168,-15.46470779,
4693287128,-15.40178614,
4693887088,-15.66492223,
4694487048,-15.49107299,
4695087008,-15.58836952,
4695686968,-15.55536868,
4696286928,-15.7531103,
4696886888,-15.5325026,
4697486848,-15.74588905,
4698086808,-15.56743303,
4698686768,-15.37095678,
4699286728,-15.51175702,
4699886688,-15.61992464,
4700486648,-15.39427442,
4701086608,-15.53307162,
4701686568,-15.7031721,
4702286528,-15.61376197,
4702886488,-15.36691514,
4703486448,-15.52258443,
4704086408,-15.58844978,
4704686368,-15.62073862,
4705286328,-15.59328212,
4705886288,-15.57398133,
4706486248,-15.37173865,
4707086208,-15.56569314,
4707686168,-15.37211628,
4708286128,-15.5391908,
4708886088,-15.66311023,
4709486048,-15.50105492,
4710086008,-15.3546618,
4710685968,-15.5705393,
4711285928,-15.68435476,
4711885888,-15.48332311,
4712485848,-15.34671741,
4713085808,-15.64680828,
4713685768,-15.67753252,
4714285728,-15.73366681,
4714885688,-15.75869272,
4715485648,-15.95638477,
4716085608,-15.64606641,
4716685568,-15.69962887,
4717285528,-15.90722484,
4717885488,-15.7083752,
4718485448,-15.30962575,
4719085408,-15.63239842,
4719685368,-15.60087262,
4720285328,-15.62052678,
4720885288,-15.64546737,
4721485248,-15.71822643,
4722085208,-15.57057076,
4722685168,-15.92736637,
4723285128,-15.94430304,
4723885088,-15.63701069,
4724485048,-15.72964608,
4725085008,-15.88788715,
4725684968,-15.69603203,
4726284928,-16.03947932,
4726884888,-15.54632776,
4727484848,-15.77337095,
4728084808,-15.48722976,
4728684768,-15.77235906,
4729284728,-15.64937511,
4729884688,-15.87760943,
4730484648,-15.93393058,
4731084608,-15.68091808,
4731684568,-15.61811081,
4732284528,-15.74079576,
4732884488,-16.10818386,
4733484448,-15.64550591,
4734084408,-15.77854783,
4734684368,-15.93278749,
4735284328,-15.90250012,
4735884288,-16.15253026,
4736484248,-15.87911221,
4737084208,-16.07636634,
4737684168,-15.95440355,
4738284128,-15.86728709,
4738884088,-15.89415219,
4739484048,-15.91498444,
4740084008,-15.81379335,
4740683968,-16.08043789,
4741283928,-16.01505126,
4741883888,-16.03568097,
4742483848,-16.05483956,
4743083808,-16.22612613,
4743683768,-16.04623278,
4744283728,-15.86272887,
4744883688,-15.95365258,
4745483648,-15.9319287,
4746083608,-16.41816974,
4746683568,-15.83757478,
4747283528,-15.99143988,
4747883488,-16.24267771,
4748483448,-16.15364926,
4749083408,-16.08734708,
4749683368,-16.2189709,
4750283328,-16.18468565,
4750883288,-16.09512672,
4751483248,-16.10272961,
4752083208,-16.25009649,
4752683168,-16.18353575,
4753283128,-16.3207306,
4753883088,-16.27921836,
4754483048,-16.20036973,
4755083008,-16.23009249,
4755682968,-16.42824672,
4756282928,-16.3114985,
4756882888,-16.37962283,
4757482848,-16.4346515,
4758082808,-16.46677821,
4758682768,-16.24837614,
4759282728,-16.3943107,
4759882688,-16.46795287,
4760482648,-16.70019298,
4761082608,-16.43702534,
4761682568,-16.68581626,
4762282528,-16.55631982,
4762882488,-16.51618156,
4763482448,-16.54695833,
4764082408,-16.54308309,
4764682368,-16.47832602,
4765282328,-16.4952738,
4765882288,-16.49385726,
4766482248,-16.88154891,
4767082208,-16.5087845,
4767682168,-16.74880924,
4768282128,-16.78596539,
4768882088,-16.81717167,
4769482048,-16.6625046,
4770082008,-16.67357602,
4770681967,-16.80132151,
4771281927,-16.6219715,
4771881887,-16.63913945,
4772481847,-17.03740473,
4773081807,-16.85580288,
4773681767,-17.14180575,
4774281727,-16.67127564,
4774881687,-16.87965599,
4775481647,-16.62933772,
4776081607,-16.90760937,
4776681567,-17.05847771,
4777281527,-16.93818648,
4777881487,-16.90781871,
4778481447,-17.08747388,
4779081407,-16.99531687,
4779681367,-16.91561059,
4780281327,-17.35322374,
4780881287,-16.89832281,
4781481247,-16.93777187,
4782081207,-16.60847626,
4782681167,-17.24561424,
4783281127,-17.38798241,
4783881087,-17.35535704,
4784481047,-17.10758837,
4785081007,-17.0563074,
4785680967,-17.1704099,
4786280927,-17.3442304,
4786880887,-17.33029597,
4787480847,-16.91663777,
4788080807,-17.11920298,
4788680767,-17.15090079,
4789280727,-17.43364435,
4789880687,-17.1669999,
4790480647,-17.42824253,
4791080607,-17.11160576,
4791680567,-17.14418566,
4792280527,-17.56715076,
4792880487,-17.39092644,
4793480447,-17.31814502,
4794080407,-17.7863952,
4794680367,-17.39639324,
4795280327,-17.37065836,
4795880287,-17.48425737,
4796480247,-17.49759133,
4797080207,-17.25826577,
4797680167,-17.44903791,
4798280127,-17.52880583,
4798880087,-17.54043202,
4799480047,-18.07441629,
4800080007,-17.41102322,
4800679967,-17.31311961,
4801279927,-17.60445321,
4801879887,-17.78177713,
4802479847,-17.65289372,
4803079807,-17.81974251,
4803679767,-17.43521822,
4804279727,-17.39593314,
4804879687,-17.65575998,
4805479647,-17.29187185,
4806079607,-18.15837872,
4806679567,-17.40440787,
4807279527,-17.55912829,
4807879487,-17.87092394,
4808479447,-17.79892353,
4809079407,-17.98755845,
4809679367,-17.3399751,
4810279327,-17.43266419,
4810879287,-17.6009874,
4811479247,-17.63281279,
4812079207,-17.24846607,
4812679167,-17.66373851,
4813279127,-17.89139548,
4813879087,-17.97481006,
4814479047,-17.82235869,
4815079007,-18.15940254,
4815678967,-18.09644617,
4816278927,-17.4130611,
4816878887,-17.5851481,
4817478847,-17.28114515,
4818078807,-17.71485324,
4818678767,-17.70121361,
4819278727,-17.7818385,
4819878687,-17.32980169,
4820478647,-17.5646155,
4821078607,-17.89759523,
4821678567,-17.84894698,
4822278527,-18.05984124,
4822878487,-17.8461691,
4823478447,-18.02579892,
4824078407,-18.25780215,
4824678367,-18.60898647,
4825278327,-17.79423233,
4825878287,-17.63083852,
4826478247,-17.99573554,
4827078207,-18.74240563,
4827678167,-17.69766096,
4828278127,-18.43428443,
4828878087,-18.69352717,
4829478047,-17.95693928,
4830078007,-17.89088507,
4830677967,-18.06726663,
4831277927,-17.78933972,
4831877887,-17.91933033,
4832477847,-18.25350493,
4833077807,-18.06799383,
4833677767,-18.04969315,
4834277727,-17.99036673,
4834877687,-18.23601051,
4835477647,-18.24230245,
4836077607,-18.46269656,
4836677567,-18.48735555,
4837277527,-17.77894974,
4837877487,-18.85834284,
4838477447,-17.82500434,
4839077407,-18.49665182,
4839677367,-19.12303639,
4840277327,-18.6487381,
4840877287,-18.95791706,
4841477247,-18.06352351,
4842077207,-18.57474826,
4842677167,-18.30660148,
4843277127,-18.5380575,
4843877087,-19.26356978,
4844477047,-18.84056501,
4845077007,-18.5830983,
4845676967,-18.39695555,
4846276927,-18.68959414,
4846876887,-18.98213317,
4847476847,-18.43893436,
4848076807,-18.80174697,
4848676767,-19.06420933,
4849276727,-18.89618674,
4849876687,-18.85676709,
4850476647,-18.02021682,
4851076607,-18.62047771,
4851676567,-18.55452419,
4852276527,-18.42936575,
4852876487,-18.72572733,
4853476447,-19.12962244,
4854076407,-19.02287716,
4854676367,-19.11205174,
4855276327,-18.69158737,
4855876287,-19.09328979,
4856476247,-18.7970738,
4857076207,-19.04899801,
4857676167,-19.00118984,
4858276127,-19.67186736,
4858876087,-19.15624067,
4859476047,-19.23891026,
4860076007,-19.17019032,
4860675967,-19.09178146,
4861275927,-18.75620149,
4861875887,-19.36431545,
4862475847,-19.12507499,
4863075807,-19.42450132,
4863675767,-18.75889112,
4864275727,-19.06147988,
4864875687,-19.04515052,
4865475647,-19.38933596,
4866075607,-19.03802039,
4866675567,-19.78663804,
4867275527,-19.38144498,
4867875487,-19.48069889,
4868475447,-19.7546315,
4869075407,-19.80730528,
4869675367,-19.68282646,
4870275327,-19.96119486,
4870875287,-19.52782385,
4871475247,-19.51632916,
4872075207,-19.76108172,
4872675167,-19.78861929,
4873275127,-19.73712325,
4873875087,-19.91772032,
4874475047,-20.07140044,
4875075007,-20.05152262,
4875674967,-19.8697779,
4876274927,-19.54746537,
4876874887,-19.65383664,
4877474847,-19.91907662,
4878074807,-19.79948319,
4878674767,-20.40171735,
4879274727,-19.9824707,
4879874687,-19.94670592,
4880474647,-19.89455446,
4881074607,-19.93286745,
4881674567,-20.21026925,
4882274527,-20.13681918,
4882874487,-20.07247221,
4883474447,-20.02159366,
4884074407,-20.47583671,
4884674367,-20.15563308,
4885274327,-20.4691863,
4885874287,-20.37735419,
4886474247,-20.38689611,
4887074207,-19.74657659,
4887674167,-19.88889117,
4888274127,-20.48480684,
4888874087,-20.28879697,
4889474047,-20.06670121,
4890074007,-20.0646182,
4890673967,-20.45635999,
4891273927,-20.23385891,
4891873887,-20.25455459,
4892473847,-20.28901338,
4893073807,-19.98521043,
4893673767,-20.23495668,
4894273727,-19.81118964,
4894873687,-20.39932497,
4895473647,-20.11840568,
4896073607,-20.15694989,
4896673567,-20.34821772,
4897273527,-20.22575107,
4897873487,-20.06053655,
4898473447,-20.39776507,
4899073407,-20.17738122,
4899673367,-19.67260849,
4900273327,-20.08809343,
4900873287,-20.31568756,
4901473247,-20.32802479,
4902073207,-20.8389949,
4902673167,-19.93772138,
4903273127,-19.70578408,
4903873087,-20.97594381,
4904473047,-19.97005056,
4905073007,-20.26061041,
4905672967,-20.25672539,
4906272927,-19.65633309,
4906872887,-20.08743148,
4907472847,-20.76347084,
4908072807,-20.28576635,
4908672767,-20.52162179,
4909272727,-20.28863926,
4909872687,-19.90354822,
4910472647,-20.1163331,
4911072607,-20.86820907,
4911672567,-19.97655245,
4912272527,-19.94363071,
4912872487,-19.88973044,
4913472447,-20.30933707,
4914072407,-19.99424138,
4914672367,-20.08863956,
4915272327,-20.05260584,
4915872287,-20.12922243,
4916472247,-19.86118475,
4917072207,-19.88707867,
4917672167,-20.01157946,
4918272127,-19.92223981,
4918872087,-19.73493797,
4919472047,-19.97429969,
4920072007,-19.90964762,
4920671967,-20.08861499,
4921271927,-20.08794778,
4921871887,-20.16030475,
4922471847,-20.17944695,
4923071807,-20.09771651,
4923671767,-19.97391265,
4924271726,-19.88499868,
4924871686,-19.74287378,
4925471646,-20.0661544,
4926071606,-19.53983837,
4926671566,-20.12920432,
4927271526,-19.75367604,
4927871486,-19.90555924,
4928471446,-19.64727813,
4929071406,-19.63523796,
4929671366,-20.03212209,
4930271326,-19.37564329,
4930871286,-19.22348438,
4931471246,-19.25126236,
4932071206,-19.60521579,
4932671166,-19.43499523,
4933271126,-19.04110992,
4933871086,-19.49426962,
4934471046,-19.54713006,
4935071006,-19.34272546,
4935670966,-19.50054455,
4936270926,-18.95472991,
4936870886,-19.35868952,
4937470846,-18.79762888,
4938070806,-19.64284566,
4938670766,-19.57217392,
4939270726,-19.48465551,
4939870686,-19.46585479,
4940470646,-19.10697842,
4941070606,-19.06549431,
4941670566,-19.44024664,
4942270526,-19.35613748,
4942870486,-18.60991945,
4943470446,-19.61968606,
4944070406,-19.09311791,
4944670366,-18.98652879,
4945270326,-19.37478833,
4945870286,-19.24807185,
4946470246,-19.00795459,
4947070206,-19.03339597,
4947670166,-18.64910131,
4948270126,-18.82110454,
4948870086,-18.82928693,
4949470046,-18.55256754,
4950070006,-19.11717699,
4950669966,-18.98804668,
4951269926,-18.06554346,
4951869886,-18.91253911,
4952469846,-18.77503765,
4953069806,-18.73438373,
4953669766,-18.98577629,
4954269726,-18.58611869,
4954869686,-18.94592697,
4955469646,-18.3402504,
4956069606,-18.52241576,
4956669566,-19.03141682,
4957269526,-18.55612583,
4957869486,-18.86492963,
4958469446,-18.45091912,
4959069406,-18.59516913,
4959669366,-18.44417999,
4960269326,-18.47380097,
4960869286,-18.2383484,
4961469246,-18.42891288,
4962069206,-18.09011258,
4962669166,-18.45575489,
4963269126,-18.06310786,
4963869086,-18.47433347,
4964469046,-18.10945937,
4965069006,-18.17336963,
4965668966,-18.53228071,
4966268926,-18.27374505,
4966868886,-17.85617105,
4967468846,-17.70958113,
4968068806,-18.54010681,
4968668766,-17.73536029,
4969268726,-18.29589356,
4969868686,-17.88333264,
4970468646,-18.1175843,
4971068606,-18.41620029,
4971668566,-18.05382667,
4972268526,-18.62934282,
4972868486,-17.64050397,
4973468446,-17.62357919,
4974068406,-17.44877228,
4974668366,-17.6677041,
4975268326,-17.98706969,
4975868286,-18.09905526,
4976468246,-17.95687205,
4977068206,-17.49747015,
4977668166,-17.99559662,
4978268126,-18.32053172,
4978868086,-17.80971496,
4979468046,-18.04841644,
4980068006,-18.32611054,
4980667966,-17.94934569,
4981267926,-17.58349019,
4981867886,-17.70335995,
4982467846,-18.0369694,
4983067806,-17.86511301,
4983667766,-17.25996622,
4984267726,-17.79146022,
4984867686,-18.06450693,
4985467646,-17.92808163,
4986067606,-17.7283786,
4986667566,-18.22493531,
4987267526,-17.54715049,
4987867486,-18.16506344,
4988467446,-18.16282166,
4989067406,-17.84749307,
4989667366,-17.56809647,
4990267326,-18.23368699,
4990867286,-17.67162147,
4991467246,-17.82252765,
4992067206,-17.67598726,
4992667166,-18.0976999,
4993267126,-17.92309596,
4993867086,-17.73717354,
4994467046,-18.30235177,
4995067006,-17.62618458,
4995666966,-17.69350048,
4996266926,-17.7236736,
4996866886,-17.83379594,
4997466846,-17.44310817,
4998066806,-17.73663871,
4998666766,-17.77577986,
4999266726,-17.67371778,
4999866686,-17.81736429,
5000466646,-17.80709425,
5001066606,-17.71219024,
5001666566,-17.93017932,
5002266526,-17.75468606,
5002866486,-17.65101013,
5003466446,-17.57504714,
5004066406,-17.77827372,
5004666366,-18.29176915,
5005266326,-17.43240878,
5005866286,-17.27454206,
5006466246,-17.81127928,
5007066206,-17.87429986,
5007666166,-18.24038234,
5008266126,-17.29533091,
5008866086,-17.75447559,
5009466046,-18.01967139,
5010066006,-18.44437394,
5010665966,-17.94616001,
5011265926,-17.37925194,
5011865886,-17.70726788,
5012465846,-17.579293,
5013065806,-17.8499922,
5013665766,-18.15976376,
5014265726,-17.76062171,
5014865686,-17.43719252,
5015465646,-17.27632956,
5016065606,-17.48639666,
5016665566,-17.50232799,
5017265526,-17.96331186,
5017865486,-17.45374259,
5018465446,-17.60146954,
5019065406,-17.9328636,
5019665366,-17.66432383,
5020265326,-18.06427433,
5020865286,-17.98977642,
5021465246,-18.30725882,
5022065206,-18.10284751,
5022665166,-18.01892114,
5023265126,-17.61695187,
5023865086,-17.79454193,
5024465046,-18.08923799,
5025065006,-17.90209938,
5025664966,-18.07665477,
5026264926,-17.74118613,
5026864886,-18.34312435,
5027464846,-17.94573078,
5028064806,-17.96185246,
5028664766,-18.36207809,
5029264726,-18.70587953,
5029864686,-17.98848152,
5030464646,-18.50510554,
5031064606,-18.18065944,
5031664566,-18.05447816,
5032264526,-17.88738847,
5032864486,-18.42507207,
5033464446,-18.14472837,
5034064406,-18.17165265,
5034664366,-18.32138424,
5035264326,-17.71840272,
5035864286,-18.82656377,
5036464246,-18.4283463,
5037064206,-18.02110757,
5037664166,-18.6853037,
5038264126,-18.6023285,
5038864086,-18.83583425,
5039464046,-18.18825732,
5040064006,-18.55979433,
5040663966,-18.40289915,
5041263926,-18.45039244,
5041863886,-18.42683435,
5042463846,-18.58061435,
5043063806,-18.9843592,
5043663766,-18.34980552,
5044263726,-18.17343965,
5044863686,-18.66942286,
5045463646,-18.57206036,
5046063606,-18.40998617,
5046663566,-19.0495003,
5047263526,-19.22877554,
5047863486,-19.04062812,
5048463446,-18.73137794,
5049063406,-18.69963953,
5049663366,-18.6976683,
5050263326,-19.10998322,
5050863286,-19.31399073,
5051463246,-19.25124088,
5052063206,-19.54534533,
5052663166,-19.32574445,
5053263126,-19.5334583,
5053863086,-18.6165326,
5054463046,-19.19289369,
5055063006,-19.58320849,
5055662966,-18.98119866,
5056262926,-19.68663126,
5056862886,-19.42543052,
5057462846,-19.80085622,
5058062806,-19.98335744,
5058662766,-20.66527154,
5059262726,-20.53043003,
5059862686,-19.89124994,
5060462646,-20.05316179,
5061062606,-20.19804463,
5061662566,-20.45444999,
5062262526,-20.31748618,
5062862486,-20.5140347,
5063462446,-20.14974567,
5064062406,-20.22337541,
5064662366,-20.71122307,
5065262326,-20.82962918,
5065862286,-20.72998341,
5066462246,-20.28323162,
5067062206,-20.21406866,
5067662166,-20.48502453,
5068262126,-19.96996804,
5068862086,-21.09783273,
5069462046,-20.82515444,
5070062006,-20.37710563,
5070661966,-20.71789961,
5071261926,-20.60750071,
5071861886,-20.65473207,
5072461846,-20.48828447,
5073061806,-20.76379669,
5073661766,-20.33214215,
5074261726,-20.32037813,
5074861686,-20.76526839,
5075461646,-19.98397984,
5076061606,-20.49772456,
5076661566,-20.49065965,
5077261526,-20.88957722,
5077861485,-20.85964495,
5078461445,-21.65433904,
5079061405,-21.03255084,
5079661365,-21.13728261,
5080261325,-20.70528142,
5080861285,-21.05342903,
5081461245,-20.47294757,
5082061205,-21.00206829,
5082661165,-20.96432986,
5083261125,-20.64489743,
5083861085,-20.74724059,
5084461045,-21.04825836,
5085061005,-21.08070656,
5085660965,-21.0309257,
5086260925,-20.78807587,
5086860885,-20.97309116,
5087460845,-20.6273293,
5088060805,-20.93036925,
5088660765,-20.78264669,
5089260725,-20.80565759,
5089860685,-20.8460645,
5090460645,-20.92697462,
5091060605,-21.04317104,
5091660565,-20.83403403,
5092260525,-21.02030273,
5092860485,-21.00202085,
5093460445,-21.15566625,
5094060405,-20.7697953,
5094660365,-20.6703318,
5095260325,-20.79106476,
5095860285,-21.11268939,
5096460245,-21.45032052,
5097060205,-21.30510175,
5097660165,-20.94397462,
5098260125,-21.13200779,
5098860085,-21.22853098,
5099460045,-21.46001312,
5100060005,-21.70726455,
5100659965,-21.30693054,
5101259925,-21.43471354,
5101859885,-21.35217409,
5102459845,-21.38460149,
5103059805,-21.54881517,
5103659765,-21.47032116,
5104259725,-21.39714515,
5104859685,-21.57123263,
5105459645,-21.35531765,
5106059605,-21.81246972,
5106659565,-21.49498486,
5107259525,-21.71590753,
5107859485,-21.82565371,
5108459445,-21.62848148,
5109059405,-21.72393682,
5109659365,-21.73345966,
5110259325,-21.57672762,
5110859285,-21.88877987,
5111459245,-22.16737889,
5112059205,-22.08633397,
5112659165,-22.16093905,
5113259125,-22.12271679,
5113859085,-21.78248997,
5114459045,-22.19605596,
5115059005,-21.63350588,
5115658965,-21.92216077,
5116258925,-21.85081408,
5116858885,-22.42551931,
5117458845,-22.12429689,
5118058805,-22.03829885,
5118658765,-21.82695215,
5119258725,-22.35957286,
5119858685,-22.17107074,
5120458645,-22.31283876,
5121058605,-22.42173482,
5121658565,-22.45952632,
5122258525,-22.27246336,
5122858485,-22.14670829,
5123458445,-22.55984384,
5124058405,-22.28692939,
5124658365,-22.22125506,
5125258325,-22.28746596,
5125858285,-22.46859853,
5126458245,-22.68562364,
5127058205,-22.71245691,
5127658165,-22.64667954,
5128258125,-22.49251892,
5128858085,-22.6674152,
5129458045,-21.95256682,
5130058005,-22.80698367,
5130657965,-22.84609486,
5131257925,-22.78936574,
5131857885,-22.96082009,
5132457845,-22.70861588,
5133057805,-23.20497638,
5133657765,-22.83413034,
5134257725,-22.58058923,
5134857685,-22.90752467,
5135457645,-22.74024754,
5136057605,-22.43779875,
5136657565,-23.00620522,
5137257525,-22.94422559,
5137857485,-22.88267977,
5138457445,-22.69231014,
5139057405,-22.70107047,
5139657365,-22.28950322,
5140257325,-23.21702469,
5140857285,-22.96702668,
5141457245,-23.45093335,
5142057205,-22.75101799,
5142657165,-23.09549507,
5143257125,-22.6981552,
5143857085,-23.23464051,
5144457045,-22.54983006,
5145057005,-22.91330569,
5145656965,-23.51803756,
5146256925,-23.40774043,
5146856885,-23.40727238,
5147456845,-23.35554992,
5148056805,-23.01059252,
5148656765,-23.92801545,
5149256725,-22.87647804,
5149856685,-23.50791597,
5150456645,-23.76149377,
5151056605,-22.98694347,
5151656565,-23.34446178,
5152256525,-23.74178506,
5152856485,-22.91630759,
5153456445,-23.20945498,
5154056405,-22.73478451,
5154656365,-22.92087221,
5155256325,-23.3546984,
5155856285,-23.5794165,
5156456245,-24.04846601,
5157056205,-22.71191149,
5157656165,-23.12698137,
5158256125,-23.23616676,
5158856085,-23.1501112,
5159456045,-22.92245368,
5160056005,-23.74996349,
5160655965,-23.3709048,
5161255925,-22.82175403,
5161855885,-24.04676578,
5162455845,-22.59081468,
5163055805,-23.72600515,
5163655765,-23.97314094,
5164255725,-23.88202468,
5164855685,-23.31286375,
5165455645,-23.16142724,
5166055605,-23.50351685,
5166655565,-23.78039905,
5167255525,-23.67552065,
5167855485,-23.13579866,
5168455445,-23.50062628,
5169055405,-23.54310027,
5169655365,-23.46524863,
5170255325,-23.22380386,
5170855285,-23.57701641,
5171455245,-23.50583217,
5172055205,-23.66800305,
5172655165,-23.67988917,
5173255125,-23.26894159,
5173855085,-24.13146455,
5174455045,-23.5158396,
5175055005,-23.26264432,
5175654965,-23.30861667,
5176254925,-23.49992423,
5176854885,-23.5143986,
5177454845,-23.34203394,
5178054805,-23.82883924,
5178654765,-23.5858963,
5179254725,-23.76930094,
5179854685,-23.34166129,
5180454645,-23.15943914,
5181054605,-23.92652932,
5181654565,-23.82334139,
5182254525,-23.10242286,
5182854485,-23.46704975,
5183454445,-23.42550229,
5184054405,-24.2443255,
5184654365,-24.03071531,
5185254325,-22.69581382,
5185854285,-23.62139943,
5186454245,-23.69053224,
5187054205,-23.673165,
5187654165,-23.76146916,
5188254125,-23.5163751,
5188854085,-23.5877348,
5189454045,-22.09087469,
5190054005,-23.51511098,
5190653965,-22.83309585,
5191253925,-23.04255587,
5191853885,-23.02990125,
5192453845,-23.61561754,
5193053805,-23.39710104,
5193653765,-23.49082652,
5194253725,-23.6644131,
5194853685,-23.81734417,
5195453645,-23.35114756,
5196053605,-23.53536094,
5196653565,-23.226015,
5197253525,-23.63451463,
5197853485,-23.21626969,
5198453445,-23.31169528,
5199053405,-23.41738768,
5199653365,-22.79683549,
5200253325,-23.59865325,
5200853285,-23.55272325,
5201453245,-23.26149477,
5202053205,-22.51133675,
5202653165,-23.54414128,
5203253125,-23.45315629,
5203853085,-22.84692481,
5204453045,-22.47185821,
5205053005,-23.18295062,
5205652965,-22.77670567,
5206252925,-22.69732588,
5206852885,-23.27158099,
5207452845,-23.85788431,
5208052805,-23.76910857,
5208652765,-23.67659861,
5209252725,-22.88352161,
5209852685,-22.96030922,
5210452645,-23.48873462,
5211052605,-23.75927907,
5211652565,-23.15977869,
5212252525,-23.32107831,
5212852485,-23.09513812,
5213452445,-22.93063369,
5214052405,-23.63503457,
5214652365,-23.11893338,
5215252325,-22.389141,
5215852285,-22.50028589,
5216452245,-22.81894679,
5217052205,-23.04580387,
5217652165,-23.18293115,
5218252125,-22.88358911,
5218852085,-22.80916265,
5219452045,-22.41759014,
5220052005,-22.7529991,
5220651965,-22.07924807,
5221251925,-22.36204067,
5221851885,-22.53103329,
5222451845,-22.91192777,
5223051805,-22.71102927,
5223651765,-23.29705508,
5224251725,-23.14040658,
5224851685,-22.34587873,
5225451645,-22.76421925,
5226051605,-22.78718961,
5226651565,-22.42409656,
5227251525,-22.80045929,
5227851485,-22.46617405,
5228451445,-22.19999166,
5229051405,-22.64046637,
5229651365,-22.82715284,
5230251325,-22.22502676,
5230851285,-22.48990521,
5231451244,-22.90152058,
5232051204,-22.815104,
5232651164,-22.68048659,
5233251124,-22.82824692,
5233851084,-22.6212037,
5234451044,-22.65886216,
5235051004,-22.5091118,
5235650964,-21.86225686,
5236250924,-22.05543143,
5236850884,-22.49063205,
5237450844,-22.10734239,
5238050804,-21.93426401,
5238650764,-21.81459206,
5239250724,-21.77848576,
5239850684,-21.66576251,
5240450644,-22.32809862,
5241050604,-21.9623347,
5241650564,-21.56812103,
5242250524,-21.98780321,
5242850484,-21.31399067,
5243450444,-21.89687509,
5244050404,-22.17486112,
5244650364,-21.83943511,
5245250324,-21.31419213,
5245850284,-21.65515285,
5246450244,-21.93770078,
5247050204,-21.51979896,
5247650164,-21.73493089,
5248250124,-21.56100848,
5248850084,-21.82837867,
5249450044,-21.30776415,
5250050004,-21.8354644,
5250649964,-21.9314236,
5251249924,-21.55033107,
5251849884,-21.6555663,
5252449844,-21.51935578,
5253049804,-21.44761979,
5253649764,-21.72651794,
5254249724,-21.70297984,
5254849684,-20.84887806,
5255449644,-21.02094296,
5256049604,-21.27424697,
5256649564,-21.30325602,
5257249524,-21.09977046,
5257849484,-21.19639615,
5258449444,-21.23144966,
5259049404,-21.20290114,
5259649364,-21.0931836,
5260249324,-21.28144001,
5260849284,-20.90624669,
5261449244,-20.64359424,
5262049204,-21.05753598,
5262649164,-20.86248263,
5263249124,-20.36109528,
5263849084,-20.95989771,
5264449044,-20.81430004,
5265049004,-20.85086525,
5265648964,-21.01828529,
5266248924,-20.99485898,
5266848884,-20.99053026,
5267448844,-20.77828155,
5268048804,-20.76535361,
5268648764,-20.94582495,
5269248724,-21.0182367,
5269848684,-21.04966213,
5270448644,-20.86623784,
5271048604,-20.64164296,
5271648564,-20.52748335,
5272248524,-20.81083785,
5272848484,-20.66561207,
5273448444,-20.42800302,
5274048404,-20.50773158,
5274648364,-20.57561947,
5275248324,-20.51447989,
5275848284,-20.48038072,
5276448244,-20.42278156,
5277048204,-20.04305408,
5277648164,-20.36683575,
5278248124,-20.46231566,
5278848084,-20.63916874,
5279448044,-20.26763022,
5280048004,-20.56112506,
5280647964,-20.48145057,
5281247924,-20.66427821,
5281847884,-20.32432755,
5282447844,-20.29316974,
5283047804,-20.31165279,
5283647764,-20.43458848,
5284247724,-20.40918135,
5284847684,-20.18236074,
5285447644,-20.50624742,
5286047604,-20.35217709,
5286647564,-20.49180334,
5287247524,-20.2589146,
5287847484,-20.28808732,
5288447444,-20.17398171,
5289047404,-20.14451461,
5289647364,-20.22304686,
5290247324,-20.03126317,
5290847284,-20.29573267,
5291447244,-20.06649564,
5292047204,-20.28531476,
5292647164,-20.02113864,
5293247124,-19.95642072,
5293847084,-20.08629572,
5294447044,-20.06274922,
5295047004,-20.01265725,
5295646964,-20.11327013,
5296246924,-20.2479711,
5296846884,-19.98759007,
5297446844,-19.83745628,
5298046804,-20.284806,
5298646764,-19.93091964,
5299246724,-20.42454027,
5299846684,-19.94138677,
5300446644,-20.08723,
5301046604,-20.13101332,
5301646564,-19.88784982,
5302246524,-19.8552827,
5302846484,-20.18077201,
5303446444,-20.07580561,
5304046404,-19.91437709,
5304646364,-20.11875384,
5305246324,-20.00814914,
5305846284,-19.93993194,
5306446244,-20.17252746,
5307046204,-20.09868971,
5307646164,-19.68903427,
5308246124,-20.12798675,
5308846084,-20.0415657,
5309446044,-20.2386095,
5310046004,-19.92095515,
5310645964,-20.13370534,
5311245924,-20.04754358,
5311845884,-19.92850765,
5312445844,-20.06710164,
5313045804,-19.8696903,
5313645764,-20.31836556,
5314245724,-19.86357553,
5314845684,-19.93645166,
5315445644,-20.04114556,
5316045604,-19.9345065,
5316645564,-20.03968054,
5317245524,-20.28173384,
5317845484,-20.18967502,
5318445444,-20.24219707,
5319045404,-19.80086153,
5319645364,-20.16077551,
5320245324,-20.11981245,
5320845284,-20.18374798,
5321445244,-20.33412581,
5322045204,-20.25136965,
5322645164,-20.37802582,
5323245124,-20.45548845,
5323845084,-20.49443994,
5324445044,-20.40732042,
5325045004,-20.41769578,
5325644964,-19.92434424,
5326244924,-20.29577304,
5326844884,-20.51725754,
5327444844,-20.51891114,
5328044804,-20.39471706,
5328644764,-20.5100059,
5329244724,-20.54927757,
5329844684,-20.68163754,
5330444644,-20.55029092,
5331044604,-20.80876449,
5331644564,-20.49330354,
5332244524,-20.65145232,
5332844484,-20.37779781,
5333444444,-20.72372561,
5334044404,-20.60197129,
5334644364,-20.81947546,
5335244324,-20.64380202,
5335844284,-20.58120215,
5336444244,-20.6084277,
5337044204,-20.52295427,
5337644164,-20.84293943,
5338244124,-20.85287158,
5338844084,-20.61013397,
5339444044,-21.02743842,
5340044004,-20.67921768,
5340643964,-20.60334494,
5341243924,-20.87440357,
5341843884,-20.82292994,
5342443844,-20.99853084,
5343043804,-21.23183803,
5343643764,-21.07620533,
5344243724,-21.16254302,
5344843684,-21.25804364,
5345443644,-21.13317864,
5346043604,-20.6080632,
5346643564,-21.04659105,
5347243524,-20.96397351,
5347843484,-21.13239777,
5348443444,-21.14068992,
5349043404,-21.18354564,
5349643364,-21.38840972,
5350243324,-21.18341055,
5350843284,-20.77134815,
5351443244,-21.12410157,
5352043204,-21.53939809,
5352643164,-21.1004059,
5353243124,-21.52412286,
5353843084,-21.19755263,
5354443044,-21.45492455,
5355043004,-21.46214164,
5355642964,-20.78873584,
5356242924,-21.79712386,
5356842884,-21.52544149,
5357442844,-21.59372363,
5358042804,-21.21189946,
5358642764,-21.77947664,
5359242724,-21.56032573,
5359842684,-21.67589393,
5360442644,-21.53983632,
5361042604,-21.67284995,
5361642564,-22.02667131,
5362242524,-21.70303468,
5362842484,-21.65665675,
5363442444,-21.91242182,
5364042404,-21.47126111,
5364642364,-21.59976657,
5365242324,-21.65946633,
5365842284,-22.18775262,
5366442244,-21.94058487,
5367042204,-22.40447341,
5367642164,-22.57665547,
5368242124,-22.2814661,
5368842084,-22.07957219,
5369442044,-22.94721402,
5370042004,-22.03735216,
5370641964,-22.37355153,
5371241924,-22.06226661,
5371841884,-22.32891225,
5372441844,-22.47650669,
5373041804,-22.62166493,
5373641764,-21.9802963,
5374241724,-21.83529677,
5374841684,-22.40764094,
5375441644,-23.14816712,
5376041604,-22.35513897,
5376641564,-23.0556706,
5377241524,-22.23211323,
5377841484,-22.5984925,
5378441444,-22.63651375,
5379041404,-22.40577228,
5379641364,-22.50620823,
5380241324,-22.5129645,
5380841284,-23.01337691,
5381441244,-23.17066897,
5382041204,-22.57308734,
5382641164,-23.38555045,
5383241124,-22.52598539,
5383841084,-22.93409761,
5384441044,-23.13333167,
5385041004,-23.51508697,
5385640963,-23.18498281,
5386240923,-22.82801338,
5386840883,-23.10877356,
5387440843,-22.90510873,
5388040803,-22.45915803,
5388640763,-23.01324895,
5389240723,-23.42445189,
5389840683,-23.32388534,
5390440643,-23.15846303,
5391040603,-23.14324776,
5391640563,-23.42718009,
5392240523,-22.94018853,
5392840483,-22.64444619,
5393440443,-23.29308865,
5394040403,-22.92765178,
5394640363,-23.33138691,
5395240323,-22.14300142,
5395840283,-23.43054286,
5396440243,-23.60590795,
5397040203,-22.91717559,
5397640163,-23.88226714,
5398240123,-22.62937887,
5398840083,-23.16869695,
5399440043,-23.66529349,
5400040003,-23.2477529,
5400639963,-22.71385735,
5401239923,-22.75604524,
5401839883,-22.77833331,
5402439843,-23.76484692,
5403039803,-23.19530861,
5403639763,-23.13778649,
5404239723,-22.98088609,
5404839683,-23.29397529,
5405439643,-23.46392405,
5406039603,-23.07675602,
5406639563,-23.15513505,
5407239523,-23.28719467,
5407839483,-23.61854064,
5408439443,-23.53542955,
5409039403,-23.59044711,
5409639363,-24.06203728,
5410239323,-22.63587363,
5410839283,-23.46270391,
5411439243,-22.94754114,
5412039203,-23.18110436,
5412639163,-23.52442364,
5413239123,-23.45728005,
5413839083,-24.34966066,
5414439043,-23.69794722,
5415039003,-23.99332386,
5415638963,-23.92004985,
5416238923,-23.4521013,
5416838883,-23.16188608,
5417438843,-24.63407468,
5418038803,-23.7971084,
5418638763,-23.57654799,
5419238723,-23.39228808,
5419838683,-23.36287995,
5420438643,-23.29361258,
5421038603,-23.35158744,
5421638563,-23.53093244,
5422238523,-23.99112349,
5422838483,-24.64954428,
5423438443,-23.1508594,
5424038403,-23.44642605,
5424638363,-24.67710855,
5425238323,-24.39169652,
5425838283,-23.53775063,
5426438243,-24.14677335,
5427038203,-23.54068315,
5427638163,-24.32214912,
5428238123,-24.32586613,
5428838083,-24.41253933,
5429438043,-23.94042023,
5430038003,-24.60383781,
5430637963,-23.41687515,
5431237923,-24.65101269,
5431837883,-23.94011061,
5432437843,-25.47666148,
5433037803,-23.36467136,
5433637763,-25.02971269,
5434237723,-23.73950496,
5434837683,-25.54904142,
5435437643,-24.19270078,
5436037603,-23.69419434,
5436637563,-25.19080742,
5437237523,-24.14751817,
5437837483,-23.99170475,
5438437443,-24.71152665,
5439037403,-24.26981255,
5439637363,-25.81903066,
5440237323,-25.27920665,
5440837283,-25.62688926,
5441437243,-23.53896669,
5442037203,-23.76378469,
5442637163,-25.66874991,
5443237123,-24.14589283,
5443837083,-24.29360967,
5444437043,-24.18319513,
5445037003,-25.7194886,
5445636963,-23.97111027,
5446236923,-24.68046569,
5446836883,-24.09674359,
5447436843,-24.21733182,
5448036803,-25.76463852,
5448636763,-24.49888849,
5449236723,-26.151199,
5449836683,-25.16298935,
5450436643,-24.33676496,
5451036603,-25.70251409,
5451636563,-24.85354306,
5452236523,-24.42947733,
5452836483,-25.36167597,
5453436443,-23.28096654,
5454036403,-26.41408658,
5454636363,-24.69087222,
5455236323,-24.81520417,
5455836283,-26.56772707,
5456436243,-24.96196869,
5457036203,-24.02449458,
5457636163,-25.73519509,
5458236123,-25.02234898,
5458836083,-25.15809672,
5459436043,-24.17982878,
5460036003,-25.795823,
5460635963,-25.36572697,
5461235923,-24.69452324,
5461835883,-24.51845797,
5462435843,-24.36785222,
5463035803,-24.73903084,
5463635763,-24.5583118,
5464235723,-24.43878151,
5464835683,-24.11150231,
5465435643,-24.86365677,
5466035603,-26.65771963,
5466635563,-25.24872254,
5467235523,-26.57864007,
5467835483,-26.33887963,
5468435443,-25.30652597,
5469035403,-24.616017,
5469635363,-23.74921267,
5470235323,-23.81065584,
5470835283,-25.2247218,
5471435243,-24.73526808,
5472035203,-24.64166401,
5472635163,-24.20531651,
5473235123,-24.85413413,
5473835083,-24.23895524,
5474435043,-23.76907629,
5475035003,-25.5367025,
5475634963,-24.22259912,
5476234923,-25.2112552,
5476834883,-24.27928594,
5477434843,-24.14460874,
5478034803,-25.11458354,
5478634763,-25.9849764,
5479234723,-23.99350056,
5479834683,-26.76192507,
5480434643,-24.26105893,
5481034603,-25.33373187,
5481634563,-24.84552912,
5482234523,-24.70243465,
5482834483,-25.81739734,
5483434443,-24.07817906,
5484034403,-24.4726446,
5484634363,-24.41116242,
5485234323,-23.64039571,
5485834283,-26.40514848,
5486434243,-26.14582718,
5487034203,-25.33088406,
5487634163,-23.50196659,
5488234123,-23.81911092,
5488834083,-24.65822985,
5489434043,-24.66709722,
5490034003,-24.93326328,
5490633963,-25.58788041,
5491233923,-24.12943359,
5491833883,-25.28127553,
5492433843,-24.7343408,
5493033803,-24.10005891,
5493633763,-25.56008009,
5494233723,-23.63243239,
5494833683,-24.87425283,
5495433643,-24.56825466,
5496033603,-24.93645911,
5496633563,-24.4751661,
5497233523,-22.85954388,
5497833483,-24.04824113,
5498433443,-25.68625312,
5499033403,-24.06272503,
5499633363,-22.81563377,
5500233323,-24.95497969,
5500833283,-24.74978995,
5501433243,-24.55176846,
5502033203,-24.47629467,
5502633163,-22.86592606,
5503233123,-25.24792987,
5503833083,-23.89724237,
5504433043,-23.0685133,
5505033003,-24.4642262,
5505632963,-23.21636189,
5506232923,-25.31403212,
5506832883,-22.7177859,
5507432843,-23.01283104,
5508032803,-24.55258751,
5508632763,-23.98000254,
5509232723,-23.40091673,
5509832683,-24.87159555,
5510432643,-23.68416535,
5511032603,-25.10880895,
5511632563,-23.81529673,
5512232523,-23.84042339,
5512832483,-22.95865921,
5513432443,-22.62706747,
5514032403,-22.7724336,
5514632363,-23.82993611,
5515232323,-23.99235903,
5515832283,-23.27736022,
5516432243,-23.12365496,
5517032203,-23.25616226,
5517632163,-22.98690475,
5518232123,-22.67833699,
5518832083,-23.32408598,
5519432043,-24.0811653,
5520032003,-23.02011765,
5520631963,-22.94474062,
5521231923,-22.67951257,
5521831883,-22.75719199,
5522431843,-22.27505502,
5523031803,-22.16900079,
5523631763,-22.74783465,
5524231723,-22.67000469,
5524831683,-22.4991753,
5525431643,-22.0364346,
5526031603,-22.68378093,
5526631563,-22.60199014,
5527231523,-22.98607018,
5527831483,-22.87808,
5528431443,-22.39617367,
5529031403,-23.05617383,
5529631363,-22.46360816,
5530231323,-23.05287055,
5530831283,-22.89053553,
5531431243,-22.77109554,
5532031203,-22.9930795,
5532631163,-22.10886014,
5533231123,-22.76726542,
5533831083,-22.30075738,
5534431043,-21.96088478,
5535031003,-22.29434775,
5535630963,-22.88446341,
5536230923,-22.26677478,
5536830883,-22.09860746,
5537430843,-21.96745521,
5538030803,-22.37059694,
5538630763,-22.91853099,
5539230722,-22.03311692,
5539830682,-22.45360506,
5540430642,-21.94750681,
5541030602,-22.68197261,
5541630562,-22.35652402,
5542230522,-22.52888161,
5542830482,-22.09186431,
5543430442,-21.98886111,
5544030402,-22.36486079,
5544630362,-22.938252,
5545230322,-22.25684724,
5545830282,-22.31644283,
5546430242,-21.75086527,
5547030202,-22.05961898,
5547630162,-21.76306998,
5548230122,-22.63170262,
5548830082,-21.80935626,
5549430042,-22.40487797,
5550030002,-22.48558187,
5550629962,-22.50684505,
5551229922,-22.36954069,
5551829882,-21.7739641,
5552429842,-22.77176041,
5553029802,-21.52474096,
5553629762,-22.13444402,
5554229722,-22.33138798,
5554829682,-22.9799139,
5555429642,-22.35862569,
5556029602,-21.88733052,
5556629562,-22.24913993,
5557229522,-21.25185992,
5557829482,-21.40390365,
5558429442,-22.16919121,
5559029402,-21.94773672,
5559629362,-21.62366899,
5560229322,-21.47098691,
5560829282,-21.43090769,
5561429242,-21.09933683,
5562029202,-22.11247412,
5562629162,-22.13228466,
5563229122,-21.37018721,
5563829082,-21.47012088,
5564429042,-22.15015715,
5565029002,-21.79642515,
5565628962,-21.7138111,
5566228922,-21.11440136,
5566828882,-21.09931558,
5567428842,-21.98285777,
5568028802,-21.79399824,
5568628762,-21.99450364,
5569228722,-21.91106881,
5569828682,-20.35578385,
5570428642,-21.20507218,
5571028602,-21.47706769,
5571628562,-21.49608799,
5572228522,-21.44847411,
5572828482,-21.58286037,
5573428442,-21.27596484,
5574028402,-21.25375652,
5574628362,-21.17312277,
5575228322,-21.09127645,
5575828282,-21.78784891,
5576428242,-21.08585088,
5577028202,-20.72715188,
5577628162,-20.81373371,
5578228122,-21.08683607,
5578828082,-21.03598436,
5579428042,-21.09724329,
5580028002,-21.28549439,
5580627962,-21.25522981,
5581227922,-20.13885812,
5581827882,-20.97411699,
5582427842,-21.07404294,
5583027802,-20.79476923,
5583627762,-20.61295193,
5584227722,-20.27243087,
5584827682,-21.43558481,
5585427642,-21.13120297,
5586027602,-20.27854405,
5586627562,-21.13314588,
5587227522,-21.26794903,
5587827482,-21.14757842,
5588427442,-20.86149516,
5589027402,-20.39320151,
5589627362,-21.05651829,
5590227322,-20.90221192,
5590827282,-20.81681987,
5591427242,-21.20734487,
5592027202,-20.38381403,
5592627162,-20.38304241,
5593227122,-20.57856435,
5593827082,-21.08204295,
5594427042,-20.35631994,
5595027002,-20.82368694,
5595626962,-20.73971997,
5596226922,-21.07523506,
5596826882,-20.85763633,
5597426842,-20.71745495,
5598026802,-20.3816358,
5598626762,-20.63713783,
5599226722,-20.85881631,
5599826682,-20.63074053,
5600426642,-20.47598356,
5601026602,-20.51917164,
5601626562,-20.31921211,
5602226522,-20.50644986,
5602826482,-20.46283099,
5603426442,-20.3881138,
5604026402,-20.23006699,
5604626362,-21.04381307,
5605226322,-20.61044058,
5605826282,-20.70601353,
5606426242,-21.0745704,
5607026202,-20.44980932,
5607626162,-20.76027173,
5608226122,-20.98500211,
5608826082,-20.09479678,
5609426042,-20.48708767,
5610026002,-20.74286394,
5610625962,-21.07742945,
5611225922,-20.60001235,
5611825882,-21.02841418,
5612425842,-20.72453243,
5613025802,-20.16280603,
5613625762,-19.87584662,
5614225722,-20.6082652,
5614825682,-20.16994214,
5615425642,-20.77437038,
5616025602,-21.23667892,
5616625562,-20.46759162,
5617225522,-20.68055735,
5617825482,-20.52563366,
5618425442,-20.98164444,
5619025402,-20.54214891,
5619625362,-20.99633487,
5620225322,-20.7493073,
5620825282,-20.67670212,
5621425242,-20.4021492,
5622025202,-21.63849156,
5622625162,-20.45366912,
5623225122,-21.15794269,
5623825082,-20.81215002,
5624425042,-20.95331612,
5625025002,-20.77671808,
5625624962,-20.80992766,
5626224922,-20.75320465,
5626824882,-20.52018124,
5627424842,-20.67535438,
5628024802,-20.88992024,
5628624762,-21.30650001,
5629224722,-21.19687952,
5629824682,-21.37744508,
5630424642,-21.02892228,
5631024602,-21.32651544,
5631624562,-20.09001227,
5632224522,-21.01514836,
5632824482,-20.76758221,
5633424442,-20.95641431,
5634024402,-21.40113433,
5634624362,-21.2057026,
5635224322,-21.59042413,
5635824282,-20.95802221,
5636424242,-21.34048021,
5637024202,-21.70766612,
5637624162,-21.55279704,
5638224122,-21.84002521,
5638824082,-21.2245828,
5639424042,-21.37083315,
5640024002,-21.04958521,
5640623962,-21.56786817,
5641223922,-21.37109165,
5641823882,-21.75934984,
5642423842,-21.48136812,
5643023802,-20.56331006,
5643623762,-21.32019847,
5644223722,-21.45932941,
5644823682,-20.63836732,
5645423642,-20.84487544,
5646023602,-21.84486784,
5646623562,-21.772177,
5647223522,-21.82781219,
5647823482,-21.10643002,
5648423442,-21.49173855,
5649023402,-21.59792209,
5649623362,-21.79738663,
5650223322,-21.3701738,
5650823282,-22.43692012,
5651423242,-21.37902182,
5652023202,-21.42754347,
5652623162,-21.87187352,
5653223122,-21.93108372,
5653823082,-21.94025595,
5654423042,-21.74193747,
5655023002,-21.67413944,
5655622962,-21.91410252,
5656222922,-21.49831455,
5656822882,-21.98278009,
5657422842,-21.9328995,
5658022802,-21.5954685,
5658622762,-21.10278727,
5659222722,-21.50862295,
5659822682,-21.35368038,
5660422642,-21.85566781,
5661022602,-21.44822365,
5661622562,-21.98740893,
5662222522,-21.36531279,
5662822482,-20.99314465,
5663422442,-21.21060869,
5664022402,-21.01620453,
5664622362,-22.63585904,
5665222322,-21.70933821,
5665822282,-21.31640321,
5666422242,-22.07857111,
5667022202,-21.38837725,
5667622162,-21.42856254,
5668222122,-21.67148953,
5668822082,-22.37504729,
5669422042,-22.88001967,
5670022002,-21.3475405,
5670621962,-22.13090112,
5671221922,-22.41936557,
5671821882,-21.58268668,
5672421842,-21.79427342,
5673021802,-21.76279207,
5673621762,-21.55247478,
5674221722,-22.20327724,
5674821682,-22.14774475,
5675421642,-22.26589587,
5676021602,-22.65194645,
5676621562,-22.83376611,
5677221522,-22.27700582,
5677821482,-22.28769077,
5678421442,-22.41271061,
5679021402,-23.17896154,
5679621362,-22.52937698,
5680221322,-23.57795345,
5680821282,-23.18846926,
5681421242,-22.99102589,
5682021202,-23.91115513,
5682621162,-22.37287546,
5683221122,-22.73344423,
5683821082,-22.69718424,
5684421042,-23.89978871,
5685021002,-24.42512046,
5685620962,-23.10354616,
5686220922,-23.33285179,
5686820882,-23.34468824,
5687420842,-22.72239898,
5688020802,-22.6506942,
5688620762,-22.96366026,
5689220722,-24.15308827,
5689820682,-23.0450786,
5690420642,-24.13142911,
5691020602,-22.70107081,
5691620562,-22.80758665,
5692220522,-25.02102327,
5692820481,-23.55790806,
5693420441,-24.65974837,
5694020401,-25.96370644,
5694620361,-24.31522515,
5695220321,-24.26947305,
5695820281,-24.32117205,
5696420241,-26.19411811,
5697020201,-23.89725593,
5697620161,-23.76219105,
5698220121,-23.81943636,
5698820081,-23.30316906,
5699420041,-23.29337865,
5700020001,-24.07219886,
5700619961,-23.74665826,
5701219921,-26.03432784,
5701819881,-25.40605158,
5702419841,-25.73431101,
5703019801,-24.94963938,
5703619761,-24.23768472,
5704219721,-26.21794102,
5704819681,-24.07349719,
5705419641,-24.96816092,
5706019601,-24.42938172,
5706619561,-25.95115089,
5707219521,-23.34882751,
5707819481,-24.08130888,
5708419441,-24.42231214,
5709019401,-25.73453387,
5709619361,-25.04361156,
5710219321,-23.12784981,
5710819281,-25.00096011,
5711419241,-25.34301542,
5712019201,-24.97658736,
5712619161,-24.67304991,
5713219121,-28.92691012,
5713819081,-25.90049093,
5714419041,-24.8914337,
5715019001,-24.90581564,
5715618961,-24.32266321,
5716218921,-26.56411224,
5716818881,-26.49129924,
5717418841,-27.39715051,
5718018801,-26.0882052,
5718618761,-25.50123895,
5719218721,-28.04896543,
5719818681,-26.41535757,
5720418641,-25.00399306,
5721018601,-26.16104588,
5721618561,-26.09102906,
5722218521,-28.01709891,
5722818481,-26.42070557,
5723418441,-26.9035154,
5724018401,-25.86901775,
5724618361,-25.62952233,
5725218321,-26.90004163,
5725818281,-27.5638289,
5726418241,-28.43970942,
5727018201,-29.83259883,
5727618161,-29.30953089,
5728218121,-28.08662781,
5728818081,-28.13529996,
5729418041,-27.81233398,
5730018001,-29.27307208,
5730617961,-27.69412472,
5731217921,-26.431439,
5731817881,-30.31238859,
5732417841,-30.6111667,
5733017801,-29.90676807,
5733617761,-28.87192138,
5734217721,-27.84276878,
5734817681,-29.53453077,
5735417641,-30.37319494,
5736017601,-30.67514946,
5736617561,-29.94947169,
5737217521,-29.80769712,
5737817481,-29.78121808,
5738417441,-29.7904691,
5739017401,-29.81043783,
5739617361,-29.852657,
5740217321,-30.76896911,
5740817281,-30.25095778,
5741417241,-30.70520283,
5742017201,-29.66338286,
5742617161,-31.24498277,
5743217121,-28.56092009,
5743817081,-30.08300797,
5744417041,-30.01222156,
5745017001,-30.35353538,
5745616961,-30.47757069,
5746216921,-30.90595647,
5746816881,-30.40792068,
5747416841,-30.91265302,
5748016801,-30.4213325,
5748616761,-29.7977803,
5749216721,-30.97929968,
5749816681,-30.01456045,
5750416641,-32.44140583,
5751016601,-29.83680678,
5751616561,-31.22610784,
5752216521,-32.91462766,
5752816481,-29.06697711,
5753416441,-32.04643089,
5754016401,-29.70410357,
5754616361,-28.97951901,
5755216321,-30.43960025,
5755816281,-29.80108615,
5756416241,-31.53785296,
5757016201,-31.50590728,
5757616161,-30.31992601,
5758216121,-31.26415387,
5758816081,-31.4071311,
5759416041,-30.09347509,
5760016001,-29.97802811,
5760615961,-31.20010128,
5761215921,-30.82295731,
5761815881,-29.28992526,
5762415841,-28.17244795,
5763015801,-31.3631068,
5763615761,-28.88255622,
5764215721,-28.95144423,
5764815681,-29.97009928,
5765415641,-29.02833401,
5766015601,-32.50592188,
5766615561,-31.14661504,
5767215521,-28.57308051,
5767815481,-29.83489897,
5768415441,-28.38791338,
5769015401,-31.4618615,
5769615361,-30.99338391,
5770215321,-30.79926376,
5770815281,-31.48489099,
5771415241,-29.995469,
5772015201,-29.88885116,
5772615161,-29.22099921,
5773215121,-28.0246138,
5773815081,-29.24363609,
5774415041,-30.72853272,
5775015001,-31.3845422,
5775614961,-28.75947557,
5776214921,-30.39976882,
5776814881,-30.48613535,
5777414841,-28.83891517,
5778014801,-31.44044954,
5778614761,-30.03629691,
5779214721,-32.30803916,
5779814681,-30.56610329,
5780414641,-30.14632096,
5781014601,-29.91688138,
5781614561,-29.6492587,
5782214521,-30.21666686,
5782814481,-28.73435392,
5783414441,-30.02309091,
5784014401,-29.32302061,
5784614361,-28.90581019,
5785214321,-27.48599829,
5785814281,-28.88919309,
5786414241,-26.55920906,
5787014201,-25.86652873,
5787614161,-26.69687855,
5788214121,-28.05961775,
5788814081,-27.89059774,
5789414041,-25.97602249,
5790014001,-28.09519654,
5790613961,-27.68204567,
5791213921,-26.25587022,
5791813881,-30.63715271,
5792413841,-25.78284846,
5793013801,-27.95495516,
5793613761,-26.57803941,
5794213721,-26.11774618,
5794813681,-26.68496916,
5795413641,-25.09446882,
5796013601,-25.64535643,
5796613561,-27.2809287,
5797213521,-25.20683672,
5797813481,-24.51488694,
5798413441,-24.59974667,
5799013401,-27.04858246,
5799613361,-26.98898747,
5800213321,-25.67108545,
5800813281,-24.87981759,
5801413241,-25.77947529,
5802013201,-24.96661694,
5802613161,-26.27297398,
5803213121,-23.95983302,
5803813081,-25.71219216,
5804413041,-25.57555965,
5805013001,-24.7210811,
5805612961,-26.65265429,
5806212921,-26.74093587,
5806812881,-24.19654996,
5807412841,-25.9806958,
5808012801,-24.21853166,
5808612761,-24.94674735,
5809212721,-25.89008572,
5809812681,-25.00448391,
5810412641,-24.98262283,
5811012601,-26.02600914,
5811612561,-26.02682857,
5812212521,-24.53758762,
5812812481,-23.95559421,
5813412441,-24.65761913,
5814012401,-25.37819381,
5814612361,-24.72777632,
5815212321,-25.08165487,
5815812281,-25.72667953,
5816412241,-24.23881593,
5817012201,-24.72478478,
5817612161,-26.52210915,
5818212121,-23.96911024,
5818812081,-25.85427407,
5819412041,-24.56404373,
5820012001,-23.47094207,
5820611961,-23.98966319,
5821211921,-23.99214726,
5821811881,-24.2798055,
5822411841,-24.14891429,
5823011801,-23.67132853,
5823611761,-24.14981032,
5824211721,-23.95020828,
5824811681,-24.1631889,
5825411641,-23.16009295,
5826011601,-23.42567643,
5826611561,-22.92038161,
5827211521,-23.62558441,
5827811481,-23.75673521,
5828411441,-24.04061285,
5829011401,-24.44431238,
5829611361,-22.32851002,
5830211321,-23.25576578,
5830811281,-24.25053034,
5831411241,-24.15410414,
5832011201,-22.16096963,
5832611161,-23.94890059,
5833211121,-23.36602019,
5833811081,-23.11054159,
5834411041,-23.71585317,
5835011001,-23.20003276,
5835610961,-23.00814714,
5836210921,-22.22045232,
5836810881,-22.17109504,
5837410841,-22.48402932,
5838010801,-22.12355554,
5838610761,-22.52840893,
5839210721,-23.15434579,
5839810681,-23.05595441,
5840410641,-22.35536353,
5841010601,-22.32372937,
5841610561,-21.17320711,
5842210521,-22.44534239,
5842810481,-22.22864961,
5843410441,-23.18088388,
5844010401,-22.00335164,
5844610361,-22.08186821,
5845210321,-21.59473391,
5845810281,-22.09991404,
5846410240,-22.34673031,
5847010200,-22.38915444,
5847610160,-22.23094605,
5848210120,-22.60929517,
5848810080,-21.72002905,
5849410040,-22.05169243,
5850010000,-21.32806664,
5850609960,-21.50610264,
5851209920,-22.34159687,
5851809880,-22.84180948,
5852409840,-21.9902958,
5853009800,-21.82777949,
5853609760,-22.15372451,
5854209720,-21.21971157,
5854809680,-21.92853671,
5855409640,-22.21008339,
5856009600,-21.50614857,
5856609560,-21.58351563,
5857209520,-21.82663429,
5857809480,-20.95352627,
5858409440,-21.67186383,
5859009400,-21.6614999,
5859609360,-21.38440563,
5860209320,-21.91864896,
5860809280,-21.55374719,
5861409240,-20.95720813,
5862009200,-22.02838387,
5862609160,-20.5728537,
5863209120,-21.65043128,
5863809080,-21.76587872,
5864409040,-21.32214909,
5865009000,-21.08284853,
5865608960,-21.74035169,
5866208920,-21.94346717,
5866808880,-22.04089128,
5867408840,-21.84991139,
5868008800,-21.764719,
5868608760,-21.38824331,
5869208720,-21.33704982,
5869808680,-20.81701623,
5870408640,-21.36568759,
5871008600,-20.75117949,
5871608560,-21.34191581,
5872208520,-21.1805722,
5872808480,-21.08346868,
5873408440,-21.69788038,
5874008400,-21.16865845,
5874608360,-21.72887602,
5875208320,-21.1229683,
5875808280,-21.08947087,
5876408240,-20.90237526,
5877008200,-20.64979726,
5877608160,-21.01563785,
5878208120,-21.14204609,
5878808080,-21.99289142,
5879408040,-20.85934998,
5880008000,-20.45452952,
5880607960,-21.43828753,
5881207920,-20.98976964,
5881807880,-21.09400983,
5882407840,-20.86255186,
5883007800,-21.14471698,
5883607760,-21.56175199,
5884207720,-21.29877724,
5884807680,-20.81553687,
5885407640,-21.54588837,
5886007600,-21.19025175,
5886607560,-21.24374421,
5887207520,-20.93641238,
5887807480,-20.89930434,
5888407440,-20.28115319,
5889007400,-20.90676101,
5889607360,-21.35963196,
5890207320,-20.71457471,
5890807280,-21.15687058,
5891407240,-20.72940912,
5892007200,-21.12003897,
5892607160,-20.58037278,
5893207120,-20.81513932,
5893807080,-20.67253477,
5894407040,-21.07700636,
5895007000,-21.50695097,
5895606960,-20.14081331,
5896206920,-20.6766036,
5896806880,-20.8162973,
5897406840,-20.45240882,
5898006800,-21.04396586,
5898606760,-20.27004211,
5899206720,-20.58778521,
5899806680,-21.13692637,
5900406640,-20.43547673,
5901006600,-21.18593917,
5901606560,-20.10537024,
5902206520,-20.9393131,
5902806480,-20.67570091,
5903406440,-21.02861919,
5904006400,-20.59030786,
5904606360,-20.84876524,
5905206320,-20.09826199,
5905806280,-20.75254566,
5906406240,-21.23248241,
5907006200,-20.36945796,
5907606160,-20.81144024,
5908206120,-20.3619425,
5908806080,-20.86570799,
5909406040,-20.99769603,
5910006000,-20.4192826,
5910605960,-20.0989855,
5911205920,-20.73956345,
5911805880,-21.02519896,
5912405840,-20.88406728,
5913005800,-20.35812161,
5913605760,-20.53500093,
5914205720,-21.08234813,
5914805680,-20.81962931,
5915405640,-21.16481266,
5916005600,-21.37284468,
5916605560,-20.76499223,
5917205520,-21.38717777,
5917805480,-20.28297311,
5918405440,-20.37209062,
5919005400,-20.95512328,
5919605360,-20.55233953,
5920205320,-20.7887547,
5920805280,-20.84952486,
5921405240,-21.1096943,
5922005200,-19.91017045,
5922605160,-20.65782038,
5923205120,-20.84849463,
5923805080,-20.70261296,
5924405040,-20.61930279,
5925005000,-20.58522375,
5925604960,-21.23011911,
5926204920,-21.28842522,
5926804880,-20.98669833,
5927404840,-21.18140608,
5928004800,-21.15518616,
5928604760,-20.59739613,
5929204720,-20.59704486,
5929804680,-21.71453151,
5930404640,-20.50276874,
5931004600,-21.61355338,
5931604560,-21.17367093,
5932204520,-20.32236431,
5932804480,-21.14188721,
5933404440,-21.52732,
5934004400,-21.4570417,
5934604360,-21.43877709,
5935204320,-21.20680852,
5935804280,-20.66721469,
5936404240,-20.64274388,
5937004200,-21.42581672,
5937604160,-21.92411315,
5938204120,-20.88866919,
5938804080,-22.03338222,
5939404040,-21.37888908,
5940004000,-22.13545119,
5940603960,-22.22885344,
5941203920,-21.37664571,
5941803880,-21.54498616,
5942403840,-21.02917208,
5943003800,-21.4795414,
5943603760,-20.62591525,
5944203720,-21.13825056,
5944803680,-21.04060404,
5945403640,-20.66694236,
5946003600,-21.3295299,
5946603560,-21.88262124,
5947203520,-21.04904692,
5947803480,-20.48112393,
5948403440,-21.381438,
5949003400,-20.89042805,
5949603360,-21.24749406,
5950203320,-21.47659666,
5950803280,-21.37481438,
5951403240,-21.49528238,
5952003200,-20.77477914,
5952603160,-22.00805558,
5953203120,-21.54426187,
5953803080,-21.76097113,
5954403040,-21.45679008,
5955003000,-22.03267214,
5955602960,-21.98612151,
5956202920,-20.8170905,
5956802880,-21.75273348,
5957402840,-21.93932663,
5958002800,-21.82500529,
5958602760,-21.91261344,
5959202720,-22.68757665,
5959802680,-22.2680484,
5960402640,-22.25804785,
5961002600,-22.49893268,
5961602560,-22.53244911,
5962202520,-22.766138,
5962802480,-21.96060893,
5963402440,-21.40068988,
5964002400,-22.02895856,
5964602360,-23.10825777,
5965202320,-21.89797661,
5965802280,-22.54619497,
5966402240,-23.54629008,
5967002200,-22.03504888,
5967602160,-22.41038783,
5968202120,-23.23552494,
5968802080,-22.33488481,
5969402040,-22.46085378,
5970002000,-25.43657854,
5970601960,-22.24752815,
5971201920,-21.63507262,
5971801880,-22.97229939,
5972401840,-22.425265,
5973001800,-23.76605327,
5973601760,-23.81194503,
5974201720,-23.58647856,
5974801680,-22.31612968,
5975401640,-23.43099471,
5976001600,-24.55560791,
5976601560,-23.42790794,
5977201520,-24.58669937,
5977801480,-25.45491283,
5978401440,-23.27896455,
5979001400,-22.79210675,
5979601360,-22.74443012,
5980201320,-24.85703515,
5980801280,-25.69785536,
5981401240,-24.38740636,
5982001200,-24.98196058,
5982601160,-22.54285117,
5983201120,-23.65264247,
5983801080,-23.88720202,
5984401040,-24.44510733,
5985001000,-23.47125174,
5985600960,-25.52299433,
5986200920,-25.95108014,
5986800880,-26.11211761,
5987400840,-22.42638223,
5988000800,-23.45840263,
5988600760,-26.95160899,
5989200720,-24.97988472,
5989800680,-24.40389157,
5990400640,-25.91699753,
5991000600,-24.61578097,
5991600560,-24.2482704,
5992200520,-25.36380161,
5992800480,-25.17538503,
5993400440,-26.38219261,
5994000400,-27.59904934,
5994600360,-26.23168775,
5995200320,-25.99074802,
5995800280,-26.44161258,
5996400240,-25.70117484,
5997000200,-24.90007339,
5997600160,-26.39833062,
5998200120,-27.55637881,
5998800080,-28.48503659,
5999400040,-25.26311271,
6000000000,-26.83422831,
