Frequency,S12_Magnitude,
1000000,-3.636391923,
1599959,-3.399199994,
2199919,-3.304342511,
2799879,-3.284277863,
3399839,-3.20975434,
3999799,-3.104908983,
4599759,-3.045267217,
5199719,-2.962726722,
5799679,-2.849959579,
6399639,-2.930889513,
6999599,-2.911819988,
7599559,-2.860424625,
8199519,-2.844782169,
8799479,-2.89730176,
9399439,-2.902202584,
9999399,-2.907052094,
10599359,-2.912091301,
11199319,-2.909014904,
11799279,-2.930153355,
12399239,-3.000351407,
12999199,-2.979491062,
13599159,-2.947745927,
14199119,-2.96753755,
14799079,-3.041755016,
15399039,-3.025903607,
15998999,-3.064680024,
16598959,-3.059389205,
17198919,-3.087243666,
17798879,-3.072234379,
18398839,-3.065875911,
18998799,-3.154244134,
19598759,-3.117289245,
20198719,-3.151361381,
20798679,-3.211177418,
21398639,-3.196771485,
21998599,-3.201977285,
22598559,-3.222387685,
23198519,-3.210553562,
23798479,-3.204363615,
24398439,-3.16630805,
24998399,-3.209417658,
25598359,-3.233643216,
26198319,-3.252545296,
26798279,-3.293370029,
27398239,-3.325482224,
27998199,-3.254915054,
28598159,-3.287683229,
29198119,-3.300857066,
29798079,-3.311828926,
30398039,-3.274185623,
30997999,-3.363085024,
31597959,-3.309660461,
32197919,-3.361988056,
32797879,-3.36684247,
33397839,-3.349874804,
33997799,-3.34240365,
34597759,-3.316363038,
35197719,-3.39932108,
35797679,-3.295526451,
36397639,-3.331611992,
36997599,-3.416341067,
37597559,-3.388339313,
38197519,-3.375683773,
38797479,-3.330813922,
39397439,-3.379523574,
39997399,-3.427706809,
40597359,-3.487002085,
41197319,-3.327648932,
41797279,-3.421706073,
42397239,-3.449363921,
42997199,-3.41812176,
43597159,-3.49210355,
44197119,-3.506187932,
44797079,-3.47156098,
45397039,-3.399050691,
45996999,-3.499991264,
46596959,-3.483759759,
47196919,-3.440651148,
47796879,-3.461846907,
48396839,-3.477265995,
48996799,-3.458031365,
49596759,-3.498425311,
50196719,-3.471350094,
50796679,-3.450262302,
51396639,-3.446825993,
51996599,-3.510123367,
52596559,-3.539042186,
53196519,-3.532356457,
53796479,-3.570711631,
54396439,-3.49026705,
54996399,-3.54641003,
55596359,-3.506900651,
56196319,-3.504417823,
56796279,-3.429687416,
57396239,-3.493619273,
57996199,-3.526002859,
58596159,-3.461342707,
59196119,-3.528995113,
59796079,-3.502736278,
60396039,-3.491934028,
60995999,-3.470080074,
61595959,-3.518321747,
62195919,-3.521249055,
62795879,-3.506206738,
63395839,-3.519888884,
63995799,-3.512181624,
64595759,-3.47401893,
65195719,-3.52176793,
65795679,-3.522656764,
66395639,-3.537611665,
66995599,-3.464996406,
67595559,-3.505082048,
68195519,-3.451498158,
68795479,-3.526920992,
69395439,-3.513689838,
69995399,-3.490474264,
70595359,-3.575965793,
71195319,-3.54883503,
71795279,-3.481681951,
72395239,-3.461636579,
72995199,-3.529604778,
73595159,-3.49563758,
74195119,-3.510306357,
74795079,-3.492476251,
75395039,-3.492666001,
75994999,-3.456628503,
76594959,-3.512226392,
77194919,-3.474362088,
77794879,-3.496970266,
78394839,-3.520494132,
78994799,-3.470322051,
79594759,-3.551000681,
80194719,-3.494674673,
80794679,-3.486243105,
81394639,-3.512341238,
81994599,-3.484419211,
82594559,-3.451418344,
83194519,-3.457634509,
83794479,-3.415207333,
84394439,-3.392173088,
84994399,-3.478075924,
85594359,-3.480285762,
86194319,-3.437149758,
86794279,-3.435781792,
87394239,-3.39334127,
87994199,-3.367889925,
88594159,-3.449253521,
89194119,-3.409485713,
89794079,-3.428995273,
90394039,-3.310286538,
90993999,-3.412942955,
91593959,-3.361403877,
92193919,-3.405421775,
92793879,-3.414806226,
93393839,-3.350479608,
93993799,-3.375273142,
94593759,-3.368451179,
95193719,-3.329625974,
95793679,-3.400360715,
96393639,-3.396134921,
96993599,-3.319706347,
97593559,-3.368256034,
98193519,-3.354060754,
98793479,-3.325135008,
99393439,-3.303335809,
99993399,-3.332210381,
100593359,-3.321158174,
101193319,-3.352172942,
101793279,-3.343090912,
102393239,-3.356105655,
102993199,-3.288130482,
103593159,-3.345823302,
104193119,-3.313552135,
104793079,-3.325556197,
105393039,-3.337349516,
105992999,-3.251693514,
106592959,-3.284341692,
107192919,-3.305678737,
107792879,-3.276999522,
108392839,-3.254526224,
108992799,-3.241066564,
109592759,-3.29309999,
110192719,-3.240273095,
110792679,-3.211144698,
111392639,-3.21853544,
111992599,-3.259347354,
112592559,-3.22453628,
113192519,-3.307953812,
113792479,-3.20813154,
114392439,-3.278072103,
114992399,-3.20862156,
115592359,-3.215331293,
116192319,-3.270600608,
116792279,-3.21444304,
117392239,-3.233557216,
117992199,-3.245117543,
118592159,-3.267069684,
119192119,-3.261174784,
119792079,-3.239299212,
120392039,-3.211570463,
120991999,-3.23841136,
121591959,-3.225424296,
122191919,-3.214128324,
122791879,-3.159414546,
123391839,-3.203888346,
123991799,-3.229924915,
124591759,-3.226385772,
125191719,-3.294405888,
125791679,-3.258992618,
126391639,-3.168560509,
126991599,-3.22186974,
127591559,-3.19187886,
128191519,-3.20545027,
128791479,-3.190846341,
129391439,-3.236349345,
129991399,-3.168377041,
130591359,-3.186445197,
131191319,-3.138406455,
131791279,-3.182715554,
132391239,-3.228061148,
132991199,-3.16328692,
133591159,-3.205958493,
134191119,-3.195816345,
134791079,-3.122305842,
135391039,-3.193506909,
135990999,-3.195727835,
136590959,-3.170940639,
137190919,-3.188662943,
137790879,-3.157651532,
138390839,-3.179727502,
138990799,-3.12146434,
139590759,-3.155315451,
140190719,-3.20152887,
140790679,-3.103349956,
141390639,-3.201136989,
141990599,-3.149942075,
142590559,-3.169628212,
143190519,-3.139322663,
143790479,-3.138750971,
144390438,-3.166344922,
144990398,-3.22930075,
145590358,-3.170710024,
146190318,-3.149984135,
146790278,-3.141578133,
147390238,-3.178214276,
147990198,-3.128300054,
148590158,-3.257850227,
149190118,-3.128908113,
149790078,-3.205684481,
150390038,-3.236397176,
150989998,-3.082814885,
151589958,-3.215835676,
152189918,-3.16613803,
152789878,-3.187176546,
153389838,-3.249724196,
153989798,-3.212603997,
154589758,-3.227945437,
155189718,-3.214166827,
155789678,-3.17320584,
156389638,-3.150979639,
156989598,-3.224658905,
157589558,-3.207835767,
158189518,-3.248179672,
158789478,-3.236790368,
159389438,-3.195379954,
159989398,-3.163483403,
160589358,-3.155021721,
161189318,-3.218000716,
161789278,-3.164654049,
162389238,-3.194298615,
162989198,-3.170656078,
163589158,-3.345191525,
164189118,-3.258145214,
164789078,-3.237257205,
165389038,-3.298730029,
165988998,-3.253219256,
166588958,-3.211955678,
167188918,-3.261333968,
167788878,-3.183571807,
168388838,-3.234854159,
168988798,-3.265871179,
169588758,-3.294897174,
170188718,-3.274077469,
170788678,-3.249979519,
171388638,-3.217011817,
171988598,-3.359151185,
172588558,-3.306670994,
173188518,-3.284002797,
173788478,-3.298536678,
174388438,-3.252934111,
174988398,-3.252521489,
175588358,-3.301801047,
176188318,-3.271865594,
176788278,-3.187003996,
177388238,-3.244832855,
177988198,-3.262909407,
178588158,-3.240123128,
179188118,-3.253141958,
179788078,-3.287362522,
180388038,-3.272321695,
180987998,-3.294707385,
181587958,-3.309052454,
182187918,-3.342978495,
182787878,-3.399296937,
183387838,-3.336687335,
183987798,-3.362212227,
184587758,-3.342155069,
185187718,-3.323159833,
185787678,-3.281475856,
186387638,-3.266796038,
186987598,-3.282194077,
187587558,-3.323199761,
188187518,-3.289246845,
188787478,-3.287948994,
189387438,-3.28343308,
189987398,-3.276917541,
190587358,-3.374818553,
191187318,-3.321112942,
191787278,-3.305045315,
192387238,-3.289980047,
192987198,-3.369493443,
193587158,-3.300000464,
194187118,-3.31897012,
194787078,-3.269235611,
195387038,-3.371383709,
195986998,-3.294330281,
196586958,-3.342581303,
197186918,-3.340338226,
197786878,-3.272163872,
198386838,-3.398883383,
198986798,-3.337488709,
199586758,-3.327802369,
200186718,-3.295903034,
200786678,-3.316854387,
201386638,-3.395586118,
201986598,-3.309672466,
202586558,-3.335223728,
203186518,-3.337875387,
203786478,-3.360954035,
204386438,-3.343035868,
204986398,-3.359902552,
205586358,-3.333614344,
206186318,-3.323522618,
206786278,-3.306088747,
207386238,-3.369561327,
207986198,-3.305806169,
208586158,-3.358953999,
209186118,-3.339187869,
209786078,-3.321705223,
210386038,-3.399500024,
210985998,-3.420468277,
211585958,-3.377138372,
212185918,-3.439031194,
212785878,-3.313365318,
213385838,-3.340093152,
213985798,-3.367124758,
214585758,-3.351355076,
215185718,-3.384647286,
215785678,-3.376429365,
216385638,-3.42293693,
216985598,-3.372434881,
217585558,-3.353633006,
218185518,-3.400311321,
218785478,-3.363731172,
219385438,-3.413822659,
219985398,-3.362603066,
220585358,-3.394265703,
221185318,-3.427238658,
221785278,-3.388233734,
222385238,-3.417737354,
222985198,-3.378753121,
223585158,-3.394779477,
224185118,-3.354584419,
224785078,-3.436113939,
225385038,-3.402089175,
225984998,-3.450521421,
226584958,-3.461355561,
227184918,-3.407020551,
227784878,-3.418134102,
228384838,-3.464479811,
228984798,-3.43220312,
229584758,-3.473525975,
230184718,-3.418384344,
230784678,-3.448889374,
231384638,-3.473308824,
231984598,-3.455018357,
232584558,-3.45437281,
233184518,-3.45618491,
233784478,-3.495048309,
234384438,-3.430845097,
234984398,-3.474550106,
235584358,-3.50692027,
236184318,-3.464224579,
236784278,-3.510107691,
237384238,-3.479048502,
237984198,-3.519508074,
238584158,-3.531859448,
239184118,-3.523573121,
239784078,-3.532372442,
240384038,-3.649612466,
240983998,-3.642195986,
241583958,-3.675748157,
242183918,-3.571482835,
242783878,-3.605842833,
243383838,-3.635579763,
243983798,-3.663360641,
244583758,-3.63263743,
245183718,-3.752544324,
245783678,-3.702809643,
246383638,-3.687958204,
246983598,-3.655383336,
247583558,-3.696425006,
248183518,-3.659444992,
248783478,-3.749445808,
249383438,-3.783338176,
249983398,-3.704885977,
250583358,-3.8035685,
251183318,-3.738653432,
251783278,-3.821612201,
252383238,-3.714023658,
252983198,-3.755997352,
253583158,-3.780297567,
254183118,-3.831138478,
254783078,-3.784080486,
255383038,-3.721944136,
255982998,-3.743706375,
256582958,-3.738513599,
257182918,-3.797738528,
257782878,-3.860071426,
258382838,-3.94752699,
258982798,-3.880344404,
259582758,-3.957998052,
260182718,-3.862769778,
260782678,-3.939000983,
261382638,-3.84697543,
261982598,-3.959733286,
262582558,-3.894884875,
263182518,-3.923373065,
263782478,-3.93767981,
264382438,-3.945527485,
264982398,-3.951503365,
265582358,-4.00094566,
266182318,-4.009333749,
266782278,-4.038624319,
267382238,-4.045916137,
267982198,-4.03800423,
268582158,-4.081008471,
269182118,-4.022471186,
269782078,-3.960579621,
270382038,-3.989572971,
270981998,-3.96006623,
271581958,-4.022361438,
272181918,-4.049555344,
272781878,-4.042113231,
273381838,-4.010528271,
273981798,-4.005452225,
274581758,-4.052165161,
275181718,-4.047231512,
275781678,-4.057862146,
276381638,-4.071863348,
276981598,-4.136431199,
277581558,-4.153332995,
278181518,-4.106077341,
278781478,-4.078455866,
279381438,-4.067886573,
279981398,-4.175684297,
280581358,-4.139259621,
281181318,-4.19630543,
281781278,-4.128489413,
282381238,-4.076448087,
282981198,-4.13788204,
283581158,-4.154232579,
284181118,-4.213834916,
284781078,-4.148755762,
285381038,-4.158192368,
285980998,-4.186471772,
286580958,-4.158771451,
287180917,-4.24459373,
287780877,-4.188426235,
288380837,-4.169219697,
288980797,-4.280989362,
289580757,-4.12141661,
290180717,-4.147203108,
290780677,-4.212878036,
291380637,-4.201934426,
291980597,-4.120091515,
292580557,-4.191043373,
293180517,-4.242907539,
293780477,-4.27352503,
294380437,-4.221356424,
294980397,-4.250562797,
295580357,-4.222106102,
296180317,-4.290205937,
296780277,-4.409956663,
297380237,-4.263540229,
297980197,-4.234277108,
298580157,-4.280398195,
299180117,-4.237054151,
299780077,-4.286199327,
300380037,-4.268840027,
300979997,-4.297305525,
301579957,-4.213959445,
302179917,-4.251115022,
302779877,-4.364824427,
303379837,-4.32907464,
303979797,-4.267404876,
304579757,-4.298213278,
305179717,-4.240055002,
305779677,-4.320841838,
306379637,-4.252816176,
306979597,-4.349969683,
307579557,-4.286029423,
308179517,-4.310832425,
308779477,-4.326598462,
309379437,-4.36161977,
309979397,-4.327965097,
310579357,-4.348362028,
311179317,-4.304820472,
311779277,-4.289553917,
312379237,-4.384373759,
312979197,-4.26565185,
313579157,-4.388060177,
314179117,-4.374939976,
314779077,-4.343094677,
315379037,-4.359465154,
315978997,-4.309685234,
316578957,-4.379199751,
317178917,-4.291148312,
317778877,-4.356693105,
318378837,-4.287651228,
318978797,-4.313894748,
319578757,-4.376096654,
320178717,-4.308230261,
320778677,-4.377439763,
321378637,-4.364601631,
321978597,-4.306841408,
322578557,-4.350287221,
323178517,-4.364648397,
323778477,-4.269735583,
324378437,-4.323353092,
324978397,-4.317336425,
325578357,-4.265764637,
326178317,-4.310674182,
326778277,-4.248014884,
327378237,-4.372458928,
327978197,-4.277874545,
328578157,-4.268538879,
329178117,-4.264264725,
329778077,-4.314644157,
330378037,-4.223808129,
330977997,-4.276742428,
331577957,-4.260974034,
332177917,-4.296695398,
332777877,-4.204904653,
333377837,-4.346281239,
333977797,-4.250069662,
334577757,-4.228983938,
335177717,-4.264418075,
335777677,-4.310477602,
336377637,-4.269139391,
336977597,-4.187084663,
337577557,-4.183943769,
338177517,-4.227254758,
338777477,-4.237990448,
339377437,-4.188580293,
339977397,-4.186946735,
340577357,-4.167589803,
341177317,-4.183297444,
341777277,-4.185436237,
342377237,-4.198815852,
342977197,-4.156993099,
343577157,-4.107288661,
344177117,-4.155675468,
344777077,-4.160085652,
345377037,-4.164319588,
345976997,-4.146483107,
346576957,-4.122499107,
347176917,-4.107742871,
347776877,-4.082429249,
348376837,-4.069157928,
348976797,-4.109808875,
349576757,-4.064928269,
350176717,-4.103905491,
350776677,-4.015697113,
351376637,-4.060519608,
351976597,-4.048238642,
352576557,-4.086381406,
353176517,-4.05568839,
353776477,-4.086385554,
354376437,-4.018650822,
354976397,-4.081297859,
355576357,-3.982159216,
356176317,-3.996540218,
356776277,-4.042443759,
357376237,-3.942003647,
357976197,-3.981341101,
358576157,-4.0587578,
359176117,-3.967606989,
359776077,-3.899172996,
360376037,-3.998982987,
360975997,-3.900524217,
361575957,-3.930592982,
362175917,-3.976450347,
362775877,-3.978280566,
363375837,-3.952889587,
363975797,-3.952517493,
364575757,-3.941606835,
365175717,-3.906087797,
365775677,-3.891837921,
366375637,-3.868339066,
366975597,-3.964034017,
367575557,-3.86482956,
368175517,-3.906585076,
368775477,-3.871654358,
369375437,-3.891782978,
369975397,-3.850150315,
370575357,-3.898270936,
371175317,-3.794386518,
371775277,-3.89137607,
372375237,-3.899031281,
372975197,-3.866898827,
373575157,-3.81482569,
374175117,-3.780747873,
374775077,-3.835768844,
375375037,-3.766480907,
375974997,-3.730393603,
376574957,-3.76185973,
377174917,-3.742788083,
377774877,-3.74073199,
378374837,-3.794369279,
378974797,-3.679520955,
379574757,-3.724841184,
380174717,-3.750959313,
380774677,-3.687652546,
381374637,-3.677147071,
381974597,-3.679670392,
382574557,-3.699054999,
383174517,-3.69974624,
383774477,-3.732548597,
384374437,-3.723675873,
384974397,-3.710387067,
385574357,-3.673318729,
386174317,-3.719307219,
386774277,-3.689271743,
387374237,-3.693974171,
387974197,-3.650156025,
388574157,-3.677396947,
389174117,-3.673057468,
389774077,-3.688306408,
390374037,-3.631624737,
390973997,-3.721082064,
391573957,-3.644554076,
392173917,-3.64914077,
392773877,-3.655773949,
393373837,-3.535414433,
393973797,-3.597905698,
394573757,-3.606779829,
395173717,-3.615258022,
395773677,-3.695091154,
396373637,-3.652543487,
396973597,-3.671314514,
397573557,-3.589516484,
398173517,-3.631245694,
398773477,-3.622313883,
399373437,-3.6048111,
399973397,-3.593184524,
400573357,-3.605510673,
401173317,-3.575219421,
401773277,-3.573694324,
402373237,-3.540407831,
402973197,-3.620852988,
403573157,-3.52966677,
404173117,-3.560969692,
404773077,-3.528985841,
405373037,-3.663978372,
405972997,-3.536935214,
406572957,-3.538045394,
407172917,-3.444640548,
407772877,-3.514713271,
408372837,-3.483301137,
408972797,-3.537027641,
409572757,-3.528816341,
410172717,-3.540388726,
410772677,-3.399874554,
411372637,-3.451647509,
411972597,-3.526091283,
412572557,-3.485497457,
413172517,-3.442467713,
413772477,-3.449898449,
414372437,-3.443997644,
414972397,-3.51791675,
415572357,-3.475305901,
416172317,-3.445877804,
416772277,-3.455726894,
417372237,-3.482789123,
417972197,-3.443264359,
418572157,-3.45374759,
419172117,-3.479925103,
419772077,-3.516779981,
420372037,-3.420337233,
420971997,-3.44177147,
421571957,-3.422976628,
422171917,-3.470120385,
422771877,-3.468535237,
423371837,-3.432297818,
423971797,-3.394661797,
424571757,-3.476017845,
425171717,-3.490243173,
425771677,-3.462805061,
426371637,-3.426222195,
426971597,-3.460551888,
427571557,-3.440064586,
428171517,-3.385120604,
428771477,-3.384581617,
429371437,-3.386572778,
429971396,-3.437818448,
430571356,-3.302480165,
431171316,-3.429714802,
431771276,-3.460897185,
432371236,-3.456145473,
432971196,-3.354658972,
433571156,-3.434726514,
434171116,-3.406921355,
434771076,-3.390856914,
435371036,-3.415147175,
435970996,-3.468903802,
436570956,-3.428968527,
437170916,-3.431738277,
437770876,-3.360331211,
438370836,-3.358898415,
438970796,-3.316538039,
439570756,-3.343582484,
440170716,-3.371284886,
440770676,-3.377459425,
441370636,-3.409472492,
441970596,-3.424747309,
442570556,-3.445749589,
443170516,-3.350142168,
443770476,-3.409302464,
444370436,-3.45553793,
444970396,-3.418328655,
445570356,-3.337788696,
446170316,-3.382797251,
446770276,-3.353274585,
447370236,-3.338798107,
447970196,-3.40167971,
448570156,-3.370005811,
449170116,-3.370689441,
449770076,-3.372679704,
450370036,-3.415410841,
450969996,-3.357651362,
451569956,-3.405248998,
452169916,-3.399039013,
452769876,-3.3745764,
453369836,-3.466140589,
453969796,-3.335329535,
454569756,-3.384615058,
455169716,-3.404023157,
455769676,-3.393293613,
456369636,-3.39614478,
456969596,-3.416648889,
457569556,-3.389236449,
458169516,-3.397720794,
458769476,-3.384825276,
459369436,-3.377698261,
459969396,-3.411506505,
460569356,-3.438400206,
461169316,-3.361311194,
461769276,-3.361170447,
462369236,-3.386161027,
462969196,-3.43983461,
463569156,-3.374811776,
464169116,-3.39809447,
464769076,-3.455332714,
465369036,-3.430436546,
465968996,-3.468117788,
466568956,-3.385876238,
467168916,-3.427059588,
467768876,-3.404884146,
468368836,-3.395318561,
468968796,-3.44056736,
469568756,-3.416224525,
470168716,-3.505229405,
470768676,-3.419731195,
471368636,-3.462623524,
471968596,-3.451419888,
472568556,-3.426542402,
473168516,-3.468304594,
473768476,-3.462288681,
474368436,-3.425029716,
474968396,-3.445224835,
475568356,-3.480049971,
476168316,-3.416440015,
476768276,-3.463741271,
477368236,-3.435309018,
477968196,-3.455857081,
478568156,-3.503189761,
479168116,-3.482795205,
479768076,-3.54846014,
480368036,-3.514858627,
480967996,-3.47917604,
481567956,-3.418493529,
482167916,-3.448091538,
482767876,-3.473739529,
483367836,-3.542110881,
483967796,-3.561238283,
484567756,-3.53581806,
485167716,-3.52742564,
485767676,-3.507629005,
486367636,-3.537507171,
486967596,-3.600923062,
487567556,-3.557511898,
488167516,-3.53290599,
488767476,-3.529997533,
489367436,-3.61119354,
489967396,-3.538584284,
490567356,-3.534072082,
491167316,-3.581013566,
491767276,-3.585983105,
492367236,-3.534208388,
492967196,-3.642610033,
493567156,-3.601676516,
494167116,-3.607326448,
494767076,-3.614835301,
495367036,-3.587985075,
495966996,-3.523885351,
496566956,-3.604783909,
497166916,-3.587700964,
497766876,-3.605799258,
498366836,-3.59401226,
498966796,-3.659939959,
499566756,-3.550054321,
500166716,-3.53768301,
500766676,-3.673938852,
501366636,-3.703543552,
501966596,-3.649795469,
502566556,-3.696765546,
503166516,-3.690777616,
503766476,-3.642055316,
504366436,-3.61045241,
504966396,-3.653788152,
505566356,-3.726059134,
506166316,-3.696491872,
506766276,-3.711529527,
507366236,-3.749084139,
507966196,-3.723084981,
508566156,-3.679855818,
509166116,-3.756311575,
509766076,-3.794352913,
510366036,-3.741408963,
510965996,-3.852881528,
511565956,-3.711324964,
512165916,-3.720837961,
512765876,-3.792512913,
513365836,-3.747485702,
513965796,-3.761419247,
514565756,-3.866745804,
515165716,-3.762423962,
515765676,-3.73597566,
516365636,-3.826744053,
516965596,-3.792632708,
517565556,-3.801948899,
518165516,-3.832160383,
518765476,-3.887215279,
519365436,-3.814032791,
519965396,-3.889170048,
520565356,-3.874122045,
521165316,-3.844893492,
521765276,-3.900236233,
522365236,-3.863329211,
522965196,-3.891684279,
523565156,-3.932328606,
524165116,-3.919539383,
524765076,-3.926761064,
525365036,-3.826388951,
525964996,-3.941188851,
526564956,-3.98855194,
527164916,-3.971453274,
527764876,-3.947275549,
528364836,-3.98741025,
528964796,-3.997703188,
529564756,-4.005433558,
530164716,-4.000533702,
530764676,-3.978476717,
531364636,-3.980610645,
531964596,-4.078209624,
532564556,-3.978501291,
533164516,-4.018352614,
533764476,-4.034150341,
534364436,-4.042486683,
534964396,-4.063364807,
535564356,-4.039625013,
536164316,-4.004119158,
536764276,-4.080664945,
537364236,-4.143876074,
537964196,-4.06306637,
538564156,-4.101839573,
539164116,-4.153059943,
539764076,-4.093946673,
540364036,-4.179858778,
540963996,-4.185997071,
541563956,-4.156647003,
542163916,-4.247389911,
542763876,-4.169732091,
543363836,-4.142929434,
543963796,-4.232290283,
544563756,-4.210316484,
545163716,-4.263063173,
545763676,-4.212945588,
546363636,-4.204204709,
546963596,-4.215187215,
547563556,-4.243726031,
548163516,-4.268047364,
548763476,-4.311717857,
549363436,-4.261024185,
549963396,-4.230187275,
550563356,-4.257221052,
551163316,-4.278048326,
551763276,-4.311522041,
552363236,-4.344672537,
552963196,-4.362022057,
553563156,-4.275299422,
554163116,-4.274081643,
554763076,-4.263014586,
555363036,-4.304190568,
555962996,-4.397685862,
556562956,-4.349797241,
557162916,-4.356744001,
557762876,-4.37109942,
558362836,-4.353611963,
558962796,-4.327231493,
559562756,-4.341864013,
560162716,-4.3114758,
560762676,-4.405564316,
561362636,-4.38996698,
561962596,-4.350794014,
562562556,-4.433323439,
563162516,-4.359439079,
563762476,-4.369060033,
564362436,-4.409478351,
564962396,-4.364198614,
565562356,-4.386601324,
566162316,-4.412090831,
566762276,-4.429980261,
567362236,-4.418436195,
567962196,-4.425057016,
568562156,-4.440052921,
569162116,-4.449784184,
569762076,-4.481712863,
570362036,-4.416465961,
570961996,-4.47157096,
571561956,-4.439345514,
572161916,-4.46084269,
572761875,-4.497213773,
573361835,-4.50082225,
573961795,-4.443486074,
574561755,-4.368273817,
575161715,-4.532714064,
575761675,-4.480552689,
576361635,-4.459521381,
576961595,-4.469397637,
577561555,-4.556708648,
578161515,-4.462025657,
578761475,-4.510436668,
579361435,-4.48124766,
579961395,-4.58360273,
580561355,-4.538309939,
581161315,-4.521215835,
581761275,-4.507109094,
582361235,-4.518999065,
582961195,-4.516902751,
583561155,-4.56228627,
584161115,-4.536386637,
584761075,-4.471189245,
585361035,-4.585980176,
585960995,-4.535642115,
586560955,-4.495913801,
587160915,-4.546011273,
587760875,-4.543017434,
588360835,-4.527133067,
588960795,-4.575114291,
589560755,-4.493884978,
590160715,-4.470681186,
590760675,-4.476330345,
591360635,-4.510847087,
591960595,-4.505588948,
592560555,-4.512952955,
593160515,-4.428068486,
593760475,-4.589265738,
594360435,-4.630939962,
594960395,-4.553883127,
595560355,-4.538849511,
596160315,-4.552586797,
596760275,-4.517554847,
597360235,-4.520188649,
597960195,-4.5143548,
598560155,-4.547794604,
599160115,-4.528422835,
599760075,-4.482937435,
600360035,-4.504238145,
600959995,-4.525890603,
601559955,-4.51719035,
602159915,-4.520471817,
602759875,-4.469416825,
603359835,-4.533032126,
603959795,-4.580795019,
604559755,-4.500691158,
605159715,-4.531948673,
605759675,-4.491023913,
606359635,-4.550590596,
606959595,-4.484317104,
607559555,-4.52846196,
608159515,-4.508067818,
608759475,-4.530137346,
609359435,-4.564185488,
609959395,-4.564193145,
610559355,-4.498450942,
611159315,-4.516352828,
611759275,-4.549394131,
612359235,-4.491970156,
612959195,-4.455134099,
613559155,-4.537500629,
614159115,-4.457381562,
614759075,-4.500567901,
615359035,-4.493763043,
615958995,-4.482034989,
616558955,-4.504148225,
617158915,-4.451790671,
617758875,-4.474535155,
618358835,-4.420774432,
618958795,-4.508466017,
619558755,-4.45099796,
620158715,-4.403755304,
620758675,-4.462395679,
621358635,-4.443161985,
621958595,-4.501660338,
622558555,-4.396897323,
623158515,-4.40173658,
623758475,-4.446508376,
624358435,-4.414378388,
624958395,-4.40205061,
625558355,-4.431465696,
626158315,-4.362830662,
626758275,-4.320497281,
627358235,-4.39364089,
627958195,-4.325271899,
628558155,-4.386517076,
629158115,-4.32092648,
629758075,-4.369531423,
630358035,-4.357969888,
630957995,-4.301420789,
631557955,-4.33583878,
632157915,-4.312006187,
632757875,-4.37613476,
633357835,-4.358490799,
633957795,-4.305481769,
634557755,-4.329494473,
635157715,-4.329163605,
635757675,-4.32735253,
636357635,-4.291860877,
636957595,-4.280932044,
637557555,-4.261055363,
638157515,-4.277817716,
638757475,-4.333131158,
639357435,-4.299497656,
639957395,-4.266812944,
640557355,-4.318477426,
641157315,-4.302431645,
641757275,-4.232469643,
642357235,-4.175432738,
642957195,-4.248013379,
643557155,-4.263287121,
644157115,-4.253349921,
644757075,-4.240562387,
645357035,-4.148445017,
645956995,-4.23874178,
646556955,-4.213553653,
647156915,-4.163959407,
647756875,-4.142598551,
648356835,-4.132023115,
648956795,-4.24153274,
649556755,-4.123298074,
650156715,-4.171659296,
650756675,-4.10143346,
651356635,-4.179993119,
651956595,-4.114757258,
652556555,-4.163736798,
653156515,-4.102056761,
653756475,-4.073835596,
654356435,-4.090462343,
654956395,-4.075377222,
655556355,-4.078779733,
656156315,-4.095724305,
656756275,-4.120746113,
657356235,-4.074176022,
657956195,-4.025214175,
658556155,-4.032326285,
659156115,-3.960008763,
659756075,-3.983710346,
660356035,-3.963876001,
660955995,-4.043944458,
661555955,-3.978013361,
662155915,-3.999472806,
662755875,-3.916642445,
663355835,-3.924731494,
663955795,-4.003742887,
664555755,-3.966492509,
665155715,-3.918680055,
665755675,-3.895510841,
666355635,-3.970752159,
666955595,-3.939041871,
667555555,-3.897808544,
668155515,-3.946266353,
668755475,-3.93918138,
669355435,-3.890775794,
669955395,-3.853782836,
670555355,-3.815059821,
671155315,-3.812121629,
671755275,-3.928377824,
672355235,-3.884433838,
672955195,-3.824312756,
673555155,-3.835935802,
674155115,-3.795907411,
674755075,-3.842490153,
675355035,-3.756605802,
675954995,-3.794334003,
676554955,-3.777601417,
677154915,-3.766629606,
677754875,-3.769819139,
678354835,-3.798113016,
678954795,-3.740683624,
679554755,-3.780178335,
680154715,-3.780350633,
680754675,-3.694676543,
681354635,-3.740815161,
681954595,-3.757773071,
682554555,-3.736081502,
683154515,-3.702383442,
683754475,-3.71594917,
684354435,-3.624017061,
684954395,-3.662077073,
685554355,-3.704431524,
686154315,-3.690249564,
686754275,-3.66185786,
687354235,-3.705345207,
687954195,-3.63948663,
688554155,-3.751112255,
689154115,-3.649460491,
689754075,-3.642484724,
690354035,-3.621044578,
690953995,-3.612755456,
691553955,-3.63153509,
692153915,-3.641226306,
692753875,-3.569161502,
693353835,-3.61973723,
693953795,-3.583624831,
694553755,-3.607747205,
695153715,-3.625380862,
695753675,-3.648771461,
696353635,-3.533462565,
696953595,-3.60929234,
697553555,-3.593182323,
698153515,-3.609725648,
698753475,-3.57128484,
699353435,-3.507074565,
699953395,-3.537062584,
700553355,-3.585137567,
701153315,-3.61099955,
701753275,-3.559756686,
702353235,-3.560353067,
702953195,-3.558353483,
703553155,-3.592289113,
704153115,-3.520854664,
704753075,-3.474317533,
705353035,-3.478778909,
705952995,-3.540143289,
706552955,-3.489158817,
707152915,-3.478931296,
707752875,-3.505564846,
708352835,-3.546175497,
708952795,-3.534906389,
709552755,-3.481009783,
710152715,-3.508476878,
710752675,-3.48829327,
711352635,-3.4811977,
711952595,-3.449341435,
712552555,-3.502997602,
713152515,-3.456160564,
713752475,-3.429592227,
714352435,-3.51244568,
714952395,-3.513129104,
715552354,-3.476536833,
716152314,-3.510737403,
716752274,-3.457610458,
717352234,-3.469302356,
717952194,-3.449205959,
718552154,-3.41812623,
719152114,-3.458376516,
719752074,-3.471477088,
720352034,-3.434618727,
720951994,-3.425529386,
721551954,-3.437852709,
722151914,-3.42611437,
722751874,-3.450039248,
723351834,-3.404212849,
723951794,-3.435646376,
724551754,-3.40391232,
725151714,-3.439640037,
725751674,-3.459047244,
726351634,-3.342670441,
726951594,-3.32329346,
727551554,-3.374875991,
728151514,-3.44768826,
728751474,-3.375436902,
729351434,-3.438479179,
729951394,-3.368765988,
730551354,-3.365495682,
731151314,-3.368460975,
731751274,-3.323025868,
732351234,-3.343636959,
732951194,-3.387588053,
733551154,-3.311383199,
734151114,-3.390096779,
734751074,-3.456008929,
735351034,-3.309165294,
735950994,-3.356278664,
736550954,-3.365871841,
737150914,-3.333810219,
737750874,-3.42977713,
738350834,-3.419753555,
738950794,-3.413781646,
739550754,-3.368680164,
740150714,-3.418818711,
740750674,-3.370774368,
741350634,-3.458622835,
741950594,-3.361239449,
742550554,-3.358976537,
743150514,-3.288430857,
743750474,-3.384217431,
744350434,-3.364152434,
744950394,-3.388587419,
745550354,-3.364873902,
746150314,-3.335794234,
746750274,-3.332125876,
747350234,-3.319760222,
747950194,-3.364568321,
748550154,-3.374893977,
749150114,-3.424844648,
749750074,-3.339087354,
750350034,-3.381013328,
750949994,-3.336620467,
751549954,-3.441733301,
752149914,-3.476708128,
752749874,-3.381048441,
753349834,-3.438859916,
753949794,-3.374726537,
754549754,-3.441119977,
755149714,-3.375244616,
755749674,-3.349027177,
756349634,-3.429638844,
756949594,-3.367398439,
757549554,-3.408277611,
758149514,-3.410797698,
758749474,-3.372048657,
759349434,-3.369154939,
759949394,-3.41511727,
760549354,-3.397130346,
761149314,-3.446170312,
761749274,-3.459138388,
762349234,-3.450895094,
762949194,-3.418977464,
763549154,-3.364067442,
764149114,-3.436075608,
764749074,-3.431165283,
765349034,-3.478561786,
765948994,-3.42947027,
766548954,-3.449974917,
767148914,-3.444757456,
767748874,-3.460357319,
768348834,-3.513804597,
768948794,-3.486213144,
769548754,-3.478354723,
770148714,-3.579057623,
770748674,-3.390227913,
771348634,-3.467677625,
771948594,-3.499418674,
772548554,-3.480199283,
773148514,-3.54815839,
773748474,-3.534977276,
774348434,-3.517489655,
774948394,-3.523503017,
775548354,-3.495161681,
776148314,-3.559961866,
776748274,-3.57711396,
777348234,-3.570821257,
777948194,-3.548505797,
778548154,-3.461844269,
779148114,-3.603965666,
779748074,-3.623760162,
780348034,-3.559806923,
780947994,-3.58196255,
781547954,-3.636065122,
782147914,-3.554886757,
782747874,-3.572651956,
783347834,-3.600018376,
783947794,-3.677339764,
784547754,-3.525017445,
785147714,-3.547696737,
785747674,-3.62541134,
786347634,-3.656340369,
786947594,-3.667007825,
787547554,-3.599019217,
788147514,-3.628297242,
788747474,-3.615048664,
789347434,-3.689623349,
789947394,-3.681133815,
790547354,-3.701439642,
791147314,-3.760779792,
791747274,-3.704189121,
792347234,-3.786474575,
792947194,-3.707086464,
793547154,-3.683366211,
794147114,-3.702309384,
794747074,-3.696403043,
795347034,-3.728511048,
795946994,-3.804678718,
796546954,-3.738524934,
797146914,-3.779247904,
797746874,-3.770841429,
798346834,-3.805868593,
798946794,-3.718460346,
799546754,-3.752481642,
800146714,-3.818786798,
800746674,-3.826179818,
801346634,-3.807301788,
801946594,-3.838238905,
802546554,-3.79897102,
803146514,-3.873719455,
803746474,-3.802504919,
804346434,-3.821912053,
804946394,-3.888267718,
805546354,-3.902226098,
806146314,-3.912261211,
806746274,-3.899793804,
807346234,-3.90736222,
807946194,-3.898380076,
808546154,-3.903067575,
809146114,-3.905978834,
809746074,-3.959062893,
810346034,-3.869843825,
810945994,-3.985133687,
811545954,-3.936881877,
812145914,-4.01425322,
812745874,-3.984775211,
813345834,-3.968509942,
813945794,-4.025652458,
814545754,-3.970493887,
815145714,-3.988667333,
815745674,-4.011169394,
816345634,-4.019166659,
816945594,-4.087949815,
817545554,-4.020142841,
818145514,-4.103662432,
818745474,-4.022492417,
819345434,-4.12177347,
819945394,-4.124795253,
820545354,-4.10678084,
821145314,-4.132841429,
821745274,-4.084994581,
822345234,-4.288572483,
822945194,-4.185709587,
823545154,-4.12265977,
824145114,-4.102308366,
824745074,-4.195579481,
825345034,-4.229199868,
825944994,-4.130868905,
826544954,-4.258985614,
827144914,-4.23524328,
827744874,-4.187989352,
828344834,-4.37856686,
828944794,-4.224349475,
829544754,-4.305599604,
830144714,-4.331644208,
830744674,-4.292839581,
831344634,-4.225213788,
831944594,-4.344222485,
832544554,-4.293703111,
833144514,-4.308134018,
833744474,-4.380002487,
834344434,-4.286027197,
834944394,-4.292490801,
835544354,-4.396522717,
836144314,-4.417366446,
836744274,-4.381872411,
837344234,-4.338651379,
837944194,-4.378324889,
838544154,-4.411123112,
839144114,-4.369461716,
839744074,-4.440648916,
840344034,-4.419829178,
840943994,-4.45397548,
841543954,-4.412021981,
842143914,-4.49522322,
842743874,-4.462099322,
843343834,-4.503218442,
843943794,-4.57746523,
844543754,-4.498493931,
845143714,-4.515294159,
845743674,-4.482381273,
846343634,-4.489555656,
846943594,-4.512307103,
847543554,-4.522035269,
848143514,-4.527574821,
848743474,-4.512047266,
849343434,-4.59392387,
849943394,-4.586697131,
850543354,-4.599315699,
851143314,-4.574910241,
851743274,-4.578394267,
852343234,-4.587558701,
852943194,-4.554523717,
853543154,-4.573121883,
854143114,-4.618304794,
854743074,-4.665651095,
855343034,-4.552217649,
855942994,-4.56715522,
856542954,-4.613698492,
857142914,-4.672176167,
857742874,-4.612273211,
858342833,-4.634130275,
858942793,-4.664989089,
859542753,-4.692320266,
860142713,-4.671987584,
860742673,-4.665345179,
861342633,-4.65893927,
861942593,-4.657136873,
862542553,-4.686876442,
863142513,-4.671817555,
863742473,-4.675613707,
864342433,-4.698427558,
864942393,-4.648807507,
865542353,-4.668855884,
866142313,-4.658422598,
866742273,-4.67263946,
867342233,-4.710766852,
867942193,-4.68211061,
868542153,-4.74960315,
869142113,-4.729537654,
869742073,-4.711370322,
870342033,-4.715592686,
870941993,-4.736124764,
871541953,-4.722387384,
872141913,-4.710353107,
872741873,-4.703212602,
873341833,-4.702723757,
873941793,-4.684391013,
874541753,-4.750593697,
875141713,-4.692539697,
875741673,-4.668310264,
876341633,-4.700169855,
876941593,-4.683621666,
877541553,-4.721154581,
878141513,-4.774107319,
878741473,-4.57768056,
879341433,-4.729586402,
879941393,-4.666263771,
880541353,-4.667636444,
881141313,-4.669289809,
881741273,-4.698336269,
882341233,-4.682362266,
882941193,-4.72364013,
883541153,-4.702863597,
884141113,-4.666999391,
884741073,-4.649786572,
885341033,-4.728153782,
885940993,-4.613720929,
886540953,-4.734208104,
887140913,-4.681750705,
887740873,-4.679441181,
888340833,-4.728692014,
888940793,-4.804360971,
889540753,-4.612972145,
890140713,-4.699863058,
890740673,-4.67902504,
891340633,-4.722193961,
891940593,-4.68791732,
892540553,-4.69233655,
893140513,-4.702171045,
893740473,-4.672854479,
894340433,-4.636232163,
894940393,-4.618139725,
895540353,-4.594420247,
896140313,-4.645849385,
896740273,-4.610294694,
897340233,-4.606122559,
897940193,-4.620773168,
898540153,-4.641974393,
899140113,-4.616111078,
899740073,-4.558029892,
900340033,-4.593678674,
900939993,-4.559826739,
901539953,-4.531399616,
902139913,-4.535108925,
902739873,-4.579975255,
903339833,-4.519895424,
903939793,-4.522391741,
904539753,-4.538235523,
905139713,-4.556298649,
905739673,-4.558715884,
906339633,-4.58478035,
906939593,-4.604089025,
907539553,-4.436247663,
908139513,-4.584784199,
908739473,-4.527927502,
909339433,-4.46678707,
909939393,-4.509415192,
910539353,-4.49851296,
911139313,-4.484740245,
911739273,-4.51709084,
912339233,-4.427866041,
912939193,-4.507576113,
913539153,-4.535664377,
914139113,-4.44021379,
914739073,-4.484777979,
915339033,-4.471776987,
915938993,-4.393601671,
916538953,-4.431901455,
917138913,-4.385129413,
917738873,-4.454630489,
918338833,-4.36501993,
918938793,-4.412478725,
919538753,-4.365187736,
920138713,-4.367574188,
920738673,-4.435661333,
921338633,-4.369382795,
921938593,-4.357319609,
922538553,-4.42484767,
923138513,-4.39947652,
923738473,-4.29368124,
924338433,-4.231591598,
924938393,-4.28674608,
925538353,-4.344845479,
926138313,-4.249733041,
926738273,-4.246820861,
927338233,-4.244242307,
927938193,-4.281762458,
928538153,-4.202217849,
929138113,-4.342642298,
929738073,-4.248176578,
930338033,-4.236945019,
930937993,-4.11846727,
931537953,-4.176477329,
932137913,-4.186699187,
932737873,-4.152220856,
933337833,-4.19815892,
933937793,-4.207239389,
934537753,-4.049072601,
935137713,-4.190540778,
935737673,-4.147138842,
936337633,-4.131756729,
936937593,-4.124459302,
937537553,-4.076555117,
938137513,-4.128500982,
938737473,-4.129777398,
939337433,-4.109408884,
939937393,-4.055769068,
940537353,-4.07690479,
941137313,-4.061278585,
941737273,-4.109903819,
942337233,-4.062503842,
942937193,-4.125501223,
943537153,-4.0471993,
944137113,-4.060480203,
944737073,-4.105581425,
945337033,-4.035554989,
945936993,-4.123800058,
946536953,-4.014670763,
947136913,-3.991385007,
947736873,-4.009061451,
948336833,-4.011509625,
948936793,-3.988125286,
949536753,-3.978663981,
950136713,-3.914889917,
950736673,-3.909323567,
951336633,-3.898410556,
951936593,-3.919507777,
952536553,-3.946279322,
953136513,-3.863008181,
953736473,-3.888243211,
954336433,-3.92586698,
954936393,-3.843040188,
955536353,-3.817431218,
956136313,-3.925051712,
956736273,-3.800660579,
957336233,-3.883069567,
957936193,-3.902996936,
958536153,-3.825278087,
959136113,-3.878627737,
959736073,-3.842864477,
960336033,-3.77836366,
960935993,-3.859207623,
961535953,-3.791776984,
962135913,-3.860977371,
962735873,-3.745805092,
963335833,-3.774192244,
963935793,-3.779284586,
964535753,-3.827579351,
965135713,-3.7597497,
965735673,-3.805401839,
966335633,-3.718689164,
966935593,-3.713098383,
967535553,-3.673584259,
968135513,-3.782696753,
968735473,-3.73255157,
969335433,-3.768678032,
969935393,-3.753999873,
970535353,-3.713816981,
971135313,-3.755652024,
971735273,-3.743295288,
972335233,-3.692626479,
972935193,-3.668643536,
973535153,-3.683091362,
974135113,-3.718516752,
974735073,-3.716217543,
975335033,-3.655688062,
975934993,-3.735288545,
976534953,-3.650719264,
977134913,-3.653894736,
977734873,-3.637280316,
978334833,-3.64442417,
978934793,-3.62583544,
979534753,-3.633781744,
980134713,-3.673407368,
980734673,-3.614924651,
981334633,-3.645823578,
981934593,-3.68553823,
982534553,-3.642083184,
983134513,-3.62236827,
983734473,-3.636049814,
984334433,-3.606148789,
984934393,-3.655831083,
985534353,-3.682332838,
986134313,-3.622047796,
986734273,-3.575951031,
987334233,-3.593161343,
987934193,-3.639556648,
988534153,-3.60932381,
989134113,-3.541322932,
989734073,-3.598258255,
990334033,-3.618777637,
990933993,-3.600990832,
991533953,-3.542182356,
992133913,-3.552188775,
992733873,-3.557055509,
993333833,-3.571423843,
993933793,-3.514990263,
994533753,-3.529462932,
995133713,-3.602021169,
995733673,-3.538944355,
996333633,-3.596625146,
996933593,-3.523390799,
997533553,-3.589106477,
998133513,-3.582051423,
998733473,-3.503894583,
999333433,-3.498007963,
999933393,-3.506546206,
1000533353,-3.536621485,
1001133312,-3.535452174,
1001733272,-3.519611563,
1002333232,-3.60681946,
1002933192,-3.640833748,
1003533152,-3.519101622,
1004133112,-3.589707931,
1004733072,-3.520518956,
1005333032,-3.511826401,
1005932992,-3.508657278,
1006532952,-3.565955365,
1007132912,-3.53323217,
1007732872,-3.51388175,
1008332832,-3.468293445,
1008932792,-3.508339176,
1009532752,-3.560088299,
1010132712,-3.478803988,
1010732672,-3.582606429,
1011332632,-3.539749248,
1011932592,-3.501875589,
1012532552,-3.487666801,
1013132512,-3.536131014,
1013732472,-3.499411661,
1014332432,-3.581689431,
1014932392,-3.484615534,
1015532352,-3.512325717,
1016132312,-3.581649919,
1016732272,-3.44146731,
1017332232,-3.558354565,
1017932192,-3.45858712,
1018532152,-3.52808181,
1019132112,-3.56082722,
1019732072,-3.509237153,
1020332032,-3.558238001,
1020931992,-3.515051769,
1021531952,-3.50259443,
1022131912,-3.465994676,
1022731872,-3.510243215,
1023331832,-3.548252035,
1023931792,-3.535241682,
1024531752,-3.541900559,
1025131712,-3.546173542,
1025731672,-3.503282357,
1026331632,-3.512888645,
1026931592,-3.512366759,
1027531552,-3.520632209,
1028131512,-3.501527579,
1028731472,-3.506024954,
1029331432,-3.535912633,
1029931392,-3.543351997,
1030531352,-3.600632715,
1031131312,-3.519476126,
1031731272,-3.602663121,
1032331232,-3.491514618,
1032931192,-3.538417332,
1033531152,-3.476813183,
1034131112,-3.532086812,
1034731072,-3.669328535,
1035331032,-3.59292509,
1035930992,-3.465187103,
1036530952,-3.592540815,
1037130912,-3.580446618,
1037730872,-3.528818324,
1038330832,-3.558558942,
1038930792,-3.509770875,
1039530752,-3.6151196,
1040130712,-3.518739979,
1040730672,-3.595602814,
1041330632,-3.556421702,
1041930592,-3.606931915,
1042530552,-3.611702607,
1043130512,-3.600695016,
1043730472,-3.508371227,
1044330432,-3.546762766,
1044930392,-3.599948645,
1045530352,-3.583147301,
1046130312,-3.599128965,
1046730272,-3.574622835,
1047330232,-3.590096366,
1047930192,-3.660851915,
1048530152,-3.649540468,
1049130112,-3.647310525,
1049730072,-3.665191316,
1050330032,-3.576183568,
1050929992,-3.651162081,
1051529952,-3.612241303,
1052129912,-3.670531079,
1052729872,-3.676749745,
1053329832,-3.640680299,
1053929792,-3.684663104,
1054529752,-3.707499084,
1055129712,-3.723604988,
1055729672,-3.710647797,
1056329632,-3.71017201,
1056929592,-3.639916756,
1057529552,-3.743947486,
1058129512,-3.801678103,
1058729472,-3.729992587,
1059329432,-3.72220092,
1059929392,-3.750768561,
1060529352,-3.79389898,
1061129312,-3.803980686,
1061729272,-3.786686707,
1062329232,-3.679791461,
1062929192,-3.771954416,
1063529152,-3.76686799,
1064129112,-3.73094731,
1064729072,-3.78479483,
1065329032,-3.867705996,
1065928992,-3.876176592,
1066528952,-3.818770984,
1067128912,-3.797800697,
1067728872,-3.864248813,
1068328832,-3.790557045,
1068928792,-3.808224782,
1069528752,-3.733283431,
1070128712,-3.84122938,
1070728672,-3.865393384,
1071328632,-3.896101857,
1071928592,-3.848351758,
1072528552,-3.905277707,
1073128512,-3.864128773,
1073728472,-3.786063899,
1074328432,-3.895913247,
1074928392,-3.911636948,
1075528352,-3.843881346,
1076128312,-3.949261803,
1076728272,-3.895694141,
1077328232,-3.954528917,
1077928192,-3.899540961,
1078528152,-3.996363683,
1079128112,-3.977265763,
1079728072,-3.918278017,
1080328032,-3.964804414,
1080927992,-3.960309002,
1081527952,-3.937731584,
1082127912,-3.959118347,
1082727872,-3.892466018,
1083327832,-3.951934893,
1083927792,-3.973440134,
1084527752,-4.022105043,
1085127712,-4.010229751,
1085727672,-4.015389383,
1086327632,-4.031830453,
1086927592,-4.061816465,
1087527552,-4.087469636,
1088127512,-4.036008926,
1088727472,-4.088387178,
1089327432,-4.088890644,
1089927392,-4.080528757,
1090527352,-4.068161256,
1091127312,-4.045254552,
1091727272,-4.035544683,
1092327232,-4.100928628,
1092927192,-4.175459376,
1093527152,-4.131552233,
1094127112,-4.11063607,
1094727072,-4.132703507,
1095327032,-4.169566554,
1095926992,-4.138001569,
1096526952,-4.145474552,
1097126912,-4.184872488,
1097726872,-4.129502059,
1098326832,-4.196861669,
1098926792,-4.218790952,
1099526752,-4.251058232,
1100126712,-4.256339356,
1100726672,-4.193233041,
1101326632,-4.251768168,
1101926592,-4.271661189,
1102526552,-4.341137924,
1103126512,-4.321929264,
1103726472,-4.338226654,
1104326432,-4.300260727,
1104926392,-4.301606101,
1105526352,-4.299299008,
1106126312,-4.273637038,
1106726272,-4.342760728,
1107326232,-4.348052437,
1107926192,-4.299322025,
1108526152,-4.310172352,
1109126112,-4.451247461,
1109726072,-4.393387298,
1110326032,-4.422807007,
1110925992,-4.349801657,
1111525952,-4.349251559,
1112125912,-4.413705021,
1112725872,-4.491077803,
1113325832,-4.469458791,
1113925792,-4.458923338,
1114525752,-4.426516937,
1115125712,-4.540328473,
1115725672,-4.458531835,
1116325632,-4.501597223,
1116925592,-4.478481269,
1117525552,-4.469568478,
1118125512,-4.585953096,
1118725472,-4.546694553,
1119325432,-4.5061436,
1119925392,-4.47412864,
1120525352,-4.51783313,
1121125312,-4.580031031,
1121725272,-4.521515131,
1122325232,-4.598089793,
1122925192,-4.56201864,
1123525152,-4.639470365,
1124125112,-4.541995752,
1124725072,-4.510677681,
1125325032,-4.649406564,
1125924992,-4.638478309,
1126524952,-4.596616816,
1127124912,-4.529616315,
1127724872,-4.617355229,
1128324832,-4.595433478,
1128924792,-4.628337132,
1129524752,-4.574324137,
1130124712,-4.559406064,
1130724672,-4.605120211,
1131324632,-4.618891592,
1131924592,-4.60026856,
1132524552,-4.642494098,
1133124512,-4.642020915,
1133724472,-4.729078802,
1134324432,-4.668623279,
1134924392,-4.649016655,
1135524352,-4.693078363,
1136124312,-4.635190673,
1136724272,-4.657680659,
1137324232,-4.695976038,
1137924192,-4.633509677,
1138524152,-4.706021828,
1139124112,-4.69649285,
1139724072,-4.740422395,
1140324032,-4.685586179,
1140923992,-4.717836711,
1141523952,-4.746790847,
1142123912,-4.622892066,
1142723872,-4.754032515,
1143323832,-4.672040012,
1143923791,-4.621480574,
1144523751,-4.723484992,
1145123711,-4.632246941,
1145723671,-4.634127726,
1146323631,-4.689549453,
1146923591,-4.71159819,
1147523551,-4.714858548,
1148123511,-4.71608606,
1148723471,-4.701073412,
1149323431,-4.73674735,
1149923391,-4.73272263,
1150523351,-4.631019244,
1151123311,-4.812206092,
1151723271,-4.643448517,
1152323231,-4.671990174,
1152923191,-4.743091873,
1153523151,-4.747690044,
1154123111,-4.643317274,
1154723071,-4.694608202,
1155323031,-4.644637312,
1155922991,-4.70624694,
1156522951,-4.704258043,
1157122911,-4.744166757,
1157722871,-4.629844456,
1158322831,-4.637510683,
1158922791,-4.693723026,
1159522751,-4.671991168,
1160122711,-4.667727541,
1160722671,-4.712938987,
1161322631,-4.683806902,
1161922591,-4.706933709,
1162522551,-4.675072056,
1163122511,-4.654175673,
1163722471,-4.62099782,
1164322431,-4.641484869,
1164922391,-4.639218755,
1165522351,-4.681794053,
1166122311,-4.695812935,
1166722271,-4.678844742,
1167322231,-4.632320803,
1167922191,-4.634061179,
1168522151,-4.687455307,
1169122111,-4.662240527,
1169722071,-4.700109767,
1170322031,-4.694381857,
1170921991,-4.706700128,
1171521951,-4.65901829,
1172121911,-4.628144536,
1172721871,-4.58817773,
1173321831,-4.575087015,
1173921791,-4.553817039,
1174521751,-4.533487638,
1175121711,-4.655983467,
1175721671,-4.516511633,
1176321631,-4.547777564,
1176921591,-4.570165823,
1177521551,-4.663327978,
1178121511,-4.609146091,
1178721471,-4.669139247,
1179321431,-4.563257098,
1179921391,-4.561210645,
1180521351,-4.618229204,
1181121311,-4.587558761,
1181721271,-4.554208503,
1182321231,-4.463650504,
1182921191,-4.567979977,
1183521151,-4.577281606,
1184121111,-4.636209422,
1184721071,-4.550943846,
1185321031,-4.576716578,
1185920991,-4.590855878,
1186520951,-4.494715288,
1187120911,-4.580043254,
1187720871,-4.542559509,
1188320831,-4.526190101,
1188920791,-4.566056398,
1189520751,-4.566048481,
1190120711,-4.505888452,
1190720671,-4.453490537,
1191320631,-4.573189651,
1191920591,-4.566863744,
1192520551,-4.441428132,
1193120511,-4.450278154,
1193720471,-4.421548136,
1194320431,-4.467080931,
1194920391,-4.514796934,
1195520351,-4.449502008,
1196120311,-4.462376555,
1196720271,-4.511569978,
1197320231,-4.362139066,
1197920191,-4.498721165,
1198520151,-4.443453143,
1199120111,-4.403701244,
1199720071,-4.50733079,
1200320031,-4.385293202,
1200919991,-4.460595,
1201519951,-4.425615537,
1202119911,-4.427937253,
1202719871,-4.439344217,
1203319831,-4.431624331,
1203919791,-4.428556158,
1204519751,-4.481732257,
1205119711,-4.461957853,
1205719671,-4.413500199,
1206319631,-4.326978736,
1206919591,-4.385293718,
1207519551,-4.395618875,
1208119511,-4.415293632,
1208719471,-4.31319909,
1209319431,-4.399874563,
1209919391,-4.405221495,
1210519351,-4.390878053,
1211119311,-4.380176966,
1211719271,-4.329573091,
1212319231,-4.275419121,
1212919191,-4.338928679,
1213519151,-4.341843517,
1214119111,-4.370551151,
1214719071,-4.263827068,
1215319031,-4.343203693,
1215918991,-4.32794458,
1216518951,-4.318922021,
1217118911,-4.337834447,
1217718871,-4.28661325,
1218318831,-4.309750728,
1218918791,-4.277438371,
1219518751,-4.333125654,
1220118711,-4.274937399,
1220718671,-4.326384665,
1221318631,-4.319502711,
1221918591,-4.200307072,
1222518551,-4.271587312,
1223118511,-4.280187589,
1223718471,-4.307573711,
1224318431,-4.311871537,
1224918391,-4.312938392,
1225518351,-4.346057046,
1226118311,-4.371467304,
1226718271,-4.31481588,
1227318231,-4.248496526,
1227918191,-4.278560456,
1228518151,-4.242781555,
1229118111,-4.301091298,
1229718071,-4.313309282,
1230318031,-4.237628949,
1230917991,-4.280516144,
1231517951,-4.309462131,
1232117911,-4.269960204,
1232717871,-4.267069233,
1233317831,-4.307391116,
1233917791,-4.292000072,
1234517751,-4.313143647,
1235117711,-4.365159249,
1235717671,-4.331777145,
1236317631,-4.319244606,
1236917591,-4.342773284,
1237517551,-4.255711351,
1238117511,-4.297836458,
1238717471,-4.277956728,
1239317431,-4.281201042,
1239917391,-4.252463399,
1240517351,-4.28925363,
1241117311,-4.350131581,
1241717271,-4.307483101,
1242317231,-4.285249315,
1242917191,-4.372283828,
1243517151,-4.269887077,
1244117111,-4.327113888,
1244717071,-4.226347504,
1245317031,-4.334362004,
1245916991,-4.339101892,
1246516951,-4.356067154,
1247116911,-4.330007662,
1247716871,-4.348916085,
1248316831,-4.342005365,
1248916791,-4.309753963,
1249516751,-4.295720559,
1250116711,-4.319244843,
1250716671,-4.352312471,
1251316631,-4.392759429,
1251916591,-4.305186693,
1252516551,-4.337573156,
1253116511,-4.358429099,
1253716471,-4.370133499,
1254316431,-4.308543266,
1254916391,-4.441977095,
1255516351,-4.284369411,
1256116311,-4.318326831,
1256716271,-4.360676662,
1257316231,-4.362669063,
1257916191,-4.342986579,
1258516151,-4.299734707,
1259116111,-4.306318939,
1259716071,-4.337833358,
1260316031,-4.368133295,
1260915991,-4.295951829,
1261515951,-4.287224603,
1262115911,-4.427501677,
1262715871,-4.357334477,
1263315831,-4.235728488,
1263915791,-4.331554528,
1264515751,-4.383789577,
1265115711,-4.409028203,
1265715671,-4.36913858,
1266315631,-4.357930239,
1266915591,-4.343018078,
1267515551,-4.346907009,
1268115511,-4.3638712,
1268715471,-4.278223701,
1269315431,-4.422144938,
1269915391,-4.35966908,
1270515351,-4.336873061,
1271115311,-4.414329021,
1271715271,-4.366902971,
1272315231,-4.37419532,
1272915191,-4.415671782,
1273515151,-4.300239381,
1274115111,-4.362619971,
1274715071,-4.289048069,
1275315031,-4.397735951,
1275914991,-4.371168817,
1276514951,-4.369268619,
1277114911,-4.475264809,
1277714871,-4.407906578,
1278314831,-4.354840741,
1278914791,-4.429977438,
1279514751,-4.452796133,
1280114711,-4.349024437,
1280714671,-4.448215539,
1281314631,-4.304035574,
1281914591,-4.401743128,
1282514551,-4.371564744,
1283114511,-4.294104472,
1283714471,-4.447765712,
1284314431,-4.478505483,
1284914391,-4.416285401,
1285514351,-4.445100594,
1286114311,-4.44331474,
1286714270,-4.455227888,
1287314230,-4.29500825,
1287914190,-4.378150078,
1288514150,-4.438308637,
1289114110,-4.382117494,
1289714070,-4.407769297,
1290314030,-4.350916532,
1290913990,-4.453291555,
1291513950,-4.453577436,
1292113910,-4.439809925,
1292713870,-4.43210055,
1293313830,-4.432951239,
1293913790,-4.479061533,
1294513750,-4.451883753,
1295113710,-4.502171337,
1295713670,-4.497278484,
1296313630,-4.46382376,
1296913590,-4.416883396,
1297513550,-4.400168471,
1298113510,-4.474946551,
1298713470,-4.470112763,
1299313430,-4.430478537,
1299913390,-4.330925435,
1300513350,-4.419626658,
1301113310,-4.386818018,
1301713270,-4.485515264,
1302313230,-4.446191389,
1302913190,-4.486688456,
1303513150,-4.408542832,
1304113110,-4.444393757,
1304713070,-4.460173667,
1305313030,-4.474652145,
1305912990,-4.370720863,
1306512950,-4.428354713,
1307112910,-4.436516318,
1307712870,-4.502266815,
1308312830,-4.365190248,
1308912790,-4.501057451,
1309512750,-4.463074991,
1310112710,-4.452283377,
1310712670,-4.425934171,
1311312630,-4.449739053,
1311912590,-4.498594534,
1312512550,-4.494208991,
1313112510,-4.506089757,
1313712470,-4.51244142,
1314312430,-4.498051847,
1314912390,-4.429741328,
1315512350,-4.474294567,
1316112310,-4.432583183,
1316712270,-4.428575526,
1317312230,-4.461656306,
1317912190,-4.444332625,
1318512150,-4.457091596,
1319112110,-4.364938784,
1319712070,-4.458632858,
1320312030,-4.416037208,
1320911990,-4.510499438,
1321511950,-4.484470284,
1322111910,-4.480706634,
1322711870,-4.484052008,
1323311830,-4.471822354,
1323911790,-4.468374663,
1324511750,-4.467210743,
1325111710,-4.449352144,
1325711670,-4.446644198,
1326311630,-4.469773384,
1326911590,-4.44602074,
1327511550,-4.525582478,
1328111510,-4.506488605,
1328711470,-4.470659657,
1329311430,-4.470278193,
1329911390,-4.472448496,
1330511350,-4.459084856,
1331111310,-4.486610612,
1331711270,-4.482350155,
1332311230,-4.532872371,
1332911190,-4.456027436,
1333511150,-4.560167718,
1334111110,-4.457592822,
1334711070,-4.522826649,
1335311030,-4.448126057,
1335910990,-4.491090038,
1336510950,-4.4863449,
1337110910,-4.451247855,
1337710870,-4.49037137,
1338310830,-4.526037373,
1338910790,-4.496973468,
1339510750,-4.549323634,
1340110710,-4.488474728,
1340710670,-4.462316705,
1341310630,-4.421794042,
1341910590,-4.484744655,
1342510550,-4.53182266,
1343110510,-4.489942235,
1343710470,-4.495218821,
1344310430,-4.511344405,
1344910390,-4.522240965,
1345510350,-4.533987313,
1346110310,-4.472257244,
1346710270,-4.503119916,
1347310230,-4.527509244,
1347910190,-4.498335995,
1348510150,-4.570031622,
1349110110,-4.485173109,
1349710070,-4.529972257,
1350310030,-4.499042384,
1350909990,-4.512163269,
1351509950,-4.488456847,
1352109910,-4.616001819,
1352709870,-4.568404794,
1353309830,-4.531185405,
1353909790,-4.553572318,
1354509750,-4.511374338,
1355109710,-4.536184103,
1355709670,-4.588287664,
1356309630,-4.563039118,
1356909590,-4.548107946,
1357509550,-4.561512416,
1358109510,-4.483600802,
1358709470,-4.54811927,
1359309430,-4.542878332,
1359909390,-4.597710362,
1360509350,-4.529366669,
1361109310,-4.575166207,
1361709270,-4.536573677,
1362309230,-4.5440079,
1362909190,-4.524831152,
1363509150,-4.599387014,
1364109110,-4.576659535,
1364709070,-4.626977766,
1365309030,-4.536608108,
1365908990,-4.539182588,
1366508950,-4.595126489,
1367108910,-4.59718964,
1367708870,-4.567362409,
1368308830,-4.575421435,
1368908790,-4.556406867,
1369508750,-4.56772538,
1370108710,-4.600056342,
1370708670,-4.564327837,
1371308630,-4.593908522,
1371908590,-4.641962797,
1372508550,-4.612046689,
1373108510,-4.659628722,
1373708470,-4.646334941,
1374308430,-4.553647644,
1374908390,-4.718787212,
1375508350,-4.691620303,
1376108310,-4.630677863,
1376708270,-4.646241367,
1377308230,-4.685312617,
1377908190,-4.631317595,
1378508150,-4.680489904,
1379108110,-4.636645386,
1379708070,-4.731956313,
1380308030,-4.698428159,
1380907990,-4.667669053,
1381507950,-4.65776348,
1382107910,-4.633976618,
1382707870,-4.664322582,
1383307830,-4.688445132,
1383907790,-4.616468409,
1384507750,-4.675198493,
1385107710,-4.651010353,
1385707670,-4.720803668,
1386307630,-4.666941919,
1386907590,-4.678451922,
1387507550,-4.689625355,
1388107510,-4.669399236,
1388707470,-4.721609147,
1389307430,-4.727604646,
1389907390,-4.686020247,
1390507350,-4.696233214,
1391107310,-4.722565423,
1391707270,-4.753806397,
1392307230,-4.697104818,
1392907190,-4.656788727,
1393507150,-4.741363441,
1394107110,-4.78980307,
1394707070,-4.705891469,
1395307030,-4.773059531,
1395906990,-4.707544285,
1396506950,-4.768741092,
1397106910,-4.715895981,
1397706870,-4.786510473,
1398306830,-4.760831651,
1398906790,-4.804688799,
1399506750,-4.746223774,
1400106710,-4.739912643,
1400706670,-4.721968314,
1401306630,-4.757539984,
1401906590,-4.792466064,
1402506550,-4.84562501,
1403106510,-4.763967143,
1403706470,-4.731923432,
1404306430,-4.799640389,
1404906390,-4.780876647,
1405506350,-4.881631987,
1406106310,-4.868648933,
1406706270,-4.720292451,
1407306230,-4.774420817,
1407906190,-4.822479453,
1408506150,-4.805839567,
1409106110,-4.849865688,
1409706070,-4.799718261,
1410306030,-4.709229621,
1410905990,-4.769001902,
1411505950,-4.854049122,
1412105910,-4.750160881,
1412705870,-4.827508019,
1413305830,-4.864968439,
1413905790,-4.766247089,
1414505750,-4.830051861,
1415105710,-4.907343316,
1415705670,-4.843795146,
1416305630,-4.803776114,
1416905590,-4.908069189,
1417505550,-4.771753035,
1418105510,-4.767349873,
1418705470,-4.859711739,
1419305430,-4.826268879,
1419905390,-4.868699962,
1420505350,-4.842232444,
1421105310,-4.947749428,
1421705270,-4.893247843,
1422305230,-4.890265296,
1422905190,-4.905280787,
1423505150,-4.891536491,
1424105110,-4.891140868,
1424705070,-4.822009562,
1425305030,-4.808213625,
1425904990,-4.80403072,
1426504950,-4.891928873,
1427104910,-4.881869905,
1427704870,-4.834779164,
1428304830,-4.806455622,
1428904790,-4.907971524,
1429504749,-5.015132795,
1430104709,-4.806711744,
1430704669,-4.840642574,
1431304629,-4.920180249,
1431904589,-4.88104086,
1432504549,-4.92700511,
1433104509,-4.946462702,
1433704469,-4.917722832,
1434304429,-4.864657312,
1434904389,-5.040624754,
1435504349,-4.878915285,
1436104309,-4.917349309,
1436704269,-4.876192174,
1437304229,-4.903373038,
1437904189,-4.961817523,
1438504149,-5.018341523,
1439104109,-4.95524903,
1439704069,-4.862347435,
1440304029,-4.92018639,
1440903989,-4.798683068,
1441503949,-4.897720435,
1442103909,-4.941469779,
1442703869,-4.921402092,
1443303829,-5.016511161,
1443903789,-4.868861232,
1444503749,-4.912248233,
1445103709,-4.934686786,
1445703669,-4.972429239,
1446303629,-4.923902391,
1446903589,-4.941648752,
1447503549,-4.909775462,
1448103509,-4.93471113,
1448703469,-4.988767376,
1449303429,-4.853244427,
1449903389,-4.946471486,
1450503349,-4.986700433,
1451103309,-4.979640685,
1451703269,-4.965787326,
1452303229,-4.873273259,
1452903189,-4.883878859,
1453503149,-4.842626275,
1454103109,-4.947445812,
1454703069,-4.963905694,
1455303029,-4.904144279,
1455902989,-4.93632436,
1456502949,-4.904891487,
1457102909,-4.93955611,
1457702869,-4.991792061,
1458302829,-4.906881802,
1458902789,-4.996285098,
1459502749,-4.952846972,
1460102709,-4.964239402,
1460702669,-4.976630229,
1461302629,-4.945791754,
1461902589,-4.977605956,
1462502549,-4.899957837,
1463102509,-4.970470929,
1463702469,-4.958968794,
1464302429,-4.89918038,
1464902389,-4.978560212,
1465502349,-4.898548744,
1466102309,-5.016578554,
1466702269,-4.931765093,
1467302229,-4.939392699,
1467902189,-4.947226226,
1468502149,-4.99872913,
1469102109,-5.023489525,
1469702069,-4.993078125,
1470302029,-5.019775966,
1470901989,-4.918954938,
1471501949,-4.953799737,
1472101909,-4.953822369,
1472701869,-5.002192493,
1473301829,-5.038589111,
1473901789,-5.019459136,
1474501749,-4.94558175,
1475101709,-4.995781764,
1475701669,-5.037391982,
1476301629,-4.987995687,
1476901589,-4.940022922,
1477501549,-5.02028011,
1478101509,-5.047965923,
1478701469,-4.865950478,
1479301429,-5.010279946,
1479901389,-4.951737891,
1480501349,-5.037208946,
1481101309,-4.901495225,
1481701269,-4.94970561,
1482301229,-5.004154066,
1482901189,-5.077847446,
1483501149,-4.934858771,
1484101109,-4.98316596,
1484701069,-4.999801526,
1485301029,-5.00025981,
1485900989,-4.997209283,
1486500949,-5.019939747,
1487100909,-5.085871758,
1487700869,-5.055875276,
1488300829,-5.040126908,
1488900789,-5.123269887,
1489500749,-5.05111294,
1490100709,-5.042616575,
1490700669,-5.103273351,
1491300629,-5.105866716,
1491900589,-5.08998407,
1492500549,-5.067102535,
1493100509,-5.09107784,
1493700469,-5.022937323,
1494300429,-5.150739236,
1494900389,-5.129516787,
1495500349,-5.124569702,
1496100309,-5.178430692,
1496700269,-5.165715513,
1497300229,-5.087343762,
1497900189,-5.173317847,
1498500149,-5.163784388,
1499100109,-5.166985041,
1499700069,-5.149511463,
1500300029,-5.200971304,
1500899989,-5.171652608,
1501499949,-5.19823298,
1502099909,-5.200405572,
1502699869,-5.144074557,
1503299829,-5.219806758,
1503899789,-5.188990633,
1504499749,-5.339258426,
1505099709,-5.280886233,
1505699669,-5.258613415,
1506299629,-5.269701728,
1506899589,-5.343636645,
1507499549,-5.263536388,
1508099509,-5.276623646,
1508699469,-5.298857492,
1509299429,-5.361521574,
1509899389,-5.349898065,
1510499349,-5.340517174,
1511099309,-5.344695673,
1511699269,-5.336619779,
1512299229,-5.336503141,
1512899189,-5.407914684,
1513499149,-5.452863895,
1514099109,-5.399979887,
1514699069,-5.453649366,
1515299029,-5.425506093,
1515898989,-5.394546269,
1516498949,-5.35034022,
1517098909,-5.484370521,
1517698869,-5.507255016,
1518298829,-5.389886972,
1518898789,-5.540486656,
1519498749,-5.472389095,
1520098709,-5.579266326,
1520698669,-5.540574381,
1521298629,-5.554960615,
1521898589,-5.549045532,
1522498549,-5.569935572,
1523098509,-5.602102293,
1523698469,-5.600857761,
1524298429,-5.572715179,
1524898389,-5.597462684,
1525498349,-5.669903589,
1526098309,-5.649066017,
1526698269,-5.666851279,
1527298229,-5.575862122,
1527898189,-5.673587551,
1528498149,-5.636261262,
1529098109,-5.627918672,
1529698069,-5.667371236,
1530298029,-5.729606724,
1530897989,-5.691478273,
1531497949,-5.676873234,
1532097909,-5.82964176,
1532697869,-5.752051885,
1533297829,-5.770058344,
1533897789,-5.788550287,
1534497749,-5.748504434,
1535097709,-5.786379902,
1535697669,-5.738139512,
1536297629,-5.73248858,
1536897589,-5.803924914,
1537497549,-5.816705461,
1538097509,-5.788394029,
1538697469,-5.82924984,
1539297429,-5.866341459,
1539897389,-5.812579074,
1540497349,-5.848034919,
1541097309,-5.807566669,
1541697269,-5.877674377,
1542297229,-5.862053835,
1542897189,-5.907398396,
1543497149,-5.865664877,
1544097109,-5.881159809,
1544697069,-5.917534067,
1545297029,-6.015791319,
1545896989,-5.97731555,
1546496949,-6.020393586,
1547096909,-5.951414835,
1547696869,-5.977866101,
1548296829,-5.838489657,
1548896789,-6.027080401,
1549496749,-5.926028408,
1550096709,-5.971246148,
1550696669,-6.086493826,
1551296629,-6.036595441,
1551896589,-6.019257481,
1552496549,-6.03647316,
1553096509,-6.096468707,
1553696469,-6.050298393,
1554296429,-6.063486516,
1554896389,-6.078056667,
1555496349,-6.076127826,
1556096309,-6.045122257,
1556696269,-6.089496479,
1557296229,-6.14441771,
1557896189,-6.126991192,
1558496149,-6.073321703,
1559096109,-6.029476748,
1559696069,-6.136554966,
1560296029,-6.10943093,
1560895989,-6.077641055,
1561495949,-6.106150037,
1562095909,-6.036032081,
1562695869,-6.155988641,
1563295829,-6.193994603,
1563895789,-6.184656368,
1564495749,-6.267238402,
1565095709,-6.139631377,
1565695669,-6.194882977,
1566295629,-6.20718216,
1566895589,-6.179530136,
1567495549,-6.124678761,
1568095509,-6.189690126,
1568695469,-6.192927771,
1569295429,-6.196842923,
1569895389,-6.18859299,
1570495349,-6.222847901,
1571095309,-6.247772407,
1571695269,-6.237927115,
1572295228,-6.218763606,
1572895188,-6.180447642,
1573495148,-6.200356736,
1574095108,-6.202725725,
1574695068,-6.182552134,
1575295028,-6.230255521,
1575894988,-6.328511986,
1576494948,-6.243404492,
1577094908,-6.219952369,
1577694868,-6.288066377,
1578294828,-6.258595974,
1578894788,-6.240785923,
1579494748,-6.203173237,
1580094708,-6.289225613,
1580694668,-6.222845218,
1581294628,-6.295355465,
1581894588,-6.310353211,
1582494548,-6.279341301,
1583094508,-6.314580673,
1583694468,-6.316417208,
1584294428,-6.253681819,
1584894388,-6.31383616,
1585494348,-6.271810047,
1586094308,-6.290864163,
1586694268,-6.288135622,
1587294228,-6.309035994,
1587894188,-6.312274192,
1588494148,-6.308045817,
1589094108,-6.283890992,
1589694068,-6.29296959,
1590294028,-6.334465568,
1590893988,-6.269614272,
1591493948,-6.22433213,
1592093908,-6.34527793,
1592693868,-6.335916129,
1593293828,-6.287503423,
1593893788,-6.259428462,
1594493748,-6.332360357,
1595093708,-6.325023517,
1595693668,-6.297975304,
1596293628,-6.271248332,
1596893588,-6.258504363,
1597493548,-6.240990735,
1598093508,-6.305552851,
1598693468,-6.285836211,
1599293428,-6.312377251,
1599893388,-6.374975968,
1600493348,-6.260514723,
1601093308,-6.293294282,
1601693268,-6.293501558,
1602293228,-6.276867085,
1602893188,-6.416567621,
1603493148,-6.261335078,
1604093108,-6.319780052,
1604693068,-6.367040942,
1605293028,-6.350578828,
1605892988,-6.281010826,
1606492948,-6.294963551,
1607092908,-6.254035967,
1607692868,-6.325332646,
1608292828,-6.359192608,
1608892788,-6.289395087,
1609492748,-6.297755421,
1610092708,-6.167945063,
1610692668,-6.32029516,
1611292628,-6.281562829,
1611892588,-6.216266748,
1612492548,-6.256068352,
1613092508,-6.357524512,
1613692468,-6.237720083,
1614292428,-6.309454792,
1614892388,-6.313284296,
1615492348,-6.268249436,
1616092308,-6.338372208,
1616692268,-6.22807155,
1617292228,-6.343956871,
1617892188,-6.313320115,
1618492148,-6.286989305,
1619092108,-6.310254561,
1619692068,-6.312234409,
1620292028,-6.22629598,
1620891988,-6.260191409,
1621491948,-6.367130432,
1622091908,-6.29936884,
1622691868,-6.351041578,
1623291828,-6.357937173,
1623891788,-6.352936134,
1624491748,-6.24387445,
1625091708,-6.314653725,
1625691668,-6.314818977,
1626291628,-6.343112582,
1626891588,-6.25965701,
1627491548,-6.353406156,
1628091508,-6.354041767,
1628691468,-6.309086362,
1629291428,-6.288579772,
1629891388,-6.368070542,
1630491348,-6.44773066,
1631091308,-6.441012898,
1631691268,-6.335557221,
1632291228,-6.399606537,
1632891188,-6.329550319,
1633491148,-6.384387728,
1634091108,-6.491098948,
1634691068,-6.369318158,
1635291028,-6.325519708,
1635890988,-6.36021799,
1636490948,-6.488802342,
1637090908,-6.501760225,
1637690868,-6.42353684,
1638290828,-6.360148224,
1638890788,-6.42653667,
1639490748,-6.382459778,
1640090708,-6.413543509,
1640690668,-6.485037334,
1641290628,-6.461984398,
1641890588,-6.417590579,
1642490548,-6.479147216,
1643090508,-6.52256936,
1643690468,-6.521104749,
1644290428,-6.481745513,
1644890388,-6.484431018,
1645490348,-6.472025659,
1646090308,-6.415179057,
1646690268,-6.532884687,
1647290228,-6.493826073,
1647890188,-6.570330956,
1648490148,-6.567741932,
1649090108,-6.488973495,
1649690068,-6.526530003,
1650290028,-6.604942873,
1650889988,-6.538384786,
1651489948,-6.687552003,
1652089908,-6.660377262,
1652689868,-6.619479551,
1653289828,-6.64354161,
1653889788,-6.653204988,
1654489748,-6.643537886,
1655089708,-6.711245974,
1655689668,-6.704304076,
1656289628,-6.670361805,
1656889588,-6.757589571,
1657489548,-6.721987965,
1658089508,-6.685428625,
1658689468,-6.717494902,
1659289428,-6.686220795,
1659889388,-6.794385334,
1660489348,-6.732679787,
1661089308,-6.729314895,
1661689268,-6.75578536,
1662289228,-6.838662483,
1662889188,-6.761223052,
1663489148,-6.812647964,
1664089108,-6.77823018,
1664689068,-6.911219564,
1665289028,-6.883034101,
1665888988,-6.894245573,
1666488948,-6.832974172,
1667088908,-6.815000188,
1667688868,-6.820114122,
1668288828,-6.860185557,
1668888788,-6.859658136,
1669488748,-6.976896625,
1670088708,-6.875387146,
1670688668,-6.869787443,
1671288628,-6.947730963,
1671888588,-6.942488199,
1672488548,-6.94101589,
1673088508,-6.956284879,
1673688468,-7.00361251,
1674288428,-6.937263747,
1674888388,-6.965571991,
1675488348,-7.008239015,
1676088308,-6.943211904,
1676688268,-6.97131563,
1677288228,-6.94295572,
1677888188,-6.995715038,
1678488148,-7.068701781,
1679088108,-7.029903963,
1679688068,-7.044337153,
1680288028,-7.036595425,
1680887988,-7.051083252,
1681487948,-7.047322872,
1682087908,-7.042266153,
1682687868,-7.024855431,
1683287828,-7.04425076,
1683887788,-7.133020969,
1684487748,-7.095096096,
1685087708,-7.027776192,
1685687668,-7.118738759,
1686287628,-7.131238792,
1686887588,-7.102675342,
1687487548,-7.105539893,
1688087508,-7.116498719,
1688687468,-7.168985943,
1689287428,-7.105238927,
1689887388,-7.138680695,
1690487348,-7.203774971,
1691087308,-7.219773286,
1691687268,-7.2075991,
1692287228,-7.140707708,
1692887188,-7.199537949,
1693487148,-7.240780292,
1694087108,-7.250520748,
1694687068,-7.221214627,
1695287028,-7.246029168,
1695886988,-7.212442381,
1696486948,-7.238466291,
1697086908,-7.31496182,
1697686868,-7.289515203,
1698286828,-7.272797152,
1698886788,-7.296742478,
1699486748,-7.278215695,
1700086708,-7.386858432,
1700686668,-7.291819027,
1701286628,-7.363402494,
1701886588,-7.358934809,
1702486548,-7.248581955,
1703086508,-7.387773283,
1703686468,-7.317887011,
1704286428,-7.319051203,
1704886388,-7.402008636,
1705486348,-7.404892514,
1706086308,-7.403264199,
1706686268,-7.482359133,
1707286228,-7.499012172,
1707886188,-7.42157194,
1708486148,-7.546220733,
1709086108,-7.496931105,
1709686068,-7.565392536,
1710286028,-7.517161998,
1710885988,-7.639470097,
1711485948,-7.632802339,
1712085908,-7.569376941,
1712685868,-7.60316982,
1713285828,-7.580674039,
1713885788,-7.576127874,
1714485748,-7.68744373,
1715085707,-7.724088733,
1715685667,-7.598484943,
1716285627,-7.719019195,
1716885587,-7.784917277,
1717485547,-7.890941188,
1718085507,-7.753720447,
1718685467,-7.820883845,
1719285427,-7.812528813,
1719885387,-7.864244663,
1720485347,-7.893118534,
1721085307,-7.83713863,
1721685267,-7.975920292,
1722285227,-8.01244082,
1722885187,-8.094014447,
1723485147,-7.897583561,
1724085107,-7.974424743,
1724685067,-8.020248712,
1725285027,-7.991734994,
1725884987,-8.040364716,
1726484947,-8.152304223,
1727084907,-8.027186738,
1727684867,-8.130591066,
1728284827,-8.238838421,
1728884787,-8.21630244,
1729484747,-8.27242958,
1730084707,-8.166675717,
1730684667,-8.264938774,
1731284627,-8.288746971,
1731884587,-8.316399179,
1732484547,-8.305290602,
1733084507,-8.417960335,
1733684467,-8.467144408,
1734284427,-8.434146528,
1734884387,-8.468904206,
1735484347,-8.623841618,
1736084307,-8.597792623,
1736684267,-8.608888201,
1737284227,-8.600642753,
1737884187,-8.731210821,
1738484147,-8.712887804,
1739084107,-8.700023253,
1739684067,-8.781863717,
1740284027,-8.779519788,
1740883987,-8.778721765,
1741483947,-8.899380888,
1742083907,-8.82158512,
1742683867,-9.038423098,
1743283827,-8.932073165,
1743883787,-8.925417837,
1744483747,-9.099049287,
1745083707,-9.129714085,
1745683667,-9.181679263,
1746283627,-9.398890342,
1746883587,-9.210740693,
1747483547,-9.427484542,
1748083507,-9.450406733,
1748683467,-9.419853117,
1749283427,-9.434484505,
1749883387,-9.44779985,
1750483347,-9.571978594,
1751083307,-9.555704038,
1751683267,-9.645802395,
1752283227,-9.619310178,
1752883187,-9.801334513,
1753483147,-9.72133144,
1754083107,-9.777711902,
1754683067,-9.898136644,
1755283027,-9.950149926,
1755882987,-10.05620608,
1756482947,-10.03752769,
1757082907,-10.07760583,
1757682867,-10.13958032,
1758282827,-10.30878685,
1758882787,-10.25816548,
1759482747,-10.23955392,
1760082707,-10.4194856,
1760682667,-10.43028088,
1761282627,-10.48482266,
1761882587,-10.50352691,
1762482547,-10.61996445,
1763082507,-10.55474604,
1763682467,-10.67293083,
1764282427,-10.56516377,
1764882387,-10.81041933,
1765482347,-10.93612854,
1766082307,-11.07762729,
1766682267,-11.01212772,
1767282227,-11.03007812,
1767882187,-11.13665685,
1768482147,-11.32833509,
1769082107,-11.22712189,
1769682067,-11.323378,
1770282027,-11.42936509,
1770881987,-11.44075303,
1771481947,-11.49906369,
1772081907,-11.57122672,
1772681867,-11.69180058,
1773281827,-11.7643942,
1773881787,-11.65063297,
1774481747,-11.86867915,
1775081707,-11.84097136,
1775681667,-12.01124423,
1776281627,-12.0207399,
1776881587,-12.09800516,
1777481547,-12.14542449,
1778081507,-12.43042062,
1778681467,-12.23032774,
1779281427,-12.53224788,
1779881387,-12.52222907,
1780481347,-12.55118297,
1781081307,-12.76979519,
1781681267,-12.6200842,
1782281227,-13.04527177,
1782881187,-12.92254693,
1783481147,-13.24624144,
1784081107,-13.14515606,
1784681067,-13.30715324,
1785281027,-13.3752512,
1785880987,-13.56311336,
1786480947,-13.60693852,
1787080907,-13.73556373,
1787680867,-13.66880124,
1788280827,-13.60527703,
1788880787,-13.83372707,
1789480747,-13.92929597,
1790080707,-14.15147283,
1790680667,-14.28125805,
1791280627,-14.24464119,
1791880587,-14.35459461,
1792480547,-14.63262968,
1793080507,-14.59434307,
1793680467,-14.82317779,
1794280427,-15.00070029,
1794880387,-14.82230064,
1795480347,-14.89969168,
1796080307,-15.06644217,
1796680267,-15.11739816,
1797280227,-15.26997715,
1797880187,-15.79385478,
1798480147,-15.59029352,
1799080107,-15.8482561,
1799680067,-15.97968346,
1800280027,-16.40031303,
1800879987,-16.33455105,
1801479947,-16.45689359,
1802079907,-16.67325706,
1802679867,-17.01127879,
1803279827,-17.07538333,
1803879787,-17.08924006,
1804479747,-17.10572147,
1805079707,-17.34316493,
1805679667,-17.61426974,
1806279627,-17.74540763,
1806879587,-17.92865024,
1807479547,-18.20859298,
1808079507,-18.10225056,
1808679467,-18.44105768,
1809279427,-18.51892841,
1809879387,-18.57809415,
1810479347,-18.71090518,
1811079307,-18.67812623,
1811679267,-19.44976829,
1812279227,-19.68481542,
1812879187,-19.97261732,
1813479147,-20.3718819,
1814079107,-20.66169762,
1814679067,-20.67161356,
1815279027,-21.36982891,
1815878987,-21.45946272,
1816478947,-21.81143497,
1817078907,-21.66819826,
1817678867,-22.09753012,
1818278827,-22.28289035,
1818878787,-22.54440109,
1819478747,-22.72990856,
1820078707,-23.28075066,
1820678667,-23.23921661,
1821278627,-24.0892476,
1821878587,-24.43808967,
1822478547,-24.18251101,
1823078507,-24.57880158,
1823678467,-25.28990303,
1824278427,-25.32220353,
1824878387,-26.34603037,
1825478347,-26.20737811,
1826078307,-26.62555464,
1826678267,-26.95043989,
1827278227,-28.61302024,
1827878187,-28.98764071,
1828478147,-28.88359682,
1829078107,-33.67308964,
1829678067,-34.04693079,
1830278027,-35.73077241,
1830877987,-33.63593476,
1831477947,-35.73244481,
1832077907,-38.04831132,
1832677867,-36.26086299,
1833277827,-36.29523291,
1833877787,-36.86726729,
1834477747,-38.3621014,
1835077707,-39.72082793,
1835677667,-36.45407506,
1836277627,-39.04447184,
1836877587,-37.1826808,
1837477547,-37.38719845,
1838077507,-35.66516816,
1838677467,-36.63118714,
1839277427,-35.98808733,
1839877387,-33.86173101,
1840477347,-35.60739075,
1841077307,-32.13812894,
1841677267,-33.78199626,
1842277227,-30.59489821,
1842877187,-29.64823014,
1843477147,-29.10749911,
1844077107,-26.91349932,
1844677067,-27.10959796,
1845277027,-26.9325374,
1845876987,-26.45022694,
1846476947,-25.62438788,
1847076907,-25.74399404,
1847676867,-25.82348908,
1848276827,-25.39245855,
1848876787,-25.03932291,
1849476747,-24.29260355,
1850076707,-24.39308397,
1850676667,-24.38952363,
1851276627,-24.14708773,
1851876587,-23.85783708,
1852476547,-23.75362658,
1853076507,-23.37101394,
1853676467,-23.50013852,
1854276427,-23.04790328,
1854876387,-23.21084624,
1855476347,-22.84427653,
1856076307,-22.53730417,
1856676267,-22.57965412,
1857276227,-22.21023108,
1857876186,-22.30353462,
1858476146,-22.07545746,
1859076106,-22.02719622,
1859676066,-22.06681121,
1860276026,-21.64837647,
1860875986,-21.52177988,
1861475946,-21.85266277,
1862075906,-21.93206292,
1862675866,-21.33325047,
1863275826,-21.75356377,
1863875786,-21.36023337,
1864475746,-21.55965961,
1865075706,-20.94866236,
1865675666,-21.04118234,
1866275626,-20.61806523,
1866875586,-20.64688125,
1867475546,-20.15291466,
1868075506,-20.6686786,
1868675466,-20.55048327,
1869275426,-20.507776,
1869875386,-20.03479019,
1870475346,-20.09228206,
1871075306,-20.10123643,
1871675266,-19.53496015,
1872275226,-19.4996042,
1872875186,-19.51268924,
1873475146,-19.45657998,
1874075106,-19.65361461,
1874675066,-19.54500274,
1875275026,-19.58598496,
1875874986,-19.02953407,
1876474946,-19.39068158,
1877074906,-19.26136868,
1877674866,-19.37176324,
1878274826,-18.8868846,
1878874786,-19.25625399,
1879474746,-19.17364568,
1880074706,-18.87847555,
1880674666,-19.17591334,
1881274626,-19.11804326,
1881874586,-18.68128818,
1882474546,-19.01078764,
1883074506,-19.01163081,
1883674466,-18.94084593,
1884274426,-18.59027932,
1884874386,-18.62339075,
1885474346,-19.01848239,
1886074306,-18.89455397,
1886674266,-18.98704253,
1887274226,-19.17498325,
1887874186,-18.74308812,
1888474146,-18.75612382,
1889074106,-18.93098613,
1889674066,-18.79907728,
1890274026,-18.92182584,
1890873986,-18.61783942,
1891473946,-18.52754907,
1892073906,-18.77550237,
1892673866,-18.63516338,
1893273826,-18.14271655,
1893873786,-18.31208755,
1894473746,-18.41811817,
1895073706,-18.11369818,
1895673666,-18.55994323,
1896273626,-18.29911038,
1896873586,-18.29138196,
1897473546,-18.23970836,
1898073506,-18.50332645,
1898673466,-18.4330807,
1899273426,-18.35232625,
1899873386,-18.25228194,
1900473346,-18.26419369,
1901073306,-18.12183511,
1901673266,-18.17185555,
1902273226,-18.02437156,
1902873186,-18.1990567,
1903473146,-18.13837761,
1904073106,-17.86805469,
1904673066,-18.06297085,
1905273026,-18.05867746,
1905872986,-17.99862033,
1906472946,-18.07156559,
1907072906,-18.08772782,
1907672866,-17.92926272,
1908272826,-18.01596141,
1908872786,-17.88195173,
1909472746,-17.7512063,
1910072706,-17.87525938,
1910672666,-17.87452205,
1911272626,-17.94464294,
1911872586,-17.78531477,
1912472546,-17.78867316,
1913072506,-17.73135145,
1913672466,-17.82401985,
1914272426,-17.73184836,
1914872386,-17.6829058,
1915472346,-17.72524783,
1916072306,-17.68142753,
1916672266,-17.57512402,
1917272226,-17.53923506,
1917872186,-17.55185693,
1918472146,-17.41543443,
1919072106,-17.49323276,
1919672066,-17.36523137,
1920272026,-17.37802554,
1920871986,-17.34788602,
1921471946,-17.38550306,
1922071906,-17.36553843,
1922671866,-17.41818024,
1923271826,-17.29993357,
1923871786,-17.34410966,
1924471746,-17.16858931,
1925071706,-17.23451857,
1925671666,-17.21166632,
1926271626,-17.1784841,
1926871586,-17.09666846,
1927471546,-17.0271404,
1928071506,-17.0735105,
1928671466,-17.01632799,
1929271426,-17.28742709,
1929871386,-16.82083887,
1930471346,-16.97351795,
1931071306,-17.08621788,
1931671266,-17.02412362,
1932271226,-16.76590455,
1932871186,-16.79597557,
1933471146,-16.9556976,
1934071106,-16.90935306,
1934671066,-16.94833362,
1935271026,-16.70700155,
1935870986,-16.72973741,
1936470946,-16.90142565,
1937070906,-16.69288597,
1937670866,-16.68922858,
1938270826,-16.61416655,
1938870786,-16.55369239,
1939470746,-16.69145597,
1940070706,-16.68555541,
1940670666,-16.84385283,
1941270626,-16.70082576,
1941870586,-16.69015624,
1942470546,-16.42950388,
1943070506,-16.57843167,
1943670466,-16.83112587,
1944270426,-16.69318168,
1944870386,-16.57547121,
1945470346,-16.0769889,
1946070306,-16.51872663,
1946670266,-16.49614242,
1947270226,-16.45212279,
1947870186,-16.21465826,
1948470146,-16.23726269,
1949070106,-16.14245345,
1949670066,-16.11507879,
1950270026,-16.47974309,
1950869986,-16.33163795,
1951469946,-16.35819089,
1952069906,-15.92325907,
1952669866,-16.2457689,
1953269826,-16.0198266,
1953869786,-15.86312539,
1954469746,-16.05812712,
1955069706,-16.12786458,
1955669666,-15.9333217,
1956269626,-15.99372608,
1956869586,-15.80178704,
1957469546,-15.76422583,
1958069506,-15.96550256,
1958669466,-15.90164514,
1959269426,-15.93045679,
1959869386,-15.80514657,
1960469346,-15.79526471,
1961069306,-15.57308279,
1961669266,-15.70178042,
1962269226,-15.85975827,
1962869186,-15.66719773,
1963469146,-15.57297298,
1964069106,-15.53966901,
1964669066,-15.62364532,
1965269026,-15.73029947,
1965868986,-15.63021958,
1966468946,-15.47107701,
1967068906,-15.7331418,
1967668866,-15.61520258,
1968268826,-15.80825847,
1968868786,-15.72500055,
1969468746,-15.73586212,
1970068706,-15.57980689,
1970668666,-15.84052348,
1971268626,-15.63098394,
1971868586,-15.91850499,
1972468546,-15.39847556,
1973068506,-15.7706031,
1973668466,-15.50198195,
1974268426,-15.68477161,
1974868386,-15.65722586,
1975468346,-15.73679457,
1976068306,-15.76968006,
1976668266,-15.79243667,
1977268226,-15.83312313,
1977868186,-15.64090002,
1978468146,-15.65597104,
1979068106,-15.68503403,
1979668066,-15.79365557,
1980268026,-15.72296211,
1980867986,-15.85138127,
1981467946,-15.75651469,
1982067906,-15.69411495,
1982667866,-15.70893231,
1983267826,-15.8027754,
1983867786,-15.96232566,
1984467746,-16.00366149,
1985067706,-15.57241838,
1985667666,-16.02583868,
1986267626,-15.61221077,
1986867586,-15.64274405,
1987467546,-15.84737232,
1988067506,-15.89348246,
1988667466,-16.03954288,
1989267426,-15.923204,
1989867386,-16.14054775,
1990467346,-15.77748736,
1991067306,-16.11817166,
1991667266,-16.24357751,
1992267226,-16.22272732,
1992867186,-16.19025344,
1993467146,-16.33590273,
1994067106,-15.98703607,
1994667066,-16.29896104,
1995267026,-16.44123432,
1995866986,-16.42881498,
1996466946,-16.35047477,
1997066906,-16.53335795,
1997666866,-16.4055471,
1998266826,-16.53721162,
1998866786,-16.45033279,
1999466746,-16.6512495,
2000066706,-16.61954724,
2000666666,-16.65890799,
2001266626,-16.62987178,
2001866585,-16.56816301,
2002466545,-16.42265141,
2003066505,-16.73710802,
2003666465,-16.85261254,
2004266425,-16.76684871,
2004866385,-16.95144868,
2005466345,-16.77547887,
2006066305,-17.0028784,
2006666265,-16.93437136,
2007266225,-17.01539642,
2007866185,-17.01679771,
2008466145,-17.0535547,
2009066105,-17.15887828,
2009666065,-17.17240766,
2010266025,-17.28680143,
2010865985,-17.13568658,
2011465945,-17.34264116,
2012065905,-17.76536504,
2012665865,-17.60019208,
2013265825,-17.42951658,
2013865785,-17.62134231,
2014465745,-17.82881568,
2015065705,-17.76975107,
2015665665,-17.95430659,
2016265625,-17.93470165,
2016865585,-17.75094173,
2017465545,-18.063221,
2018065505,-17.91898502,
2018665465,-18.0923146,
2019265425,-18.12678888,
2019865385,-18.06418428,
2020465345,-18.56626213,
2021065305,-18.44960967,
2021665265,-18.53991181,
2022265225,-18.46949239,
2022865185,-18.56484169,
2023465145,-18.75034148,
2024065105,-18.82399298,
2024665065,-18.96590395,
2025265025,-18.90838916,
2025864985,-18.88849318,
2026464945,-18.85350184,
2027064905,-18.88904234,
2027664865,-19.27167083,
2028264825,-19.48619336,
2028864785,-19.38453611,
2029464745,-19.92958495,
2030064705,-20.10436518,
2030664665,-19.65213385,
2031264625,-20.04499731,
2031864585,-20.49044674,
2032464545,-19.73767887,
2033064505,-20.07391907,
2033664465,-20.00520092,
2034264425,-20.5670593,
2034864385,-20.38867504,
2035464345,-20.77947503,
2036064305,-21.06455066,
2036664265,-20.5887056,
2037264225,-20.6506406,
2037864185,-21.22375297,
2038464145,-21.30097664,
2039064105,-21.38969958,
2039664065,-21.39118004,
2040264025,-21.22938257,
2040863985,-21.71568668,
2041463945,-21.43280578,
2042063905,-22.11948652,
2042663865,-22.04153452,
2043263825,-21.51330887,
2043863785,-21.93432754,
2044463745,-21.48393788,
2045063705,-21.73246696,
2045663665,-22.0812461,
2046263625,-21.7934249,
2046863585,-21.96002806,
2047463545,-22.04493381,
2048063505,-22.24390965,
2048663465,-22.08447115,
2049263425,-22.36902826,
2049863385,-22.18223774,
2050463345,-22.38804453,
2051063305,-22.66542293,
2051663265,-22.72825878,
2052263225,-22.85871263,
2052863185,-23.16403772,
2053463145,-22.97240391,
2054063105,-23.10965638,
2054663065,-22.85982742,
2055263025,-23.17719033,
2055862985,-23.20514263,
2056462945,-23.68397169,
2057062905,-23.47991179,
2057662865,-23.33013723,
2058262825,-23.67272189,
2058862785,-23.66534069,
2059462745,-23.64254618,
2060062705,-23.63328497,
2060662665,-24.17485999,
2061262625,-24.14278754,
2061862585,-24.26969472,
2062462545,-24.33363209,
2063062505,-24.59570975,
2063662465,-24.32956558,
2064262425,-24.58470713,
2064862385,-24.38523729,
2065462345,-24.658294,
2066062305,-24.57656999,
2066662265,-25.05559545,
2067262225,-24.68318673,
2067862185,-25.13821563,
2068462145,-25.26395188,
2069062105,-25.212857,
2069662065,-25.21773269,
2070262025,-25.01276031,
2070861985,-25.55551301,
2071461945,-25.93301126,
2072061905,-25.93912745,
2072661865,-25.59516078,
2073261825,-25.02408144,
2073861785,-24.90224141,
2074461745,-25.31401351,
2075061705,-25.40592934,
2075661665,-25.65249856,
2076261625,-26.15598874,
2076861585,-25.96360431,
2077461545,-26.52443126,
2078061505,-26.94465106,
2078661465,-26.77912198,
2079261425,-26.7826971,
2079861385,-26.83104046,
2080461345,-26.83004506,
2081061305,-27.86890231,
2081661265,-27.83938121,
2082261225,-27.40455974,
2082861185,-28.53651938,
2083461145,-27.41658673,
2084061105,-28.78975004,
2084661065,-28.03447917,
2085261025,-26.54064311,
2085860985,-28.75921167,
2086460945,-29.57567001,
2087060905,-28.12559255,
2087660865,-28.80955181,
2088260825,-29.48758453,
2088860785,-29.7827757,
2089460745,-31.54156831,
2090060705,-30.78175467,
2090660665,-30.58953532,
2091260625,-32.23025805,
2091860585,-32.88391162,
2092460545,-32.27416734,
2093060505,-32.39248565,
2093660465,-32.2946193,
2094260425,-31.06757548,
2094860385,-31.78394241,
2095460345,-31.15119107,
2096060305,-31.33763578,
2096660265,-33.24303088,
2097260225,-31.18339101,
2097860185,-33.26808936,
2098460145,-34.20961434,
2099060105,-33.89968595,
2099660065,-34.55836189,
2100260025,-32.73266454,
2100859985,-33.53611703,
2101459945,-34.39377476,
2102059905,-32.65777681,
2102659865,-34.27589397,
2103259825,-35.02871618,
2103859785,-35.83537131,
2104459745,-36.65849531,
2105059705,-33.77773281,
2105659665,-36.46576219,
2106259625,-34.32883352,
2106859585,-34.09694701,
2107459545,-35.15604557,
2108059505,-35.71788575,
2108659465,-36.3987798,
2109259425,-34.52593691,
2109859385,-34.62973237,
2110459345,-34.85031223,
2111059305,-34.02891844,
2111659265,-35.65920622,
2112259225,-36.5297214,
2112859185,-34.41517474,
2113459145,-35.12556563,
2114059105,-35.2577089,
2114659065,-35.27224372,
2115259025,-36.38069674,
2115858985,-40.74165984,
2116458945,-34.69190209,
2117058905,-34.70288288,
2117658865,-37.7402995,
2118258825,-38.54627331,
2118858785,-35.42256431,
2119458745,-36.32828439,
2120058705,-35.6225289,
2120658665,-37.23769216,
2121258625,-37.56504042,
2121858585,-35.50053379,
2122458545,-36.13021814,
2123058505,-37.13933473,
2123658465,-35.86494357,
2124258425,-35.27822589,
2124858385,-38.95788987,
2125458345,-35.80962165,
2126058305,-36.45332495,
2126658265,-37.46376667,
2127258225,-35.4175578,
2127858185,-37.06573749,
2128458145,-36.93482853,
2129058105,-34.13628602,
2129658065,-35.00971039,
2130258025,-34.70326028,
2130857985,-34.72322989,
2131457945,-35.46899957,
2132057905,-34.44726394,
2132657865,-35.75914113,
2133257825,-35.45227418,
2133857785,-35.37521432,
2134457745,-34.90903328,
2135057705,-34.28045486,
2135657665,-33.87249274,
2136257625,-32.00766681,
2136857585,-33.1878962,
2137457545,-34.15933469,
2138057505,-32.06902795,
2138657465,-31.51959911,
2139257425,-32.38471984,
2139857385,-31.4572765,
2140457345,-31.98689248,
2141057305,-30.75812552,
2141657265,-32.2919851,
2142257225,-34.35466405,
2142857185,-32.35619659,
2143457145,-32.06151128,
2144057105,-32.50280249,
2144657065,-30.59280491,
2145257025,-28.88633203,
2145856985,-29.33110924,
2146456945,-30.59660726,
2147056905,-27.58081683,
2147656865,-27.90922269,
2148256825,-28.9818655,
2148856785,-28.42943962,
2149456745,-27.14201678,
2150056705,-29.17396103,
2150656665,-27.09748309,
2151256625,-26.30624526,
2151856585,-27.34746485,
2152456545,-26.68024286,
2153056505,-26.73604575,
2153656465,-25.99017941,
2154256425,-26.24433916,
2154856385,-25.92877557,
2155456344,-26.01217145,
2156056304,-24.93473272,
2156656264,-25.41983833,
2157256224,-25.46712588,
2157856184,-25.25295679,
2158456144,-25.13074749,
2159056104,-25.3231979,
2159656064,-24.93168757,
2160256024,-24.89974402,
2160855984,-25.26374591,
2161455944,-24.2439316,
2162055904,-24.77282253,
2162655864,-23.97643,
2163255824,-24.44325356,
2163855784,-24.47738464,
2164455744,-24.68890014,
2165055704,-24.38664911,
2165655664,-24.0327698,
2166255624,-23.87520526,
2166855584,-23.73675523,
2167455544,-23.37653689,
2168055504,-23.25020088,
2168655464,-23.4013101,
2169255424,-23.26213947,
2169855384,-23.27278467,
2170455344,-23.07478939,
2171055304,-22.69666174,
2171655264,-23.05068552,
2172255224,-21.98278924,
2172855184,-22.39263134,
2173455144,-22.52817131,
2174055104,-22.49238969,
2174655064,-22.36977529,
2175255024,-22.2191764,
2175854984,-22.24735966,
2176454944,-22.1354879,
2177054904,-21.71522122,
2177654864,-21.8127384,
2178254824,-21.5299881,
2178854784,-21.45306731,
2179454744,-21.51003146,
2180054704,-21.29821797,
2180654664,-20.9693549,
2181254624,-20.98997819,
2181854584,-21.16036372,
2182454544,-21.10963153,
2183054504,-21.29072607,
2183654464,-21.20959899,
2184254424,-21.06683429,
2184854384,-20.83279266,
2185454344,-20.77357491,
2186054304,-20.51348345,
2186654264,-20.30508885,
2187254224,-20.38401188,
2187854184,-20.52355327,
2188454144,-20.65425501,
2189054104,-20.16750945,
2189654064,-19.94496207,
2190254024,-19.62864552,
2190853984,-19.88752459,
2191453944,-19.25799777,
2192053904,-19.12720237,
2192653864,-19.2320843,
2193253824,-18.94213318,
2193853784,-19.06669056,
2194453744,-18.7403193,
2195053704,-18.60056853,
2195653664,-18.55600817,
2196253624,-18.51631318,
2196853584,-18.27331957,
2197453544,-18.11457703,
2198053504,-18.29286075,
2198653464,-18.04363408,
2199253424,-17.68318885,
2199853384,-17.83660716,
2200453344,-18.10940515,
2201053304,-17.60981847,
2201653264,-17.62666755,
2202253224,-17.7672964,
2202853184,-17.37610504,
2203453144,-17.2284553,
2204053104,-18.01793567,
2204653064,-17.06484701,
2205253024,-17.13635475,
2205852984,-16.95993646,
2206452944,-17.13461817,
2207052904,-16.93840017,
2207652864,-16.86011614,
2208252824,-16.76083261,
2208852784,-16.60538475,
2209452744,-16.73833494,
2210052704,-16.62256208,
2210652664,-16.52275385,
2211252624,-16.49635859,
2211852584,-16.32229385,
2212452544,-16.35025058,
2213052504,-16.29810741,
2213652464,-16.31795265,
2214252424,-16.26902991,
2214852384,-16.0285869,
2215452344,-16.08331516,
2216052304,-15.98325746,
2216652264,-15.88615715,
2217252224,-15.73130332,
2217852184,-15.65659233,
2218452144,-15.83111108,
2219052104,-15.79979657,
2219652064,-15.69775368,
2220252024,-15.53147217,
2220851984,-15.60298092,
2221451944,-15.50923667,
2222051904,-15.42443069,
2222651864,-15.32567424,
2223251824,-15.16391089,
2223851784,-15.42759918,
2224451744,-14.97246783,
2225051704,-14.91849522,
2225651664,-14.9522738,
2226251624,-14.86175794,
2226851584,-14.74459971,
2227451544,-14.8350348,
2228051504,-14.46246996,
2228651464,-14.46889846,
2229251424,-14.44843774,
2229851384,-14.66207464,
2230451344,-14.73826807,
2231051304,-14.51644312,
2231651264,-14.57270221,
2232251224,-14.39176693,
2232851184,-14.09682075,
2233451144,-14.31592078,
2234051104,-14.07250354,
2234651064,-14.17288163,
2235251024,-14.00086167,
2235850984,-14.01256028,
2236450944,-14.30650179,
2237050904,-14.13928477,
2237650864,-14.02607419,
2238250824,-13.77624877,
2238850784,-13.9009626,
2239450744,-13.75280531,
2240050704,-13.84823842,
2240650664,-13.87837428,
2241250624,-13.75745657,
2241850584,-13.74739634,
2242450544,-13.71411963,
2243050504,-13.76912328,
2243650464,-13.6140686,
2244250424,-13.57392498,
2244850384,-13.61934884,
2245450344,-13.58661004,
2246050304,-13.70539427,
2246650264,-13.57748234,
2247250224,-13.38338998,
2247850184,-13.33683483,
2248450144,-13.43088442,
2249050104,-13.43015618,
2249650064,-13.28778461,
2250250024,-13.40793091,
2250849984,-13.19427851,
2251449944,-13.33360015,
2252049904,-13.27324278,
2252649864,-13.32978265,
2253249824,-13.29166143,
2253849784,-13.13374769,
2254449744,-13.21340439,
2255049704,-13.13473476,
2255649664,-13.1348074,
2256249624,-13.27745008,
2256849584,-13.04601614,
2257449544,-12.82913002,
2258049504,-13.18135641,
2258649464,-12.95575135,
2259249424,-13.07533607,
2259849384,-12.9660371,
2260449344,-13.11217726,
2261049304,-13.0706753,
2261649264,-12.91144571,
2262249224,-13.03459994,
2262849184,-13.10007181,
2263449144,-13.03382897,
2264049104,-12.87606735,
2264649064,-12.85533046,
2265249024,-12.88397158,
2265848984,-12.77461981,
2266448944,-12.79668962,
2267048904,-12.87083999,
2267648864,-12.92664382,
2268248824,-12.71809766,
2268848784,-12.93351108,
2269448744,-12.79817436,
2270048704,-12.78840184,
2270648664,-12.80828946,
2271248624,-12.92454413,
2271848584,-12.63118701,
2272448544,-12.70263858,
2273048504,-12.6711935,
2273648464,-12.66743384,
2274248424,-12.83937831,
2274848384,-12.72514387,
2275448344,-12.61121354,
2276048304,-12.60539401,
2276648264,-12.61349535,
2277248224,-12.608321,
2277848184,-12.59869519,
2278448144,-12.74264796,
2279048104,-12.44176576,
2279648064,-12.68739155,
2280248024,-12.87746661,
2280847984,-12.73075571,
2281447944,-12.73153883,
2282047904,-12.52701163,
2282647864,-12.53286126,
2283247824,-12.59366209,
2283847784,-12.59577855,
2284447744,-12.34314907,
2285047704,-12.53272801,
2285647664,-12.4847862,
2286247624,-12.48184663,
2286847584,-12.5844571,
2287447544,-12.57927805,
2288047504,-12.5087453,
2288647464,-12.42082418,
2289247424,-12.39169863,
2289847384,-12.46124846,
2290447344,-12.46822387,
2291047304,-12.40582612,
2291647264,-12.42712513,
2292247224,-12.4007555,
2292847184,-12.34711888,
2293447144,-12.41259942,
2294047104,-12.27741572,
2294647064,-12.38778292,
2295247024,-12.27751076,
2295846984,-12.29246859,
2296446944,-12.19251625,
2297046904,-12.32989163,
2297646864,-12.31395275,
2298246824,-12.1468859,
2298846784,-12.1131695,
2299446744,-12.13102539,
2300046704,-12.3309074,
2300646664,-12.26986285,
2301246624,-12.29772614,
2301846584,-12.10397679,
2302446544,-12.12954256,
2303046504,-12.13053015,
2303646464,-12.19208655,
2304246424,-12.21383605,
2304846384,-12.06289605,
2305446344,-12.03087144,
2306046304,-12.04922378,
2306646264,-12.08031862,
2307246224,-11.91425355,
2307846184,-11.98456286,
2308446144,-11.83539564,
2309046103,-11.98716437,
2309646063,-11.83779929,
2310246023,-11.98699432,
2310845983,-11.91807693,
2311445943,-11.87156743,
2312045903,-11.93859735,
2312645863,-11.96541382,
2313245823,-11.73686047,
2313845783,-11.97175137,
2314445743,-11.92731507,
2315045703,-11.7146601,
2315645663,-11.82253618,
2316245623,-11.94392918,
2316845583,-11.71833597,
2317445543,-11.53824651,
2318045503,-11.66399321,
2318645463,-11.78349097,
2319245423,-11.46649237,
2319845383,-11.80413508,
2320445343,-11.62260819,
2321045303,-11.8263596,
2321645263,-11.71260554,
2322245223,-11.47712309,
2322845183,-11.61437801,
2323445143,-11.47825366,
2324045103,-11.61050514,
2324645063,-11.40530686,
2325245023,-11.4201183,
2325844983,-11.55133696,
2326444943,-11.42503102,
2327044903,-11.37186574,
2327644863,-11.27704351,
2328244823,-11.2677274,
2328844783,-11.34964316,
2329444743,-11.47186641,
2330044703,-11.24347612,
2330644663,-11.36159681,
2331244623,-11.33735125,
2331844583,-11.31246324,
2332444543,-11.34574613,
2333044503,-11.27434895,
2333644463,-11.29952759,
2334244423,-11.22156672,
2334844383,-11.18935648,
2335444343,-11.27626339,
2336044303,-11.17254622,
2336644263,-11.13140796,
2337244223,-11.14871626,
2337844183,-11.20091584,
2338444143,-11.16732391,
2339044103,-11.07229129,
2339644063,-11.13066268,
2340244023,-10.99969175,
2340843983,-11.13389924,
2341443943,-10.8799029,
2342043903,-11.00644625,
2342643863,-10.91397419,
2343243823,-10.75046646,
2343843783,-10.94125942,
2344443743,-10.78562584,
2345043703,-10.799091,
2345643663,-10.80606071,
2346243623,-10.8489924,
2346843583,-10.85427061,
2347443543,-10.64350137,
2348043503,-10.67787262,
2348643463,-10.71017159,
2349243423,-10.76212782,
2349843383,-10.6401358,
2350443343,-10.63652373,
2351043303,-10.44689742,
2351643263,-10.57583799,
2352243223,-10.5348579,
2352843183,-10.53367002,
2353443143,-10.47635549,
2354043103,-10.46298905,
2354643063,-10.4994944,
2355243023,-10.41821945,
2355842983,-10.3597265,
2356442943,-10.36913005,
2357042903,-10.17447347,
2357642863,-10.28771107,
2358242823,-10.30662913,
2358842783,-10.11749632,
2359442743,-10.19507261,
2360042703,-10.16193796,
2360642663,-10.1558637,
2361242623,-10.15697214,
2361842583,-10.07182533,
2362442543,-10.04286844,
2363042503,-10.1510834,
2363642463,-10.09583825,
2364242423,-10.10436606,
2364842383,-10.12149631,
2365442343,-9.941606144,
2366042303,-10.02655599,
2366642263,-9.966941349,
2367242223,-9.97645468,
2367842183,-9.791703441,
2368442143,-9.87280848,
2369042103,-9.590379855,
2369642063,-9.598863423,
2370242023,-9.598524514,
2370841983,-9.587901279,
2371441943,-9.548535577,
2372041903,-9.659112798,
2372641863,-9.541450711,
2373241823,-9.254344842,
2373841783,-9.410965549,
2374441743,-9.267811153,
2375041703,-9.447730885,
2375641663,-9.326607174,
2376241623,-9.299919219,
2376841583,-9.256211174,
2377441543,-9.225273046,
2378041503,-9.244795257,
2378641463,-9.188686924,
2379241423,-9.084370071,
2379841383,-9.082071397,
2380441343,-9.269614944,
2381041303,-9.033758015,
2381641263,-9.155725939,
2382241223,-9.032896629,
2382841183,-8.996065373,
2383441143,-8.96787946,
2384041103,-8.883572948,
2384641063,-8.931994624,
2385241023,-8.744704716,
2385840983,-8.794660281,
2386440943,-8.770873803,
2387040903,-8.632106421,
2387640863,-8.762686202,
2388240823,-8.756590988,
2388840783,-8.600144602,
2389440743,-8.619168447,
2390040703,-8.593481389,
2390640663,-8.623714421,
2391240623,-8.561284432,
2391840583,-8.602380247,
2392440543,-8.57180384,
2393040503,-8.475593411,
2393640463,-8.40238838,
2394240423,-8.44288861,
2394840383,-8.398654612,
2395440343,-8.283826595,
2396040303,-8.341167961,
2396640263,-8.398201631,
2397240223,-8.272372824,
2397840183,-8.245883782,
2398440143,-8.227015631,
2399040103,-8.359949555,
2399640063,-8.056810556,
2400240023,-8.073898158,
2400839983,-8.078291136,
2401439943,-8.06541045,
2402039903,-7.979825041,
2402639863,-7.975846713,
2403239823,-7.940656726,
2403839783,-7.917061265,
2404439743,-8.038215869,
2405039703,-7.859168263,
2405639663,-7.829404249,
2406239623,-7.833101285,
2406839583,-7.798909798,
2407439543,-7.815020302,
2408039503,-7.815400021,
2408639463,-7.733432658,
2409239423,-7.697171099,
2409839383,-7.678250584,
2410439343,-7.580088593,
2411039303,-7.575564698,
2411639263,-7.707450082,
2412239223,-7.666443587,
2412839183,-7.580360212,
2413439143,-7.567083182,
2414039103,-7.594945023,
2414639063,-7.456784928,
2415239023,-7.417398537,
2415838983,-7.531279254,
2416438943,-7.546075871,
2417038903,-7.423392527,
2417638863,-7.441455071,
2418238823,-7.392627552,
2418838783,-7.363059179,
2419438743,-7.361780545,
2420038703,-7.308346284,
2420638663,-7.303987888,
2421238623,-7.248813506,
2421838583,-7.238658263,
2422438543,-7.248249366,
2423038503,-7.256528202,
2423638463,-7.214946735,
2424238423,-7.221823378,
2424838383,-7.151387391,
2425438343,-7.175341541,
2426038303,-7.166631727,
2426638263,-7.151444771,
2427238223,-7.053137564,
2427838183,-7.198171504,
2428438143,-7.099109137,
2429038103,-7.143116114,
2429638063,-7.035969962,
2430238023,-7.021753921,
2430837983,-7.100248357,
2431437943,-7.092001094,
2432037903,-6.940946615,
2432637863,-7.09853151,
2433237823,-7.074266298,
2433837783,-6.925860565,
2434437743,-6.973660926,
2435037703,-6.954720864,
2435637663,-6.973469511,
2436237623,-7.000566542,
2436837583,-6.960478172,
2437437543,-6.842793379,
2438037503,-6.952212625,
2438637463,-6.894738614,
2439237423,-6.985533607,
2439837383,-6.857624114,
2440437343,-6.853978694,
2441037303,-6.885979895,
2441637263,-6.91269489,
2442237223,-6.925980044,
2442837183,-6.86005364,
2443437143,-6.864762559,
2444037103,-6.888433806,
2444637063,-6.909270678,
2445237023,-6.803891317,
2445836983,-6.873530665,
2446436943,-6.969068353,
2447036903,-6.752046515,
2447636863,-6.783305683,
2448236823,-6.79571117,
2448836783,-6.817801868,
2449436743,-6.828815071,
2450036703,-6.847853325,
2450636663,-6.816821314,
2451236623,-6.814566125,
2451836583,-6.911567138,
2452436543,-6.751154072,
2453036503,-6.749771363,
2453636463,-6.677474995,
2454236423,-6.740450704,
2454836383,-6.738146544,
2455436343,-6.793885133,
2456036303,-6.753002111,
2456636263,-6.755602469,
2457236223,-6.829931235,
2457836183,-6.702112914,
2458436143,-6.783466939,
2459036103,-6.695971112,
2459636063,-6.71163142,
2460236023,-6.715744389,
2460835983,-6.708802475,
2461435943,-6.701980291,
2462035903,-6.771382031,
2462635863,-6.628753938,
2463235822,-6.583796303,
2463835782,-6.614000612,
2464435742,-6.575325033,
2465035702,-6.521206222,
2465635662,-6.732733534,
2466235622,-6.676397635,
2466835582,-6.648695212,
2467435542,-6.637767231,
2468035502,-6.673365424,
2468635462,-6.643536465,
2469235422,-6.708184423,
2469835382,-6.648007581,
2470435342,-6.650130128,
2471035302,-6.645726743,
2471635262,-6.654618237,
2472235222,-6.675497592,
2472835182,-6.672990083,
2473435142,-6.765012272,
2474035102,-6.743366375,
2474635062,-6.600682537,
2475235022,-6.691471874,
2475834982,-6.585403781,
2476434942,-6.672395611,
2477034902,-6.638586061,
2477634862,-6.658643488,
2478234822,-6.695613963,
2478834782,-6.674712182,
2479434742,-6.51722052,
2480034702,-6.639375936,
2480634662,-6.62164177,
2481234622,-6.664300052,
2481834582,-6.619649145,
2482434542,-6.711369552,
2483034502,-6.693500146,
2483634462,-6.673332857,
2484234422,-6.626690444,
2484834382,-6.558388946,
2485434342,-6.649472079,
2486034302,-6.620155161,
2486634262,-6.640326702,
2487234222,-6.583614174,
2487834182,-6.615368757,
2488434142,-6.551393121,
2489034102,-6.601413388,
2489634062,-6.599708544,
2490234022,-6.594492801,
2490833982,-6.516272278,
2491433942,-6.650401491,
2492033902,-6.686780019,
2492633862,-6.615655525,
2493233822,-6.540496621,
2493833782,-6.564081032,
2494433742,-6.584089837,
2495033702,-6.556989328,
2495633662,-6.613955889,
2496233622,-6.651056187,
2496833582,-6.659318202,
2497433542,-6.511944895,
2498033502,-6.574430847,
2498633462,-6.664625637,
2499233422,-6.631807716,
2499833382,-6.621230711,
2500433342,-6.582421814,
2501033302,-6.618608987,
2501633262,-6.638999223,
2502233222,-6.610166241,
2502833182,-6.640181393,
2503433142,-6.567843842,
2504033102,-6.6922853,
2504633062,-6.564691203,
2505233022,-6.581544884,
2505832982,-6.563192945,
2506432942,-6.61639507,
2507032902,-6.679924607,
2507632862,-6.639608469,
2508232822,-6.579830854,
2508832782,-6.651573661,
2509432742,-6.646503713,
2510032702,-6.636599783,
2510632662,-6.642443719,
2511232622,-6.587117932,
2511832582,-6.695425184,
2512432542,-6.591546456,
2513032502,-6.592927313,
2513632462,-6.626529266,
2514232422,-6.682806818,
2514832382,-6.572081449,
2515432342,-6.680731341,
2516032302,-6.635220557,
2516632262,-6.568582244,
2517232222,-6.690788878,
2517832182,-6.774229806,
2518432142,-6.69233359,
2519032102,-6.66335342,
2519632062,-6.599544274,
2520232022,-6.797540494,
2520831982,-6.70413359,
2521431942,-6.758497478,
2522031902,-6.723760008,
2522631862,-6.609242218,
2523231822,-6.648430479,
2523831782,-6.819949392,
2524431742,-6.659609031,
2525031702,-6.797509379,
2525631662,-6.68429188,
2526231622,-6.773043236,
2526831582,-6.748912346,
2527431542,-6.711325082,
2528031502,-6.7055925,
2528631462,-6.798945338,
2529231422,-6.791972567,
2529831382,-6.837899972,
2530431342,-6.77286296,
2531031302,-6.836138965,
2531631262,-6.829797848,
2532231222,-6.798770603,
2532831182,-6.79246673,
2533431142,-6.744093512,
2534031102,-6.749049925,
2534631062,-6.78703077,
2535231022,-6.848798261,
2535830982,-6.921998975,
2536430942,-6.737840521,
2537030902,-6.827228132,
2537630862,-6.844027145,
2538230822,-6.809493845,
2538830782,-6.822720236,
2539430742,-6.78200316,
2540030702,-6.837992628,
2540630662,-6.838937421,
2541230622,-6.799161503,
2541830582,-6.986657809,
2542430542,-6.908086157,
2543030502,-6.889260799,
2543630462,-6.830175835,
2544230422,-6.808315505,
2544830382,-6.902483769,
2545430342,-6.831219359,
2546030302,-6.782048097,
2546630262,-6.893741244,
2547230222,-7.000330808,
2547830182,-6.919675559,
2548430142,-6.975480972,
2549030102,-6.951916509,
2549630062,-6.966298151,
2550230022,-6.940756175,
2550829982,-6.854827699,
2551429942,-6.96829481,
2552029902,-6.90509189,
2552629862,-7.013889354,
2553229822,-6.968672544,
2553829782,-6.97191174,
2554429742,-6.965129459,
2555029702,-6.999698756,
2555629662,-6.998895227,
2556229622,-6.830732612,
2556829582,-6.916634605,
2557429542,-7.026777428,
2558029502,-6.904602959,
2558629462,-6.900309238,
2559229422,-6.978018979,
2559829382,-6.966941845,
2560429342,-7.018535679,
2561029302,-6.95951171,
2561629262,-7.052821788,
2562229222,-6.982647147,
2562829182,-7.018499809,
2563429142,-6.932824151,
2564029102,-7.037514799,
2564629062,-7.096650258,
2565229022,-6.973732763,
2565828982,-6.961503168,
2566428942,-6.999455104,
2567028902,-7.011678994,
2567628862,-7.001375139,
2568228822,-6.996975137,
2568828782,-6.995012204,
2569428742,-6.987401501,
2570028702,-7.070445816,
2570628662,-7.073726772,
2571228622,-7.051469795,
2571828582,-7.009086299,
2572428542,-7.109432155,
2573028502,-7.048179318,
2573628462,-7.036250308,
2574228422,-7.111315743,
2574828382,-7.038092584,
2575428342,-7.030654166,
2576028302,-6.979719955,
2576628262,-7.053834341,
2577228222,-7.036157372,
2577828182,-7.045449495,
2578428142,-7.025844319,
2579028102,-7.134900838,
2579628062,-7.014392215,
2580228022,-7.081587515,
2580827982,-7.029049561,
2581427942,-7.007518677,
2582027902,-6.958159249,
2582627862,-7.042001071,
2583227822,-7.002280676,
2583827782,-7.076524197,
2584427742,-7.060975679,
2585027702,-7.015348733,
2585627662,-7.101825237,
2586227622,-7.063081842,
2586827582,-7.019261239,
2587427542,-6.984358083,
2588027502,-7.032087992,
2588627462,-7.035843356,
2589227422,-6.941859649,
2589827382,-7.001217435,
2590427342,-6.943513167,
2591027302,-6.980299223,
2591627262,-7.017094177,
2592227222,-7.1077343,
2592827182,-7.023846238,
2593427142,-6.959698246,
2594027102,-7.039732156,
2594627062,-7.026866976,
2595227022,-6.996938035,
2595826982,-7.00268632,
2596426942,-6.900281419,
2597026902,-6.938286076,
2597626862,-7.009733665,
2598226822,-7.016120908,
2598826782,-7.003252158,
2599426742,-6.980006162,
2600026702,-6.966774744,
2600626662,-6.943375146,
2601226622,-6.927439825,
2601826582,-6.921317677,
2602426542,-6.977769024,
2603026502,-7.038354445,
2603626462,-6.951751335,
2604226422,-7.011632274,
2604826382,-6.880610529,
2605426342,-7.020985362,
2606026302,-7.087885478,
2606626262,-6.879794545,
2607226222,-6.978368054,
2607826182,-6.931961376,
2608426142,-6.964488064,
2609026102,-6.963145197,
2609626062,-6.933319915,
2610226022,-6.918477687,
2610825982,-6.891757809,
2611425942,-6.916503618,
2612025902,-6.923827408,
2612625862,-6.975751227,
2613225822,-6.919738714,
2613825782,-6.821073728,
2614425742,-6.960393503,
2615025702,-6.968991516,
2615625662,-7.065235023,
2616225622,-6.93852228,
2616825581,-7.062862082,
2617425541,-6.913639679,
2618025501,-6.887267603,
2618625461,-6.924347373,
2619225421,-6.920234092,
2619825381,-7.039390878,
2620425341,-7.019136209,
2621025301,-6.932349315,
2621625261,-6.97067845,
2622225221,-7.002875592,
2622825181,-6.985288912,
2623425141,-7.064716663,
2624025101,-7.017007271,
2624625061,-6.967517961,
2625225021,-7.017572146,
2625824981,-7.04892379,
2626424941,-6.863473029,
2627024901,-7.105374232,
2627624861,-7.023513913,
2628224821,-7.047351775,
2628824781,-7.089185873,
2629424741,-7.028820245,
2630024701,-7.061588168,
2630624661,-7.004768241,
2631224621,-7.160446397,
2631824581,-7.045093955,
2632424541,-7.094889349,
2633024501,-7.041931855,
2633624461,-7.093336954,
2634224421,-7.122558158,
2634824381,-7.079799395,
2635424341,-7.008469565,
2636024301,-7.019479663,
2636624261,-7.205047664,
2637224221,-7.056558818,
2637824181,-7.102609688,
2638424141,-7.213556899,
2639024101,-7.092132759,
2639624061,-7.143455047,
2640224021,-7.204762634,
2640823981,-7.043838354,
2641423941,-7.237427363,
2642023901,-7.20724329,
2642623861,-7.300663891,
2643223821,-7.202970483,
2643823781,-7.217237521,
2644423741,-7.22718604,
2645023701,-7.209360992,
2645623661,-7.232537689,
2646223621,-7.219053614,
2646823581,-7.297571974,
2647423541,-7.239376885,
2648023501,-7.299197807,
2648623461,-7.155447415,
2649223421,-7.348422281,
2649823381,-7.354325364,
2650423341,-7.367268398,
2651023301,-7.31642958,
2651623261,-7.352909063,
2652223221,-7.335567147,
2652823181,-7.40547268,
2653423141,-7.386915966,
2654023101,-7.417648712,
2654623061,-7.385486729,
2655223021,-7.421591161,
2655822981,-7.31857618,
2656422941,-7.499032168,
2657022901,-7.448684319,
2657622861,-7.489957649,
2658222821,-7.493596426,
2658822781,-7.502504926,
2659422741,-7.564025427,
2660022701,-7.46948011,
2660622661,-7.581839857,
2661222621,-7.644236371,
2661822581,-7.492104768,
2662422541,-7.368178952,
2663022501,-7.599572511,
2663622461,-7.575409069,
2664222421,-7.634814336,
2664822381,-7.614741858,
2665422341,-7.689708171,
2666022301,-7.668729152,
2666622261,-7.684498113,
2667222221,-7.689263993,
2667822181,-7.76800659,
2668422141,-7.715935144,
2669022101,-7.775907692,
2669622061,-7.784052077,
2670222021,-7.71975818,
2670821981,-7.617928669,
2671421941,-7.850168484,
2672021901,-7.824160869,
2672621861,-7.716310439,
2673221821,-7.722643221,
2673821781,-7.858687971,
2674421741,-7.875533553,
2675021701,-7.837789321,
2675621661,-7.919571034,
2676221621,-7.864137657,
2676821581,-7.897314367,
2677421541,-7.855801666,
2678021501,-7.938890461,
2678621461,-7.97747811,
2679221421,-7.952682371,
2679821381,-8.026581474,
2680421341,-7.986567912,
2681021301,-8.258854065,
2681621261,-7.966518485,
2682221221,-8.076068056,
2682821181,-7.940467968,
2683421141,-7.996296384,
2684021101,-8.149567187,
2684621061,-7.858528339,
2685221021,-8.109385599,
2685820981,-8.078765885,
2686420941,-7.920368539,
2687020901,-8.195581428,
2687620861,-8.082279684,
2688220821,-8.03938081,
2688820781,-8.088646654,
2689420741,-8.068819922,
2690020701,-8.115202539,
2690620661,-8.15952882,
2691220621,-8.219107742,
2691820581,-8.268171401,
2692420541,-8.30750378,
2693020501,-8.174510049,
2693620461,-8.353719623,
2694220421,-8.07985051,
2694820381,-8.267062002,
2695420341,-8.189085137,
2696020301,-8.213248957,
2696620261,-8.230126884,
2697220221,-8.341573711,
2697820181,-8.203555786,
2698420141,-8.326365763,
2699020101,-8.312960837,
2699620061,-8.352837946,
2700220021,-8.240997741,
2700819981,-8.232609225,
2701419941,-8.351197371,
2702019901,-8.28825296,
2702619861,-8.298463108,
2703219821,-8.270014252,
2703819781,-8.41708324,
2704419741,-8.430743818,
2705019701,-8.452804164,
2705619661,-8.344006024,
2706219621,-8.435748516,
2706819581,-8.325662221,
2707419541,-8.387004321,
2708019501,-8.390240839,
2708619461,-8.389466444,
2709219421,-8.443942428,
2709819381,-8.39706962,
2710419341,-8.490616846,
2711019301,-8.468356875,
2711619261,-8.440398278,
2712219221,-8.452035482,
2712819181,-8.468015361,
2713419141,-8.501722428,
2714019101,-8.407550883,
2714619061,-8.413798387,
2715219021,-8.341444533,
2715818981,-8.459562575,
2716418941,-8.504557213,
2717018901,-8.465697424,
2717618861,-8.415823179,
2718218821,-8.390403555,
2718818781,-8.466263081,
2719418741,-8.498046404,
2720018701,-8.334450937,
2720618661,-8.467573442,
2721218621,-8.461278691,
2721818581,-8.414134415,
2722418541,-8.584856878,
2723018501,-8.507433614,
2723618461,-8.459946071,
2724218421,-8.500137854,
2724818381,-8.512560447,
2725418341,-8.434080977,
2726018301,-8.520497529,
2726618261,-8.538542117,
2727218221,-8.555614291,
2727818181,-8.402109209,
2728418141,-8.514022779,
2729018101,-8.507732545,
2729618061,-8.442210495,
2730218021,-8.482853713,
2730817981,-8.440325482,
2731417941,-8.441400363,
2732017901,-8.52848902,
2732617861,-8.470377768,
2733217821,-8.471628796,
2733817781,-8.518975522,
2734417741,-8.411837675,
2735017701,-8.498557484,
2735617661,-8.347099799,
2736217621,-8.338743415,
2736817581,-8.385437313,
2737417541,-8.502596637,
2738017501,-8.418396799,
2738617461,-8.379240289,
2739217421,-8.407259021,
2739817381,-8.385787597,
2740417341,-8.253685601,
2741017301,-8.337039749,
2741617261,-8.429968679,
2742217221,-8.494376254,
2742817181,-8.371190184,
2743417141,-8.349298322,
2744017101,-8.421820066,
2744617061,-8.44171868,
2745217021,-8.420495765,
2745816981,-8.421826353,
2746416941,-8.397194121,
2747016901,-8.480573104,
2747616861,-8.413848265,
2748216821,-8.343490914,
2748816781,-8.40478604,
2749416741,-8.442620599,
2750016701,-8.430910984,
2750616661,-8.404646716,
2751216621,-8.419861859,
2751816581,-8.364694282,
2752416541,-8.394274607,
2753016501,-8.392141195,
2753616461,-8.474036878,
2754216421,-8.475682915,
2754816381,-8.398676856,
2755416341,-8.486772273,
2756016301,-8.448522608,
2756616261,-8.37072338,
2757216221,-8.335833801,
2757816181,-8.32922989,
2758416141,-8.318632624,
2759016101,-8.374457317,
2759616061,-8.261651671,
2760216021,-8.215524743,
2760815981,-8.416726413,
2761415941,-8.34055257,
2762015901,-8.371689703,
2762615861,-8.317987978,
2763215821,-8.314286834,
2763815781,-8.333429223,
2764415741,-8.386780483,
2765015701,-8.433426277,
2765615661,-8.32962621,
2766215621,-8.333904587,
2766815581,-8.306732065,
2767415541,-8.364914459,
2768015501,-8.278928597,
2768615461,-8.243401084,
2769215421,-8.290729481,
2769815381,-8.290069111,
2770415340,-8.341203024,
2771015300,-8.416025501,
2771615260,-8.243129674,
2772215220,-8.350743371,
2772815180,-8.316747526,
2773415140,-8.422141165,
2774015100,-8.334127094,
2774615060,-8.404734127,
2775215020,-8.310295408,
2775814980,-8.30072333,
2776414940,-8.299737634,
2777014900,-8.344722924,
2777614860,-8.363028325,
2778214820,-8.32102101,
2778814780,-8.313890685,
2779414740,-8.391732112,
2780014700,-8.269735682,
2780614660,-8.307573847,
2781214620,-8.306886712,
2781814580,-8.305155677,
2782414540,-8.35988253,
2783014500,-8.404779914,
2783614460,-8.314746923,
2784214420,-8.288536934,
2784814380,-8.299141179,
2785414340,-8.345422984,
2786014300,-8.325053403,
2786614260,-8.301720143,
2787214220,-8.283249057,
2787814180,-8.351056521,
2788414140,-8.360888811,
2789014100,-8.3490238,
2789614060,-8.296974776,
2790214020,-8.309076305,
2790813980,-8.346118757,
2791413940,-8.331110553,
2792013900,-8.275301085,
2792613860,-8.306745062,
2793213820,-8.385017925,
2793813780,-8.38675349,
2794413740,-8.309938257,
2795013700,-8.391510909,
2795613660,-8.299927244,
2796213620,-8.334633188,
2796813580,-8.398144949,
2797413540,-8.473186243,
2798013500,-8.243791504,
2798613460,-8.348746681,
2799213420,-8.403681425,
2799813380,-8.305765475,
2800413340,-8.383140947,
2801013300,-8.402730564,
2801613260,-8.40250941,
2802213220,-8.379304763,
2802813180,-8.393856171,
2803413140,-8.491305961,
2804013100,-8.371940325,
2804613060,-8.442054211,
2805213020,-8.480472885,
2805812980,-8.473843029,
2806412940,-8.387396147,
2807012900,-8.48932419,
2807612860,-8.277479504,
2808212820,-8.464463087,
2808812780,-8.468019177,
2809412740,-8.466711121,
2810012700,-8.424709944,
2810612660,-8.437478589,
2811212620,-8.528277825,
2811812580,-8.481121532,
2812412540,-8.451085749,
2813012500,-8.461107674,
2813612460,-8.488832434,
2814212420,-8.549810804,
2814812380,-8.498689267,
2815412340,-8.341368148,
2816012300,-8.545705558,
2816612260,-8.664178779,
2817212220,-8.616179845,
2817812180,-8.502976887,
2818412140,-8.528097592,
2819012100,-8.510039074,
2819612060,-8.628040181,
2820212020,-8.563051479,
2820811980,-8.590852589,
2821411940,-8.502618335,
2822011900,-8.43380887,
2822611860,-8.54370707,
2823211820,-8.465328492,
2823811780,-8.617452486,
2824411740,-8.56025834,
2825011700,-8.652980315,
2825611660,-8.530599835,
2826211620,-8.622331688,
2826811580,-8.602749467,
2827411540,-8.615466819,
2828011500,-8.54030477,
2828611460,-8.659776965,
2829211420,-8.542956578,
2829811380,-8.615012538,
2830411340,-8.546428917,
2831011300,-8.533984312,
2831611260,-8.624803206,
2832211220,-8.457664921,
2832811180,-8.553100334,
2833411140,-8.505837702,
2834011100,-8.633484274,
2834611060,-8.504458931,
2835211020,-8.695980081,
2835810980,-8.62923797,
2836410940,-8.563462629,
2837010900,-8.600900573,
2837610860,-8.723780248,
2838210820,-8.644750813,
2838810780,-8.63008713,
2839410740,-8.599532882,
2840010700,-8.68235894,
2840610660,-8.657679394,
2841210620,-8.699142539,
2841810580,-8.698507187,
2842410540,-8.667596829,
2843010500,-8.764732017,
2843610460,-8.727355081,
2844210420,-8.690094974,
2844810380,-8.666781748,
2845410340,-8.751165438,
2846010300,-8.532501663,
2846610260,-8.785308172,
2847210220,-8.853520403,
2847810180,-8.746195133,
2848410140,-8.731085824,
2849010100,-8.704231249,
2849610060,-8.711078862,
2850210020,-8.7211376,
2850809980,-8.713416524,
2851409940,-8.691875717,
2852009900,-8.659288266,
2852609860,-8.776453618,
2853209820,-8.900186242,
2853809780,-8.819890449,
2854409740,-8.778209267,
2855009700,-8.779008574,
2855609660,-8.817143383,
2856209620,-8.757033228,
2856809580,-8.805916201,
2857409540,-8.830517538,
2858009500,-8.864081754,
2858609460,-8.841404058,
2859209420,-8.849720053,
2859809380,-8.818450576,
2860409340,-8.852445676,
2861009300,-8.831741963,
2861609260,-8.957620682,
2862209220,-8.942264856,
2862809180,-8.895988256,
2863409140,-8.99692391,
2864009100,-8.813188176,
2864609060,-8.949089976,
2865209020,-8.922699439,
2865808980,-8.921548729,
2866408940,-8.96005366,
2867008900,-9.005971972,
2867608860,-8.920587959,
2868208820,-9.188372394,
2868808780,-9.073132693,
2869408740,-9.16167659,
2870008700,-9.050811044,
2870608660,-9.118069159,
2871208620,-9.041428375,
2871808580,-9.087773899,
2872408540,-9.204015476,
2873008500,-9.129652529,
2873608460,-9.117677708,
2874208420,-9.087428349,
2874808380,-9.152096922,
2875408340,-9.049543007,
2876008300,-9.093329496,
2876608260,-9.266917589,
2877208220,-9.250868443,
2877808180,-9.249229136,
2878408140,-9.235675003,
2879008100,-9.194851481,
2879608060,-9.170380889,
2880208020,-9.259807808,
2880807980,-9.17113878,
2881407940,-9.268489372,
2882007900,-9.339800827,
2882607860,-9.374762705,
2883207820,-9.296889955,
2883807780,-9.478939666,
2884407740,-9.336894237,
2885007700,-9.413641127,
2885607660,-9.235551896,
2886207620,-9.462954523,
2886807580,-9.374092331,
2887407540,-9.398002979,
2888007500,-9.42824664,
2888607460,-9.494590284,
2889207420,-9.43562046,
2889807380,-9.403923504,
2890407340,-9.517622096,
2891007300,-9.604617136,
2891607260,-9.524688346,
2892207220,-9.533794372,
2892807180,-9.617875535,
2893407140,-9.506519076,
2894007100,-9.568340712,
2894607060,-9.547029869,
2895207020,-9.606172139,
2895806980,-9.634414753,
2896406940,-9.690076705,
2897006900,-9.699464439,
2897606860,-9.626998572,
2898206820,-9.722724158,
2898806780,-9.754420277,
2899406740,-9.657380264,
2900006700,-9.839108574,
2900606660,-9.678472711,
2901206620,-9.774097871,
2901806580,-9.832917001,
2902406540,-9.645925502,
2903006500,-9.729094368,
2903606460,-9.872731727,
2904206420,-9.836514346,
2904806380,-9.860799833,
2905406340,-9.885212138,
2906006300,-9.818922478,
2906606260,-9.922055959,
2907206220,-9.857789012,
2907806180,-9.856133538,
2908406140,-9.875691175,
2909006100,-10.00599272,
2909606060,-9.888333497,
2910206020,-9.928292706,
2910805980,-9.81686179,
2911405940,-9.968609005,
2912005900,-9.931106737,
2912605860,-9.981238451,
2913205820,-9.976268981,
2913805780,-10.02587483,
2914405740,-9.951672035,
2915005700,-10.03977581,
2915605660,-9.970182922,
2916205620,-10.04901492,
2916805580,-9.970241896,
2917405540,-10.17643107,
2918005500,-10.12694098,
2918605460,-10.08095995,
2919205420,-9.976948063,
2919805380,-10.14097038,
2920405340,-10.05515503,
2921005300,-10.15643607,
2921605260,-10.21696835,
2922205220,-10.14680822,
2922805180,-10.08963199,
2923405140,-10.16573408,
2924005100,-10.20813181,
2924605059,-10.21876796,
2925205019,-10.09240312,
2925804979,-10.18739571,
2926404939,-10.19730575,
2927004899,-10.23624522,
2927604859,-10.20434473,
2928204819,-10.13348726,
2928804779,-10.14722924,
2929404739,-10.35827344,
2930004699,-10.23959345,
2930604659,-10.15151555,
2931204619,-10.30559655,
2931804579,-10.36841866,
2932404539,-10.36594283,
2933004499,-10.24014243,
2933604459,-10.25953196,
2934204419,-10.22711665,
2934804379,-10.27574385,
2935404339,-10.31563594,
2936004299,-10.35668785,
2936604259,-10.336205,
2937204219,-10.48391981,
2937804179,-10.36871029,
2938404139,-10.48106368,
2939004099,-10.41139779,
2939604059,-10.4194124,
2940204019,-10.51177778,
2940803979,-10.34120216,
2941403939,-10.33137489,
2942003899,-10.47041384,
2942603859,-10.37913384,
2943203819,-10.55744884,
2943803779,-10.41961773,
2944403739,-10.40860363,
2945003699,-10.39428494,
2945603659,-10.47216639,
2946203619,-10.49119923,
2946803579,-10.41036556,
2947403539,-10.40949783,
2948003499,-10.38138609,
2948603459,-10.42364841,
2949203419,-10.39188251,
2949803379,-10.46614558,
2950403339,-10.3329207,
2951003299,-10.44664878,
2951603259,-10.55425069,
2952203219,-10.46773105,
2952803179,-10.44182971,
2953403139,-10.46622329,
2954003099,-10.53956388,
2954603059,-10.41308052,
2955203019,-10.54019164,
2955802979,-10.39143879,
2956402939,-10.45581711,
2957002899,-10.39774975,
2957602859,-10.49908262,
2958202819,-10.33664295,
2958802779,-10.40693593,
2959402739,-10.55621186,
2960002699,-10.36852363,
2960602659,-10.4563483,
2961202619,-10.48229219,
2961802579,-10.45608878,
2962402539,-10.36724168,
2963002499,-10.50415741,
2963602459,-10.5038441,
2964202419,-10.54266567,
2964802379,-10.31997498,
2965402339,-10.4744043,
2966002299,-10.48065184,
2966602259,-10.41408456,
2967202219,-10.53643866,
2967802179,-10.60588336,
2968402139,-10.43363394,
2969002099,-10.482201,
2969602059,-10.34103504,
2970202019,-10.41088711,
2970801979,-10.35799779,
2971401939,-10.42331811,
2972001899,-10.49203222,
2972601859,-10.43196806,
2973201819,-10.49438912,
2973801779,-10.3844326,
2974401739,-10.55498489,
2975001699,-10.43119427,
2975601659,-10.33039886,
2976201619,-10.29898,
2976801579,-10.4123478,
2977401539,-10.40263311,
2978001499,-10.41415389,
2978601459,-10.34982446,
2979201419,-10.35462906,
2979801379,-10.44416273,
2980401339,-10.42182616,
2981001299,-10.33485167,
2981601259,-10.28060203,
2982201219,-10.42205502,
2982801179,-10.33900936,
2983401139,-10.47803502,
2984001099,-10.31056172,
2984601059,-10.32289398,
2985201019,-10.31274051,
2985800979,-10.27541655,
2986400939,-10.25353431,
2987000899,-10.27612785,
2987600859,-10.30761035,
2988200819,-10.39144832,
2988800779,-10.29899393,
2989400739,-10.39890604,
2990000699,-10.25520662,
2990600659,-10.41604064,
2991200619,-10.32626251,
2991800579,-10.31933354,
2992400539,-10.25673261,
2993000499,-10.33195317,
2993600459,-10.26955526,
2994200419,-10.31930985,
2994800379,-10.24731103,
2995400339,-10.2830182,
2996000299,-10.15951329,
2996600259,-10.15274521,
2997200219,-10.13986884,
2997800179,-10.386392,
2998400139,-10.27064637,
2999000099,-10.2837264,
2999600059,-10.2066899,
3000200019,-10.1684241,
3000799979,-10.1678358,
3001399939,-10.17475761,
3001999899,-10.20153976,
3002599859,-10.20030836,
3003199819,-10.16301508,
3003799779,-10.16302093,
3004399739,-10.14344704,
3004999699,-10.20589556,
3005599659,-10.04293134,
3006199619,-10.1810899,
3006799579,-10.22123931,
3007399539,-10.09343522,
3007999499,-10.0615469,
3008599459,-10.11047864,
3009199419,-10.03646653,
3009799379,-10.08032714,
3010399339,-10.06976329,
3010999299,-10.23154044,
3011599259,-10.12586883,
3012199219,-10.15721722,
3012799179,-9.997834585,
3013399139,-10.00833878,
3013999099,-10.08751776,
3014599059,-10.08225144,
3015199019,-10.04067717,
3015798979,-9.988461614,
3016398939,-10.03852983,
3016998899,-10.11100099,
3017598859,-10.17613015,
3018198819,-10.10646477,
3018798779,-10.03457253,
3019398739,-10.13609631,
3019998699,-10.05433168,
3020598659,-9.991988999,
3021198619,-10.03070788,
3021798579,-10.04671349,
3022398539,-9.982999106,
3022998499,-10.08179753,
3023598459,-10.04704389,
3024198419,-10.05831788,
3024798379,-9.98759852,
3025398339,-10.0527407,
3025998299,-10.02716542,
3026598259,-9.917232927,
3027198219,-9.995430262,
3027798179,-10.01783187,
3028398139,-10.00546399,
3028998099,-9.936521837,
3029598059,-10.09574009,
3030198019,-9.987802592,
3030797979,-9.949787751,
3031397939,-10.0221974,
3031997899,-10.06282724,
3032597859,-10.08660904,
3033197819,-10.00141853,
3033797779,-10.00020133,
3034397739,-9.962294551,
3034997699,-9.894181867,
3035597659,-10.07289073,
3036197619,-9.955584954,
3036797579,-9.978349954,
3037397539,-9.924908882,
3037997499,-10.03137161,
3038597459,-10.02258933,
3039197419,-9.971637946,
3039797379,-10.07204831,
3040397339,-10.05327827,
3040997299,-10.00493736,
3041597259,-10.03040539,
3042197219,-9.973634541,
3042797179,-9.974408701,
3043397139,-9.980833767,
3043997099,-9.969492973,
3044597059,-10.00106796,
3045197019,-10.03098777,
3045796979,-10.01930258,
3046396939,-9.964662205,
3046996899,-10.10155317,
3047596859,-10.07504547,
3048196819,-10.01445546,
3048796779,-10.07338046,
3049396739,-9.979951009,
3049996699,-9.992942914,
3050596659,-9.933476724,
3051196619,-10.02038713,
3051796579,-10.0651716,
3052396539,-10.0206627,
3052996499,-10.07312276,
3053596459,-10.01064022,
3054196419,-10.05492793,
3054796379,-10.13743312,
3055396339,-10.09593334,
3055996299,-10.14174582,
3056596259,-9.98694484,
3057196219,-9.940323149,
3057796179,-9.98562818,
3058396139,-10.05786571,
3058996099,-10.07282382,
3059596059,-10.06361873,
3060196019,-10.0904365,
3060795979,-9.965770714,
3061395939,-10.16565867,
3061995899,-10.04830475,
3062595859,-10.09533126,
3063195819,-9.98763243,
3063795779,-10.14972533,
3064395739,-10.04306362,
3064995699,-10.09372484,
3065595659,-10.15998001,
3066195619,-10.17184033,
3066795579,-10.09365357,
3067395539,-10.05030016,
3067995499,-10.12200503,
3068595459,-10.10449013,
3069195419,-10.08894638,
3069795379,-10.13928641,
3070395339,-10.14351685,
3070995299,-10.05504259,
3071595259,-10.16107239,
3072195219,-10.13836081,
3072795179,-10.10204283,
3073395139,-10.18285169,
3073995099,-10.01557959,
3074595059,-10.13185509,
3075195019,-10.10575329,
3075794979,-10.08229064,
3076394939,-10.18210589,
3076994899,-10.17679006,
3077594859,-10.13508536,
3078194818,-10.15048502,
3078794778,-10.17068663,
3079394738,-10.19664082,
3079994698,-10.14313322,
3080594658,-10.23344343,
3081194618,-10.21296379,
3081794578,-10.19321905,
3082394538,-10.2022856,
3082994498,-10.26672796,
3083594458,-10.24085338,
3084194418,-10.29188197,
3084794378,-10.21627176,
3085394338,-10.19293502,
3085994298,-10.40947689,
3086594258,-10.30019893,
3087194218,-10.27155363,
3087794178,-10.19349357,
3088394138,-10.31041894,
3088994098,-10.36662392,
3089594058,-10.27872663,
3090194018,-10.38318407,
3090793978,-10.31938346,
3091393938,-10.24038464,
3091993898,-10.37975856,
3092593858,-10.13497994,
3093193818,-10.39247941,
3093793778,-10.27605649,
3094393738,-10.29173755,
3094993698,-10.39449521,
3095593658,-10.36466448,
3096193618,-10.36825735,
3096793578,-10.36078359,
3097393538,-10.48192734,
3097993498,-10.27602444,
3098593458,-10.38597318,
3099193418,-10.33672181,
3099793378,-10.41600556,
3100393338,-10.37752468,
3100993298,-10.34543262,
3101593258,-10.51901634,
3102193218,-10.38257216,
3102793178,-10.33633448,
3103393138,-10.40234504,
3103993098,-10.52282641,
3104593058,-10.55637877,
3105193018,-10.54364692,
3105792978,-10.50111069,
3106392938,-10.38071646,
3106992898,-10.48156342,
3107592858,-10.5420365,
3108192818,-10.48806967,
3108792778,-10.47321903,
3109392738,-10.57672152,
3109992698,-10.54001438,
3110592658,-10.39877863,
3111192618,-10.44174923,
3111792578,-10.58224537,
3112392538,-10.68467724,
3112992498,-10.63680123,
3113592458,-10.54832126,
3114192418,-10.73657892,
3114792378,-10.54414179,
3115392338,-10.70592594,
3115992298,-10.68217603,
3116592258,-10.46972214,
3117192218,-10.60812502,
3117792178,-10.62540268,
3118392138,-10.74342475,
3118992098,-10.62202716,
3119592058,-10.61304654,
3120192018,-10.65067233,
3120791978,-10.72857704,
3121391938,-10.57472568,
3121991898,-10.64400927,
3122591858,-10.66678487,
3123191818,-10.80236446,
3123791778,-10.67423875,
3124391738,-10.6899415,
3124991698,-10.61707851,
3125591658,-10.78315996,
3126191618,-10.77646859,
3126791578,-10.82484121,
3127391538,-10.70997272,
3127991498,-10.92545609,
3128591458,-10.7675241,
3129191418,-10.86513667,
3129791378,-10.87623623,
3130391338,-10.89798292,
3130991298,-10.82033065,
3131591258,-10.89546247,
3132191218,-10.80881151,
3132791178,-10.9288319,
3133391138,-10.84738443,
3133991098,-10.94479835,
3134591058,-10.91298455,
3135191018,-10.7816115,
3135790978,-10.99562616,
3136390938,-11.05116196,
3136990898,-10.84717163,
3137590858,-10.71066706,
3138190818,-11.02156316,
3138790778,-11.03952779,
3139390738,-10.93163501,
3139990698,-10.93664189,
3140590658,-10.98710172,
3141190618,-10.89882367,
3141790578,-10.94950642,
3142390538,-11.02060543,
3142990498,-10.98947037,
3143590458,-11.01494436,
3144190418,-11.08977998,
3144790378,-11.17038369,
3145390338,-11.01267485,
3145990298,-11.08721022,
3146590258,-10.97075405,
3147190218,-11.0765528,
3147790178,-11.14543242,
3148390138,-11.20168782,
3148990098,-11.13023286,
3149590058,-11.14203459,
3150190018,-11.21014596,
3150789978,-11.08605833,
3151389938,-11.10368319,
3151989898,-11.03526304,
3152589858,-11.13280763,
3153189818,-11.13283906,
3153789778,-11.19482706,
3154389738,-11.15457446,
3154989698,-11.21978431,
3155589658,-11.23023056,
3156189618,-11.20785062,
3156789578,-11.19854833,
3157389538,-11.14106398,
3157989498,-11.29773993,
3158589458,-11.20217687,
3159189418,-11.33731669,
3159789378,-11.32425023,
3160389338,-11.14619835,
3160989298,-11.1606034,
3161589258,-11.29947108,
3162189218,-11.23427219,
3162789178,-11.31320631,
3163389138,-11.29516877,
3163989098,-11.19274842,
3164589058,-11.30143617,
3165189018,-11.31105245,
3165788978,-11.51042979,
3166388938,-11.27428448,
3166988898,-11.3320093,
3167588858,-11.32716428,
3168188818,-11.24998943,
3168788778,-11.32109736,
3169388738,-11.4092599,
3169988698,-11.39427097,
3170588658,-11.28536026,
3171188618,-11.39773139,
3171788578,-11.34299387,
3172388538,-11.40888489,
3172988498,-11.32306623,
3173588458,-11.31212731,
3174188418,-11.42700318,
3174788378,-11.21439775,
3175388338,-11.40860918,
3175988298,-11.37626182,
3176588258,-11.49866844,
3177188218,-11.42839557,
3177788178,-11.31933317,
3178388138,-11.33944971,
3178988098,-11.41668399,
3179588058,-11.38790805,
3180188018,-11.3028394,
3180787978,-11.54392606,
3181387938,-11.40482729,
3181987898,-11.46611826,
3182587858,-11.60629015,
3183187818,-11.37699975,
3183787778,-11.38487132,
3184387738,-11.44019602,
3184987698,-11.41493338,
3185587658,-11.50700821,
3186187618,-11.44768634,
3186787578,-11.50606477,
3187387538,-11.53046664,
3187987498,-11.40816161,
3188587458,-11.43921574,
3189187418,-11.37097139,
3189787378,-11.50059956,
3190387338,-11.47423175,
3190987298,-11.3879435,
3191587258,-11.39485051,
3192187218,-11.6119762,
3192787178,-11.41596827,
3193387138,-11.46837134,
3193987098,-11.45169836,
3194587058,-11.4145578,
3195187018,-11.48652314,
3195786978,-11.41620941,
3196386938,-11.36031411,
3196986898,-11.44713687,
3197586858,-11.54137167,
3198186818,-11.41461585,
3198786778,-11.51310667,
3199386738,-11.35742479,
3199986698,-11.51861988,
3200586658,-11.42971497,
3201186618,-11.28226976,
3201786578,-11.38941994,
3202386538,-11.45333911,
3202986498,-11.59200146,
3203586458,-11.55893548,
3204186418,-11.35640029,
3204786378,-11.28921571,
3205386338,-11.47917326,
3205986298,-11.48539187,
3206586258,-11.39585862,
3207186218,-11.32535522,
3207786178,-11.42385302,
3208386138,-11.43262213,
3208986098,-11.30856424,
3209586058,-11.44500245,
3210186018,-11.4596679,
3210785978,-11.17045234,
3211385938,-11.38710543,
3211985898,-11.34884679,
3212585858,-11.22237682,
3213185818,-11.2589811,
3213785778,-11.29793122,
3214385738,-11.24430451,
3214985698,-11.43247241,
3215585658,-11.29700946,
3216185618,-11.28280159,
3216785578,-11.34044267,
3217385538,-11.30385475,
3217985498,-11.39354022,
3218585458,-11.25685335,
3219185418,-11.36942967,
3219785378,-11.19272257,
3220385338,-11.3557738,
3220985298,-11.25432425,
3221585258,-11.31808779,
3222185218,-11.30170732,
3222785178,-11.23804278,
3223385138,-11.23794201,
3223985098,-11.19050604,
3224585058,-11.32043553,
3225185018,-11.26383362,
3225784978,-11.15350255,
3226384938,-11.11532964,
3226984898,-11.16654704,
3227584858,-11.35216726,
3228184818,-11.23704113,
3228784778,-11.29276089,
3229384738,-11.1180696,
3229984698,-11.26689706,
3230584658,-11.23057807,
3231184618,-11.19062919,
3231784578,-11.14254492,
3232384537,-11.00338001,
3232984497,-11.08183354,
3233584457,-11.12198516,
3234184417,-11.14793702,
3234784377,-11.04997735,
3235384337,-10.91592717,
3235984297,-11.18659801,
3236584257,-11.21178612,
3237184217,-11.22207357,
3237784177,-11.08056924,
3238384137,-11.08037411,
3238984097,-11.04221924,
3239584057,-11.07003612,
3240184017,-11.03913587,
3240783977,-11.03025953,
3241383937,-10.99703453,
3241983897,-11.06443369,
3242583857,-11.09120857,
3243183817,-10.9181066,
3243783777,-11.03491953,
3244383737,-10.96751594,
3244983697,-10.97935951,
3245583657,-10.8786085,
3246183617,-10.93685972,
3246783577,-10.98798494,
3247383537,-11.04863607,
3247983497,-11.01674591,
3248583457,-10.94200462,
3249183417,-10.9468886,
3249783377,-10.93752257,
3250383337,-10.91592622,
3250983297,-10.83033092,
3251583257,-11.02633195,
3252183217,-10.87480164,
3252783177,-10.80431644,
3253383137,-10.85834241,
3253983097,-10.98026441,
3254583057,-10.79921068,
3255183017,-10.78079886,
3255782977,-10.8133113,
3256382937,-10.7563195,
3256982897,-10.90433898,
3257582857,-10.95356232,
3258182817,-10.86815866,
3258782777,-10.94134676,
3259382737,-10.83479715,
3259982697,-10.81867101,
3260582657,-10.95785908,
3261182617,-10.71278846,
3261782577,-10.867346,
3262382537,-10.93595105,
3262982497,-10.93427149,
3263582457,-10.81206373,
3264182417,-10.66693695,
3264782377,-10.73249606,
3265382337,-10.85194039,
3265982297,-10.88416202,
3266582257,-10.7456837,
3267182217,-10.7895739,
3267782177,-10.74590902,
3268382137,-10.77457332,
3268982097,-10.756213,
3269582057,-10.74138251,
3270182017,-10.70817352,
3270781977,-10.70871831,
3271381937,-10.70203747,
3271981897,-10.80014595,
3272581857,-10.76475933,
3273181817,-10.84397476,
3273781777,-10.85054183,
3274381737,-10.74077069,
3274981697,-10.80321185,
3275581657,-10.82575254,
3276181617,-10.66710058,
3276781577,-10.91885357,
3277381537,-10.78609307,
3277981497,-10.81447422,
3278581457,-10.92198546,
3279181417,-10.81402136,
3279781377,-10.81371134,
3280381337,-10.71075541,
3280981297,-10.69937349,
3281581257,-10.80613991,
3282181217,-10.66198614,
3282781177,-10.68345076,
3283381137,-10.78468124,
3283981097,-10.81596591,
3284581057,-10.87246207,
3285181017,-10.78437183,
3285780977,-10.73379827,
3286380937,-10.76412159,
3286980897,-10.78705832,
3287580857,-10.86830584,
3288180817,-10.73353988,
3288780777,-10.68097364,
3289380737,-10.79335309,
3289980697,-10.75597807,
3290580657,-10.82951185,
3291180617,-10.83821017,
3291780577,-10.76472942,
3292380537,-10.78772604,
3292980497,-10.72832996,
3293580457,-10.93841136,
3294180417,-10.70995147,
3294780377,-10.81199182,
3295380337,-10.75989407,
3295980297,-10.92563535,
3296580257,-10.78026912,
3297180217,-10.80553139,
3297780177,-10.75076934,
3298380137,-10.93731717,
3298980097,-10.73401571,
3299580057,-10.77482146,
3300180017,-10.81231594,
3300779977,-10.63956028,
3301379937,-10.78353488,
3301979897,-10.83310953,
3302579857,-10.74222919,
3303179817,-10.85866198,
3303779777,-10.8686174,
3304379737,-10.76681791,
3304979697,-10.69000976,
3305579657,-10.7779156,
3306179617,-10.81367679,
3306779577,-10.84025639,
3307379537,-10.86304647,
3307979497,-10.8578373,
3308579457,-10.69400029,
3309179417,-10.80337326,
3309779377,-10.76187928,
3310379337,-10.90535739,
3310979297,-10.6722319,
3311579257,-10.82364024,
3312179217,-10.94246967,
3312779177,-10.77526787,
3313379137,-10.74310482,
3313979097,-10.89182826,
3314579057,-10.79646708,
3315179017,-10.78488304,
3315778977,-10.83009157,
3316378937,-10.89621068,
3316978897,-10.6668318,
3317578857,-10.85805986,
3318178817,-10.94138802,
3318778777,-10.80811869,
3319378737,-11.07930355,
3319978697,-10.92073743,
3320578657,-10.92637765,
3321178617,-10.93642807,
3321778577,-10.82220664,
3322378537,-11.04665664,
3322978497,-10.82706707,
3323578457,-10.87807585,
3324178417,-10.94858891,
3324778377,-10.85365052,
3325378337,-10.92963608,
3325978297,-10.98012521,
3326578257,-10.86638091,
3327178217,-10.91201832,
3327778177,-10.95588233,
3328378137,-10.94884647,
3328978097,-10.97045612,
3329578057,-10.97695663,
3330178017,-11.00039769,
3330777977,-10.81907528,
3331377937,-10.92426452,
3331977897,-11.01026149,
3332577857,-10.91074008,
3333177817,-11.00973035,
3333777777,-10.99839415,
3334377737,-11.02770555,
3334977697,-11.09567758,
3335577657,-10.926897,
3336177617,-10.9208586,
3336777577,-11.12782498,
3337377537,-11.02707486,
3337977497,-11.0021975,
3338577457,-11.07463707,
3339177417,-10.93575008,
3339777377,-11.03280914,
3340377337,-11.09581686,
3340977297,-11.06140431,
3341577257,-10.87441551,
3342177217,-10.95840405,
3342777177,-10.94023326,
3343377137,-11.00291376,
3343977097,-11.0193666,
3344577057,-11.06209385,
3345177017,-11.11409812,
3345776977,-11.09711402,
3346376937,-11.0533745,
3346976897,-11.11530092,
3347576857,-11.14119448,
3348176817,-11.00968774,
3348776777,-11.0697608,
3349376737,-11.15420831,
3349976697,-11.01266496,
3350576657,-11.17492136,
3351176617,-11.07268618,
3351776577,-11.05849524,
3352376537,-11.16855081,
3352976497,-11.16777906,
3353576457,-11.02859167,
3354176417,-11.11180518,
3354776377,-11.08300439,
3355376337,-11.22412562,
3355976297,-10.98002403,
3356576257,-11.15495256,
3357176217,-11.04287629,
3357776177,-11.23590037,
3358376137,-11.19043439,
3358976097,-11.09548673,
3359576057,-11.26789924,
3360176017,-11.01535751,
3360775977,-11.14725855,
3361375937,-11.27968952,
3361975897,-11.30951876,
3362575857,-11.01201598,
3363175817,-11.0305458,
3363775777,-11.19829402,
3364375737,-11.09474569,
3364975697,-11.34374628,
3365575657,-11.17728983,
3366175617,-11.24639161,
3366775577,-11.25340471,
3367375537,-11.21991811,
3367975497,-11.24669148,
3368575457,-11.22929367,
3369175417,-11.40144348,
3369775377,-11.1812619,
3370375337,-11.33531398,
3370975297,-11.28879034,
3371575257,-11.25606459,
3372175217,-11.16594534,
3372775177,-11.17083286,
3373375137,-11.25421601,
3373975097,-11.49157972,
3374575057,-11.34041984,
3375175017,-11.28076182,
3375774977,-11.3019189,
3376374937,-11.3881542,
3376974897,-11.40627232,
3377574857,-11.27896821,
3378174817,-11.33643981,
3378774777,-11.26140228,
3379374737,-11.28695598,
3379974697,-11.21418062,
3380574657,-11.46083948,
3381174617,-11.28554729,
3381774577,-11.20149606,
3382374537,-11.34057737,
3382974497,-11.4000292,
3383574457,-11.45576898,
3384174417,-11.30990362,
3384774377,-11.35758591,
3385374337,-11.60305965,
3385974296,-11.55513868,
3386574256,-11.41683312,
3387174216,-11.34392698,
3387774176,-11.41424746,
3388374136,-11.46156928,
3388974096,-11.41784288,
3389574056,-11.43894749,
3390174016,-11.43340234,
3390773976,-11.41630893,
3391373936,-11.50649471,
3391973896,-11.52227632,
3392573856,-11.56581572,
3393173816,-11.53919946,
3393773776,-11.45825356,
3394373736,-11.66708752,
3394973696,-11.79393057,
3395573656,-11.48975022,
3396173616,-11.50629538,
3396773576,-11.71138155,
3397373536,-11.6275661,
3397973496,-11.54784382,
3398573456,-11.40600212,
3399173416,-11.56468635,
3399773376,-11.58314699,
3400373336,-11.60302621,
3400973296,-11.57661343,
3401573256,-11.51538155,
3402173216,-11.66668101,
3402773176,-11.51827026,
3403373136,-11.60701519,
3403973096,-11.73870611,
3404573056,-11.47441612,
3405173016,-11.68693689,
3405772976,-11.54760888,
3406372936,-11.62620415,
3406972896,-11.67244895,
3407572856,-11.65149037,
3408172816,-11.74041966,
3408772776,-11.56758174,
3409372736,-11.60814564,
3409972696,-11.75997035,
3410572656,-11.47067931,
3411172616,-11.44180498,
3411772576,-11.6377363,
3412372536,-11.64063463,
3412972496,-11.70870443,
3413572456,-11.77795612,
3414172416,-11.71346787,
3414772376,-11.80106913,
3415372336,-11.8218513,
3415972296,-11.57063859,
3416572256,-11.690457,
3417172216,-11.73466371,
3417772176,-11.73878076,
3418372136,-11.77444279,
3418972096,-11.6760734,
3419572056,-11.68096056,
3420172016,-11.77424289,
3420771976,-11.5732403,
3421371936,-11.61097459,
3421971896,-11.64871377,
3422571856,-11.61954019,
3423171816,-11.75795019,
3423771776,-11.67358189,
3424371736,-11.74719608,
3424971696,-11.77333445,
3425571656,-11.70725183,
3426171616,-11.81350788,
3426771576,-11.740675,
3427371536,-11.81708454,
3427971496,-11.74020135,
3428571456,-11.64867242,
3429171416,-11.79350319,
3429771376,-11.9033013,
3430371336,-11.59334133,
3430971296,-11.75363056,
3431571256,-11.84184133,
3432171216,-11.58727776,
3432771176,-11.6813502,
3433371136,-11.59361776,
3433971096,-11.61288784,
3434571056,-11.72557231,
3435171016,-11.68570145,
3435770976,-11.83229333,
3436370936,-11.78814912,
3436970896,-11.70952824,
3437570856,-11.5913021,
3438170816,-11.72693857,
3438770776,-11.83581775,
3439370736,-11.8551891,
3439970696,-11.84980151,
3440570656,-11.82038782,
3441170616,-11.81680987,
3441770576,-11.8285898,
3442370536,-11.81069623,
3442970496,-11.81767545,
3443570456,-11.89764601,
3444170416,-11.63952432,
3444770376,-11.67319067,
3445370336,-11.60776921,
3445970296,-11.59778758,
3446570256,-11.60056863,
3447170216,-11.7309367,
3447770176,-11.51936644,
3448370136,-11.64070284,
3448970096,-11.81574881,
3449570056,-11.52025836,
3450170016,-11.67107745,
3450769976,-11.71142775,
3451369936,-11.76964999,
3451969896,-11.54563932,
3452569856,-11.64368311,
3453169816,-11.57672694,
3453769776,-11.72744963,
3454369736,-11.70128431,
3454969696,-11.59294976,
3455569656,-11.68934563,
3456169616,-11.54958888,
3456769576,-11.61799406,
3457369536,-11.63411303,
3457969496,-11.56132332,
3458569456,-11.46873436,
3459169416,-11.56200229,
3459769376,-11.70029464,
3460369336,-11.42606033,
3460969296,-11.53146885,
3461569256,-11.49416835,
3462169216,-11.59220516,
3462769176,-11.57837853,
3463369136,-11.43987697,
3463969096,-11.47673335,
3464569056,-11.57799519,
3465169016,-11.4916869,
3465768976,-11.56499018,
3466368936,-11.51056843,
3466968896,-11.48164627,
3467568856,-11.69572249,
3468168816,-11.49043723,
3468768776,-11.66362542,
3469368736,-11.51498378,
3469968696,-11.58043278,
3470568656,-11.47804735,
3471168616,-11.31890598,
3471768576,-11.44971325,
3472368536,-11.37055044,
3472968496,-11.45010375,
3473568456,-11.47279268,
3474168416,-11.446183,
3474768376,-11.37438522,
3475368336,-11.411568,
3475968296,-11.50860031,
3476568256,-11.20342585,
3477168216,-11.37111602,
3477768176,-11.45231529,
3478368136,-11.25687079,
3478968096,-11.34059059,
3479568056,-11.58782229,
3480168016,-11.28627187,
3480767976,-11.34855897,
3481367936,-11.33687109,
3481967896,-11.3058908,
3482567856,-11.3576164,
3483167816,-11.41368686,
3483767776,-11.3210833,
3484367736,-11.22497833,
3484967696,-11.18603617,
3485567656,-11.32112099,
3486167616,-11.2355337,
3486767576,-11.20280433,
3487367536,-11.34885658,
3487967496,-11.22025057,
3488567456,-11.27383215,
3489167416,-11.17335489,
3489767376,-11.33536103,
3490367336,-11.35294474,
3490967296,-11.49149614,
3491567256,-11.25929794,
3492167216,-11.44269549,
3492767176,-11.13302214,
3493367136,-11.26857098,
3493967096,-11.32173587,
3494567056,-11.39898425,
3495167016,-11.15363298,
3495766976,-11.05140008,
3496366936,-11.13755063,
3496966896,-11.04947286,
3497566856,-11.2986343,
3498166816,-11.0752739,
3498766776,-11.08160623,
3499366736,-11.24762818,
3499966696,-10.96062217,
3500566656,-11.20333419,
3501166616,-11.10320722,
3501766576,-11.05493585,
3502366536,-11.00355134,
3502966496,-10.98120114,
3503566456,-11.09577111,
3504166416,-11.12057736,
3504766376,-11.19275654,
3505366336,-11.06954807,
3505966296,-10.98101639,
3506566256,-11.08803376,
3507166216,-11.07202699,
3507766176,-11.13830461,
3508366136,-11.16554363,
3508966096,-11.02106916,
3509566056,-11.18770908,
3510166016,-11.10796901,
3510765976,-11.08862684,
3511365936,-11.07792925,
3511965896,-11.07583962,
3512565856,-10.96849075,
3513165816,-11.07653807,
3513765776,-11.17813614,
3514365736,-11.10354844,
3514965696,-10.98501055,
3515565656,-11.0939116,
3516165616,-11.01722442,
3516765576,-10.96258269,
3517365536,-10.9963811,
3517965496,-11.04146049,
3518565456,-11.00959124,
3519165416,-10.96072262,
3519765376,-10.91199592,
3520365336,-10.96210227,
3520965296,-11.08045583,
3521565256,-11.13881717,
3522165216,-10.9632058,
3522765176,-11.1057253,
3523365136,-10.93364147,
3523965096,-11.21374771,
3524565056,-10.99541672,
3525165016,-11.17360737,
3525764976,-10.96270171,
3526364936,-10.95366933,
3526964896,-10.91209129,
3527564856,-11.01616726,
3528164816,-11.04786699,
3528764776,-10.99157272,
3529364736,-11.03028175,
3529964696,-10.95670928,
3530564656,-10.94870458,
3531164616,-11.04142306,
3531764576,-11.13802609,
3532364536,-11.0109686,
3532964496,-11.06802177,
3533564456,-11.00261076,
3534164416,-11.02245123,
3534764376,-10.94477897,
3535364336,-10.98194146,
3535964296,-11.02877035,
3536564256,-10.96644066,
3537164216,-10.92568186,
3537764176,-10.99310954,
3538364136,-10.87776078,
3538964096,-11.07797822,
3539564055,-11.04326508,
3540164015,-10.99402871,
3540763975,-11.02707021,
3541363935,-10.86519714,
3541963895,-10.93706813,
3542563855,-10.95816513,
3543163815,-10.91220091,
3543763775,-11.02389124,
3544363735,-11.04596767,
3544963695,-10.90563293,
3545563655,-11.14409945,
3546163615,-10.94653926,
3546763575,-10.79502743,
3547363535,-10.99852381,
3547963495,-10.95316933,
3548563455,-11.05997705,
3549163415,-10.8823635,
3549763375,-11.00988461,
3550363335,-11.06281275,
3550963295,-11.06971403,
3551563255,-10.94846954,
3552163215,-11.03717376,
3552763175,-11.1226957,
3553363135,-11.07553858,
3553963095,-11.00289135,
3554563055,-10.98071398,
3555163015,-10.90965088,
3555762975,-10.95086945,
3556362935,-10.96593914,
3556962895,-11.08155481,
3557562855,-11.04180975,
3558162815,-11.06213859,
3558762775,-11.1002264,
3559362735,-10.99711876,
3559962695,-11.18648838,
3560562655,-11.11462499,
3561162615,-11.05409757,
3561762575,-11.04751503,
3562362535,-11.07752057,
3562962495,-10.95560603,
3563562455,-11.04984831,
3564162415,-11.18098073,
3564762375,-11.07181839,
3565362335,-11.10668176,
3565962295,-11.16855252,
3566562255,-11.09343029,
3567162215,-11.13549923,
3567762175,-11.13686248,
3568362135,-11.05005731,
3568962095,-11.08568206,
3569562055,-11.00549742,
3570162015,-11.063833,
3570761975,-11.05364301,
3571361935,-11.09763274,
3571961895,-11.06951115,
3572561855,-11.00753269,
3573161815,-11.09455054,
3573761775,-11.24442425,
3574361735,-11.14549838,
3574961695,-11.15381291,
3575561655,-11.10319813,
3576161615,-11.18472105,
3576761575,-11.08374173,
3577361535,-11.08400322,
3577961495,-11.0619749,
3578561455,-11.03461778,
3579161415,-11.07081953,
3579761375,-11.16856466,
3580361335,-11.20168634,
3580961295,-11.19258804,
3581561255,-11.14953171,
3582161215,-11.17764475,
3582761175,-11.18028274,
3583361135,-11.05486704,
3583961095,-11.09774971,
3584561055,-11.10466053,
3585161015,-11.039976,
3585760975,-11.18813817,
3586360935,-11.19264145,
3586960895,-11.22362507,
3587560855,-11.23876421,
3588160815,-11.18273302,
3588760775,-11.31578258,
3589360735,-11.33841258,
3589960695,-11.13188827,
3590560655,-11.22861011,
3591160615,-11.1883656,
3591760575,-11.23396833,
3592360535,-11.16271253,
3592960495,-11.32113118,
3593560455,-11.18787579,
3594160415,-11.24913951,
3594760375,-11.20931391,
3595360335,-11.29138374,
3595960295,-11.3525319,
3596560255,-11.17750888,
3597160215,-11.14645095,
3597760175,-11.16673433,
3598360135,-11.30874459,
3598960095,-11.22048949,
3599560055,-11.32440151,
3600160015,-11.1735123,
3600759975,-11.1508589,
3601359935,-11.18289951,
3601959895,-11.28724898,
3602559855,-11.35991053,
3603159815,-11.39950852,
3603759775,-11.20897666,
3604359735,-11.28424473,
3604959695,-11.1194525,
3605559655,-11.40397541,
3606159615,-11.35426446,
3606759575,-11.34933286,
3607359535,-11.34420216,
3607959495,-11.30658013,
3608559455,-11.29259043,
3609159415,-11.1936294,
3609759375,-11.26894977,
3610359335,-11.38569077,
3610959295,-11.29571675,
3611559255,-11.44064807,
3612159215,-11.30834586,
3612759175,-11.3707737,
3613359135,-11.1490566,
3613959095,-11.26580014,
3614559055,-11.37124886,
3615159015,-11.40982965,
3615758975,-11.40022617,
3616358935,-11.33309155,
3616958895,-11.42824342,
3617558855,-11.46101935,
3618158815,-11.42993853,
3618758775,-11.4711536,
3619358735,-11.5961968,
3619958695,-11.47149874,
3620558655,-11.71708519,
3621158615,-11.51260997,
3621758575,-11.40567819,
3622358535,-11.60532673,
3622958495,-11.57606218,
3623558455,-11.55178097,
3624158415,-11.51071456,
3624758375,-11.65509607,
3625358335,-11.52773074,
3625958295,-11.50719753,
3626558255,-11.69875424,
3627158215,-11.66961157,
3627758175,-11.51118165,
3628358135,-11.49387472,
3628958095,-11.55913095,
3629558055,-11.75893979,
3630158015,-11.5844365,
3630757975,-11.76235898,
3631357935,-11.59960795,
3631957895,-11.61929069,
3632557855,-11.75193471,
3633157815,-11.62074653,
3633757775,-11.70656468,
3634357735,-11.71014321,
3634957695,-11.79839818,
3635557655,-11.70014601,
3636157615,-11.72645036,
3636757575,-11.77603124,
3637357535,-11.77936325,
3637957495,-11.83979991,
3638557455,-11.66776984,
3639157415,-11.88184877,
3639757375,-11.82818728,
3640357335,-11.78882343,
3640957295,-11.81061911,
3641557255,-11.9125042,
3642157215,-11.78872209,
3642757175,-11.69325105,
3643357135,-11.98160351,
3643957095,-11.71589,
3644557055,-11.97154237,
3645157015,-11.86095625,
3645756975,-11.79055108,
3646356935,-11.85017003,
3646956895,-11.78637203,
3647556855,-12.06006792,
3648156815,-11.88426661,
3648756775,-11.89861618,
3649356735,-11.90527542,
3649956695,-11.97592555,
3650556655,-12.22057311,
3651156615,-12.09751939,
3651756575,-12.13424222,
3652356535,-12.21938475,
3652956495,-12.01482115,
3653556455,-12.13991053,
3654156415,-12.16989147,
3654756375,-12.14870919,
3655356335,-12.15197767,
3655956295,-12.16628629,
3656556255,-12.09135183,
3657156215,-12.13025981,
3657756175,-12.07056947,
3658356135,-12.24410102,
3658956095,-12.00612717,
3659556055,-12.17414331,
3660156015,-12.15494091,
3660755975,-12.08779983,
3661355935,-12.28645273,
3661955895,-12.16142357,
3662555855,-12.11175852,
3663155815,-12.25485935,
3663755775,-12.05041439,
3664355735,-12.16937108,
3664955695,-12.18081621,
3665555655,-12.2039884,
3666155615,-12.25240052,
3666755575,-12.3154864,
3667355535,-12.13115541,
3667955495,-12.36393305,
3668555455,-12.21509808,
3669155415,-12.24089558,
3669755375,-12.14176235,
3670355335,-12.49234015,
3670955295,-12.23213265,
3671555255,-12.35632659,
3672155215,-12.40666366,
3672755175,-12.26351095,
3673355135,-12.34009743,
3673955095,-12.37207191,
3674555055,-12.35389199,
3675155015,-12.2482784,
3675754975,-12.37482878,
3676354935,-12.29514859,
3676954895,-12.31551356,
3677554855,-12.43560236,
3678154815,-12.50452293,
3678754775,-12.22839986,
3679354735,-12.33924433,
3679954695,-12.5584735,
3680554655,-12.3268777,
3681154615,-12.40529366,
3681754575,-12.41588044,
3682354535,-12.36562205,
3682954495,-12.45186229,
3683554455,-12.3932467,
3684154415,-12.41152436,
3684754375,-12.61210481,
3685354335,-12.34573796,
3685954295,-12.43612399,
3686554255,-12.3529447,
3687154215,-12.41042644,
3687754175,-12.29067312,
3688354135,-12.41103687,
3688954095,-12.59517571,
3689554055,-12.35141204,
3690154015,-12.43088657,
3690753975,-12.49474243,
3691353935,-12.56243539,
3691953895,-12.41664501,
3692553855,-12.57901005,
3693153815,-12.45951054,
3693753774,-12.49147212,
3694353734,-12.52675886,
3694953694,-12.56613064,
3695553654,-12.52091864,
3696153614,-12.38636675,
3696753574,-12.42924432,
3697353534,-12.54852661,
3697953494,-12.57124432,
3698553454,-12.61432624,
3699153414,-12.6043958,
3699753374,-12.50256996,
3700353334,-12.47511243,
3700953294,-12.72631526,
3701553254,-12.48506761,
3702153214,-12.52553178,
3702753174,-12.47655917,
3703353134,-12.47668196,
3703953094,-12.59211328,
3704553054,-12.56699622,
3705153014,-12.35089091,
3705752974,-12.58192509,
3706352934,-12.45146415,
3706952894,-12.56948929,
3707552854,-12.56627685,
3708152814,-12.46939332,
3708752774,-12.3776329,
3709352734,-12.4731737,
3709952694,-12.53076887,
3710552654,-12.56519242,
3711152614,-12.58519188,
3711752574,-12.49107801,
3712352534,-12.46401567,
3712952494,-12.37978188,
3713552454,-12.59969125,
3714152414,-12.54884208,
3714752374,-12.52641381,
3715352334,-12.42704067,
3715952294,-12.42809448,
3716552254,-12.47429642,
3717152214,-12.32180137,
3717752174,-12.44076232,
3718352134,-12.48168633,
3718952094,-12.49726472,
3719552054,-12.44139959,
3720152014,-12.36690606,
3720751974,-12.62938953,
3721351934,-12.37615303,
3721951894,-12.46385307,
3722551854,-12.33172071,
3723151814,-12.45942081,
3723751774,-12.37135745,
3724351734,-12.48351494,
3724951694,-12.38420206,
3725551654,-12.58335554,
3726151614,-12.4808033,
3726751574,-12.32107336,
3727351534,-12.57460149,
3727951494,-12.3905105,
3728551454,-12.34072411,
3729151414,-12.45724375,
3729751374,-12.52240242,
3730351334,-12.4793922,
3730951294,-12.46573912,
3731551254,-12.40774328,
3732151214,-12.52455636,
3732751174,-12.61627311,
3733351134,-12.55807272,
3733951094,-12.31285507,
3734551054,-12.33522542,
3735151014,-12.56771879,
3735750974,-12.3620921,
3736350934,-12.46798271,
3736950894,-12.33624115,
3737550854,-12.38869578,
3738150814,-12.49067909,
3738750774,-12.49341312,
3739350734,-12.31841668,
3739950694,-12.38512533,
3740550654,-12.36459975,
3741150614,-12.4208583,
3741750574,-12.39084629,
3742350534,-12.3273355,
3742950494,-12.2337681,
3743550454,-12.43731834,
3744150414,-12.28217132,
3744750374,-12.20487285,
3745350334,-12.11495772,
3745950294,-12.33152286,
3746550254,-12.40796622,
3747150214,-12.2206609,
3747750174,-12.26884665,
3748350134,-12.39740414,
3748950094,-12.41999,
3749550054,-12.26487109,
3750150014,-12.35672289,
3750749974,-12.45519227,
3751349934,-12.13359715,
3751949894,-12.24423208,
3752549854,-12.0229576,
3753149814,-12.20289282,
3753749774,-12.15922731,
3754349734,-12.22718246,
3754949694,-12.21133873,
3755549654,-12.19896883,
3756149614,-12.18462104,
3756749574,-12.03338614,
3757349534,-12.16086216,
3757949494,-11.94501828,
3758549454,-12.06239205,
3759149414,-12.3133797,
3759749374,-12.00772232,
3760349334,-12.12397271,
3760949294,-12.20516906,
3761549254,-12.09523604,
3762149214,-12.33918067,
3762749174,-12.17919422,
3763349134,-12.05236137,
3763949094,-12.03200009,
3764549054,-12.06000511,
3765149014,-11.95847323,
3765748974,-12.09352351,
3766348934,-12.1451571,
3766948894,-12.10192831,
3767548854,-12.19519977,
3768148814,-12.09719151,
3768748774,-11.81670773,
3769348734,-12.00466555,
3769948694,-11.94785391,
3770548654,-11.97022426,
3771148614,-11.99890855,
3771748574,-12.06787764,
3772348534,-12.229654,
3772948494,-11.93340452,
3773548454,-12.17213196,
3774148414,-12.16287627,
3774748374,-12.17804951,
3775348334,-11.92395916,
3775948294,-12.17484889,
3776548254,-12.03051708,
3777148214,-11.9370061,
3777748174,-11.97782441,
3778348134,-12.06372794,
3778948094,-12.07045409,
3779548054,-12.01498655,
3780148014,-12.09221912,
3780747974,-12.16767062,
3781347934,-12.14511032,
3781947894,-11.87991473,
3782547854,-11.82008839,
3783147814,-11.85047401,
3783747774,-11.84517233,
3784347734,-12.0341902,
3784947694,-11.98246379,
3785547654,-11.84435748,
3786147614,-12.09695758,
3786747574,-12.02326061,
3787347534,-11.91330801,
3787947494,-12.07031576,
3788547454,-11.94404479,
3789147414,-11.84378924,
3789747374,-11.98979067,
3790347334,-12.01265537,
3790947294,-11.85853436,
3791547254,-11.88977186,
3792147214,-11.93329774,
3792747174,-11.9129834,
3793347134,-11.88014718,
3793947094,-12.00542711,
3794547054,-11.85339073,
3795147014,-11.98780569,
3795746974,-11.90990084,
3796346934,-11.95693837,
3796946894,-12.05530136,
3797546854,-11.94356507,
3798146814,-11.90232466,
3798746774,-11.87654686,
3799346734,-11.88449642,
3799946694,-11.79374024,
3800546654,-11.91290631,
3801146614,-11.84994294,
3801746574,-11.86149003,
3802346534,-11.75791167,
3802946494,-11.80571162,
3803546454,-11.75417525,
3804146414,-11.90087578,
3804746374,-12.10320356,
3805346334,-11.77231161,
3805946294,-11.9998612,
3806546254,-11.97758295,
3807146214,-11.95879723,
3807746174,-11.74797616,
3808346134,-12.08796901,
3808946094,-11.9537863,
3809546054,-11.77423159,
3810146014,-11.92711692,
3810745974,-11.82940292,
3811345934,-11.9582466,
3811945894,-12.07347462,
3812545854,-11.87411042,
3813145814,-11.862536,
3813745774,-11.95996423,
3814345734,-11.95925577,
3814945694,-11.96067554,
3815545654,-12.01826356,
3816145614,-12.13378913,
3816745574,-12.03849949,
3817345534,-11.90790249,
3817945494,-12.27497232,
3818545454,-11.93546244,
3819145414,-11.96938723,
3819745374,-11.85335257,
3820345334,-12.00566097,
3820945294,-11.92060037,
3821545254,-11.91739806,
3822145214,-11.77457098,
3822745174,-11.7426764,
3823345134,-11.86171231,
3823945094,-12.00307049,
3824545054,-12.28941775,
3825145014,-11.97261354,
3825744974,-11.85153054,
3826344934,-11.8176608,
3826944894,-11.97037941,
3827544854,-11.86120122,
3828144814,-12.03632552,
3828744774,-11.8892708,
3829344734,-11.80576716,
3829944694,-11.97081582,
3830544654,-11.91100954,
3831144614,-11.8580771,
3831744574,-11.88510001,
3832344534,-11.92678401,
3832944494,-11.85176881,
3833544454,-12.02129625,
3834144414,-11.88376602,
3834744374,-11.7840475,
3835344334,-11.95912085,
3835944294,-12.01575475,
3836544254,-11.9390524,
3837144214,-12.11640709,
3837744174,-11.94341401,
3838344134,-12.14241028,
3838944094,-11.99985613,
3839544054,-12.04524478,
3840144014,-11.92059035,
3840743974,-11.79609284,
3841343934,-12.10739698,
3841943894,-12.06556589,
3842543854,-12.06701233,
3843143814,-11.95394557,
3843743774,-12.03503652,
3844343734,-11.87762926,
3844943694,-11.86968828,
3845543654,-12.06764278,
3846143614,-12.1697729,
3846743574,-11.92726043,
3847343533,-11.9429379,
3847943493,-12.04580271,
3848543453,-12.09902113,
3849143413,-12.07942943,
3849743373,-12.06585854,
3850343333,-11.96208936,
3850943293,-11.99511586,
3851543253,-11.97846546,
3852143213,-12.03565128,
3852743173,-12.12840647,
3853343133,-12.02002772,
3853943093,-12.0572013,
3854543053,-12.10666208,
3855143013,-12.07017194,
3855742973,-11.93576658,
3856342933,-11.94001859,
3856942893,-12.05815962,
3857542853,-12.2271466,
3858142813,-12.15747949,
3858742773,-12.1010884,
3859342733,-12.13841295,
3859942693,-12.05697194,
3860542653,-11.97136967,
3861142613,-12.04907776,
3861742573,-12.10435274,
3862342533,-12.17335303,
3862942493,-11.99742171,
3863542453,-12.05252591,
3864142413,-11.97627538,
3864742373,-12.11977298,
3865342333,-12.1513153,
3865942293,-12.16557952,
3866542253,-12.10821447,
3867142213,-12.1687701,
3867742173,-12.11913361,
3868342133,-12.35109928,
3868942093,-12.33588248,
3869542053,-12.20909006,
3870142013,-12.26561376,
3870741973,-12.34868046,
3871341933,-12.20120547,
3871941893,-12.29610419,
3872541853,-12.14055616,
3873141813,-12.11737057,
3873741773,-12.3989965,
3874341733,-12.3205846,
3874941693,-12.25691089,
3875541653,-12.32662082,
3876141613,-12.36174511,
3876741573,-12.21132435,
3877341533,-12.3128266,
3877941493,-12.32087335,
3878541453,-12.35767789,
3879141413,-12.39631884,
3879741373,-12.21915893,
3880341333,-12.2459393,
3880941293,-12.45231487,
3881541253,-12.25443311,
3882141213,-12.34965418,
3882741173,-12.39919599,
3883341133,-12.21504404,
3883941093,-12.18808409,
3884541053,-12.25696925,
3885141013,-12.49412986,
3885740973,-12.38832993,
3886340933,-12.47843176,
3886940893,-12.43713081,
3887540853,-12.46494813,
3888140813,-12.59879691,
3888740773,-12.56198322,
3889340733,-12.47243196,
3889940693,-12.49618226,
3890540653,-12.41818416,
3891140613,-12.64869574,
3891740573,-12.40667322,
3892340533,-12.51293543,
3892940493,-12.55869505,
3893540453,-12.60127433,
3894140413,-12.76701637,
3894740373,-12.38836133,
3895340333,-12.53898289,
3895940293,-12.55834322,
3896540253,-12.57426014,
3897140213,-12.70053584,
3897740173,-12.58165419,
3898340133,-12.52357762,
3898940093,-12.73546543,
3899540053,-12.52644757,
3900140013,-12.58118593,
3900739973,-12.66997516,
3901339933,-12.78282936,
3901939893,-12.54457522,
3902539853,-12.74800233,
3903139813,-12.69061587,
3903739773,-12.81488118,
3904339733,-12.57011985,
3904939693,-12.88474375,
3905539653,-12.70598072,
3906139613,-12.87598077,
3906739573,-12.77968223,
3907339533,-12.74919317,
3907939493,-12.80570746,
3908539453,-13.0030291,
3909139413,-12.86318676,
3909739373,-12.90966223,
3910339333,-12.84683696,
3910939293,-12.87408276,
3911539253,-12.88410316,
3912139213,-12.90763274,
3912739173,-12.92056147,
3913339133,-12.79159744,
3913939093,-12.84314046,
3914539053,-12.78231089,
3915139013,-12.98124152,
3915738973,-12.96709938,
3916338933,-13.01866578,
3916938893,-13.1140312,
3917538853,-13.03626573,
3918138813,-12.98180729,
3918738773,-13.08026739,
3919338733,-13.14201686,
3919938693,-13.08672226,
3920538653,-12.96162044,
3921138613,-13.0268471,
3921738573,-12.94330282,
3922338533,-13.14717416,
3922938493,-13.2595992,
3923538453,-13.04275439,
3924138413,-13.25200248,
3924738373,-13.31010364,
3925338333,-13.09724734,
3925938293,-13.1848516,
3926538253,-13.20258272,
3927138213,-13.22866871,
3927738173,-13.09484472,
3928338133,-13.31746647,
3928938093,-13.36789844,
3929538053,-13.32675648,
3930138013,-13.25150335,
3930737973,-13.1514578,
3931337933,-13.25716915,
3931937893,-13.49415566,
3932537853,-13.53168226,
3933137813,-13.40084217,
3933737773,-13.43962631,
3934337733,-13.55602327,
3934937693,-13.51367542,
3935537653,-13.45849963,
3936137613,-13.42995095,
3936737573,-13.44320713,
3937337533,-13.40390011,
3937937493,-13.57765283,
3938537453,-13.42330443,
3939137413,-13.31140871,
3939737373,-13.50388465,
3940337333,-13.49923674,
3940937293,-13.31664623,
3941537253,-13.74128478,
3942137213,-13.67348304,
3942737173,-13.53798538,
3943337133,-13.75970157,
3943937093,-13.54566736,
3944537053,-13.5758937,
3945137013,-13.62658737,
3945736973,-13.64404043,
3946336933,-13.48954529,
3946936893,-13.61774343,
3947536853,-13.61381663,
3948136813,-13.47467702,
3948736773,-13.58553181,
3949336733,-13.96467409,
3949936693,-13.76771831,
3950536653,-13.72987524,
3951136613,-13.63809,
3951736573,-13.91885781,
3952336533,-13.80974485,
3952936493,-13.73017659,
3953536453,-13.84595232,
3954136413,-13.52984035,
3954736373,-13.92826383,
3955336333,-13.77274922,
3955936293,-13.89212564,
3956536253,-13.66835795,
3957136213,-13.77905118,
3957736173,-13.74390649,
3958336133,-13.79725095,
3958936093,-13.79701078,
3959536053,-13.86561472,
3960136013,-13.85370818,
3960735973,-13.79837018,
3961335933,-13.93753151,
3961935893,-13.94023783,
3962535853,-14.01933966,
3963135813,-13.95175642,
3963735773,-13.923786,
3964335733,-13.93777418,
3964935693,-13.95999783,
3965535653,-13.6647096,
3966135613,-14.13709662,
3966735573,-13.94477739,
3967335533,-13.82505137,
3967935493,-14.15507244,
3968535453,-14.0322405,
3969135413,-14.16360339,
3969735373,-14.04719129,
3970335333,-13.75311195,
3970935293,-13.84495232,
3971535253,-13.89565695,
3972135213,-13.98679415,
3972735173,-13.89880741,
3973335133,-14.0584518,
3973935093,-13.95476728,
3974535053,-14.19097267,
3975135013,-14.03237827,
3975734973,-13.94913174,
3976334933,-13.99580988,
3976934893,-13.77270858,
3977534853,-14.13041834,
3978134813,-14.17874843,
3978734773,-13.95697602,
3979334733,-13.84876653,
3979934693,-13.86456284,
3980534653,-14.06997183,
3981134613,-13.97199885,
3981734573,-13.92190415,
3982334533,-13.8005795,
3982934493,-13.9411358,
3983534453,-13.92274294,
3984134413,-13.89780799,
3984734373,-14.02948154,
3985334333,-14.14623072,
3985934293,-14.109392,
3986534253,-13.90007559,
3987134213,-13.80029051,
3987734173,-14.07837238,
3988334133,-14.03499291,
3988934093,-13.99207595,
3989534053,-13.94037961,
3990134013,-13.92475888,
3990733973,-14.07127625,
3991333933,-14.05427772,
3991933893,-13.89866276,
3992533853,-14.02165896,
3993133813,-13.75432627,
3993733773,-14.12134465,
3994333733,-14.04555626,
3994933693,-13.90607574,
3995533653,-13.91256681,
3996133613,-13.71584144,
3996733573,-13.76882663,
3997333533,-14.2084917,
3997933493,-13.75483448,
3998533453,-13.87909032,
3999133413,-13.95283148,
3999733373,-13.88431373,
4000333333,-14.07960945,
4000933293,-13.73742072,
4001533253,-13.82790148,
4002133212,-13.63642266,
4002733172,-13.84308282,
4003333132,-13.97392194,
4003933092,-13.71683034,
4004533052,-14.16479217,
4005133012,-13.83039367,
4005732972,-13.97385722,
4006332932,-13.9694197,
4006932892,-13.79630201,
4007532852,-13.81497808,
4008132812,-13.67677634,
4008732772,-13.9021439,
4009332732,-13.85090552,
4009932692,-13.8112203,
4010532652,-13.85231941,
4011132612,-13.84600863,
4011732572,-13.69170289,
4012332532,-13.84452496,
4012932492,-13.64219893,
4013532452,-13.94619978,
4014132412,-13.84965652,
4014732372,-13.78073099,
4015332332,-13.73048232,
4015932292,-13.56970771,
4016532252,-13.72748648,
4017132212,-13.51318415,
4017732172,-13.66144933,
4018332132,-13.51579103,
4018932092,-13.71958069,
4019532052,-13.74257836,
4020132012,-13.61760868,
4020731972,-13.48368749,
4021331932,-13.6102944,
4021931892,-13.90532983,
4022531852,-13.74557053,
4023131812,-13.73843,
4023731772,-13.61117173,
4024331732,-13.45920082,
4024931692,-13.68293372,
4025531652,-13.74170677,
4026131612,-13.6116768,
4026731572,-13.49586704,
4027331532,-13.40459482,
4027931492,-13.44188101,
4028531452,-13.66026816,
4029131412,-13.47861815,
4029731372,-13.54344701,
4030331332,-13.50849173,
4030931292,-13.3567105,
4031531252,-13.47318496,
4032131212,-13.48377683,
4032731172,-13.49008668,
4033331132,-13.5808073,
4033931092,-13.38382855,
4034531052,-13.37134365,
4035131012,-13.44204688,
4035730972,-13.52980795,
4036330932,-13.45995925,
4036930892,-13.4852373,
4037530852,-13.41806008,
4038130812,-13.26004681,
4038730772,-13.56674534,
4039330732,-13.29583839,
4039930692,-13.36218226,
4040530652,-13.28220498,
4041130612,-13.51590003,
4041730572,-13.45157066,
4042330532,-13.37241933,
4042930492,-13.35322796,
4043530452,-13.23759461,
4044130412,-13.34990085,
4044730372,-13.10757851,
4045330332,-13.30743218,
4045930292,-13.27962268,
4046530252,-13.31797757,
4047130212,-13.44392351,
4047730172,-13.33512672,
4048330132,-13.14615321,
4048930092,-13.17034644,
4049530052,-13.26127053,
4050130012,-13.221142,
4050729972,-13.24695807,
4051329932,-13.11791018,
4051929892,-12.96878416,
4052529852,-13.25103076,
4053129812,-13.22739998,
4053729772,-13.33262371,
4054329732,-13.16605808,
4054929692,-13.15490977,
4055529652,-13.23121711,
4056129612,-13.20365404,
4056729572,-13.11488142,
4057329532,-13.04721707,
4057929492,-13.16273543,
4058529452,-13.18369103,
4059129412,-13.07819747,
4059729372,-13.17649477,
4060329332,-13.12614341,
4060929292,-13.22607552,
4061529252,-12.98958856,
4062129212,-13.08313515,
4062729172,-13.05735844,
4063329132,-13.04892254,
4063929092,-12.97240008,
4064529052,-12.94464805,
4065129012,-13.13892516,
4065728972,-12.90640327,
4066328932,-12.96829051,
4066928892,-13.15737909,
4067528852,-13.00131255,
4068128812,-12.94353452,
4068728772,-13.14716498,
4069328732,-13.06419191,
4069928692,-13.09995671,
4070528652,-12.76522133,
4071128612,-13.00161929,
4071728572,-12.91568662,
4072328532,-13.07415085,
4072928492,-12.92861548,
4073528452,-12.91626316,
4074128412,-12.83250569,
4074728372,-13.08079959,
4075328332,-12.82148247,
4075928292,-12.95959332,
4076528252,-13.12220168,
4077128212,-12.87497076,
4077728172,-12.76731909,
4078328132,-12.88330458,
4078928092,-12.97319607,
4079528052,-12.93781944,
4080128012,-12.91254621,
4080727972,-12.90608157,
4081327932,-12.85837502,
4081927892,-12.92643274,
4082527852,-12.92964543,
4083127812,-12.92961271,
4083727772,-12.97106125,
4084327732,-12.81873433,
4084927692,-12.78753374,
4085527652,-12.69311298,
4086127612,-12.77406602,
4086727572,-12.8019119,
4087327532,-12.89402246,
4087927492,-12.91470786,
4088527452,-12.74654066,
4089127412,-12.92587603,
4089727372,-12.89471351,
4090327332,-12.71589052,
4090927292,-12.81543259,
4091527252,-12.84782085,
4092127212,-12.77079512,
4092727172,-12.91507052,
4093327132,-12.74099531,
4093927092,-12.84070944,
4094527052,-12.87966598,
4095127012,-12.93571928,
4095726972,-12.86038636,
4096326932,-12.8936292,
4096926892,-12.84271765,
4097526852,-12.86832603,
4098126812,-12.81628525,
4098726772,-12.77055803,
4099326732,-12.93313352,
4099926692,-12.80979538,
4100526652,-12.74892997,
4101126612,-12.94159162,
4101726572,-12.79009312,
4102326532,-12.99185543,
4102926492,-12.74305011,
4103526452,-12.71783006,
4104126412,-12.6965523,
4104726372,-12.89454444,
4105326332,-12.76629884,
4105926292,-12.82340473,
4106526252,-12.94996041,
4107126212,-12.85663144,
4107726172,-12.84250421,
4108326132,-12.85483035,
4108926092,-12.86464092,
4109526052,-12.81977828,
4110126012,-12.84569276,
4110725972,-12.7792958,
4111325932,-12.93716389,
4111925892,-12.66970306,
4112525852,-12.85788556,
4113125812,-12.78978611,
4113725772,-12.88176211,
4114325732,-12.83367971,
4114925692,-12.81877994,
4115525652,-12.72269662,
4116125612,-12.81533092,
4116725572,-12.92034774,
4117325532,-12.76135145,
4117925492,-12.77919386,
4118525452,-12.68897776,
4119125412,-12.81112451,
4119725372,-12.81130649,
4120325332,-12.71629382,
4120925292,-12.70230082,
4121525252,-12.80037769,
4122125212,-12.8223029,
4122725172,-12.72045102,
4123325132,-12.90544252,
4123925092,-12.99928215,
4124525052,-12.82354765,
4125125012,-12.71007704,
4125724972,-12.90267974,
4126324932,-12.95539938,
4126924892,-12.95172392,
4127524852,-12.92249739,
4128124812,-12.66927387,
4128724772,-12.90822772,
4129324732,-12.91760754,
4129924692,-12.77153498,
4130524652,-12.88907784,
4131124612,-12.9869687,
4131724572,-12.68982568,
4132324532,-12.96744617,
4132924492,-12.85063393,
4133524452,-13.07353055,
4134124412,-12.96932955,
4134724372,-12.68372503,
4135324332,-12.93897782,
4135924292,-13.00076687,
4136524252,-13.03388209,
4137124212,-12.88740542,
4137724172,-12.96606818,
4138324132,-13.04354402,
4138924092,-12.89649497,
4139524052,-13.06033247,
4140124012,-12.97888719,
4140723972,-12.94286012,
4141323932,-12.95014501,
4141923892,-13.08679793,
4142523852,-13.02486426,
4143123812,-12.97425921,
4143723772,-13.20451066,
4144323732,-13.00995713,
4144923692,-12.8837089,
4145523652,-12.95939293,
4146123612,-13.0451979,
4146723572,-13.06842947,
4147323532,-13.21501222,
4147923492,-13.00039155,
4148523452,-13.11081805,
4149123412,-13.14902495,
4149723372,-13.10136252,
4150323332,-13.08815266,
4150923292,-13.11627259,
4151523252,-13.09620512,
4152123212,-13.43441118,
4152723172,-13.24458653,
4153323132,-13.19087327,
4153923092,-13.51877349,
4154523052,-13.3140341,
4155123012,-13.27059538,
4155722971,-13.11239391,
4156322931,-13.39196836,
4156922891,-13.10328998,
4157522851,-13.25658351,
4158122811,-13.27460845,
4158722771,-13.40404997,
4159322731,-13.35038279,
4159922691,-13.32227535,
4160522651,-13.37636016,
4161122611,-13.57528462,
4161722571,-13.4163482,
4162322531,-13.41443297,
4162922491,-13.59459857,
4163522451,-13.54596672,
4164122411,-13.58555963,
4164722371,-13.42071237,
4165322331,-13.44238319,
4165922291,-13.5628117,
4166522251,-13.49393766,
4167122211,-13.60325442,
4167722171,-13.6115822,
4168322131,-13.66416185,
4168922091,-13.6020613,
4169522051,-13.76838598,
4170122011,-13.78107525,
4170721971,-13.79648482,
4171321931,-13.81564563,
4171921891,-13.71885919,
4172521851,-13.9529493,
4173121811,-13.92303603,
4173721771,-13.90112123,
4174321731,-13.60956355,
4174921691,-13.73635931,
4175521651,-13.92287956,
4176121611,-14.0981347,
4176721571,-13.75613755,
4177321531,-13.7861467,
4177921491,-13.8789274,
4178521451,-13.95062443,
4179121411,-14.09159807,
4179721371,-13.88078253,
4180321331,-13.94236944,
4180921291,-14.1576747,
4181521251,-14.25249973,
4182121211,-14.0263507,
4182721171,-14.21673062,
4183321131,-14.1631328,
4183921091,-14.09398901,
4184521051,-14.11793652,
4185121011,-14.29959745,
4185720971,-14.0981186,
4186320931,-14.18039269,
4186920891,-14.14714644,
4187520851,-14.07095001,
4188120811,-14.39366896,
4188720771,-14.08475616,
4189320731,-14.46895727,
4189920691,-14.37749581,
4190520651,-14.50427899,
4191120611,-14.36896097,
4191720571,-14.66298734,
4192320531,-14.47466821,
4192920491,-14.6345639,
4193520451,-14.63880643,
4194120411,-14.60131893,
4194720371,-14.40727163,
4195320331,-14.75604521,
4195920291,-14.51536012,
4196520251,-14.77360145,
4197120211,-15.00803012,
4197720171,-14.64927467,
4198320131,-14.68509599,
4198920091,-14.73173191,
4199520051,-14.80507727,
4200120011,-14.93018553,
4200719971,-14.69619177,
4201319931,-14.91844297,
4201919891,-14.88922,
4202519851,-14.82517584,
4203119811,-14.92005694,
4203719771,-15.15790084,
4204319731,-15.07079146,
4204919691,-14.93536269,
4205519651,-14.97377042,
4206119611,-15.01356009,
4206719571,-14.95600983,
4207319531,-15.2202695,
4207919491,-15.21514912,
4208519451,-15.33390432,
4209119411,-15.19262402,
4209719371,-15.2790682,
4210319331,-15.16450352,
4210919291,-14.98488759,
4211519251,-15.32764554,
4212119211,-15.3469309,
4212719171,-15.14723606,
4213319131,-15.10709253,
4213919091,-15.33985495,
4214519051,-15.28216301,
4215119011,-15.37405013,
4215718971,-15.29013649,
4216318931,-15.10809637,
4216918891,-15.43144453,
4217518851,-15.41541166,
4218118811,-15.45244772,
4218718771,-15.34482378,
4219318731,-15.28183623,
4219918691,-15.31562958,
4220518651,-15.3828931,
4221118611,-15.68274823,
4221718571,-15.45385912,
4222318531,-15.3708559,
4222918491,-15.81368826,
4223518451,-15.54045943,
4224118411,-15.65383536,
4224718371,-15.44891365,
4225318331,-15.36825588,
4225918291,-15.69889288,
4226518251,-15.80459828,
4227118211,-15.79074547,
4227718171,-15.66636775,
4228318131,-15.62414402,
4228918091,-15.56207078,
4229518051,-15.66072366,
4230118011,-15.68859436,
4230717971,-15.84307366,
4231317931,-15.70545858,
4231917891,-15.82987837,
4232517851,-15.7440062,
4233117811,-16.02042335,
4233717771,-15.65173616,
4234317731,-15.71267991,
4234917691,-16.02934777,
4235517651,-15.95301355,
4236117611,-16.0380774,
4236717571,-15.87615194,
4237317531,-15.81543231,
4237917491,-15.83828152,
4238517451,-15.77539471,
4239117411,-15.84460094,
4239717371,-15.86337252,
4240317331,-15.57273265,
4240917291,-15.74872301,
4241517251,-15.85232722,
4242117211,-15.85191814,
4242717171,-15.81410121,
4243317131,-15.79010033,
4243917091,-15.78115434,
4244517051,-15.73143361,
4245117011,-15.71562578,
4245716971,-15.92324829,
4246316931,-15.94278577,
4246916891,-15.96592455,
4247516851,-16.20433112,
4248116811,-15.77675974,
4248716771,-15.67944081,
4249316731,-15.7121501,
4249916691,-15.93986918,
4250516651,-15.86293194,
4251116611,-15.69804576,
4251716571,-15.82738319,
4252316531,-15.4802448,
4252916491,-15.99809646,
4253516451,-15.80137233,
4254116411,-15.97896862,
4254716371,-15.98461979,
4255316331,-15.85420382,
4255916291,-15.95352517,
4256516251,-15.82184925,
4257116211,-16.04453139,
4257716171,-16.04902253,
4258316131,-15.86486116,
4258916091,-15.65904128,
4259516051,-15.7397742,
4260116011,-15.54420519,
4260715971,-15.87650496,
4261315931,-15.59238701,
4261915891,-15.76473331,
4262515851,-16.05172384,
4263115811,-16.01903674,
4263715771,-15.70800063,
4264315731,-15.53668185,
4264915691,-15.90072993,
4265515651,-15.7462301,
4266115611,-15.90745829,
4266715571,-15.83870835,
4267315531,-15.60776485,
4267915491,-15.66442888,
4268515451,-15.70532657,
4269115411,-15.81897133,
4269715371,-15.76191998,
4270315331,-15.62006522,
4270915291,-15.55981146,
4271515251,-15.81108744,
4272115211,-15.94036413,
4272715171,-15.63265479,
4273315131,-15.67866825,
4273915091,-15.589636,
4274515051,-15.57323957,
4275115011,-15.72683912,
4275714971,-15.65177941,
4276314931,-15.60194913,
4276914891,-15.51187481,
4277514851,-15.56713959,
4278114811,-15.53864596,
4278714771,-15.57677038,
4279314731,-15.41586476,
4279914691,-15.57924624,
4280514651,-15.60065765,
4281114611,-15.30878369,
4281714571,-15.72727277,
4282314531,-15.58390667,
4282914491,-15.31791738,
4283514451,-15.46970591,
4284114411,-15.50191894,
4284714371,-15.49657459,
4285314331,-15.29105538,
4285914291,-15.28450135,
4286514251,-15.60149937,
4287114211,-15.21643827,
4287714171,-15.46512884,
4288314131,-15.36620848,
4288914091,-15.23694881,
4289514051,-15.48183105,
4290114011,-15.16233689,
4290713971,-15.17382558,
4291313931,-15.14133959,
4291913891,-15.48929563,
4292513851,-15.16492581,
4293113811,-15.52511357,
4293713771,-15.14954138,
4294313731,-15.41645156,
4294913691,-15.22518598,
4295513651,-15.23038949,
4296113611,-15.10194737,
4296713571,-15.09828287,
4297313531,-15.26451614,
4297913491,-15.27309382,
4298513451,-14.88785966,
4299113411,-14.90718557,
4299713371,-15.2473771,
4300313331,-15.09999373,
4300913291,-14.89075433,
4301513251,-14.9601571,
4302113211,-14.96030427,
4302713171,-15.09199844,
4303313131,-14.99475964,
4303913091,-15.02174548,
4304513051,-14.79211984,
4305113011,-14.8298823,
4305712971,-14.94405421,
4306312931,-14.91183508,
4306912891,-15.06680995,
4307512851,-14.88598326,
4308112811,-14.71707709,
4308712771,-14.80278497,
4309312730,-14.77042928,
4309912690,-14.64695681,
4310512650,-14.64295515,
4311112610,-14.81804127,
4311712570,-14.70871758,
4312312530,-14.53102962,
4312912490,-14.55753083,
4313512450,-14.64072224,
4314112410,-14.8592208,
4314712370,-14.69045638,
4315312330,-14.70468862,
4315912290,-14.69241506,
4316512250,-14.57721997,
4317112210,-14.57226311,
4317712170,-14.46552292,
4318312130,-14.62401851,
4318912090,-14.57148324,
4319512050,-14.53362792,
4320112010,-14.53378704,
4320711970,-14.57615549,
4321311930,-14.49762814,
4321911890,-14.55735937,
4322511850,-14.51392543,
4323111810,-14.67140971,
4323711770,-14.37501142,
4324311730,-14.32237165,
4324911690,-14.39464636,
4325511650,-14.28347172,
4326111610,-14.28153847,
4326711570,-14.48410217,
4327311530,-14.54370088,
4327911490,-14.34676269,
4328511450,-14.58126752,
4329111410,-14.44822502,
4329711370,-14.24608344,
4330311330,-14.37033025,
4330911290,-14.07203331,
4331511250,-14.36503428,
4332111210,-14.15484889,
4332711170,-14.37994029,
4333311130,-14.36370869,
4333911090,-14.39516283,
4334511050,-14.30846204,
4335111010,-14.08418856,
4335710970,-14.33718525,
4336310930,-14.07366831,
4336910890,-14.29302847,
4337510850,-14.24928928,
4338110810,-14.17788497,
4338710770,-14.17530155,
4339310730,-14.17509295,
4339910690,-14.2486236,
4340510650,-14.21732294,
4341110610,-13.97159896,
4341710570,-14.44316393,
4342310530,-14.20815576,
4342910490,-13.95429642,
4343510450,-14.13493964,
4344110410,-14.0804733,
4344710370,-14.1566047,
4345310330,-13.90050967,
4345910290,-14.04423871,
4346510250,-14.06381707,
4347110210,-14.00782376,
4347710170,-14.06596939,
4348310130,-14.06703922,
4348910090,-14.05684116,
4349510050,-13.97295266,
4350110010,-14.12824809,
4350709970,-14.00397017,
4351309930,-13.88574091,
4351909890,-14.09719639,
4352509850,-13.8907304,
4353109810,-13.99721186,
4353709770,-13.95094172,
4354309730,-14.08322949,
4354909690,-13.85768679,
4355509650,-14.04319979,
4356109610,-13.90290615,
4356709570,-14.04639929,
4357309530,-14.10289187,
4357909490,-13.90854704,
4358509450,-14.03407805,
4359109410,-13.90054152,
4359709370,-14.01595809,
4360309330,-13.81152859,
4360909290,-13.94356881,
4361509250,-13.8174229,
4362109210,-13.8108854,
4362709170,-14.00525041,
4363309130,-13.78547334,
4363909090,-13.97545932,
4364509050,-13.91847753,
4365109010,-13.97333419,
4365708970,-13.83094646,
4366308930,-13.87933211,
4366908890,-13.91141465,
4367508850,-13.87487001,
4368108810,-13.93007035,
4368708770,-13.8995384,
4369308730,-13.80913397,
4369908690,-13.73459185,
4370508650,-13.77271442,
4371108610,-13.87497587,
4371708570,-13.82566,
4372308530,-13.84254147,
4372908490,-13.80699284,
4373508450,-13.83550251,
4374108410,-13.73664632,
4374708370,-13.75216129,
4375308330,-13.94170617,
4375908290,-13.8002648,
4376508250,-13.77709356,
4377108210,-13.7455913,
4377708170,-13.975869,
4378308130,-13.8692364,
4378908090,-13.7854181,
4379508050,-13.74367433,
4380108010,-13.65920917,
4380707970,-13.80235002,
4381307930,-13.72279625,
4381907890,-13.6559848,
4382507850,-13.63700828,
4383107810,-13.71682608,
4383707770,-13.64495201,
4384307730,-13.83372151,
4384907690,-13.60859068,
4385507650,-13.67348793,
4386107610,-13.71043034,
4386707570,-13.72644452,
4387307530,-13.64704961,
4387907490,-13.77780523,
4388507450,-13.86411445,
4389107410,-13.85827137,
4389707370,-13.78334335,
4390307330,-13.78381649,
4390907290,-13.6630581,
4391507250,-13.64990755,
4392107210,-13.88787762,
4392707170,-13.78327891,
4393307130,-13.83297609,
4393907090,-13.70788098,
4394507050,-13.65647465,
4395107010,-13.81086713,
4395706970,-13.71900859,
4396306930,-13.75418468,
4396906890,-13.70725129,
4397506850,-13.70855907,
4398106810,-13.6730943,
4398706770,-13.76221408,
4399306730,-13.63641885,
4399906690,-13.7479484,
4400506650,-13.82361887,
4401106610,-13.84257004,
4401706570,-13.63582244,
4402306530,-13.7809443,
4402906490,-13.60896743,
4403506450,-13.86467537,
4404106410,-13.79359946,
4404706370,-13.67529476,
4405306330,-13.59191028,
4405906290,-13.65020934,
4406506250,-13.69791984,
4407106210,-13.78524332,
4407706170,-13.77889287,
4408306130,-13.61749233,
4408906090,-13.65864686,
4409506050,-13.53581133,
4410106010,-13.88064474,
4410705970,-13.61166572,
4411305930,-13.7516928,
4411905890,-14.07787525,
4412505850,-13.83867946,
4413105810,-13.97583689,
4413705770,-13.80542205,
4414305730,-13.78656367,
4414905690,-13.88589126,
4415505650,-13.99065513,
4416105610,-14.01287245,
4416705570,-13.86027473,
4417305530,-13.91616771,
4417905490,-13.91160676,
4418505450,-13.9877335,
4419105410,-13.93059203,
4419705370,-13.99585096,
4420305330,-13.97477246,
4420905290,-13.97450121,
4421505250,-14.07614566,
4422105210,-14.03705044,
4422705170,-13.93884203,
4423305130,-14.12216064,
4423905090,-13.97986395,
4424505050,-14.0780443,
4425105010,-14.16131104,
4425704970,-14.1590948,
4426304930,-14.15188163,
4426904890,-14.41572663,
4427504850,-14.1840569,
4428104810,-14.11164839,
4428704770,-14.24255902,
4429304730,-14.28242982,
4429904690,-14.36603304,
4430504650,-14.16497292,
4431104610,-14.30039645,
4431704570,-14.242148,
4432304530,-14.24430148,
4432904490,-14.19642287,
4433504450,-14.26367687,
4434104410,-14.42578216,
4434704370,-14.28530458,
4435304330,-14.14136511,
4435904290,-14.26612023,
4436504250,-14.41960187,
4437104210,-14.25161816,
4437704170,-14.47834431,
4438304130,-14.08786046,
4438904090,-14.38790416,
4439504050,-14.24767377,
4440104010,-14.53681617,
4440703970,-14.71014345,
4441303930,-14.31617868,
4441903890,-14.31560893,
4442503850,-14.52593019,
4443103810,-14.66676254,
4443703770,-14.49762308,
4444303730,-14.48230528,
4444903690,-14.53513239,
4445503650,-14.43240383,
4446103610,-14.76385452,
4446703570,-14.44605732,
4447303530,-14.8882589,
4447903490,-14.90843408,
4448503450,-14.67446062,
4449103410,-14.93765823,
4449703370,-14.92548367,
4450303330,-14.73235669,
4450903290,-14.98857322,
4451503250,-14.68261209,
4452103210,-14.84817051,
4452703170,-14.94736594,
4453303130,-14.95310133,
4453903090,-14.98576925,
4454503050,-14.74892455,
4455103010,-14.94287548,
4455702970,-15.0179058,
4456302930,-15.29927406,
4456902890,-14.94605014,
4457502850,-15.24035683,
4458102810,-15.2483425,
4458702770,-15.2260937,
4459302730,-15.30771988,
4459902690,-15.227439,
4460502650,-15.37182806,
4461102610,-15.2085067,
4461702570,-15.41165882,
4462302530,-15.32494134,
4462902489,-15.23046038,
4463502449,-15.44113552,
4464102409,-15.36505328,
4464702369,-15.47157253,
4465302329,-15.53443846,
4465902289,-15.21642416,
4466502249,-15.77820799,
4467102209,-15.69243145,
4467702169,-15.42729136,
4468302129,-15.52080949,
4468902089,-15.56333569,
4469502049,-15.82664392,
4470102009,-15.80329413,
4470701969,-15.93594476,
4471301929,-15.79179835,
4471901889,-15.6570658,
4472501849,-15.84607888,
4473101809,-15.74746,
4473701769,-15.75521072,
4474301729,-15.81367377,
4474901689,-15.94515976,
4475501649,-15.90856828,
4476101609,-15.86178154,
4476701569,-15.89530918,
4477301529,-15.86147777,
4477901489,-16.20259822,
4478501449,-16.04966243,
4479101409,-16.0081904,
4479701369,-15.90028042,
4480301329,-16.47388947,
4480901289,-16.08492854,
4481501249,-15.99040633,
4482101209,-16.29374631,
4482701169,-16.09566288,
4483301129,-16.06046694,
4483901089,-15.9673355,
4484501049,-16.21966193,
4485101009,-16.37628839,
4485700969,-15.89998773,
4486300929,-16.0688517,
4486900889,-16.21285055,
4487500849,-16.153099,
4488100809,-16.05941906,
4488700769,-16.16273028,
4489300729,-16.27452779,
4489900689,-16.00333745,
4490500649,-16.18672089,
4491100609,-16.08097942,
4491700569,-16.31672901,
4492300529,-16.34489132,
4492900489,-16.17544192,
4493500449,-16.34227372,
4494100409,-16.09137533,
4494700369,-16.22701739,
4495300329,-16.19013106,
4495900289,-16.39303071,
4496500249,-16.3471143,
4497100209,-16.31528241,
4497700169,-16.57097742,
4498300129,-16.42917049,
4498900089,-16.3750096,
4499500049,-16.01936894,
4500100009,-16.47906049,
4500699969,-16.45949164,
4501299929,-16.37971438,
4501899889,-16.37701337,
4502499849,-16.52371775,
4503099809,-16.60954253,
4503699769,-16.36403763,
4504299729,-16.54160978,
4504899689,-16.40898369,
4505499649,-16.44260438,
4506099609,-16.53189965,
4506699569,-16.64537842,
4507299529,-16.37976819,
4507899489,-16.53441824,
4508499449,-16.5599844,
4509099409,-16.49987405,
4509699369,-16.52491253,
4510299329,-16.63663601,
4510899289,-16.6667771,
4511499249,-16.40726455,
4512099209,-16.61540452,
4512699169,-16.67844403,
4513299129,-16.73456979,
4513899089,-16.54448713,
4514499049,-16.70176678,
4515099009,-16.68193214,
4515698969,-16.64023407,
4516298929,-16.53320705,
4516898889,-16.44089752,
4517498849,-16.55859342,
4518098809,-16.44468303,
4518698769,-16.70205845,
4519298729,-16.62780414,
4519898689,-16.54707988,
4520498649,-16.71478816,
4521098609,-16.54521993,
4521698569,-16.43431195,
4522298529,-16.58801879,
4522898489,-16.62297538,
4523498449,-16.60332891,
4524098409,-16.52980423,
4524698369,-16.55039705,
4525298329,-16.67240288,
4525898289,-16.65434222,
4526498249,-16.50096882,
4527098209,-16.58564305,
4527698169,-16.65007699,
4528298129,-16.55634842,
4528898089,-16.83248371,
4529498049,-16.70685497,
4530098009,-16.65587724,
4530697969,-16.51477011,
4531297929,-16.66565215,
4531897889,-16.50992885,
4532497849,-16.80362786,
4533097809,-16.45363381,
4533697769,-16.53447059,
4534297729,-16.62613189,
4534897689,-16.55309777,
4535497649,-16.47061626,
4536097609,-16.5265168,
4536697569,-16.61792509,
4537297529,-16.63709113,
4537897489,-16.42660394,
4538497449,-16.40970501,
4539097409,-16.74671515,
4539697369,-16.58556384,
4540297329,-16.43614213,
4540897289,-16.55066605,
4541497249,-16.49437417,
4542097209,-16.39983511,
4542697169,-16.40441518,
4543297129,-16.40739635,
4543897089,-16.44262225,
4544497049,-16.53427707,
4545097009,-16.55067771,
4545696969,-16.61134621,
4546296929,-16.42958236,
4546896889,-16.5497929,
4547496849,-16.52549204,
4548096809,-16.60252999,
4548696769,-16.36945142,
4549296729,-16.72031682,
4549896689,-16.43327509,
4550496649,-16.31422739,
4551096609,-16.48834028,
4551696569,-16.30290771,
4552296529,-16.26795621,
4552896489,-16.36124009,
4553496449,-16.44057802,
4554096409,-16.45164816,
4554696369,-16.60905561,
4555296329,-16.3895267,
4555896289,-16.51569144,
4556496249,-16.31884581,
4557096209,-16.37134423,
4557696169,-16.33109547,
4558296129,-16.34500743,
4558896089,-16.39321209,
4559496049,-16.3914544,
4560096009,-16.32929005,
4560695969,-16.52023966,
4561295929,-16.5403087,
4561895889,-16.19542984,
4562495849,-16.37247739,
4563095809,-16.06701175,
4563695769,-16.29901217,
4564295729,-16.30532176,
4564895689,-16.35128852,
4565495649,-16.24659876,
4566095609,-16.23635217,
4566695569,-16.1911021,
4567295529,-16.31535618,
4567895489,-16.20705787,
4568495449,-16.41855311,
4569095409,-16.20468215,
4569695369,-16.34293979,
4570295329,-16.20377971,
4570895289,-16.14943277,
4571495249,-16.18442924,
4572095209,-16.22541818,
4572695169,-16.4474325,
4573295129,-16.24608863,
4573895089,-16.23326024,
4574495049,-16.16822566,
4575095009,-16.22083428,
4575694969,-15.97824485,
4576294929,-16.335016,
4576894889,-16.11635561,
4577494849,-16.05169031,
4578094809,-16.16442239,
4578694769,-16.00382833,
4579294729,-16.14101543,
4579894689,-16.14956162,
4580494649,-16.06723011,
4581094609,-16.34504486,
4581694569,-16.30935107,
4582294529,-16.24795194,
4582894489,-16.18677514,
4583494449,-16.13513209,
4584094409,-16.19753349,
4584694369,-16.29533425,
4585294329,-16.37183248,
4585894289,-16.15420377,
4586494249,-15.94638964,
4587094209,-16.07604155,
4587694169,-16.22215603,
4588294129,-16.01766579,
4588894089,-16.42058382,
4589494049,-15.94925147,
4590094009,-16.26189727,
4590693969,-16.04159982,
4591293929,-15.98993332,
4591893889,-16.14553661,
4592493849,-16.00113799,
4593093809,-16.14475073,
4593693769,-15.91343814,
4594293729,-16.00631345,
4594893689,-16.06688126,
4595493649,-16.08713602,
4596093609,-16.14123435,
4596693569,-16.17528481,
4597293529,-15.9162387,
4597893489,-16.06734775,
4598493449,-16.04324939,
4599093409,-15.98264014,
4599693369,-16.04412571,
4600293329,-16.09991642,
4600893289,-15.96430142,
4601493249,-16.13004696,
4602093209,-15.95331664,
4602693169,-15.94019619,
4603293129,-15.8991851,
4603893089,-15.92250594,
4604493049,-15.73013656,
4605093009,-16.09211251,
4605692969,-15.8699301,
4606292929,-16.03514158,
4606892889,-15.87859413,
4607492849,-15.79570058,
4608092809,-16.06342964,
4608692769,-15.83753034,
4609292729,-16.1246372,
4609892689,-16.23208721,
4610492649,-15.99844471,
4611092609,-15.91238176,
4611692569,-15.86787479,
4612292529,-16.01285864,
4612892489,-15.97597617,
4613492449,-15.93465167,
4614092409,-15.67043032,
4614692369,-15.9555954,
4615292329,-16.18279477,
4615892289,-16.07868502,
4616492248,-15.77498,
4617092208,-15.94411105,
4617692168,-15.82772455,
4618292128,-15.90150168,
4618892088,-15.95323654,
4619492048,-15.93769972,
4620092008,-15.9870629,
4620691968,-15.79101067,
4621291928,-16.05270934,
4621891888,-15.9105042,
4622491848,-15.71676719,
4623091808,-16.04044655,
4623691768,-15.78818763,
4624291728,-15.86719527,
4624891688,-15.85074027,
4625491648,-15.94688789,
4626091608,-16.07296466,
4626691568,-15.96876329,
4627291528,-16.1178101,
4627891488,-15.92160005,
4628491448,-15.96603426,
4629091408,-15.88550553,
4629691368,-15.7392511,
4630291328,-15.80576923,
4630891288,-15.97322845,
4631491248,-15.78560713,
4632091208,-15.72592592,
4632691168,-15.73837438,
4633291128,-15.79633751,
4633891088,-15.94280602,
4634491048,-15.79283319,
4635091008,-15.85515276,
4635690968,-16.04595126,
4636290928,-15.98459568,
4636890888,-15.80389207,
4637490848,-15.79025687,
4638090808,-15.87910104,
4638690768,-15.6834655,
4639290728,-15.704358,
4639890688,-15.63119792,
4640490648,-15.72592159,
4641090608,-15.84881985,
4641690568,-15.73798904,
4642290528,-15.80333764,
4642890488,-15.74393622,
4643490448,-15.54316194,
4644090408,-15.91944613,
4644690368,-15.96171048,
4645290328,-15.69217962,
4645890288,-15.71615487,
4646490248,-15.69022746,
4647090208,-15.82910678,
4647690168,-15.5583716,
4648290128,-15.76510793,
4648890088,-15.71035566,
4649490048,-15.53773281,
4650090008,-15.70713856,
4650689968,-16.03872727,
4651289928,-15.98662412,
4651889888,-15.60704059,
4652489848,-15.64049685,
4653089808,-15.72519419,
4653689768,-15.89574996,
4654289728,-15.44339835,
4654889688,-15.76756863,
4655489648,-15.69668988,
4656089608,-15.78839813,
4656689568,-15.63638162,
4657289528,-15.75101774,
4657889488,-15.93025186,
4658489448,-15.63798362,
4659089408,-15.82345728,
4659689368,-15.6019527,
4660289328,-15.76814012,
4660889288,-15.46573993,
4661489248,-15.62978953,
4662089208,-15.4888839,
4662689168,-15.61914646,
4663289128,-15.60330028,
4663889088,-15.78543281,
4664489048,-15.83946662,
4665089008,-15.60746404,
4665688968,-15.63392979,
4666288928,-15.51791783,
4666888888,-15.65074072,
4667488848,-15.93262788,
4668088808,-15.60712445,
4668688768,-15.43006632,
4669288728,-15.52196244,
4669888688,-15.65097492,
4670488648,-15.59102669,
4671088608,-15.67885559,
4671688568,-15.66341842,
4672288528,-15.32376946,
4672888488,-15.44750038,
4673488448,-15.42233841,
4674088408,-15.37174749,
4674688368,-15.38059842,
4675288328,-15.52286619,
4675888288,-15.67180483,
4676488248,-15.54394863,
4677088208,-15.42239087,
4677688168,-15.60236727,
4678288128,-15.35235202,
4678888088,-15.30926098,
4679488048,-15.46064795,
4680088008,-15.45246238,
4680687968,-15.48985037,
4681287928,-15.50009159,
4681887888,-15.36741501,
4682487848,-15.46003155,
4683087808,-15.39715451,
4683687768,-15.1652088,
4684287728,-15.20401214,
4684887688,-15.34932128,
4685487648,-15.52328571,
4686087608,-15.21295721,
4686687568,-15.37633353,
4687287528,-15.58095922,
4687887488,-15.39732656,
4688487448,-15.19442716,
4689087408,-15.47274437,
4689687368,-15.35533584,
4690287328,-15.31665072,
4690887288,-15.38883805,
4691487248,-15.08309878,
4692087208,-15.4124778,
4692687168,-15.31907593,
4693287128,-15.67274799,
4693887088,-15.2745923,
4694487048,-15.25662827,
4695087008,-15.51749085,
4695686968,-15.40130712,
4696286928,-15.45222745,
4696886888,-15.3698895,
4697486848,-15.53271532,
4698086808,-15.33112024,
4698686768,-15.40818615,
4699286728,-15.09177995,
4699886688,-15.4990393,
4700486648,-15.50211164,
4701086608,-15.50146107,
4701686568,-15.40507209,
4702286528,-15.09940579,
4702886488,-15.39495048,
4703486448,-15.63398664,
4704086408,-15.37605309,
4704686368,-15.23169799,
4705286328,-15.38723049,
4705886288,-15.58711291,
4706486248,-15.66985694,
4707086208,-15.44064721,
4707686168,-15.48798088,
4708286128,-15.33815422,
4708886088,-15.47969306,
4709486048,-15.7290723,
4710086008,-15.44501251,
4710685968,-15.47747518,
4711285928,-15.71460995,
4711885888,-15.68456435,
4712485848,-15.43684165,
4713085808,-15.75406565,
4713685768,-15.453859,
4714285728,-15.73502611,
4714885688,-15.4729664,
4715485648,-15.48496506,
4716085608,-15.66923653,
4716685568,-15.59087657,
4717285528,-15.73159641,
4717885488,-15.74861332,
4718485448,-15.9000031,
4719085408,-15.78478174,
4719685368,-15.52275776,
4720285328,-15.4242363,
4720885288,-15.59160124,
4721485248,-15.616011,
4722085208,-15.8382858,
4722685168,-15.71461262,
4723285128,-15.57089622,
4723885088,-15.92509205,
4724485048,-15.68974412,
4725085008,-15.5791256,
4725684968,-15.41543421,
4726284928,-15.72440934,
4726884888,-15.77813544,
4727484848,-15.68500545,
4728084808,-15.83704946,
4728684768,-15.78909656,
4729284728,-16.01639608,
4729884688,-15.86035294,
4730484648,-15.9782186,
4731084608,-15.93875846,
4731684568,-15.6628593,
4732284528,-15.62591742,
4732884488,-15.85744569,
4733484448,-15.97293591,
4734084408,-15.87318475,
4734684368,-16.05224062,
4735284328,-15.96730831,
4735884288,-15.93317861,
4736484248,-15.8504333,
4737084208,-15.96544591,
4737684168,-15.81034219,
4738284128,-16.06616315,
4738884088,-16.08867947,
4739484048,-15.96614072,
4740084008,-16.07126483,
4740683968,-15.9052764,
4741283928,-15.87051798,
4741883888,-16.20249775,
4742483848,-15.99206082,
4743083808,-16.04972927,
4743683768,-15.95171682,
4744283728,-15.91448763,
4744883688,-15.94167144,
4745483648,-15.92060323,
4746083608,-16.04786766,
4746683568,-16.08701314,
4747283528,-16.01838258,
4747883488,-16.15311713,
4748483448,-16.18097692,
4749083408,-16.15720289,
4749683368,-16.1074738,
4750283328,-16.15179829,
4750883288,-16.16230205,
4751483248,-16.23458896,
4752083208,-16.29304671,
4752683168,-16.29943991,
4753283128,-16.22517223,
4753883088,-16.25776199,
4754483048,-16.36762687,
4755083008,-16.33176533,
4755682968,-16.32352386,
4756282928,-16.40561114,
4756882888,-16.34384051,
4757482848,-16.42733657,
4758082808,-16.53456721,
4758682768,-16.53610905,
4759282728,-16.36210645,
4759882688,-16.38669597,
4760482648,-16.3978103,
4761082608,-16.54224839,
4761682568,-16.60809475,
4762282528,-16.48483457,
4762882488,-16.43849922,
4763482448,-16.44898307,
4764082408,-16.67902966,
4764682368,-16.75113241,
4765282328,-16.63163154,
4765882288,-16.74227711,
4766482248,-16.72111932,
4767082208,-16.83642865,
4767682168,-16.56150685,
4768282128,-16.84180969,
4768882088,-16.68709654,
4769482048,-16.74375723,
4770082008,-16.93828432,
4770681967,-16.84719475,
4771281927,-16.62408741,
4771881887,-16.71318623,
4772481847,-16.95618121,
4773081807,-16.95058814,
4773681767,-16.91295483,
4774281727,-16.89780998,
4774881687,-16.90923108,
4775481647,-16.89923282,
4776081607,-17.15734402,
4776681567,-16.97318058,
4777281527,-16.85650475,
4777881487,-16.98538442,
4778481447,-16.95969911,
4779081407,-17.00248818,
4779681367,-16.994447,
4780281327,-17.07748784,
4780881287,-17.17176507,
4781481247,-17.33649277,
4782081207,-16.9659772,
4782681167,-16.97684617,
4783281127,-17.07068332,
4783881087,-17.0695736,
4784481047,-17.19437199,
4785081007,-17.07987273,
4785680967,-17.0631944,
4786280927,-17.18176325,
4786880887,-17.17039116,
4787480847,-17.41719148,
4788080807,-17.27410359,
4788680767,-17.43356726,
4789280727,-17.33521715,
4789880687,-17.4037026,
4790480647,-17.20853891,
4791080607,-17.42290855,
4791680567,-17.13898882,
4792280527,-17.66230313,
4792880487,-17.40881119,
4793480447,-17.13194946,
4794080407,-17.74257842,
4794680367,-17.44787878,
4795280327,-17.41004264,
4795880287,-17.55374444,
4796480247,-17.64003508,
4797080207,-17.44238598,
4797680167,-17.25758332,
4798280127,-17.62618885,
4798880087,-17.25929714,
4799480047,-17.21926765,
4800080007,-17.39513383,
4800679967,-17.66186349,
4801279927,-17.64801315,
4801879887,-17.9152528,
4802479847,-17.66870737,
4803079807,-17.81193103,
4803679767,-17.54623559,
4804279727,-17.32478884,
4804879687,-17.97130446,
4805479647,-17.4580442,
4806079607,-17.47938611,
4806679567,-17.37626969,
4807279527,-17.94123778,
4807879487,-17.49291242,
4808479447,-17.36697617,
4809079407,-17.77790916,
4809679367,-17.63215267,
4810279327,-18.01820353,
4810879287,-17.65664322,
4811479247,-17.17921018,
4812079207,-17.60558504,
4812679167,-17.65066682,
4813279127,-17.85723666,
4813879087,-17.90945764,
4814479047,-17.65117117,
4815079007,-17.87599316,
4815678967,-17.58340093,
4816278927,-18.14245287,
4816878887,-17.51145409,
4817478847,-17.79101999,
4818078807,-17.82121496,
4818678767,-18.23738822,
4819278727,-17.79858447,
4819878687,-17.77678013,
4820478647,-17.83691022,
4821078607,-17.87164103,
4821678567,-18.00958624,
4822278527,-18.14740681,
4822878487,-17.64772382,
4823478447,-17.73384208,
4824078407,-18.08904889,
4824678367,-17.97563636,
4825278327,-17.92567538,
4825878287,-17.73935679,
4826478247,-18.13813707,
4827078207,-17.81660611,
4827678167,-18.0319065,
4828278127,-17.90076943,
4828878087,-17.56812507,
4829478047,-17.70622462,
4830078007,-18.07941012,
4830677967,-18.02086054,
4831277927,-18.14249046,
4831877887,-17.91245702,
4832477847,-18.29495297,
4833077807,-18.02644803,
4833677767,-18.24182392,
4834277727,-18.24905862,
4834877687,-18.84641426,
4835477647,-18.30701497,
4836077607,-17.90667636,
4836677567,-18.09631738,
4837277527,-18.16192624,
4837877487,-18.66648557,
4838477447,-17.97778678,
4839077407,-18.28564748,
4839677367,-18.72454905,
4840277327,-18.29601562,
4840877287,-18.07081366,
4841477247,-18.31126779,
4842077207,-18.60905393,
4842677167,-18.21656942,
4843277127,-19.07302065,
4843877087,-18.72515901,
4844477047,-18.56963856,
4845077007,-18.6238172,
4845676967,-18.76015318,
4846276927,-18.63174823,
4846876887,-18.79345244,
4847476847,-18.68368161,
4848076807,-18.60763878,
4848676767,-18.75476803,
4849276727,-18.73872435,
4849876687,-18.31288465,
4850476647,-18.85399129,
4851076607,-18.97110899,
4851676567,-18.79978988,
4852276527,-18.23830623,
4852876487,-18.83506736,
4853476447,-18.87989422,
4854076407,-18.60419548,
4854676367,-18.81917269,
4855276327,-18.45668024,
4855876287,-18.6273513,
4856476247,-18.65134494,
4857076207,-18.96371937,
4857676167,-18.68982127,
4858276127,-18.85848628,
4858876087,-18.71190984,
4859476047,-18.79449188,
4860076007,-19.39527045,
4860675967,-19.21326873,
4861275927,-19.16382939,
4861875887,-19.29146485,
4862475847,-19.23595292,
4863075807,-19.05705351,
4863675767,-19.4470449,
4864275727,-19.02136791,
4864875687,-19.09718566,
4865475647,-18.6165855,
4866075607,-18.94054819,
4866675567,-19.23905368,
4867275527,-18.91817984,
4867875487,-19.58927653,
4868475447,-19.16236137,
4869075407,-19.66556493,
4869675367,-19.61470497,
4870275327,-19.63614754,
4870875287,-19.39571211,
4871475247,-19.50766429,
4872075207,-19.26935479,
4872675167,-19.62902083,
4873275127,-19.31661979,
4873875087,-19.35357356,
4874475047,-19.50986369,
4875075007,-19.42994559,
4875674967,-19.41652883,
4876274927,-19.10063887,
4876874887,-19.65939525,
4877474847,-19.44050554,
4878074807,-19.80662501,
4878674767,-19.30117741,
4879274727,-19.67198783,
4879874687,-19.90142468,
4880474647,-19.61506696,
4881074607,-19.75422152,
4881674567,-19.55917393,
4882274527,-19.61163433,
4882874487,-19.42350945,
4883474447,-20.10439555,
4884074407,-19.66484547,
4884674367,-19.24485582,
4885274327,-19.43237981,
4885874287,-19.64255022,
4886474247,-20.10343405,
4887074207,-19.65671079,
4887674167,-19.68158026,
4888274127,-19.60032755,
4888874087,-19.65829242,
4889474047,-19.86899056,
4890074007,-19.95122626,
4890673967,-19.61146232,
4891273927,-19.71157487,
4891873887,-19.80729278,
4892473847,-19.31872339,
4893073807,-19.72742932,
4893673767,-20.02499336,
4894273727,-19.66113122,
4894873687,-19.71547882,
4895473647,-19.94343577,
4896073607,-19.540536,
4896673567,-19.53340792,
4897273527,-20.1061429,
4897873487,-19.73696323,
4898473447,-19.97422245,
4899073407,-19.71630894,
4899673367,-19.93196455,
4900273327,-19.69218754,
4900873287,-19.70809527,
4901473247,-19.87153124,
4902073207,-19.77938885,
4902673167,-19.68118319,
4903273127,-19.60726187,
4903873087,-19.82425558,
4904473047,-19.85427611,
4905073007,-20.20274019,
4905672967,-20.05721396,
4906272927,-19.96926928,
4906872887,-19.85181528,
4907472847,-19.51395494,
4908072807,-19.91264894,
4908672767,-19.66684564,
4909272727,-19.65084485,
4909872687,-19.7407267,
4910472647,-19.48383614,
4911072607,-19.84522907,
4911672567,-19.728307,
4912272527,-19.88006396,
4912872487,-19.7901,
4913472447,-19.44989815,
4914072407,-19.78970302,
4914672367,-19.42933337,
4915272327,-19.64880025,
4915872287,-19.81682788,
4916472247,-19.51667707,
4917072207,-19.65088767,
4917672167,-19.53848098,
4918272127,-19.5436711,
4918872087,-19.79108446,
4919472047,-20.29164939,
4920072007,-19.2753342,
4920671967,-19.24950312,
4921271927,-19.37542525,
4921871887,-19.66854654,
4922471847,-19.25779958,
4923071807,-19.314804,
4923671767,-19.63006546,
4924271726,-19.57794731,
4924871686,-19.15938312,
4925471646,-19.58224684,
4926071606,-19.51225654,
4926671566,-19.2883571,
4927271526,-19.60558941,
4927871486,-19.47041487,
4928471446,-19.07451853,
4929071406,-19.09791954,
4929671366,-19.19460841,
4930271326,-19.10359533,
4930871286,-19.19722769,
4931471246,-19.30052933,
4932071206,-19.04455299,
4932671166,-19.05557687,
4933271126,-19.46629019,
4933871086,-18.78764009,
4934471046,-19.34827018,
4935071006,-19.11695542,
4935670966,-19.32459237,
4936270926,-18.64847137,
4936870886,-18.86676147,
4937470846,-18.71347069,
4938070806,-18.98801018,
4938670766,-19.35201564,
4939270726,-18.85891535,
4939870686,-18.79801147,
4940470646,-19.05334724,
4941070606,-18.52089884,
4941670566,-18.98589999,
4942270526,-19.02915654,
4942870486,-18.58875156,
4943470446,-18.45974718,
4944070406,-18.49837307,
4944670366,-19.14669446,
4945270326,-19.0705846,
4945870286,-18.95914565,
4946470246,-18.82196279,
4947070206,-18.46346474,
4947670166,-18.74442301,
4948270126,-19.1209388,
4948870086,-18.6761648,
4949470046,-18.79215576,
4950070006,-18.68103477,
4950669966,-18.69741923,
4951269926,-18.25795337,
4951869886,-18.72424849,
4952469846,-18.16462284,
4953069806,-18.48511145,
4953669766,-18.88131486,
4954269726,-18.51843948,
4954869686,-18.07444277,
4955469646,-18.26537835,
4956069606,-18.8422377,
4956669566,-18.63277295,
4957269526,-18.25749747,
4957869486,-18.11936387,
4958469446,-18.26210341,
4959069406,-18.63746719,
4959669366,-18.18022155,
4960269326,-18.433229,
4960869286,-18.83277649,
4961469246,-18.12391783,
4962069206,-18.71197399,
4962669166,-18.62064683,
4963269126,-18.20355267,
4963869086,-18.65671134,
4964469046,-18.42697054,
4965069006,-17.82871023,
4965668966,-18.27495531,
4966268926,-18.10322944,
4966868886,-18.13382951,
4967468846,-18.11922254,
4968068806,-18.06180034,
4968668766,-18.16474266,
4969268726,-18.04260759,
4969868686,-18.56896583,
4970468646,-18.38439953,
4971068606,-18.06191801,
4971668566,-17.79468862,
4972268526,-18.30060298,
4972868486,-18.11807304,
4973468446,-18.15016443,
4974068406,-17.69746206,
4974668366,-18.10389577,
4975268326,-18.20205701,
4975868286,-18.37302863,
4976468246,-17.7008732,
4977068206,-18.29985826,
4977668166,-17.68393999,
4978268126,-18.20823174,
4978868086,-17.78879241,
4979468046,-17.93443455,
4980068006,-18.14954703,
4980667966,-18.07331681,
4981267926,-18.25077599,
4981867886,-17.9960775,
4982467846,-17.83236128,
4983067806,-17.6935613,
4983667766,-18.06769813,
4984267726,-17.73765258,
4984867686,-18.13810984,
4985467646,-18.13498118,
4986067606,-17.95858569,
4986667566,-18.05101573,
4987267526,-17.84966974,
4987867486,-17.97386981,
4988467446,-18.01135068,
4989067406,-18.1091703,
4989667366,-17.97772571,
4990267326,-17.94478905,
4990867286,-18.00381729,
4991467246,-17.96334007,
4992067206,-17.78330603,
4992667166,-17.74440578,
4993267126,-17.77809147,
4993867086,-17.74242923,
4994467046,-18.21846888,
4995067006,-17.79213391,
4995666966,-17.31760023,
4996266926,-18.11508187,
4996866886,-17.89411266,
4997466846,-18.03910065,
4998066806,-17.86387534,
4998666766,-17.89990714,
4999266726,-18.12502271,
4999866686,-17.69419851,
5000466646,-17.70794543,
5001066606,-18.08044163,
5001666566,-18.23653391,
5002266526,-17.87164353,
5002866486,-17.43023152,
5003466446,-17.82631457,
5004066406,-17.85126755,
5004666366,-17.61235998,
5005266326,-18.0395963,
5005866286,-17.82481526,
5006466246,-17.5114823,
5007066206,-18.09713169,
5007666166,-17.8258185,
5008266126,-17.8948893,
5008866086,-18.0570487,
5009466046,-17.80845128,
5010066006,-18.04929416,
5010665966,-17.7916468,
5011265926,-17.88569565,
5011865886,-18.2116925,
5012465846,-18.0342687,
5013065806,-17.80936837,
5013665766,-18.15343437,
5014265726,-18.0175373,
5014865686,-17.53251621,
5015465646,-17.89655102,
5016065606,-17.59373906,
5016665566,-17.92840571,
5017265526,-17.71685187,
5017865486,-18.00079257,
5018465446,-17.90584846,
5019065406,-18.30734106,
5019665366,-17.80746812,
5020265326,-17.91109069,
5020865286,-18.55030758,
5021465246,-17.93279206,
5022065206,-18.36333098,
5022665166,-17.82191317,
5023265126,-17.98178968,
5023865086,-18.01342527,
5024465046,-17.71714044,
5025065006,-17.7600878,
5025664966,-17.86502597,
5026264926,-18.12535701,
5026864886,-18.4641136,
5027464846,-17.81839503,
5028064806,-17.89730077,
5028664766,-17.76477015,
5029264726,-18.09976736,
5029864686,-18.19554552,
5030464646,-18.24718529,
5031064606,-18.319289,
5031664566,-18.28689629,
5032264526,-18.00308645,
5032864486,-18.07052363,
5033464446,-18.30692096,
5034064406,-18.5298474,
5034664366,-18.0569391,
5035264326,-18.49094219,
5035864286,-18.47388824,
5036464246,-17.76590698,
5037064206,-18.40369903,
5037664166,-18.32049793,
5038264126,-18.55158267,
5038864086,-18.73167256,
5039464046,-18.17216064,
5040064006,-18.31058414,
5040663966,-17.86083804,
5041263926,-18.28133743,
5041863886,-18.47889433,
5042463846,-18.53607853,
5043063806,-18.95230347,
5043663766,-18.24382091,
5044263726,-18.74625986,
5044863686,-18.58013172,
5045463646,-18.77567868,
5046063606,-18.93174066,
5046663566,-18.64407766,
5047263526,-18.68673696,
5047863486,-18.93920948,
5048463446,-18.3948863,
5049063406,-18.97212792,
5049663366,-18.54335149,
5050263326,-18.79240411,
5050863286,-18.6092275,
5051463246,-19.05684733,
5052063206,-19.30824051,
5052663166,-19.01096259,
5053263126,-19.54871646,
5053863086,-19.26862392,
5054463046,-19.5481339,
5055063006,-19.39189286,
5055662966,-19.10042496,
5056262926,-19.50444242,
5056862886,-19.23571724,
5057462846,-19.69958637,
5058062806,-19.93081897,
5058662766,-19.6754604,
5059262726,-19.67978619,
5059862686,-19.94286525,
5060462646,-20.21633074,
5061062606,-19.58691309,
5061662566,-19.65103552,
5062262526,-19.79467633,
5062862486,-19.72040979,
5063462446,-20.0417151,
5064062406,-20.09138751,
5064662366,-19.97379699,
5065262326,-20.4625475,
5065862286,-19.99389616,
5066462246,-20.28142236,
5067062206,-20.27995476,
5067662166,-20.12991877,
5068262126,-20.23079129,
5068862086,-20.33652359,
5069462046,-19.8710949,
5070062006,-20.30371667,
5070661966,-20.66670726,
5071261926,-20.2512199,
5071861886,-20.50174094,
5072461846,-20.47744517,
5073061806,-20.28208499,
5073661766,-20.37460981,
5074261726,-20.34611325,
5074861686,-20.37867388,
5075461646,-20.44781261,
5076061606,-20.51605856,
5076661566,-20.346181,
5077261526,-20.70292323,
5077861485,-20.27800732,
5078461445,-20.38130543,
5079061405,-20.29819587,
5079661365,-20.42695011,
5080261325,-21.26468905,
5080861285,-20.85932937,
5081461245,-20.53368893,
5082061205,-20.70284751,
5082661165,-20.94385754,
5083261125,-20.47339858,
5083861085,-20.80173533,
5084461045,-20.83191187,
5085061005,-20.45542776,
5085660965,-20.85813582,
5086260925,-20.8026246,
5086860885,-20.91957377,
5087460845,-21.00882262,
5088060805,-20.74968103,
5088660765,-20.87841792,
5089260725,-20.93815492,
5089860685,-21.24527712,
5090460645,-21.07412545,
5091060605,-20.84470339,
5091660565,-21.11128241,
5092260525,-21.00902629,
5092860485,-20.99302168,
5093460445,-20.7690063,
5094060405,-21.02470021,
5094660365,-20.95793891,
5095260325,-21.25071165,
5095860285,-21.27860553,
5096460245,-21.11493669,
5097060205,-21.10474483,
5097660165,-21.20869264,
5098260125,-21.44008655,
5098860085,-21.26427159,
5099460045,-21.33690491,
5100060005,-21.47986718,
5100659965,-21.25437987,
5101259925,-21.53499518,
5101859885,-21.45796032,
5102459845,-21.55508819,
5103059805,-21.48733184,
5103659765,-21.67355017,
5104259725,-21.33540003,
5104859685,-21.75764944,
5105459645,-21.63491143,
5106059605,-21.64537234,
5106659565,-21.66219288,
5107259525,-21.4725539,
5107859485,-21.70929735,
5108459445,-21.71652818,
5109059405,-21.44294172,
5109659365,-21.80575819,
5110259325,-21.50246194,
5110859285,-22.01692037,
5111459245,-21.94900387,
5112059205,-22.11161726,
5112659165,-21.55704315,
5113259125,-22.19013046,
5113859085,-21.83134493,
5114459045,-22.26868406,
5115059005,-22.04012149,
5115658965,-22.18867446,
5116258925,-22.16406781,
5116858885,-21.88869922,
5117458845,-22.66142385,
5118058805,-22.38017476,
5118658765,-22.437588,
5119258725,-22.02753229,
5119858685,-22.35284261,
5120458645,-21.96593806,
5121058605,-22.2926708,
5121658565,-22.10825048,
5122258525,-22.40768547,
5122858485,-22.02427665,
5123458445,-22.48032776,
5124058405,-22.284838,
5124658365,-22.62030749,
5125258325,-22.2954027,
5125858285,-22.53928329,
5126458245,-22.67891052,
5127058205,-22.75463463,
5127658165,-22.59504701,
5128258125,-22.13620957,
5128858085,-22.38897273,
5129458045,-22.58336498,
5130058005,-22.46422464,
5130657965,-22.92918357,
5131257925,-22.49072622,
5131857885,-22.54520265,
5132457845,-22.53941785,
5133057805,-22.75888264,
5133657765,-22.7699229,
5134257725,-22.89701864,
5134857685,-22.94759592,
5135457645,-22.93754601,
5136057605,-22.8974127,
5136657565,-23.15243824,
5137257525,-23.19350265,
5137857485,-22.61740808,
5138457445,-22.75539861,
5139057405,-22.4454112,
5139657365,-23.02992609,
5140257325,-22.83771282,
5140857285,-22.58193285,
5141457245,-23.12391549,
5142057205,-23.17558061,
5142657165,-23.19771477,
5143257125,-23.4746751,
5143857085,-22.48066317,
5144457045,-23.40760683,
5145057005,-22.95946499,
5145656965,-22.96367108,
5146256925,-23.05124834,
5146856885,-23.53624158,
5147456845,-22.57599719,
5148056805,-23.15811084,
5148656765,-23.07878491,
5149256725,-23.43046223,
5149856685,-23.74446202,
5150456645,-23.43628937,
5151056605,-23.39013851,
5151656565,-23.36856994,
5152256525,-23.30385547,
5152856485,-23.45728791,
5153456445,-23.09362059,
5154056405,-23.38957323,
5154656365,-23.04297971,
5155256325,-23.09409294,
5155856285,-23.49393838,
5156456245,-22.91209786,
5157056205,-23.35330868,
5157656165,-23.52341333,
5158256125,-23.61770348,
5158856085,-23.38543992,
5159456045,-23.72573873,
5160056005,-22.99184781,
5160655965,-23.7980922,
5161255925,-23.11592566,
5161855885,-23.21936107,
5162455845,-23.86447138,
5163055805,-23.64541418,
5163655765,-22.97659956,
5164255725,-23.70811775,
5164855685,-23.93766103,
5165455645,-23.40212491,
5166055605,-23.28120164,
5166655565,-23.34497099,
5167255525,-23.60063374,
5167855485,-23.99526049,
5168455445,-23.47398835,
5169055405,-23.1444057,
5169655365,-23.27164855,
5170255325,-23.8224561,
5170855285,-23.61452104,
5171455245,-23.96761968,
5172055205,-24.05166705,
5172655165,-23.67884419,
5173255125,-23.73294908,
5173855085,-23.64285268,
5174455045,-23.44792169,
5175055005,-23.06745199,
5175654965,-24.15689456,
5176254925,-23.40661732,
5176854885,-23.76191879,
5177454845,-22.80747784,
5178054805,-23.5917597,
5178654765,-23.10654915,
5179254725,-23.04775857,
5179854685,-23.53453385,
5180454645,-23.82933178,
5181054605,-23.51338455,
5181654565,-23.00554519,
5182254525,-23.52906196,
5182854485,-23.82654951,
5183454445,-22.93453455,
5184054405,-23.36528233,
5184654365,-23.92589015,
5185254325,-23.59487118,
5185854285,-23.27901889,
5186454245,-23.37059658,
5187054205,-23.86594682,
5187654165,-23.30938335,
5188254125,-22.70642171,
5188854085,-23.81989097,
5189454045,-23.38501408,
5190054005,-22.80910791,
5190653965,-23.90792976,
5191253925,-23.75642101,
5191853885,-23.53461203,
5192453845,-23.74455658,
5193053805,-23.96970877,
5193653765,-23.43232085,
5194253725,-22.84735886,
5194853685,-22.81156518,
5195453645,-22.62436973,
5196053605,-23.6293814,
5196653565,-23.58735632,
5197253525,-23.56733483,
5197853485,-23.66439304,
5198453445,-23.58305347,
5199053405,-23.19029262,
5199653365,-23.37735721,
5200253325,-22.84245543,
5200853285,-22.98549756,
5201453245,-23.28133035,
5202053205,-23.64806006,
5202653165,-22.9482572,
5203253125,-23.39516826,
5203853085,-22.96054383,
5204453045,-22.84950526,
5205053005,-22.93885845,
5205652965,-22.81533613,
5206252925,-23.15649922,
5206852885,-23.4298443,
5207452845,-23.31547166,
5208052805,-23.09251937,
5208652765,-23.36273997,
5209252725,-22.31562007,
5209852685,-23.03801737,
5210452645,-23.29532628,
5211052605,-23.38905518,
5211652565,-22.93558437,
5212252525,-23.49758018,
5212852485,-22.83752071,
5213452445,-23.01725596,
5214052405,-23.47587222,
5214652365,-23.24356306,
5215252325,-23.2049879,
5215852285,-22.8868479,
5216452245,-23.0419906,
5217052205,-22.75543484,
5217652165,-22.70386363,
5218252125,-22.69275716,
5218852085,-22.63762741,
5219452045,-22.67799077,
5220052005,-22.7606173,
5220651965,-22.64740645,
5221251925,-23.23031321,
5221851885,-22.61398782,
5222451845,-22.89024627,
5223051805,-22.79192335,
5223651765,-22.44128775,
5224251725,-22.90218263,
5224851685,-23.14639738,
5225451645,-22.4899051,
5226051605,-22.85753533,
5226651565,-22.08179218,
5227251525,-22.84918311,
5227851485,-22.98377322,
5228451445,-22.07195618,
5229051405,-21.94232543,
5229651365,-22.69490694,
5230251325,-22.71258509,
5230851285,-22.67406322,
5231451244,-22.3411602,
5232051204,-22.35744401,
5232651164,-22.38319051,
5233251124,-22.20927343,
5233851084,-22.42406891,
5234451044,-22.21094614,
5235051004,-22.38729099,
5235650964,-22.45232995,
5236250924,-22.19440734,
5236850884,-22.19833174,
5237450844,-21.91958121,
5238050804,-22.26757263,
5238650764,-22.01757622,
5239250724,-21.79901889,
5239850684,-21.87107264,
5240450644,-21.97237436,
5241050604,-21.84054324,
5241650564,-21.80013718,
5242250524,-21.8543499,
5242850484,-22.1187421,
5243450444,-21.99340694,
5244050404,-21.64602867,
5244650364,-21.70951427,
5245250324,-21.98368748,
5245850284,-21.98977057,
5246450244,-21.94251862,
5247050204,-21.96724708,
5247650164,-21.82795933,
5248250124,-21.61813388,
5248850084,-21.30654602,
5249450044,-21.7550205,
5250050004,-21.69791065,
5250649964,-21.71248579,
5251249924,-21.52299021,
5251849884,-21.51675407,
5252449844,-21.44241471,
5253049804,-21.67345221,
5253649764,-21.61211127,
5254249724,-21.51822766,
5254849684,-21.53914134,
5255449644,-21.3355985,
5256049604,-21.18478766,
5256649564,-21.42394057,
5257249524,-21.54609605,
5257849484,-21.25379993,
5258449444,-21.07803152,
5259049404,-20.96472339,
5259649364,-21.35842588,
5260249324,-21.12436941,
5260849284,-21.1031489,
5261449244,-21.14891788,
5262049204,-20.94332126,
5262649164,-21.1344583,
5263249124,-21.15304818,
5263849084,-20.97016718,
5264449044,-21.05648983,
5265049004,-20.83067814,
5265648964,-20.77118833,
5266248924,-20.76568359,
5266848884,-20.81598348,
5267448844,-20.94618697,
5268048804,-21.02129868,
5268648764,-20.66018847,
5269248724,-20.932468,
5269848684,-20.6480014,
5270448644,-20.96164483,
5271048604,-20.71678024,
5271648564,-20.96915322,
5272248524,-20.68571916,
5272848484,-20.68954042,
5273448444,-20.67552766,
5274048404,-20.6841914,
5274648364,-20.73630049,
5275248324,-20.49978182,
5275848284,-20.42294446,
5276448244,-20.43668261,
5277048204,-20.54248702,
5277648164,-20.5433285,
5278248124,-20.37054408,
5278848084,-20.74208954,
5279448044,-20.44171063,
5280048004,-20.57893184,
5280647964,-20.40485248,
5281247924,-20.15106271,
5281847884,-20.43381953,
5282447844,-20.25977323,
5283047804,-20.33062938,
5283647764,-20.40171043,
5284247724,-20.09660592,
5284847684,-20.40959369,
5285447644,-20.28161246,
5286047604,-20.28164226,
5286647564,-20.6192797,
5287247524,-20.21549787,
5287847484,-20.21222746,
5288447444,-20.26961545,
5289047404,-20.11028263,
5289647364,-20.2593022,
5290247324,-20.16521766,
5290847284,-20.31383672,
5291447244,-20.01157547,
5292047204,-20.24842211,
5292647164,-20.31274217,
5293247124,-20.24815534,
5293847084,-20.19640554,
5294447044,-20.0128959,
5295047004,-20.05111511,
5295646964,-20.46140922,
5296246924,-20.178512,
5296846884,-20.12672786,
5297446844,-20.4080087,
5298046804,-20.03414489,
5298646764,-20.27768002,
5299246724,-19.90757806,
5299846684,-20.03396504,
5300446644,-20.40047749,
5301046604,-20.30368764,
5301646564,-20.41925695,
5302246524,-20.06526043,
5302846484,-19.98048786,
5303446444,-20.2664842,
5304046404,-20.3720394,
5304646364,-20.24054484,
5305246324,-20.323732,
5305846284,-19.99674914,
5306446244,-20.17816579,
5307046204,-20.16756708,
5307646164,-20.09416345,
5308246124,-20.06971291,
5308846084,-20.02972218,
5309446044,-19.83886751,
5310046004,-20.35214462,
5310645964,-20.21867372,
5311245924,-19.89774961,
5311845884,-20.1926858,
5312445844,-19.98667128,
5313045804,-20.13313825,
5313645764,-19.94594623,
5314245724,-20.21903025,
5314845684,-20.45010799,
5315445644,-20.00810643,
5316045604,-20.2555865,
5316645564,-20.2953903,
5317245524,-20.3457187,
5317845484,-20.36570487,
5318445444,-20.31654473,
5319045404,-20.22944125,
5319645364,-20.18764307,
5320245324,-20.27530622,
5320845284,-20.09347593,
5321445244,-20.32510387,
5322045204,-20.50020293,
5322645164,-20.29306997,
5323245124,-20.31838605,
5323845084,-20.20883977,
5324445044,-20.21864422,
5325045004,-20.23137157,
5325644964,-20.30064435,
5326244924,-20.42954665,
5326844884,-20.54747017,
5327444844,-20.58255723,
5328044804,-20.57667981,
5328644764,-20.53922854,
5329244724,-20.57290988,
5329844684,-20.58379658,
5330444644,-20.25999411,
5331044604,-20.62232976,
5331644564,-20.72417792,
5332244524,-20.35497247,
5332844484,-20.61807737,
5333444444,-20.57075585,
5334044404,-20.59768614,
5334644364,-20.5695866,
5335244324,-20.64853037,
5335844284,-20.63453505,
5336444244,-20.78273678,
5337044204,-20.53465949,
5337644164,-20.73826425,
5338244124,-20.85853147,
5338844084,-20.84574185,
5339444044,-20.89701256,
5340044004,-20.86742436,
5340643964,-21.11671315,
5341243924,-20.94717526,
5341843884,-21.05789058,
5342443844,-21.04196407,
5343043804,-20.95628691,
5343643764,-21.21220197,
5344243724,-21.30438447,
5344843684,-21.10309781,
5345443644,-20.9426045,
5346043604,-20.66827896,
5346643564,-21.2109925,
5347243524,-20.95655557,
5347843484,-21.04848954,
5348443444,-21.3543654,
5349043404,-21.12596767,
5349643364,-21.35039198,
5350243324,-21.27353569,
5350843284,-21.3295543,
5351443244,-21.19857826,
5352043204,-21.27644279,
5352643164,-21.47668886,
5353243124,-21.21755519,
5353843084,-21.54561984,
5354443044,-21.7886852,
5355043004,-21.58448803,
5355642964,-21.36732648,
5356242924,-21.44274681,
5356842884,-21.82290398,
5357442844,-21.38973546,
5358042804,-21.83363103,
5358642764,-21.60600257,
5359242724,-21.51307413,
5359842684,-21.95979371,
5360442644,-21.76738376,
5361042604,-21.76966416,
5361642564,-22.12427987,
5362242524,-22.20268766,
5362842484,-22.12543472,
5363442444,-21.70095565,
5364042404,-21.60409902,
5364642364,-22.09987487,
5365242324,-21.97192871,
5365842284,-21.94720885,
5366442244,-21.99852106,
5367042204,-22.39658339,
5367642164,-22.3996101,
5368242124,-22.04358437,
5368842084,-22.40072186,
5369442044,-22.24527725,
5370042004,-22.75864932,
5370641964,-22.42947042,
5371241924,-21.72059913,
5371841884,-22.44907399,
5372441844,-22.63398047,
5373041804,-22.710077,
5373641764,-22.79342271,
5374241724,-22.32989957,
5374841684,-22.23461172,
5375441644,-22.60419972,
5376041604,-22.54674198,
5376641564,-23.10217485,
5377241524,-22.68312257,
5377841484,-22.34554091,
5378441444,-23.11392928,
5379041404,-23.021048,
5379641364,-23.31701094,
5380241324,-22.52913243,
5380841284,-22.64161413,
5381441244,-22.97129541,
5382041204,-22.28155314,
5382641164,-22.36149464,
5383241124,-22.93626677,
5383841084,-23.25259124,
5384441044,-22.89090964,
5385041004,-22.55946194,
5385640963,-22.88242599,
5386240923,-22.99086022,
5386840883,-23.0439845,
5387440843,-23.64988991,
5388040803,-23.08432265,
5388640763,-23.12365527,
5389240723,-23.48031419,
5389840683,-23.6195615,
5390440643,-23.73807087,
5391040603,-23.34392402,
5391640563,-22.64742032,
5392240523,-23.64746375,
5392840483,-23.56228558,
5393440443,-22.70403721,
5394040403,-22.8549302,
5394640363,-23.43627444,
5395240323,-23.57252719,
5395840283,-23.16911368,
5396440243,-23.56716754,
5397040203,-23.6035469,
5397640163,-24.13989035,
5398240123,-24.1681511,
5398840083,-23.17915233,
5399440043,-23.61034659,
5400040003,-24.26952182,
5400639963,-23.46167903,
5401239923,-23.60128616,
5401839883,-22.88103871,
5402439843,-24.01618595,
5403039803,-23.88313929,
5403639763,-23.43553136,
5404239723,-23.23737047,
5404839683,-23.14738303,
5405439643,-23.12701314,
5406039603,-23.82863983,
5406639563,-23.29262272,
5407239523,-23.21556618,
5407839483,-23.29878997,
5408439443,-23.87296767,
5409039403,-23.47781498,
5409639363,-23.60766126,
5410239323,-23.39319008,
5410839283,-23.70060157,
5411439243,-24.13995343,
5412039203,-24.25297183,
5412639163,-23.35819199,
5413239123,-23.35703302,
5413839083,-24.1884335,
5414439043,-23.39526031,
5415039003,-23.39918774,
5415638963,-23.68862988,
5416238923,-24.42600613,
5416838883,-24.31986032,
5417438843,-23.99523804,
5418038803,-23.36963286,
5418638763,-24.74261415,
5419238723,-23.83845551,
5419838683,-23.548679,
5420438643,-23.85455127,
5421038603,-23.42306084,
5421638563,-23.76797216,
5422238523,-23.24133952,
5422838483,-23.84801221,
5423438443,-24.96902508,
5424038403,-24.24496318,
5424638363,-23.95059634,
5425238323,-24.35148644,
5425838283,-24.7870107,
5426438243,-24.33220617,
5427038203,-24.72295228,
5427638163,-23.95906232,
5428238123,-23.51159876,
5428838083,-24.89673216,
5429438043,-24.63742944,
5430038003,-24.91705607,
5430637963,-24.53553166,
5431237923,-24.79618727,
5431837883,-24.0124979,
5432437843,-24.78618777,
5433037803,-23.58261499,
5433637763,-24.73685836,
5434237723,-24.02811045,
5434837683,-24.6846471,
5435437643,-24.51412207,
5436037603,-24.42404296,
5436637563,-24.6112198,
5437237523,-24.38709224,
5437837483,-25.03879022,
5438437443,-24.16842334,
5439037403,-25.16533386,
5439637363,-24.84476113,
5440237323,-25.78359521,
5440837283,-24.67562309,
5441437243,-25.16695062,
5442037203,-24.44680374,
5442637163,-24.35852862,
5443237123,-25.50350174,
5443837083,-25.07946845,
5444437043,-24.40547152,
5445037003,-24.28263779,
5445636963,-25.04078743,
5446236923,-25.44304104,
5446836883,-24.48794816,
5447436843,-25.16881239,
5448036803,-24.63352825,
5448636763,-25.14621512,
5449236723,-24.64639194,
5449836683,-25.33434001,
5450436643,-24.28452809,
5451036603,-25.00449587,
5451636563,-24.8986674,
5452236523,-24.61921071,
5452836483,-24.56310347,
5453436443,-24.16108158,
5454036403,-25.10401218,
5454636363,-25.20969147,
5455236323,-24.31487548,
5455836283,-24.43542347,
5456436243,-24.22405162,
5457036203,-24.37034904,
5457636163,-24.604572,
5458236123,-25.0192618,
5458836083,-24.76943824,
5459436043,-24.61566375,
5460036003,-25.36369384,
5460635963,-25.22966718,
5461235923,-24.85264921,
5461835883,-24.49521076,
5462435843,-24.95873294,
5463035803,-25.00132765,
5463635763,-25.47353131,
5464235723,-25.32252397,
5464835683,-25.74596844,
5465435643,-24.04811468,
5466035603,-25.61114432,
5466635563,-26.87264431,
5467235523,-25.09601459,
5467835483,-26.8033954,
5468435443,-25.17140002,
5469035403,-25.05915601,
5469635363,-25.27753177,
5470235323,-27.50453284,
5470835283,-24.33200311,
5471435243,-23.81594208,
5472035203,-24.6767263,
5472635163,-25.20627852,
5473235123,-24.12725249,
5473835083,-25.96845315,
5474435043,-25.10142702,
5475035003,-24.24317513,
5475634963,-24.48635674,
5476234923,-25.29588453,
5476834883,-24.00852155,
5477434843,-25.61823263,
5478034803,-24.3505044,
5478634763,-24.68168659,
5479234723,-24.79227682,
5479834683,-24.84501751,
5480434643,-24.65395331,
5481034603,-26.61266084,
5481634563,-25.95623418,
5482234523,-25.73656935,
5482834483,-23.96419168,
5483434443,-24.70423752,
5484034403,-25.20867983,
5484634363,-24.18500249,
5485234323,-24.88652793,
5485834283,-26.4795115,
5486434243,-23.84087237,
5487034203,-24.94620346,
5487634163,-23.8795303,
5488234123,-24.4681685,
5488834083,-24.85998131,
5489434043,-23.71287691,
5490034003,-24.12515562,
5490633963,-24.09378485,
5491233923,-24.89956594,
5491833883,-23.95227049,
5492433843,-24.98587081,
5493033803,-23.3398867,
5493633763,-23.66070013,
5494233723,-24.61025839,
5494833683,-23.18817531,
5495433643,-23.98957265,
5496033603,-24.99738964,
5496633563,-24.01800969,
5497233523,-25.18900364,
5497833483,-26.03099043,
5498433443,-24.50382481,
5499033403,-24.06401467,
5499633363,-25.55116056,
5500233323,-23.90330918,
5500833283,-23.8719588,
5501433243,-24.2107638,
5502033203,-24.98333809,
5502633163,-24.45852314,
5503233123,-23.83577073,
5503833083,-24.28494306,
5504433043,-23.5021476,
5505033003,-24.21075598,
5505632963,-25.36083277,
5506232923,-23.94239262,
5506832883,-24.6388175,
5507432843,-24.28386794,
5508032803,-24.6990593,
5508632763,-24.07592159,
5509232723,-23.80578874,
5509832683,-23.58545205,
5510432643,-24.64352036,
5511032603,-23.20749964,
5511632563,-24.07931096,
5512232523,-23.86328091,
5512832483,-24.16386765,
5513432443,-24.26228489,
5514032403,-23.21713123,
5514632363,-22.84190973,
5515232323,-24.34306586,
5515832283,-24.23694795,
5516432243,-23.14543276,
5517032203,-24.07421152,
5517632163,-23.10185856,
5518232123,-23.49748879,
5518832083,-24.0938436,
5519432043,-23.63346206,
5520032003,-22.84423903,
5520631963,-24.14230339,
5521231923,-24.27385972,
5521831883,-22.9026293,
5522431843,-22.654818,
5523031803,-23.07695308,
5523631763,-23.22096887,
5524231723,-23.13268023,
5524831683,-23.20878751,
5525431643,-23.48732331,
5526031603,-22.41617602,
5526631563,-23.70101135,
5527231523,-22.93085488,
5527831483,-23.15422193,
5528431443,-23.63567799,
5529031403,-23.23938139,
5529631363,-22.27293065,
5530231323,-23.01082867,
5530831283,-22.02232687,
5531431243,-22.60758531,
5532031203,-22.40996411,
5532631163,-22.19408973,
5533231123,-22.48917902,
5533831083,-22.58131272,
5534431043,-22.82634834,
5535031003,-22.30037457,
5535630963,-23.31112708,
5536230923,-22.10623292,
5536830883,-22.93152147,
5537430843,-22.62784461,
5538030803,-22.35003817,
5538630763,-22.59864511,
5539230722,-22.40377908,
5539830682,-22.98371103,
5540430642,-22.85689099,
5541030602,-22.69892518,
5541630562,-22.48924749,
5542230522,-22.25641273,
5542830482,-22.48650833,
5543430442,-22.81920524,
5544030402,-22.91326688,
5544630362,-22.78843482,
5545230322,-22.80823891,
5545830282,-22.29976496,
5546430242,-22.76275461,
5547030202,-22.94540077,
5547630162,-22.21369967,
5548230122,-21.70702529,
5548830082,-22.82827502,
5549430042,-23.16649468,
5550030002,-22.22975928,
5550629962,-22.6782377,
5551229922,-22.7263233,
5551829882,-21.94376017,
5552429842,-21.989368,
5553029802,-22.5193494,
5553629762,-22.26298621,
5554229722,-22.34768245,
5554829682,-21.25573266,
5555429642,-21.9598752,
5556029602,-21.69206104,
5556629562,-21.98087797,
5557229522,-22.3595484,
5557829482,-21.38395129,
5558429442,-21.93858456,
5559029402,-22.09952064,
5559629362,-21.69011554,
5560229322,-22.18821205,
5560829282,-21.51298791,
5561429242,-20.96139143,
5562029202,-22.15176603,
5562629162,-21.40793026,
5563229122,-21.81483432,
5563829082,-21.39995965,
5564429042,-21.63642388,
5565029002,-21.92194405,
5565628962,-21.94866415,
5566228922,-21.24844376,
5566828882,-20.85509892,
5567428842,-21.70411813,
5568028802,-21.46478858,
5568628762,-21.03009392,
5569228722,-21.58278899,
5569828682,-21.58161607,
5570428642,-21.3320374,
5571028602,-21.57521156,
5571628562,-20.87850051,
5572228522,-21.13171771,
5572828482,-20.78909386,
5573428442,-21.25830099,
5574028402,-21.17615004,
5574628362,-21.03312904,
5575228322,-21.11342247,
5575828282,-20.57701243,
5576428242,-21.21104108,
5577028202,-21.41136668,
5577628162,-21.41522885,
5578228122,-21.54165023,
5578828082,-20.55576713,
5579428042,-20.50483453,
5580028002,-20.93275231,
5580627962,-21.17574168,
5581227922,-21.24836314,
5581827882,-20.9387991,
5582427842,-21.03190143,
5583027802,-20.53762214,
5583627762,-21.14531742,
5584227722,-20.84577881,
5584827682,-20.41732735,
5585427642,-21.1844902,
5586027602,-21.13203327,
5586627562,-20.79031139,
5587227522,-20.78349878,
5587827482,-20.76403111,
5588427442,-20.77593449,
5589027402,-21.07078512,
5589627362,-20.98947663,
5590227322,-21.01103033,
5590827282,-20.68841368,
5591427242,-20.89725107,
5592027202,-20.71200311,
5592627162,-20.88096556,
5593227122,-20.94982873,
5593827082,-21.03199357,
5594427042,-20.66421279,
5595027002,-20.82532838,
5595626962,-20.52015499,
5596226922,-21.04907063,
5596826882,-20.65621103,
5597426842,-20.75154546,
5598026802,-21.18105111,
5598626762,-20.47039043,
5599226722,-20.44928135,
5599826682,-20.45320544,
5600426642,-20.38179241,
5601026602,-20.83481319,
5601626562,-20.80956076,
5602226522,-20.89537914,
5602826482,-20.33152602,
5603426442,-20.50950102,
5604026402,-20.92961695,
5604626362,-20.60902815,
5605226322,-21.05508512,
5605826282,-20.69906687,
5606426242,-21.11648759,
5607026202,-20.50203218,
5607626162,-20.84843505,
5608226122,-20.63670568,
5608826082,-20.71391976,
5609426042,-20.24354493,
5610026002,-20.69021868,
5610625962,-20.60769535,
5611225922,-20.67926215,
5611825882,-20.92446628,
5612425842,-21.05339327,
5613025802,-20.60533583,
5613625762,-20.8054935,
5614225722,-20.74306141,
5614825682,-20.75663006,
5615425642,-20.98348284,
5616025602,-20.9494293,
5616625562,-20.70147443,
5617225522,-20.88150533,
5617825482,-21.06202974,
5618425442,-20.56614613,
5619025402,-20.86743741,
5619625362,-21.18956426,
5620225322,-20.61724639,
5620825282,-21.07822237,
5621425242,-20.96269788,
5622025202,-20.48724936,
5622625162,-20.70466655,
5623225122,-20.79276985,
5623825082,-21.01653605,
5624425042,-20.74016938,
5625025002,-20.68794772,
5625624962,-20.89495097,
5626224922,-21.23234166,
5626824882,-20.30481309,
5627424842,-20.67801226,
5628024802,-20.99797904,
5628624762,-20.64111501,
5629224722,-21.52818712,
5629824682,-20.70533277,
5630424642,-21.26257125,
5631024602,-21.51368869,
5631624562,-21.65526709,
5632224522,-21.27260181,
5632824482,-21.34809325,
5633424442,-21.4279228,
5634024402,-21.43847418,
5634624362,-21.33765992,
5635224322,-21.13436206,
5635824282,-21.90744585,
5636424242,-21.87756243,
5637024202,-21.33690465,
5637624162,-21.78531789,
5638224122,-21.7571472,
5638824082,-21.47708488,
5639424042,-21.59326793,
5640024002,-21.75391678,
5640623962,-21.12259982,
5641223922,-21.10893048,
5641823882,-21.7287656,
5642423842,-21.96614724,
5643023802,-21.47244991,
5643623762,-21.43824164,
5644223722,-21.71145881,
5644823682,-21.3197633,
5645423642,-22.05255902,
5646023602,-21.99524687,
5646623562,-21.38638057,
5647223522,-22.20605024,
5647823482,-21.38935955,
5648423442,-21.63564558,
5649023402,-21.94068709,
5649623362,-21.91633655,
5650223322,-22.01792666,
5650823282,-21.88028771,
5651423242,-21.65437459,
5652023202,-21.36394043,
5652623162,-21.73429852,
5653223122,-22.23967131,
5653823082,-21.75179014,
5654423042,-22.25970043,
5655023002,-22.06084375,
5655622962,-22.36179059,
5656222922,-21.78704537,
5656822882,-22.13242954,
5657422842,-21.76228029,
5658022802,-21.53305052,
5658622762,-22.36854536,
5659222722,-22.20200463,
5659822682,-21.87245595,
5660422642,-22.42585209,
5661022602,-22.29586102,
5661622562,-21.51405229,
5662222522,-22.7113732,
5662822482,-22.32297073,
5663422442,-21.97048957,
5664022402,-22.8706736,
5664622362,-22.89191892,
5665222322,-21.79240965,
5665822282,-22.14271322,
5666422242,-22.37976131,
5667022202,-22.4012205,
5667622162,-21.76989547,
5668222122,-21.88786127,
5668822082,-23.1733,
5669422042,-23.17601946,
5670022002,-22.14942853,
5670621962,-23.07620277,
5671221922,-22.19988652,
5671821882,-22.63520194,
5672421842,-22.49834265,
5673021802,-23.0581939,
5673621762,-23.07657275,
5674221722,-22.36175612,
5674821682,-22.71080857,
5675421642,-22.63143034,
5676021602,-23.4238365,
5676621562,-22.78742813,
5677221522,-22.99406066,
5677821482,-23.37702371,
5678421442,-22.7775658,
5679021402,-22.46778068,
5679621362,-23.02680579,
5680221322,-23.0731586,
5680821282,-22.87828853,
5681421242,-23.22002946,
5682021202,-23.31194651,
5682621162,-22.54332705,
5683221122,-23.54707391,
5683821082,-24.85920776,
5684421042,-23.56335059,
5685021002,-24.01373553,
5685620962,-23.68761955,
5686220922,-23.85131383,
5686820882,-23.7471221,
5687420842,-22.49268575,
5688020802,-25.65625266,
5688620762,-22.72939517,
5689220722,-22.51614365,
5689820682,-23.25544452,
5690420642,-23.41726368,
5691020602,-23.78901745,
5691620562,-24.23836091,
5692220522,-24.35742701,
5692820481,-25.95895771,
5693420441,-24.36697496,
5694020401,-23.99217585,
5694620361,-25.15010722,
5695220321,-24.77719287,
5695820281,-24.96453097,
5696420241,-25.4125378,
5697020201,-24.5043675,
5697620161,-24.65760282,
5698220121,-23.92103823,
5698820081,-25.87296267,
5699420041,-24.18431833,
5700020001,-24.14917308,
5700619961,-23.22967859,
5701219921,-24.32455943,
5701819881,-23.14217682,
5702419841,-25.06765305,
5703019801,-25.06018027,
5703619761,-25.58836514,
5704219721,-24.57874102,
5704819681,-25.57142984,
5705419641,-25.07410361,
5706019601,-26.71702279,
5706619561,-25.54229743,
5707219521,-24.61881248,
5707819481,-24.79851337,
5708419441,-24.31543362,
5709019401,-25.53463427,
5709619361,-24.49413929,
5710219321,-24.41727863,
5710819281,-26.40872872,
5711419241,-26.13353176,
5712019201,-25.51549814,
5712619161,-26.01137475,
5713219121,-23.96318127,
5713819081,-24.89956408,
5714419041,-27.16103911,
5715019001,-24.86921862,
5715618961,-25.27184443,
5716218921,-26.11554079,
5716818881,-26.55165206,
5717418841,-25.27149863,
5718018801,-26.22122166,
5718618761,-27.27010297,
5719218721,-27.81775031,
5719818681,-26.41980303,
5720418641,-26.76340152,
5721018601,-26.75434354,
5721618561,-26.08403849,
5722218521,-27.21545722,
5722818481,-25.31354655,
5723418441,-24.91774807,
5724018401,-26.9693172,
5724618361,-29.16075845,
5725218321,-26.3786456,
5725818281,-26.70557857,
5726418241,-28.2536785,
5727018201,-25.40401912,
5727618161,-25.48440642,
5728218121,-26.2042008,
5728818081,-25.0552887,
5729418041,-27.61057755,
5730018001,-26.59189979,
5730617961,-27.27814161,
5731217921,-25.94686171,
5731817881,-28.77793734,
5732417841,-27.99639286,
5733017801,-27.52468915,
5733617761,-27.63569094,
5734217721,-27.02638972,
5734817681,-26.34687096,
5735417641,-27.95017792,
5736017601,-26.11818138,
5736617561,-26.35358299,
5737217521,-27.29297196,
5737817481,-26.3632291,
5738417441,-28.43090358,
5739017401,-27.30387151,
5739617361,-28.23185421,
5740217321,-27.68052294,
5740817281,-28.12768634,
5741417241,-26.40024334,
5742017201,-28.35827611,
5742617161,-26.7305296,
5743217121,-26.21724497,
5743817081,-26.89157626,
5744417041,-28.44490981,
5745017001,-29.99932635,
5745616961,-29.1632794,
5746216921,-28.55367562,
5746816881,-27.06131946,
5747416841,-27.28703405,
5748016801,-27.53095903,
5748616761,-27.81236541,
5749216721,-28.44312187,
5749816681,-30.12693818,
5750416641,-28.30129359,
5751016601,-27.81389924,
5751616561,-30.04681275,
5752216521,-28.76193931,
5752816481,-29.10830196,
5753416441,-26.66357209,
5754016401,-27.68041499,
5754616361,-28.19750367,
5755216321,-28.36863761,
5755816281,-30.09135761,
5756416241,-27.68750371,
5757016201,-29.37814878,
5757616161,-30.04189094,
5758216121,-27.66894188,
5758816081,-27.88461723,
5759416041,-28.53589867,
5760016001,-28.66162463,
5760615961,-28.2457255,
5761215921,-29.43656318,
5761815881,-28.7820316,
5762415841,-28.23363459,
5763015801,-27.64365853,
5763615761,-28.12052008,
5764215721,-27.51316289,
5764815681,-29.44685661,
5765415641,-29.93778167,
5766015601,-28.4477727,
5766615561,-27.78565182,
5767215521,-27.61738394,
5767815481,-29.68516173,
5768415441,-29.21233126,
5769015401,-29.02377426,
5769615361,-27.81503404,
5770215321,-28.85718833,
5770815281,-26.97644792,
5771415241,-27.06172903,
5772015201,-28.51814125,
5772615161,-28.26286153,
5773215121,-28.42384647,
5773815081,-29.19790436,
5774415041,-27.2954074,
5775015001,-27.81805579,
5775614961,-26.03242602,
5776214921,-26.80719645,
5776814881,-28.23407104,
5777414841,-28.39544863,
5778014801,-27.33913391,
5778614761,-26.07418497,
5779214721,-27.39986001,
5779814681,-26.58068384,
5780414641,-29.08197324,
5781014601,-25.53598176,
5781614561,-26.25153862,
5782214521,-28.00764202,
5782814481,-25.85670213,
5783414441,-27.42803808,
5784014401,-25.80375475,
5784614361,-25.20434248,
5785214321,-25.52165085,
5785814281,-26.37279543,
5786414241,-26.93260588,
5787014201,-28.59988566,
5787614161,-27.35997652,
5788214121,-25.83383742,
5788814081,-25.25598814,
5789414041,-25.85226356,
5790014001,-26.21284193,
5790613961,-27.62138859,
5791213921,-25.41552442,
5791813881,-24.92526891,
5792413841,-25.23977646,
5793013801,-24.84240817,
5793613761,-25.98861074,
5794213721,-25.67349051,
5794813681,-25.93211662,
5795413641,-25.53122798,
5796013601,-25.58604369,
5796613561,-25.427963,
5797213521,-26.89849832,
5797813481,-26.45992146,
5798413441,-25.97234754,
5799013401,-25.57850159,
5799613361,-25.96598373,
5800213321,-25.99603323,
5800813281,-24.46929053,
5801413241,-25.56848146,
5802013201,-24.87437007,
5802613161,-26.88482801,
5803213121,-26.31218867,
5803813081,-24.84950487,
5804413041,-24.87478391,
5805013001,-27.47348876,
5805612961,-24.91227515,
5806212921,-24.90794555,
5806812881,-25.34149055,
5807412841,-24.44929625,
5808012801,-24.36664738,
5808612761,-22.8989151,
5809212721,-25.9744803,
5809812681,-25.40397894,
5810412641,-23.98020797,
5811012601,-24.69084145,
5811612561,-25.72089495,
5812212521,-25.56588629,
5812812481,-24.67703535,
5813412441,-24.12659764,
5814012401,-25.12517296,
5814612361,-24.56110716,
5815212321,-24.31672849,
5815812281,-23.63672559,
5816412241,-23.35118757,
5817012201,-22.99370903,
5817612161,-24.52971752,
5818212121,-23.05425562,
5818812081,-25.3656164,
5819412041,-23.59570051,
5820012001,-22.94034793,
5820611961,-25.29553878,
5821211921,-23.52936011,
5821811881,-23.98327013,
5822411841,-24.71444287,
5823011801,-24.67170416,
5823611761,-22.94798437,
5824211721,-24.63038827,
5824811681,-24.40048469,
5825411641,-23.46434426,
5826011601,-25.04021546,
5826611561,-23.76587242,
5827211521,-22.78713272,
5827811481,-24.40834866,
5828411441,-24.15133415,
5829011401,-23.21316688,
5829611361,-23.66037509,
5830211321,-24.01538522,
5830811281,-23.36191236,
5831411241,-23.99491551,
5832011201,-23.77835972,
5832611161,-22.87625609,
5833211121,-23.59046511,
5833811081,-21.91709642,
5834411041,-23.17206445,
5835011001,-23.74552406,
5835610961,-22.55651605,
5836210921,-22.24305915,
5836810881,-22.61646177,
5837410841,-22.84215674,
5838010801,-22.6449748,
5838610761,-23.34948641,
5839210721,-23.31412779,
5839810681,-23.31415588,
5840410641,-24.11007593,
5841010601,-22.26881477,
5841610561,-23.01329833,
5842210521,-22.60117241,
5842810481,-23.44326202,
5843410441,-22.73123722,
5844010401,-22.42889235,
5844610361,-22.59456587,
5845210321,-22.31040559,
5845810281,-22.63132916,
5846410240,-22.72702445,
5847010200,-21.66497013,
5847610160,-22.66437281,
5848210120,-22.36292239,
5848810080,-22.26425187,
5849410040,-22.23400698,
5850010000,-22.60774443,
5850609960,-22.44362937,
5851209920,-22.6896257,
5851809880,-22.22950491,
5852409840,-21.85658091,
5853009800,-21.89675368,
5853609760,-21.57889203,
5854209720,-22.99367472,
5854809680,-21.65293796,
5855409640,-22.43012636,
5856009600,-22.44727135,
5856609560,-21.99253713,
5857209520,-22.62551042,
5857809480,-22.37610337,
5858409440,-21.93849323,
5859009400,-21.50569549,
5859609360,-21.80911668,
5860209320,-21.88591289,
5860809280,-21.94230913,
5861409240,-21.76960848,
5862009200,-21.91014522,
5862609160,-22.05644695,
5863209120,-21.30470987,
5863809080,-21.43431314,
5864409040,-21.52133331,
5865009000,-21.85647559,
5865608960,-21.81004136,
5866208920,-22.04763004,
5866808880,-21.95190373,
5867408840,-22.04252288,
5868008800,-21.67716478,
5868608760,-21.41932921,
5869208720,-21.5582428,
5869808680,-21.60214473,
5870408640,-21.34655334,
5871008600,-21.03499222,
5871608560,-21.81843163,
5872208520,-21.33683593,
5872808480,-21.87732088,
5873408440,-21.38753841,
5874008400,-21.6380223,
5874608360,-21.41082671,
5875208320,-20.83194291,
5875808280,-21.62650656,
5876408240,-21.63129352,
5877008200,-21.53118399,
5877608160,-21.29112971,
5878208120,-21.54390536,
5878808080,-21.38014879,
5879408040,-20.89684237,
5880008000,-21.60826251,
5880607960,-21.56715175,
5881207920,-21.78604698,
5881807880,-21.21585484,
5882407840,-21.41696968,
5883007800,-20.65372244,
5883607760,-21.38530852,
5884207720,-20.87813073,
5884807680,-21.04953546,
5885407640,-20.67944763,
5886007600,-21.17884166,
5886607560,-20.60051002,
5887207520,-20.61252146,
5887807480,-20.90384258,
5888407440,-21.06462304,
5889007400,-21.05583582,
5889607360,-21.33419004,
5890207320,-21.32088162,
5890807280,-21.4246509,
5891407240,-20.51116718,
5892007200,-21.32500502,
5892607160,-20.33535882,
5893207120,-21.38337818,
5893807080,-20.98592519,
5894407040,-21.12999947,
5895007000,-21.2019917,
5895606960,-20.88945555,
5896206920,-20.47996797,
5896806880,-20.13191105,
5897406840,-21.3032565,
5898006800,-21.1325863,
5898606760,-20.8601861,
5899206720,-20.65525973,
5899806680,-21.29953092,
5900406640,-20.6952956,
5901006600,-20.99275589,
5901606560,-21.17519061,
5902206520,-21.05328099,
5902806480,-20.97298058,
5903406440,-21.32447518,
5904006400,-20.52973875,
5904606360,-20.93262042,
5905206320,-21.18996342,
5905806280,-20.52456995,
5906406240,-20.81491766,
5907006200,-21.06596095,
5907606160,-21.02090232,
5908206120,-20.84546684,
5908806080,-21.26970844,
5909406040,-20.80682381,
5910006000,-20.87676439,
5910605960,-20.80890054,
5911205920,-21.2222893,
5911805880,-21.16409793,
5912405840,-20.64992769,
5913005800,-20.96443946,
5913605760,-20.67406354,
5914205720,-21.02550872,
5914805680,-20.9563903,
5915405640,-20.99567605,
5916005600,-20.96236678,
5916605560,-20.24004237,
5917205520,-21.45344937,
5917805480,-21.29674822,
5918405440,-20.93288927,
5919005400,-21.13602713,
5919605360,-21.51219123,
5920205320,-21.03871373,
5920805280,-21.1157477,
5921405240,-21.40675397,
5922005200,-21.42508087,
5922605160,-20.95873961,
5923205120,-21.12711746,
5923805080,-20.90922328,
5924405040,-21.48928615,
5925005000,-21.33154415,
5925604960,-21.06924474,
5926204920,-21.45747745,
5926804880,-21.35030452,
5927404840,-21.38412028,
5928004800,-20.94102345,
5928604760,-21.45080038,
5929204720,-21.31613222,
5929804680,-21.62325013,
5930404640,-21.0727848,
5931004600,-21.23210165,
5931604560,-21.59625195,
5932204520,-20.85440734,
5932804480,-21.27329049,
5933404440,-20.95553269,
5934004400,-21.13651937,
5934604360,-21.86366901,
5935204320,-21.45858586,
5935804280,-21.49208183,
5936404240,-22.18742559,
5937004200,-21.66740928,
5937604160,-20.908582,
5938204120,-21.75102207,
5938804080,-20.98173572,
5939404040,-21.13581121,
5940004000,-21.34565073,
5940603960,-22.14621592,
5941203920,-21.15769858,
5941803880,-21.2086307,
5942403840,-22.018685,
5943003800,-21.50881536,
5943603760,-21.6347871,
5944203720,-21.36768635,
5944803680,-21.33660146,
5945403640,-22.40440541,
5946003600,-21.60387796,
5946603560,-22.08110488,
5947203520,-21.65218494,
5947803480,-22.15386271,
5948403440,-21.92272004,
5949003400,-21.94079151,
5949603360,-21.45787914,
5950203320,-21.37282143,
5950803280,-21.83683697,
5951403240,-22.25750895,
5952003200,-21.05613884,
5952603160,-21.96213835,
5953203120,-21.64956128,
5953803080,-21.6801868,
5954403040,-22.36041453,
5955003000,-22.0173714,
5955602960,-22.41402615,
5956202920,-22.45364617,
5956802880,-21.83997358,
5957402840,-22.85065798,
5958002800,-23.48933399,
5958602760,-22.77620313,
5959202720,-22.0090929,
5959802680,-22.7105575,
5960402640,-21.86711713,
5961002600,-22.34083549,
5961602560,-21.97616337,
5962202520,-22.40584281,
5962802480,-22.24442303,
5963402440,-22.75628372,
5964002400,-22.21928588,
5964602360,-22.16827658,
5965202320,-22.42985157,
5965802280,-21.82786919,
5966402240,-23.18475252,
5967002200,-22.8014581,
5967602160,-23.17424374,
5968202120,-21.84763363,
5968802080,-22.5293041,
5969402040,-23.04476636,
5970002000,-23.03491594,
5970601960,-23.88450312,
5971201920,-23.2375217,
5971801880,-22.92753052,
5972401840,-23.65611002,
5973001800,-24.59914333,
5973601760,-23.22666141,
5974201720,-22.68749853,
5974801680,-23.58695709,
5975401640,-23.78527914,
5976001600,-24.17705841,
5976601560,-23.13631757,
5977201520,-24.84974267,
5977801480,-24.36215771,
5978401440,-23.24575857,
5979001400,-23.98888672,
5979601360,-22.63834701,
5980201320,-23.19559794,
5980801280,-23.92285522,
5981401240,-24.04826553,
5982001200,-23.91555914,
5982601160,-25.44924294,
5983201120,-24.27063967,
5983801080,-23.67129898,
5984401040,-24.93543523,
5985001000,-22.93857303,
5985600960,-24.86854217,
5986200920,-24.85000217,
5986800880,-24.10482252,
5987400840,-24.00947872,
5988000800,-23.50573149,
5988600760,-25.40315556,
5989200720,-25.9471885,
5989800680,-26.58197831,
5990400640,-24.86169063,
5991000600,-25.27641177,
5991600560,-25.81352504,
5992200520,-25.8627168,
5992800480,-25.14429445,
5993400440,-25.70815384,
5994000400,-28.7578884,
5994600360,-27.09315147,
5995200320,-26.43884569,
5995800280,-27.72455437,
5996400240,-27.39390945,
5997000200,-25.8310866,
5997600160,-26.5680854,
5998200120,-28.10922605,
5998800080,-24.84980085,
5999400040,-26.84219269,
6000000000,-26.66015106,
