Frequency,S12_Magnitude,
1000000,-3.480107028,
1599959,-3.320463167,
2199919,-3.298466932,
2799879,-3.015075166,
3399839,-2.958760118,
3999799,-3.02644938,
4599759,-3.036320558,
5199719,-3.101902375,
5799679,-3.00206592,
6399639,-3.191472293,
6999599,-3.276145402,
7599559,-3.435548682,
8199519,-3.520898952,
8799479,-3.592856551,
9399439,-3.846187535,
9999399,-3.979310477,
10599359,-4.053010885,
11199319,-4.248259257,
11799279,-4.327620781,
12399239,-4.695784235,
12999199,-4.752936422,
13599159,-4.959552341,
14199119,-5.066770003,
14799079,-5.377261001,
15399039,-5.510584655,
15998999,-5.762938699,
16598959,-5.92115695,
17198919,-6.203975253,
17798879,-6.455995864,
18398839,-6.61434541,
18998799,-6.845727177,
19598759,-7.2033241,
20198719,-7.272165035,
20798679,-7.429062527,
21398639,-7.850145912,
21998599,-8.0402572,
22598559,-8.228814474,
23198519,-8.614546639,
23798479,-8.764101218,
24398439,-8.959682983,
24998399,-9.366167322,
25598359,-9.465607348,
26198319,-9.944928759,
26798279,-10.25063371,
27398239,-10.41805499,
27998199,-10.58378713,
28598159,-10.96582665,
29198119,-11.32865496,
29798079,-11.92019005,
30398039,-12.14491897,
30997999,-12.31456083,
31597959,-12.70528792,
32197919,-13.21396155,
32797879,-13.61177522,
33397839,-14.32990484,
33997799,-14.38072526,
34597759,-14.97211644,
35197719,-15.29598141,
35797679,-15.82422126,
36397639,-16.25014101,
36997599,-17.55713687,
37597559,-17.85527503,
38197519,-18.11235901,
38797479,-18.71270292,
39397439,-19.41782678,
39997399,-20.12403583,
40597359,-21.76038132,
41197319,-22.76293892,
41797279,-23.50369767,
42397239,-24.92260508,
42997199,-25.97438244,
43597159,-27.82733034,
44197119,-34.35087665,
44797079,-38.61619836,
45397039,-38.40878949,
45996999,-42.7442238,
46596959,-39.36781588,
47196919,-40.03522748,
47796879,-32.69132345,
48396839,-26.88847096,
48996799,-25.72010766,
49596759,-24.64901441,
50196719,-23.23689659,
50796679,-22.74273433,
51396639,-22.06762168,
51996599,-21.02731541,
52596559,-19.77565929,
53196519,-18.84301536,
53796479,-18.30864253,
54396439,-17.71586485,
54996399,-17.1317668,
55596359,-16.7081133,
56196319,-15.61519779,
56796279,-15.40058769,
57396239,-15.03116816,
57996199,-14.5480019,
58596159,-14.12975483,
59196119,-13.94143495,
59796079,-13.24877351,
60396039,-12.96568219,
60995999,-12.70513798,
61595959,-12.39893502,
62195919,-12.05226706,
62795879,-11.62359005,
63395839,-11.37727356,
63995799,-11.24114521,
64595759,-11.06377718,
65195719,-10.74598248,
65795679,-10.28048981,
66395639,-10.0788384,
66995599,-10.1258658,
67595559,-9.78868393,
68195519,-9.36984228,
68795479,-9.247079438,
69395439,-8.93185031,
69995399,-8.856968217,
70595359,-8.684333724,
71195319,-8.582484401,
71795279,-8.42912576,
72395239,-8.187102446,
72995199,-7.982259849,
73595159,-7.92427955,
74195119,-7.818481969,
74795079,-7.497566497,
75395039,-7.454202143,
75994999,-7.206135595,
76594959,-7.152931643,
77194919,-7.047682452,
77794879,-6.962353492,
78394839,-6.82456502,
78994799,-6.739891345,
79594759,-6.709170382,
80194719,-6.461583789,
80794679,-6.453906893,
81394639,-6.195170603,
81994599,-6.202744054,
82594559,-6.146380296,
83194519,-6.009714789,
83794479,-5.971002666,
84394439,-5.909273726,
84994399,-5.75253628,
85594359,-5.58774729,
86194319,-5.576805759,
86794279,-5.636692803,
87394239,-5.551244548,
87994199,-5.519233799,
88594159,-5.390285402,
89194119,-5.314717595,
89794079,-5.274124956,
90394039,-5.161532665,
90993999,-5.143971816,
91593959,-5.132320497,
92193919,-5.100590734,
92793879,-5.078189875,
93393839,-5.004525705,
93993799,-5.026770318,
94593759,-4.89118787,
95193719,-4.900705926,
95793679,-4.809194799,
96393639,-4.745708032,
96993599,-4.738359731,
97593559,-4.6740248,
98193519,-4.638696669,
98793479,-4.602271998,
99393439,-4.643385788,
99993399,-4.57245909,
100593359,-4.578899328,
101193319,-4.579674062,
101793279,-4.465251063,
102393239,-4.48774388,
102993199,-4.468701232,
103593159,-4.412413274,
104193119,-4.360748294,
104793079,-4.433301844,
105393039,-4.366065332,
105992999,-4.379628757,
106592959,-4.295674593,
107192919,-4.274069809,
107792879,-4.327487917,
108392839,-4.332395096,
108992799,-4.232464021,
109592759,-4.271811481,
110192719,-4.274620136,
110792679,-4.20695665,
111392639,-4.298663359,
111992599,-4.263944689,
112592559,-4.205708201,
113192519,-4.232215444,
113792479,-4.103274701,
114392439,-4.1301109,
114992399,-4.244152793,
115592359,-4.11382246,
116192319,-4.200144812,
116792279,-4.192509157,
117392239,-4.174292914,
117992199,-4.1036851,
118592159,-4.138165554,
119192119,-4.168749885,
119792079,-4.16082849,
120392039,-4.204324752,
120991999,-4.130605208,
121591959,-4.123544353,
122191919,-4.039744832,
122791879,-4.055999126,
123391839,-4.023927639,
123991799,-4.092896622,
124591759,-4.04115503,
125191719,-4.053758274,
125791679,-4.061309547,
126391639,-4.028699947,
126991599,-4.027582626,
127591559,-4.070150713,
128191519,-4.03776067,
128791479,-4.003142764,
129391439,-4.022193349,
129991399,-4.080713078,
130591359,-4.009928699,
131191319,-3.934899241,
131791279,-3.983735061,
132391239,-4.0246108,
132991199,-4.043862517,
133591159,-4.065797486,
134191119,-4.021538329,
134791079,-3.970467214,
135391039,-4.039752235,
135990999,-4.164835464,
136590959,-4.035252679,
137190919,-4.051646328,
137790879,-4.074009949,
138390839,-3.958430394,
138990799,-4.09384608,
139590759,-4.091424914,
140190719,-4.077400785,
140790679,-4.098780581,
141390639,-4.068776504,
141990599,-3.948103132,
142590559,-3.99669177,
143190519,-4.029064359,
143790479,-4.065901042,
144390438,-4.086757563,
144990398,-4.05815586,
145590358,-3.954309745,
146190318,-4.021392647,
146790278,-3.977103605,
147390238,-3.976532466,
147990198,-3.974581162,
148590158,-3.999775508,
149190118,-3.899649335,
149790078,-4.017221687,
150390038,-4.019420363,
150989998,-3.941478631,
151589958,-4.051838876,
152189918,-3.954741455,
152789878,-3.924594862,
153389838,-4.010398741,
153989798,-4.031991525,
154589758,-4.019730568,
155189718,-4.023574592,
155789678,-4.010749029,
156389638,-4.033515893,
156989598,-3.965759068,
157589558,-4.051527386,
158189518,-3.975300331,
158789478,-4.03503973,
159389438,-3.997897321,
159989398,-4.086968369,
160589358,-3.844661075,
161189318,-3.991960551,
161789278,-3.971022059,
162389238,-3.994777852,
162989198,-3.96113519,
163589158,-4.030634567,
164189118,-3.983362553,
164789078,-4.067291696,
165389038,-3.977664811,
165988998,-4.053372144,
166588958,-3.930943843,
167188918,-4.10825096,
167788878,-4.08352136,
168388838,-4.064883005,
168988798,-4.107910018,
169588758,-4.043945685,
170188718,-4.009113767,
170788678,-3.965512523,
171388638,-4.15387853,
171988598,-3.988510269,
172588558,-4.057962803,
173188518,-3.945644653,
173788478,-4.026071853,
174388438,-4.060502348,
174988398,-3.96127142,
175588358,-4.066284141,
176188318,-3.903919842,
176788278,-3.945740865,
177388238,-3.96176783,
177988198,-4.009597934,
178588158,-3.975650081,
179188118,-4.107219769,
179788078,-3.979242899,
180388038,-4.059279896,
180987998,-4.090773022,
181587958,-4.159539294,
182187918,-4.024318679,
182787878,-4.009679579,
183387838,-3.966137102,
183987798,-4.012919873,
184587758,-3.995535615,
185187718,-3.977793773,
185787678,-3.988689018,
186387638,-4.027906424,
186987598,-3.89482194,
187587558,-3.936703787,
188187518,-3.964068428,
188787478,-3.892759,
189387438,-3.966515045,
189987398,-3.957891338,
190587358,-3.817228854,
191187318,-3.892739519,
191787278,-3.892111567,
192387238,-3.957349912,
192987198,-3.876190588,
193587158,-3.937638928,
194187118,-3.925860915,
194787078,-3.869509301,
195387038,-3.880284036,
195986998,-3.849784522,
196586958,-3.815985049,
197186918,-3.88836492,
197786878,-3.862069264,
198386838,-3.861920184,
198986798,-3.769859753,
199586758,-3.804435127,
200186718,-3.798374362,
200786678,-3.891170103,
201386638,-3.861162119,
201986598,-3.817989565,
202586558,-3.805097277,
203186518,-3.804664953,
203786478,-3.695969877,
204386438,-3.771634466,
204986398,-3.829360977,
205586358,-3.866976382,
206186318,-3.758760421,
206786278,-3.652715745,
207386238,-3.796060765,
207986198,-3.699536994,
208586158,-3.709240931,
209186118,-3.797567439,
209786078,-3.732195082,
210386038,-3.677102023,
210985998,-3.779443105,
211585958,-3.750453594,
212185918,-3.702485886,
212785878,-3.785400277,
213385838,-3.708418629,
213985798,-3.647862846,
214585758,-3.589470693,
215185718,-3.707927318,
215785678,-3.64162165,
216385638,-3.572582205,
216985598,-3.693513527,
217585558,-3.610212907,
218185518,-3.704768088,
218785478,-3.609543921,
219385438,-3.628463714,
219985398,-3.567882296,
220585358,-3.616309821,
221185318,-3.668971983,
221785278,-3.610793544,
222385238,-3.604765987,
222985198,-3.620166485,
223585158,-3.584205401,
224185118,-3.616294935,
224785078,-3.592541302,
225385038,-3.582392873,
225984998,-3.51623402,
226584958,-3.482888921,
227184918,-3.555499776,
227784878,-3.509029193,
228384838,-3.585679835,
228984798,-3.542077382,
229584758,-3.49230805,
230184718,-3.522995117,
230784678,-3.384915011,
231384638,-3.342010967,
231984598,-3.461335596,
232584558,-3.42522406,
233184518,-3.338074554,
233784478,-3.449593744,
234384438,-3.412882548,
234984398,-3.330165008,
235584358,-3.396002112,
236184318,-3.351648001,
236784278,-3.378164357,
237384238,-3.298924228,
237984198,-3.301577854,
238584158,-3.320483725,
239184118,-3.332895159,
239784078,-3.421157186,
240384038,-3.285919539,
240983998,-3.268849071,
241583958,-3.291123531,
242183918,-3.373702188,
242783878,-3.259719367,
243383838,-3.27366023,
243983798,-3.269447767,
244583758,-3.271872496,
245183718,-3.297514724,
245783678,-3.297549016,
246383638,-3.216038257,
246983598,-3.275218233,
247583558,-3.223859923,
248183518,-3.274855451,
248783478,-3.231861917,
249383438,-3.219514866,
249983398,-3.253540519,
250583358,-3.251173628,
251183318,-3.232982609,
251783278,-3.251883726,
252383238,-3.260318634,
252983198,-3.242171225,
253583158,-3.216064254,
254183118,-3.264226414,
254783078,-3.263636578,
255383038,-3.261429576,
255982998,-3.309717303,
256582958,-3.323149737,
257182918,-3.237510447,
257782878,-3.297104876,
258382838,-3.299921503,
258982798,-3.31730658,
259582758,-3.202726785,
260182718,-3.279669255,
260782678,-3.248126016,
261382638,-3.390935468,
261982598,-3.261670739,
262582558,-3.314891495,
263182518,-3.312779796,
263782478,-3.297789855,
264382438,-3.26945752,
264982398,-3.370443729,
265582358,-3.276970495,
266182318,-3.294757281,
266782278,-3.294043764,
267382238,-3.264542146,
267982198,-3.338546106,
268582158,-3.376501262,
269182118,-3.28053638,
269782078,-3.277473275,
270382038,-3.346681086,
270981998,-3.312085876,
271581958,-3.301564326,
272181918,-3.322554069,
272781878,-3.328580365,
273381838,-3.383009358,
273981798,-3.366665639,
274581758,-3.400016013,
275181718,-3.384685453,
275781678,-3.323002516,
276381638,-3.343963897,
276981598,-3.408474295,
277581558,-3.387728209,
278181518,-3.406878836,
278781478,-3.421761616,
279381438,-3.441864759,
279981398,-3.428503136,
280581358,-3.319059868,
281181318,-3.374286405,
281781278,-3.368236743,
282381238,-3.433096005,
282981198,-3.459278593,
283581158,-3.365367858,
284181118,-3.418015706,
284781078,-3.51453676,
285381038,-3.462947462,
285980998,-3.42521849,
286580958,-3.468210942,
287180917,-3.522483896,
287780877,-3.489555713,
288380837,-3.467160252,
288980797,-3.527136129,
289580757,-3.499596805,
290180717,-3.521390552,
290780677,-3.510918645,
291380637,-3.499404921,
291980597,-3.498428099,
292580557,-3.561293912,
293180517,-3.558006493,
293780477,-3.473574988,
294380437,-3.565019059,
294980397,-3.454632898,
295580357,-3.504206537,
296180317,-3.545620237,
296780277,-3.649757601,
297380237,-3.502482946,
297980197,-3.621591832,
298580157,-3.64018107,
299180117,-3.558544519,
299780077,-3.643128766,
300380037,-3.665680087,
300979997,-3.596712203,
301579957,-3.693447867,
302179917,-3.697418966,
302779877,-3.662113289,
303379837,-3.663086858,
303979797,-3.632579722,
304579757,-3.625314113,
305179717,-3.633594154,
305779677,-3.672904986,
306379637,-3.713471773,
306979597,-3.675227164,
307579557,-3.723329887,
308179517,-3.687752143,
308779477,-3.669509214,
309379437,-3.802759554,
309979397,-3.773545641,
310579357,-3.751294035,
311179317,-3.773017691,
311779277,-3.761682211,
312379237,-3.731872231,
312979197,-3.847901787,
313579157,-3.822052443,
314179117,-3.78487689,
314779077,-3.820013056,
315379037,-3.848626943,
315978997,-3.876798129,
316578957,-3.845076525,
317178917,-3.880618657,
317778877,-3.84023353,
318378837,-3.919872818,
318978797,-3.861515774,
319578757,-3.878696217,
320178717,-3.813101376,
320778677,-3.870234064,
321378637,-3.821128515,
321978597,-3.837476654,
322578557,-3.867353367,
323178517,-3.884391937,
323778477,-3.859746719,
324378437,-3.909270033,
324978397,-3.938071107,
325578357,-3.897659947,
326178317,-3.976165598,
326778277,-3.92717478,
327378237,-3.915783954,
327978197,-3.725483681,
328578157,-3.81220592,
329178117,-3.897406399,
329778077,-3.730398691,
330378037,-3.93769462,
330977997,-3.896811054,
331577957,-3.858452162,
332177917,-3.847126792,
332777877,-3.921935153,
333377837,-3.830197282,
333977797,-3.779221613,
334577757,-3.786751691,
335177717,-3.800747125,
335777677,-3.82152324,
336377637,-3.882706211,
336977597,-3.868731443,
337577557,-3.896719514,
338177517,-3.834210978,
338777477,-3.87989109,
339377437,-3.862964663,
339977397,-3.867474519,
340577357,-3.824423857,
341177317,-3.863397827,
341777277,-3.863307993,
342377237,-3.846700866,
342977197,-3.822814514,
343577157,-3.853530757,
344177117,-3.777833235,
344777077,-3.85986334,
345377037,-3.814367421,
345976997,-4.021858173,
346576957,-3.731739643,
347176917,-3.798950878,
347776877,-3.808140673,
348376837,-3.849824842,
348976797,-3.811468041,
349576757,-3.791712791,
350176717,-3.756866423,
350776677,-3.840152358,
351376637,-3.831470294,
351976597,-3.777519929,
352576557,-3.834614363,
353176517,-3.805163943,
353776477,-3.812190132,
354376437,-3.745439403,
354976397,-3.73781881,
355576357,-3.772188424,
356176317,-3.814404149,
356776277,-3.811104881,
357376237,-3.678560801,
357976197,-3.808377572,
358576157,-3.765102834,
359176117,-3.773524416,
359776077,-3.725287293,
360376037,-3.720162434,
360975997,-3.735794052,
361575957,-3.790778078,
362175917,-3.680556976,
362775877,-3.768279737,
363375837,-3.754655955,
363975797,-3.635422425,
364575757,-3.685677298,
365175717,-3.676863962,
365775677,-3.803828335,
366375637,-3.690369285,
366975597,-3.674865086,
367575557,-3.692279939,
368175517,-3.659007418,
368775477,-3.596885078,
369375437,-3.617571256,
369975397,-3.695258372,
370575357,-3.652321118,
371175317,-3.616488441,
371775277,-3.631011046,
372375237,-3.613551517,
372975197,-3.520762856,
373575157,-3.638625572,
374175117,-3.603379771,
374775077,-3.472472016,
375375037,-3.592093215,
375974997,-3.565007098,
376574957,-3.532254801,
377174917,-3.634113274,
377774877,-3.564471629,
378374837,-3.537117905,
378974797,-3.583506273,
379574757,-3.529666782,
380174717,-3.54655556,
380774677,-3.545755749,
381374637,-3.538088757,
381974597,-3.516610269,
382574557,-3.543297819,
383174517,-3.517118003,
383774477,-3.566389773,
384374437,-3.498212862,
384974397,-3.506340508,
385574357,-3.481646036,
386174317,-3.499745428,
386774277,-3.497501306,
387374237,-3.44625811,
387974197,-3.512110413,
388574157,-3.49121858,
389174117,-3.505136311,
389774077,-3.448389173,
390374037,-3.430549856,
390973997,-3.521415213,
391573957,-3.467636163,
392173917,-3.403581927,
392773877,-3.380902389,
393373837,-3.407580244,
393973797,-3.402475909,
394573757,-3.41456591,
395173717,-3.367604927,
395773677,-3.380386898,
396373637,-3.40406314,
396973597,-3.42037201,
397573557,-3.432192744,
398173517,-3.339791475,
398773477,-3.333690941,
399373437,-3.339229549,
399973397,-3.362582989,
400573357,-3.397906458,
401173317,-3.349565009,
401773277,-3.42909446,
402373237,-3.357228924,
402973197,-3.425292762,
403573157,-3.376706385,
404173117,-3.325148992,
404773077,-3.346245942,
405373037,-3.330630535,
405972997,-3.261006167,
406572957,-3.335161712,
407172917,-3.401091135,
407772877,-3.339415249,
408372837,-3.335744121,
408972797,-3.427672912,
409572757,-3.416885892,
410172717,-3.379099825,
410772677,-3.291359058,
411372637,-3.315829263,
411972597,-3.447437366,
412572557,-3.400058675,
413172517,-3.343870752,
413772477,-3.400357897,
414372437,-3.379282623,
414972397,-3.336154688,
415572357,-3.351012152,
416172317,-3.374464201,
416772277,-3.313739696,
417372237,-3.341350471,
417972197,-3.298171239,
418572157,-3.328717113,
419172117,-3.303754384,
419772077,-3.348157274,
420372037,-3.305013611,
420971997,-3.367872144,
421571957,-3.381048729,
422171917,-3.291691631,
422771877,-3.174891841,
423371837,-3.308661863,
423971797,-3.290372547,
424571757,-3.180480499,
425171717,-3.253661408,
425771677,-3.294195924,
426371637,-3.261928992,
426971597,-3.348072012,
427571557,-3.279701003,
428171517,-3.247496452,
428771477,-3.197138012,
429371437,-3.292283671,
429971396,-3.258158342,
430571356,-3.237892501,
431171316,-3.272756419,
431771276,-3.18413938,
432371236,-3.242875223,
432971196,-3.278049569,
433571156,-3.269964585,
434171116,-3.112010693,
434771076,-3.280690775,
435371036,-3.109952115,
435970996,-3.29078905,
436570956,-3.23501249,
437170916,-3.233550361,
437770876,-3.211641798,
438370836,-3.231647366,
438970796,-3.291103541,
439570756,-3.266697437,
440170716,-3.164734954,
440770676,-3.168809838,
441370636,-3.191188778,
441970596,-3.176499151,
442570556,-3.179416261,
443170516,-3.248882603,
443770476,-3.312592131,
444370436,-3.19718739,
444970396,-3.245428545,
445570356,-3.187218431,
446170316,-3.222740229,
446770276,-3.157844694,
447370236,-3.084463663,
447970196,-3.217713201,
448570156,-3.264147689,
449170116,-3.265109037,
449770076,-3.241656835,
450370036,-3.228659405,
450969996,-3.182033101,
451569956,-3.150575547,
452169916,-3.196050924,
452769876,-3.168998357,
453369836,-3.13916157,
453969796,-3.232555138,
454569756,-3.21970408,
455169716,-3.166806,
455769676,-3.156936887,
456369636,-3.171369411,
456969596,-3.247123446,
457569556,-3.151661482,
458169516,-3.152886107,
458769476,-3.246282689,
459369436,-3.08824343,
459969396,-3.290799231,
460569356,-3.247056113,
461169316,-3.232468664,
461769276,-3.202924342,
462369236,-3.147945081,
462969196,-3.276796077,
463569156,-3.222656626,
464169116,-3.207280763,
464769076,-3.265971604,
465369036,-3.165921111,
465968996,-3.276170081,
466568956,-3.170898219,
467168916,-3.294951983,
467768876,-3.173072275,
468368836,-3.273064996,
468968796,-3.325556144,
469568756,-3.290828639,
470168716,-3.292350788,
470768676,-3.172602551,
471368636,-3.254376156,
471968596,-3.316132978,
472568556,-3.302025765,
473168516,-3.349005263,
473768476,-3.399211947,
474368436,-3.243640745,
474968396,-3.320758593,
475568356,-3.277440454,
476168316,-3.29014847,
476768276,-3.244338188,
477368236,-3.248973135,
477968196,-3.319240776,
478568156,-3.212581942,
479168116,-3.33902008,
479768076,-3.318897312,
480368036,-3.34650937,
480967996,-3.314434866,
481567956,-3.368681499,
482167916,-3.384307495,
482767876,-3.402091408,
483367836,-3.392294801,
483967796,-3.457592994,
484567756,-3.447646611,
485167716,-3.421451244,
485767676,-3.347613978,
486367636,-3.38162821,
486967596,-3.397815041,
487567556,-3.415313239,
488167516,-3.382345994,
488767476,-3.419314165,
489367436,-3.331241666,
489967396,-3.380928203,
490567356,-3.404398667,
491167316,-3.530541158,
491767276,-3.455870605,
492367236,-3.445913528,
492967196,-3.510105468,
493567156,-3.469767912,
494167116,-3.451681225,
494767076,-3.46344662,
495367036,-3.522207372,
495966996,-3.50328323,
496566956,-3.484282447,
497166916,-3.43952848,
497766876,-3.474322504,
498366836,-3.543670582,
498966796,-3.547971737,
499566756,-3.5296345,
500166716,-3.487370099,
500766676,-3.560691379,
501366636,-3.498522711,
501966596,-3.546655478,
502566556,-3.626137022,
503166516,-3.581330792,
503766476,-3.539233677,
504366436,-3.558952993,
504966396,-3.598204186,
505566356,-3.594323001,
506166316,-3.663454622,
506766276,-3.588758052,
507366236,-3.550649203,
507966196,-3.627173468,
508566156,-3.591674046,
509166116,-3.575391641,
509766076,-3.615452249,
510366036,-3.586091207,
510965996,-3.725488301,
511565956,-3.629617506,
512165916,-3.659444843,
512765876,-3.631550669,
513365836,-3.672215406,
513965796,-3.601012393,
514565756,-3.707996479,
515165716,-3.604005721,
515765676,-3.672487348,
516365636,-3.669570681,
516965596,-3.812516249,
517565556,-3.707487829,
518165516,-3.71388448,
518765476,-3.817048992,
519365436,-3.700266521,
519965396,-3.695754893,
520565356,-3.775689707,
521165316,-3.780902284,
521765276,-3.842833016,
522365236,-3.82307655,
522965196,-3.835539225,
523565156,-3.869823222,
524165116,-3.793748356,
524765076,-3.806104046,
525365036,-3.854436974,
525964996,-3.891560099,
526564956,-3.840032322,
527164916,-3.872222195,
527764876,-3.943395896,
528364836,-3.894540856,
528964796,-3.839329784,
529564756,-3.913527114,
530164716,-3.852575218,
530764676,-3.880945877,
531364636,-3.995660483,
531964596,-3.917711015,
532564556,-3.989048096,
533164516,-4.015926304,
533764476,-4.011223607,
534364436,-3.963437507,
534964396,-4.008258176,
535564356,-4.00602334,
536164316,-4.030727707,
536764276,-4.011624904,
537364236,-4.129418875,
537964196,-4.045012325,
538564156,-4.059231802,
539164116,-4.029047742,
539764076,-4.078848044,
540364036,-4.00255924,
540963996,-4.108317859,
541563956,-4.117502948,
542163916,-4.15736151,
542763876,-4.128132798,
543363836,-4.205804672,
543963796,-4.270147953,
544563756,-4.256353136,
545163716,-4.203506712,
545763676,-4.261562919,
546363636,-4.226213572,
546963596,-4.28711951,
547563556,-4.239630206,
548163516,-4.215828868,
548763476,-4.278533409,
549363436,-4.20948615,
549963396,-4.238043763,
550563356,-4.315033416,
551163316,-4.293305048,
551763276,-4.276265502,
552363236,-4.37796058,
552963196,-4.203190246,
553563156,-4.284673044,
554163116,-4.299470587,
554763076,-4.299314651,
555363036,-4.365489533,
555962996,-4.354761048,
556562956,-4.293642667,
557162916,-4.358567247,
557762876,-4.307866416,
558362836,-4.390597521,
558962796,-4.352205574,
559562756,-4.257024294,
560162716,-4.344487366,
560762676,-4.444724476,
561362636,-4.356044152,
561962596,-4.426731319,
562562556,-4.372295156,
563162516,-4.390195349,
563762476,-4.41567815,
564362436,-4.421953395,
564962396,-4.467761817,
565562356,-4.447510294,
566162316,-4.436480499,
566762276,-4.43804421,
567362236,-4.48224245,
567962196,-4.520132198,
568562156,-4.417480884,
569162116,-4.492000439,
569762076,-4.449083242,
570362036,-4.455827548,
570961996,-4.381235183,
571561956,-4.501856056,
572161916,-4.43829692,
572761875,-4.446746664,
573361835,-4.520819157,
573961795,-4.500559905,
574561755,-4.475909673,
575161715,-4.611864393,
575761675,-4.570566463,
576361635,-4.555570079,
576961595,-4.539919478,
577561555,-4.643397738,
578161515,-4.537751726,
578761475,-4.54683813,
579361435,-4.574317005,
579961395,-4.583162095,
580561355,-4.510521096,
581161315,-4.577679242,
581761275,-4.628778674,
582361235,-4.526656859,
582961195,-4.576280683,
583561155,-4.611501227,
584161115,-4.606016783,
584761075,-4.541484297,
585361035,-4.620225355,
585960995,-4.534264693,
586560955,-4.594806283,
587160915,-4.583483976,
587760875,-4.533151383,
588360835,-4.567159812,
588960795,-4.644079444,
589560755,-4.712668213,
590160715,-4.750094238,
590760675,-4.649529265,
591360635,-4.630846137,
591960595,-4.605288374,
592560555,-4.681694592,
593160515,-4.597768713,
593760475,-4.664179567,
594360435,-4.648462393,
594960395,-4.610940164,
595560355,-4.488249418,
596160315,-4.573755744,
596760275,-4.620612186,
597360235,-4.627173938,
597960195,-4.583460742,
598560155,-4.651366445,
599160115,-4.602991308,
599760075,-4.639244308,
600360035,-4.531204168,
600959995,-4.587472307,
601559955,-4.646249849,
602159915,-4.530140949,
602759875,-4.548644257,
603359835,-4.581614782,
603959795,-4.553439492,
604559755,-4.547461823,
605159715,-4.658899174,
605759675,-4.60231381,
606359635,-4.69521031,
606959595,-4.609536812,
607559555,-4.636148436,
608159515,-4.572609475,
608759475,-4.756967661,
609359435,-4.679800671,
609959395,-4.583744078,
610559355,-4.556755459,
611159315,-4.633020112,
611759275,-4.616900051,
612359235,-4.616523144,
612959195,-4.618850362,
613559155,-4.539800824,
614159115,-4.59152721,
614759075,-4.568762423,
615359035,-4.624055692,
615958995,-4.527206819,
616558955,-4.601773554,
617158915,-4.585766071,
617758875,-4.490524774,
618358835,-4.610211742,
618958795,-4.617656218,
619558755,-4.686607729,
620158715,-4.632544142,
620758675,-4.477762865,
621358635,-4.51108899,
621958595,-4.515872479,
622558555,-4.503733071,
623158515,-4.584378096,
623758475,-4.568640352,
624358435,-4.534727027,
624958395,-4.585818832,
625558355,-4.471893099,
626158315,-4.449301967,
626758275,-4.578987259,
627358235,-4.552117445,
627958195,-4.405749797,
628558155,-4.5350387,
629158115,-4.511685556,
629758075,-4.426547936,
630358035,-4.448841024,
630957995,-4.473771826,
631557955,-4.459536587,
632157915,-4.405925752,
632757875,-4.458126737,
633357835,-4.406247054,
633957795,-4.412070187,
634557755,-4.43040134,
635157715,-4.361669549,
635757675,-4.466498932,
636357635,-4.370536579,
636957595,-4.313084147,
637557555,-4.39657813,
638157515,-4.419121174,
638757475,-4.349970572,
639357435,-4.362504715,
639957395,-4.381771116,
640557355,-4.350939156,
641157315,-4.297705427,
641757275,-4.30822261,
642357235,-4.282574426,
642957195,-4.393278896,
643557155,-4.341175065,
644157115,-4.287038697,
644757075,-4.322966327,
645357035,-4.242546504,
645956995,-4.29046202,
646556955,-4.310366433,
647156915,-4.255761909,
647756875,-4.246045385,
648356835,-4.270205331,
648956795,-4.317835368,
649556755,-4.27760315,
650156715,-4.236296572,
650756675,-4.193329386,
651356635,-4.148308125,
651956595,-4.278026112,
652556555,-4.331318326,
653156515,-4.140938305,
653756475,-4.216026496,
654356435,-4.231040327,
654956395,-4.221643517,
655556355,-4.227768612,
656156315,-4.304534336,
656756275,-4.189842822,
657356235,-4.148508066,
657956195,-4.15424723,
658556155,-4.143252041,
659156115,-4.135345915,
659756075,-4.226898594,
660356035,-4.12504217,
660955995,-4.11918459,
661555955,-4.154748513,
662155915,-4.190867501,
662755875,-4.204908219,
663355835,-4.045855276,
663955795,-4.116194739,
664555755,-4.126805258,
665155715,-4.056064428,
665755675,-4.080721297,
666355635,-3.966600781,
666955595,-4.075147339,
667555555,-4.115777267,
668155515,-4.013443493,
668755475,-4.084680678,
669355435,-3.855903528,
669955395,-3.934056817,
670555355,-3.947527742,
671155315,-4.004940888,
671755275,-3.983208619,
672355235,-3.859789329,
672955195,-3.868333967,
673555155,-3.929261923,
674155115,-3.825970199,
674755075,-3.893215487,
675355035,-3.894443933,
675954995,-3.855705878,
676554955,-3.843941629,
677154915,-3.883794986,
677754875,-3.844427098,
678354835,-3.861749447,
678954795,-3.80143461,
679554755,-3.725563189,
680154715,-3.782128345,
680754675,-3.825054918,
681354635,-3.790567047,
681954595,-3.744372466,
682554555,-3.862197282,
683154515,-3.766468018,
683754475,-3.756254778,
684354435,-3.738049173,
684954395,-3.725987871,
685554355,-3.747967013,
686154315,-3.742306591,
686754275,-3.768272772,
687354235,-3.793981837,
687954195,-3.730223442,
688554155,-3.708488751,
689154115,-3.719406671,
689754075,-3.80156631,
690354035,-3.68270021,
690953995,-3.600715508,
691553955,-3.705767206,
692153915,-3.679606057,
692753875,-3.691977894,
693353835,-3.648007629,
693953795,-3.67539086,
694553755,-3.631306734,
695153715,-3.683169791,
695753675,-3.580706869,
696353635,-3.632660531,
696953595,-3.528283854,
697553555,-3.687013145,
698153515,-3.586530918,
698753475,-3.659225393,
699353435,-3.626570281,
699953395,-3.574907219,
700553355,-3.556229788,
701153315,-3.549994755,
701753275,-3.567661992,
702353235,-3.508919582,
702953195,-3.565529755,
703553155,-3.558243948,
704153115,-3.447217117,
704753075,-3.582343907,
705353035,-3.561209577,
705952995,-3.596729023,
706552955,-3.611483943,
707152915,-3.542189147,
707752875,-3.451783692,
708352835,-3.490545389,
708952795,-3.471209545,
709552755,-3.468458234,
710152715,-3.493780007,
710752675,-3.518609023,
711352635,-3.473731717,
711952595,-3.521707945,
712552555,-3.556098818,
713152515,-3.48380387,
713752475,-3.482065673,
714352435,-3.520549768,
714952395,-3.46253097,
715552354,-3.461152654,
716152314,-3.468647038,
716752274,-3.473231174,
717352234,-3.418844878,
717952194,-3.488798541,
718552154,-3.444906747,
719152114,-3.447758887,
719752074,-3.434476578,
720352034,-3.483127242,
720951994,-3.442079532,
721551954,-3.376594804,
722151914,-3.369185414,
722751874,-3.467918757,
723351834,-3.396583567,
723951794,-3.374161535,
724551754,-3.402418593,
725151714,-3.408767191,
725751674,-3.443349579,
726351634,-3.478840464,
726951594,-3.470870487,
727551554,-3.474884564,
728151514,-3.416829091,
728751474,-3.454927241,
729351434,-3.423814048,
729951394,-3.315523352,
730551354,-3.465982093,
731151314,-3.37853737,
731751274,-3.38640476,
732351234,-3.367163197,
732951194,-3.386450248,
733551154,-3.396568532,
734151114,-3.404686432,
734751074,-3.385360919,
735351034,-3.405488846,
735950994,-3.415344439,
736550954,-3.410609619,
737150914,-3.35992376,
737750874,-3.37447038,
738350834,-3.335496964,
738950794,-3.427882275,
739550754,-3.370350513,
740150714,-3.428424392,
740750674,-3.39394165,
741350634,-3.317720639,
741950594,-3.392388695,
742550554,-3.419319306,
743150514,-3.360074588,
743750474,-3.333601144,
744350434,-3.417790824,
744950394,-3.325363798,
745550354,-3.373314145,
746150314,-3.338202178,
746750274,-3.423950668,
747350234,-3.371998011,
747950194,-3.397948127,
748550154,-3.343907457,
749150114,-3.415865497,
749750074,-3.344570194,
750350034,-3.350813171,
750949994,-3.346264373,
751549954,-3.386891133,
752149914,-3.367670198,
752749874,-3.426955697,
753349834,-3.42517169,
753949794,-3.368418838,
754549754,-3.382574373,
755149714,-3.441375396,
755749674,-3.415228602,
756349634,-3.419115964,
756949594,-3.420825896,
757549554,-3.462358573,
758149514,-3.378321969,
758749474,-3.373071119,
759349434,-3.440678525,
759949394,-3.448002851,
760549354,-3.386086618,
761149314,-3.476274736,
761749274,-3.349342746,
762349234,-3.408592426,
762949194,-3.416844983,
763549154,-3.479778433,
764149114,-3.342389602,
764749074,-3.471441785,
765349034,-3.435828456,
765948994,-3.403104723,
766548954,-3.507331185,
767148914,-3.512600517,
767748874,-3.421033772,
768348834,-3.455121084,
768948794,-3.439671129,
769548754,-3.465170538,
770148714,-3.485009759,
770748674,-3.481433773,
771348634,-3.471035582,
771948594,-3.491422759,
772548554,-3.466048468,
773148514,-3.566239341,
773748474,-3.529353332,
774348434,-3.498666757,
774948394,-3.540504531,
775548354,-3.514946141,
776148314,-3.556193999,
776748274,-3.609393949,
777348234,-3.633705461,
777948194,-3.608362886,
778548154,-3.649035743,
779148114,-3.662518242,
779748074,-3.587452858,
780348034,-3.640823243,
780947994,-3.744502786,
781547954,-3.667147694,
782147914,-3.633336702,
782747874,-3.658537549,
783347834,-3.670539491,
783947794,-3.680462485,
784547754,-3.691238264,
785147714,-3.710533652,
785747674,-3.759812935,
786347634,-3.725744397,
786947594,-3.754641668,
787547554,-3.731224365,
788147514,-3.688606841,
788747474,-3.686280382,
789347434,-3.661827077,
789947394,-3.774923192,
790547354,-3.792952337,
791147314,-3.759634653,
791747274,-3.864710854,
792347234,-3.77812415,
792947194,-3.831957677,
793547154,-3.795295195,
794147114,-3.81172038,
794747074,-3.800830105,
795347034,-3.809331638,
795946994,-3.81833019,
796546954,-3.813220405,
797146914,-3.80691486,
797746874,-3.879122699,
798346834,-3.928770551,
798946794,-3.904925544,
799546754,-3.900803465,
800146714,-3.903714644,
800746674,-3.903552955,
801346634,-3.932831886,
801946594,-3.857037788,
802546554,-3.998840256,
803146514,-4.014622035,
803746474,-3.966180031,
804346434,-4.01452685,
804946394,-3.988647893,
805546354,-3.974186738,
806146314,-3.967878846,
806746274,-4.035888046,
807346234,-4.058075229,
807946194,-4.092658264,
808546154,-4.109008006,
809146114,-4.07478585,
809746074,-4.124255429,
810346034,-4.104871508,
810945994,-4.138633265,
811545954,-4.134359057,
812145914,-4.106254449,
812745874,-4.121567232,
813345834,-4.098006742,
813945794,-4.20912157,
814545754,-4.067158999,
815145714,-4.201610536,
815745674,-4.354064399,
816345634,-4.32108912,
816945594,-4.286002732,
817545554,-4.285826152,
818145514,-4.206003858,
818745474,-4.294116078,
819345434,-4.306818516,
819945394,-4.328250845,
820545354,-4.404746877,
821145314,-4.343940125,
821745274,-4.393708828,
822345234,-4.491195728,
822945194,-4.329326973,
823545154,-4.535644978,
824145114,-4.38826639,
824745074,-4.470157065,
825345034,-4.461392098,
825944994,-4.395529904,
826544954,-4.473232689,
827144914,-4.591565999,
827744874,-4.519124925,
828344834,-4.475274465,
828944794,-4.450170397,
829544754,-4.452784013,
830144714,-4.465018589,
830744674,-4.529467259,
831344634,-4.560541628,
831944594,-4.596938839,
832544554,-4.521848207,
833144514,-4.545459003,
833744474,-4.428792751,
834344434,-4.618532327,
834944394,-4.594270512,
835544354,-4.604951242,
836144314,-4.529069109,
836744274,-4.581972701,
837344234,-4.581900642,
837944194,-4.630817941,
838544154,-4.622973234,
839144114,-4.654336957,
839744074,-4.529370917,
840344034,-4.510133544,
840943994,-4.705327433,
841543954,-4.713462055,
842143914,-4.69591439,
842743874,-4.631535539,
843343834,-4.691472158,
843943794,-4.700282011,
844543754,-4.682439939,
845143714,-4.781307554,
845743674,-4.726572393,
846343634,-4.686846664,
846943594,-4.725011682,
847543554,-4.627093994,
848143514,-4.77500608,
848743474,-4.760666423,
849343434,-4.714512797,
849943394,-4.841688911,
850543354,-4.858834899,
851143314,-4.779852881,
851743274,-4.804766239,
852343234,-4.739645419,
852943194,-4.867426807,
853543154,-4.86886286,
854143114,-4.734829697,
854743074,-4.789242415,
855343034,-4.862347143,
855942994,-4.858986096,
856542954,-4.882845251,
857142914,-4.826833218,
857742874,-4.82664642,
858342833,-4.82816733,
858942793,-4.835144668,
859542753,-4.820592628,
860142713,-4.840307162,
860742673,-4.860884577,
861342633,-4.820336493,
861942593,-4.973188669,
862542553,-4.908926236,
863142513,-4.876847225,
863742473,-4.962791937,
864342433,-4.82172934,
864942393,-4.87770299,
865542353,-4.859048009,
866142313,-4.844317668,
866742273,-4.890508526,
867342233,-4.971219108,
867942193,-4.853663161,
868542153,-4.888224503,
869142113,-5.031782944,
869742073,-4.946740941,
870342033,-4.974656219,
870941993,-4.937771017,
871541953,-4.925257011,
872141913,-4.904104727,
872741873,-4.971623258,
873341833,-4.97071634,
873941793,-4.873169773,
874541753,-4.945801805,
875141713,-4.905683083,
875741673,-4.916443549,
876341633,-4.918906411,
876941593,-4.965574023,
877541553,-4.922602114,
878141513,-4.900603117,
878741473,-4.942813123,
879341433,-4.908097277,
879941393,-4.959043041,
880541353,-4.930255268,
881141313,-4.924805107,
881741273,-4.844102328,
882341233,-4.936191227,
882941193,-4.98417892,
883541153,-4.880395001,
884141113,-4.887268638,
884741073,-4.956341227,
885341033,-4.901322714,
885940993,-4.907812029,
886540953,-4.98797183,
887140913,-4.85787158,
887740873,-4.839962019,
888340833,-4.838065893,
888940793,-4.840931859,
889540753,-4.885958951,
890140713,-4.971643774,
890740673,-4.951123139,
891340633,-4.820945469,
891940593,-4.845140119,
892540553,-4.949174029,
893140513,-4.913894708,
893740473,-4.781008775,
894340433,-4.802842295,
894940393,-4.871591843,
895540353,-4.856389958,
896140313,-4.864391028,
896740273,-4.836738124,
897340233,-4.845814881,
897940193,-4.933558979,
898540153,-4.796699289,
899140113,-4.717142208,
899740073,-4.720933281,
900340033,-4.946951207,
900939993,-4.791990971,
901539953,-4.784911323,
902139913,-4.784936896,
902739873,-4.883354669,
903339833,-4.6974976,
903939793,-4.753452555,
904539753,-4.72247485,
905139713,-4.72885354,
905739673,-4.75945779,
906339633,-4.808767146,
906939593,-4.757746407,
907539553,-4.850768833,
908139513,-4.734255509,
908739473,-4.743474698,
909339433,-4.798077337,
909939393,-4.731233375,
910539353,-4.574794319,
911139313,-4.649016918,
911739273,-4.729119226,
912339233,-4.582460098,
912939193,-4.652706531,
913539153,-4.650319153,
914139113,-4.598660483,
914739073,-4.617576884,
915339033,-4.560623137,
915938993,-4.533281339,
916538953,-4.636950807,
917138913,-4.563996816,
917738873,-4.521112199,
918338833,-4.494112737,
918938793,-4.501063303,
919538753,-4.530230561,
920138713,-4.44037799,
920738673,-4.516453441,
921338633,-4.521174224,
921938593,-4.412424268,
922538553,-4.382267034,
923138513,-4.388325838,
923738473,-4.314313914,
924338433,-4.402990334,
924938393,-4.369290943,
925538353,-4.476676804,
926138313,-4.444053107,
926738273,-4.399884427,
927338233,-4.332807113,
927938193,-4.297534035,
928538153,-4.282065533,
929138113,-4.279256528,
929738073,-4.314360077,
930338033,-4.147330562,
930937993,-4.234021126,
931537953,-4.197317483,
932137913,-4.288813897,
932737873,-4.256232924,
933337833,-4.211741133,
933937793,-4.177966366,
934537753,-4.199910921,
935137713,-4.135511002,
935737673,-4.223536241,
936337633,-4.10949269,
936937593,-4.136120419,
937537553,-4.169327032,
938137513,-4.112932342,
938737473,-4.12366456,
939337433,-4.091480376,
939937393,-4.151199246,
940537353,-4.136536995,
941137313,-4.09161463,
941737273,-4.029446697,
942337233,-4.024914522,
942937193,-4.083048143,
943537153,-4.032067954,
944137113,-4.040318908,
944737073,-3.993018411,
945337033,-3.895765104,
945936993,-4.029706011,
946536953,-3.929340602,
947136913,-4.009572419,
947736873,-3.881599795,
948336833,-3.990716842,
948936793,-3.887568116,
949536753,-3.903429966,
950136713,-3.835971614,
950736673,-3.868619744,
951336633,-3.80772317,
951936593,-3.807219896,
952536553,-3.846419583,
953136513,-3.830895959,
953736473,-3.718670406,
954336433,-3.792156057,
954936393,-3.789026552,
955536353,-3.815335598,
956136313,-3.805204075,
956736273,-3.726367344,
957336233,-3.779679044,
957936193,-3.733317381,
958536153,-3.712648379,
959136113,-3.69000079,
959736073,-3.696626985,
960336033,-3.809593867,
960935993,-3.754757844,
961535953,-3.721934841,
962135913,-3.781995048,
962735873,-3.64956862,
963335833,-3.778993479,
963935793,-3.748107483,
964535753,-3.674477313,
965135713,-3.769203943,
965735673,-3.667130957,
966335633,-3.67620724,
966935593,-3.634240368,
967535553,-3.676839877,
968135513,-3.541003765,
968735473,-3.607454503,
969335433,-3.645192719,
969935393,-3.658934727,
970535353,-3.616420962,
971135313,-3.596663789,
971735273,-3.572410127,
972335233,-3.487273385,
972935193,-3.530551165,
973535153,-3.587951575,
974135113,-3.50241877,
974735073,-3.508978668,
975335033,-3.636413284,
975934993,-3.606474429,
976534953,-3.553406356,
977134913,-3.540271005,
977734873,-3.535149415,
978334833,-3.598096997,
978934793,-3.473635144,
979534753,-3.522136471,
980134713,-3.522971636,
980734673,-3.546789664,
981334633,-3.429803972,
981934593,-3.457672093,
982534553,-3.462027976,
983134513,-3.407945712,
983734473,-3.445674472,
984334433,-3.439910814,
984934393,-3.444189909,
985534353,-3.387356606,
986134313,-3.275256695,
986734273,-3.429081281,
987334233,-3.378011214,
987934193,-3.398822429,
988534153,-3.374924772,
989134113,-3.442253523,
989734073,-3.443924173,
990334033,-3.462826478,
990933993,-3.352887966,
991533953,-3.437977077,
992133913,-3.426487615,
992733873,-3.375324268,
993333833,-3.375407749,
993933793,-3.356038996,
994533753,-3.393641519,
995133713,-3.32178576,
995733673,-3.340133843,
996333633,-3.348897243,
996933593,-3.42930674,
997533553,-3.248667657,
998133513,-3.417762359,
998733473,-3.203096581,
999333433,-3.258474105,
999933393,-3.259182999,
1000533353,-3.301277736,
1001133312,-3.194391131,
1001733272,-3.33370344,
1002333232,-3.343858481,
1002933192,-3.292566256,
1003533152,-3.307933476,
1004133112,-3.293796331,
1004733072,-3.302962047,
1005333032,-3.324340691,
1005932992,-3.309615196,
1006532952,-3.284549786,
1007132912,-3.328857778,
1007732872,-3.266243701,
1008332832,-3.286340937,
1008932792,-3.259230598,
1009532752,-3.31544094,
1010132712,-3.257885453,
1010732672,-3.279954971,
1011332632,-3.266404189,
1011932592,-3.337538154,
1012532552,-3.273909069,
1013132512,-3.34112975,
1013732472,-3.309230518,
1014332432,-3.240173274,
1014932392,-3.280325229,
1015532352,-3.296423366,
1016132312,-3.273628292,
1016732272,-3.266868784,
1017332232,-3.274747727,
1017932192,-3.379127088,
1018532152,-3.198639278,
1019132112,-3.301874975,
1019732072,-3.302051408,
1020332032,-3.198175991,
1020931992,-3.24448347,
1021531952,-3.430691404,
1022131912,-3.358867951,
1022731872,-3.272814409,
1023331832,-3.272811669,
1023931792,-3.33157633,
1024531752,-3.321381303,
1025131712,-3.220586814,
1025731672,-3.242634708,
1026331632,-3.249170598,
1026931592,-3.43828983,
1027531552,-3.335372544,
1028131512,-3.338930241,
1028731472,-3.368444844,
1029331432,-3.280287165,
1029931392,-3.332531441,
1030531352,-3.409555838,
1031131312,-3.323468065,
1031731272,-3.391792745,
1032331232,-3.403785771,
1032931192,-3.393436683,
1033531152,-3.402060023,
1034131112,-3.420747919,
1034731072,-3.361286544,
1035331032,-3.413073312,
1035930992,-3.433478481,
1036530952,-3.353220332,
1037130912,-3.44705396,
1037730872,-3.362357901,
1038330832,-3.375539236,
1038930792,-3.478147062,
1039530752,-3.372781294,
1040130712,-3.401612355,
1040730672,-3.373665992,
1041330632,-3.400230647,
1041930592,-3.488471944,
1042530552,-3.447696369,
1043130512,-3.490674555,
1043730472,-3.477686423,
1044330432,-3.439129752,
1044930392,-3.497687496,
1045530352,-3.390265335,
1046130312,-3.47458697,
1046730272,-3.49016572,
1047330232,-3.485199046,
1047930192,-3.526548423,
1048530152,-3.399570329,
1049130112,-3.532597752,
1049730072,-3.511682061,
1050330032,-3.430508164,
1050929992,-3.531933294,
1051529952,-3.551749589,
1052129912,-3.503867052,
1052729872,-3.567705667,
1053329832,-3.555995551,
1053929792,-3.604791282,
1054529752,-3.588949303,
1055129712,-3.653843213,
1055729672,-3.537662091,
1056329632,-3.516325872,
1056929592,-3.514230112,
1057529552,-3.575395837,
1058129512,-3.736294971,
1058729472,-3.72873071,
1059329432,-3.619168414,
1059929392,-3.668712855,
1060529352,-3.55675332,
1061129312,-3.738248694,
1061729272,-3.705006022,
1062329232,-3.713595058,
1062929192,-3.640060681,
1063529152,-3.689501126,
1064129112,-3.764939012,
1064729072,-3.704114886,
1065329032,-3.634615458,
1065928992,-3.667949603,
1066528952,-3.63545618,
1067128912,-3.74493928,
1067728872,-3.795250377,
1068328832,-3.855319546,
1068928792,-3.790936595,
1069528752,-3.701089069,
1070128712,-3.701514879,
1070728672,-3.809664488,
1071328632,-3.804928936,
1071928592,-3.73359021,
1072528552,-3.894398459,
1073128512,-3.88018267,
1073728472,-3.872235162,
1074328432,-3.731445699,
1074928392,-3.908877383,
1075528352,-3.854292094,
1076128312,-3.803384368,
1076728272,-3.930746361,
1077328232,-3.801430332,
1077928192,-3.815073689,
1078528152,-3.877071738,
1079128112,-3.894614146,
1079728072,-3.906308765,
1080328032,-3.832556753,
1080927992,-3.82708167,
1081527952,-3.872116661,
1082127912,-3.86895546,
1082727872,-3.866367473,
1083327832,-3.872196621,
1083927792,-3.907918113,
1084527752,-3.880785124,
1085127712,-3.936502623,
1085727672,-3.984110786,
1086327632,-3.941812751,
1086927592,-4.013847294,
1087527552,-3.983380034,
1088127512,-3.894775321,
1088727472,-3.98909371,
1089327432,-4.014221194,
1089927392,-4.027189681,
1090527352,-3.958659505,
1091127312,-4.048642111,
1091727272,-4.06833363,
1092327232,-4.028395618,
1092927192,-4.08860193,
1093527152,-4.051611963,
1094127112,-4.118419034,
1094727072,-4.144094703,
1095327032,-4.053780473,
1095926992,-4.057454198,
1096526952,-4.086410885,
1097126912,-4.120050227,
1097726872,-4.228105956,
1098326832,-4.151465326,
1098926792,-4.207516638,
1099526752,-4.215629042,
1100126712,-4.182742044,
1100726672,-4.151519596,
1101326632,-4.169726052,
1101926592,-4.274631625,
1102526552,-4.216219745,
1103126512,-4.220529502,
1103726472,-4.22813683,
1104326432,-4.307122954,
1104926392,-4.313664476,
1105526352,-4.244184877,
1106126312,-4.32576042,
1106726272,-4.256629352,
1107326232,-4.306377505,
1107926192,-4.2720924,
1108526152,-4.362491131,
1109126112,-4.306470607,
1109726072,-4.419311803,
1110326032,-4.282527019,
1110925992,-4.38893645,
1111525952,-4.384063824,
1112125912,-4.428170187,
1112725872,-4.420264305,
1113325832,-4.47232883,
1113925792,-4.336742395,
1114525752,-4.27053763,
1115125712,-4.474401521,
1115725672,-4.371913316,
1116325632,-4.443669934,
1116925592,-4.404910098,
1117525552,-4.505725188,
1118125512,-4.371626246,
1118725472,-4.383287288,
1119325432,-4.422608956,
1119925392,-4.39291199,
1120525352,-4.518715591,
1121125312,-4.458024642,
1121725272,-4.494383012,
1122325232,-4.340802772,
1122925192,-4.439732131,
1123525152,-4.49131636,
1124125112,-4.435991675,
1124725072,-4.589313399,
1125325032,-4.462299241,
1125924992,-4.426306132,
1126524952,-4.506653787,
1127124912,-4.521536115,
1127724872,-4.425422525,
1128324832,-4.511486624,
1128924792,-4.445111996,
1129524752,-4.45144619,
1130124712,-4.48171543,
1130724672,-4.518854211,
1131324632,-4.476465421,
1131924592,-4.526391489,
1132524552,-4.449792167,
1133124512,-4.458214208,
1133724472,-4.540216636,
1134324432,-4.555501755,
1134924392,-4.470736533,
1135524352,-4.406910154,
1136124312,-4.542508933,
1136724272,-4.564721849,
1137324232,-4.516952482,
1137924192,-4.500055647,
1138524152,-4.642931335,
1139124112,-4.57285678,
1139724072,-4.566794906,
1140324032,-4.559612762,
1140923992,-4.535286643,
1141523952,-4.579874932,
1142123912,-4.473637455,
1142723872,-4.620368839,
1143323832,-4.662891455,
1143923791,-4.439294542,
1144523751,-4.554684627,
1145123711,-4.578752617,
1145723671,-4.663536375,
1146323631,-4.575128362,
1146923591,-4.579949364,
1147523551,-4.563556671,
1148123511,-4.580783034,
1148723471,-4.58920277,
1149323431,-4.458720592,
1149923391,-4.638452548,
1150523351,-4.687270446,
1151123311,-4.462899736,
1151723271,-4.543196381,
1152323231,-4.57177422,
1152923191,-4.543413546,
1153523151,-4.474999994,
1154123111,-4.61400155,
1154723071,-4.524815319,
1155323031,-4.561626285,
1155922991,-4.607404425,
1156522951,-4.623888278,
1157122911,-4.572383749,
1157722871,-4.527244904,
1158322831,-4.547864261,
1158922791,-4.515547218,
1159522751,-4.526201827,
1160122711,-4.59554497,
1160722671,-4.554805489,
1161322631,-4.525180043,
1161922591,-4.603265917,
1162522551,-4.484732122,
1163122511,-4.534869578,
1163722471,-4.505758667,
1164322431,-4.459957809,
1164922391,-4.508010606,
1165522351,-4.568133966,
1166122311,-4.439344046,
1166722271,-4.411749822,
1167322231,-4.488081278,
1167922191,-4.463089561,
1168522151,-4.398072961,
1169122111,-4.520049686,
1169722071,-4.359966822,
1170322031,-4.469550201,
1170921991,-4.519189187,
1171521951,-4.436658116,
1172121911,-4.519263972,
1172721871,-4.384001221,
1173321831,-4.395305989,
1173921791,-4.363743141,
1174521751,-4.43208028,
1175121711,-4.34425688,
1175721671,-4.378338989,
1176321631,-4.327695333,
1176921591,-4.501620692,
1177521551,-4.405042936,
1178121511,-4.383071835,
1178721471,-4.440569122,
1179321431,-4.415476234,
1179921391,-4.392173395,
1180521351,-4.349195213,
1181121311,-4.455928191,
1181721271,-4.264020617,
1182321231,-4.292186389,
1182921191,-4.394625854,
1183521151,-4.292350999,
1184121111,-4.221119695,
1184721071,-4.312542432,
1185321031,-4.343330056,
1185920991,-4.195725457,
1186520951,-4.34489036,
1187120911,-4.175391421,
1187720871,-4.293882422,
1188320831,-4.262889628,
1188920791,-4.237851035,
1189520751,-4.259363186,
1190120711,-4.32014894,
1190720671,-4.211698519,
1191320631,-4.22886374,
1191920591,-4.165222087,
1192520551,-4.189680116,
1193120511,-4.285329336,
1193720471,-4.207428845,
1194320431,-4.1988775,
1194920391,-4.206028161,
1195520351,-4.123805882,
1196120311,-4.193759311,
1196720271,-4.16745962,
1197320231,-4.132599247,
1197920191,-4.160547066,
1198520151,-4.159232856,
1199120111,-4.178691456,
1199720071,-4.165149981,
1200320031,-4.151492309,
1200919991,-4.028099811,
1201519951,-3.943209181,
1202119911,-4.057281886,
1202719871,-4.118018693,
1203319831,-4.083667946,
1203919791,-4.064939811,
1204519751,-4.056923979,
1205119711,-4.022436015,
1205719671,-3.923650228,
1206319631,-4.029879524,
1206919591,-3.924492768,
1207519551,-4.093077842,
1208119511,-4.052679609,
1208719471,-4.010249678,
1209319431,-4.031028032,
1209919391,-4.016901619,
1210519351,-3.997523972,
1211119311,-3.956687573,
1211719271,-3.995663449,
1212319231,-3.980041356,
1212919191,-4.033249042,
1213519151,-3.994302115,
1214119111,-4.001111429,
1214719071,-4.007808422,
1215319031,-3.906021396,
1215918991,-3.931399042,
1216518951,-3.969380193,
1217118911,-3.988111221,
1217718871,-3.952891801,
1218318831,-3.950089677,
1218918791,-3.893072061,
1219518751,-4.013624767,
1220118711,-3.91526305,
1220718671,-3.940916177,
1221318631,-3.896239007,
1221918591,-3.909298678,
1222518551,-3.954001103,
1223118511,-3.922257815,
1223718471,-3.95476435,
1224318431,-3.893406974,
1224918391,-3.951250267,
1225518351,-3.985401273,
1226118311,-3.930597413,
1226718271,-3.912218513,
1227318231,-4.029383758,
1227918191,-3.915657467,
1228518151,-3.902665889,
1229118111,-3.977976326,
1229718071,-3.903613701,
1230318031,-3.929837411,
1230917991,-3.860076478,
1231517951,-3.931791654,
1232117911,-3.933558438,
1232717871,-3.882938977,
1233317831,-3.889794658,
1233917791,-3.953892423,
1234517751,-3.952666744,
1235117711,-3.951888299,
1235717671,-3.909717991,
1236317631,-3.92676529,
1236917591,-3.945771828,
1237517551,-3.955966683,
1238117511,-3.898506321,
1238717471,-3.946644108,
1239317431,-3.920090391,
1239917391,-4.009115195,
1240517351,-3.98651019,
1241117311,-3.939632305,
1241717271,-3.919024538,
1242317231,-3.963096153,
1242917191,-3.925333592,
1243517151,-4.028677304,
1244117111,-4.006230228,
1244717071,-4.077649449,
1245317031,-4.001706003,
1245916991,-3.946741597,
1246516951,-3.994072025,
1247116911,-3.936884325,
1247716871,-3.924684185,
1248316831,-3.981688877,
1248916791,-3.985674605,
1249516751,-3.924919549,
1250116711,-3.964337111,
1250716671,-3.934171103,
1251316631,-3.934438613,
1251916591,-4.003761615,
1252516551,-3.992483876,
1253116511,-3.968211395,
1253716471,-3.967034174,
1254316431,-3.960728602,
1254916391,-4.006099569,
1255516351,-4.006218028,
1256116311,-4.019272824,
1256716271,-3.946998258,
1257316231,-3.946597723,
1257916191,-4.005775653,
1258516151,-3.994651963,
1259116111,-4.065377987,
1259716071,-3.96016861,
1260316031,-4.030894351,
1260915991,-3.934792642,
1261515951,-3.971497967,
1262115911,-4.006961269,
1262715871,-3.944837678,
1263315831,-3.989236979,
1263915791,-3.965138839,
1264515751,-3.981612447,
1265115711,-4.080062287,
1265715671,-4.026166534,
1266315631,-3.963108008,
1266915591,-3.972397267,
1267515551,-3.960557678,
1268115511,-3.972683829,
1268715471,-4.058650712,
1269315431,-4.041471546,
1269915391,-4.021613226,
1270515351,-3.964662038,
1271115311,-4.065600773,
1271715271,-4.063717815,
1272315231,-4.074554412,
1272915191,-4.00511533,
1273515151,-4.087951366,
1274115111,-4.128678666,
1274715071,-4.069120663,
1275315031,-4.063208188,
1275914991,-4.082713687,
1276514951,-3.979065346,
1277114911,-4.08404015,
1277714871,-4.011832915,
1278314831,-4.096371791,
1278914791,-4.109879882,
1279514751,-4.063971408,
1280114711,-3.999211638,
1280714671,-4.020385508,
1281314631,-4.108904277,
1281914591,-4.02056049,
1282514551,-4.086150581,
1283114511,-4.071473561,
1283714471,-4.045007869,
1284314431,-3.976221396,
1284914391,-4.083983685,
1285514351,-4.087330706,
1286114311,-4.083223482,
1286714270,-4.098399864,
1287314230,-4.123203239,
1287914190,-4.039630992,
1288514150,-4.173420283,
1289114110,-4.099683155,
1289714070,-4.110970694,
1290314030,-4.094934651,
1290913990,-4.096979065,
1291513950,-4.064158146,
1292113910,-4.153443011,
1292713870,-4.102590064,
1293313830,-4.012572148,
1293913790,-4.075249757,
1294513750,-4.177456451,
1295113710,-4.16395168,
1295713670,-4.070327237,
1296313630,-4.077429926,
1296913590,-4.136334584,
1297513550,-4.105917921,
1298113510,-4.129498131,
1298713470,-4.067856628,
1299313430,-4.076790228,
1299913390,-4.161791836,
1300513350,-4.149625557,
1301113310,-4.101060659,
1301713270,-4.121630707,
1302313230,-4.070968163,
1302913190,-4.091978206,
1303513150,-4.126731397,
1304113110,-4.15076434,
1304713070,-4.077533124,
1305313030,-4.035798294,
1305912990,-4.13535666,
1306512950,-4.160222472,
1307112910,-4.148454862,
1307712870,-4.061830017,
1308312830,-4.164588552,
1308912790,-4.068541115,
1309512750,-4.127091257,
1310112710,-4.139318719,
1310712670,-4.11187927,
1311312630,-4.136480111,
1311912590,-4.222456892,
1312512550,-4.226474546,
1313112510,-4.148698191,
1313712470,-4.191346395,
1314312430,-4.134623355,
1314912390,-4.256130912,
1315512350,-4.062716974,
1316112310,-4.122024686,
1316712270,-4.220371116,
1317312230,-4.295821275,
1317912190,-4.113899943,
1318512150,-4.14301123,
1319112110,-4.040457089,
1319712070,-4.100590255,
1320312030,-4.118000575,
1320911990,-4.147685968,
1321511950,-4.198716103,
1322111910,-4.074258715,
1322711870,-4.162874305,
1323311830,-4.121042023,
1323911790,-4.171119685,
1324511750,-4.141724662,
1325111710,-4.162512009,
1325711670,-4.172174302,
1326311630,-4.113419715,
1326911590,-4.189470282,
1327511550,-4.18338235,
1328111510,-4.112550934,
1328711470,-4.159511475,
1329311430,-4.195895075,
1329911390,-4.182339192,
1330511350,-4.162269699,
1331111310,-3.996942101,
1331711270,-4.16793449,
1332311230,-4.148613432,
1332911190,-4.162311164,
1333511150,-4.190396281,
1334111110,-4.067010681,
1334711070,-4.091503678,
1335311030,-4.151389019,
1335910990,-4.182306327,
1336510950,-4.111223926,
1337110910,-4.215475047,
1337710870,-4.107577878,
1338310830,-4.295472621,
1338910790,-4.133643249,
1339510750,-4.039512369,
1340110710,-4.115945388,
1340710670,-4.236427138,
1341310630,-4.120992523,
1341910590,-4.170374438,
1342510550,-4.144489428,
1343110510,-4.109431874,
1343710470,-4.204910067,
1344310430,-4.119359629,
1344910390,-4.200711952,
1345510350,-4.14324725,
1346110310,-4.12122696,
1346710270,-4.205991735,
1347310230,-4.226525447,
1347910190,-4.129244661,
1348510150,-4.097400654,
1349110110,-4.24152455,
1349710070,-4.115312419,
1350310030,-4.228068316,
1350909990,-4.167078683,
1351509950,-4.173930701,
1352109910,-4.22480261,
1352709870,-4.251256737,
1353309830,-4.171549352,
1353909790,-4.206798513,
1354509750,-4.116873528,
1355109710,-4.200228317,
1355709670,-4.094699239,
1356309630,-4.180243511,
1356909590,-4.199062991,
1357509550,-4.133143378,
1358109510,-4.272617759,
1358709470,-4.241259173,
1359309430,-4.265849688,
1359909390,-4.167932663,
1360509350,-4.229993408,
1361109310,-4.160179215,
1361709270,-4.200704313,
1362309230,-4.195975563,
1362909190,-4.244457031,
1363509150,-4.261161985,
1364109110,-4.272400125,
1364709070,-4.119758554,
1365309030,-4.302416438,
1365908990,-4.317940569,
1366508950,-4.225804047,
1367108910,-4.262939675,
1367708870,-4.219061631,
1368308830,-4.24365354,
1368908790,-4.211634093,
1369508750,-4.241222135,
1370108710,-4.237700562,
1370708670,-4.270962005,
1371308630,-4.224110978,
1371908590,-4.273346513,
1372508550,-4.266829894,
1373108510,-4.263176692,
1373708470,-4.236337927,
1374308430,-4.313621885,
1374908390,-4.262325023,
1375508350,-4.301934257,
1376108310,-4.239926824,
1376708270,-4.293048694,
1377308230,-4.26867091,
1377908190,-4.289515388,
1378508150,-4.327887701,
1379108110,-4.255393634,
1379708070,-4.310144304,
1380308030,-4.246070976,
1380907990,-4.30732262,
1381507950,-4.225724472,
1382107910,-4.281925365,
1382707870,-4.357365452,
1383307830,-4.42728869,
1383907790,-4.286860573,
1384507750,-4.271028418,
1385107710,-4.353141661,
1385707670,-4.248983148,
1386307630,-4.21059301,
1386907590,-4.403559375,
1387507550,-4.305003412,
1388107510,-4.376233101,
1388707470,-4.405426335,
1389307430,-4.30212666,
1389907390,-4.387973189,
1390507350,-4.45841384,
1391107310,-4.397169326,
1391707270,-4.407867759,
1392307230,-4.41946819,
1392907190,-4.344170518,
1393507150,-4.413852447,
1394107110,-4.385814394,
1394707070,-4.320378509,
1395307030,-4.399909328,
1395906990,-4.329825137,
1396506950,-4.39330595,
1397106910,-4.327788539,
1397706870,-4.404965252,
1398306830,-4.414083048,
1398906790,-4.457121196,
1399506750,-4.437424843,
1400106710,-4.367148615,
1400706670,-4.310183094,
1401306630,-4.386903879,
1401906590,-4.444885382,
1402506550,-4.461524457,
1403106510,-4.363797728,
1403706470,-4.347415741,
1404306430,-4.479432592,
1404906390,-4.441451201,
1405506350,-4.406925835,
1406106310,-4.390948876,
1406706270,-4.381214653,
1407306230,-4.507551615,
1407906190,-4.428460386,
1408506150,-4.400082606,
1409106110,-4.432206493,
1409706070,-4.29345172,
1410306030,-4.374229928,
1410905990,-4.384318373,
1411505950,-4.474704812,
1412105910,-4.445590694,
1412705870,-4.419747422,
1413305830,-4.427555973,
1413905790,-4.457810838,
1414505750,-4.4635609,
1415105710,-4.415950339,
1415705670,-4.355464272,
1416305630,-4.483534257,
1416905590,-4.451673722,
1417505550,-4.477100125,
1418105510,-4.500308146,
1418705470,-4.427228204,
1419305430,-4.530039345,
1419905390,-4.443802883,
1420505350,-4.505460308,
1421105310,-4.496327817,
1421705270,-4.551234222,
1422305230,-4.486300387,
1422905190,-4.453239601,
1423505150,-4.498941067,
1424105110,-4.534448391,
1424705070,-4.519644556,
1425305030,-4.484941408,
1425904990,-4.563117282,
1426504950,-4.402369534,
1427104910,-4.448306751,
1427704870,-4.432943719,
1428304830,-4.476673318,
1428904790,-4.547076666,
1429504749,-4.480519845,
1430104709,-4.574732753,
1430704669,-4.499364093,
1431304629,-4.458140338,
1431904589,-4.510343253,
1432504549,-4.570462615,
1433104509,-4.526164919,
1433704469,-4.654929846,
1434304429,-4.527834945,
1434904389,-4.492655581,
1435504349,-4.58222765,
1436104309,-4.540830416,
1436704269,-4.534207423,
1437304229,-4.606761936,
1437904189,-4.586179263,
1438504149,-4.569730397,
1439104109,-4.594809451,
1439704069,-4.577501072,
1440304029,-4.626182225,
1440903989,-4.588331718,
1441503949,-4.625908781,
1442103909,-4.646312068,
1442703869,-4.634946405,
1443303829,-4.54699597,
1443903789,-4.492601808,
1444503749,-4.63238343,
1445103709,-4.600194171,
1445703669,-4.563099714,
1446303629,-4.615307688,
1446903589,-4.551266433,
1447503549,-4.561365074,
1448103509,-4.619162134,
1448703469,-4.660606286,
1449303429,-4.589638836,
1449903389,-4.632323175,
1450503349,-4.571554523,
1451103309,-4.582745541,
1451703269,-4.598651022,
1452303229,-4.583081897,
1452903189,-4.594125227,
1453503149,-4.594036117,
1454103109,-4.665452544,
1454703069,-4.571090753,
1455303029,-4.56316336,
1455902989,-4.617868623,
1456502949,-4.671625481,
1457102909,-4.649675379,
1457702869,-4.649549684,
1458302829,-4.605323582,
1458902789,-4.620144917,
1459502749,-4.625180579,
1460102709,-4.544658251,
1460702669,-4.74916387,
1461302629,-4.606579137,
1461902589,-4.781846459,
1462502549,-4.634973903,
1463102509,-4.711011432,
1463702469,-4.679625747,
1464302429,-4.717006615,
1464902389,-4.709272707,
1465502349,-4.720736167,
1466102309,-4.662030465,
1466702269,-4.683678948,
1467302229,-4.704998362,
1467902189,-4.721147629,
1468502149,-4.630815669,
1469102109,-4.642795859,
1469702069,-4.667037655,
1470302029,-4.594934819,
1470901989,-4.620906921,
1471501949,-4.69405818,
1472101909,-4.642316823,
1472701869,-4.677254239,
1473301829,-4.740939765,
1473901789,-4.761675319,
1474501749,-4.685298377,
1475101709,-4.71865878,
1475701669,-4.706375698,
1476301629,-4.704550131,
1476901589,-4.647277792,
1477501549,-4.663319708,
1478101509,-4.695977428,
1478701469,-4.708689661,
1479301429,-4.747042814,
1479901389,-4.733238672,
1480501349,-4.722090035,
1481101309,-4.654159734,
1481701269,-4.819063636,
1482301229,-4.831296518,
1482901189,-4.695938402,
1483501149,-4.692002431,
1484101109,-4.758726866,
1484701069,-4.730091526,
1485301029,-4.773987003,
1485900989,-4.773451036,
1486500949,-4.775918497,
1487100909,-4.781418412,
1487700869,-4.797742501,
1488300829,-4.796621679,
1488900789,-4.785211845,
1489500749,-4.766937183,
1490100709,-4.745868827,
1490700669,-4.737217943,
1491300629,-4.78276413,
1491900589,-4.796870828,
1492500549,-4.844403259,
1493100509,-4.894505468,
1493700469,-4.828867321,
1494300429,-4.83272227,
1494900389,-4.869382567,
1495500349,-4.765853548,
1496100309,-4.877947807,
1496700269,-4.9151964,
1497300229,-4.815910629,
1497900189,-4.837527737,
1498500149,-4.834937806,
1499100109,-4.857526704,
1499700069,-4.88369174,
1500300029,-4.978660588,
1500899989,-4.919754162,
1501499949,-4.909690032,
1502099909,-4.976084616,
1502699869,-4.899378063,
1503299829,-4.915601627,
1503899789,-4.894229189,
1504499749,-4.990151443,
1505099709,-4.940253326,
1505699669,-4.888836059,
1506299629,-4.970520975,
1506899589,-5.083891066,
1507499549,-5.06081518,
1508099509,-5.004911144,
1508699469,-5.104487546,
1509299429,-5.029431578,
1509899389,-4.978979381,
1510499349,-5.004984365,
1511099309,-5.134314081,
1511699269,-5.069379979,
1512299229,-5.089369366,
1512899189,-5.166590592,
1513499149,-5.071253874,
1514099109,-5.122526861,
1514699069,-5.183022442,
1515299029,-5.16637281,
1515898989,-5.140035375,
1516498949,-5.144027556,
1517098909,-5.127704352,
1517698869,-5.168294182,
1518298829,-5.112459904,
1518898789,-5.203029175,
1519498749,-5.175036115,
1520098709,-5.20647897,
1520698669,-5.149818389,
1521298629,-5.151192996,
1521898589,-5.167602535,
1522498549,-5.285990835,
1523098509,-5.242526893,
1523698469,-5.250126794,
1524298429,-5.29384002,
1524898389,-5.201120611,
1525498349,-5.322144019,
1526098309,-5.378614784,
1526698269,-5.413362224,
1527298229,-5.220843295,
1527898189,-5.381873236,
1528498149,-5.356254408,
1529098109,-5.455674316,
1529698069,-5.311775296,
1530298029,-5.289124511,
1530897989,-5.370610666,
1531497949,-5.491974604,
1532097909,-5.468823486,
1532697869,-5.488817229,
1533297829,-5.370434623,
1533897789,-5.491613892,
1534497749,-5.434317342,
1535097709,-5.549953027,
1535697669,-5.522287213,
1536297629,-5.663910804,
1536897589,-5.469213637,
1537497549,-5.549420145,
1538097509,-5.608186636,
1538697469,-5.568285449,
1539297429,-5.51396518,
1539897389,-5.570051613,
1540497349,-5.6560317,
1541097309,-5.652397142,
1541697269,-5.740068076,
1542297229,-5.669877376,
1542897189,-5.631587816,
1543497149,-5.620692188,
1544097109,-5.795428921,
1544697069,-5.698310179,
1545297029,-5.734457142,
1545896989,-5.737723749,
1546496949,-5.721365895,
1547096909,-5.705791898,
1547696869,-5.715371992,
1548296829,-5.742794395,
1548896789,-5.729500195,
1549496749,-5.794760967,
1550096709,-5.723137079,
1550696669,-5.822529357,
1551296629,-5.820207443,
1551896589,-5.753609946,
1552496549,-5.777765806,
1553096509,-5.718250587,
1553696469,-5.750800697,
1554296429,-5.791139793,
1554896389,-5.805009906,
1555496349,-5.729852308,
1556096309,-5.755998898,
1556696269,-5.816037091,
1557296229,-5.800167925,
1557896189,-5.925323887,
1558496149,-5.869604185,
1559096109,-5.914897238,
1559696069,-5.876693844,
1560296029,-5.942710815,
1560895989,-5.851639013,
1561495949,-5.914683948,
1562095909,-5.89028675,
1562695869,-5.908954655,
1563295829,-5.882502504,
1563895789,-5.830432211,
1564495749,-5.975546901,
1565095709,-5.952877142,
1565695669,-5.963564448,
1566295629,-5.934285943,
1566895589,-5.910895622,
1567495549,-5.975270443,
1568095509,-5.978986603,
1568695469,-5.951138027,
1569295429,-5.907376723,
1569895389,-5.926641042,
1570495349,-6.055317648,
1571095309,-5.929685808,
1571695269,-6.041274736,
1572295228,-5.941592741,
1572895188,-5.89926379,
1573495148,-5.93031134,
1574095108,-6.012249215,
1574695068,-5.955214618,
1575295028,-5.938458795,
1575894988,-6.050583084,
1576494948,-6.070502273,
1577094908,-5.966920203,
1577694868,-5.965986997,
1578294828,-5.9391022,
1578894788,-6.010561462,
1579494748,-6.030618073,
1580094708,-5.957477117,
1580694668,-6.084135263,
1581294628,-6.004819227,
1581894588,-5.993392032,
1582494548,-6.03168946,
1583094508,-6.029742033,
1583694468,-6.023206502,
1584294428,-6.068001652,
1584894388,-6.050323541,
1585494348,-5.91395257,
1586094308,-6.066207047,
1586694268,-6.092280648,
1587294228,-6.019438481,
1587894188,-6.060396716,
1588494148,-5.984146243,
1589094108,-6.017738774,
1589694068,-6.040760779,
1590294028,-6.138221151,
1590893988,-5.99223717,
1591493948,-6.064841228,
1592093908,-5.974884016,
1592693868,-6.076130607,
1593293828,-6.122010885,
1593893788,-6.042277519,
1594493748,-5.978670422,
1595093708,-6.014864875,
1595693668,-6.064439985,
1596293628,-5.99188757,
1596893588,-5.983126109,
1597493548,-6.029405582,
1598093508,-6.025874104,
1598693468,-6.055393213,
1599293428,-6.114104176,
1599893388,-5.983592677,
1600493348,-6.079017038,
1601093308,-6.00140181,
1601693268,-6.109693214,
1602293228,-6.075384331,
1602893188,-6.00884192,
1603493148,-6.044167226,
1604093108,-5.969406979,
1604693068,-6.005294869,
1605293028,-6.104094632,
1605892988,-5.944438791,
1606492948,-6.050317984,
1607092908,-6.138343256,
1607692868,-6.039871517,
1608292828,-6.080837702,
1608892788,-6.109764427,
1609492748,-6.100687185,
1610092708,-6.069816736,
1610692668,-6.172071452,
1611292628,-6.112330115,
1611892588,-6.085843969,
1612492548,-6.08361882,
1613092508,-6.166928052,
1613692468,-6.069097743,
1614292428,-6.116904352,
1614892388,-6.174884718,
1615492348,-6.133948827,
1616092308,-6.200349265,
1616692268,-6.078487532,
1617292228,-6.099231281,
1617892188,-6.213524399,
1618492148,-6.151859967,
1619092108,-6.126068442,
1619692068,-6.160886748,
1620292028,-6.165725024,
1620891988,-6.126192557,
1621491948,-6.191860241,
1622091908,-6.252065933,
1622691868,-6.214600362,
1623291828,-6.206062127,
1623891788,-6.197562312,
1624491748,-6.246714507,
1625091708,-6.250594205,
1625691668,-6.16611521,
1626291628,-6.25470697,
1626891588,-6.223041193,
1627491548,-6.245907643,
1628091508,-6.279127355,
1628691468,-6.263962074,
1629291428,-6.287294488,
1629891388,-6.383523316,
1630491348,-6.31738904,
1631091308,-6.309712038,
1631691268,-6.314882858,
1632291228,-6.230224841,
1632891188,-6.300569655,
1633491148,-6.340253081,
1634091108,-6.306824759,
1634691068,-6.259743327,
1635291028,-6.40477382,
1635890988,-6.292984951,
1636490948,-6.326378686,
1637090908,-6.38177185,
1637690868,-6.358730606,
1638290828,-6.345333182,
1638890788,-6.427091727,
1639490748,-6.377697387,
1640090708,-6.432466973,
1640690668,-6.298049343,
1641290628,-6.382015849,
1641890588,-6.538500713,
1642490548,-6.286554941,
1643090508,-6.550995549,
1643690468,-6.487756084,
1644290428,-6.567551095,
1644890388,-6.473998689,
1645490348,-6.626448218,
1646090308,-6.610360568,
1646690268,-6.586166566,
1647290228,-6.580732599,
1647890188,-6.531356193,
1648490148,-6.623677218,
1649090108,-6.570496245,
1649690068,-6.609770574,
1650290028,-6.74719916,
1650889988,-6.647334273,
1651489948,-6.718503416,
1652089908,-6.833789641,
1652689868,-6.731407585,
1653289828,-6.70296437,
1653889788,-6.834621905,
1654489748,-6.799639326,
1655089708,-6.767207708,
1655689668,-6.832179375,
1656289628,-6.827985706,
1656889588,-6.868380961,
1657489548,-6.860897844,
1658089508,-6.845018779,
1658689468,-6.933310821,
1659289428,-6.989919056,
1659889388,-6.980251791,
1660489348,-6.917811918,
1661089308,-6.960444023,
1661689268,-6.966506065,
1662289228,-7.022653384,
1662889188,-7.043177681,
1663489148,-7.029923291,
1664089108,-6.971649854,
1664689068,-6.985384639,
1665289028,-7.106364084,
1665888988,-7.05357022,
1666488948,-7.047306634,
1667088908,-7.090947503,
1667688868,-7.09374391,
1668288828,-7.148560898,
1668888788,-7.103967546,
1669488748,-7.212192447,
1670088708,-7.176037377,
1670688668,-7.158357225,
1671288628,-7.283881262,
1671888588,-7.243015652,
1672488548,-7.306411325,
1673088508,-7.270292501,
1673688468,-7.330576308,
1674288428,-7.28164536,
1674888388,-7.353850208,
1675488348,-7.337891995,
1676088308,-7.314911088,
1676688268,-7.379947468,
1677288228,-7.316289133,
1677888188,-7.454383226,
1678488148,-7.561620685,
1679088108,-7.458116759,
1679688068,-7.468313193,
1680288028,-7.529251654,
1680887988,-7.554599023,
1681487948,-7.504946065,
1682087908,-7.65226237,
1682687868,-7.560078885,
1683287828,-7.610236297,
1683887788,-7.513666512,
1684487748,-7.553304836,
1685087708,-7.597070032,
1685687668,-7.570143701,
1686287628,-7.584369613,
1686887588,-7.674606584,
1687487548,-7.60004046,
1688087508,-7.678456812,
1688687468,-7.687625435,
1689287428,-7.701396125,
1689887388,-7.639847683,
1690487348,-7.765658514,
1691087308,-7.85968045,
1691687268,-7.728360572,
1692287228,-7.83215987,
1692887188,-7.754134645,
1693487148,-8.037495044,
1694087108,-8.030062866,
1694687068,-8.069757867,
1695287028,-8.031354602,
1695886988,-8.086034437,
1696486948,-8.030849097,
1697086908,-8.140598492,
1697686868,-8.161681548,
1698286828,-8.136465805,
1698886788,-8.193516935,
1699486748,-8.106428643,
1700086708,-8.116578732,
1700686668,-8.260642155,
1701286628,-8.166446013,
1701886588,-8.260003827,
1702486548,-8.293336583,
1703086508,-8.272696355,
1703686468,-8.256809222,
1704286428,-8.368179158,
1704886388,-8.312400782,
1705486348,-8.378177112,
1706086308,-8.279255204,
1706686268,-8.39353782,
1707286228,-8.415779611,
1707886188,-8.466409298,
1708486148,-8.445193799,
1709086108,-8.553002213,
1709686068,-8.607065179,
1710286028,-8.567560807,
1710885988,-8.697789658,
1711485948,-8.693822606,
1712085908,-8.839049728,
1712685868,-8.743446698,
1713285828,-8.82245535,
1713885788,-8.762462865,
1714485748,-8.862895067,
1715085707,-8.87178746,
1715685667,-8.933771014,
1716285627,-8.992621699,
1716885587,-8.838189981,
1717485547,-9.037018345,
1718085507,-9.069939553,
1718685467,-8.970070546,
1719285427,-9.179049561,
1719885387,-9.14167505,
1720485347,-9.326827654,
1721085307,-9.46846905,
1721685267,-9.463329022,
1722285227,-9.579938918,
1722885187,-9.466659218,
1723485147,-9.653580078,
1724085107,-9.505603437,
1724685067,-9.6562156,
1725285027,-9.713852104,
1725884987,-9.718458479,
1726484947,-9.879945687,
1727084907,-9.873932956,
1727684867,-9.915878345,
1728284827,-9.900906527,
1728884787,-9.984438487,
1729484747,-10.0696613,
1730084707,-10.18897879,
1730684667,-10.12705813,
1731284627,-10.22141889,
1731884587,-10.24487251,
1732484547,-10.52447092,
1733084507,-10.30721823,
1733684467,-10.60620478,
1734284427,-10.35429138,
1734884387,-10.57111855,
1735484347,-10.76851732,
1736084307,-10.74858531,
1736684267,-10.91566371,
1737284227,-11.31476453,
1737884187,-11.3313619,
1738484147,-11.26467675,
1739084107,-11.31210728,
1739684067,-11.32804543,
1740284027,-11.59843742,
1740883987,-11.38707341,
1741483947,-11.56431564,
1742083907,-11.45832377,
1742683867,-11.75988701,
1743283827,-11.70829972,
1743883787,-11.74498303,
1744483747,-11.82114793,
1745083707,-11.93235114,
1745683667,-11.84834142,
1746283627,-12.08220635,
1746883587,-12.47933943,
1747483547,-12.28669276,
1748083507,-12.37418937,
1748683467,-12.66171972,
1749283427,-12.63148573,
1749883387,-12.84621146,
1750483347,-12.9481594,
1751083307,-13.08788617,
1751683267,-13.21468399,
1752283227,-13.45931952,
1752883187,-13.66090396,
1753483147,-13.67834966,
1754083107,-13.91664035,
1754683067,-13.67917252,
1755283027,-13.85019059,
1755882987,-13.9410588,
1756482947,-13.82905304,
1757082907,-14.04290832,
1757682867,-14.23161155,
1758282827,-14.48414122,
1758882787,-14.44181647,
1759482747,-14.5116343,
1760082707,-14.86322276,
1760682667,-14.91943872,
1761282627,-14.92643609,
1761882587,-14.93187528,
1762482547,-15.20792422,
1763082507,-15.7417047,
1763682467,-15.78878607,
1764282427,-16.16182837,
1764882387,-16.36680014,
1765482347,-16.59864965,
1766082307,-16.81751254,
1766682267,-16.66529349,
1767282227,-16.74826573,
1767882187,-16.67227986,
1768482147,-17.00083516,
1769082107,-17.20071221,
1769682067,-17.20452396,
1770282027,-17.42465607,
1770881987,-17.69154991,
1771481947,-17.92649275,
1772081907,-18.00228214,
1772681867,-18.41735922,
1773281827,-18.40330606,
1773881787,-18.49246516,
1774481747,-18.24258659,
1775081707,-19.0398839,
1775681667,-18.70406361,
1776281627,-18.70310962,
1776881587,-19.54787635,
1777481547,-20.17796198,
1778081507,-20.24274067,
1778681467,-20.57046605,
1779281427,-21.52832897,
1779881387,-22.00738512,
1780481347,-21.69555246,
1781081307,-22.25996243,
1781681267,-22.24235203,
1782281227,-22.25254394,
1782881187,-22.16629083,
1783481147,-22.55043481,
1784081107,-22.75794511,
1784681067,-23.13660081,
1785281027,-23.44257782,
1785880987,-23.67896765,
1786480947,-24.31746583,
1787080907,-24.49458481,
1787680867,-24.10032159,
1788280827,-25.14686575,
1788880787,-24.93034618,
1789480747,-24.94690981,
1790080707,-25.48485513,
1790680667,-25.99342373,
1791280627,-26.66910819,
1791880587,-28.28299416,
1792480547,-26.86112824,
1793080507,-27.88647818,
1793680467,-29.6848792,
1794280427,-30.32860269,
1794880387,-34.39820519,
1795480347,-36.11347075,
1796080307,-38.18911691,
1796680267,-34.16919962,
1797280227,-40.2209227,
1797880187,-41.23925443,
1798480147,-37.98907706,
1799080107,-38.24122768,
1799680067,-37.13916581,
1800280027,-36.79011349,
1800879987,-37.21503362,
1801479947,-37.40333661,
1802079907,-37.35413005,
1802679867,-37.02244923,
1803279827,-36.56789755,
1803879787,-37.697422,
1804479747,-38.67012039,
1805079707,-35.94774118,
1805679667,-38.35147219,
1806279627,-38.72779903,
1806879587,-37.89236553,
1807479547,-37.57517796,
1808079507,-35.71573263,
1808679467,-34.55046385,
1809279427,-31.12383801,
1809879387,-30.15315575,
1810479347,-28.46869616,
1811079307,-28.34133721,
1811679267,-25.94010248,
1812279227,-26.06547611,
1812879187,-25.48919934,
1813479147,-26.30349102,
1814079107,-25.18288725,
1814679067,-25.68403296,
1815279027,-25.08402591,
1815878987,-25.24730803,
1816478947,-24.32574522,
1817078907,-23.85318045,
1817678867,-23.71990335,
1818278827,-23.73096872,
1818878787,-23.06095838,
1819478747,-22.85526515,
1820078707,-22.50686159,
1820678667,-22.72352154,
1821278627,-22.45357396,
1821878587,-22.58458613,
1822478547,-22.51835472,
1823078507,-21.7259717,
1823678467,-22.19211388,
1824278427,-21.47158302,
1824878387,-21.81701929,
1825478347,-21.3695299,
1826078307,-20.54797827,
1826678267,-20.31172522,
1827278227,-20.79949056,
1827878187,-20.09454422,
1828478147,-19.54277133,
1829078107,-19.39136115,
1829678067,-19.0567355,
1830278027,-19.73177312,
1830877987,-18.64642886,
1831477947,-19.15622617,
1832077907,-18.69942392,
1832677867,-18.68455118,
1833277827,-18.7510977,
1833877787,-18.29441828,
1834477747,-18.09485211,
1835077707,-18.33944447,
1835677667,-18.29457054,
1836277627,-18.37327187,
1836877587,-17.96233254,
1837477547,-18.02421899,
1838077507,-17.76583196,
1838677467,-17.70202436,
1839277427,-17.47308663,
1839877387,-17.35127966,
1840477347,-17.42086832,
1841077307,-17.18839547,
1841677267,-17.2251367,
1842277227,-17.31465904,
1842877187,-17.00302448,
1843477147,-17.04870942,
1844077107,-17.10736043,
1844677067,-17.10918908,
1845277027,-17.03591425,
1845876987,-16.80104592,
1846476947,-16.79043843,
1847076907,-16.94415486,
1847676867,-16.69686829,
1848276827,-16.90434054,
1848876787,-16.66904042,
1849476747,-16.84857841,
1850076707,-16.64258505,
1850676667,-16.67788851,
1851276627,-16.53253483,
1851876587,-16.39226977,
1852476547,-16.44743366,
1853076507,-16.19157897,
1853676467,-16.16367478,
1854276427,-16.16399783,
1854876387,-16.03875608,
1855476347,-15.92698312,
1856076307,-16.13376347,
1856676267,-15.87856461,
1857276227,-15.99743103,
1857876186,-15.94055433,
1858476146,-15.99874293,
1859076106,-15.44689387,
1859676066,-15.69905929,
1860276026,-15.82296006,
1860875986,-15.88865103,
1861475946,-15.16355502,
1862075906,-15.41127209,
1862675866,-15.64406024,
1863275826,-15.42572473,
1863875786,-15.59039671,
1864475746,-15.49922327,
1865075706,-15.33207494,
1865675666,-15.31236257,
1866275626,-15.21792614,
1866875586,-15.32597816,
1867475546,-15.13794056,
1868075506,-15.40712541,
1868675466,-15.6005763,
1869275426,-15.33293169,
1869875386,-15.29203213,
1870475346,-15.2946322,
1871075306,-15.06788023,
1871675266,-15.02024974,
1872275226,-15.21705041,
1872875186,-15.45740574,
1873475146,-15.28157265,
1874075106,-15.56245,
1874675066,-15.12992059,
1875275026,-15.14528538,
1875874986,-15.09153473,
1876474946,-14.99845686,
1877074906,-15.30763032,
1877674866,-15.22710783,
1878274826,-14.93071956,
1878874786,-15.18408598,
1879474746,-15.24108369,
1880074706,-15.39937127,
1880674666,-15.27906946,
1881274626,-15.34834446,
1881874586,-15.14529225,
1882474546,-15.18669249,
1883074506,-15.1517586,
1883674466,-15.039552,
1884274426,-15.1339821,
1884874386,-15.29979147,
1885474346,-15.13554947,
1886074306,-14.831998,
1886674266,-15.12809837,
1887274226,-15.18201213,
1887874186,-15.05109164,
1888474146,-15.1865513,
1889074106,-14.96361795,
1889674066,-14.93985953,
1890274026,-15.04820886,
1890873986,-14.90410148,
1891473946,-15.0410654,
1892073906,-14.93414231,
1892673866,-14.89230445,
1893273826,-14.83687021,
1893873786,-14.76869133,
1894473746,-14.81883011,
1895073706,-14.86394453,
1895673666,-14.88116207,
1896273626,-14.82878189,
1896873586,-14.8727535,
1897473546,-14.7480252,
1898073506,-14.99332428,
1898673466,-14.80406996,
1899273426,-14.7734126,
1899873386,-14.7973308,
1900473346,-14.79260175,
1901073306,-14.85006904,
1901673266,-14.80783803,
1902273226,-14.58493363,
1902873186,-14.59103451,
1903473146,-14.57056771,
1904073106,-14.48370353,
1904673066,-14.71732064,
1905273026,-14.69422542,
1905872986,-14.76741415,
1906472946,-14.48834525,
1907072906,-14.5283164,
1907672866,-14.49132561,
1908272826,-14.44628908,
1908872786,-14.53028135,
1909472746,-14.40308329,
1910072706,-14.42240342,
1910672666,-14.51033457,
1911272626,-14.39631913,
1911872586,-14.51677898,
1912472546,-14.34770169,
1913072506,-14.60023081,
1913672466,-14.42700511,
1914272426,-14.17720978,
1914872386,-14.32959745,
1915472346,-14.1949368,
1916072306,-14.07699999,
1916672266,-14.12891168,
1917272226,-14.51412069,
1917872186,-14.21245214,
1918472146,-14.2743516,
1919072106,-14.23404757,
1919672066,-14.23760659,
1920272026,-14.11755791,
1920871986,-14.09235035,
1921471946,-14.14990983,
1922071906,-14.24602841,
1922671866,-14.05087878,
1923271826,-14.01543931,
1923871786,-13.92975826,
1924471746,-13.86239413,
1925071706,-14.15451044,
1925671666,-14.06730449,
1926271626,-14.01628797,
1926871586,-13.7933495,
1927471546,-13.81501994,
1928071506,-13.94035893,
1928671466,-13.87809924,
1929271426,-13.90164565,
1929871386,-13.98863192,
1930471346,-13.89998924,
1931071306,-13.82624555,
1931671266,-13.66289611,
1932271226,-13.86432863,
1932871186,-13.57166199,
1933471146,-13.92632564,
1934071106,-13.78383533,
1934671066,-13.73617749,
1935271026,-13.85860335,
1935870986,-13.77976417,
1936470946,-13.55423541,
1937070906,-13.74608482,
1937670866,-13.68079062,
1938270826,-13.40851068,
1938870786,-13.67904858,
1939470746,-13.6869478,
1940070706,-13.64594692,
1940670666,-13.63412436,
1941270626,-13.63218155,
1941870586,-13.33686572,
1942470546,-13.51841347,
1943070506,-13.33853142,
1943670466,-13.57037109,
1944270426,-13.67725752,
1944870386,-13.35467135,
1945470346,-13.55091583,
1946070306,-13.28565338,
1946670266,-13.5446257,
1947270226,-13.41993394,
1947870186,-13.28695709,
1948470146,-13.42702448,
1949070106,-13.28312122,
1949670066,-13.28198774,
1950270026,-13.37584167,
1950869986,-13.44246093,
1951469946,-13.23681597,
1952069906,-12.94672855,
1952669866,-13.00401081,
1953269826,-12.98290013,
1953869786,-13.15763822,
1954469746,-13.03126323,
1955069706,-13.2578486,
1955669666,-12.93621768,
1956269626,-13.03638516,
1956869586,-13.22262659,
1957469546,-13.25547495,
1958069506,-12.97725962,
1958669466,-12.97835874,
1959269426,-13.07644395,
1959869386,-12.96845227,
1960469346,-13.09177846,
1961069306,-12.84294156,
1961669266,-13.0413402,
1962269226,-13.15335271,
1962869186,-12.74096631,
1963469146,-13.111167,
1964069106,-13.01403149,
1964669066,-12.82874321,
1965269026,-12.91478661,
1965868986,-13.00269075,
1966468946,-13.13521984,
1967068906,-12.93871168,
1967668866,-13.12153829,
1968268826,-12.97019789,
1968868786,-13.22541115,
1969468746,-13.03174315,
1970068706,-13.32566388,
1970668666,-12.96616025,
1971268626,-12.98239301,
1971868586,-13.26727723,
1972468546,-13.13815814,
1973068506,-13.24000734,
1973668466,-13.12912732,
1974268426,-13.14622979,
1974868386,-13.27028857,
1975468346,-13.12252216,
1976068306,-13.25090305,
1976668266,-13.23372956,
1977268226,-13.47065732,
1977868186,-13.15745517,
1978468146,-13.32134638,
1979068106,-13.03655071,
1979668066,-13.21053323,
1980268026,-13.30940307,
1980867986,-13.26299331,
1981467946,-13.32609647,
1982067906,-13.38923064,
1982667866,-13.14557006,
1983267826,-13.35355359,
1983867786,-13.28105252,
1984467746,-13.35616798,
1985067706,-13.31070981,
1985667666,-13.56789329,
1986267626,-13.52332406,
1986867586,-13.32988519,
1987467546,-13.35348431,
1988067506,-13.24929915,
1988667466,-13.3898046,
1989267426,-13.42250497,
1989867386,-13.52836037,
1990467346,-13.55361054,
1991067306,-13.57638727,
1991667266,-13.61885595,
1992267226,-13.44727504,
1992867186,-13.5464067,
1993467146,-13.61477418,
1994067106,-13.54674748,
1994667066,-13.52646476,
1995267026,-13.80461066,
1995866986,-13.87220149,
1996466946,-13.95995599,
1997066906,-13.89990704,
1997666866,-13.81925728,
1998266826,-14.11372856,
1998866786,-14.02769082,
1999466746,-14.12813068,
2000066706,-14.03621992,
2000666666,-14.12837579,
2001266626,-14.15971668,
2001866585,-14.2025943,
2002466545,-14.21592815,
2003066505,-14.36897377,
2003666465,-14.40719481,
2004266425,-14.07125118,
2004866385,-14.62714373,
2005466345,-14.79150463,
2006066305,-14.59713373,
2006666265,-14.81694681,
2007266225,-14.5274841,
2007866185,-14.75724606,
2008466145,-14.71817831,
2009066105,-14.35620988,
2009666065,-14.87436963,
2010266025,-14.66310097,
2010865985,-15.04329111,
2011465945,-14.75799565,
2012065905,-15.06008474,
2012665865,-15.44859513,
2013265825,-15.79504097,
2013865785,-15.39370627,
2014465745,-15.671542,
2015065705,-15.70229313,
2015665665,-16.10316613,
2016265625,-16.33506924,
2016865585,-16.4021137,
2017465545,-16.05309361,
2018065505,-16.27668083,
2018665465,-16.37309961,
2019265425,-16.69034142,
2019865385,-16.6833185,
2020465345,-16.31873485,
2021065305,-16.47084557,
2021665265,-16.48653362,
2022265225,-16.46390459,
2022865185,-16.67353174,
2023465145,-16.66627529,
2024065105,-16.91217111,
2024665065,-16.75375073,
2025265025,-16.73501394,
2025864985,-17.17482909,
2026464945,-17.09924882,
2027064905,-17.27421354,
2027664865,-17.37681745,
2028264825,-17.30765929,
2028864785,-17.63531561,
2029464745,-17.55368982,
2030064705,-17.82129375,
2030664665,-17.57967748,
2031264625,-17.61196246,
2031864585,-17.86948544,
2032464545,-18.09574777,
2033064505,-17.97191121,
2033664465,-18.00875412,
2034264425,-18.02529097,
2034864385,-18.48421667,
2035464345,-18.02205402,
2036064305,-18.41552359,
2036664265,-18.82427192,
2037264225,-18.15386744,
2037864185,-18.53341738,
2038464145,-18.37954261,
2039064105,-18.50142725,
2039664065,-19.03972293,
2040264025,-18.94072162,
2040863985,-19.42583144,
2041463945,-19.31516823,
2042063905,-19.09294509,
2042663865,-19.78116262,
2043263825,-19.57822714,
2043863785,-19.69583155,
2044463745,-19.50417639,
2045063705,-19.61871828,
2045663665,-20.0810976,
2046263625,-20.42199805,
2046863585,-20.49155846,
2047463545,-21.49394433,
2048063505,-20.92607331,
2048663465,-21.23585034,
2049263425,-21.51641368,
2049863385,-21.53322577,
2050463345,-21.72804909,
2051063305,-21.82127156,
2051663265,-21.28469227,
2052263225,-21.89751268,
2052863185,-21.58480239,
2053463145,-21.95438869,
2054063105,-22.1515771,
2054663065,-21.71885287,
2055263025,-22.10974753,
2055862985,-21.73923044,
2056462945,-21.86664574,
2057062905,-22.00607898,
2057662865,-22.28850443,
2058262825,-22.35141247,
2058862785,-22.21607506,
2059462745,-22.1869092,
2060062705,-22.09799831,
2060662665,-22.66053216,
2061262625,-22.44417355,
2061862585,-22.75025942,
2062462545,-23.02488603,
2063062505,-22.8695679,
2063662465,-23.16885387,
2064262425,-23.10036981,
2064862385,-23.67882597,
2065462345,-22.87923548,
2066062305,-23.87697147,
2066662265,-23.64136064,
2067262225,-23.93080416,
2067862185,-23.73591585,
2068462145,-24.11696638,
2069062105,-24.07889776,
2069662065,-24.82963229,
2070262025,-24.7291227,
2070861985,-23.5855306,
2071461945,-23.91740293,
2072061905,-24.91956881,
2072661865,-25.27187219,
2073261825,-24.94582889,
2073861785,-24.68281503,
2074461745,-24.53438392,
2075061705,-24.89718108,
2075661665,-24.75222109,
2076261625,-24.8349121,
2076861585,-23.99410091,
2077461545,-24.85384732,
2078061505,-25.05144263,
2078661465,-25.87814749,
2079261425,-25.75784828,
2079861385,-26.14531905,
2080461345,-25.88879699,
2081061305,-25.65343123,
2081661265,-26.05522765,
2082261225,-27.38473762,
2082861185,-28.09142554,
2083461145,-27.14560143,
2084061105,-26.89784808,
2084661065,-27.76111447,
2085261025,-27.73665943,
2085860985,-27.29539085,
2086460945,-30.41388497,
2087060905,-29.14727083,
2087660865,-29.41915772,
2088260825,-31.88481073,
2088860785,-31.95840157,
2089460745,-36.50156842,
2090060705,-33.74230277,
2090660665,-35.31193393,
2091260625,-35.29604901,
2091860585,-34.87687549,
2092460545,-34.68187295,
2093060505,-34.67814824,
2093660465,-35.0973906,
2094260425,-36.08726135,
2094860385,-33.61806094,
2095460345,-36.53846118,
2096060305,-35.50586147,
2096660265,-37.96420331,
2097260225,-38.91290545,
2097860185,-35.51655813,
2098460145,-35.95074857,
2099060105,-40.61849464,
2099660065,-35.28129439,
2100260025,-40.9555237,
2100859985,-42.55465495,
2101459945,-38.47386096,
2102059905,-37.98026197,
2102659865,-38.36905604,
2103259825,-37.8308597,
2103859785,-37.12591819,
2104459745,-35.67112871,
2105059705,-36.04111133,
2105659665,-36.39344341,
2106259625,-36.77234546,
2106859585,-37.13465369,
2107459545,-37.57532789,
2108059505,-37.96231122,
2108659465,-38.44495441,
2109259425,-38.90204996,
2109859385,-39.4168784,
2110459345,-39.96662122,
2111059305,-40.57469196,
2111659265,-41.12851336,
2112259225,-41.81932218,
2112859185,-42.5542759,
2113459145,-43.3673586,
2114059105,-44.1449452,
2114659065,-45.05136863,
2115259025,-46.12520313,
2115858985,-47.25477644,
2116458945,-48.47913003,
2117058905,-49.67269799,
2117658865,-50.91164183,
2118258825,-51.91096766,
2118858785,-52.5123045,
2119458745,-52.29155127,
2120058705,-51.50824211,
2120658665,-50.31720311,
2121258625,-49.05541711,
2121858585,-47.75555183,
2122458545,-46.6068528,
2123058505,-45.52921844,
2123658465,-44.51010413,
2124258425,-43.62579531,
2124858385,-42.8158275,
2125458345,-42.02574197,
2126058305,-41.31213065,
2126658265,-40.65124702,
2127258225,-39.97139809,
2127858185,-39.39929869,
2128458145,-38.82292032,
2129058105,-38.29909276,
2129658065,-37.77352676,
2130258025,-37.28206723,
2130857985,-36.8685826,
2131457945,-36.37303297,
2132057905,-35.98243867,
2132657865,-35.53824732,
2133257825,-36.12347438,
2133857785,-38.90247859,
2134457745,-38.27885357,
2135057705,-45.97656731,
2135657665,-42.05988718,
2136257625,-36.74439633,
2136857585,-36.58360387,
2137457545,-34.7963142,
2138057505,-35.95882464,
2138657465,-37.79518072,
2139257425,-35.02493987,
2139857385,-36.17832375,
2140457345,-37.68716898,
2141057305,-34.15403489,
2141657265,-34.42803728,
2142257225,-36.61724442,
2142857185,-36.28936153,
2143457145,-35.07546185,
2144057105,-34.75476407,
2144657065,-33.53459062,
2145257025,-32.62138554,
2145856985,-35.18995592,
2146456945,-30.29049622,
2147056905,-30.4758868,
2147656865,-30.04261233,
2148256825,-31.2323746,
2148856785,-28.89294848,
2149456745,-28.74984839,
2150056705,-26.65393597,
2150656665,-26.19264951,
2151256625,-25.42464937,
2151856585,-26.39374696,
2152456545,-25.7718988,
2153056505,-26.515529,
2153656465,-26.38868731,
2154256425,-25.00940583,
2154856385,-24.71280416,
2155456344,-24.748381,
2156056304,-25.8752319,
2156656264,-24.37603728,
2157256224,-24.29139476,
2157856184,-24.11672674,
2158456144,-24.52819252,
2159056104,-24.38391608,
2159656064,-23.99543326,
2160256024,-23.6850719,
2160855984,-24.60769216,
2161455944,-24.35390422,
2162055904,-24.42630447,
2162655864,-24.31246808,
2163255824,-24.14785154,
2163855784,-23.80667046,
2164455744,-23.4456918,
2165055704,-22.63846103,
2165655664,-22.6631758,
2166255624,-23.0091064,
2166855584,-22.81692182,
2167455544,-22.4103703,
2168055504,-22.86185053,
2168655464,-22.56144527,
2169255424,-22.55389343,
2169855384,-22.07636887,
2170455344,-22.11674379,
2171055304,-21.9871028,
2171655264,-21.5880732,
2172255224,-21.66512373,
2172855184,-21.52702657,
2173455144,-21.56627868,
2174055104,-21.17829316,
2174655064,-21.15685312,
2175255024,-21.16614614,
2175854984,-20.75044907,
2176454944,-20.56496157,
2177054904,-20.71612785,
2177654864,-21.03794879,
2178254824,-20.88914154,
2178854784,-20.51129349,
2179454744,-21.23072796,
2180054704,-20.61729094,
2180654664,-20.90801603,
2181254624,-20.34539416,
2181854584,-20.28635662,
2182454544,-20.31129007,
2183054504,-19.70710282,
2183654464,-19.04845525,
2184254424,-18.98833817,
2184854384,-19.4536423,
2185454344,-18.80563866,
2186054304,-18.74617732,
2186654264,-18.8499069,
2187254224,-18.78432154,
2187854184,-17.92967862,
2188454144,-17.54537856,
2189054104,-17.79970348,
2189654064,-17.95225818,
2190254024,-17.66497907,
2190853984,-17.64557978,
2191453944,-17.6762476,
2192053904,-17.6760925,
2192653864,-17.53747169,
2193253824,-17.42911474,
2193853784,-17.12012779,
2194453744,-16.96649836,
2195053704,-16.93039316,
2195653664,-17.05272688,
2196253624,-16.76547228,
2196853584,-16.81070501,
2197453544,-16.62715391,
2198053504,-16.7825262,
2198653464,-16.52656375,
2199253424,-16.37679221,
2199853384,-16.25461057,
2200453344,-16.19484439,
2201053304,-16.06978916,
2201653264,-16.16685059,
2202253224,-15.88040865,
2202853184,-15.96655575,
2203453144,-15.6851003,
2204053104,-15.82676661,
2204653064,-15.93028747,
2205253024,-15.65560167,
2205852984,-15.3456827,
2206452944,-15.43475715,
2207052904,-15.69659131,
2207652864,-15.7044393,
2208252824,-15.21308825,
2208852784,-14.84528908,
2209452744,-15.07434522,
2210052704,-14.66840566,
2210652664,-14.79024208,
2211252624,-14.15388758,
2211852584,-14.47229234,
2212452544,-14.1302338,
2213052504,-14.29498548,
2213652464,-14.3568837,
2214252424,-14.09023585,
2214852384,-14.04054282,
2215452344,-13.95308814,
2216052304,-13.9651588,
2216652264,-13.78560573,
2217252224,-13.63881723,
2217852184,-13.63947402,
2218452144,-13.55931388,
2219052104,-13.65183596,
2219652064,-13.47842358,
2220252024,-13.5245759,
2220851984,-13.45623572,
2221451944,-13.32872575,
2222051904,-13.46945067,
2222651864,-13.20912327,
2223251824,-13.22238393,
2223851784,-13.04139502,
2224451744,-12.67045492,
2225051704,-12.98327676,
2225651664,-12.84385402,
2226251624,-12.86893906,
2226851584,-12.6985338,
2227451544,-12.90222505,
2228051504,-12.85909464,
2228651464,-12.69401207,
2229251424,-12.64491088,
2229851384,-12.59347381,
2230451344,-12.58652818,
2231051304,-12.67521729,
2231651264,-12.60506942,
2232251224,-12.36869978,
2232851184,-12.57602965,
2233451144,-12.39649593,
2234051104,-12.22256476,
2234651064,-11.80143381,
2235251024,-12.07083015,
2235850984,-12.02082942,
2236450944,-12.12556896,
2237050904,-12.02990865,
2237650864,-11.81776167,
2238250824,-11.66990191,
2238850784,-11.45783876,
2239450744,-11.75181561,
2240050704,-11.65173657,
2240650664,-11.74417766,
2241250624,-11.57488269,
2241850584,-11.71198177,
2242450544,-11.44435911,
2243050504,-11.31627723,
2243650464,-11.55325189,
2244250424,-11.50761151,
2244850384,-11.44166443,
2245450344,-11.34224963,
2246050304,-11.43352233,
2246650264,-11.39462939,
2247250224,-11.24321829,
2247850184,-11.42811932,
2248450144,-11.43195392,
2249050104,-11.20904524,
2249650064,-11.22970709,
2250250024,-11.2241187,
2250849984,-11.16534145,
2251449944,-11.13074414,
2252049904,-11.13181884,
2252649864,-11.25468696,
2253249824,-10.95375309,
2253849784,-11.10459913,
2254449744,-10.98544019,
2255049704,-11.03560168,
2255649664,-10.92935331,
2256249624,-10.76105128,
2256849584,-11.05459044,
2257449544,-10.89172461,
2258049504,-11.07332363,
2258649464,-10.88600874,
2259249424,-10.82766648,
2259849384,-10.84045405,
2260449344,-10.93785364,
2261049304,-10.85659052,
2261649264,-10.87722489,
2262249224,-10.80578394,
2262849184,-10.79398847,
2263449144,-10.65878564,
2264049104,-10.80676449,
2264649064,-10.67474279,
2265249024,-10.61052808,
2265848984,-10.70434157,
2266448944,-10.80314158,
2267048904,-10.68428687,
2267648864,-10.73418249,
2268248824,-10.56777633,
2268848784,-10.62982509,
2269448744,-10.71767033,
2270048704,-10.75539266,
2270648664,-10.59132576,
2271248624,-10.70787077,
2271848584,-10.55037971,
2272448544,-10.65277182,
2273048504,-10.69650033,
2273648464,-10.57136061,
2274248424,-10.71762758,
2274848384,-10.42909495,
2275448344,-10.58342207,
2276048304,-10.63592034,
2276648264,-10.54800781,
2277248224,-10.6092996,
2277848184,-10.75145441,
2278448144,-10.64635153,
2279048104,-10.61160329,
2279648064,-10.4357297,
2280248024,-10.55706103,
2280847984,-10.48386236,
2281447944,-10.64309846,
2282047904,-10.36282104,
2282647864,-10.54321828,
2283247824,-10.41141919,
2283847784,-10.59715416,
2284447744,-10.61165498,
2285047704,-10.53167688,
2285647664,-10.5071001,
2286247624,-10.44827273,
2286847584,-10.46999839,
2287447544,-10.45263558,
2288047504,-10.50109917,
2288647464,-10.47282369,
2289247424,-10.53639424,
2289847384,-10.4482515,
2290447344,-10.26923162,
2291047304,-10.40588556,
2291647264,-10.37776687,
2292247224,-10.18069772,
2292847184,-10.40702876,
2293447144,-10.28861701,
2294047104,-10.52127639,
2294647064,-10.2524765,
2295247024,-10.50990985,
2295846984,-10.4084406,
2296446944,-10.28019023,
2297046904,-10.41789273,
2297646864,-10.27656595,
2298246824,-10.42464334,
2298846784,-10.4944779,
2299446744,-10.26467427,
2300046704,-10.34927072,
2300646664,-10.0315623,
2301246624,-10.16808405,
2301846584,-10.33283875,
2302446544,-10.34701174,
2303046504,-10.29905805,
2303646464,-10.09124006,
2304246424,-10.3186003,
2304846384,-10.16295273,
2305446344,-9.943132877,
2306046304,-10.20330526,
2306646264,-10.22644294,
2307246224,-9.89704502,
2307846184,-10.29858553,
2308446144,-10.20287555,
2309046103,-10.06021361,
2309646063,-10.04290335,
2310246023,-10.07551778,
2310845983,-9.989966033,
2311445943,-9.988729047,
2312045903,-10.09676328,
2312645863,-9.876373824,
2313245823,-9.954441678,
2313845783,-9.940037784,
2314445743,-9.983950806,
2315045703,-9.834075389,
2315645663,-10.01554843,
2316245623,-10.01271727,
2316845583,-9.710364096,
2317445543,-9.932605799,
2318045503,-9.980345057,
2318645463,-9.818863948,
2319245423,-9.830358733,
2319845383,-9.95262705,
2320445343,-9.779051307,
2321045303,-9.720182387,
2321645263,-9.936974162,
2322245223,-9.829249363,
2322845183,-9.681661334,
2323445143,-9.728955502,
2324045103,-9.679670964,
2324645063,-9.566281253,
2325245023,-9.64807276,
2325844983,-9.57605915,
2326444943,-9.54748628,
2327044903,-9.745287978,
2327644863,-9.579356637,
2328244823,-9.811596585,
2328844783,-9.578878743,
2329444743,-9.641477351,
2330044703,-9.603393457,
2330644663,-9.486076905,
2331244623,-9.550118873,
2331844583,-9.553021837,
2332444543,-9.471212837,
2333044503,-9.335559294,
2333644463,-9.453510345,
2334244423,-9.412616612,
2334844383,-9.361978655,
2335444343,-9.241400261,
2336044303,-9.364275224,
2336644263,-9.320408198,
2337244223,-9.280867592,
2337844183,-9.471676308,
2338444143,-9.214582538,
2339044103,-9.441919414,
2339644063,-9.362333337,
2340244023,-9.306863096,
2340843983,-9.250486232,
2341443943,-9.168699296,
2342043903,-9.177907664,
2342643863,-9.191854751,
2343243823,-9.046430935,
2343843783,-9.264779572,
2344443743,-9.26441931,
2345043703,-9.125715164,
2345643663,-9.085433224,
2346243623,-9.231295586,
2346843583,-9.144325282,
2347443543,-9.042320564,
2348043503,-9.107796392,
2348643463,-8.928852525,
2349243423,-9.094962357,
2349843383,-9.124232423,
2350443343,-9.027711833,
2351043303,-8.913576764,
2351643263,-8.939891052,
2352243223,-8.944131591,
2352843183,-9.022815126,
2353443143,-8.868712472,
2354043103,-8.795559969,
2354643063,-8.746040631,
2355243023,-8.731936482,
2355842983,-8.77209231,
2356442943,-8.858686775,
2357042903,-8.657215083,
2357642863,-8.603463115,
2358242823,-8.501889811,
2358842783,-8.603832319,
2359442743,-8.625398142,
2360042703,-8.566312553,
2360642663,-8.721862106,
2361242623,-8.617709489,
2361842583,-8.576425041,
2362442543,-8.533413087,
2363042503,-8.472146558,
2363642463,-8.570467295,
2364242423,-8.564157444,
2364842383,-8.3621073,
2365442343,-8.528923703,
2366042303,-8.517462412,
2366642263,-8.248408463,
2367242223,-8.306752277,
2367842183,-8.344041125,
2368442143,-8.35530996,
2369042103,-8.321993499,
2369642063,-8.305876671,
2370242023,-8.233893384,
2370841983,-8.343957505,
2371441943,-8.144605187,
2372041903,-8.279569459,
2372641863,-8.121286285,
2373241823,-8.079043198,
2373841783,-8.078200134,
2374441743,-7.949978774,
2375041703,-7.991437903,
2375641663,-7.947203157,
2376241623,-7.924721662,
2376841583,-7.900469213,
2377441543,-7.98161232,
2378041503,-7.899991574,
2378641463,-7.745484369,
2379241423,-7.777339948,
2379841383,-7.709399212,
2380441343,-7.6907802,
2381041303,-7.644358621,
2381641263,-7.684169704,
2382241223,-7.616191883,
2382841183,-7.625994693,
2383441143,-7.647031146,
2384041103,-7.57426594,
2384641063,-7.476848224,
2385241023,-7.570399655,
2385840983,-7.524186472,
2386440943,-7.601663093,
2387040903,-7.450198799,
2387640863,-7.582242571,
2388240823,-7.522661873,
2388840783,-7.366918256,
2389440743,-7.351721128,
2390040703,-7.374665664,
2390640663,-7.459370313,
2391240623,-7.311055358,
2391840583,-7.405773659,
2392440543,-7.266254426,
2393040503,-7.309329929,
2393640463,-7.330695914,
2394240423,-7.064198647,
2394840383,-7.294282538,
2395440343,-7.03002865,
2396040303,-7.144559905,
2396640263,-7.056137615,
2397240223,-7.129885164,
2397840183,-7.143928613,
2398440143,-6.989465832,
2399040103,-6.985260254,
2399640063,-7.083122813,
2400240023,-7.047795042,
2400839983,-7.102926806,
2401439943,-6.993066861,
2402039903,-6.956028562,
2402639863,-6.925432039,
2403239823,-7.062640779,
2403839783,-7.02204625,
2404439743,-6.79853286,
2405039703,-7.005527731,
2405639663,-6.967094029,
2406239623,-6.880374774,
2406839583,-6.925399018,
2407439543,-6.922680154,
2408039503,-6.899579886,
2408639463,-6.777735002,
2409239423,-6.829918795,
2409839383,-6.773355997,
2410439343,-6.73460301,
2411039303,-6.694739647,
2411639263,-6.713159274,
2412239223,-6.619301775,
2412839183,-6.739418615,
2413439143,-6.617653399,
2414039103,-6.72063536,
2414639063,-6.643062447,
2415239023,-6.63086053,
2415838983,-6.618910321,
2416438943,-6.560021534,
2417038903,-6.612453384,
2417638863,-6.617409199,
2418238823,-6.357603753,
2418838783,-6.564749073,
2419438743,-6.29784404,
2420038703,-6.48614153,
2420638663,-6.375138446,
2421238623,-6.352170095,
2421838583,-6.520534,
2422438543,-6.574376082,
2423038503,-6.470000726,
2423638463,-6.367953346,
2424238423,-6.285570924,
2424838383,-6.464351141,
2425438343,-6.268586387,
2426038303,-6.409234547,
2426638263,-6.393764319,
2427238223,-6.408615607,
2427838183,-6.293849002,
2428438143,-6.400674197,
2429038103,-6.330442747,
2429638063,-6.345383925,
2430238023,-6.387332359,
2430837983,-6.211593745,
2431437943,-6.255982866,
2432037903,-6.283118124,
2432637863,-6.409582255,
2433237823,-6.300984822,
2433837783,-6.286147242,
2434437743,-6.240879137,
2435037703,-6.308724918,
2435637663,-6.275751766,
2436237623,-6.292495747,
2436837583,-6.243618036,
2437437543,-6.307485508,
2438037503,-6.2318581,
2438637463,-6.19639605,
2439237423,-6.218621446,
2439837383,-6.261620331,
2440437343,-6.360352511,
2441037303,-6.145402456,
2441637263,-6.300682986,
2442237223,-6.230547224,
2442837183,-6.160222071,
2443437143,-6.27556239,
2444037103,-6.202256965,
2444637063,-6.209378599,
2445237023,-6.277645042,
2445836983,-6.085832077,
2446436943,-6.125663789,
2447036903,-6.198280673,
2447636863,-6.196438968,
2448236823,-6.183554268,
2448836783,-6.19028095,
2449436743,-6.140677468,
2450036703,-6.219031023,
2450636663,-6.266450167,
2451236623,-6.162380504,
2451836583,-6.072322999,
2452436543,-6.314207855,
2453036503,-6.229646283,
2453636463,-6.110006762,
2454236423,-6.138965817,
2454836383,-6.07592433,
2455436343,-6.214543885,
2456036303,-6.174322812,
2456636263,-6.12082272,
2457236223,-6.215721923,
2457836183,-6.212823032,
2458436143,-6.158445514,
2459036103,-6.171825779,
2459636063,-6.127897219,
2460236023,-6.179597425,
2460835983,-6.122978371,
2461435943,-6.077882988,
2462035903,-6.090693314,
2462635863,-6.118984512,
2463235822,-6.162571203,
2463835782,-6.111424999,
2464435742,-6.132247915,
2465035702,-6.088644174,
2465635662,-6.121087349,
2466235622,-6.092416921,
2466835582,-6.031544405,
2467435542,-6.057190031,
2468035502,-6.069916407,
2468635462,-6.063229818,
2469235422,-6.095677838,
2469835382,-6.124250569,
2470435342,-6.080921605,
2471035302,-5.958299499,
2471635262,-6.090893528,
2472235222,-6.017308371,
2472835182,-6.042284261,
2473435142,-5.99463029,
2474035102,-6.036430171,
2474635062,-6.05771042,
2475235022,-5.987118931,
2475834982,-6.022460342,
2476434942,-5.974686288,
2477034902,-5.995553986,
2477634862,-5.945296128,
2478234822,-5.918903202,
2478834782,-5.962013399,
2479434742,-6.019650859,
2480034702,-5.882286833,
2480634662,-5.958388321,
2481234622,-6.025839547,
2481834582,-5.934912669,
2482434542,-5.906072127,
2483034502,-5.894490954,
2483634462,-5.897461786,
2484234422,-5.985419035,
2484834382,-5.797926601,
2485434342,-5.954817221,
2486034302,-5.886832414,
2486634262,-5.901264243,
2487234222,-5.897233974,
2487834182,-5.918489387,
2488434142,-5.94653904,
2489034102,-5.783312614,
2489634062,-5.954682486,
2490234022,-5.921465025,
2490833982,-5.941980875,
2491433942,-5.910686778,
2492033902,-5.911157958,
2492633862,-5.853470632,
2493233822,-5.861629838,
2493833782,-5.943799415,
2494433742,-5.894614984,
2495033702,-5.819371778,
2495633662,-5.709995495,
2496233622,-5.884605563,
2496833582,-5.794188099,
2497433542,-5.879183591,
2498033502,-5.774329077,
2498633462,-5.946828977,
2499233422,-5.885657477,
2499833382,-5.707497395,
2500433342,-5.854900606,
2501033302,-5.847822393,
2501633262,-5.921331186,
2502233222,-5.791486893,
2502833182,-5.791419695,
2503433142,-5.842885918,
2504033102,-5.834827275,
2504633062,-5.835745911,
2505233022,-5.79572777,
2505832982,-5.692860817,
2506432942,-5.726342958,
2507032902,-5.744508596,
2507632862,-5.708131696,
2508232822,-5.808242125,
2508832782,-5.835744444,
2509432742,-5.816506201,
2510032702,-5.72418682,
2510632662,-5.739757465,
2511232622,-5.77979204,
2511832582,-5.792226917,
2512432542,-5.772270022,
2513032502,-5.707265683,
2513632462,-5.829871783,
2514232422,-5.699301391,
2514832382,-5.739439019,
2515432342,-5.698038424,
2516032302,-5.819776338,
2516632262,-5.769725731,
2517232222,-5.677665238,
2517832182,-5.698406087,
2518432142,-5.763334837,
2519032102,-5.783826906,
2519632062,-5.604716422,
2520232022,-5.664337758,
2520831982,-5.713684355,
2521431942,-5.739768053,
2522031902,-5.631244766,
2522631862,-5.577901005,
2523231822,-5.72012535,
2523831782,-5.720832451,
2524431742,-5.805738689,
2525031702,-5.812489098,
2525631662,-5.598145718,
2526231622,-5.647725885,
2526831582,-5.706794334,
2527431542,-5.788784871,
2528031502,-5.698079515,
2528631462,-5.727514371,
2529231422,-5.628153469,
2529831382,-5.608125501,
2530431342,-5.712413199,
2531031302,-5.641736891,
2531631262,-5.685722208,
2532231222,-5.722246457,
2532831182,-5.775557178,
2533431142,-5.780053409,
2534031102,-5.832525175,
2534631062,-5.664131266,
2535231022,-5.645463567,
2535830982,-5.761157331,
2536430942,-5.692600898,
2537030902,-5.794994632,
2537630862,-5.769741927,
2538230822,-5.814262436,
2538830782,-5.732057172,
2539430742,-5.888411957,
2540030702,-5.651300067,
2540630662,-5.703475347,
2541230622,-5.738808905,
2541830582,-5.703206011,
2542430542,-5.698047101,
2543030502,-5.686134385,
2543630462,-5.828080505,
2544230422,-5.764901239,
2544830382,-5.651142425,
2545430342,-5.748326968,
2546030302,-5.77297924,
2546630262,-5.624683882,
2547230222,-5.842312652,
2547830182,-5.850731249,
2548430142,-5.792732163,
2549030102,-5.801174449,
2549630062,-5.760325396,
2550230022,-5.83091497,
2550829982,-5.798451004,
2551429942,-5.860178193,
2552029902,-5.791250992,
2552629862,-5.826210254,
2553229822,-5.821525578,
2553829782,-5.800761958,
2554429742,-5.73164825,
2555029702,-5.986709698,
2555629662,-5.784238666,
2556229622,-5.748157027,
2556829582,-5.755516438,
2557429542,-5.832705894,
2558029502,-5.853250165,
2558629462,-5.857699078,
2559229422,-5.937862664,
2559829382,-5.834932065,
2560429342,-5.833299767,
2561029302,-5.905442009,
2561629262,-5.809071486,
2562229222,-5.852501689,
2562829182,-5.929704026,
2563429142,-5.839235335,
2564029102,-5.893669779,
2564629062,-5.909966801,
2565229022,-5.874167709,
2565828982,-5.959668872,
2566428942,-5.896514088,
2567028902,-5.861761841,
2567628862,-5.988256766,
2568228822,-5.941548135,
2568828782,-5.839108707,
2569428742,-5.914372827,
2570028702,-5.768321171,
2570628662,-5.868534279,
2571228622,-5.874180644,
2571828582,-5.874044849,
2572428542,-5.876290076,
2573028502,-5.927890911,
2573628462,-5.783333433,
2574228422,-5.790536573,
2574828382,-5.992843148,
2575428342,-5.919663633,
2576028302,-5.981427337,
2576628262,-5.853482781,
2577228222,-5.981467878,
2577828182,-5.918772203,
2578428142,-5.837119368,
2579028102,-5.952567349,
2579628062,-5.968488085,
2580228022,-5.888090704,
2580827982,-5.901804216,
2581427942,-5.99070253,
2582027902,-5.863540146,
2582627862,-5.895581615,
2583227822,-5.895272081,
2583827782,-5.925542149,
2584427742,-5.931344945,
2585027702,-5.941404882,
2585627662,-5.856216187,
2586227622,-5.946305106,
2586827582,-5.89412801,
2587427542,-5.863666115,
2588027502,-5.894168406,
2588627462,-5.901098378,
2589227422,-5.917660126,
2589827382,-5.985385224,
2590427342,-5.958377605,
2591027302,-5.878633005,
2591627262,-5.976033785,
2592227222,-5.816937965,
2592827182,-5.886766416,
2593427142,-6.004859671,
2594027102,-5.88474029,
2594627062,-5.955858445,
2595227022,-5.896998426,
2595826982,-5.913229467,
2596426942,-5.91411023,
2597026902,-5.937875143,
2597626862,-5.938142865,
2598226822,-5.867809468,
2598826782,-5.939936237,
2599426742,-5.996468675,
2600026702,-5.922971768,
2600626662,-5.979586263,
2601226622,-5.932795752,
2601826582,-5.813818248,
2602426542,-5.904524388,
2603026502,-5.938321714,
2603626462,-5.951120552,
2604226422,-5.829666829,
2604826382,-5.914563511,
2605426342,-5.902662543,
2606026302,-5.865973721,
2606626262,-5.956178753,
2607226222,-5.888583486,
2607826182,-5.860686285,
2608426142,-5.926260233,
2609026102,-5.89297222,
2609626062,-6.035549832,
2610226022,-6.02038487,
2610825982,-6.046984771,
2611425942,-6.025377419,
2612025902,-5.98235407,
2612625862,-6.090202219,
2613225822,-5.95609167,
2613825782,-5.999502262,
2614425742,-5.936089205,
2615025702,-6.056681508,
2615625662,-5.939466741,
2616225622,-5.955688227,
2616825581,-5.903004803,
2617425541,-5.990113597,
2618025501,-5.994198531,
2618625461,-6.065779863,
2619225421,-6.052256146,
2619825381,-5.873526776,
2620425341,-6.091648152,
2621025301,-5.983535019,
2621625261,-6.117199718,
2622225221,-6.006942307,
2622825181,-6.057173625,
2623425141,-6.213232543,
2624025101,-6.07910956,
2624625061,-6.191049787,
2625225021,-6.045330528,
2625824981,-6.092131405,
2626424941,-6.035406901,
2627024901,-6.035024916,
2627624861,-6.157460645,
2628224821,-6.151284009,
2628824781,-6.09208368,
2629424741,-6.055181919,
2630024701,-6.040247879,
2630624661,-6.125100534,
2631224621,-6.136047877,
2631824581,-6.196407609,
2632424541,-6.147357958,
2633024501,-6.133625148,
2633624461,-6.25360301,
2634224421,-6.238936447,
2634824381,-6.256452823,
2635424341,-6.242339933,
2636024301,-6.229313627,
2636624261,-6.152198523,
2637224221,-6.219476245,
2637824181,-6.225720772,
2638424141,-6.355275357,
2639024101,-6.30523863,
2639624061,-6.266522271,
2640224021,-6.365018966,
2640823981,-6.381338603,
2641423941,-6.200134281,
2642023901,-6.255729253,
2642623861,-6.260896785,
2643223821,-6.467310504,
2643823781,-6.484664735,
2644423741,-6.515182626,
2645023701,-6.363351551,
2645623661,-6.439288662,
2646223621,-6.446517251,
2646823581,-6.356783679,
2647423541,-6.455824957,
2648023501,-6.484402546,
2648623461,-6.573200921,
2649223421,-6.478212262,
2649823381,-6.577200138,
2650423341,-6.605230203,
2651023301,-6.656937704,
2651623261,-6.419326685,
2652223221,-6.587023293,
2652823181,-6.549920011,
2653423141,-6.703896457,
2654023101,-6.579184977,
2654623061,-6.709947796,
2655223021,-6.661074784,
2655822981,-6.631186084,
2656422941,-6.595994435,
2657022901,-6.856560665,
2657622861,-6.639890876,
2658222821,-6.731535104,
2658822781,-6.588379397,
2659422741,-6.705591009,
2660022701,-6.716349143,
2660622661,-6.750152859,
2661222621,-6.715893564,
2661822581,-6.925861525,
2662422541,-6.967337931,
2663022501,-6.774047785,
2663622461,-6.941081312,
2664222421,-6.905157216,
2664822381,-7.041582915,
2665422341,-7.049237077,
2666022301,-7.144325573,
2666622261,-7.178500856,
2667222221,-7.026457344,
2667822181,-7.097133719,
2668422141,-7.15870338,
2669022101,-7.13142285,
2669622061,-7.203855601,
2670222021,-7.087747104,
2670821981,-7.199619451,
2671421941,-7.322868521,
2672021901,-7.254649183,
2672621861,-7.31379026,
2673221821,-7.245909597,
2673821781,-7.263239566,
2674421741,-7.268680534,
2675021701,-7.369668761,
2675621661,-7.276679488,
2676221621,-7.283914778,
2676821581,-7.265766799,
2677421541,-7.37349466,
2678021501,-7.268201289,
2678621461,-7.340370664,
2679221421,-7.462385486,
2679821381,-7.447132932,
2680421341,-7.474750539,
2681021301,-7.421619357,
2681621261,-7.475176628,
2682221221,-7.424504383,
2682821181,-7.482981577,
2683421141,-7.49570256,
2684021101,-7.475405521,
2684621061,-7.584707351,
2685221021,-7.487005184,
2685820981,-7.531930669,
2686420941,-7.459618552,
2687020901,-7.437242138,
2687620861,-7.437983344,
2688220821,-7.489883843,
2688820781,-7.516503237,
2689420741,-7.575817398,
2690020701,-7.627642079,
2690620661,-7.584888555,
2691220621,-7.610678415,
2691820581,-7.53354747,
2692420541,-7.645599894,
2693020501,-7.560461894,
2693620461,-7.677877194,
2694220421,-7.662571798,
2694820381,-7.612243913,
2695420341,-7.6747967,
2696020301,-7.64060193,
2696620261,-7.644672328,
2697220221,-7.636300059,
2697820181,-7.621457703,
2698420141,-7.782261107,
2699020101,-7.651015351,
2699620061,-7.732119657,
2700220021,-7.675758423,
2700819981,-7.793818996,
2701419941,-7.638234747,
2702019901,-7.701567483,
2702619861,-7.776203037,
2703219821,-7.774687956,
2703819781,-7.750043011,
2704419741,-7.829830117,
2705019701,-7.661673353,
2705619661,-7.713735514,
2706219621,-7.710549165,
2706819581,-7.70675036,
2707419541,-7.811541037,
2708019501,-7.687837595,
2708619461,-7.782350575,
2709219421,-7.765037919,
2709819381,-7.700840157,
2710419341,-7.785421907,
2711019301,-7.733098616,
2711619261,-7.648191874,
2712219221,-7.826520567,
2712819181,-7.796947297,
2713419141,-7.827164094,
2714019101,-7.755277902,
2714619061,-7.704227762,
2715219021,-7.745033512,
2715818981,-7.719086743,
2716418941,-7.767332987,
2717018901,-7.767233239,
2717618861,-7.874777929,
2718218821,-7.791332586,
2718818781,-7.708681198,
2719418741,-7.842424232,
2720018701,-7.744850103,
2720618661,-7.787672302,
2721218621,-7.727165005,
2721818581,-7.765853089,
2722418541,-7.802770966,
2723018501,-7.800845057,
2723618461,-7.809220283,
2724218421,-7.621350285,
2724818381,-7.732832515,
2725418341,-7.697859201,
2726018301,-7.625765732,
2726618261,-7.81823511,
2727218221,-7.733253255,
2727818181,-7.835672673,
2728418141,-7.704197179,
2729018101,-7.729363421,
2729618061,-7.734218482,
2730218021,-7.707944394,
2730817981,-7.741520417,
2731417941,-7.71015073,
2732017901,-7.607498245,
2732617861,-7.579638584,
2733217821,-7.571236971,
2733817781,-7.753203674,
2734417741,-7.739162929,
2735017701,-7.805085686,
2735617661,-7.617696512,
2736217621,-7.722591342,
2736817581,-7.515432931,
2737417541,-7.742789466,
2738017501,-7.713930636,
2738617461,-7.756434297,
2739217421,-7.58006485,
2739817381,-7.648900262,
2740417341,-7.573827918,
2741017301,-7.572139701,
2741617261,-7.599754166,
2742217221,-7.526681773,
2742817181,-7.649751778,
2743417141,-7.648683359,
2744017101,-7.515794645,
2744617061,-7.507993786,
2745217021,-7.597680304,
2745816981,-7.627570116,
2746416941,-7.486906434,
2747016901,-7.521423357,
2747616861,-7.507697439,
2748216821,-7.439032805,
2748816781,-7.362632748,
2749416741,-7.487190046,
2750016701,-7.34865124,
2750616661,-7.351381823,
2751216621,-7.471834826,
2751816581,-7.327718974,
2752416541,-7.384861672,
2753016501,-7.233679607,
2753616461,-7.394201724,
2754216421,-7.425439518,
2754816381,-7.354053521,
2755416341,-7.328101437,
2756016301,-7.215966635,
2756616261,-7.195023462,
2757216221,-7.316202548,
2757816181,-7.182430663,
2758416141,-7.200653198,
2759016101,-7.120510773,
2759616061,-7.254008929,
2760216021,-7.330797547,
2760815981,-7.107818966,
2761415941,-7.264580704,
2762015901,-7.229867416,
2762615861,-7.133035408,
2763215821,-7.25988953,
2763815781,-7.245452876,
2764415741,-7.144522724,
2765015701,-7.183231749,
2765615661,-7.131470259,
2766215621,-7.130354699,
2766815581,-7.034211199,
2767415541,-7.182534466,
2768015501,-7.066487428,
2768615461,-7.095053542,
2769215421,-7.184957808,
2769815381,-7.144639274,
2770415340,-7.211450214,
2771015300,-7.174435592,
2771615260,-7.116126464,
2772215220,-7.179038668,
2772815180,-6.985016971,
2773415140,-6.921859263,
2774015100,-7.036924366,
2774615060,-6.969299492,
2775215020,-6.98152978,
2775814980,-7.017689738,
2776414940,-7.070386865,
2777014900,-7.070050418,
2777614860,-7.077367136,
2778214820,-7.054709854,
2778814780,-7.085318009,
2779414740,-6.998527539,
2780014700,-6.955985415,
2780614660,-6.987606654,
2781214620,-7.018721265,
2781814580,-7.099605968,
2782414540,-7.066398849,
2783014500,-7.02347243,
2783614460,-6.984270511,
2784214420,-6.982630685,
2784814380,-7.003027102,
2785414340,-7.073751125,
2786014300,-7.05975989,
2786614260,-7.038451628,
2787214220,-6.981678714,
2787814180,-7.030377625,
2788414140,-7.045729228,
2789014100,-7.012208599,
2789614060,-6.87209423,
2790214020,-6.980759888,
2790813980,-7.059796115,
2791413940,-6.933791643,
2792013900,-6.900546811,
2792613860,-7.052192898,
2793213820,-7.150507863,
2793813780,-7.010579309,
2794413740,-7.007945638,
2795013700,-7.075038044,
2795613660,-6.953083372,
2796213620,-6.980123288,
2796813580,-7.052492366,
2797413540,-7.139313979,
2798013500,-6.95124021,
2798613460,-6.983732347,
2799213420,-7.038355956,
2799813380,-6.840675607,
2800413340,-7.020783205,
2801013300,-6.988636261,
2801613260,-7.000074004,
2802213220,-7.019279063,
2802813180,-7.020813837,
2803413140,-6.997493671,
2804013100,-7.069439003,
2804613060,-7.135995468,
2805213020,-7.101273645,
2805812980,-7.094280359,
2806412940,-6.95482798,
2807012900,-7.014939595,
2807612860,-6.937499778,
2808212820,-7.021825818,
2808812780,-6.973242042,
2809412740,-7.121378771,
2810012700,-7.052183215,
2810612660,-6.940822617,
2811212620,-6.986399611,
2811812580,-7.034027992,
2812412540,-6.98701624,
2813012500,-7.040780667,
2813612460,-6.952550332,
2814212420,-7.07952785,
2814812380,-7.040823808,
2815412340,-6.929110523,
2816012300,-7.057327354,
2816612260,-7.121754804,
2817212220,-7.022429584,
2817812180,-7.000782234,
2818412140,-7.139916049,
2819012100,-7.05629145,
2819612060,-7.109671047,
2820212020,-7.121927516,
2820811980,-7.169647967,
2821411940,-7.152638577,
2822011900,-6.996781268,
2822611860,-7.170916215,
2823211820,-7.045562837,
2823811780,-7.058043328,
2824411740,-7.077095932,
2825011700,-7.123924225,
2825611660,-7.129954199,
2826211620,-7.192540774,
2826811580,-7.122539812,
2827411540,-7.153013561,
2828011500,-7.01212089,
2828611460,-7.153970723,
2829211420,-7.136266536,
2829811380,-7.171056729,
2830411340,-7.123159386,
2831011300,-7.169735803,
2831611260,-7.082901502,
2832211220,-7.166656503,
2832811180,-7.110731238,
2833411140,-7.15015438,
2834011100,-7.123031291,
2834611060,-7.173267341,
2835211020,-7.036033459,
2835810980,-7.116910569,
2836410940,-7.132751557,
2837010900,-7.24788102,
2837610860,-7.235070975,
2838210820,-7.140481146,
2838810780,-7.200257803,
2839410740,-7.087342751,
2840010700,-7.193836716,
2840610660,-7.138774365,
2841210620,-7.218771046,
2841810580,-7.182621563,
2842410540,-7.280832398,
2843010500,-7.287268354,
2843610460,-7.210451045,
2844210420,-7.274222684,
2844810380,-7.208136865,
2845410340,-7.158605448,
2846010300,-7.296007492,
2846610260,-7.208009005,
2847210220,-7.222860139,
2847810180,-7.242789075,
2848410140,-7.272334334,
2849010100,-7.273902513,
2849610060,-7.253687134,
2850210020,-7.298096425,
2850809980,-7.32881221,
2851409940,-7.259688669,
2852009900,-7.306370057,
2852609860,-7.273896384,
2853209820,-7.245739401,
2853809780,-7.279009181,
2854409740,-7.284290929,
2855009700,-7.395604271,
2855609660,-7.240250782,
2856209620,-7.443773446,
2856809580,-7.377617862,
2857409540,-7.471263284,
2858009500,-7.238113982,
2858609460,-7.503448599,
2859209420,-7.39555993,
2859809380,-7.279633628,
2860409340,-7.469044433,
2861009300,-7.315747156,
2861609260,-7.281091672,
2862209220,-7.393086692,
2862809180,-7.417761346,
2863409140,-7.280038583,
2864009100,-7.41143109,
2864609060,-7.394169036,
2865209020,-7.580532504,
2865808980,-7.460583092,
2866408940,-7.481513934,
2867008900,-7.558606336,
2867608860,-7.449844238,
2868208820,-7.487402791,
2868808780,-7.507517138,
2869408740,-7.419701626,
2870008700,-7.655754795,
2870608660,-7.520691095,
2871208620,-7.606278246,
2871808580,-7.55660142,
2872408540,-7.578629192,
2873008500,-7.594435247,
2873608460,-7.564709545,
2874208420,-7.772021368,
2874808380,-7.687430482,
2875408340,-7.726693902,
2876008300,-7.58968256,
2876608260,-7.747405574,
2877208220,-7.658953218,
2877808180,-7.743878941,
2878408140,-7.778455605,
2879008100,-7.801325928,
2879608060,-7.801700528,
2880208020,-7.859958746,
2880807980,-7.789446705,
2881407940,-7.991186981,
2882007900,-7.894895932,
2882607860,-7.839480685,
2883207820,-7.920832997,
2883807780,-8.014693192,
2884407740,-7.958783253,
2885007700,-8.041189538,
2885607660,-7.936552256,
2886207620,-7.963909975,
2886807580,-7.965246249,
2887407540,-7.965612317,
2888007500,-8.02408306,
2888607460,-8.034268617,
2889207420,-8.05413185,
2889807380,-7.979228518,
2890407340,-8.179102671,
2891007300,-8.13623541,
2891607260,-8.233301661,
2892207220,-8.092121685,
2892807180,-8.059009451,
2893407140,-8.177502531,
2894007100,-8.15768683,
2894607060,-8.156419819,
2895207020,-8.176487467,
2895806980,-8.236858072,
2896406940,-8.215481676,
2897006900,-8.245992975,
2897606860,-8.115595923,
2898206820,-8.218765649,
2898806780,-8.277639988,
2899406740,-8.307365351,
2900006700,-8.263129755,
2900606660,-8.404744299,
2901206620,-8.30813462,
2901806580,-8.404819807,
2902406540,-8.377623882,
2903006500,-8.309439521,
2903606460,-8.419947593,
2904206420,-8.423870815,
2904806380,-8.429296478,
2905406340,-8.475934793,
2906006300,-8.440098848,
2906606260,-8.595519794,
2907206220,-8.607858707,
2907806180,-8.532262165,
2908406140,-8.560356772,
2909006100,-8.594952482,
2909606060,-8.417694352,
2910206020,-8.611152063,
2910805980,-8.694337494,
2911405940,-8.70581887,
2912005900,-8.72843835,
2912605860,-8.711267018,
2913205820,-8.638309375,
2913805780,-8.714094141,
2914405740,-8.790526696,
2915005700,-8.82621478,
2915605660,-8.74336185,
2916205620,-8.745995941,
2916805580,-8.686018948,
2917405540,-8.731513728,
2918005500,-8.874337547,
2918605460,-8.800111707,
2919205420,-8.864148019,
2919805380,-8.804883911,
2920405340,-8.730113694,
2921005300,-8.891865531,
2921605260,-8.708731419,
2922205220,-8.749314785,
2922805180,-8.891843702,
2923405140,-8.965983055,
2924005100,-8.858842278,
2924605059,-8.994494567,
2925205019,-8.935551379,
2925804979,-9.02714683,
2926404939,-8.927348898,
2927004899,-8.960307405,
2927604859,-9.00681906,
2928204819,-9.080779774,
2928804779,-8.996395168,
2929404739,-9.005493306,
2930004699,-9.078964983,
2930604659,-9.048169532,
2931204619,-9.033446332,
2931804579,-9.010075716,
2932404539,-8.885162579,
2933004499,-9.077398003,
2933604459,-9.112846819,
2934204419,-9.184867931,
2934804379,-9.06904754,
2935404339,-9.077338379,
2936004299,-9.221322689,
2936604259,-9.156645416,
2937204219,-9.228391219,
2937804179,-9.105797383,
2938404139,-9.167471088,
2939004099,-9.05426856,
2939604059,-9.223817464,
2940204019,-9.121199245,
2940803979,-9.377469994,
2941403939,-9.4269027,
2942003899,-9.087519686,
2942603859,-9.162733177,
2943203819,-9.297055184,
2943803779,-9.33468449,
2944403739,-9.14722885,
2945003699,-9.250245641,
2945603659,-9.21322658,
2946203619,-9.366251219,
2946803579,-9.378859899,
2947403539,-9.207246171,
2948003499,-9.322680599,
2948603459,-9.306160097,
2949203419,-9.419883586,
2949803379,-9.260172756,
2950403339,-9.445475548,
2951003299,-9.480055289,
2951603259,-9.321721651,
2952203219,-9.278722076,
2952803179,-9.423822908,
2953403139,-9.348712767,
2954003099,-9.416598854,
2954603059,-9.235620419,
2955203019,-9.206869977,
2955802979,-9.365744894,
2956402939,-9.330422572,
2957002899,-9.077445364,
2957602859,-9.310697605,
2958202819,-9.251655699,
2958802779,-9.353457725,
2959402739,-9.463113544,
2960002699,-9.180230037,
2960602659,-9.381374069,
2961202619,-9.321003096,
2961802579,-9.453158577,
2962402539,-9.354803548,
2963002499,-9.248539184,
2963602459,-9.337262166,
2964202419,-9.288034734,
2964802379,-9.352513649,
2965402339,-9.282317485,
2966002299,-9.190354857,
2966602259,-9.323525337,
2967202219,-9.290838574,
2967802179,-9.297649578,
2968402139,-9.319916824,
2969002099,-9.496759088,
2969602059,-9.359268427,
2970202019,-9.229732822,
2970801979,-9.265302094,
2971401939,-9.111402386,
2972001899,-9.301737863,
2972601859,-9.396362217,
2973201819,-8.985366433,
2973801779,-9.314936506,
2974401739,-9.260927562,
2975001699,-9.27679917,
2975601659,-9.18127077,
2976201619,-9.118050603,
2976801579,-9.165495709,
2977401539,-9.274018561,
2978001499,-9.290555918,
2978601459,-9.188226087,
2979201419,-9.076361325,
2979801379,-9.060420319,
2980401339,-9.107521389,
2981001299,-9.071105648,
2981601259,-9.051664284,
2982201219,-9.14521683,
2982801179,-9.181766571,
2983401139,-8.952541201,
2984001099,-9.056976558,
2984601059,-9.032083105,
2985201019,-9.026338401,
2985800979,-9.030135642,
2986400939,-8.998745397,
2987000899,-9.152240892,
2987600859,-9.077306032,
2988200819,-8.956473063,
2988800779,-9.004886191,
2989400739,-8.958214676,
2990000699,-9.000728806,
2990600659,-9.008374864,
2991200619,-9.033925572,
2991800579,-8.871154154,
2992400539,-8.936807034,
2993000499,-8.897755626,
2993600459,-8.996721236,
2994200419,-9.074653384,
2994800379,-8.800886159,
2995400339,-8.98012746,
2996000299,-9.061568702,
2996600259,-8.983912989,
2997200219,-8.934078832,
2997800179,-8.895271245,
2998400139,-8.78023399,
2999000099,-8.76721186,
2999600059,-8.979844725,
3000200019,-8.952115577,
3000799979,-8.822108995,
3001399939,-8.710139126,
3001999899,-8.872724108,
3002599859,-8.842526258,
3003199819,-8.783381225,
3003799779,-8.786119249,
3004399739,-8.819928708,
3004999699,-8.772537919,
3005599659,-8.614566155,
3006199619,-8.763616474,
3006799579,-8.785137211,
3007399539,-8.648582658,
3007999499,-8.713221715,
3008599459,-8.724815181,
3009199419,-8.746767969,
3009799379,-8.776090948,
3010399339,-8.72096648,
3010999299,-8.705135972,
3011599259,-8.713628432,
3012199219,-8.671768737,
3012799179,-8.682554083,
3013399139,-8.6185081,
3013999099,-8.714359317,
3014599059,-8.613108241,
3015199019,-8.600068096,
3015798979,-8.668892967,
3016398939,-8.545423442,
3016998899,-8.638053392,
3017598859,-8.686277799,
3018198819,-8.60366788,
3018798779,-8.569715655,
3019398739,-8.594009076,
3019998699,-8.566470745,
3020598659,-8.543073557,
3021198619,-8.580128676,
3021798579,-8.44480787,
3022398539,-8.605607528,
3022998499,-8.512232483,
3023598459,-8.488559514,
3024198419,-8.607343624,
3024798379,-8.626521487,
3025398339,-8.560213005,
3025998299,-8.450096687,
3026598259,-8.545550254,
3027198219,-8.571228057,
3027798179,-8.557810734,
3028398139,-8.454897966,
3028998099,-8.475350457,
3029598059,-8.439420087,
3030198019,-8.440562769,
3030797979,-8.447665694,
3031397939,-8.446356995,
3031997899,-8.40269443,
3032597859,-8.408548321,
3033197819,-8.404668514,
3033797779,-8.396522664,
3034397739,-8.38909617,
3034997699,-8.469788348,
3035597659,-8.505064084,
3036197619,-8.402497099,
3036797579,-8.437323656,
3037397539,-8.446089275,
3037997499,-8.423683945,
3038597459,-8.495119476,
3039197419,-8.428734495,
3039797379,-8.38500448,
3040397339,-8.409808542,
3040997299,-8.449689476,
3041597259,-8.382872603,
3042197219,-8.429823587,
3042797179,-8.393767662,
3043397139,-8.437587672,
3043997099,-8.328057352,
3044597059,-8.478019412,
3045197019,-8.35715801,
3045796979,-8.338786895,
3046396939,-8.430432367,
3046996899,-8.343047783,
3047596859,-8.460555361,
3048196819,-8.445042861,
3048796779,-8.381030282,
3049396739,-8.435562124,
3049996699,-8.43425174,
3050596659,-8.506254255,
3051196619,-8.455402534,
3051796579,-8.354633791,
3052396539,-8.31113562,
3052996499,-8.47313862,
3053596459,-8.314308347,
3054196419,-8.31525982,
3054796379,-8.341592507,
3055396339,-8.337850526,
3055996299,-8.515057133,
3056596259,-8.424337018,
3057196219,-8.566381868,
3057796179,-8.362410313,
3058396139,-8.41750793,
3058996099,-8.437611065,
3059596059,-8.431311585,
3060196019,-8.380885805,
3060795979,-8.375917206,
3061395939,-8.475966177,
3061995899,-8.408269831,
3062595859,-8.40540186,
3063195819,-8.436621399,
3063795779,-8.431902088,
3064395739,-8.430713309,
3064995699,-8.407852172,
3065595659,-8.436812049,
3066195619,-8.420595881,
3066795579,-8.29252162,
3067395539,-8.381287676,
3067995499,-8.422190624,
3068595459,-8.476767095,
3069195419,-8.428541572,
3069795379,-8.4197813,
3070395339,-8.355757416,
3070995299,-8.394501207,
3071595259,-8.525461181,
3072195219,-8.463080635,
3072795179,-8.432925058,
3073395139,-8.389686657,
3073995099,-8.550174709,
3074595059,-8.422159678,
3075195019,-8.490130161,
3075794979,-8.452340919,
3076394939,-8.532681475,
3076994899,-8.583446526,
3077594859,-8.420451969,
3078194818,-8.468962609,
3078794778,-8.537707973,
3079394738,-8.445598149,
3079994698,-8.46583582,
3080594658,-8.447055702,
3081194618,-8.502957167,
3081794578,-8.46445167,
3082394538,-8.511818247,
3082994498,-8.578138038,
3083594458,-8.456847276,
3084194418,-8.44174913,
3084794378,-8.497779608,
3085394338,-8.415892542,
3085994298,-8.483930207,
3086594258,-8.442150891,
3087194218,-8.63377209,
3087794178,-8.58843997,
3088394138,-8.393347366,
3088994098,-8.598604043,
3089594058,-8.566604619,
3090194018,-8.53003961,
3090793978,-8.634884092,
3091393938,-8.608107442,
3091993898,-8.636379023,
3092593858,-8.597778473,
3093193818,-8.484024511,
3093793778,-8.560441973,
3094393738,-8.513498748,
3094993698,-8.585330013,
3095593658,-8.552934996,
3096193618,-8.652753819,
3096793578,-8.586582442,
3097393538,-8.529130824,
3097993498,-8.531490108,
3098593458,-8.642008427,
3099193418,-8.572527233,
3099793378,-8.609012987,
3100393338,-8.544719889,
3100993298,-8.618022164,
3101593258,-8.612043006,
3102193218,-8.583458049,
3102793178,-8.738193398,
3103393138,-8.615284939,
3103993098,-8.683952626,
3104593058,-8.902201127,
3105193018,-8.66610927,
3105792978,-8.657309529,
3106392938,-8.663623103,
3106992898,-8.632270077,
3107592858,-8.632883854,
3108192818,-8.748610344,
3108792778,-8.646042107,
3109392738,-8.763639983,
3109992698,-8.7034572,
3110592658,-8.7610337,
3111192618,-8.724911827,
3111792578,-8.720038121,
3112392538,-8.800828408,
3112992498,-8.810973253,
3113592458,-8.740091714,
3114192418,-8.762604799,
3114792378,-8.772662724,
3115392338,-8.752735788,
3115992298,-8.682034399,
3116592258,-8.713545175,
3117192218,-8.78994326,
3117792178,-8.847851796,
3118392138,-8.774746699,
3118992098,-9.004213444,
3119592058,-8.863432372,
3120192018,-8.707137579,
3120791978,-8.853135879,
3121391938,-8.77377348,
3121991898,-8.843674864,
3122591858,-8.793700308,
3123191818,-8.886570656,
3123791778,-8.781803016,
3124391738,-8.835736691,
3124991698,-8.713155474,
3125591658,-8.792647962,
3126191618,-9.011898681,
3126791578,-8.947336909,
3127391538,-8.949387772,
3127991498,-8.960995552,
3128591458,-8.855965788,
3129191418,-9.060431059,
3129791378,-9.079245628,
3130391338,-8.976027716,
3130991298,-9.069011415,
3131591258,-8.949439483,
3132191218,-9.067498786,
3132791178,-9.054265605,
3133391138,-8.979545209,
3133991098,-9.112476327,
3134591058,-9.101015261,
3135191018,-9.048259507,
3135790978,-9.162108091,
3136390938,-9.218377265,
3136990898,-9.262130957,
3137590858,-9.193685635,
3138190818,-9.190296618,
3138790778,-9.257218487,
3139390738,-9.239166217,
3139990698,-9.259236506,
3140590658,-9.152137581,
3141190618,-9.200298679,
3141790578,-9.316633432,
3142390538,-9.299409275,
3142990498,-9.181782517,
3143590458,-9.302596569,
3144190418,-9.344103675,
3144790378,-9.165051915,
3145390338,-9.136056422,
3145990298,-9.405653407,
3146590258,-9.483986282,
3147190218,-9.32831346,
3147790178,-9.461119295,
3148390138,-9.468425459,
3148990098,-9.428798614,
3149590058,-9.613648984,
3150190018,-9.418610954,
3150789978,-9.506133364,
3151389938,-9.523504919,
3151989898,-9.637433013,
3152589858,-9.684559765,
3153189818,-9.554564064,
3153789778,-9.505320315,
3154389738,-9.74991526,
3154989698,-9.641957472,
3155589658,-9.592504073,
3156189618,-9.63252413,
3156789578,-9.459969213,
3157389538,-9.76264451,
3157989498,-9.722191077,
3158589458,-9.701476485,
3159189418,-9.603224855,
3159789378,-9.514107985,
3160389338,-9.655165698,
3160989298,-9.622090699,
3161589258,-9.702494419,
3162189218,-9.718955328,
3162789178,-9.648068707,
3163389138,-9.584722367,
3163989098,-9.692187838,
3164589058,-9.823190767,
3165189018,-9.803343041,
3165788978,-9.685784874,
3166388938,-9.803283726,
3166988898,-9.685143185,
3167588858,-9.774183765,
3168188818,-9.793514581,
3168788778,-9.812785113,
3169388738,-9.700115945,
3169988698,-9.834919775,
3170588658,-9.792765099,
3171188618,-9.850201453,
3171788578,-9.755980187,
3172388538,-9.830097297,
3172988498,-9.705788464,
3173588458,-9.896710631,
3174188418,-9.878197001,
3174788378,-9.801508698,
3175388338,-9.915357615,
3175988298,-9.871956143,
3176588258,-9.905618768,
3177188218,-9.89283477,
3177788178,-9.914399842,
3178388138,-9.977540067,
3178988098,-9.79948639,
3179588058,-9.865513326,
3180188018,-9.948100814,
3180787978,-9.851082943,
3181387938,-9.944750514,
3181987898,-9.926267642,
3182587858,-9.85422322,
3183187818,-9.907834272,
3183787778,-9.896730943,
3184387738,-10.03605548,
3184987698,-10.05200797,
3185587658,-10.01303656,
3186187618,-9.928503305,
3186787578,-9.999407746,
3187387538,-9.989080732,
3187987498,-10.05935959,
3188587458,-9.867644048,
3189187418,-10.03376652,
3189787378,-9.868956523,
3190387338,-9.898654987,
3190987298,-9.871705028,
3191587258,-9.950005663,
3192187218,-9.946836971,
3192787178,-10.02482932,
3193387138,-10.05956883,
3193987098,-9.971269631,
3194587058,-10.02653777,
3195187018,-9.962565315,
3195786978,-10.0877243,
3196386938,-10.18212011,
3196986898,-10.08591099,
3197586858,-10.07885709,
3198186818,-9.852907785,
3198786778,-9.895177654,
3199386738,-10.09983574,
3199986698,-9.93604965,
3200586658,-9.996166125,
3201186618,-10.04022743,
3201786578,-10.06227379,
3202386538,-10.07431363,
3202986498,-10.02322755,
3203586458,-10.00674174,
3204186418,-9.975273059,
3204786378,-10.04556504,
3205386338,-9.914193715,
3205986298,-9.964951953,
3206586258,-10.01092499,
3207186218,-9.97801185,
3207786178,-10.05995936,
3208386138,-9.990315343,
3208986098,-9.999400518,
3209586058,-10.0233844,
3210186018,-9.997721843,
3210785978,-9.957590321,
3211385938,-10.04458192,
3211985898,-9.962550505,
3212585858,-9.93013706,
3213185818,-9.938790987,
3213785778,-9.967357084,
3214385738,-9.80701791,
3214985698,-9.97898698,
3215585658,-9.987291475,
3216185618,-9.991027381,
3216785578,-10.05281936,
3217385538,-9.968000458,
3217985498,-9.961325253,
3218585458,-9.921230771,
3219185418,-9.85359497,
3219785378,-9.991025653,
3220385338,-9.704867652,
3220985298,-10.07125212,
3221585258,-9.925583965,
3222185218,-9.87069877,
3222785178,-9.925472351,
3223385138,-9.802672367,
3223985098,-9.831457466,
3224585058,-9.92573732,
3225185018,-9.809025776,
3225784978,-9.836366353,
3226384938,-9.806017732,
3226984898,-9.944856098,
3227584858,-9.897237471,
3228184818,-9.859937206,
3228784778,-9.783543956,
3229384738,-9.711880916,
3229984698,-9.777982447,
3230584658,-9.896498919,
3231184618,-9.736414783,
3231784578,-9.898176262,
3232384537,-9.772474693,
3232984497,-9.764901254,
3233584457,-9.776537004,
3234184417,-9.809214926,
3234784377,-9.684878795,
3235384337,-9.71774345,
3235984297,-9.62136482,
3236584257,-9.714178653,
3237184217,-9.628134322,
3237784177,-9.690226604,
3238384137,-9.696091505,
3238984097,-9.57311306,
3239584057,-9.678940477,
3240184017,-9.669686193,
3240783977,-9.679399196,
3241383937,-9.576540538,
3241983897,-9.588082223,
3242583857,-9.545863209,
3243183817,-9.619052955,
3243783777,-9.59824473,
3244383737,-9.645181033,
3244983697,-9.547660591,
3245583657,-9.536796505,
3246183617,-9.653550267,
3246783577,-9.432536541,
3247383537,-9.431693334,
3247983497,-9.551089705,
3248583457,-9.532698923,
3249183417,-9.499391242,
3249783377,-9.636373258,
3250383337,-9.513169768,
3250983297,-9.530775844,
3251583257,-9.461194584,
3252183217,-9.445216651,
3252783177,-9.480372887,
3253383137,-9.47181348,
3253983097,-9.374768483,
3254583057,-9.492265627,
3255183017,-9.444157647,
3255782977,-9.372048339,
3256382937,-9.358448215,
3256982897,-9.430096801,
3257582857,-9.4784804,
3258182817,-9.347157557,
3258782777,-9.366406101,
3259382737,-9.299412977,
3259982697,-9.38550219,
3260582657,-9.258007472,
3261182617,-9.421475107,
3261782577,-9.417506304,
3262382537,-9.450133474,
3262982497,-9.480110195,
3263582457,-9.339260838,
3264182417,-9.236458474,
3264782377,-9.31263423,
3265382337,-9.385785258,
3265982297,-9.430551963,
3266582257,-9.468824955,
3267182217,-9.331248775,
3267782177,-9.274235995,
3268382137,-9.276953184,
3268982097,-9.344118452,
3269582057,-9.355928463,
3270182017,-9.298275761,
3270781977,-9.310130512,
3271381937,-9.164111729,
3271981897,-9.246129267,
3272581857,-9.334600682,
3273181817,-9.20749294,
3273781777,-9.308963581,
3274381737,-9.344252612,
3274981697,-9.273156666,
3275581657,-9.124204925,
3276181617,-9.211282545,
3276781577,-9.298605229,
3277381537,-9.236586138,
3277981497,-9.246594965,
3278581457,-9.300607316,
3279181417,-9.223680608,
3279781377,-9.390992302,
3280381337,-9.2970713,
3280981297,-9.147658584,
3281581257,-9.207047444,
3282181217,-9.254728763,
3282781177,-9.285098222,
3283381137,-9.246276538,
3283981097,-9.217017319,
3284581057,-9.263613831,
3285181017,-9.224831494,
3285780977,-9.295804694,
3286380937,-9.168056578,
3286980897,-9.023216677,
3287580857,-9.350080761,
3288180817,-9.20207379,
3288780777,-9.211047533,
3289380737,-9.33264424,
3289980697,-9.1197835,
3290580657,-9.159004193,
3291180617,-9.277025329,
3291780577,-9.277697712,
3292380537,-9.274044008,
3292980497,-9.239397529,
3293580457,-9.29691881,
3294180417,-9.144741629,
3294780377,-9.304766102,
3295380337,-9.297703926,
3295980297,-9.302087075,
3296580257,-9.288378202,
3297180217,-9.186733053,
3297780177,-9.139934216,
3298380137,-9.258364873,
3298980097,-9.348948553,
3299580057,-9.272460297,
3300180017,-9.112318287,
3300779977,-9.321104932,
3301379937,-9.226164352,
3301979897,-9.299066222,
3302579857,-9.250996126,
3303179817,-9.295854672,
3303779777,-9.159846854,
3304379737,-9.231699161,
3304979697,-9.288454821,
3305579657,-9.227125312,
3306179617,-9.286789451,
3306779577,-9.184541358,
3307379537,-9.266865266,
3307979497,-9.264399927,
3308579457,-9.259583676,
3309179417,-9.159924897,
3309779377,-9.193009605,
3310379337,-9.247284817,
3310979297,-9.27153826,
3311579257,-9.114511688,
3312179217,-9.18003792,
3312779177,-9.228296797,
3313379137,-9.252813937,
3313979097,-9.205101791,
3314579057,-9.346197329,
3315179017,-9.331273021,
3315778977,-9.225218057,
3316378937,-9.23516611,
3316978897,-9.317652565,
3317578857,-9.201946694,
3318178817,-9.282461203,
3318778777,-9.244493945,
3319378737,-9.336899248,
3319978697,-9.317596265,
3320578657,-9.34867786,
3321178617,-9.282734003,
3321778577,-9.293779055,
3322378537,-9.372124332,
3322978497,-9.141062753,
3323578457,-9.300561257,
3324178417,-9.277093318,
3324778377,-9.258234207,
3325378337,-9.143883435,
3325978297,-9.321195051,
3326578257,-9.225705924,
3327178217,-9.309570965,
3327778177,-9.19384857,
3328378137,-9.244820252,
3328978097,-9.404176171,
3329578057,-9.334476886,
3330178017,-9.243984812,
3330777977,-9.387116081,
3331377937,-9.440414266,
3331977897,-9.217551479,
3332577857,-9.293271028,
3333177817,-9.324283012,
3333777777,-9.296155212,
3334377737,-9.285501748,
3334977697,-9.283052027,
3335577657,-9.310471202,
3336177617,-9.494012446,
3336777577,-9.221122982,
3337377537,-9.284071625,
3337977497,-9.333352032,
3338577457,-9.346354404,
3339177417,-9.307684032,
3339777377,-9.287081739,
3340377337,-9.46576223,
3340977297,-9.319173526,
3341577257,-9.431249495,
3342177217,-9.454708654,
3342777177,-9.267069937,
3343377137,-9.40659225,
3343977097,-9.377331259,
3344577057,-9.372891852,
3345177017,-9.380167828,
3345776977,-9.500186184,
3346376937,-9.45227639,
3346976897,-9.309932643,
3347576857,-9.371140985,
3348176817,-9.354828658,
3348776777,-9.540395581,
3349376737,-9.399622481,
3349976697,-9.421428292,
3350576657,-9.393485819,
3351176617,-9.337265861,
3351776577,-9.422277677,
3352376537,-9.45424177,
3352976497,-9.503782193,
3353576457,-9.414094603,
3354176417,-9.409455129,
3354776377,-9.355933364,
3355376337,-9.474600392,
3355976297,-9.575830513,
3356576257,-9.577729543,
3357176217,-9.68250132,
3357776177,-9.505638373,
3358376137,-9.359779469,
3358976097,-9.53233091,
3359576057,-9.509298005,
3360176017,-9.497430178,
3360775977,-9.454280948,
3361375937,-9.57276499,
3361975897,-9.731301223,
3362575857,-9.533687641,
3363175817,-9.412049391,
3363775777,-9.477917769,
3364375737,-9.484163103,
3364975697,-9.478525758,
3365575657,-9.409606541,
3366175617,-9.536660797,
3366775577,-9.367638364,
3367375537,-9.55269061,
3367975497,-9.418491901,
3368575457,-9.442890025,
3369175417,-9.575416803,
3369775377,-9.591576482,
3370375337,-9.685064659,
3370975297,-9.549214945,
3371575257,-9.868653547,
3372175217,-9.672509953,
3372775177,-9.350686902,
3373375137,-9.600722584,
3373975097,-9.591542428,
3374575057,-9.699566992,
3375175017,-9.495587295,
3375774977,-9.826241018,
3376374937,-9.654918686,
3376974897,-9.693936993,
3377574857,-9.673850379,
3378174817,-9.549009948,
3378774777,-9.626503456,
3379374737,-9.654869718,
3379974697,-9.54395136,
3380574657,-9.580073878,
3381174617,-9.689272161,
3381774577,-9.58360794,
3382374537,-9.55288568,
3382974497,-9.514963075,
3383574457,-9.779719545,
3384174417,-9.840321152,
3384774377,-9.727999854,
3385374337,-9.755293703,
3385974296,-9.721523949,
3386574256,-9.810341345,
3387174216,-9.674882662,
3387774176,-9.738921486,
3388374136,-9.692945436,
3388974096,-9.664882566,
3389574056,-9.579475077,
3390174016,-9.803537884,
3390773976,-9.944711686,
3391373936,-9.834238415,
3391973896,-9.852633557,
3392573856,-9.799415205,
3393173816,-9.954363061,
3393773776,-10.12757752,
3394373736,-9.950991812,
3394973696,-9.906048602,
3395573656,-9.874469956,
3396173616,-9.887967754,
3396773576,-10.05204904,
3397373536,-9.7588331,
3397973496,-10.09335188,
3398573456,-9.953714368,
3399173416,-10.15395314,
3399773376,-10.06915138,
3400373336,-10.20806769,
3400973296,-10.03564654,
3401573256,-10.01272215,
3402173216,-10.19427302,
3402773176,-10.28167198,
3403373136,-10.04635006,
3403973096,-10.28839521,
3404573056,-10.21915562,
3405173016,-10.28896995,
3405772976,-10.0450887,
3406372936,-10.32564791,
3406972896,-10.32960975,
3407572856,-10.29095549,
3408172816,-10.37878486,
3408772776,-10.16367798,
3409372736,-10.32216945,
3409972696,-10.385861,
3410572656,-10.38841101,
3411172616,-10.40931423,
3411772576,-10.37774703,
3412372536,-10.3310119,
3412972496,-10.28594265,
3413572456,-10.20240187,
3414172416,-10.27000915,
3414772376,-10.31823408,
3415372336,-10.49907818,
3415972296,-10.46698295,
3416572256,-10.36241275,
3417172216,-10.26262475,
3417772176,-10.34906516,
3418372136,-10.22366282,
3418972096,-10.51632063,
3419572056,-10.43958057,
3420172016,-10.45794978,
3420771976,-10.48236048,
3421371936,-10.41461902,
3421971896,-10.49154195,
3422571856,-10.4031387,
3423171816,-10.31067996,
3423771776,-10.43406412,
3424371736,-10.4544656,
3424971696,-10.43459273,
3425571656,-10.3650593,
3426171616,-10.46115941,
3426771576,-10.39037569,
3427371536,-10.38086359,
3427971496,-10.71260833,
3428571456,-10.39865586,
3429171416,-10.26255423,
3429771376,-10.45854988,
3430371336,-10.34187169,
3430971296,-10.37755005,
3431571256,-10.36504046,
3432171216,-10.57001055,
3432771176,-10.41463271,
3433371136,-10.32974999,
3433971096,-10.54296489,
3434571056,-10.42313995,
3435171016,-10.52802293,
3435770976,-10.36000892,
3436370936,-10.36172878,
3436970896,-10.4794899,
3437570856,-10.36071496,
3438170816,-10.45992258,
3438770776,-10.44688884,
3439370736,-10.47812687,
3439970696,-10.4350142,
3440570656,-10.41003027,
3441170616,-10.30313213,
3441770576,-10.4838924,
3442370536,-10.4375515,
3442970496,-10.40268038,
3443570456,-10.5435102,
3444170416,-10.44552645,
3444770376,-10.36242436,
3445370336,-10.32807468,
3445970296,-10.41465286,
3446570256,-10.55759769,
3447170216,-10.36770468,
3447770176,-10.48372792,
3448370136,-10.29094202,
3448970096,-10.35538721,
3449570056,-10.45372084,
3450170016,-10.54419703,
3450769976,-10.37100229,
3451369936,-10.50419814,
3451969896,-10.46847285,
3452569856,-10.32116437,
3453169816,-10.47343909,
3453769776,-10.3526505,
3454369736,-10.41305148,
3454969696,-10.33467245,
3455569656,-10.47832032,
3456169616,-10.43859515,
3456769576,-10.50975499,
3457369536,-10.43765646,
3457969496,-10.50776002,
3458569456,-10.42150999,
3459169416,-10.37136528,
3459769376,-10.42741819,
3460369336,-10.40962978,
3460969296,-10.39531317,
3461569256,-10.362415,
3462169216,-10.24094396,
3462769176,-10.28693034,
3463369136,-10.21231031,
3463969096,-10.44142648,
3464569056,-10.27124739,
3465169016,-10.25086448,
3465768976,-10.38357748,
3466368936,-10.45191169,
3466968896,-10.39093749,
3467568856,-10.37296639,
3468168816,-10.40424831,
3468768776,-10.3414095,
3469368736,-10.21911832,
3469968696,-10.23521933,
3470568656,-10.35051324,
3471168616,-10.41098714,
3471768576,-10.25785696,
3472368536,-10.25841191,
3472968496,-10.30641691,
3473568456,-10.2665787,
3474168416,-10.25603705,
3474768376,-10.31803144,
3475368336,-10.22219714,
3475968296,-10.22400315,
3476568256,-10.28637942,
3477168216,-10.29271593,
3477768176,-10.23140848,
3478368136,-10.36269006,
3478968096,-10.01655128,
3479568056,-10.29712041,
3480168016,-10.2349268,
3480767976,-10.14457829,
3481367936,-10.26378861,
3481967896,-10.15908468,
3482567856,-10.1472643,
3483167816,-10.20818015,
3483767776,-10.2679057,
3484367736,-10.2749178,
3484967696,-10.33079141,
3485567656,-10.1503958,
3486167616,-10.08536186,
3486767576,-10.24265757,
3487367536,-10.16483768,
3487967496,-10.14148484,
3488567456,-10.2637852,
3489167416,-10.07207621,
3489767376,-10.03558008,
3490367336,-10.22028398,
3490967296,-10.00922955,
3491567256,-10.24888119,
3492167216,-10.12785641,
3492767176,-9.86970283,
3493367136,-10.07784706,
3493967096,-10.15764851,
3494567056,-10.13817442,
3495167016,-10.16605908,
3495766976,-10.15515256,
3496366936,-9.996926274,
3496966896,-10.07554769,
3497566856,-10.15870054,
3498166816,-9.96957412,
3498766776,-9.87036081,
3499366736,-9.906298738,
3499966696,-9.93916141,
3500566656,-9.922162202,
3501166616,-9.872249949,
3501766576,-10.10194259,
3502366536,-9.994899022,
3502966496,-10.22114484,
3503566456,-9.945109997,
3504166416,-9.759701328,
3504766376,-9.703302985,
3505366336,-9.876030264,
3505966296,-9.896053218,
3506566256,-9.919700982,
3507166216,-9.774822583,
3507766176,-9.838605504,
3508366136,-9.944962837,
3508966096,-9.77394622,
3509566056,-9.904858006,
3510166016,-9.830969675,
3510765976,-10.01631388,
3511365936,-9.774525639,
3511965896,-9.73927548,
3512565856,-9.892755242,
3513165816,-9.812427355,
3513765776,-9.839502783,
3514365736,-9.730691033,
3514965696,-9.835754941,
3515565656,-9.971022282,
3516165616,-9.770124102,
3516765576,-9.723133414,
3517365536,-9.810383931,
3517965496,-9.857790434,
3518565456,-9.716328141,
3519165416,-9.660024494,
3519765376,-9.812348347,
3520365336,-9.789307801,
3520965296,-10.00935886,
3521565256,-9.728209774,
3522165216,-9.742627712,
3522765176,-9.764740053,
3523365136,-9.850620973,
3523965096,-9.89085084,
3524565056,-9.761490996,
3525165016,-9.873147373,
3525764976,-9.743323842,
3526364936,-9.674577718,
3526964896,-9.840819812,
3527564856,-9.744365813,
3528164816,-9.7416049,
3528764776,-9.69174979,
3529364736,-9.847991365,
3529964696,-9.682153139,
3530564656,-9.745767622,
3531164616,-9.817956235,
3531764576,-9.798210049,
3532364536,-9.732444017,
3532964496,-9.729930988,
3533564456,-9.644285543,
3534164416,-9.718454675,
3534764376,-9.734040419,
3535364336,-9.743186753,
3535964296,-9.793878607,
3536564256,-9.838829736,
3537164216,-9.643231745,
3537764176,-9.625828748,
3538364136,-9.786246148,
3538964096,-9.693699004,
3539564055,-9.710785313,
3540164015,-9.793884442,
3540763975,-9.901449324,
3541363935,-9.912833658,
3541963895,-9.825199122,
3542563855,-9.720896849,
3543163815,-9.496582058,
3543763775,-9.793257322,
3544363735,-9.784687497,
3544963695,-9.652833643,
3545563655,-9.757580412,
3546163615,-9.78702052,
3546763575,-9.836706925,
3547363535,-9.565638528,
3547963495,-9.79466495,
3548563455,-9.777391828,
3549163415,-9.665785389,
3549763375,-9.682830455,
3550363335,-9.726814798,
3550963295,-9.750997637,
3551563255,-9.755187706,
3552163215,-9.694638896,
3552763175,-9.686981403,
3553363135,-9.792070224,
3553963095,-9.707023737,
3554563055,-9.774842836,
3555163015,-9.890207345,
3555762975,-9.71295353,
3556362935,-9.736542072,
3556962895,-9.714532629,
3557562855,-9.70106592,
3558162815,-9.773738784,
3558762775,-9.723176562,
3559362735,-9.711976366,
3559962695,-9.788094015,
3560562655,-9.70377599,
3561162615,-9.817155932,
3561762575,-9.855328984,
3562362535,-9.657580896,
3562962495,-9.884186009,
3563562455,-9.716741895,
3564162415,-9.943433875,
3564762375,-9.804545394,
3565362335,-9.757707525,
3565962295,-9.638098454,
3566562255,-9.897152084,
3567162215,-9.719600685,
3567762175,-9.890945519,
3568362135,-9.859482713,
3568962095,-9.816459828,
3569562055,-9.699796346,
3570162015,-9.765638938,
3570761975,-9.816327767,
3571361935,-9.868869612,
3571961895,-9.879849931,
3572561855,-9.593529247,
3573161815,-9.648283874,
3573761775,-9.768490576,
3574361735,-9.794075573,
3574961695,-10.03724024,
3575561655,-9.824123594,
3576161615,-9.671989064,
3576761575,-9.862971284,
3577361535,-9.720928844,
3577961495,-9.881453327,
3578561455,-9.845407312,
3579161415,-9.836730459,
3579761375,-9.831307852,
3580361335,-9.698787443,
3580961295,-9.919648346,
3581561255,-9.713843287,
3582161215,-9.867745745,
3582761175,-9.882558982,
3583361135,-9.939601036,
3583961095,-9.897806352,
3584561055,-9.962113526,
3585161015,-9.910249833,
3585760975,-9.887007047,
3586360935,-9.724331918,
3586960895,-9.950712575,
3587560855,-9.812394026,
3588160815,-9.812936167,
3588760775,-9.869925452,
3589360735,-10.02921272,
3589960695,-9.844406588,
3590560655,-9.831807963,
3591160615,-10.08373922,
3591760575,-9.811873237,
3592360535,-9.933831154,
3592960495,-9.808792905,
3593560455,-9.829262649,
3594160415,-10.00453787,
3594760375,-9.85084703,
3595360335,-9.797640846,
3595960295,-9.866467345,
3596560255,-9.878740626,
3597160215,-9.87344386,
3597760175,-9.998767339,
3598360135,-10.16789597,
3598960095,-9.746849495,
3599560055,-9.958715808,
3600160015,-10.07185636,
3600759975,-9.985686507,
3601359935,-10.03358848,
3601959895,-9.954875589,
3602559855,-9.954501047,
3603159815,-10.00909955,
3603759775,-10.06685059,
3604359735,-9.912868962,
3604959695,-9.922441416,
3605559655,-10.07714267,
3606159615,-9.9664361,
3606759575,-10.04370478,
3607359535,-10.01030035,
3607959495,-10.03625936,
3608559455,-9.839672277,
3609159415,-10.17590657,
3609759375,-10.02778091,
3610359335,-9.888057406,
3610959295,-10.10243649,
3611559255,-10.14560561,
3612159215,-10.05315806,
3612759175,-10.10764769,
3613359135,-10.00934886,
3613959095,-10.01216834,
3614559055,-10.19843896,
3615159015,-10.02264568,
3615758975,-10.12706187,
3616358935,-10.15940248,
3616958895,-10.18178757,
3617558855,-10.46497025,
3618158815,-10.33753788,
3618758775,-10.30691785,
3619358735,-10.16535704,
3619958695,-10.19662145,
3620558655,-10.18221549,
3621158615,-10.31839009,
3621758575,-10.22171724,
3622358535,-10.30772235,
3622958495,-10.2295795,
3623558455,-10.29474407,
3624158415,-10.34945457,
3624758375,-10.08163631,
3625358335,-10.37514234,
3625958295,-10.36157315,
3626558255,-10.28553377,
3627158215,-10.35676966,
3627758175,-10.2311672,
3628358135,-10.25701807,
3628958095,-10.37288567,
3629558055,-10.43401023,
3630158015,-10.33097654,
3630757975,-10.28164739,
3631357935,-10.20632925,
3631957895,-10.20780936,
3632557855,-10.41640148,
3633157815,-10.42646263,
3633757775,-10.32727116,
3634357735,-10.32909454,
3634957695,-10.46992035,
3635557655,-10.5395652,
3636157615,-10.37976602,
3636757575,-10.38975937,
3637357535,-10.49911234,
3637957495,-10.48025857,
3638557455,-10.43873164,
3639157415,-10.50042744,
3639757375,-10.52592855,
3640357335,-10.4551417,
3640957295,-10.43616432,
3641557255,-10.53392548,
3642157215,-10.56726515,
3642757175,-10.40079278,
3643357135,-10.52652236,
3643957095,-10.34111215,
3644557055,-10.50337685,
3645157015,-10.59655386,
3645756975,-10.53492532,
3646356935,-10.50190124,
3646956895,-10.55414851,
3647556855,-10.55738472,
3648156815,-10.57107231,
3648756775,-10.56785539,
3649356735,-10.51322925,
3649956695,-10.56324401,
3650556655,-10.5352821,
3651156615,-10.54660251,
3651756575,-10.45341423,
3652356535,-10.58846181,
3652956495,-10.56939021,
3653556455,-10.59124633,
3654156415,-10.51761934,
3654756375,-10.47802336,
3655356335,-10.82476165,
3655956295,-10.66376566,
3656556255,-10.74760631,
3657156215,-10.56783101,
3657756175,-10.67986793,
3658356135,-10.93322566,
3658956095,-10.64177353,
3659556055,-10.66391285,
3660156015,-10.74149441,
3660755975,-10.7390869,
3661355935,-10.88589949,
3661955895,-10.69748798,
3662555855,-10.79648257,
3663155815,-11.0103506,
3663755775,-10.85191312,
3664355735,-10.78172541,
3664955695,-10.70298989,
3665555655,-10.82299942,
3666155615,-10.81013466,
3666755575,-10.78424059,
3667355535,-10.81723807,
3667955495,-10.68712919,
3668555455,-10.94231434,
3669155415,-10.78906005,
3669755375,-10.97315124,
3670355335,-10.77667083,
3670955295,-10.76823363,
3671555255,-10.93150923,
3672155215,-10.72991534,
3672755175,-10.93294632,
3673355135,-10.85160067,
3673955095,-10.99512547,
3674555055,-10.9531657,
3675155015,-10.8838517,
3675754975,-11.06139187,
3676354935,-10.98949248,
3676954895,-10.91721753,
3677554855,-10.84002972,
3678154815,-11.1207393,
3678754775,-11.08736342,
3679354735,-11.02663795,
3679954695,-11.03672637,
3680554655,-11.16882179,
3681154615,-11.07950029,
3681754575,-11.17540734,
3682354535,-11.02368435,
3682954495,-10.89734777,
3683554455,-10.96301012,
3684154415,-10.99473422,
3684754375,-11.08059931,
3685354335,-10.8453543,
3685954295,-11.12664766,
3686554255,-11.05374427,
3687154215,-11.02780855,
3687754175,-11.09037936,
3688354135,-11.10119655,
3688954095,-11.04035029,
3689554055,-11.2062256,
3690154015,-10.94057406,
3690753975,-11.11322367,
3691353935,-11.07308265,
3691953895,-11.15757744,
3692553855,-11.23810592,
3693153815,-11.15765473,
3693753774,-11.15793946,
3694353734,-10.89626899,
3694953694,-11.27657074,
3695553654,-11.2231994,
3696153614,-11.3494187,
3696753574,-11.1067534,
3697353534,-11.38507616,
3697953494,-11.09030886,
3698553454,-11.27063933,
3699153414,-11.09983543,
3699753374,-11.22155533,
3700353334,-11.11056932,
3700953294,-11.26225781,
3701553254,-11.38540152,
3702153214,-11.08824058,
3702753174,-11.03554311,
3703353134,-11.29146054,
3703953094,-11.27889518,
3704553054,-11.28468696,
3705153014,-11.28814024,
3705752974,-11.30119022,
3706352934,-11.15790616,
3706952894,-11.38737814,
3707552854,-11.15922786,
3708152814,-11.1965856,
3708752774,-11.31019051,
3709352734,-11.16645349,
3709952694,-11.29904353,
3710552654,-11.24094237,
3711152614,-11.37225995,
3711752574,-11.2760014,
3712352534,-11.33405073,
3712952494,-10.96406569,
3713552454,-11.42297548,
3714152414,-11.3501831,
3714752374,-11.43926105,
3715352334,-11.2502929,
3715952294,-10.98293173,
3716552254,-11.2243487,
3717152214,-11.21514277,
3717752174,-11.35810776,
3718352134,-11.11202075,
3718952094,-11.30990138,
3719552054,-11.39604739,
3720152014,-11.38570133,
3720751974,-11.32705052,
3721351934,-11.33988118,
3721951894,-11.22288337,
3722551854,-11.28876762,
3723151814,-11.4070962,
3723751774,-11.18241826,
3724351734,-11.24145536,
3724951694,-11.1839773,
3725551654,-11.07185557,
3726151614,-11.05522375,
3726751574,-11.2100256,
3727351534,-11.06919761,
3727951494,-11.25574445,
3728551454,-11.3461637,
3729151414,-11.33435923,
3729751374,-11.2665047,
3730351334,-11.13750669,
3730951294,-11.33496051,
3731551254,-11.17997715,
3732151214,-11.32512156,
3732751174,-11.17585284,
3733351134,-11.04488673,
3733951094,-11.1408087,
3734551054,-11.30622178,
3735151014,-11.04665392,
3735750974,-11.13814341,
3736350934,-11.27943987,
3736950894,-11.1860739,
3737550854,-11.26624641,
3738150814,-11.06096774,
3738750774,-11.10019117,
3739350734,-11.05612859,
3739950694,-11.03866823,
3740550654,-11.06456444,
3741150614,-11.14108787,
3741750574,-11.29439206,
3742350534,-11.2372895,
3742950494,-11.10490442,
3743550454,-11.25042172,
3744150414,-11.0084102,
3744750374,-10.97714624,
3745350334,-11.2606834,
3745950294,-11.0613248,
3746550254,-11.14620143,
3747150214,-11.10561572,
3747750174,-10.7773544,
3748350134,-10.92523706,
3748950094,-10.90866682,
3749550054,-11.01375525,
3750150014,-11.06095816,
3750749974,-11.17310465,
3751349934,-11.02353082,
3751949894,-11.08431567,
3752549854,-11.04694358,
3753149814,-10.91579555,
3753749774,-10.94846409,
3754349734,-11.10058813,
3754949694,-10.99357377,
3755549654,-11.06141169,
3756149614,-10.97309233,
3756749574,-10.91806496,
3757349534,-10.80127934,
3757949494,-11.02883546,
3758549454,-11.06027081,
3759149414,-10.91019384,
3759749374,-11.00714593,
3760349334,-11.01870618,
3760949294,-10.92222234,
3761549254,-10.84748333,
3762149214,-10.8015482,
3762749174,-10.85048962,
3763349134,-10.67822777,
3763949094,-10.90672737,
3764549054,-10.96669249,
3765149014,-10.88019338,
3765748974,-10.80014415,
3766348934,-10.91731009,
3766948894,-10.97563498,
3767548854,-10.84989987,
3768148814,-10.71446499,
3768748774,-11.11070582,
3769348734,-10.77164856,
3769948694,-10.88667095,
3770548654,-10.74498281,
3771148614,-10.82041525,
3771748574,-10.68850497,
3772348534,-10.88825046,
3772948494,-10.77277613,
3773548454,-10.73766765,
3774148414,-10.74145433,
3774748374,-10.67971343,
3775348334,-10.81961534,
3775948294,-10.67808726,
3776548254,-10.90727282,
3777148214,-10.99914955,
3777748174,-10.63544276,
3778348134,-10.78933722,
3778948094,-10.767757,
3779548054,-10.91684275,
3780148014,-10.83205302,
3780747974,-10.76780773,
3781347934,-10.59204637,
3781947894,-10.75426647,
3782547854,-10.57018422,
3783147814,-10.85755563,
3783747774,-10.61500231,
3784347734,-10.64633835,
3784947694,-10.9060082,
3785547654,-10.75152339,
3786147614,-10.76250013,
3786747574,-10.59292841,
3787347534,-10.95138839,
3787947494,-10.69640776,
3788547454,-10.68340695,
3789147414,-10.65734986,
3789747374,-10.70826035,
3790347334,-10.84322538,
3790947294,-10.81089973,
3791547254,-10.67478637,
3792147214,-10.72732398,
3792747174,-10.72339476,
3793347134,-10.7558275,
3793947094,-10.59644977,
3794547054,-10.67353292,
3795147014,-10.74783742,
3795746974,-10.83291364,
3796346934,-10.70923064,
3796946894,-10.52584633,
3797546854,-10.8274694,
3798146814,-10.61669402,
3798746774,-10.54846496,
3799346734,-10.54145224,
3799946694,-10.55183687,
3800546654,-10.62967559,
3801146614,-10.73803178,
3801746574,-10.76423411,
3802346534,-10.63701139,
3802946494,-10.72809757,
3803546454,-10.55589138,
3804146414,-10.55868035,
3804746374,-10.67881794,
3805346334,-10.66801934,
3805946294,-10.63590728,
3806546254,-10.77310516,
3807146214,-10.58958567,
3807746174,-10.60856151,
3808346134,-10.85993596,
3808946094,-10.73774306,
3809546054,-10.60576805,
3810146014,-10.56045873,
3810745974,-10.80336158,
3811345934,-10.75912945,
3811945894,-10.57423935,
3812545854,-10.78967184,
3813145814,-10.77171875,
3813745774,-10.70025436,
3814345734,-10.76524361,
3814945694,-10.73397868,
3815545654,-10.56446533,
3816145614,-10.43010971,
3816745574,-10.68196873,
3817345534,-10.94467896,
3817945494,-10.6350817,
3818545454,-10.68977916,
3819145414,-10.55430329,
3819745374,-10.58753086,
3820345334,-10.80731393,
3820945294,-10.69019227,
3821545254,-10.79475365,
3822145214,-10.72804322,
3822745174,-10.82671072,
3823345134,-10.83936741,
3823945094,-10.75151907,
3824545054,-10.61288037,
3825145014,-10.55529839,
3825744974,-10.81983774,
3826344934,-10.70943739,
3826944894,-10.83034185,
3827544854,-10.80151543,
3828144814,-10.916302,
3828744774,-10.76964324,
3829344734,-10.7527326,
3829944694,-10.65900041,
3830544654,-10.6835217,
3831144614,-10.54071619,
3831744574,-10.85295331,
3832344534,-10.79398185,
3832944494,-10.7466701,
3833544454,-10.72134651,
3834144414,-10.77121303,
3834744374,-10.81495596,
3835344334,-10.75886252,
3835944294,-10.92278972,
3836544254,-10.80286957,
3837144214,-10.72232613,
3837744174,-10.904465,
3838344134,-10.84340919,
3838944094,-10.78056594,
3839544054,-10.6701473,
3840144014,-10.91956443,
3840743974,-10.72827514,
3841343934,-10.8719876,
3841943894,-10.77529708,
3842543854,-10.60972059,
3843143814,-10.90139332,
3843743774,-10.69558491,
3844343734,-10.75009122,
3844943694,-10.78693202,
3845543654,-10.74282673,
3846143614,-10.76800801,
3846743574,-10.85718221,
3847343533,-10.85185441,
3847943493,-10.83105781,
3848543453,-10.65819784,
3849143413,-10.83419187,
3849743373,-10.99594882,
3850343333,-10.64849024,
3850943293,-10.82726971,
3851543253,-10.78378066,
3852143213,-10.91699194,
3852743173,-10.89278036,
3853343133,-10.84094382,
3853943093,-10.84816488,
3854543053,-11.05603455,
3855143013,-11.03735436,
3855742973,-11.05433202,
3856342933,-11.04354183,
3856942893,-10.85364291,
3857542853,-11.05786876,
3858142813,-10.87630486,
3858742773,-10.95524999,
3859342733,-11.00598663,
3859942693,-10.89686785,
3860542653,-10.94555239,
3861142613,-10.71588407,
3861742573,-11.11189596,
3862342533,-10.77318087,
3862942493,-10.93323644,
3863542453,-10.99907658,
3864142413,-10.97014621,
3864742373,-10.83513834,
3865342333,-11.02242642,
3865942293,-11.00640358,
3866542253,-10.88684406,
3867142213,-10.97655791,
3867742173,-10.78403188,
3868342133,-10.87585482,
3868942093,-11.20719783,
3869542053,-10.9668517,
3870142013,-11.11247098,
3870741973,-10.86512318,
3871341933,-10.86009178,
3871941893,-11.1043783,
3872541853,-11.18001411,
3873141813,-10.98816212,
3873741773,-10.97741359,
3874341733,-10.95075132,
3874941693,-11.15615365,
3875541653,-10.96581132,
3876141613,-10.99848499,
3876741573,-11.23205548,
3877341533,-11.11580491,
3877941493,-11.22261719,
3878541453,-10.97870573,
3879141413,-11.16789493,
3879741373,-11.16335738,
3880341333,-11.18714692,
3880941293,-11.20337677,
3881541253,-11.16253725,
3882141213,-11.21856702,
3882741173,-11.08787534,
3883341133,-11.26731384,
3883941093,-11.12670541,
3884541053,-11.07808724,
3885141013,-11.07275255,
3885740973,-11.16145658,
3886340933,-11.18088872,
3886940893,-11.29268997,
3887540853,-11.35275752,
3888140813,-11.20438973,
3888740773,-11.4225205,
3889340733,-11.13575405,
3889940693,-11.04584627,
3890540653,-10.94907219,
3891140613,-11.29368881,
3891740573,-11.19253335,
3892340533,-11.22940931,
3892940493,-11.22127214,
3893540453,-11.33832187,
3894140413,-11.3717012,
3894740373,-11.17015264,
3895340333,-11.35769646,
3895940293,-10.97881186,
3896540253,-11.35006145,
3897140213,-11.26315572,
3897740173,-11.43145203,
3898340133,-11.42500625,
3898940093,-11.47864973,
3899540053,-11.25844869,
3900140013,-11.40822996,
3900739973,-11.58449968,
3901339933,-11.62562383,
3901939893,-11.6029695,
3902539853,-11.66337746,
3903139813,-11.41841828,
3903739773,-11.59986621,
3904339733,-11.60661892,
3904939693,-11.60289721,
3905539653,-11.88599362,
3906139613,-11.59505895,
3906739573,-11.59482049,
3907339533,-11.88394114,
3907939493,-11.71566111,
3908539453,-11.75292968,
3909139413,-11.68917129,
3909739373,-12.02709549,
3910339333,-11.74275135,
3910939293,-11.6482765,
3911539253,-11.88078574,
3912139213,-11.82096486,
3912739173,-11.95785031,
3913339133,-12.22837138,
3913939093,-12.22101869,
3914539053,-12.04736511,
3915139013,-11.98435415,
3915738973,-12.17234795,
3916338933,-12.2999982,
3916938893,-12.08524818,
3917538853,-12.01446148,
3918138813,-12.24834056,
3918738773,-11.85292226,
3919338733,-12.17429625,
3919938693,-12.25719913,
3920538653,-12.21853112,
3921138613,-12.3173399,
3921738573,-12.30600853,
3922338533,-12.1931392,
3922938493,-12.15704219,
3923538453,-12.02578183,
3924138413,-12.32019271,
3924738373,-12.40946328,
3925338333,-12.47277319,
3925938293,-12.29826198,
3926538253,-12.65172063,
3927138213,-12.40708461,
3927738173,-12.34849511,
3928338133,-12.23940105,
3928938093,-12.37125372,
3929538053,-12.47851384,
3930138013,-12.38957587,
3930737973,-12.25405788,
3931337933,-12.63316918,
3931937893,-12.50319667,
3932537853,-12.88659237,
3933137813,-12.38797286,
3933737773,-12.41991402,
3934337733,-12.34013282,
3934937693,-12.47948346,
3935537653,-12.62010733,
3936137613,-12.55351118,
3936737573,-12.54480364,
3937337533,-12.6663283,
3937937493,-12.62437003,
3938537453,-12.58925706,
3939137413,-12.58101103,
3939737373,-12.43933037,
3940337333,-12.64738115,
3940937293,-12.35416417,
3941537253,-12.54091196,
3942137213,-12.79189964,
3942737173,-12.58193044,
3943337133,-12.67763335,
3943937093,-12.8402875,
3944537053,-12.52381995,
3945137013,-12.70989396,
3945736973,-12.58333859,
3946336933,-12.82674743,
3946936893,-12.65621559,
3947536853,-12.81161945,
3948136813,-12.91329427,
3948736773,-12.89197912,
3949336733,-12.97551066,
3949936693,-12.95245312,
3950536653,-12.70020861,
3951136613,-12.90546345,
3951736573,-12.89337522,
3952336533,-12.82624157,
3952936493,-12.71604234,
3953536453,-13.0779952,
3954136413,-13.01715277,
3954736373,-12.85235579,
3955336333,-13.1795292,
3955936293,-12.96779112,
3956536253,-12.87277664,
3957136213,-13.12684715,
3957736173,-12.77844085,
3958336133,-13.08186546,
3958936093,-12.99748026,
3959536053,-12.920231,
3960136013,-13.03544641,
3960735973,-13.19420033,
3961335933,-13.04477332,
3961935893,-13.08202555,
3962535853,-13.13537174,
3963135813,-12.87149723,
3963735773,-13.25032894,
3964335733,-13.25163294,
3964935693,-13.04936156,
3965535653,-13.13813727,
3966135613,-13.07656366,
3966735573,-13.23257087,
3967335533,-13.0759659,
3967935493,-13.11077539,
3968535453,-13.1652382,
3969135413,-13.21562481,
3969735373,-13.24840145,
3970335333,-13.31968016,
3970935293,-13.09585813,
3971535253,-13.08490472,
3972135213,-12.98141171,
3972735173,-13.30473132,
3973335133,-13.1176132,
3973935093,-13.16402472,
3974535053,-13.12786279,
3975135013,-13.03388425,
3975734973,-13.22551706,
3976334933,-13.21214052,
3976934893,-13.40669085,
3977534853,-13.27583539,
3978134813,-13.17747154,
3978734773,-13.29985832,
3979334733,-13.1486056,
3979934693,-13.28704918,
3980534653,-13.32251365,
3981134613,-13.30500914,
3981734573,-12.98401974,
3982334533,-13.1637746,
3982934493,-13.14811724,
3983534453,-13.23946726,
3984134413,-13.22603186,
3984734373,-13.23805598,
3985334333,-13.25413438,
3985934293,-13.11296965,
3986534253,-13.23799658,
3987134213,-13.16430199,
3987734173,-13.12498878,
3988334133,-13.32965229,
3988934093,-13.16579677,
3989534053,-13.28716645,
3990134013,-13.12273972,
3990733973,-13.03108586,
3991333933,-13.08334083,
3991933893,-13.19666473,
3992533853,-13.35561653,
3993133813,-13.35243388,
3993733773,-12.93514844,
3994333733,-13.29999973,
3994933693,-13.12108933,
3995533653,-13.12166994,
3996133613,-13.08999665,
3996733573,-13.1432711,
3997333533,-13.00732133,
3997933493,-13.22256527,
3998533453,-13.02430332,
3999133413,-13.09421467,
3999733373,-13.3776595,
4000333333,-13.12527137,
4000933293,-13.08867604,
4001533253,-13.0908113,
4002133212,-13.14994648,
4002733172,-13.10506327,
4003333132,-12.8599316,
4003933092,-12.76467705,
4004533052,-13.05999541,
4005133012,-12.83230504,
4005732972,-13.09391031,
4006332932,-12.9074428,
4006932892,-12.78893747,
4007532852,-12.92653188,
4008132812,-13.04032915,
4008732772,-12.89953597,
4009332732,-13.11085107,
4009932692,-13.02598862,
4010532652,-12.93633193,
4011132612,-12.86529859,
4011732572,-12.76935057,
4012332532,-13.07892205,
4012932492,-12.73949685,
4013532452,-12.89569926,
4014132412,-12.90756859,
4014732372,-12.74315004,
4015332332,-12.95372549,
4015932292,-12.63230826,
4016532252,-12.8248851,
4017132212,-12.94476788,
4017732172,-12.76699355,
4018332132,-12.81286689,
4018932092,-12.72949522,
4019532052,-12.79446613,
4020132012,-12.84344165,
4020731972,-12.89648549,
4021331932,-12.56214904,
4021931892,-12.71713804,
4022531852,-12.64870271,
4023131812,-12.73126437,
4023731772,-12.77028987,
4024331732,-12.70890983,
4024931692,-12.6094186,
4025531652,-12.68624978,
4026131612,-12.57590126,
4026731572,-12.76583993,
4027331532,-12.5809565,
4027931492,-12.50722731,
4028531452,-12.68037653,
4029131412,-12.78979671,
4029731372,-12.60305312,
4030331332,-12.57623286,
4030931292,-12.67872577,
4031531252,-12.80165778,
4032131212,-12.64020389,
4032731172,-12.44789319,
4033331132,-12.71196022,
4033931092,-12.76811775,
4034531052,-12.58294275,
4035131012,-12.67751685,
4035730972,-12.65574556,
4036330932,-12.48337828,
4036930892,-12.81821211,
4037530852,-12.49885087,
4038130812,-12.67684508,
4038730772,-12.58271274,
4039330732,-12.28755096,
4039930692,-12.48901459,
4040530652,-12.42079633,
4041130612,-12.45434452,
4041730572,-12.5367189,
4042330532,-12.39962136,
4042930492,-12.29839913,
4043530452,-12.32550539,
4044130412,-12.58076049,
4044730372,-12.56067698,
4045330332,-12.36491708,
4045930292,-12.37179285,
4046530252,-12.58234705,
4047130212,-12.36423792,
4047730172,-12.54213149,
4048330132,-12.31333629,
4048930092,-12.40453613,
4049530052,-12.42178954,
4050130012,-12.72579416,
4050729972,-12.50028264,
4051329932,-12.42485906,
4051929892,-12.230063,
4052529852,-12.29220242,
4053129812,-12.36604167,
4053729772,-12.2949337,
4054329732,-12.22733059,
4054929692,-12.36783566,
4055529652,-12.48325237,
4056129612,-12.33773669,
4056729572,-12.512113,
4057329532,-12.48166128,
4057929492,-12.40611282,
4058529452,-12.39950348,
4059129412,-12.39448789,
4059729372,-12.11484112,
4060329332,-12.38744334,
4060929292,-12.29405113,
4061529252,-12.36434937,
4062129212,-12.31940567,
4062729172,-12.19610534,
4063329132,-12.49234383,
4063929092,-12.25144787,
4064529052,-12.27597903,
4065129012,-12.22133326,
4065728972,-12.49694429,
4066328932,-12.26565035,
4066928892,-12.46090131,
4067528852,-12.28983638,
4068128812,-12.28418071,
4068728772,-12.52451461,
4069328732,-12.2736287,
4069928692,-12.3063415,
4070528652,-12.47522059,
4071128612,-12.10245035,
4071728572,-12.28906559,
4072328532,-12.16479174,
4072928492,-12.16350492,
4073528452,-12.0847279,
4074128412,-12.09391881,
4074728372,-11.93442954,
4075328332,-12.15613592,
4075928292,-11.99639162,
4076528252,-12.05803481,
4077128212,-11.92409348,
4077728172,-12.17260863,
4078328132,-12.03453364,
4078928092,-12.05316816,
4079528052,-12.21256579,
4080128012,-12.21601007,
4080727972,-11.96085856,
4081327932,-12.11548814,
4081927892,-12.29039302,
4082527852,-12.10283723,
4083127812,-12.07152347,
4083727772,-12.10449823,
4084327732,-12.12443968,
4084927692,-12.25472999,
4085527652,-12.19497181,
4086127612,-12.17564161,
4086727572,-12.34585313,
4087327532,-12.18610698,
4087927492,-12.20983392,
4088527452,-12.18087044,
4089127412,-12.09884877,
4089727372,-12.03733797,
4090327332,-12.09393625,
4090927292,-12.14862984,
4091527252,-12.19693683,
4092127212,-12.16651207,
4092727172,-12.22909151,
4093327132,-11.95935059,
4093927092,-12.15084247,
4094527052,-12.152629,
4095127012,-12.57619233,
4095726972,-12.3385967,
4096326932,-12.45196808,
4096926892,-12.38552572,
4097526852,-12.20142599,
4098126812,-12.35331508,
4098726772,-12.24786166,
4099326732,-12.33393714,
4099926692,-12.37759815,
4100526652,-12.13881311,
4101126612,-12.19356668,
4101726572,-12.33786385,
4102326532,-12.16093926,
4102926492,-12.09259614,
4103526452,-12.35707558,
4104126412,-12.30991774,
4104726372,-12.24852128,
4105326332,-12.2752467,
4105926292,-12.17908125,
4106526252,-12.16977947,
4107126212,-12.20913641,
4107726172,-12.31915856,
4108326132,-12.42191257,
4108926092,-12.34646571,
4109526052,-12.349637,
4110126012,-12.1918356,
4110725972,-12.65949561,
4111325932,-11.9938244,
4111925892,-12.06477811,
4112525852,-12.32848854,
4113125812,-12.37711028,
4113725772,-12.31618378,
4114325732,-12.41862484,
4114925692,-12.09820428,
4115525652,-12.29989995,
4116125612,-12.19848779,
4116725572,-12.35730714,
4117325532,-12.4116614,
4117925492,-12.37786398,
4118525452,-12.43487233,
4119125412,-12.59579158,
4119725372,-12.5163064,
4120325332,-12.53360234,
4120925292,-12.2979173,
4121525252,-12.52628199,
4122125212,-12.36609237,
4122725172,-12.61816643,
4123325132,-12.59394224,
4123925092,-12.20630921,
4124525052,-12.50144198,
4125125012,-12.53842739,
4125724972,-12.29670929,
4126324932,-12.44919789,
4126924892,-12.52374925,
4127524852,-12.46105888,
4128124812,-12.51211701,
4128724772,-12.61888026,
4129324732,-12.54114932,
4129924692,-12.4902792,
4130524652,-12.26213252,
4131124612,-12.47256701,
4131724572,-12.44514067,
4132324532,-12.53094417,
4132924492,-12.62390939,
4133524452,-12.49088395,
4134124412,-12.53967685,
4134724372,-12.66560189,
4135324332,-12.5871933,
4135924292,-12.50668399,
4136524252,-12.61067493,
4137124212,-12.78635631,
4137724172,-12.4806996,
4138324132,-12.57314283,
4138924092,-12.81669358,
4139524052,-12.31380135,
4140124012,-12.46751972,
4140723972,-12.63438988,
4141323932,-12.41267948,
4141923892,-12.55429912,
4142523852,-12.68952843,
4143123812,-12.58238191,
4143723772,-12.57125763,
4144323732,-12.97325819,
4144923692,-12.51649835,
4145523652,-12.68338335,
4146123612,-12.83033039,
4146723572,-12.67648377,
4147323532,-12.70154857,
4147923492,-12.63667719,
4148523452,-12.78002483,
4149123412,-12.62187449,
4149723372,-12.69009801,
4150323332,-12.78647425,
4150923292,-12.71169613,
4151523252,-12.63139818,
4152123212,-12.64112675,
4152723172,-12.69115826,
4153323132,-12.72935881,
4153923092,-12.76929621,
4154523052,-12.65430644,
4155123012,-12.96848348,
4155722971,-12.96942806,
4156322931,-12.95982177,
4156922891,-12.76159039,
4157522851,-12.83610053,
4158122811,-12.89943051,
4158722771,-12.7385842,
4159322731,-12.74857336,
4159922691,-12.84180138,
4160522651,-12.87703617,
4161122611,-12.83229966,
4161722571,-13.07908548,
4162322531,-12.94371645,
4162922491,-12.93143124,
4163522451,-12.92330706,
4164122411,-12.9498508,
4164722371,-13.22790732,
4165322331,-13.00050914,
4165922291,-13.18606081,
4166522251,-13.15288938,
4167122211,-13.28372462,
4167722171,-13.23758834,
4168322131,-13.05766239,
4168922091,-13.11228476,
4169522051,-13.06687221,
4170122011,-13.32063854,
4170721971,-13.15764637,
4171321931,-13.20505028,
4171921891,-13.12118179,
4172521851,-13.24475308,
4173121811,-13.4411056,
4173721771,-13.22199352,
4174321731,-13.38970011,
4174921691,-13.39543972,
4175521651,-13.25656092,
4176121611,-13.4958182,
4176721571,-13.39510983,
4177321531,-13.64955861,
4177921491,-13.48787702,
4178521451,-13.69526066,
4179121411,-13.53098928,
4179721371,-13.67600686,
4180321331,-13.58980315,
4180921291,-13.30437389,
4181521251,-13.78096952,
4182121211,-13.7657972,
4182721171,-13.5891448,
4183321131,-13.58569717,
4183921091,-13.70144718,
4184521051,-13.75516265,
4185121011,-13.89630199,
4185720971,-13.63023729,
4186320931,-13.77060915,
4186920891,-13.7813863,
4187520851,-13.94511416,
4188120811,-13.90119768,
4188720771,-13.96962788,
4189320731,-13.77829309,
4189920691,-13.93021984,
4190520651,-13.94455403,
4191120611,-14.30231977,
4191720571,-14.00053405,
4192320531,-13.95136523,
4192920491,-13.84181358,
4193520451,-14.0914104,
4194120411,-14.09836893,
4194720371,-13.9900841,
4195320331,-14.10981006,
4195920291,-14.20059172,
4196520251,-14.20289952,
4197120211,-13.94823596,
4197720171,-14.03936659,
4198320131,-13.91702145,
4198920091,-14.04160556,
4199520051,-13.96005821,
4200120011,-14.11281849,
4200719971,-14.2826275,
4201319931,-14.20451153,
4201919891,-14.30458524,
4202519851,-14.36693987,
4203119811,-14.2002818,
4203719771,-14.28314687,
4204319731,-14.40112465,
4204919691,-14.22096385,
4205519651,-14.27592069,
4206119611,-14.5858207,
4206719571,-14.44421667,
4207319531,-14.88795695,
4207919491,-14.32217579,
4208519451,-14.61334921,
4209119411,-14.44263796,
4209719371,-14.7015599,
4210319331,-14.72126674,
4210919291,-14.5703237,
4211519251,-14.90022248,
4212119211,-14.85172727,
4212719171,-14.38557951,
4213319131,-14.77670975,
4213919091,-14.81304343,
4214519051,-14.73202182,
4215119011,-14.58448337,
4215718971,-14.80462804,
4216318931,-14.85400609,
4216918891,-14.69824663,
4217518851,-14.60734133,
4218118811,-14.75820856,
4218718771,-14.78378722,
4219318731,-14.87972159,
4219918691,-15.00777968,
4220518651,-14.93083884,
4221118611,-15.08741506,
4221718571,-15.18836429,
4222318531,-14.88767344,
4222918491,-14.8750675,
4223518451,-14.90022524,
4224118411,-15.28051925,
4224718371,-15.19392622,
4225318331,-15.05643981,
4225918291,-15.26242921,
4226518251,-14.95402712,
4227118211,-14.99929856,
4227718171,-15.00193182,
4228318131,-15.12151118,
4228918091,-14.84809385,
4229518051,-15.10849018,
4230118011,-15.52719931,
4230717971,-14.99629487,
4231317931,-15.40801381,
4231917891,-15.03516193,
4232517851,-15.42285763,
4233117811,-15.05724443,
4233717771,-15.43376038,
4234317731,-15.57665342,
4234917691,-15.67353983,
4235517651,-15.27029707,
4236117611,-15.40524837,
4236717571,-14.92781362,
4237317531,-15.22996965,
4237917491,-15.47890658,
4238517451,-15.2729139,
4239117411,-15.14461583,
4239717371,-15.15030726,
4240317331,-15.56501959,
4240917291,-15.34836424,
4241517251,-15.13188228,
4242117211,-15.64088188,
4242717171,-15.39586613,
4243317131,-15.24401957,
4243917091,-15.20302767,
4244517051,-15.09107151,
4245117011,-15.25803638,
4245716971,-15.62346242,
4246316931,-15.21294307,
4246916891,-15.29092871,
4247516851,-15.32784667,
4248116811,-15.22565094,
4248716771,-15.11784235,
4249316731,-15.6537159,
4249916691,-15.22040038,
4250516651,-15.18820104,
4251116611,-15.21505764,
4251716571,-15.06139429,
4252316531,-15.48529205,
4252916491,-15.40993417,
4253516451,-15.07257995,
4254116411,-15.01198309,
4254716371,-15.23230349,
4255316331,-15.35051612,
4255916291,-15.21335261,
4256516251,-15.50878166,
4257116211,-15.27164342,
4257716171,-14.81241884,
4258316131,-14.78809414,
4258916091,-14.95945249,
4259516051,-15.12274827,
4260116011,-15.03501356,
4260715971,-15.20755721,
4261315931,-15.59803271,
4261915891,-14.85917105,
4262515851,-15.05613816,
4263115811,-15.43773873,
4263715771,-15.06851093,
4264315731,-15.31874629,
4264915691,-14.92996639,
4265515651,-14.858438,
4266115611,-15.28121087,
4266715571,-15.2685578,
4267315531,-15.19030673,
4267915491,-14.77769162,
4268515451,-14.92366441,
4269115411,-15.08613191,
4269715371,-15.08965094,
4270315331,-15.08873686,
4270915291,-15.02139636,
4271515251,-14.84695996,
4272115211,-14.85069928,
4272715171,-14.77078138,
4273315131,-14.59396062,
4273915091,-14.97334338,
4274515051,-14.88745137,
4275115011,-15.07673805,
4275714971,-14.86548348,
4276314931,-14.1854878,
4276914891,-14.72075374,
4277514851,-14.60679721,
4278114811,-14.73103929,
4278714771,-14.50021381,
4279314731,-14.72244627,
4279914691,-14.70943601,
4280514651,-14.72937637,
4281114611,-14.51422522,
4281714571,-14.34647207,
4282314531,-14.63544583,
4282914491,-14.72149553,
4283514451,-14.82864275,
4284114411,-14.44339774,
4284714371,-14.51029071,
4285314331,-14.34205405,
4285914291,-14.72481377,
4286514251,-14.6204962,
4287114211,-14.52164416,
4287714171,-14.58109963,
4288314131,-14.67606564,
4288914091,-14.16889165,
4289514051,-14.67908727,
4290114011,-14.59991755,
4290713971,-14.2464758,
4291313931,-14.41412652,
4291913891,-14.50166579,
4292513851,-14.32218869,
4293113811,-14.35078577,
4293713771,-14.75821169,
4294313731,-14.18852853,
4294913691,-14.38410486,
4295513651,-13.87273943,
4296113611,-14.45497939,
4296713571,-14.20282917,
4297313531,-14.08582832,
4297913491,-14.40164398,
4298513451,-14.1701929,
4299113411,-14.16138705,
4299713371,-14.4199295,
4300313331,-14.09506386,
4300913291,-14.27311261,
4301513251,-13.96727787,
4302113211,-14.1771201,
4302713171,-14.28331656,
4303313131,-14.32668824,
4303913091,-14.2308794,
4304513051,-14.49511975,
4305113011,-14.29387235,
4305712971,-13.82854619,
4306312931,-14.3118574,
4306912891,-14.02895677,
4307512851,-14.01526349,
4308112811,-14.23844613,
4308712771,-14.08654221,
4309312730,-13.90014632,
4309912690,-14.07287964,
4310512650,-14.02554414,
4311112610,-14.20723609,
4311712570,-13.92774537,
4312312530,-13.98433338,
4312912490,-14.00573432,
4313512450,-14.08171909,
4314112410,-13.97310315,
4314712370,-14.01959901,
4315312330,-13.94858548,
4315912290,-13.95745112,
4316512250,-13.95946958,
4317112210,-14.05023562,
4317712170,-13.88739634,
4318312130,-13.88562486,
4318912090,-13.7949123,
4319512050,-13.70252651,
4320112010,-14.01227504,
4320711970,-13.79734475,
4321311930,-13.7964835,
4321911890,-13.89637906,
4322511850,-13.82388128,
4323111810,-13.79302977,
4323711770,-13.89604234,
4324311730,-13.90587103,
4324911690,-13.74242536,
4325511650,-13.91209632,
4326111610,-13.90024521,
4326711570,-13.84616958,
4327311530,-13.82417331,
4327911490,-13.71041951,
4328511450,-14.03535007,
4329111410,-13.72664015,
4329711370,-13.73167436,
4330311330,-13.65365199,
4330911290,-13.63051137,
4331511250,-13.84692244,
4332111210,-13.69575294,
4332711170,-13.65247731,
4333311130,-13.69162415,
4333911090,-13.62873197,
4334511050,-13.53963125,
4335111010,-13.63118485,
4335710970,-13.62559551,
4336310930,-13.73722996,
4336910890,-13.59741544,
4337510850,-13.50926141,
4338110810,-13.80743152,
4338710770,-13.60475149,
4339310730,-13.6123639,
4339910690,-13.59142198,
4340510650,-13.55432449,
4341110610,-13.63999582,
4341710570,-13.52163788,
4342310530,-13.6921628,
4342910490,-13.40944997,
4343510450,-13.73591191,
4344110410,-13.86653019,
4344710370,-13.56630059,
4345310330,-13.75985186,
4345910290,-13.65108834,
4346510250,-13.70993109,
4347110210,-13.42506654,
4347710170,-13.7687121,
4348310130,-13.57809465,
4348910090,-13.54869566,
4349510050,-13.54028966,
4350110010,-13.57360451,
4350709970,-13.66134344,
4351309930,-13.46782096,
4351909890,-13.46264311,
4352509850,-13.53859445,
4353109810,-13.46599432,
4353709770,-13.52320008,
4354309730,-13.7000761,
4354909690,-13.69806688,
4355509650,-13.57056056,
4356109610,-13.43106566,
4356709570,-13.49147394,
4357309530,-13.62391655,
4357909490,-13.74231795,
4358509450,-13.66195813,
4359109410,-13.42381539,
4359709370,-13.52196489,
4360309330,-13.36450888,
4360909290,-13.64022072,
4361509250,-13.70985392,
4362109210,-13.39855118,
4362709170,-13.5532658,
4363309130,-13.53715776,
4363909090,-13.74684965,
4364509050,-13.54717569,
4365109010,-13.53031483,
4365708970,-13.71718933,
4366308930,-13.39076909,
4366908890,-13.70497952,
4367508850,-13.56954999,
4368108810,-13.42361661,
4368708770,-13.49178733,
4369308730,-13.56989959,
4369908690,-13.4589367,
4370508650,-13.59219324,
4371108610,-13.53032589,
4371708570,-13.58313184,
4372308530,-13.6407139,
4372908490,-13.65112832,
4373508450,-13.76034477,
4374108410,-13.32994992,
4374708370,-13.71964212,
4375308330,-13.57436201,
4375908290,-13.65098758,
4376508250,-13.45470253,
4377108210,-13.31851979,
4377708170,-13.50931443,
4378308130,-13.51483436,
4378908090,-13.59476248,
4379508050,-13.64673199,
4380108010,-13.55061064,
4380707970,-13.69765431,
4381307930,-13.41521843,
4381907890,-13.59495901,
4382507850,-13.5792885,
4383107810,-13.36306367,
4383707770,-13.82713499,
4384307730,-13.53745096,
4384907690,-13.49017247,
4385507650,-13.61694982,
4386107610,-13.65726244,
4386707570,-13.49667245,
4387307530,-13.56427581,
4387907490,-13.37154917,
4388507450,-13.3651723,
4389107410,-13.72248948,
4389707370,-13.48073546,
4390307330,-13.69460448,
4390907290,-13.71833277,
4391507250,-13.56296213,
4392107210,-13.55807085,
4392707170,-13.4894573,
4393307130,-13.67774756,
4393907090,-13.69754645,
4394507050,-13.48929489,
4395107010,-13.63276754,
4395706970,-13.42074072,
4396306930,-13.6102326,
4396906890,-13.61034826,
4397506850,-13.34926122,
4398106810,-13.76201895,
4398706770,-13.6494484,
4399306730,-13.64300234,
4399906690,-13.59190615,
4400506650,-13.5372839,
4401106610,-13.64121526,
4401706570,-13.69070471,
4402306530,-13.61381612,
4402906490,-13.77667823,
4403506450,-13.64963796,
4404106410,-13.72126691,
4404706370,-13.63743127,
4405306330,-13.41439461,
4405906290,-13.49136682,
4406506250,-13.77460826,
4407106210,-13.7238823,
4407706170,-13.94241588,
4408306130,-13.28366169,
4408906090,-13.59168239,
4409506050,-13.70043426,
4410106010,-13.41045711,
4410705970,-13.38104092,
4411305930,-13.87690208,
4411905890,-13.31446583,
4412505850,-13.82222585,
4413105810,-13.77560096,
4413705770,-13.85587312,
4414305730,-13.78471652,
4414905690,-13.81190827,
4415505650,-13.78372453,
4416105610,-13.71191997,
4416705570,-13.67238612,
4417305530,-13.94423137,
4417905490,-13.66288108,
4418505450,-13.97231009,
4419105410,-13.83697564,
4419705370,-14.04348256,
4420305330,-14.13276764,
4420905290,-13.91982324,
4421505250,-13.96526959,
4422105210,-14.00343092,
4422705170,-13.95139934,
4423305130,-14.03248192,
4423905090,-13.90164087,
4424505050,-14.15292637,
4425105010,-14.12017342,
4425704970,-13.98899225,
4426304930,-14.0539086,
4426904890,-13.99135617,
4427504850,-13.92718619,
4428104810,-13.9895541,
4428704770,-14.09369726,
4429304730,-14.2775744,
4429904690,-14.30975242,
4430504650,-14.14534577,
4431104610,-14.32418831,
4431704570,-14.28733938,
4432304530,-14.35216339,
4432904490,-14.31140772,
4433504450,-14.49996648,
4434104410,-14.099374,
4434704370,-14.1806307,
4435304330,-14.31244747,
4435904290,-14.23739886,
4436504250,-14.40585666,
4437104210,-14.08438653,
4437704170,-14.40743379,
4438304130,-14.57748235,
4438904090,-14.32926125,
4439504050,-14.50523786,
4440104010,-14.48084761,
4440703970,-14.40500599,
4441303930,-14.29837342,
4441903890,-14.35273519,
4442503850,-14.41723252,
4443103810,-14.36238285,
4443703770,-14.72903124,
4444303730,-14.61166687,
4444903690,-14.34111383,
4445503650,-14.5629657,
4446103610,-14.43164473,
4446703570,-14.50149636,
4447303530,-14.67445457,
4447903490,-14.74681639,
4448503450,-14.92183324,
4449103410,-14.5242871,
4449703370,-15.06000128,
4450303330,-14.71718843,
4450903290,-14.87464964,
4451503250,-14.60558597,
4452103210,-14.61574248,
4452703170,-14.97279005,
4453303130,-14.81167763,
4453903090,-14.85987628,
4454503050,-15.15573308,
4455103010,-14.81473697,
4455702970,-14.78770391,
4456302930,-14.94562967,
4456902890,-15.12815672,
4457502850,-15.19828145,
4458102810,-14.90778704,
4458702770,-15.6241759,
4459302730,-15.58858695,
4459902690,-15.65255132,
4460502650,-15.23643017,
4461102610,-15.08912663,
4461702570,-15.50411691,
4462302530,-15.42477487,
4462902489,-15.5975886,
4463502449,-15.51694364,
4464102409,-15.27902634,
4464702369,-15.29373563,
4465302329,-15.74142078,
4465902289,-15.63280206,
4466502249,-15.66691042,
4467102209,-15.72000611,
4467702169,-15.86962688,
4468302129,-15.78787423,
4468902089,-15.97707702,
4469502049,-16.25085025,
4470102009,-16.07155064,
4470701969,-15.98518651,
4471301929,-15.99908014,
4471901889,-15.83437985,
4472501849,-16.06869449,
4473101809,-16.06404298,
4473701769,-16.10997228,
4474301729,-16.20177307,
4474901689,-16.03316711,
4475501649,-15.87401827,
4476101609,-15.97165783,
4476701569,-16.21302859,
4477301529,-16.34779916,
4477901489,-15.87462883,
4478501449,-15.87023725,
4479101409,-16.30040563,
4479701369,-16.30687459,
4480301329,-16.21649568,
4480901289,-16.15681626,
4481501249,-16.04510792,
4482101209,-16.01769296,
4482701169,-16.42579265,
4483301129,-16.51046418,
4483901089,-16.39663641,
4484501049,-16.4905599,
4485101009,-16.59193011,
4485700969,-16.39308131,
4486300929,-16.3468553,
4486900889,-16.07076935,
4487500849,-16.49906919,
4488100809,-16.12980217,
4488700769,-16.09920138,
4489300729,-16.321559,
4489900689,-16.26173396,
4490500649,-16.14075657,
4491100609,-16.5023559,
4491700569,-16.33433243,
4492300529,-16.72044452,
4492900489,-16.63708933,
4493500449,-16.56421476,
4494100409,-16.56799504,
4494700369,-16.35902124,
4495300329,-16.49308664,
4495900289,-16.37064192,
4496500249,-16.19529522,
4497100209,-16.40288342,
4497700169,-16.30017274,
4498300129,-16.40621321,
4498900089,-16.28652619,
4499500049,-16.4511732,
4500100009,-16.36308181,
4500699969,-16.4815255,
4501299929,-16.3472583,
4501899889,-16.52461895,
4502499849,-16.48387596,
4503099809,-16.52703885,
4503699769,-16.42637914,
4504299729,-16.35030425,
4504899689,-16.2931248,
4505499649,-16.53639393,
4506099609,-16.50411054,
4506699569,-16.58338173,
4507299529,-16.4288673,
4507899489,-16.53666706,
4508499449,-16.59582638,
4509099409,-16.57288501,
4509699369,-16.54920712,
4510299329,-16.53846161,
4510899289,-16.68592335,
4511499249,-16.53095521,
4512099209,-16.26154613,
4512699169,-16.68559782,
4513299129,-16.47356235,
4513899089,-16.59561758,
4514499049,-16.51117404,
4515099009,-16.6286934,
4515698969,-16.66050399,
4516298929,-16.39748309,
4516898889,-16.54125215,
4517498849,-16.74878506,
4518098809,-16.66136458,
4518698769,-16.62687551,
4519298729,-16.56493514,
4519898689,-16.57283981,
4520498649,-16.70297983,
4521098609,-16.72983947,
4521698569,-16.66305336,
4522298529,-16.62701049,
4522898489,-16.56681302,
4523498449,-16.58251323,
4524098409,-16.48075903,
4524698369,-16.59871898,
4525298329,-16.57924932,
4525898289,-16.59480358,
4526498249,-16.48603166,
4527098209,-16.54600364,
4527698169,-16.66872008,
4528298129,-16.45158363,
4528898089,-16.58261763,
4529498049,-16.59288004,
4530098009,-16.6565162,
4530697969,-16.43236394,
4531297929,-16.55551172,
4531897889,-16.57733687,
4532497849,-16.65579393,
4533097809,-16.60744285,
4533697769,-16.57882585,
4534297729,-16.65635553,
4534897689,-16.4890195,
4535497649,-16.3448814,
4536097609,-16.62929877,
4536697569,-16.62758697,
4537297529,-16.49699781,
4537897489,-16.51945496,
4538497449,-16.52984527,
4539097409,-16.6991465,
4539697369,-16.56438641,
4540297329,-16.70973947,
4540897289,-16.4331311,
4541497249,-16.50012977,
4542097209,-16.43547071,
4542697169,-16.47425603,
4543297129,-16.48123089,
4543897089,-16.40707278,
4544497049,-16.47929338,
4545097009,-16.51644906,
4545696969,-16.47815278,
4546296929,-16.54018364,
4546896889,-16.3863963,
4547496849,-16.41890031,
4548096809,-16.43994034,
4548696769,-16.52221873,
4549296729,-16.3747679,
4549896689,-16.29329888,
4550496649,-16.44025618,
4551096609,-16.39454794,
4551696569,-16.52622024,
4552296529,-16.52690293,
4552896489,-16.38406525,
4553496449,-16.36134443,
4554096409,-16.40934077,
4554696369,-16.10986158,
4555296329,-16.51054655,
4555896289,-16.54035834,
4556496249,-16.18625233,
4557096209,-16.35606715,
4557696169,-16.29115221,
4558296129,-16.58984925,
4558896089,-16.30941943,
4559496049,-16.3744039,
4560096009,-16.47505406,
4560695969,-16.23950523,
4561295929,-16.24657391,
4561895889,-16.41555971,
4562495849,-16.62256676,
4563095809,-16.23486531,
4563695769,-16.46054731,
4564295729,-16.33176913,
4564895689,-16.30212341,
4565495649,-16.06997755,
4566095609,-16.38451498,
4566695569,-16.33379013,
4567295529,-16.22253973,
4567895489,-16.25322126,
4568495449,-16.23242405,
4569095409,-16.16283071,
4569695369,-16.38591186,
4570295329,-16.23592922,
4570895289,-16.38386495,
4571495249,-16.09044641,
4572095209,-16.0592902,
4572695169,-16.28709475,
4573295129,-16.40872466,
4573895089,-16.24275708,
4574495049,-16.17364595,
4575095009,-16.11495639,
4575694969,-16.23273388,
4576294929,-16.21634633,
4576894889,-16.11654307,
4577494849,-16.13674326,
4578094809,-15.9679039,
4578694769,-16.34645501,
4579294729,-16.07985603,
4579894689,-16.43729129,
4580494649,-16.09857047,
4581094609,-16.1952301,
4581694569,-16.14557901,
4582294529,-16.06895188,
4582894489,-16.29820948,
4583494449,-16.25121386,
4584094409,-16.38584763,
4584694369,-16.32015518,
4585294329,-16.1871475,
4585894289,-16.33200026,
4586494249,-16.26718739,
4587094209,-16.05839994,
4587694169,-16.33404477,
4588294129,-16.4289725,
4588894089,-16.22221368,
4589494049,-16.0999211,
4590094009,-16.23281366,
4590693969,-16.27045621,
4591293929,-16.06003696,
4591893889,-16.12360727,
4592493849,-16.31813975,
4593093809,-16.24669179,
4593693769,-15.86820843,
4594293729,-16.18681877,
4594893689,-16.02941704,
4595493649,-15.78368134,
4596093609,-16.19606328,
4596693569,-16.26552523,
4597293529,-16.5884213,
4597893489,-16.04824818,
4598493449,-16.21604338,
4599093409,-16.57893778,
4599693369,-16.24631485,
4600293329,-16.03878479,
4600893289,-16.10622375,
4601493249,-16.04031966,
4602093209,-16.05818411,
4602693169,-16.22843678,
4603293129,-16.30567543,
4603893089,-15.72896095,
4604493049,-16.22949461,
4605093009,-16.14571719,
4605692969,-16.1801247,
4606292929,-16.2628506,
4606892889,-16.30593626,
4607492849,-16.05771551,
4608092809,-15.95494876,
4608692769,-15.85508214,
4609292729,-16.23449057,
4609892689,-16.33818987,
4610492649,-16.07304939,
4611092609,-15.92153906,
4611692569,-16.1123244,
4612292529,-16.21975142,
4612892489,-16.00176969,
4613492449,-15.97401634,
4614092409,-16.09761839,
4614692369,-15.95986767,
4615292329,-16.08307876,
4615892289,-16.34547866,
4616492248,-15.83200026,
4617092208,-15.85561017,
4617692168,-16.28122341,
4618292128,-16.05741281,
4618892088,-15.91123612,
4619492048,-15.86042948,
4620092008,-16.26288475,
4620691968,-15.91379545,
4621291928,-15.85521531,
4621891888,-16.01210533,
4622491848,-15.76479173,
4623091808,-16.03194052,
4623691768,-16.11071964,
4624291728,-16.12349323,
4624891688,-16.23907042,
4625491648,-16.26071747,
4626091608,-15.98722216,
4626691568,-16.00872677,
4627291528,-16.17297157,
4627891488,-16.11912655,
4628491448,-16.0938213,
4629091408,-15.77442091,
4629691368,-16.36770405,
4630291328,-16.14317689,
4630891288,-16.20529196,
4631491248,-15.8096877,
4632091208,-15.97894899,
4632691168,-16.2843822,
4633291128,-16.04076903,
4633891088,-16.25110806,
4634491048,-16.01067913,
4635091008,-15.76412718,
4635690968,-16.0834816,
4636290928,-16.09310322,
4636890888,-16.07251237,
4637490848,-16.3006413,
4638090808,-16.07522331,
4638690768,-16.02061966,
4639290728,-15.87293798,
4639890688,-16.1116194,
4640490648,-15.97769461,
4641090608,-16.1660013,
4641690568,-16.13268483,
4642290528,-15.95141552,
4642890488,-16.01599168,
4643490448,-15.80979738,
4644090408,-15.82156532,
4644690368,-15.584184,
4645290328,-16.07280998,
4645890288,-15.97477425,
4646490248,-15.93723935,
4647090208,-16.48993856,
4647690168,-15.96086043,
4648290128,-15.79037764,
4648890088,-16.0856086,
4649490048,-15.67621388,
4650090008,-15.95626447,
4650689968,-16.2117678,
4651289928,-15.94418643,
4651889888,-15.97383807,
4652489848,-15.87525372,
4653089808,-15.99130647,
4653689768,-16.1716967,
4654289728,-15.97297011,
4654889688,-15.74439341,
4655489648,-16.07566602,
4656089608,-15.73592687,
4656689568,-15.58299807,
4657289528,-15.7482644,
4657889488,-15.78951473,
4658489448,-15.69584145,
4659089408,-15.82561613,
4659689368,-15.87377742,
4660289328,-15.65441954,
4660889288,-15.65647532,
4661489248,-15.74645805,
4662089208,-15.78196699,
4662689168,-15.83910766,
4663289128,-15.93568065,
4663889088,-15.90623284,
4664489048,-15.64629754,
4665089008,-16.07946759,
4665688968,-16.01278658,
4666288928,-15.84009395,
4666888888,-15.57713875,
4667488848,-15.74885227,
4668088808,-15.93657823,
4668688768,-15.56088112,
4669288728,-15.57114821,
4669888688,-15.54997943,
4670488648,-15.68848251,
4671088608,-16.12670977,
4671688568,-15.72567003,
4672288528,-15.79002122,
4672888488,-15.95696287,
4673488448,-15.85086948,
4674088408,-16.12351036,
4674688368,-15.56015967,
4675288328,-15.87170995,
4675888288,-15.78504924,
4676488248,-15.89222239,
4677088208,-15.53701835,
4677688168,-15.86749121,
4678288128,-15.76641209,
4678888088,-15.80364865,
4679488048,-15.72421199,
4680088008,-15.92324204,
4680687968,-15.79018133,
4681287928,-15.70304451,
4681887888,-15.93398117,
4682487848,-16.02092143,
4683087808,-15.69576729,
4683687768,-16.03428174,
4684287728,-15.79329723,
4684887688,-15.54160598,
4685487648,-15.99512634,
4686087608,-15.55584804,
4686687568,-15.96455449,
4687287528,-15.8917275,
4687887488,-15.53855468,
4688487448,-16.10091246,
4689087408,-15.64204061,
4689687368,-15.8862462,
4690287328,-16.02921684,
4690887288,-15.86844941,
4691487248,-15.75316072,
4692087208,-16.03421998,
4692687168,-15.65127047,
4693287128,-15.57667033,
4693887088,-15.63865946,
4694487048,-15.78573044,
4695087008,-15.97652238,
4695686968,-15.79141073,
4696286928,-15.61586115,
4696886888,-15.70730093,
4697486848,-15.92626816,
4698086808,-15.92128485,
4698686768,-15.42163843,
4699286728,-15.86403998,
4699886688,-15.68694009,
4700486648,-15.80684013,
4701086608,-15.59912996,
4701686568,-15.98413345,
4702286528,-15.69950381,
4702886488,-15.88015735,
4703486448,-15.87101245,
4704086408,-15.74872122,
4704686368,-15.92852613,
4705286328,-15.77863215,
4705886288,-15.60699484,
4706486248,-15.67546913,
4707086208,-15.58471474,
4707686168,-15.82250296,
4708286128,-15.76141182,
4708886088,-15.66278336,
4709486048,-15.82419757,
4710086008,-16.1956781,
4710685968,-15.97608755,
4711285928,-15.94517251,
4711885888,-16.08046067,
4712485848,-15.8579827,
4713085808,-16.18615171,
4713685768,-15.63520941,
4714285728,-16.02056681,
4714885688,-16.27710083,
4715485648,-15.58255404,
4716085608,-15.43123076,
4716685568,-16.18294298,
4717285528,-16.00322639,
4717885488,-15.8876559,
4718485448,-16.27285712,
4719085408,-16.16593844,
4719685368,-15.83267004,
4720285328,-15.90979733,
4720885288,-15.983654,
4721485248,-16.34450342,
4722085208,-16.0369492,
4722685168,-16.02349054,
4723285128,-16.23217796,
4723885088,-16.04635174,
4724485048,-15.93083854,
4725085008,-16.1224654,
4725684968,-15.96307592,
4726284928,-15.90197243,
4726884888,-16.19550519,
4727484848,-15.83647337,
4728084808,-16.04406478,
4728684768,-16.33462578,
4729284728,-16.18689221,
4729884688,-16.04097713,
4730484648,-16.38265426,
4731084608,-16.18989752,
4731684568,-16.25279696,
4732284528,-16.02559988,
4732884488,-16.10318596,
4733484448,-16.19375386,
4734084408,-16.07582612,
4734684368,-16.39006242,
4735284328,-16.16687577,
4735884288,-16.13535147,
4736484248,-15.83778723,
4737084208,-16.45720015,
4737684168,-16.26785175,
4738284128,-16.25213494,
4738884088,-16.26905664,
4739484048,-16.23976299,
4740084008,-16.31479464,
4740683968,-16.27745643,
4741283928,-16.31870891,
4741883888,-16.38564284,
4742483848,-16.47669626,
4743083808,-16.42409366,
4743683768,-16.46120588,
4744283728,-16.51192751,
4744883688,-16.44496597,
4745483648,-16.54308159,
4746083608,-16.59696844,
4746683568,-16.57450944,
4747283528,-16.566287,
4747883488,-16.47972837,
4748483448,-16.63211785,
4749083408,-16.50345615,
4749683368,-16.55527592,
4750283328,-16.71889237,
4750883288,-16.61547226,
4751483248,-16.757851,
4752083208,-16.71730521,
4752683168,-16.90258585,
4753283128,-16.80712004,
4753883088,-16.67513147,
4754483048,-16.86324121,
4755083008,-16.71679005,
4755682968,-16.71169694,
4756282928,-16.90212295,
4756882888,-16.74975195,
4757482848,-16.93373137,
4758082808,-16.86432373,
4758682768,-17.11856145,
4759282728,-16.71659116,
4759882688,-16.88114298,
4760482648,-17.15618997,
4761082608,-17.08201851,
4761682568,-17.01576141,
4762282528,-16.80315162,
4762882488,-16.92554889,
4763482448,-17.06863622,
4764082408,-17.12488591,
4764682368,-17.43440772,
4765282328,-16.9917976,
4765882288,-17.08261936,
4766482248,-17.14460621,
4767082208,-16.99963903,
4767682168,-16.98977447,
4768282128,-17.4005985,
4768882088,-17.2060061,
4769482048,-17.00982044,
4770082008,-17.35328328,
4770681967,-17.40668681,
4771281927,-17.20205684,
4771881887,-17.50492292,
4772481847,-17.21697289,
4773081807,-17.07054363,
4773681767,-17.55994636,
4774281727,-17.5493796,
4774881687,-17.67104925,
4775481647,-17.77854025,
4776081607,-17.28808714,
4776681567,-17.49803365,
4777281527,-17.0013712,
4777881487,-17.76104172,
4778481447,-17.89942026,
4779081407,-17.7559093,
4779681367,-17.34179222,
4780281327,-17.74668568,
4780881287,-17.34558988,
4781481247,-17.64900249,
4782081207,-17.59535217,
4782681167,-17.70396579,
4783281127,-17.61684519,
4783881087,-17.47497113,
4784481047,-17.6463647,
4785081007,-17.50794749,
4785680967,-17.86997098,
4786280927,-17.60584456,
4786880887,-17.52274004,
4787480847,-17.32268645,
4788080807,-17.92816713,
4788680767,-17.59675151,
4789280727,-17.66516326,
4789880687,-17.24557386,
4790480647,-17.39007822,
4791080607,-17.52281095,
4791680567,-17.9435006,
4792280527,-17.79954678,
4792880487,-17.49424641,
4793480447,-17.71550164,
4794080407,-17.56072062,
4794680367,-18.09835708,
4795280327,-18.3825723,
4795880287,-17.77705188,
4796480247,-17.51841632,
4797080207,-17.80735065,
4797680167,-17.39976638,
4798280127,-17.92288008,
4798880087,-17.97766278,
4799480047,-17.85744556,
4800080007,-17.40757508,
4800679967,-18.27174051,
4801279927,-17.89733509,
4801879887,-18.04101857,
4802479847,-18.101686,
4803079807,-18.22297788,
4803679767,-17.75019135,
4804279727,-17.79987893,
4804879687,-18.47680996,
4805479647,-17.78411428,
4806079607,-18.39232556,
4806679567,-17.98569053,
4807279527,-18.13228591,
4807879487,-18.16259111,
4808479447,-17.51521828,
4809079407,-18.19127831,
4809679367,-18.31844036,
4810279327,-18.67986513,
4810879287,-17.97716858,
4811479247,-17.79998027,
4812079207,-17.96592667,
4812679167,-18.28068896,
4813279127,-17.92603529,
4813879087,-17.58319945,
4814479047,-18.42560158,
4815079007,-18.11414685,
4815678967,-18.5182411,
4816278927,-18.21347046,
4816878887,-18.51172615,
4817478847,-18.66649292,
4818078807,-18.54328755,
4818678767,-18.18249207,
4819278727,-18.43338819,
4819878687,-18.58823061,
4820478647,-18.20540827,
4821078607,-18.58459088,
4821678567,-18.45403395,
4822278527,-18.28993417,
4822878487,-18.32807642,
4823478447,-18.54456961,
4824078407,-18.34318466,
4824678367,-19.10224366,
4825278327,-18.6987941,
4825878287,-18.1165962,
4826478247,-18.25537278,
4827078207,-18.86588292,
4827678167,-18.6170576,
4828278127,-18.6816241,
4828878087,-18.33626722,
4829478047,-19.24067342,
4830078007,-18.3709053,
4830677967,-19.17463982,
4831277927,-19.27082102,
4831877887,-18.78252093,
4832477847,-18.92969756,
4833077807,-18.35339196,
4833677767,-18.78959706,
4834277727,-18.49371669,
4834877687,-18.54720193,
4835477647,-18.8914519,
4836077607,-18.8976736,
4836677567,-18.72383563,
4837277527,-18.51222405,
4837877487,-18.86956258,
4838477447,-18.82493225,
4839077407,-18.54924156,
4839677367,-19.10224067,
4840277327,-18.54013953,
4840877287,-18.85493751,
4841477247,-19.16080082,
4842077207,-18.60201396,
4842677167,-19.02737891,
4843277127,-19.03315592,
4843877087,-18.73301142,
4844477047,-19.10911862,
4845077007,-19.17447693,
4845676967,-19.28123493,
4846276927,-19.10864651,
4846876887,-18.95338378,
4847476847,-18.87558115,
4848076807,-18.92657531,
4848676767,-18.87258184,
4849276727,-19.45416732,
4849876687,-19.31519744,
4850476647,-18.86556204,
4851076607,-19.26408243,
4851676567,-18.90942966,
4852276527,-19.13795062,
4852876487,-19.06588953,
4853476447,-19.49758371,
4854076407,-19.26158777,
4854676367,-19.47975073,
4855276327,-19.36610849,
4855876287,-18.88323074,
4856476247,-19.07578592,
4857076207,-19.15410601,
4857676167,-19.71147719,
4858276127,-20.04736808,
4858876087,-18.97624343,
4859476047,-19.18087128,
4860076007,-19.56418779,
4860675967,-19.21260303,
4861275927,-19.83340794,
4861875887,-19.60517302,
4862475847,-19.64025748,
4863075807,-19.99531706,
4863675767,-19.89958069,
4864275727,-19.46661336,
4864875687,-19.80800528,
4865475647,-19.24043038,
4866075607,-19.34166606,
4866675567,-20.08222668,
4867275527,-19.73901311,
4867875487,-19.37219811,
4868475447,-19.29622516,
4869075407,-19.69606102,
4869675367,-20.23436708,
4870275327,-20.33297287,
4870875287,-19.52264893,
4871475247,-19.45467666,
4872075207,-19.89100069,
4872675167,-19.70375923,
4873275127,-20.09237614,
4873875087,-19.94510948,
4874475047,-19.94267809,
4875075007,-19.76616601,
4875674967,-19.70736441,
4876274927,-20.09835243,
4876874887,-20.15638285,
4877474847,-19.67772139,
4878074807,-20.06129891,
4878674767,-20.07968579,
4879274727,-20.59082208,
4879874687,-19.77627657,
4880474647,-19.29791947,
4881074607,-19.7635126,
4881674567,-20.24404764,
4882274527,-20.05227374,
4882874487,-19.81654199,
4883474447,-19.76927912,
4884074407,-20.26449275,
4884674367,-20.38562754,
4885274327,-20.09025525,
4885874287,-20.51252629,
4886474247,-20.11689334,
4887074207,-20.37303586,
4887674167,-20.0451178,
4888274127,-20.09620495,
4888874087,-20.57192137,
4889474047,-20.11027752,
4890074007,-19.98951864,
4890673967,-19.99494404,
4891273927,-19.72192904,
4891873887,-20.01803552,
4892473847,-19.97187067,
4893073807,-20.29979112,
4893673767,-19.86066205,
4894273727,-19.96127564,
4894873687,-20.27682146,
4895473647,-20.41728442,
4896073607,-20.0175118,
4896673567,-19.85352875,
4897273527,-20.01096226,
4897873487,-19.66284114,
4898473447,-19.71126545,
4899073407,-19.70931531,
4899673367,-20.07229483,
4900273327,-20.18144338,
4900873287,-19.5271782,
4901473247,-19.81326873,
4902073207,-19.62457898,
4902673167,-19.50161622,
4903273127,-20.09192033,
4903873087,-19.97899442,
4904473047,-19.98878573,
4905073007,-19.34221313,
4905672967,-20.02971934,
4906272927,-19.81878289,
4906872887,-19.50900228,
4907472847,-19.65727588,
4908072807,-19.30754823,
4908672767,-19.60882302,
4909272727,-19.72825583,
4909872687,-19.8239288,
4910472647,-19.36842964,
4911072607,-20.29696301,
4911672567,-19.57568033,
4912272527,-19.82337094,
4912872487,-19.32551852,
4913472447,-20.22159731,
4914072407,-18.93292862,
4914672367,-18.95688517,
4915272327,-19.30431494,
4915872287,-18.98595427,
4916472247,-19.15114436,
4917072207,-19.73590732,
4917672167,-20.01247394,
4918272127,-19.71454759,
4918872087,-19.6398948,
4919472047,-19.51196912,
4920072007,-19.69401577,
4920671967,-19.49282364,
4921271927,-19.16889045,
4921871887,-19.48696056,
4922471847,-19.12848912,
4923071807,-18.74140078,
4923671767,-19.03260589,
4924271726,-18.95345685,
4924871686,-19.30671519,
4925471646,-19.08456724,
4926071606,-19.29958791,
4926671566,-18.62699007,
4927271526,-18.9073213,
4927871486,-18.69923538,
4928471446,-18.95567933,
4929071406,-19.12056129,
4929671366,-19.33867855,
4930271326,-18.51689654,
4930871286,-19.29866807,
4931471246,-19.12379649,
4932071206,-18.97193613,
4932671166,-19.07639949,
4933271126,-18.45260234,
4933871086,-18.923724,
4934471046,-19.73872841,
4935071006,-18.94490538,
4935670966,-18.69024332,
4936270926,-18.46950242,
4936870886,-19.05707229,
4937470846,-18.79055572,
4938070806,-18.61429007,
4938670766,-18.39479506,
4939270726,-18.48996905,
4939870686,-18.44023398,
4940470646,-18.95585569,
4941070606,-18.49616304,
4941670566,-18.89822458,
4942270526,-18.61701935,
4942870486,-18.71531525,
4943470446,-18.62498078,
4944070406,-18.33272518,
4944670366,-18.25990959,
4945270326,-19.09476123,
4945870286,-18.52190334,
4946470246,-19.44447081,
4947070206,-18.45040058,
4947670166,-18.46385944,
4948270126,-18.51491384,
4948870086,-18.65545398,
4949470046,-17.96253987,
4950070006,-18.72720334,
4950669966,-17.89381815,
4951269926,-18.41558611,
4951869886,-18.37731147,
4952469846,-18.85449439,
4953069806,-18.09690543,
4953669766,-18.06495883,
4954269726,-18.34434983,
4954869686,-17.7377392,
4955469646,-18.8349219,
4956069606,-17.88326421,
4956669566,-18.10105778,
4957269526,-18.10118192,
4957869486,-18.41510382,
4958469446,-17.55271288,
4959069406,-18.59953161,
4959669366,-18.39379235,
4960269326,-17.57838601,
4960869286,-18.15623797,
4961469246,-18.07703796,
4962069206,-17.87712207,
4962669166,-17.60524062,
4963269126,-18.10485917,
4963869086,-17.90399239,
4964469046,-18.12629706,
4965069006,-17.59546255,
4965668966,-18.09403148,
4966268926,-18.46771686,
4966868886,-17.88084773,
4967468846,-18.17574341,
4968068806,-17.67232169,
4968668766,-17.83643975,
4969268726,-17.55862681,
4969868686,-17.98558997,
4970468646,-18.15610255,
4971068606,-17.98531443,
4971668566,-18.13328116,
4972268526,-17.88725481,
4972868486,-18.11403852,
4973468446,-18.22216948,
4974068406,-17.86956269,
4974668366,-18.2113789,
4975268326,-17.9517602,
4975868286,-17.54695205,
4976468246,-17.91036148,
4977068206,-18.30591188,
4977668166,-17.94055944,
4978268126,-18.10396745,
4978868086,-17.65728009,
4979468046,-18.1219749,
4980068006,-17.53600587,
4980667966,-17.97209041,
4981267926,-17.55229698,
4981867886,-17.76569876,
4982467846,-17.65183263,
4983067806,-17.99211432,
4983667766,-17.87008452,
4984267726,-18.04103487,
4984867686,-17.98452457,
4985467646,-17.0306308,
4986067606,-17.67711251,
4986667566,-17.78720859,
4987267526,-17.62839425,
4987867486,-17.49524321,
4988467446,-17.40098928,
4989067406,-17.58330869,
4989667366,-17.61926132,
4990267326,-17.83388836,
4990867286,-17.97867513,
4991467246,-17.88930806,
4992067206,-17.41556119,
4992667166,-17.8311629,
4993267126,-17.68305331,
4993867086,-17.47388529,
4994467046,-18.03057362,
4995067006,-17.72548589,
4995666966,-18.14353134,
4996266926,-17.64280783,
4996866886,-17.69917682,
4997466846,-17.867028,
4998066806,-17.59900046,
4998666766,-17.75325658,
4999266726,-17.57810679,
4999866686,-17.8740195,
5000466646,-17.93819186,
5001066606,-17.9722792,
5001666566,-18.01169956,
5002266526,-17.59932122,
5002866486,-17.77254784,
5003466446,-17.70247876,
5004066406,-17.73258883,
5004666366,-17.48443154,
5005266326,-17.97971855,
5005866286,-17.03718748,
5006466246,-18.10073637,
5007066206,-18.06831384,
5007666166,-18.08214375,
5008266126,-17.58509283,
5008866086,-17.84835446,
5009466046,-18.11077829,
5010066006,-17.72901733,
5010665966,-18.29627922,
5011265926,-18.01866032,
5011865886,-17.74073888,
5012465846,-18.13445329,
5013065806,-17.71741246,
5013665766,-18.12345441,
5014265726,-17.96820556,
5014865686,-17.48135684,
5015465646,-17.89780669,
5016065606,-18.0279422,
5016665566,-18.32097915,
5017265526,-17.61567228,
5017865486,-18.19603207,
5018465446,-17.58854552,
5019065406,-18.24240405,
5019665366,-17.80640053,
5020265326,-17.98275825,
5020865286,-18.2142901,
5021465246,-17.51217036,
5022065206,-18.53269811,
5022665166,-18.08331859,
5023265126,-18.26690307,
5023865086,-17.46145874,
5024465046,-17.86380632,
5025065006,-18.4316319,
5025664966,-17.7501038,
5026264926,-18.13245749,
5026864886,-18.53867128,
5027464846,-17.86627668,
5028064806,-18.23617382,
5028664766,-18.25517819,
5029264726,-18.65546844,
5029864686,-18.24212088,
5030464646,-18.56501714,
5031064606,-18.69540688,
5031664566,-17.91139629,
5032264526,-18.55073962,
5032864486,-18.22583123,
5033464446,-18.48201152,
5034064406,-19.0568523,
5034664366,-18.75830887,
5035264326,-18.85021984,
5035864286,-18.79661729,
5036464246,-18.76567443,
5037064206,-18.79258524,
5037664166,-18.9509867,
5038264126,-18.47433803,
5038864086,-18.94042177,
5039464046,-18.30693131,
5040064006,-19.58188526,
5040663966,-19.2140456,
5041263926,-18.70832888,
5041863886,-18.71661811,
5042463846,-18.99026668,
5043063806,-19.46326901,
5043663766,-18.85837458,
5044263726,-19.04769081,
5044863686,-19.27931993,
5045463646,-19.3175732,
5046063606,-19.52572704,
5046663566,-19.34591661,
5047263526,-19.40458288,
5047863486,-19.26986576,
5048463446,-19.9715521,
5049063406,-19.52331085,
5049663366,-19.48162594,
5050263326,-20.01425775,
5050863286,-20.03802477,
5051463246,-20.03219037,
5052063206,-20.55231643,
5052663166,-20.12575427,
5053263126,-20.43786779,
5053863086,-20.05123191,
5054463046,-20.64434817,
5055063006,-19.89185494,
5055662966,-20.22876046,
5056262926,-20.6694291,
5056862886,-20.33721923,
5057462846,-20.37675009,
5058062806,-20.31099632,
5058662766,-20.30545352,
5059262726,-20.88910039,
5059862686,-20.96179682,
5060462646,-20.49505282,
5061062606,-20.6916136,
5061662566,-20.54963774,
5062262526,-20.95956851,
5062862486,-20.81339981,
5063462446,-20.60047166,
5064062406,-21.00054362,
5064662366,-20.57054829,
5065262326,-20.47797099,
5065862286,-20.79111997,
5066462246,-20.74992966,
5067062206,-21.37055231,
5067662166,-20.64280535,
5068262126,-21.06734429,
5068862086,-20.36054631,
5069462046,-21.00873643,
5070062006,-21.25240701,
5070661966,-20.80932586,
5071261926,-20.61881504,
5071861886,-20.55872262,
5072461846,-21.73352302,
5073061806,-21.08536402,
5073661766,-20.4293502,
5074261726,-20.39835576,
5074861686,-20.75593332,
5075461646,-21.00684196,
5076061606,-21.17303914,
5076661566,-20.89041301,
5077261526,-21.46511304,
5077861485,-20.90053094,
5078461445,-20.72887476,
5079061405,-20.80300065,
5079661365,-20.61487425,
5080261325,-21.2206989,
5080861285,-20.93413022,
5081461245,-21.17814386,
5082061205,-20.81493809,
5082661165,-20.91123702,
5083261125,-20.95395142,
5083861085,-20.95123462,
5084461045,-20.93688238,
5085061005,-21.13846847,
5085660965,-21.0129599,
5086260925,-20.8097341,
5086860885,-21.11984856,
5087460845,-21.28975409,
5088060805,-20.95113748,
5088660765,-21.16123586,
5089260725,-21.15247757,
5089860685,-21.34642846,
5090460645,-21.24628528,
5091060605,-21.25510736,
5091660565,-21.34864883,
5092260525,-21.00112041,
5092860485,-21.39035743,
5093460445,-21.1389075,
5094060405,-21.35841234,
5094660365,-21.53419882,
5095260325,-21.36395287,
5095860285,-21.44202548,
5096460245,-21.67174166,
5097060205,-21.33256146,
5097660165,-21.49611346,
5098260125,-21.59443119,
5098860085,-21.70757863,
5099460045,-21.86500147,
5100060005,-21.77097791,
5100659965,-21.58466153,
5101259925,-21.80731727,
5101859885,-21.57754338,
5102459845,-21.7302196,
5103059805,-22.30638777,
5103659765,-21.77005965,
5104259725,-22.05771941,
5104859685,-21.86837099,
5105459645,-21.91187289,
5106059605,-21.88017049,
5106659565,-22.3515594,
5107259525,-21.82128121,
5107859485,-21.49592593,
5108459445,-22.10927661,
5109059405,-21.99481556,
5109659365,-22.21227977,
5110259325,-22.06384321,
5110859285,-22.3351541,
5111459245,-22.04910701,
5112059205,-22.35251518,
5112659165,-22.18899715,
5113259125,-22.21965473,
5113859085,-22.53260356,
5114459045,-22.24709735,
5115059005,-21.84646763,
5115658965,-22.25623735,
5116258925,-22.2117943,
5116858885,-21.98193607,
5117458845,-22.60275386,
5118058805,-22.25321569,
5118658765,-22.36440457,
5119258725,-22.69248541,
5119858685,-22.43371496,
5120458645,-22.38819953,
5121058605,-22.0896293,
5121658565,-22.82411638,
5122258525,-22.75108844,
5122858485,-22.39113713,
5123458445,-22.60699253,
5124058405,-22.47512461,
5124658365,-22.24949086,
5125258325,-22.28940469,
5125858285,-22.40541295,
5126458245,-22.66161833,
5127058205,-22.19606433,
5127658165,-22.16857545,
5128258125,-22.98782488,
5128858085,-22.21528126,
5129458045,-22.65368727,
5130058005,-22.63561135,
5130657965,-22.71273048,
5131257925,-22.40058192,
5131857885,-22.99021474,
5132457845,-22.29572141,
5133057805,-23.1061387,
5133657765,-22.80838454,
5134257725,-22.79528381,
5134857685,-22.94372215,
5135457645,-22.70498069,
5136057605,-22.3781754,
5136657565,-22.42134294,
5137257525,-23.21064638,
5137857485,-22.58918503,
5138457445,-22.642029,
5139057405,-23.25193869,
5139657365,-22.86287033,
5140257325,-22.81503679,
5140857285,-23.29551727,
5141457245,-22.70391136,
5142057205,-22.55398805,
5142657165,-22.93014529,
5143257125,-22.70486797,
5143857085,-22.82172814,
5144457045,-22.81880843,
5145057005,-22.78330448,
5145656965,-22.8314257,
5146256925,-22.4882599,
5146856885,-23.22031827,
5147456845,-22.68777616,
5148056805,-22.20536758,
5148656765,-22.41711489,
5149256725,-22.8017545,
5149856685,-22.50172465,
5150456645,-22.81756209,
5151056605,-22.56600803,
5151656565,-22.11016425,
5152256525,-22.62124773,
5152856485,-22.83294553,
5153456445,-23.21689655,
5154056405,-22.08190906,
5154656365,-22.77955278,
5155256325,-22.995037,
5155856285,-23.24920977,
5156456245,-23.50669914,
5157056205,-23.17883234,
5157656165,-23.05503081,
5158256125,-22.99418888,
5158856085,-23.23228172,
5159456045,-23.06982451,
5160056005,-22.94730283,
5160655965,-22.65133218,
5161255925,-22.98227115,
5161855885,-22.83268286,
5162455845,-22.8381474,
5163055805,-23.45006879,
5163655765,-23.37554439,
5164255725,-23.05113679,
5164855685,-23.08353914,
5165455645,-23.44662657,
5166055605,-23.24354023,
5166655565,-23.40214492,
5167255525,-23.20963232,
5167855485,-23.31100817,
5168455445,-23.64344972,
5169055405,-23.50389036,
5169655365,-23.05353435,
5170255325,-23.16963261,
5170855285,-23.09876052,
5171455245,-23.3908384,
5172055205,-23.52678849,
5172655165,-23.06680488,
5173255125,-23.69560318,
5173855085,-23.07156619,
5174455045,-23.51933216,
5175055005,-22.63690693,
5175654965,-22.90306923,
5176254925,-23.34153325,
5176854885,-22.82115558,
5177454845,-23.12098087,
5178054805,-23.05654724,
5178654765,-22.31311906,
5179254725,-23.06514481,
5179854685,-23.16041433,
5180454645,-22.22447521,
5181054605,-22.88770121,
5181654565,-23.28927038,
5182254525,-23.34699372,
5182854485,-23.5899817,
5183454445,-22.93875827,
5184054405,-23.21475983,
5184654365,-22.97243491,
5185254325,-23.61078978,
5185854285,-23.32386881,
5186454245,-22.73154761,
5187054205,-22.80612298,
5187654165,-23.5415324,
5188254125,-22.51489486,
5188854085,-23.06745173,
5189454045,-22.21412445,
5190054005,-23.39707364,
5190653965,-22.97699482,
5191253925,-22.95038452,
5191853885,-22.68817147,
5192453845,-22.83929327,
5193053805,-22.63696002,
5193653765,-23.0221671,
5194253725,-22.95159184,
5194853685,-23.16138396,
5195453645,-22.71393775,
5196053605,-23.03429128,
5196653565,-22.57617375,
5197253525,-22.64093643,
5197853485,-22.87676259,
5198453445,-22.72273688,
5199053405,-22.89248356,
5199653365,-22.69869682,
5200253325,-22.33640002,
5200853285,-22.78919225,
5201453245,-22.46833005,
5202053205,-22.24442386,
5202653165,-22.61640658,
5203253125,-22.56959046,
5203853085,-22.39154581,
5204453045,-22.71675171,
5205053005,-22.71774886,
5205652965,-22.36659159,
5206252925,-22.28519697,
5206852885,-22.72566757,
5207452845,-22.62233368,
5208052805,-22.37155665,
5208652765,-22.47509464,
5209252725,-22.67030731,
5209852685,-22.09360888,
5210452645,-22.35411516,
5211052605,-22.30023601,
5211652565,-22.35038726,
5212252525,-22.69893025,
5212852485,-22.52376474,
5213452445,-22.39757659,
5214052405,-22.07102711,
5214652365,-22.25236029,
5215252325,-22.17067003,
5215852285,-21.70412734,
5216452245,-21.88229761,
5217052205,-22.06091613,
5217652165,-22.24574875,
5218252125,-22.13446632,
5218852085,-22.10008176,
5219452045,-22.46081171,
5220052005,-22.42672462,
5220651965,-21.64339145,
5221251925,-21.68947166,
5221851885,-21.8098701,
5222451845,-21.96782052,
5223051805,-21.59684371,
5223651765,-21.99855159,
5224251725,-21.74950005,
5224851685,-21.76824517,
5225451645,-21.68294211,
5226051605,-21.97144398,
5226651565,-21.48247987,
5227251525,-21.9755141,
5227851485,-21.30950702,
5228451445,-21.66267213,
5229051405,-21.66583439,
5229651365,-21.9091343,
5230251325,-21.74757273,
5230851285,-21.10698387,
5231451244,-21.86205475,
5232051204,-21.79503342,
5232651164,-21.5889045,
5233251124,-21.8210584,
5233851084,-21.35560095,
5234451044,-21.43038552,
5235051004,-21.49951627,
5235650964,-21.69967587,
5236250924,-21.23977957,
5236850884,-21.25826447,
5237450844,-21.45327417,
5238050804,-21.52569498,
5238650764,-21.26042197,
5239250724,-21.32712012,
5239850684,-20.99282367,
5240450644,-21.09099249,
5241050604,-21.24132689,
5241650564,-21.02163628,
5242250524,-20.77977117,
5242850484,-21.03667422,
5243450444,-20.86532252,
5244050404,-21.06929375,
5244650364,-21.04396084,
5245250324,-20.98797421,
5245850284,-20.85483402,
5246450244,-20.99750187,
5247050204,-20.81840486,
5247650164,-20.48717333,
5248250124,-20.44218268,
5248850084,-20.74117087,
5249450044,-20.77789834,
5250050004,-20.75522033,
5250649964,-20.96776469,
5251249924,-20.85463533,
5251849884,-20.42314825,
5252449844,-20.70323528,
5253049804,-20.64932479,
5253649764,-20.51408951,
5254249724,-20.55791073,
5254849684,-20.65173883,
5255449644,-20.30485222,
5256049604,-20.58687407,
5256649564,-20.72044594,
5257249524,-20.31389241,
5257849484,-20.39108594,
5258449444,-20.4858701,
5259049404,-20.58029258,
5259649364,-20.33088691,
5260249324,-20.49488871,
5260849284,-20.16439902,
5261449244,-20.4796746,
5262049204,-20.75834364,
5262649164,-20.93426817,
5263249124,-20.93166007,
5263849084,-20.86888625,
5264449044,-20.64918543,
5265049004,-20.79259026,
5265648964,-21.25166861,
5266248924,-20.2087263,
5266848884,-20.57068634,
5267448844,-20.86614106,
5268048804,-20.5293598,
5268648764,-20.21859476,
5269248724,-20.30291061,
5269848684,-20.18709613,
5270448644,-20.50307297,
5271048604,-20.08062539,
5271648564,-20.50029383,
5272248524,-20.6800004,
5272848484,-20.29228662,
5273448444,-20.25333978,
5274048404,-20.74459635,
5274648364,-20.16645986,
5275248324,-20.37512431,
5275848284,-20.47631526,
5276448244,-20.28469522,
5277048204,-20.50964546,
5277648164,-20.07372903,
5278248124,-19.77189312,
5278848084,-19.96028787,
5279448044,-20.39700841,
5280048004,-20.16947444,
5280647964,-20.39472896,
5281247924,-20.24766284,
5281847884,-20.0155624,
5282447844,-20.34201035,
5283047804,-19.73309885,
5283647764,-20.10903563,
5284247724,-20.13302783,
5284847684,-20.41396347,
5285447644,-20.90794671,
5286047604,-19.57370275,
5286647564,-20.09711399,
5287247524,-20.62224675,
5287847484,-20.00191107,
5288447444,-20.41346297,
5289047404,-20.35989574,
5289647364,-20.48502711,
5290247324,-20.04308024,
5290847284,-19.64414995,
5291447244,-20.05150502,
5292047204,-20.46123531,
5292647164,-20.34636567,
5293247124,-19.53158138,
5293847084,-20.94085203,
5294447044,-19.48978621,
5295047004,-20.25715053,
5295646964,-20.25706653,
5296246924,-19.8058431,
5296846884,-20.50226657,
5297446844,-20.37946578,
5298046804,-20.20685178,
5298646764,-20.01499127,
5299246724,-20.43347825,
5299846684,-20.25174813,
5300446644,-20.04370343,
5301046604,-20.04595599,
5301646564,-20.53673944,
5302246524,-19.5539641,
5302846484,-20.52608564,
5303446444,-20.40641661,
5304046404,-20.02731894,
5304646364,-19.72546022,
5305246324,-20.41890164,
5305846284,-20.34550099,
5306446244,-19.56992253,
5307046204,-20.32170284,
5307646164,-20.56491535,
5308246124,-20.45122383,
5308846084,-19.36790568,
5309446044,-19.90890264,
5310046004,-19.9776793,
5310645964,-19.74127813,
5311245924,-20.25468465,
5311845884,-19.82210828,
5312445844,-20.10043708,
5313045804,-19.79345643,
5313645764,-20.031091,
5314245724,-20.20815558,
5314845684,-20.79800871,
5315445644,-20.16830655,
5316045604,-20.38019219,
5316645564,-20.77425193,
5317245524,-20.20356526,
5317845484,-20.12387859,
5318445444,-20.01674031,
5319045404,-20.3308479,
5319645364,-20.41526438,
5320245324,-20.12102964,
5320845284,-20.48960824,
5321445244,-20.64274259,
5322045204,-20.0334113,
5322645164,-20.49213827,
5323245124,-20.16958718,
5323845084,-20.50597969,
5324445044,-20.37403361,
5325045004,-20.11085216,
5325644964,-20.50412742,
5326244924,-20.37080152,
5326844884,-20.16733015,
5327444844,-20.3941201,
5328044804,-20.3167871,
5328644764,-20.53807417,
5329244724,-20.22578,
5329844684,-20.44671957,
5330444644,-20.78708388,
5331044604,-20.73211715,
5331644564,-20.60913252,
5332244524,-20.21652823,
5332844484,-20.76296214,
5333444444,-20.67952664,
5334044404,-20.6462066,
5334644364,-20.96017449,
5335244324,-20.8701965,
5335844284,-21.01885445,
5336444244,-20.95644646,
5337044204,-20.71678731,
5337644164,-20.86214337,
5338244124,-20.8855262,
5338844084,-20.89787729,
5339444044,-20.64760462,
5340044004,-20.95787107,
5340643964,-20.81059718,
5341243924,-21.00698813,
5341843884,-20.92800132,
5342443844,-21.25060104,
5343043804,-21.32961892,
5343643764,-21.31976259,
5344243724,-21.06930438,
5344843684,-21.79686996,
5345443644,-21.04249114,
5346043604,-21.13109287,
5346643564,-20.99891062,
5347243524,-21.10394572,
5347843484,-21.48685142,
5348443444,-21.50923593,
5349043404,-21.74102515,
5349643364,-21.48301245,
5350243324,-21.62163901,
5350843284,-21.70848531,
5351443244,-21.55472772,
5352043204,-21.05739952,
5352643164,-21.54068313,
5353243124,-21.59744905,
5353843084,-21.63829744,
5354443044,-21.87666326,
5355043004,-21.71093151,
5355642964,-21.66978138,
5356242924,-21.54949937,
5356842884,-21.69979427,
5357442844,-21.75893049,
5358042804,-21.93216344,
5358642764,-22.00900346,
5359242724,-22.13429373,
5359842684,-22.04227966,
5360442644,-21.26319077,
5361042604,-22.0197532,
5361642564,-21.4475305,
5362242524,-22.1912145,
5362842484,-22.75058552,
5363442444,-21.70487329,
5364042404,-22.36318552,
5364642364,-22.61272561,
5365242324,-22.00378989,
5365842284,-22.04444545,
5366442244,-22.82239781,
5367042204,-22.08512242,
5367642164,-21.93070772,
5368242124,-22.58786669,
5368842084,-22.07783716,
5369442044,-22.218218,
5370042004,-22.81701496,
5370641964,-22.08219977,
5371241924,-23.16786874,
5371841884,-22.52972905,
5372441844,-23.04812063,
5373041804,-21.78394814,
5373641764,-22.9050833,
5374241724,-22.75052309,
5374841684,-22.55890885,
5375441644,-22.25924051,
5376041604,-22.44722571,
5376641564,-22.83727489,
5377241524,-22.60560579,
5377841484,-22.14257455,
5378441444,-23.02363544,
5379041404,-22.2702245,
5379641364,-23.1393331,
5380241324,-22.44222811,
5380841284,-23.16577383,
5381441244,-23.17913636,
5382041204,-22.55616897,
5382641164,-22.98895126,
5383241124,-22.75134832,
5383841084,-23.02112344,
5384441044,-23.08047276,
5385041004,-23.17376153,
5385640963,-22.36173683,
5386240923,-22.80453135,
5386840883,-22.82686029,
5387440843,-22.98658174,
5388040803,-23.33020044,
5388640763,-23.14009178,
5389240723,-23.57921896,
5389840683,-22.83472802,
5390440643,-23.76698375,
5391040603,-23.42030351,
5391640563,-23.3604942,
5392240523,-23.0110842,
5392840483,-23.13290298,
5393440443,-22.97295068,
5394040403,-23.05675175,
5394640363,-23.23034676,
5395240323,-23.11303333,
5395840283,-23.44812987,
5396440243,-23.8156316,
5397040203,-23.17723684,
5397640163,-23.8007773,
5398240123,-22.75456075,
5398840083,-23.25536868,
5399440043,-23.37804503,
5400040003,-23.30585096,
5400639963,-23.09028716,
5401239923,-23.56630897,
5401839883,-23.34646838,
5402439843,-23.38492136,
5403039803,-23.09400795,
5403639763,-22.71699218,
5404239723,-23.00508176,
5404839683,-22.36329732,
5405439643,-22.806938,
5406039603,-22.78391947,
5406639563,-23.01883043,
5407239523,-23.57499821,
5407839483,-22.68677507,
5408439443,-23.44755931,
5409039403,-23.01710466,
5409639363,-22.92215682,
5410239323,-22.8068991,
5410839283,-23.05508422,
5411439243,-23.06627286,
5412039203,-23.53083427,
5412639163,-23.16180519,
5413239123,-23.14071549,
5413839083,-23.51613092,
5414439043,-22.9392325,
5415039003,-23.61025352,
5415638963,-23.49820189,
5416238923,-23.42593564,
5416838883,-23.78985048,
5417438843,-24.47040753,
5418038803,-22.70181689,
5418638763,-22.81085616,
5419238723,-23.30791102,
5419838683,-22.64498968,
5420438643,-22.71675114,
5421038603,-23.29742206,
5421638563,-23.84299945,
5422238523,-23.60031285,
5422838483,-23.40581661,
5423438443,-23.88397339,
5424038403,-23.3289868,
5424638363,-23.23324636,
5425238323,-24.42724724,
5425838283,-22.99535876,
5426438243,-23.21184674,
5427038203,-23.73473173,
5427638163,-23.36738657,
5428238123,-22.836458,
5428838083,-24.16163407,
5429438043,-23.0051159,
5430038003,-23.39091628,
5430637963,-23.08115605,
5431237923,-24.21729144,
5431837883,-23.88330572,
5432437843,-22.72401733,
5433037803,-24.18512747,
5433637763,-23.27081903,
5434237723,-24.00353955,
5434837683,-23.56609049,
5435437643,-23.67590041,
5436037603,-24.153088,
5436637563,-24.41573472,
5437237523,-23.63090066,
5437837483,-24.06414682,
5438437443,-23.24954449,
5439037403,-23.40462776,
5439637363,-24.15828281,
5440237323,-23.36322448,
5440837283,-25.10866215,
5441437243,-23.06201405,
5442037203,-23.1988563,
5442637163,-22.99095096,
5443237123,-23.88107349,
5443837083,-23.52143809,
5444437043,-23.24164969,
5445037003,-22.80185215,
5445636963,-24.46394799,
5446236923,-23.23663375,
5446836883,-24.32791307,
5447436843,-24.32424903,
5448036803,-23.63140139,
5448636763,-22.8758455,
5449236723,-23.41079869,
5449836683,-23.52230747,
5450436643,-24.90267953,
5451036603,-23.64532072,
5451636563,-24.36548818,
5452236523,-23.97968452,
5452836483,-25.53172231,
5453436443,-23.84885986,
5454036403,-24.68558653,
5454636363,-24.66103309,
5455236323,-23.14378162,
5455836283,-25.29771956,
5456436243,-24.68344784,
5457036203,-24.20408195,
5457636163,-23.95065828,
5458236123,-23.35135325,
5458836083,-23.86908683,
5459436043,-24.14535524,
5460036003,-24.57461257,
5460635963,-24.62217518,
5461235923,-24.11463066,
5461835883,-24.26321588,
5462435843,-23.01170468,
5463035803,-24.15932291,
5463635763,-24.46991725,
5464235723,-24.21390403,
5464835683,-25.90216366,
5465435643,-24.0240083,
5466035603,-23.18925001,
5466635563,-25.00455537,
5467235523,-23.4667956,
5467835483,-23.34708118,
5468435443,-24.30125475,
5469035403,-23.48281942,
5469635363,-24.23848681,
5470235323,-23.26111336,
5470835283,-24.63164667,
5471435243,-24.24375129,
5472035203,-25.02450454,
5472635163,-24.25714108,
5473235123,-23.64184154,
5473835083,-23.78781185,
5474435043,-23.27479533,
5475035003,-23.28046623,
5475634963,-22.45371861,
5476234923,-23.16899509,
5476834883,-22.946108,
5477434843,-23.48932391,
5478034803,-24.89712726,
5478634763,-22.64711457,
5479234723,-23.25064282,
5479834683,-23.18281759,
5480434643,-23.31393769,
5481034603,-23.59513386,
5481634563,-24.55305246,
5482234523,-22.98897602,
5482834483,-22.65662698,
5483434443,-23.21873192,
5484034403,-23.33588742,
5484634363,-23.0287581,
5485234323,-23.45123533,
5485834283,-22.98473799,
5486434243,-22.85057232,
5487034203,-22.94887728,
5487634163,-23.8195543,
5488234123,-24.11480868,
5488834083,-23.44590033,
5489434043,-24.05615042,
5490034003,-22.91781316,
5490633963,-23.20573269,
5491233923,-22.33690696,
5491833883,-23.5722893,
5492433843,-22.3661585,
5493033803,-23.32789691,
5493633763,-22.98019283,
5494233723,-22.55446203,
5494833683,-23.58221828,
5495433643,-23.0187841,
5496033603,-23.42774669,
5496633563,-22.39046814,
5497233523,-22.41856412,
5497833483,-22.26250781,
5498433443,-22.50983942,
5499033403,-22.28410495,
5499633363,-22.7091019,
5500233323,-22.82776112,
5500833283,-22.21421132,
5501433243,-23.65084688,
5502033203,-21.5339779,
5502633163,-22.53649859,
5503233123,-22.25973206,
5503833083,-22.55056096,
5504433043,-23.27939052,
5505033003,-22.49479645,
5505632963,-21.95320085,
5506232923,-22.68507936,
5506832883,-22.49378736,
5507432843,-22.57721833,
5508032803,-22.597336,
5508632763,-22.06017951,
5509232723,-22.56692265,
5509832683,-22.28906631,
5510432643,-21.68125768,
5511032603,-21.65719702,
5511632563,-21.98983523,
5512232523,-22.63315213,
5512832483,-22.59299707,
5513432443,-21.48251028,
5514032403,-22.27305585,
5514632363,-21.55908247,
5515232323,-22.53551232,
5515832283,-22.11888342,
5516432243,-22.76366723,
5517032203,-22.81820707,
5517632163,-22.31450527,
5518232123,-22.88732903,
5518832083,-22.28774807,
5519432043,-22.03126584,
5520032003,-21.9873517,
5520631963,-22.43902115,
5521231923,-22.12952976,
5521831883,-21.93976976,
5522431843,-22.31582622,
5523031803,-21.65968765,
5523631763,-22.42871988,
5524231723,-22.74278821,
5524831683,-22.3443503,
5525431643,-21.66791397,
5526031603,-22.56996164,
5526631563,-21.90704851,
5527231523,-22.74537317,
5527831483,-21.5709371,
5528431443,-22.0321281,
5529031403,-21.80967295,
5529631363,-21.70704253,
5530231323,-21.87926881,
5530831283,-22.50071779,
5531431243,-22.23466955,
5532031203,-22.2853708,
5532631163,-21.24569445,
5533231123,-22.17415575,
5533831083,-22.0078216,
5534431043,-22.54325263,
5535031003,-22.01971627,
5535630963,-22.0178738,
5536230923,-21.79400365,
5536830883,-21.31745198,
5537430843,-21.46748536,
5538030803,-21.4552138,
5538630763,-22.26545642,
5539230722,-22.26278084,
5539830682,-21.80885903,
5540430642,-21.5207841,
5541030602,-21.92018179,
5541630562,-21.02324026,
5542230522,-21.60504497,
5542830482,-20.36261603,
5543430442,-21.41085617,
5544030402,-21.24059052,
5544630362,-21.66222297,
5545230322,-21.23789921,
5545830282,-21.35865754,
5546430242,-21.57120166,
5547030202,-21.45394301,
5547630162,-21.1226901,
5548230122,-21.19107673,
5548830082,-21.50490145,
5549430042,-21.34015015,
5550030002,-21.25466099,
5550629962,-20.6171924,
5551229922,-21.53345449,
5551829882,-21.00221695,
5552429842,-21.26006785,
5553029802,-21.23630372,
5553629762,-21.08476083,
5554229722,-21.41841317,
5554829682,-20.62694346,
5555429642,-20.82518747,
5556029602,-20.71180912,
5556629562,-20.95362361,
5557229522,-20.51677933,
5557829482,-21.09418518,
5558429442,-21.49299759,
5559029402,-20.94426725,
5559629362,-20.76968985,
5560229322,-21.02226982,
5560829282,-20.5773774,
5561429242,-20.50654735,
5562029202,-21.21490434,
5562629162,-20.96751896,
5563229122,-21.08668129,
5563829082,-21.17048985,
5564429042,-20.68797125,
5565029002,-20.82227216,
5565628962,-20.82623761,
5566228922,-20.4134476,
5566828882,-20.61773242,
5567428842,-21.28048125,
5568028802,-20.43225159,
5568628762,-20.8264715,
5569228722,-20.21120737,
5569828682,-20.18582467,
5570428642,-20.59237997,
5571028602,-20.49598215,
5571628562,-20.24828817,
5572228522,-20.2577645,
5572828482,-20.57562081,
5573428442,-20.50758399,
5574028402,-20.83650129,
5574628362,-20.33719536,
5575228322,-20.80393055,
5575828282,-20.20017505,
5576428242,-20.61934378,
5577028202,-20.33466126,
5577628162,-20.46473552,
5578228122,-19.93336695,
5578828082,-20.0206423,
5579428042,-20.08414607,
5580028002,-20.08314029,
5580627962,-20.48992625,
5581227922,-20.35677937,
5581827882,-20.31688183,
5582427842,-20.20106994,
5583027802,-20.45245023,
5583627762,-20.72154429,
5584227722,-20.36742673,
5584827682,-20.36255486,
5585427642,-20.00227033,
5586027602,-20.41213013,
5586627562,-20.09436514,
5587227522,-19.98570368,
5587827482,-20.36618933,
5588427442,-20.35534338,
5589027402,-19.66928304,
5589627362,-20.38909547,
5590227322,-20.17613985,
5590827282,-20.02207967,
5591427242,-20.20808654,
5592027202,-20.21069958,
5592627162,-20.04567039,
5593227122,-20.38242262,
5593827082,-20.12349457,
5594427042,-20.33979463,
5595027002,-20.41256313,
5595626962,-20.2585062,
5596226922,-20.58936917,
5596826882,-19.92698806,
5597426842,-20.24041986,
5598026802,-20.56127592,
5598626762,-20.42580198,
5599226722,-20.1747335,
5599826682,-20.45262617,
5600426642,-20.26629494,
5601026602,-20.50581218,
5601626562,-20.04051007,
5602226522,-20.60684396,
5602826482,-20.76981352,
5603426442,-20.40758787,
5604026402,-20.37371474,
5604626362,-20.62304416,
5605226322,-20.54520945,
5605826282,-20.12202721,
5606426242,-20.86342122,
5607026202,-20.34435048,
5607626162,-20.31186481,
5608226122,-20.37307202,
5608826082,-20.216251,
5609426042,-20.11211101,
5610026002,-20.62357584,
5610625962,-20.77518409,
5611225922,-20.43593535,
5611825882,-20.74498007,
5612425842,-20.11132985,
5613025802,-21.06199712,
5613625762,-20.41839154,
5614225722,-20.51734195,
5614825682,-20.48657384,
5615425642,-20.33928276,
5616025602,-20.95649482,
5616625562,-20.84788539,
5617225522,-20.9399783,
5617825482,-20.66826236,
5618425442,-21.12982099,
5619025402,-20.93279176,
5619625362,-20.98194581,
5620225322,-20.49197704,
5620825282,-20.94673995,
5621425242,-21.09211103,
5622025202,-20.87916278,
5622625162,-21.55749493,
5623225122,-20.94452794,
5623825082,-20.55216296,
5624425042,-20.33393128,
5625025002,-20.70291997,
5625624962,-20.4363379,
5626224922,-20.79060113,
5626824882,-20.744388,
5627424842,-21.04749481,
5628024802,-20.67368379,
5628624762,-21.50493767,
5629224722,-21.52409415,
5629824682,-21.05826749,
5630424642,-21.11536616,
5631024602,-20.82516886,
5631624562,-21.64131381,
5632224522,-20.81135805,
5632824482,-21.27879128,
5633424442,-21.46821558,
5634024402,-21.88984192,
5634624362,-21.55812222,
5635224322,-21.37943505,
5635824282,-21.93532183,
5636424242,-20.78042446,
5637024202,-20.86504029,
5637624162,-21.23144104,
5638224122,-20.88525966,
5638824082,-21.82150886,
5639424042,-21.99281576,
5640024002,-22.03509031,
5640623962,-21.4373282,
5641223922,-21.19754184,
5641823882,-21.95399193,
5642423842,-21.89695804,
5643023802,-21.42668662,
5643623762,-21.82231201,
5644223722,-21.9849525,
5644823682,-21.58549224,
5645423642,-21.98179179,
5646023602,-21.73255617,
5646623562,-21.39226307,
5647223522,-22.10396893,
5647823482,-21.72889353,
5648423442,-22.30072906,
5649023402,-22.01528212,
5649623362,-22.00693794,
5650223322,-21.80254156,
5650823282,-21.76526273,
5651423242,-22.2754733,
5652023202,-22.39282528,
5652623162,-21.47519229,
5653223122,-22.51672864,
5653823082,-21.27880665,
5654423042,-21.93018145,
5655023002,-22.00981971,
5655622962,-21.57384183,
5656222922,-22.50821814,
5656822882,-21.25491482,
5657422842,-21.82987412,
5658022802,-22.18855684,
5658622762,-21.79003974,
5659222722,-22.02895,
5659822682,-21.15305193,
5660422642,-21.29124212,
5661022602,-21.92524576,
5661622562,-21.54875984,
5662222522,-21.92215274,
5662822482,-22.43262363,
5663422442,-21.71882933,
5664022402,-22.06736125,
5664622362,-21.64998374,
5665222322,-21.65566049,
5665822282,-21.64711823,
5666422242,-22.42864574,
5667022202,-21.60816115,
5667622162,-21.66098636,
5668222122,-21.65131576,
5668822082,-22.0186283,
5669422042,-22.4822274,
5670022002,-23.1281921,
5670621962,-22.43814918,
5671221922,-21.68364583,
5671821882,-21.25290466,
5672421842,-22.44412479,
5673021802,-22.9819245,
5673621762,-24.23613271,
5674221722,-23.33606867,
5674821682,-23.05297139,
5675421642,-23.07610997,
5676021602,-22.93468125,
5676621562,-23.73539544,
5677221522,-22.97294508,
5677821482,-23.59597967,
5678421442,-22.67178238,
5679021402,-22.63218631,
5679621362,-22.92841117,
5680221322,-23.68246808,
5680821282,-24.96710963,
5681421242,-22.63041631,
5682021202,-22.88918244,
5682621162,-22.68941383,
5683221122,-23.4472143,
5683821082,-23.95535729,
5684421042,-23.3736731,
5685021002,-23.51539746,
5685620962,-24.74135953,
5686220922,-26.15278491,
5686820882,-23.46420032,
5687420842,-23.34754703,
5688020802,-23.96604084,
5688620762,-23.76241868,
5689220722,-24.12760557,
5689820682,-23.23544187,
5690420642,-23.15809093,
5691020602,-23.58557447,
5691620562,-24.65060734,
5692220522,-25.04203579,
5692820481,-24.5879692,
5693420441,-22.27453583,
5694020401,-23.5455073,
5694620361,-25.28101155,
5695220321,-23.78450506,
5695820281,-23.51038379,
5696420241,-24.19965306,
5697020201,-24.82947461,
5697620161,-25.08455732,
5698220121,-23.53083315,
5698820081,-24.77690529,
5699420041,-24.21986559,
5700020001,-24.42734187,
5700619961,-24.99907158,
5701219921,-26.63294264,
5701819881,-23.72611209,
5702419841,-24.28101576,
5703019801,-27.18679155,
5703619761,-24.4523872,
5704219721,-23.64979694,
5704819681,-24.25729261,
5705419641,-24.81741804,
5706019601,-24.80764438,
5706619561,-23.35862344,
5707219521,-23.18094116,
5707819481,-23.49235002,
5708419441,-26.92303347,
5709019401,-27.24652021,
5709619361,-25.39211666,
5710219321,-25.94341849,
5710819281,-24.76554186,
5711419241,-25.32191235,
5712019201,-26.8119276,
5712619161,-25.2474677,
5713219121,-26.12127731,
5713819081,-25.45348582,
5714419041,-22.99513419,
5715019001,-24.63408145,
5715618961,-26.15843871,
5716218921,-25.56562421,
5716818881,-25.37625919,
5717418841,-26.02917874,
5718018801,-28.39837518,
5718618761,-25.21646553,
5719218721,-27.3401111,
5719818681,-26.84787256,
5720418641,-26.50619366,
5721018601,-23.76975912,
5721618561,-25.19637987,
5722218521,-25.84421866,
5722818481,-26.69344149,
5723418441,-26.33285865,
5724018401,-24.68173926,
5724618361,-27.17706687,
5725218321,-27.20453293,
5725818281,-24.94335271,
5726418241,-26.23035039,
5727018201,-26.41889009,
5727618161,-26.41453152,
5728218121,-26.14978351,
5728818081,-24.99005078,
5729418041,-24.57181207,
5730018001,-24.05604826,
5730617961,-27.71987715,
5731217921,-26.14000941,
5731817881,-30.21031896,
5732417841,-25.6232811,
5733017801,-29.41342852,
5733617761,-26.26905042,
5734217721,-27.21743248,
5734817681,-26.30135408,
5735417641,-28.87871699,
5736017601,-25.15383635,
5736617561,-27.47521677,
5737217521,-24.61348918,
5737817481,-26.25739421,
5738417441,-28.74200877,
5739017401,-26.3048853,
5739617361,-26.12952318,
5740217321,-26.56312314,
5740817281,-27.70582776,
5741417241,-26.14105259,
5742017201,-27.10411565,
5742617161,-29.89923056,
5743217121,-26.22938684,
5743817081,-27.31081415,
5744417041,-27.78945032,
5745017001,-27.39513189,
5745616961,-26.73002349,
5746216921,-27.46502025,
5746816881,-26.75743371,
5747416841,-26.94719006,
5748016801,-25.77002901,
5748616761,-27.11984388,
5749216721,-27.67597378,
5749816681,-24.93591116,
5750416641,-27.69503345,
5751016601,-27.28733111,
5751616561,-27.57018867,
5752216521,-27.55763139,
5752816481,-27.6494925,
5753416441,-28.69054232,
5754016401,-27.90413723,
5754616361,-25.02303354,
5755216321,-24.79282763,
5755816281,-26.16460527,
5756416241,-27.31810991,
5757016201,-27.00523147,
5757616161,-26.70121982,
5758216121,-25.19785878,
5758816081,-26.91754838,
5759416041,-27.21821854,
5760016001,-29.36302119,
5760615961,-26.08710001,
5761215921,-27.59065553,
5761815881,-27.36614528,
5762415841,-25.9298352,
5763015801,-27.78814671,
5763615761,-26.29251559,
5764215721,-28.34557915,
5764815681,-28.34682409,
5765415641,-27.18077606,
5766015601,-29.18533356,
5766615561,-26.68899346,
5767215521,-27.33765247,
5767815481,-29.31264787,
5768415441,-27.02537593,
5769015401,-27.76617037,
5769615361,-25.05238062,
5770215321,-27.08198657,
5770815281,-26.0433684,
5771415241,-27.37037774,
5772015201,-26.60002486,
5772615161,-27.15632074,
5773215121,-25.53380055,
5773815081,-24.15228966,
5774415041,-26.42255646,
5775015001,-25.34845206,
5775614961,-26.39113108,
5776214921,-26.73714326,
5776814881,-25.6784413,
5777414841,-25.52023048,
5778014801,-25.38191358,
5778614761,-27.18036929,
5779214721,-26.86115387,
5779814681,-25.6265197,
5780414641,-27.37692065,
5781014601,-25.77617594,
5781614561,-26.42888072,
5782214521,-25.89573795,
5782814481,-27.91905931,
5783414441,-25.95677546,
5784014401,-25.03704948,
5784614361,-25.83440184,
5785214321,-25.8140047,
5785814281,-24.47615368,
5786414241,-23.44992133,
5787014201,-27.64624575,
5787614161,-25.55727509,
5788214121,-24.22451552,
5788814081,-25.25150277,
5789414041,-25.71262088,
5790014001,-28.55271799,
5790613961,-25.89429941,
5791213921,-24.52855573,
5791813881,-26.20274311,
5792413841,-25.06616631,
5793013801,-25.44030071,
5793613761,-24.8034523,
5794213721,-25.48274079,
5794813681,-22.46134178,
5795413641,-23.43534686,
5796013601,-24.87195169,
5796613561,-24.81924027,
5797213521,-24.67630926,
5797813481,-23.36649673,
5798413441,-23.80052099,
5799013401,-23.7257833,
5799613361,-25.46918051,
5800213321,-24.57227769,
5800813281,-23.42534719,
5801413241,-23.80310289,
5802013201,-25.95049653,
5802613161,-23.01951179,
5803213121,-23.91821762,
5803813081,-25.16436719,
5804413041,-23.65375959,
5805013001,-23.12665075,
5805612961,-23.16401275,
5806212921,-24.21830872,
5806812881,-24.56793174,
5807412841,-24.92041939,
5808012801,-24.174535,
5808612761,-25.07270734,
5809212721,-24.16851623,
5809812681,-24.05627451,
5810412641,-23.39709945,
5811012601,-23.36182262,
5811612561,-24.78778109,
5812212521,-22.34794316,
5812812481,-23.44747638,
5813412441,-23.50360816,
5814012401,-24.36951352,
5814612361,-22.16024084,
5815212321,-23.39335096,
5815812281,-22.84254158,
5816412241,-22.12792345,
5817012201,-23.35864848,
5817612161,-23.04332067,
5818212121,-22.8010774,
5818812081,-22.24699974,
5819412041,-22.53812669,
5820012001,-22.28589352,
5820611961,-22.31640543,
5821211921,-22.83716787,
5821811881,-22.09135756,
5822411841,-22.57643505,
5823011801,-22.1750456,
5823611761,-22.39812173,
5824211721,-22.7195638,
5824811681,-21.6841466,
5825411641,-22.01120657,
5826011601,-22.3938376,
5826611561,-22.1614609,
5827211521,-21.29927846,
5827811481,-22.47786458,
5828411441,-22.62828998,
5829011401,-22.72573165,
5829611361,-22.29937048,
5830211321,-22.54423827,
5830811281,-23.01361797,
5831411241,-21.70136634,
5832011201,-21.34029283,
5832611161,-21.80764124,
5833211121,-21.7016223,
5833811081,-21.43602048,
5834411041,-22.05485207,
5835011001,-21.63636687,
5835610961,-21.478493,
5836210921,-21.8149235,
5836810881,-21.40186735,
5837410841,-21.53783037,
5838010801,-22.72405987,
5838610761,-22.23670444,
5839210721,-21.20883452,
5839810681,-21.10319794,
5840410641,-21.57275147,
5841010601,-21.98694035,
5841610561,-21.50272424,
5842210521,-20.85407418,
5842810481,-21.64839258,
5843410441,-21.63492106,
5844010401,-21.28651989,
5844610361,-21.48734832,
5845210321,-21.22758394,
5845810281,-21.89127542,
5846410240,-21.04750901,
5847010200,-21.21313253,
5847610160,-21.86121368,
5848210120,-21.46066308,
5848810080,-20.6538545,
5849410040,-21.47200199,
5850010000,-21.90839172,
5850609960,-20.71872029,
5851209920,-21.58586959,
5851809880,-21.65940738,
5852409840,-21.52602177,
5853009800,-21.36073888,
5853609760,-21.38891197,
5854209720,-21.69560487,
5854809680,-21.65241189,
5855409640,-21.71030925,
5856009600,-21.38470744,
5856609560,-21.35134293,
5857209520,-21.86209201,
5857809480,-21.55494539,
5858409440,-20.81803308,
5859009400,-20.52280791,
5859609360,-21.65814998,
5860209320,-21.01991637,
5860809280,-21.691165,
5861409240,-20.8456844,
5862009200,-21.61989663,
5862609160,-21.72091109,
5863209120,-21.40731253,
5863809080,-21.17927111,
5864409040,-21.1798301,
5865009000,-20.50132604,
5865608960,-20.74555856,
5866208920,-21.0319998,
5866808880,-21.5026418,
5867408840,-20.88142262,
5868008800,-20.87896868,
5868608760,-20.74904979,
5869208720,-21.14768257,
5869808680,-21.89657455,
5870408640,-20.38667219,
5871008600,-20.9138287,
5871608560,-21.49095676,
5872208520,-20.57460571,
5872808480,-20.92517361,
5873408440,-21.16264877,
5874008400,-20.78314164,
5874608360,-21.14571754,
5875208320,-21.30214911,
5875808280,-21.01902833,
5876408240,-20.77605778,
5877008200,-21.37636216,
5877608160,-20.89356663,
5878208120,-20.71668426,
5878808080,-20.74782368,
5879408040,-21.17345725,
5880008000,-21.27213451,
5880607960,-20.767785,
5881207920,-20.85290212,
5881807880,-20.7550096,
5882407840,-21.18839354,
5883007800,-20.09214342,
5883607760,-21.83723787,
5884207720,-20.69861507,
5884807680,-20.74533365,
5885407640,-20.82656504,
5886007600,-20.88531889,
5886607560,-20.6523848,
5887207520,-21.3535203,
5887807480,-20.84021626,
5888407440,-20.1935074,
5889007400,-20.5016226,
5889607360,-21.33995544,
5890207320,-21.08711249,
5890807280,-20.97029222,
5891407240,-21.55691722,
5892007200,-20.14650991,
5892607160,-21.35752249,
5893207120,-20.64545026,
5893807080,-20.5663055,
5894407040,-19.99453543,
5895007000,-20.77394239,
5895606960,-20.6025117,
5896206920,-21.38806946,
5896806880,-19.91500606,
5897406840,-20.66625588,
5898006800,-21.20545652,
5898606760,-21.02777747,
5899206720,-20.43605389,
5899806680,-20.92182639,
5900406640,-20.99937903,
5901006600,-21.19790812,
5901606560,-20.61603832,
5902206520,-20.98597755,
5902806480,-20.839592,
5903406440,-20.59602321,
5904006400,-20.29630792,
5904606360,-20.63892853,
5905206320,-21.33579617,
5905806280,-21.06927279,
5906406240,-20.88805819,
5907006200,-20.87169387,
5907606160,-20.54634424,
5908206120,-20.87292697,
5908806080,-21.38014575,
5909406040,-21.48452541,
5910006000,-20.99430736,
5910605960,-20.9390991,
5911205920,-21.22436082,
5911805880,-21.26582888,
5912405840,-21.1739424,
5913005800,-21.03807298,
5913605760,-20.97102436,
5914205720,-20.96179365,
5914805680,-21.06736676,
5915405640,-20.36226899,
5916005600,-20.86961718,
5916605560,-21.48150528,
5917205520,-20.76141352,
5917805480,-21.46063085,
5918405440,-21.63165338,
5919005400,-20.92657548,
5919605360,-20.86778599,
5920205320,-21.42938105,
5920805280,-21.19986736,
5921405240,-20.96641217,
5922005200,-20.59594064,
5922605160,-20.76264651,
5923205120,-20.45219736,
5923805080,-21.45136249,
5924405040,-21.41315315,
5925005000,-20.98059335,
5925604960,-21.98415057,
5926204920,-21.51011361,
5926804880,-20.90703244,
5927404840,-20.72193996,
5928004800,-21.32021396,
5928604760,-21.42238131,
5929204720,-21.7318624,
5929804680,-21.47100595,
5930404640,-21.36338598,
5931004600,-21.16791997,
5931604560,-20.73309259,
5932204520,-20.85651949,
5932804480,-21.30879117,
5933404440,-21.55207765,
5934004400,-21.32909308,
5934604360,-20.94153719,
5935204320,-21.06376624,
5935804280,-20.40973814,
5936404240,-20.93492837,
5937004200,-20.8795136,
5937604160,-21.55445869,
5938204120,-21.08994953,
5938804080,-21.80627252,
5939404040,-21.2626531,
5940004000,-22.16155743,
5940603960,-21.70707339,
5941203920,-21.65411957,
5941803880,-21.55610549,
5942403840,-21.28889958,
5943003800,-22.09962396,
5943603760,-21.90701664,
5944203720,-21.69571782,
5944803680,-22.02534654,
5945403640,-21.61591915,
5946003600,-22.08478347,
5946603560,-21.05075515,
5947203520,-22.72073203,
5947803480,-22.46740144,
5948403440,-22.54178243,
5949003400,-21.63135964,
5949603360,-22.38292514,
5950203320,-22.06318404,
5950803280,-22.22137056,
5951403240,-21.54540361,
5952003200,-21.63869321,
5952603160,-21.74557695,
5953203120,-21.84412493,
5953803080,-22.53031987,
5954403040,-22.95390952,
5955003000,-23.39559741,
5955602960,-21.36335311,
5956202920,-22.82565654,
5956802880,-22.6292482,
5957402840,-22.65250514,
5958002800,-23.6666789,
5958602760,-22.40980157,
5959202720,-22.18164885,
5959802680,-23.02818798,
5960402640,-23.66311818,
5961002600,-23.21509165,
5961602560,-23.22301684,
5962202520,-23.30903011,
5962802480,-23.93632668,
5963402440,-24.39445282,
5964002400,-24.29557698,
5964602360,-24.45139983,
5965202320,-24.11235452,
5965802280,-23.89036369,
5966402240,-24.2559401,
5967002200,-25.86462267,
5967602160,-24.07821118,
5968202120,-24.46462033,
5968802080,-24.08836354,
5969402040,-24.75108807,
5970002000,-23.85649428,
5970601960,-23.20869422,
5971201920,-23.72864928,
5971801880,-24.45533787,
5972401840,-25.54332866,
5973001800,-24.72158927,
5973601760,-23.20772206,
5974201720,-27.67203684,
5974801680,-25.23762905,
5975401640,-26.17366414,
5976001600,-23.95887862,
5976601560,-25.67451999,
5977201520,-25.97688182,
5977801480,-24.58219402,
5978401440,-23.5118635,
5979001400,-27.8619267,
5979601360,-23.92055554,
5980201320,-25.96878394,
5980801280,-27.30371308,
5981401240,-25.18516487,
5982001200,-24.22225948,
5982601160,-26.19737561,
5983201120,-26.94227605,
5983801080,-24.46332071,
5984401040,-26.77687096,
5985001000,-26.59948794,
5985600960,-30.56953171,
5986200920,-28.45972243,
5986800880,-22.84786447,
5987400840,-27.44560916,
5988000800,-25.69396714,
5988600760,-27.18436582,
5989200720,-27.03442497,
5989800680,-26.07516721,
5990400640,-26.49698044,
5991000600,-28.94515013,
5991600560,-28.21047734,
5992200520,-27.73253609,
5992800480,-27.47105879,
5993400440,-29.78759566,
5994000400,-30.74285398,
5994600360,-29.22785164,
5995200320,-28.42286597,
5995800280,-30.77407852,
5996400240,-30.32909677,
5997000200,-31.64866946,
5997600160,-30.611477,
5998200120,-28.91278157,
5998800080,-32.96161163,
5999400040,-31.7994963,
6000000000,-29.63994069,
