Frequency,S12_Magnitude,
1000000,-3.432885233,
1599959,-3.278952084,
2199919,-3.233482492,
2799879,-3.121647109,
3399839,-3.057489726,
3999799,-2.94672915,
4599759,-2.928272915,
5199719,-2.951663414,
5799679,-3.070384183,
6399639,-3.079361151,
6999599,-3.22294571,
7599559,-3.32818397,
8199519,-3.512890751,
8799479,-3.624925779,
9399439,-3.824219754,
9999399,-3.884307262,
10599359,-4.146197153,
11199319,-4.257049344,
11799279,-4.243885549,
12399239,-4.455357172,
12999199,-4.741476753,
13599159,-4.868441873,
14199119,-4.981117874,
14799079,-5.191693472,
15399039,-5.375208726,
15998999,-5.545990445,
16598959,-5.835887125,
17198919,-5.915170549,
17798879,-6.387345058,
18398839,-6.478493162,
18998799,-6.631762256,
19598759,-6.823970669,
20198719,-7.187898301,
20798679,-7.359202852,
21398639,-7.625388524,
21998599,-7.67926037,
22598559,-7.877051195,
23198519,-8.043916978,
23798479,-8.397714328,
24398439,-8.506104554,
24998399,-8.917287216,
25598359,-9.013547969,
26198319,-9.328949827,
26798279,-9.546454789,
27398239,-9.878699438,
27998199,-10.04618835,
28598159,-10.32685791,
29198119,-10.42003471,
29798079,-10.9562703,
30398039,-11.2903574,
30997999,-11.56582839,
31597959,-11.85389434,
32197919,-12.10261611,
32797879,-12.54964283,
33397839,-13.076995,
33997799,-13.23198734,
34597759,-13.50769579,
35197719,-13.86370171,
35797679,-14.3001179,
36397639,-14.41926631,
36997599,-14.72830765,
37597559,-15.642707,
38197519,-15.70731209,
38797479,-16.40877962,
39397439,-16.65242616,
39997399,-17.14992932,
40597359,-17.7571597,
41197319,-18.8154768,
41797279,-18.90090223,
42397239,-19.31154468,
42997199,-19.57534329,
43597159,-19.69749603,
44197119,-20.80426335,
44797079,-21.42708346,
45397039,-22.1485175,
45996999,-22.03327333,
46596959,-22.2988577,
47196919,-22.3898298,
47796879,-22.70959647,
48396839,-22.73551897,
48996799,-22.12332552,
49596759,-21.44291207,
50196719,-21.22121749,
50796679,-20.78816905,
51396639,-20.49497239,
51996599,-20.34663433,
52596559,-19.78089058,
53196519,-18.62906241,
53796479,-18.62616677,
54396439,-17.70497761,
54996399,-17.41990574,
55596359,-17.10066906,
56196319,-16.78015627,
56796279,-16.20387392,
57396239,-15.7329455,
57996199,-15.13275326,
58596159,-14.73911187,
59196119,-14.65509324,
59796079,-14.04942384,
60396039,-13.80209324,
60995999,-13.25224388,
61595959,-13.32226791,
62195919,-12.6039875,
62795879,-12.52874753,
63395839,-12.19159281,
63995799,-12.05303946,
64595759,-11.50770651,
65195719,-11.42217578,
65795679,-11.2065244,
66395639,-10.91926882,
66995599,-10.45369445,
67595559,-10.54689953,
68195519,-10.42511995,
68795479,-9.933991834,
69395439,-9.701206772,
69995399,-9.682768614,
70595359,-9.496259329,
71195319,-9.162132875,
71795279,-9.008240983,
72395239,-8.883890869,
72995199,-8.735917405,
73595159,-8.657477528,
74195119,-8.27982201,
74795079,-8.277128335,
75395039,-7.990891767,
75994999,-7.925461842,
76594959,-7.590259711,
77194919,-7.626256772,
77794879,-7.49210155,
78394839,-7.439434014,
78994799,-7.208648209,
79594759,-7.087002041,
80194719,-6.969528311,
80794679,-6.829307036,
81394639,-6.715637798,
81994599,-6.752335924,
82594559,-6.454066856,
83194519,-6.513511616,
83794479,-6.328454475,
84394439,-6.28236538,
84994399,-6.260694233,
85594359,-6.1585207,
86194319,-6.10820308,
86794279,-5.998857553,
87394239,-5.882311954,
87994199,-5.793615147,
88594159,-5.767730185,
89194119,-5.608374865,
89794079,-5.617456351,
90394039,-5.642818499,
90993999,-5.500539112,
91593959,-5.588283146,
92193919,-5.49601474,
92793879,-5.354753864,
93393839,-5.354756872,
93993799,-5.306985204,
94593759,-5.228645133,
95193719,-5.224096003,
95793679,-5.150893201,
96393639,-5.135566756,
96993599,-5.040691383,
97593559,-5.113636493,
98193519,-4.996366832,
98793479,-4.946732217,
99393439,-4.873805108,
99993399,-4.834276778,
100593359,-4.83104655,
101193319,-4.807065921,
101793279,-4.715736549,
102393239,-4.782360234,
102993199,-4.730647549,
103593159,-4.692987393,
104193119,-4.732146715,
104793079,-4.573989331,
105393039,-4.655861213,
105992999,-4.547379427,
106592959,-4.553372432,
107192919,-4.49945314,
107792879,-4.506489357,
108392839,-4.418801502,
108992799,-4.490924112,
109592759,-4.3960023,
110192719,-4.306949281,
110792679,-4.434607799,
111392639,-4.416734521,
111992599,-4.418770507,
112592559,-4.361929724,
113192519,-4.3232696,
113792479,-4.393829876,
114392439,-4.280598301,
114992399,-4.319818615,
115592359,-4.312822318,
116192319,-4.357075665,
116792279,-4.313209413,
117392239,-4.190148392,
117992199,-4.303716034,
118592159,-4.199895051,
119192119,-4.198442992,
119792079,-4.248995514,
120392039,-4.311225989,
120991999,-4.25509884,
121591959,-4.121128532,
122191919,-4.141834385,
122791879,-4.104531059,
123391839,-4.10654299,
123991799,-4.15312359,
124591759,-4.270388014,
125191719,-4.254418834,
125791679,-4.188952476,
126391639,-4.21539787,
126991599,-4.127373802,
127591559,-4.157116161,
128191519,-4.163266111,
128791479,-4.196408346,
129391439,-4.136677492,
129991399,-4.051962897,
130591359,-4.109691288,
131191319,-4.143770604,
131791279,-4.1165376,
132391239,-4.116122609,
132991199,-4.135852925,
133591159,-4.107767844,
134191119,-4.086815741,
134791079,-4.151604761,
135391039,-4.105870568,
135990999,-4.145229531,
136590959,-4.071562053,
137190919,-4.024947561,
137790879,-4.187451267,
138390839,-4.164360728,
138990799,-4.113341987,
139590759,-4.127815962,
140190719,-4.145707095,
140790679,-4.142901425,
141390639,-4.141107867,
141990599,-4.140545317,
142590559,-4.134320391,
143190519,-4.083377347,
143790479,-4.128016524,
144390438,-4.177481544,
144990398,-4.151105257,
145590358,-4.071658179,
146190318,-4.099041226,
146790278,-4.05282472,
147390238,-4.066886254,
147990198,-4.116532093,
148590158,-4.050955259,
149190118,-4.088423509,
149790078,-4.0410194,
150390038,-4.036663625,
150989998,-4.040097985,
151589958,-4.120253515,
152189918,-4.106469914,
152789878,-4.053330188,
153389838,-4.075306054,
153989798,-4.033459086,
154589758,-4.040883858,
155189718,-4.024008579,
155789678,-4.087127674,
156389638,-4.112236731,
156989598,-4.122861778,
157589558,-4.010198834,
158189518,-4.06668324,
158789478,-4.037613665,
159389438,-4.105086346,
159989398,-4.097866724,
160589358,-4.009881493,
161189318,-4.045228586,
161789278,-4.02058244,
162389238,-4.034022905,
162989198,-4.119656678,
163589158,-4.069609634,
164189118,-4.119456267,
164789078,-4.057354057,
165389038,-4.027119375,
165988998,-4.059399546,
166588958,-4.063574359,
167188918,-4.022117545,
167788878,-4.06738033,
168388838,-4.174281169,
168988798,-3.971857951,
169588758,-4.115619274,
170188718,-4.048076622,
170788678,-4.099708383,
171388638,-4.10035832,
171988598,-4.090818843,
172588558,-4.011072401,
173188518,-4.064298232,
173788478,-4.055646508,
174388438,-4.034152982,
174988398,-4.056409401,
175588358,-3.966853403,
176188318,-3.938845536,
176788278,-3.965267416,
177388238,-3.977148267,
177988198,-3.980678226,
178588158,-4.078651034,
179188118,-4.040398652,
179788078,-4.07121331,
180388038,-4.144784737,
180987998,-4.089998723,
181587958,-4.075973799,
182187918,-4.04697617,
182787878,-4.113497128,
183387838,-4.023321125,
183987798,-4.012591604,
184587758,-4.071167145,
185187718,-4.03754643,
185787678,-4.119075069,
186387638,-4.052588553,
186987598,-4.060524296,
187587558,-4.027828034,
188187518,-4.044691299,
188787478,-3.978323219,
189387438,-4.024535955,
189987398,-3.927366926,
190587358,-3.980343645,
191187318,-3.838992874,
191787278,-3.941322408,
192387238,-3.941910227,
192987198,-3.873335632,
193587158,-3.891682345,
194187118,-3.951611438,
194787078,-3.88611786,
195387038,-3.829839217,
195986998,-3.924655519,
196586958,-3.893968535,
197186918,-3.896674698,
197786878,-3.876276844,
198386838,-3.854802543,
198986798,-3.852263829,
199586758,-3.883088589,
200186718,-3.915343359,
200786678,-3.898346929,
201386638,-3.92870795,
201986598,-3.880870229,
202586558,-3.920472964,
203186518,-3.853362341,
203786478,-3.857839605,
204386438,-3.914754472,
204986398,-3.749966381,
205586358,-3.806114655,
206186318,-3.84452234,
206786278,-3.878613012,
207386238,-3.802551723,
207986198,-3.861249779,
208586158,-3.815053227,
209186118,-3.788382107,
209786078,-3.836473146,
210386038,-3.806855177,
210985998,-3.753679764,
211585958,-3.777267093,
212185918,-3.779659259,
212785878,-3.766980749,
213385838,-3.729435344,
213985798,-3.695264024,
214585758,-3.696325175,
215185718,-3.757082868,
215785678,-3.741847352,
216385638,-3.713821282,
216985598,-3.704596711,
217585558,-3.68335089,
218185518,-3.703968827,
218785478,-3.812781414,
219385438,-3.748908706,
219985398,-3.68151659,
220585358,-3.766303093,
221185318,-3.771332579,
221785278,-3.694666172,
222385238,-3.652351578,
222985198,-3.781893374,
223585158,-3.609089904,
224185118,-3.72525014,
224785078,-3.683265759,
225385038,-3.71892256,
225984998,-3.67263797,
226584958,-3.632876752,
227184918,-3.589143641,
227784878,-3.580544238,
228384838,-3.616917274,
228984798,-3.728862094,
229584758,-3.579712636,
230184718,-3.644262953,
230784678,-3.546729327,
231384638,-3.532990554,
231984598,-3.499117568,
232584558,-3.52295778,
233184518,-3.532292312,
233784478,-3.532290294,
234384438,-3.53896216,
234984398,-3.468401574,
235584358,-3.542244704,
236184318,-3.417387664,
236784278,-3.47437662,
237384238,-3.416377378,
237984198,-3.447708265,
238584158,-3.445597613,
239184118,-3.493503325,
239784078,-3.385907249,
240384038,-3.484732371,
240983998,-3.416218699,
241583958,-3.396628689,
242183918,-3.452856583,
242783878,-3.374028645,
243383838,-3.493904643,
243983798,-3.389145761,
244583758,-3.342556956,
245183718,-3.376029619,
245783678,-3.434132979,
246383638,-3.438535033,
246983598,-3.382699842,
247583558,-3.36362489,
248183518,-3.407034085,
248783478,-3.382165177,
249383438,-3.369883997,
249983398,-3.382999529,
250583358,-3.412301806,
251183318,-3.390833708,
251783278,-3.407725538,
252383238,-3.418065209,
252983198,-3.334100378,
253583158,-3.394629048,
254183118,-3.411718598,
254783078,-3.443777006,
255383038,-3.379178004,
255982998,-3.414404101,
256582958,-3.465818909,
257182918,-3.434029063,
257782878,-3.418824505,
258382838,-3.383019186,
258982798,-3.368313098,
259582758,-3.380647692,
260182718,-3.403742156,
260782678,-3.313067715,
261382638,-3.44592125,
261982598,-3.488031798,
262582558,-3.399141161,
263182518,-3.393857668,
263782478,-3.496326201,
264382438,-3.500616509,
264982398,-3.490311269,
265582358,-3.371318215,
266182318,-3.426609761,
266782278,-3.455391648,
267382238,-3.498957863,
267982198,-3.478540338,
268582158,-3.475563765,
269182118,-3.448987013,
269782078,-3.375885846,
270382038,-3.446743961,
270981998,-3.509211339,
271581958,-3.54537003,
272181918,-3.452670898,
272781878,-3.504824456,
273381838,-3.496639698,
273981798,-3.502312249,
274581758,-3.452416383,
275181718,-3.540343127,
275781678,-3.485725923,
276381638,-3.488362396,
276981598,-3.515709176,
277581558,-3.500482071,
278181518,-3.546406376,
278781478,-3.452867194,
279381438,-3.479258902,
279981398,-3.520310299,
280581358,-3.518962032,
281181318,-3.559319262,
281781278,-3.553575308,
282381238,-3.534614568,
282981198,-3.499380893,
283581158,-3.549673677,
284181118,-3.547278291,
284781078,-3.609642231,
285381038,-3.526726149,
285980998,-3.619513188,
286580958,-3.541918083,
287180917,-3.48199069,
287780877,-3.611699461,
288380837,-3.647651429,
288980797,-3.633987257,
289580757,-3.604216041,
290180717,-3.630162064,
290780677,-3.620111931,
291380637,-3.662110147,
291980597,-3.659281808,
292580557,-3.595613721,
293180517,-3.588079364,
293780477,-3.684452693,
294380437,-3.65075326,
294980397,-3.642603213,
295580357,-3.64876364,
296180317,-3.623195967,
296780277,-3.596814439,
297380237,-3.703969274,
297980197,-3.723969432,
298580157,-3.682332739,
299180117,-3.605808549,
299780077,-3.674852136,
300380037,-3.728583461,
300979997,-3.767245932,
301579957,-3.682656003,
302179917,-3.704455772,
302779877,-3.671461558,
303379837,-3.797135483,
303979797,-3.75023987,
304579757,-3.776452128,
305179717,-3.746106811,
305779677,-3.807871311,
306379637,-3.683574179,
306979597,-3.784563209,
307579557,-3.823775051,
308179517,-3.767013438,
308779477,-3.774737176,
309379437,-3.770461236,
309979397,-3.876540725,
310579357,-3.807083725,
311179317,-3.893425564,
311779277,-3.863422934,
312379237,-3.937155365,
312979197,-3.837390827,
313579157,-3.877749038,
314179117,-3.933918961,
314779077,-3.981767476,
315379037,-3.863060568,
315978997,-3.932183156,
316578957,-3.959420257,
317178917,-3.954265348,
317778877,-3.882582848,
318378837,-4.001017605,
318978797,-4.03923039,
319578757,-3.932370055,
320178717,-3.950898762,
320778677,-3.941939964,
321378637,-3.833431997,
321978597,-4.047506872,
322578557,-3.920061965,
323178517,-4.01805897,
323778477,-3.945622066,
324378437,-3.830064591,
324978397,-3.973355691,
325578357,-3.873118613,
326178317,-3.948369473,
326778277,-3.958134616,
327378237,-3.868902644,
327978197,-4.013737371,
328578157,-3.969295659,
329178117,-3.978962651,
329778077,-3.889478496,
330378037,-3.910615949,
330977997,-3.887074451,
331577957,-3.99555798,
332177917,-3.937110763,
332777877,-3.925930877,
333377837,-3.939416971,
333977797,-3.906250584,
334577757,-4.007096657,
335177717,-3.943044632,
335777677,-3.927797106,
336377637,-4.031068988,
336977597,-3.888510008,
337577557,-3.881625098,
338177517,-3.894575254,
338777477,-3.985050343,
339377437,-3.935504182,
339977397,-3.906801301,
340577357,-3.883686129,
341177317,-3.906330252,
341777277,-3.846687422,
342377237,-3.891620288,
342977197,-4.02262521,
343577157,-3.918800783,
344177117,-3.830383661,
344777077,-4.014768869,
345377037,-3.918394677,
345976997,-3.846555716,
346576957,-3.879456318,
347176917,-3.780928279,
347776877,-3.911448104,
348376837,-3.886888769,
348976797,-3.854683055,
349576757,-3.869847719,
350176717,-3.879375585,
350776677,-3.837716287,
351376637,-3.902261557,
351976597,-3.891656212,
352576557,-3.855450979,
353176517,-3.818725295,
353776477,-3.789875505,
354376437,-3.840745126,
354976397,-3.810976316,
355576357,-3.836673958,
356176317,-3.839407279,
356776277,-3.8474037,
357376237,-3.818762533,
357976197,-3.786213448,
358576157,-3.807579121,
359176117,-3.771979433,
359776077,-3.87460883,
360376037,-3.788684649,
360975997,-3.721243148,
361575957,-3.772298441,
362175917,-3.705706106,
362775877,-3.719027572,
363375837,-3.684544185,
363975797,-3.768314152,
364575757,-3.786762041,
365175717,-3.720965472,
365775677,-3.754590825,
366375637,-3.76701699,
366975597,-3.67073046,
367575557,-3.773237314,
368175517,-3.663263484,
368775477,-3.70674006,
369375437,-3.712600148,
369975397,-3.669701158,
370575357,-3.632456056,
371175317,-3.695228222,
371775277,-3.691552335,
372375237,-3.669010972,
372975197,-3.672126205,
373575157,-3.667676838,
374175117,-3.664365287,
374775077,-3.717733151,
375375037,-3.661206834,
375974997,-3.635445935,
376574957,-3.602276288,
377174917,-3.606245715,
377774877,-3.585203833,
378374837,-3.620770861,
378974797,-3.644477034,
379574757,-3.689029842,
380174717,-3.597832682,
380774677,-3.5376394,
381374637,-3.533068292,
381974597,-3.556235068,
382574557,-3.601510099,
383174517,-3.657337462,
383774477,-3.54754842,
384374437,-3.539842961,
384974397,-3.510229708,
385574357,-3.572760168,
386174317,-3.51251443,
386774277,-3.558857948,
387374237,-3.621865244,
387974197,-3.549016826,
388574157,-3.587676585,
389174117,-3.466795788,
389774077,-3.529994214,
390374037,-3.544723276,
390973997,-3.545260234,
391573957,-3.464591876,
392173917,-3.499727061,
392773877,-3.516557917,
393373837,-3.46837765,
393973797,-3.435875162,
394573757,-3.494233082,
395173717,-3.439995857,
395773677,-3.46395967,
396373637,-3.4153344,
396973597,-3.386425896,
397573557,-3.406928286,
398173517,-3.445604948,
398773477,-3.475615999,
399373437,-3.567612773,
399973397,-3.445644194,
400573357,-3.396328523,
401173317,-3.529465186,
401773277,-3.441017374,
402373237,-3.331327193,
402973197,-3.427298554,
403573157,-3.447674128,
404173117,-3.392698228,
404773077,-3.475314537,
405373037,-3.477353188,
405972997,-3.49899373,
406572957,-3.470769444,
407172917,-3.414086961,
407772877,-3.321180223,
408372837,-3.434744187,
408972797,-3.446772806,
409572757,-3.53141496,
410172717,-3.443294757,
410772677,-3.403095545,
411372637,-3.463138147,
411972597,-3.404686853,
412572557,-3.40011703,
413172517,-3.462509176,
413772477,-3.445000097,
414372437,-3.428645713,
414972397,-3.497467755,
415572357,-3.400927229,
416172317,-3.410626963,
416772277,-3.346189551,
417372237,-3.338584763,
417972197,-3.371313631,
418572157,-3.376012988,
419172117,-3.35920262,
419772077,-3.445239067,
420372037,-3.381634274,
420971997,-3.380735383,
421571957,-3.32782447,
422171917,-3.435592369,
422771877,-3.318720389,
423371837,-3.320896204,
423971797,-3.347224973,
424571757,-3.359765368,
425171717,-3.297016842,
425771677,-3.397639276,
426371637,-3.363399278,
426971597,-3.249160906,
427571557,-3.378525731,
428171517,-3.294301096,
428771477,-3.304876224,
429371437,-3.304761926,
429971396,-3.311080352,
430571356,-3.333384181,
431171316,-3.271178266,
431771276,-3.331626674,
432371236,-3.237730163,
432971196,-3.271308653,
433571156,-3.296457126,
434171116,-3.319454141,
434771076,-3.33038526,
435371036,-3.207358938,
435970996,-3.279206567,
436570956,-3.221678948,
437170916,-3.189481438,
437770876,-3.311525471,
438370836,-3.415499742,
438970796,-3.379804313,
439570756,-3.223193498,
440170716,-3.250089753,
440770676,-3.256370568,
441370636,-3.273474273,
441970596,-3.238673073,
442570556,-3.264087669,
443170516,-3.260197936,
443770476,-3.27257721,
444370436,-3.22428238,
444970396,-3.296684364,
445570356,-3.218677996,
446170316,-3.339526195,
446770276,-3.263457813,
447370236,-3.321580926,
447970196,-3.304552577,
448570156,-3.349220263,
449170116,-3.330845218,
449770076,-3.279680817,
450370036,-3.296194926,
450969996,-3.248220855,
451569956,-3.298875478,
452169916,-3.231495153,
452769876,-3.379090057,
453369836,-3.2191277,
453969796,-3.338985301,
454569756,-3.251204532,
455169716,-3.306395388,
455769676,-3.357897615,
456369636,-3.339844817,
456969596,-3.341636319,
457569556,-3.209504196,
458169516,-3.318335487,
458769476,-3.272750664,
459369436,-3.289741347,
459969396,-3.352818174,
460569356,-3.202468331,
461169316,-3.299233693,
461769276,-3.364447406,
462369236,-3.310839535,
462969196,-3.40853173,
463569156,-3.28508864,
464169116,-3.331595122,
464769076,-3.33969692,
465369036,-3.328958163,
465968996,-3.406161295,
466568956,-3.401267892,
467168916,-3.253370134,
467768876,-3.328555249,
468368836,-3.366618524,
468968796,-3.274908279,
469568756,-3.303326778,
470168716,-3.332987602,
470768676,-3.389257949,
471368636,-3.30445699,
471968596,-3.24891864,
472568556,-3.343665788,
473168516,-3.379952755,
473768476,-3.403392256,
474368436,-3.314946648,
474968396,-3.332805945,
475568356,-3.34545688,
476168316,-3.346694186,
476768276,-3.361429341,
477368236,-3.345018259,
477968196,-3.366346281,
478568156,-3.371312063,
479168116,-3.389023598,
479768076,-3.424560052,
480368036,-3.401195205,
480967996,-3.431634529,
481567956,-3.427748536,
482167916,-3.494081531,
482767876,-3.445775818,
483367836,-3.423461717,
483967796,-3.433128585,
484567756,-3.42758658,
485167716,-3.453927653,
485767676,-3.443792824,
486367636,-3.426296066,
486967596,-3.508160343,
487567556,-3.422400472,
488167516,-3.438207334,
488767476,-3.510728086,
489367436,-3.441255311,
489967396,-3.519482103,
490567356,-3.490072632,
491167316,-3.546690031,
491767276,-3.46513767,
492367236,-3.458330741,
492967196,-3.496617163,
493567156,-3.547694342,
494167116,-3.540197836,
494767076,-3.550891588,
495367036,-3.529546947,
495966996,-3.513010124,
496566956,-3.501109444,
497166916,-3.563706173,
497766876,-3.489369298,
498366836,-3.502565129,
498966796,-3.55349452,
499566756,-3.518354179,
500166716,-3.595188967,
500766676,-3.573955681,
501366636,-3.559859346,
501966596,-3.590499089,
502566556,-3.592124077,
503166516,-3.579567633,
503766476,-3.602682693,
504366436,-3.604400109,
504966396,-3.722961305,
505566356,-3.609775209,
506166316,-3.641687707,
506766276,-3.636348944,
507366236,-3.733066858,
507966196,-3.73013426,
508566156,-3.69978417,
509166116,-3.667693226,
509766076,-3.680583038,
510366036,-3.695774325,
510965996,-3.644802852,
511565956,-3.657750016,
512165916,-3.793203256,
512765876,-3.696560269,
513365836,-3.738766065,
513965796,-3.77588507,
514565756,-3.698671342,
515165716,-3.744475502,
515765676,-3.726621494,
516365636,-3.724084013,
516965596,-3.781645427,
517565556,-3.708248266,
518165516,-3.823059865,
518765476,-3.785993362,
519365436,-3.788526203,
519965396,-3.824133357,
520565356,-3.744172959,
521165316,-3.832770151,
521765276,-3.864138276,
522365236,-3.826300374,
522965196,-3.89316592,
523565156,-3.912631453,
524165116,-3.877184193,
524765076,-3.856504213,
525365036,-3.852500105,
525964996,-3.950839178,
526564956,-3.95440439,
527164916,-3.783958129,
527764876,-3.912359625,
528364836,-3.799203042,
528964796,-3.915664757,
529564756,-4.012893892,
530164716,-3.991626318,
530764676,-4.002680871,
531364636,-3.866575148,
531964596,-3.949451029,
532564556,-4.078151329,
533164516,-4.05809134,
533764476,-4.054517928,
534364436,-4.082022208,
534964396,-3.991486835,
535564356,-4.014784603,
536164316,-4.026269138,
536764276,-4.023093534,
537364236,-4.144607096,
537964196,-4.168913012,
538564156,-4.098679535,
539164116,-4.069505656,
539764076,-4.199850343,
540364036,-4.15243249,
540963996,-4.186890005,
541563956,-4.172323764,
542163916,-4.149815728,
542763876,-4.198176193,
543363836,-4.221618133,
543963796,-4.199428271,
544563756,-4.175159303,
545163716,-4.320598008,
545763676,-4.18626707,
546363636,-4.114918785,
546963596,-4.257942984,
547563556,-4.206388604,
548163516,-4.33520287,
548763476,-4.318075878,
549363436,-4.20298798,
549963396,-4.306672426,
550563356,-4.261461605,
551163316,-4.320046956,
551763276,-4.366576702,
552363236,-4.324650922,
552963196,-4.361033878,
553563156,-4.342574113,
554163116,-4.32802581,
554763076,-4.278336014,
555363036,-4.315503901,
555962996,-4.362934553,
556562956,-4.417710898,
557162916,-4.350639834,
557762876,-4.378652959,
558362836,-4.33133983,
558962796,-4.348007941,
559562756,-4.377657257,
560162716,-4.41202497,
560762676,-4.406309428,
561362636,-4.420845709,
561962596,-4.420972635,
562562556,-4.449363552,
563162516,-4.46963819,
563762476,-4.364963617,
564362436,-4.487324702,
564962396,-4.496772776,
565562356,-4.498501332,
566162316,-4.434911492,
566762276,-4.527017095,
567362236,-4.478724685,
567962196,-4.473265326,
568562156,-4.440782327,
569162116,-4.526618637,
569762076,-4.455771271,
570362036,-4.528157335,
570961996,-4.496417507,
571561956,-4.515139318,
572161916,-4.522218098,
572761875,-4.54448731,
573361835,-4.442416338,
573961795,-4.556590109,
574561755,-4.564739629,
575161715,-4.582744203,
575761675,-4.481595715,
576361635,-4.553987788,
576961595,-4.605344347,
577561555,-4.563373961,
578161515,-4.604145802,
578761475,-4.52304508,
579361435,-4.627725166,
579961395,-4.51517951,
580561355,-4.604770789,
581161315,-4.557580617,
581761275,-4.566806981,
582361235,-4.522452054,
582961195,-4.585121948,
583561155,-4.613803087,
584161115,-4.556078476,
584761075,-4.516684955,
585361035,-4.518152349,
585960995,-4.672561488,
586560955,-4.599664311,
587160915,-4.601647288,
587760875,-4.658793963,
588360835,-4.633167536,
588960795,-4.612289949,
589560755,-4.640101353,
590160715,-4.669318738,
590760675,-4.5833393,
591360635,-4.538910375,
591960595,-4.663575084,
592560555,-4.654773334,
593160515,-4.589259447,
593760475,-4.654688979,
594360435,-4.621853573,
594960395,-4.631761659,
595560355,-4.598434555,
596160315,-4.617319392,
596760275,-4.620838455,
597360235,-4.698253256,
597960195,-4.636291727,
598560155,-4.742823017,
599160115,-4.561941386,
599760075,-4.643187681,
600360035,-4.659593864,
600959995,-4.631602408,
601559955,-4.651450511,
602159915,-4.608619627,
602759875,-4.581761426,
603359835,-4.616075976,
603959795,-4.560812063,
604559755,-4.562850467,
605159715,-4.627021032,
605759675,-4.682985301,
606359635,-4.598981965,
606959595,-4.651261095,
607559555,-4.669066128,
608159515,-4.652045388,
608759475,-4.532718966,
609359435,-4.661349243,
609959395,-4.56774654,
610559355,-4.576293816,
611159315,-4.591369045,
611759275,-4.557420657,
612359235,-4.63409151,
612959195,-4.590659689,
613559155,-4.631905782,
614159115,-4.602845446,
614759075,-4.524186945,
615359035,-4.592395985,
615958995,-4.610570381,
616558955,-4.497187512,
617158915,-4.648224112,
617758875,-4.541319328,
618358835,-4.589752768,
618958795,-4.554081791,
619558755,-4.620063892,
620158715,-4.49863009,
620758675,-4.560588318,
621358635,-4.577097116,
621958595,-4.519261973,
622558555,-4.561652146,
623158515,-4.531582477,
623758475,-4.567000822,
624358435,-4.503350678,
624958395,-4.569991161,
625558355,-4.421738429,
626158315,-4.499924478,
626758275,-4.569351407,
627358235,-4.55481748,
627958195,-4.467633261,
628558155,-4.465964894,
629158115,-4.494298431,
629758075,-4.46587381,
630358035,-4.44643123,
630957995,-4.504934238,
631557955,-4.458613567,
632157915,-4.474764729,
632757875,-4.327992245,
633357835,-4.63266182,
633957795,-4.514550833,
634557755,-4.44238654,
635157715,-4.511964573,
635757675,-4.445346167,
636357635,-4.398569826,
636957595,-4.486832938,
637557555,-4.307449691,
638157515,-4.330142456,
638757475,-4.437823674,
639357435,-4.381315151,
639957395,-4.354289981,
640557355,-4.420366533,
641157315,-4.403948668,
641757275,-4.363335882,
642357235,-4.415910113,
642957195,-4.416137322,
643557155,-4.274253207,
644157115,-4.338775515,
644757075,-4.284291432,
645357035,-4.345706957,
645956995,-4.351924074,
646556955,-4.307694123,
647156915,-4.336578375,
647756875,-4.334655645,
648356835,-4.228404637,
648956795,-4.243259969,
649556755,-4.309040708,
650156715,-4.268885862,
650756675,-4.256393147,
651356635,-4.259022982,
651956595,-4.226856919,
652556555,-4.232632998,
653156515,-4.250856802,
653756475,-4.196097409,
654356435,-4.15723033,
654956395,-4.273909036,
655556355,-4.113390283,
656156315,-4.239456986,
656756275,-4.151686666,
657356235,-4.161974109,
657956195,-4.278507285,
658556155,-4.227792381,
659156115,-4.1007761,
659756075,-4.176522982,
660356035,-4.102323768,
660955995,-4.07065139,
661555955,-4.186242309,
662155915,-4.14513092,
662755875,-4.095324783,
663355835,-4.131780509,
663955795,-4.068776707,
664555755,-4.10629516,
665155715,-4.084831015,
665755675,-4.183536764,
666355635,-4.060033657,
666955595,-4.073584909,
667555555,-4.14850607,
668155515,-4.104735618,
668755475,-4.036723358,
669355435,-4.042505156,
669955395,-4.047008837,
670555355,-4.046206709,
671155315,-4.06993751,
671755275,-3.971358905,
672355235,-3.989724646,
672955195,-3.96483445,
673555155,-3.987996012,
674155115,-3.905401582,
674755075,-3.989053003,
675355035,-3.944408642,
675954995,-3.962601354,
676554955,-3.916613199,
677154915,-3.841048397,
677754875,-3.830277716,
678354835,-3.835979406,
678954795,-3.833768599,
679554755,-3.946435928,
680154715,-3.851440799,
680754675,-3.810676673,
681354635,-3.785300669,
681954595,-3.852007095,
682554555,-3.813600905,
683154515,-3.778523792,
683754475,-3.755875113,
684354435,-3.787562537,
684954395,-3.804452878,
685554355,-3.740275954,
686154315,-3.771217175,
686754275,-3.791304803,
687354235,-3.76315124,
687954195,-3.762009608,
688554155,-3.704583968,
689154115,-3.790290415,
689754075,-3.747415984,
690354035,-3.843613384,
690953995,-3.699840874,
691553955,-3.754166404,
692153915,-3.714978305,
692753875,-3.696636965,
693353835,-3.683728507,
693953795,-3.649389289,
694553755,-3.693288439,
695153715,-3.686540719,
695753675,-3.623324409,
696353635,-3.705037983,
696953595,-3.663927604,
697553555,-3.595416588,
698153515,-3.656759666,
698753475,-3.642548433,
699353435,-3.680775671,
699953395,-3.619789872,
700553355,-3.601224771,
701153315,-3.670620962,
701753275,-3.583932463,
702353235,-3.596418456,
702953195,-3.546908097,
703553155,-3.491369532,
704153115,-3.611909165,
704753075,-3.591636302,
705353035,-3.616116218,
705952995,-3.476025721,
706552955,-3.566386861,
707152915,-3.508200391,
707752875,-3.544266545,
708352835,-3.510490004,
708952795,-3.507132024,
709552755,-3.539383863,
710152715,-3.546446426,
710752675,-3.604894204,
711352635,-3.542412182,
711952595,-3.511095031,
712552555,-3.483455764,
713152515,-3.465554221,
713752475,-3.515440954,
714352435,-3.498670313,
714952395,-3.484373047,
715552354,-3.521149486,
716152314,-3.471805711,
716752274,-3.526172553,
717352234,-3.501222892,
717952194,-3.480044637,
718552154,-3.477243396,
719152114,-3.457955128,
719752074,-3.475307894,
720352034,-3.486770274,
720951994,-3.595216268,
721551954,-3.416397808,
722151914,-3.482928417,
722751874,-3.482352967,
723351834,-3.444221422,
723951794,-3.487136725,
724551754,-3.462682358,
725151714,-3.402513837,
725751674,-3.438018652,
726351634,-3.460799742,
726951594,-3.384437583,
727551554,-3.428014037,
728151514,-3.459825699,
728751474,-3.387176713,
729351434,-3.438994883,
729951394,-3.418389618,
730551354,-3.339684148,
731151314,-3.435040634,
731751274,-3.386021523,
732351234,-3.485701121,
732951194,-3.430491964,
733551154,-3.375006363,
734151114,-3.380143843,
734751074,-3.401210433,
735351034,-3.363371613,
735950994,-3.429054938,
736550954,-3.353421636,
737150914,-3.399995256,
737750874,-3.456701581,
738350834,-3.413756166,
738950794,-3.460126803,
739550754,-3.359984999,
740150714,-3.412031873,
740750674,-3.393550985,
741350634,-3.36197059,
741950594,-3.357421893,
742550554,-3.428920392,
743150514,-3.451945554,
743750474,-3.361889146,
744350434,-3.43923982,
744950394,-3.372794165,
745550354,-3.45623032,
746150314,-3.467660519,
746750274,-3.430865761,
747350234,-3.38081993,
747950194,-3.436388054,
748550154,-3.398622977,
749150114,-3.359766703,
749750074,-3.380315161,
750350034,-3.389833518,
750949994,-3.422755067,
751549954,-3.418756588,
752149914,-3.363071972,
752749874,-3.423807861,
753349834,-3.292441928,
753949794,-3.384422924,
754549754,-3.437687079,
755149714,-3.324719086,
755749674,-3.380425062,
756349634,-3.376014359,
756949594,-3.450768564,
757549554,-3.540247176,
758149514,-3.466182721,
758749474,-3.396355599,
759349434,-3.338222317,
759949394,-3.503713653,
760549354,-3.439793084,
761149314,-3.466111862,
761749274,-3.490841567,
762349234,-3.515904658,
762949194,-3.349722751,
763549154,-3.357702798,
764149114,-3.41874713,
764749074,-3.446231305,
765349034,-3.541752164,
765948994,-3.427206361,
766548954,-3.382554077,
767148914,-3.456243103,
767748874,-3.52252242,
768348834,-3.507068711,
768948794,-3.531234524,
769548754,-3.525696325,
770148714,-3.536940424,
770748674,-3.624471101,
771348634,-3.532594367,
771948594,-3.633815949,
772548554,-3.510477467,
773148514,-3.613322941,
773748474,-3.538098454,
774348434,-3.545908064,
774948394,-3.524890979,
775548354,-3.633659956,
776148314,-3.528532925,
776748274,-3.52990645,
777348234,-3.61018231,
777948194,-3.64702532,
778548154,-3.582496938,
779148114,-3.66527187,
779748074,-3.586881474,
780348034,-3.654976025,
780947994,-3.571685821,
781547954,-3.694440269,
782147914,-3.743803757,
782747874,-3.773785985,
783347834,-3.598551864,
783947794,-3.693450116,
784547754,-3.725243019,
785147714,-3.739371437,
785747674,-3.637082078,
786347634,-3.705629064,
786947594,-3.71240805,
787547554,-3.76844983,
788147514,-3.708692898,
788747474,-3.761202982,
789347434,-3.745711459,
789947394,-3.753853923,
790547354,-3.754770367,
791147314,-3.740615142,
791747274,-3.793890066,
792347234,-3.793827983,
792947194,-3.837373761,
793547154,-3.842817482,
794147114,-3.866345351,
794747074,-3.884024675,
795347034,-3.865213126,
795946994,-3.956985829,
796546954,-3.925214977,
797146914,-3.928693692,
797746874,-3.941217098,
798346834,-3.904381332,
798946794,-3.978541214,
799546754,-3.927111922,
800146714,-3.982464495,
800746674,-3.887519097,
801346634,-3.900499093,
801946594,-3.987945413,
802546554,-3.918983266,
803146514,-3.956935265,
803746474,-4.058682989,
804346434,-4.02410791,
804946394,-4.011625394,
805546354,-4.099014797,
806146314,-4.052509835,
806746274,-4.05668468,
807346234,-4.120042153,
807946194,-4.159355688,
808546154,-4.047098024,
809146114,-4.102269188,
809746074,-4.10412787,
810346034,-4.050494675,
810945994,-4.194573579,
811545954,-4.116796582,
812145914,-4.244080195,
812745874,-4.179066142,
813345834,-4.183528522,
813945794,-4.129681946,
814545754,-4.187098203,
815145714,-4.246101327,
815745674,-4.221339827,
816345634,-4.328870934,
816945594,-4.270966169,
817545554,-4.241086412,
818145514,-4.197546232,
818745474,-4.384566719,
819345434,-4.40475169,
819945394,-4.420384298,
820545354,-4.415580782,
821145314,-4.478463761,
821745274,-4.386009869,
822345234,-4.343027064,
822945194,-4.465939975,
823545154,-4.464915464,
824145114,-4.44535629,
824745074,-4.503508718,
825345034,-4.431657129,
825944994,-4.47015291,
826544954,-4.482308649,
827144914,-4.413957835,
827744874,-4.478879752,
828344834,-4.531358113,
828944794,-4.431214761,
829544754,-4.609806841,
830144714,-4.502664904,
830744674,-4.459500387,
831344634,-4.544496007,
831944594,-4.497840238,
832544554,-4.554612503,
833144514,-4.619536012,
833744474,-4.471695422,
834344434,-4.532376458,
834944394,-4.505562731,
835544354,-4.59767247,
836144314,-4.542269443,
836744274,-4.622075859,
837344234,-4.681568716,
837944194,-4.662549432,
838544154,-4.621580136,
839144114,-4.631317163,
839744074,-4.6701839,
840344034,-4.669677021,
840943994,-4.68990909,
841543954,-4.772243918,
842143914,-4.714096348,
842743874,-4.645167729,
843343834,-4.743251523,
843943794,-4.74422239,
844543754,-4.70713658,
845143714,-4.776669692,
845743674,-4.794913082,
846343634,-4.768386043,
846943594,-4.744474257,
847543554,-4.703119627,
848143514,-4.803124417,
848743474,-4.728362437,
849343434,-4.720493577,
849943394,-4.765956998,
850543354,-4.791889406,
851143314,-4.836533172,
851743274,-4.820732005,
852343234,-4.725809177,
852943194,-4.857228272,
853543154,-4.906702537,
854143114,-4.858481901,
854743074,-4.923549419,
855343034,-4.807032513,
855942994,-4.882797061,
856542954,-4.84519865,
857142914,-4.900854539,
857742874,-4.855913664,
858342833,-4.915086917,
858942793,-4.828325091,
859542753,-4.911156193,
860142713,-4.886532539,
860742673,-4.864380953,
861342633,-4.845501307,
861942593,-4.912168347,
862542553,-4.943024468,
863142513,-4.933384754,
863742473,-4.955029447,
864342433,-4.782906506,
864942393,-4.845223677,
865542353,-4.890159721,
866142313,-4.815164623,
866742273,-4.933490851,
867342233,-5.02951116,
867942193,-4.906400121,
868542153,-5.008337639,
869142113,-4.827518866,
869742073,-4.857434288,
870342033,-4.962026603,
870941993,-5.02694559,
871541953,-4.943302106,
872141913,-4.934741736,
872741873,-4.894042093,
873341833,-4.891920078,
873941793,-4.877196726,
874541753,-4.865182948,
875141713,-4.923195212,
875741673,-4.995530298,
876341633,-4.903884763,
876941593,-5.033317475,
877541553,-5.033713539,
878141513,-4.975020325,
878741473,-4.991115644,
879341433,-4.899061519,
879941393,-4.857350092,
880541353,-4.886672915,
881141313,-5.065287246,
881741273,-5.01076463,
882341233,-4.976132864,
882941193,-4.857697652,
883541153,-4.924085753,
884141113,-4.881405907,
884741073,-4.850217959,
885341033,-5.088512305,
885940993,-4.829960677,
886540953,-4.938966341,
887140913,-4.856518742,
887740873,-4.954596321,
888340833,-4.795648841,
888940793,-4.924767718,
889540753,-4.980644383,
890140713,-5.012092536,
890740673,-4.978200174,
891340633,-4.992518189,
891940593,-4.929819644,
892540553,-4.916108942,
893140513,-4.827761232,
893740473,-4.870519263,
894340433,-4.845892348,
894940393,-4.878349135,
895540353,-4.847728816,
896140313,-4.735492564,
896740273,-4.882358948,
897340233,-4.887455095,
897940193,-4.841568682,
898540153,-4.790975243,
899140113,-4.83368688,
899740073,-4.789889,
900340033,-4.815364315,
900939993,-4.791048635,
901539953,-4.813950572,
902139913,-4.853080416,
902739873,-4.829599041,
903339833,-4.836716184,
903939793,-4.786623394,
904539753,-4.785033335,
905139713,-4.89509005,
905739673,-4.822393601,
906339633,-4.769798812,
906939593,-4.852458322,
907539553,-4.88713043,
908139513,-4.753721451,
908739473,-4.653167885,
909339433,-4.732940325,
909939393,-4.760127801,
910539353,-4.708328804,
911139313,-4.812958727,
911739273,-4.691150609,
912339233,-4.652926625,
912939193,-4.696822436,
913539153,-4.652716924,
914139113,-4.711016872,
914739073,-4.562855864,
915339033,-4.588318838,
915938993,-4.624615414,
916538953,-4.695764615,
917138913,-4.620203517,
917738873,-4.672689279,
918338833,-4.585704907,
918938793,-4.651134887,
919538753,-4.602938058,
920138713,-4.541723125,
920738673,-4.538560297,
921338633,-4.574124836,
921938593,-4.562759349,
922538553,-4.492448968,
923138513,-4.410137899,
923738473,-4.444145537,
924338433,-4.518428338,
924938393,-4.378463384,
925538353,-4.419641977,
926138313,-4.470798706,
926738273,-4.398986234,
927338233,-4.395580107,
927938193,-4.357389423,
928538153,-4.31243661,
929138113,-4.332654909,
929738073,-4.356761108,
930338033,-4.287197392,
930937993,-4.356958823,
931537953,-4.369740051,
932137913,-4.191587104,
932737873,-4.304778843,
933337833,-4.300960047,
933937793,-4.234667777,
934537753,-4.312931516,
935137713,-4.167425034,
935737673,-4.26750829,
936337633,-4.194784478,
936937593,-4.259293373,
937537553,-4.195623722,
938137513,-4.18320133,
938737473,-4.218214791,
939337433,-4.187886366,
939937393,-4.123315215,
940537353,-4.107668291,
941137313,-4.088596186,
941737273,-4.199332998,
942337233,-4.087257891,
942937193,-3.987653307,
943537153,-4.06087457,
944137113,-4.117868966,
944737073,-4.121636002,
945337033,-3.974539137,
945936993,-4.06440594,
946536953,-4.034130945,
947136913,-4.006619203,
947736873,-3.922716273,
948336833,-4.027027004,
948936793,-4.069008513,
949536753,-4.023551783,
950136713,-3.997914794,
950736673,-4.009716307,
951336633,-3.929886797,
951936593,-3.969218352,
952536553,-3.886543739,
953136513,-3.842843543,
953736473,-3.839860781,
954336433,-3.872616513,
954936393,-3.837852591,
955536353,-3.831246257,
956136313,-3.804377006,
956736273,-3.781006032,
957336233,-3.787556767,
957936193,-3.871122463,
958536153,-3.778641061,
959136113,-3.874321486,
959736073,-3.758749836,
960336033,-3.80174341,
960935993,-3.785591667,
961535953,-3.719311859,
962135913,-3.765110837,
962735873,-3.76180501,
963335833,-3.736701735,
963935793,-3.691731746,
964535753,-3.756930637,
965135713,-3.714727236,
965735673,-3.72933643,
966335633,-3.738360631,
966935593,-3.591140736,
967535553,-3.655177821,
968135513,-3.636147519,
968735473,-3.642454938,
969335433,-3.657859648,
969935393,-3.682596514,
970535353,-3.641469434,
971135313,-3.686377107,
971735273,-3.462641695,
972335233,-3.519004985,
972935193,-3.580132824,
973535153,-3.605809125,
974135113,-3.60987047,
974735073,-3.642166804,
975335033,-3.587169727,
975934993,-3.60474608,
976534953,-3.601747953,
977134913,-3.582560782,
977734873,-3.494995387,
978334833,-3.494509313,
978934793,-3.566083453,
979534753,-3.539682694,
980134713,-3.49852963,
980734673,-3.535220261,
981334633,-3.467996838,
981934593,-3.476847556,
982534553,-3.566292699,
983134513,-3.501387327,
983734473,-3.484577755,
984334433,-3.456734045,
984934393,-3.53770948,
985534353,-3.462999849,
986134313,-3.488687457,
986734273,-3.437296424,
987334233,-3.390268483,
987934193,-3.402863553,
988534153,-3.524140217,
989134113,-3.45557098,
989734073,-3.446889779,
990334033,-3.43573498,
990933993,-3.390339442,
991533953,-3.399434866,
992133913,-3.453838782,
992733873,-3.544065497,
993333833,-3.390629018,
993933793,-3.414920372,
994533753,-3.403556814,
995133713,-3.402201816,
995733673,-3.434014827,
996333633,-3.349792031,
996933593,-3.396133037,
997533553,-3.463109749,
998133513,-3.358044377,
998733473,-3.404475617,
999333433,-3.313687607,
999933393,-3.481414289,
1000533353,-3.417620789,
1001133312,-3.351584956,
1001733272,-3.345801837,
1002333232,-3.278715389,
1002933192,-3.472534249,
1003533152,-3.431193095,
1004133112,-3.387132322,
1004733072,-3.381559244,
1005333032,-3.360365242,
1005932992,-3.442287796,
1006532952,-3.465533183,
1007132912,-3.377041253,
1007732872,-3.327109438,
1008332832,-3.314386154,
1008932792,-3.347294213,
1009532752,-3.332975871,
1010132712,-3.386773695,
1010732672,-3.417826778,
1011332632,-3.382423316,
1011932592,-3.369422124,
1012532552,-3.328776489,
1013132512,-3.32457288,
1013732472,-3.296567757,
1014332432,-3.451647545,
1014932392,-3.333190299,
1015532352,-3.390400403,
1016132312,-3.345794345,
1016732272,-3.406932722,
1017332232,-3.362330823,
1017932192,-3.368929525,
1018532152,-3.355365875,
1019132112,-3.390496505,
1019732072,-3.355016248,
1020332032,-3.368598333,
1020931992,-3.422339629,
1021531952,-3.424232358,
1022131912,-3.402750772,
1022731872,-3.380216643,
1023331832,-3.3203437,
1023931792,-3.369321656,
1024531752,-3.393367964,
1025131712,-3.471586616,
1025731672,-3.445366432,
1026331632,-3.420920521,
1026931592,-3.428643661,
1027531552,-3.339900884,
1028131512,-3.490834184,
1028731472,-3.405023928,
1029331432,-3.411602371,
1029931392,-3.29888902,
1030531352,-3.420697929,
1031131312,-3.361429387,
1031731272,-3.482883132,
1032331232,-3.444109598,
1032931192,-3.337078279,
1033531152,-3.408523678,
1034131112,-3.400143047,
1034731072,-3.471238344,
1035331032,-3.378801997,
1035930992,-3.503667042,
1036530952,-3.434959693,
1037130912,-3.382316846,
1037730872,-3.466565145,
1038330832,-3.297401486,
1038930792,-3.498016936,
1039530752,-3.510898356,
1040130712,-3.496528122,
1040730672,-3.390720164,
1041330632,-3.606453006,
1041930592,-3.510514747,
1042530552,-3.562273469,
1043130512,-3.582739274,
1043730472,-3.499444363,
1044330432,-3.505827108,
1044930392,-3.606933471,
1045530352,-3.57973908,
1046130312,-3.581935998,
1046730272,-3.533157883,
1047330232,-3.594851046,
1047930192,-3.577615412,
1048530152,-3.516115318,
1049130112,-3.574267084,
1049730072,-3.607190149,
1050330032,-3.59437199,
1050929992,-3.616854158,
1051529952,-3.660313177,
1052129912,-3.518308447,
1052729872,-3.557989641,
1053329832,-3.548009778,
1053929792,-3.622540193,
1054529752,-3.615147152,
1055129712,-3.553817262,
1055729672,-3.683077556,
1056329632,-3.612456588,
1056929592,-3.593582702,
1057529552,-3.645693384,
1058129512,-3.699416655,
1058729472,-3.627590816,
1059329432,-3.665521351,
1059929392,-3.597844034,
1060529352,-3.766940862,
1061129312,-3.587972262,
1061729272,-3.682660251,
1062329232,-3.706753203,
1062929192,-3.720441163,
1063529152,-3.708836407,
1064129112,-3.73629732,
1064729072,-3.744196369,
1065329032,-3.72202124,
1065928992,-3.719664517,
1066528952,-3.770526066,
1067128912,-3.670426747,
1067728872,-3.736520805,
1068328832,-3.771378034,
1068928792,-3.741836724,
1069528752,-3.789522444,
1070128712,-3.801225748,
1070728672,-3.805620676,
1071328632,-3.804481402,
1071928592,-3.855322927,
1072528552,-3.767445306,
1073128512,-3.850737472,
1073728472,-3.805538982,
1074328432,-3.815189342,
1074928392,-3.789636736,
1075528352,-3.881598351,
1076128312,-3.857240895,
1076728272,-3.919570468,
1077328232,-3.860101003,
1077928192,-3.883563989,
1078528152,-3.93804257,
1079128112,-3.909544831,
1079728072,-3.867186258,
1080328032,-3.962712612,
1080927992,-3.888448881,
1081527952,-3.906155215,
1082127912,-3.916761243,
1082727872,-3.992781779,
1083327832,-4.002529916,
1083927792,-3.939996228,
1084527752,-3.933903782,
1085127712,-3.946920252,
1085727672,-3.966619373,
1086327632,-3.969032413,
1086927592,-3.88934356,
1087527552,-3.931970737,
1088127512,-4.002201283,
1088727472,-4.080351202,
1089327432,-4.005908683,
1089927392,-4.105698569,
1090527352,-4.018063495,
1091127312,-4.094044289,
1091727272,-4.121214345,
1092327232,-4.089019145,
1092927192,-4.08183189,
1093527152,-4.205757322,
1094127112,-4.093494377,
1094727072,-4.187722539,
1095327032,-4.135990718,
1095926992,-4.11982648,
1096526952,-4.209893323,
1097126912,-4.173353753,
1097726872,-4.192095942,
1098326832,-4.289964844,
1098926792,-4.130283121,
1099526752,-4.180497888,
1100126712,-4.262976002,
1100726672,-4.325428626,
1101326632,-4.355641009,
1101926592,-4.254944225,
1102526552,-4.248928695,
1103126512,-4.294601009,
1103726472,-4.341491675,
1104326432,-4.354500391,
1104926392,-4.336243316,
1105526352,-4.370142167,
1106126312,-4.317266665,
1106726272,-4.365564001,
1107326232,-4.456174634,
1107926192,-4.34180996,
1108526152,-4.29699425,
1109126112,-4.410179598,
1109726072,-4.338644207,
1110326032,-4.356652095,
1110925992,-4.435665798,
1111525952,-4.414812319,
1112125912,-4.483078269,
1112725872,-4.390213897,
1113325832,-4.311940196,
1113925792,-4.413633312,
1114525752,-4.538041103,
1115125712,-4.48748455,
1115725672,-4.357649691,
1116325632,-4.516978144,
1116925592,-4.460427357,
1117525552,-4.483688296,
1118125512,-4.413436083,
1118725472,-4.50436077,
1119325432,-4.53794827,
1119925392,-4.452834808,
1120525352,-4.507345359,
1121125312,-4.554243868,
1121725272,-4.413260046,
1122325232,-4.457403248,
1122925192,-4.588833715,
1123525152,-4.585844463,
1124125112,-4.50633782,
1124725072,-4.489067238,
1125325032,-4.573674302,
1125924992,-4.556505854,
1126524952,-4.576944933,
1127124912,-4.640333109,
1127724872,-4.537766772,
1128324832,-4.483784334,
1128924792,-4.547034339,
1129524752,-4.550703222,
1130124712,-4.606157348,
1130724672,-4.542938355,
1131324632,-4.527383824,
1131924592,-4.605349558,
1132524552,-4.630554996,
1133124512,-4.547432606,
1133724472,-4.602576011,
1134324432,-4.558518315,
1134924392,-4.598099542,
1135524352,-4.67976836,
1136124312,-4.546884623,
1136724272,-4.603717177,
1137324232,-4.520681927,
1137924192,-4.614760174,
1138524152,-4.665082707,
1139124112,-4.558544578,
1139724072,-4.63766413,
1140324032,-4.557122275,
1140923992,-4.513161667,
1141523952,-4.748961411,
1142123912,-4.695653277,
1142723872,-4.669223085,
1143323832,-4.546667104,
1143923791,-4.596376619,
1144523751,-4.655540154,
1145123711,-4.60640853,
1145723671,-4.618240292,
1146323631,-4.700462244,
1146923591,-4.550309742,
1147523551,-4.652321046,
1148123511,-4.639791961,
1148723471,-4.670329783,
1149323431,-4.630787655,
1149923391,-4.618705679,
1150523351,-4.687608402,
1151123311,-4.604968485,
1151723271,-4.62775898,
1152323231,-4.698850416,
1152923191,-4.680413574,
1153523151,-4.728873863,
1154123111,-4.626019705,
1154723071,-4.699050266,
1155323031,-4.67093329,
1155922991,-4.600925513,
1156522951,-4.673292202,
1157122911,-4.568683891,
1157722871,-4.557288266,
1158322831,-4.631987483,
1158922791,-4.65027378,
1159522751,-4.596366602,
1160122711,-4.702233486,
1160722671,-4.557716802,
1161322631,-4.577907887,
1161922591,-4.649025192,
1162522551,-4.643697748,
1163122511,-4.539494486,
1163722471,-4.531684754,
1164322431,-4.518893261,
1164922391,-4.643706654,
1165522351,-4.631556534,
1166122311,-4.530804261,
1166722271,-4.546511707,
1167322231,-4.573206846,
1167922191,-4.55401065,
1168522151,-4.685077141,
1169122111,-4.595281735,
1169722071,-4.56047667,
1170322031,-4.548343534,
1170921991,-4.627761701,
1171521951,-4.524583279,
1172121911,-4.464917338,
1172721871,-4.499037441,
1173321831,-4.501352353,
1173921791,-4.531432701,
1174521751,-4.381744598,
1175121711,-4.380941346,
1175721671,-4.451035043,
1176321631,-4.455105368,
1176921591,-4.44107204,
1177521551,-4.338559092,
1178121511,-4.410469461,
1178721471,-4.448743397,
1179321431,-4.471750141,
1179921391,-4.396048238,
1180521351,-4.303332214,
1181121311,-4.347203426,
1181721271,-4.296986151,
1182321231,-4.316458481,
1182921191,-4.449257304,
1183521151,-4.33745504,
1184121111,-4.403134078,
1184721071,-4.315284636,
1185321031,-4.296243414,
1185920991,-4.313932451,
1186520951,-4.335540664,
1187120911,-4.378371449,
1187720871,-4.268817684,
1188320831,-4.279774795,
1188920791,-4.315379199,
1189520751,-4.250315854,
1190120711,-4.305504888,
1190720671,-4.341360249,
1191320631,-4.273612403,
1191920591,-4.249999797,
1192520551,-4.20625458,
1193120511,-4.307192624,
1193720471,-4.28577389,
1194320431,-4.276885701,
1194920391,-4.256540038,
1195520351,-4.308727371,
1196120311,-4.279528455,
1196720271,-4.221366982,
1197320231,-4.181232456,
1197920191,-4.264937569,
1198520151,-4.220604133,
1199120111,-4.222640254,
1199720071,-4.175817142,
1200320031,-4.262274936,
1200919991,-4.175437707,
1201519951,-4.15015465,
1202119911,-4.241683494,
1202719871,-4.15570029,
1203319831,-4.167774556,
1203919791,-4.020557789,
1204519751,-4.15860611,
1205119711,-4.153857931,
1205719671,-4.166355572,
1206319631,-4.108816651,
1206919591,-4.079448406,
1207519551,-4.131085442,
1208119511,-4.086457594,
1208719471,-4.004964509,
1209319431,-4.095080675,
1209919391,-4.073192569,
1210519351,-4.06313615,
1211119311,-4.031794113,
1211719271,-4.227626762,
1212319231,-4.055935413,
1212919191,-4.076788837,
1213519151,-4.089990093,
1214119111,-4.0028895,
1214719071,-4.06988324,
1215319031,-3.989611759,
1215918991,-4.146009818,
1216518951,-4.042682334,
1217118911,-4.089324354,
1217718871,-4.09454493,
1218318831,-4.083667369,
1218918791,-4.005237954,
1219518751,-4.004760926,
1220118711,-4.072722835,
1220718671,-4.013803753,
1221318631,-4.016521803,
1221918591,-4.008712643,
1222518551,-3.904516372,
1223118511,-4.063221937,
1223718471,-3.996836855,
1224318431,-4.009802718,
1224918391,-3.943844445,
1225518351,-4.003673142,
1226118311,-4.053874822,
1226718271,-3.949303683,
1227318231,-3.933630636,
1227918191,-4.020794287,
1228518151,-3.994198286,
1229118111,-4.0184245,
1229718071,-4.045855664,
1230318031,-3.97194787,
1230917991,-3.948257349,
1231517951,-4.009329116,
1232117911,-3.959430185,
1232717871,-3.981223033,
1233317831,-3.949061379,
1233917791,-3.941516725,
1234517751,-3.951934585,
1235117711,-3.98842319,
1235717671,-3.98494868,
1236317631,-3.965333328,
1236917591,-3.966920327,
1237517551,-4.008447051,
1238117511,-4.02001186,
1238717471,-3.950861921,
1239317431,-4.004273912,
1239917391,-3.96335153,
1240517351,-4.020164035,
1241117311,-3.973176684,
1241717271,-4.054774526,
1242317231,-4.019467445,
1242917191,-3.961121833,
1243517151,-3.991075245,
1244117111,-3.978315143,
1244717071,-4.046505258,
1245317031,-3.942136882,
1245916991,-4.044226171,
1246516951,-3.967667742,
1247116911,-4.068299288,
1247716871,-4.059483478,
1248316831,-4.053042201,
1248916791,-4.064085562,
1249516751,-4.010096334,
1250116711,-4.010864668,
1250716671,-3.954930846,
1251316631,-4.023329013,
1251916591,-4.022861883,
1252516551,-3.986115711,
1253116511,-3.955064753,
1253716471,-3.999796965,
1254316431,-4.005493903,
1254916391,-4.038077918,
1255516351,-4.053260904,
1256116311,-3.997231288,
1256716271,-3.957251468,
1257316231,-4.071884149,
1257916191,-4.053842638,
1258516151,-4.055722518,
1259116111,-4.079428458,
1259716071,-4.033495174,
1260316031,-4.041985375,
1260915991,-4.034962652,
1261515951,-4.02750813,
1262115911,-4.070656626,
1262715871,-4.086541034,
1263315831,-4.066682604,
1263915791,-3.99050888,
1264515751,-4.051817672,
1265115711,-3.951742537,
1265715671,-3.993058485,
1266315631,-4.075711888,
1266915591,-4.034704808,
1267515551,-4.131877897,
1268115511,-4.094615635,
1268715471,-4.046297971,
1269315431,-4.077997687,
1269915391,-4.062232158,
1270515351,-4.100964338,
1271115311,-4.035722655,
1271715271,-4.018732207,
1272315231,-4.103539783,
1272915191,-4.07017202,
1273515151,-4.068922437,
1274115111,-4.056043005,
1274715071,-4.138274929,
1275315031,-4.108580704,
1275914991,-4.052121065,
1276514951,-4.032303669,
1277114911,-4.022547465,
1277714871,-4.083869076,
1278314831,-4.007305095,
1278914791,-4.116476296,
1279514751,-4.109110225,
1280114711,-4.041105895,
1280714671,-4.135843874,
1281314631,-4.055233546,
1281914591,-4.108155034,
1282514551,-4.111296858,
1283114511,-4.106150621,
1283714471,-4.080628969,
1284314431,-4.059216926,
1284914391,-4.21485774,
1285514351,-4.119883037,
1286114311,-4.098158093,
1286714270,-4.126356142,
1287314230,-4.116782422,
1287914190,-4.106308964,
1288514150,-4.092755372,
1289114110,-4.133458309,
1289714070,-4.120483247,
1290314030,-4.03826776,
1290913990,-4.135229846,
1291513950,-4.147210115,
1292113910,-4.170263921,
1292713870,-4.188451234,
1293313830,-4.13831228,
1293913790,-4.083472916,
1294513750,-4.056721549,
1295113710,-4.084423695,
1295713670,-4.1676364,
1296313630,-4.132389186,
1296913590,-4.135356311,
1297513550,-4.130824204,
1298113510,-4.144215072,
1298713470,-4.097257335,
1299313430,-4.113468795,
1299913390,-4.179511672,
1300513350,-4.151549507,
1301113310,-4.169937887,
1301713270,-4.166601457,
1302313230,-4.069932642,
1302913190,-4.177181016,
1303513150,-4.2086058,
1304113110,-4.156353015,
1304713070,-4.125251101,
1305313030,-4.134819128,
1305912990,-4.220217409,
1306512950,-4.144764389,
1307112910,-4.14353974,
1307712870,-4.229235787,
1308312830,-4.22690083,
1308912790,-4.128036536,
1309512750,-4.140622579,
1310112710,-4.18220291,
1310712670,-4.215963008,
1311312630,-4.146935172,
1311912590,-4.151477511,
1312512550,-4.163882083,
1313112510,-4.174918321,
1313712470,-4.139765689,
1314312430,-4.186826089,
1314912390,-4.171267457,
1315512350,-4.217930414,
1316112310,-4.112426708,
1316712270,-4.221877148,
1317312230,-4.172254107,
1317912190,-4.169823408,
1318512150,-4.205737725,
1319112110,-4.250144608,
1319712070,-4.149663351,
1320312030,-4.143529258,
1320911990,-4.234218233,
1321511950,-4.162604357,
1322111910,-4.186620612,
1322711870,-4.212643744,
1323311830,-4.13145466,
1323911790,-4.185930424,
1324511750,-4.266737159,
1325111710,-4.212631898,
1325711670,-4.226506318,
1326311630,-4.178352616,
1326911590,-4.099308249,
1327511550,-4.211398139,
1328111510,-4.199924779,
1328711470,-4.140698474,
1329311430,-4.248941872,
1329911390,-4.207576969,
1330511350,-4.187467162,
1331111310,-4.166901448,
1331711270,-4.207340193,
1332311230,-4.131130752,
1332911190,-4.174929803,
1333511150,-4.197043643,
1334111110,-4.177313559,
1334711070,-4.176111448,
1335311030,-4.227824346,
1335910990,-4.129734672,
1336510950,-4.164709692,
1337110910,-4.129513035,
1337710870,-4.227076833,
1338310830,-4.198355176,
1338910790,-4.170472714,
1339510750,-4.228357315,
1340110710,-4.218776808,
1340710670,-4.187913543,
1341310630,-4.119611835,
1341910590,-4.199135092,
1342510550,-4.318539404,
1343110510,-4.212394752,
1343710470,-4.184891243,
1344310430,-4.217670505,
1344910390,-4.243251183,
1345510350,-4.245684214,
1346110310,-4.1952224,
1346710270,-4.294326983,
1347310230,-4.201235784,
1347910190,-4.230621268,
1348510150,-4.175699932,
1349110110,-4.163173575,
1349710070,-4.22077048,
1350310030,-4.182921947,
1350909990,-4.240940873,
1351509950,-4.218679925,
1352109910,-4.191725198,
1352709870,-4.171002564,
1353309830,-4.234279547,
1353909790,-4.240031508,
1354509750,-4.218820838,
1355109710,-4.155462426,
1355709670,-4.290182781,
1356309630,-4.282515013,
1356909590,-4.154659374,
1357509550,-4.287904141,
1358109510,-4.162580504,
1358709470,-4.222024737,
1359309430,-4.323971949,
1359909390,-4.264904714,
1360509350,-4.232824371,
1361109310,-4.321195286,
1361709270,-4.159450439,
1362309230,-4.314998492,
1362909190,-4.258086633,
1363509150,-4.289030629,
1364109110,-4.309282266,
1364709070,-4.239203042,
1365309030,-4.270026938,
1365908990,-4.28045835,
1366508950,-4.313296054,
1367108910,-4.336380517,
1367708870,-4.283705119,
1368308830,-4.281406588,
1368908790,-4.258269477,
1369508750,-4.333559259,
1370108710,-4.312360629,
1370708670,-4.230074239,
1371308630,-4.322088239,
1371908590,-4.247648087,
1372508550,-4.351090169,
1373108510,-4.303380345,
1373708470,-4.34505093,
1374308430,-4.363633071,
1374908390,-4.312790285,
1375508350,-4.251805724,
1376108310,-4.350050568,
1376708270,-4.290229037,
1377308230,-4.309249172,
1377908190,-4.367093666,
1378508150,-4.31605313,
1379108110,-4.274222735,
1379708070,-4.287114289,
1380308030,-4.334456838,
1380907990,-4.369089102,
1381507950,-4.290840774,
1382107910,-4.349999306,
1382707870,-4.277553627,
1383307830,-4.332669801,
1383907790,-4.29111634,
1384507750,-4.34200857,
1385107710,-4.373058139,
1385707670,-4.376150088,
1386307630,-4.395113053,
1386907590,-4.305904827,
1387507550,-4.371134257,
1388107510,-4.365052424,
1388707470,-4.324893204,
1389307430,-4.351579873,
1389907390,-4.373804986,
1390507350,-4.444095763,
1391107310,-4.357732901,
1391707270,-4.347943275,
1392307230,-4.463007611,
1392907190,-4.350273404,
1393507150,-4.442106819,
1394107110,-4.348997977,
1394707070,-4.374318302,
1395307030,-4.48139929,
1395906990,-4.457233947,
1396506950,-4.420187769,
1397106910,-4.389862846,
1397706870,-4.402008373,
1398306830,-4.437872475,
1398906790,-4.477462659,
1399506750,-4.490147107,
1400106710,-4.422334493,
1400706670,-4.406920239,
1401306630,-4.413586037,
1401906590,-4.526595529,
1402506550,-4.438696235,
1403106510,-4.460269823,
1403706470,-4.489952477,
1404306430,-4.429952324,
1404906390,-4.458273561,
1405506350,-4.389937254,
1406106310,-4.443412403,
1406706270,-4.397047245,
1407306230,-4.529737242,
1407906190,-4.49512671,
1408506150,-4.419052278,
1409106110,-4.393410188,
1409706070,-4.444446994,
1410306030,-4.465660967,
1410905990,-4.498930305,
1411505950,-4.510678084,
1412105910,-4.488899939,
1412705870,-4.496879514,
1413305830,-4.508980254,
1413905790,-4.452416438,
1414505750,-4.511137388,
1415105710,-4.51769097,
1415705670,-4.436290817,
1416305630,-4.569630387,
1416905590,-4.531769456,
1417505550,-4.440339597,
1418105510,-4.61148923,
1418705470,-4.450829508,
1419305430,-4.493468531,
1419905390,-4.513749329,
1420505350,-4.525291885,
1421105310,-4.470984105,
1421705270,-4.555247354,
1422305230,-4.49084577,
1422905190,-4.55279947,
1423505150,-4.486798973,
1424105110,-4.53998022,
1424705070,-4.479813892,
1425305030,-4.575381654,
1425904990,-4.641433914,
1426504950,-4.55892748,
1427104910,-4.477377587,
1427704870,-4.537095421,
1428304830,-4.500058676,
1428904790,-4.567779652,
1429504749,-4.61159206,
1430104709,-4.546562415,
1430704669,-4.598969598,
1431304629,-4.525535464,
1431904589,-4.548703356,
1432504549,-4.604612205,
1433104509,-4.577685192,
1433704469,-4.539172461,
1434304429,-4.660054489,
1434904389,-4.551533795,
1435504349,-4.590478922,
1436104309,-4.563644358,
1436704269,-4.586518793,
1437304229,-4.617243368,
1437904189,-4.580035629,
1438504149,-4.635539542,
1439104109,-4.592249263,
1439704069,-4.584076118,
1440304029,-4.640078122,
1440903989,-4.584168154,
1441503949,-4.688462722,
1442103909,-4.551421772,
1442703869,-4.591214818,
1443303829,-4.567776933,
1443903789,-4.556893602,
1444503749,-4.613598497,
1445103709,-4.695139428,
1445703669,-4.599902493,
1446303629,-4.678974384,
1446903589,-4.596141838,
1447503549,-4.635337046,
1448103509,-4.566880844,
1448703469,-4.618778741,
1449303429,-4.645061072,
1449903389,-4.649091046,
1450503349,-4.604211113,
1451103309,-4.655379853,
1451703269,-4.639924994,
1452303229,-4.565554557,
1452903189,-4.500353486,
1453503149,-4.609978578,
1454103109,-4.681465975,
1454703069,-4.650709244,
1455303029,-4.635851637,
1455902989,-4.574606662,
1456502949,-4.652377231,
1457102909,-4.630464206,
1457702869,-4.688773453,
1458302829,-4.687598101,
1458902789,-4.679005606,
1459502749,-4.721223813,
1460102709,-4.608347283,
1460702669,-4.646947969,
1461302629,-4.616881026,
1461902589,-4.630762114,
1462502549,-4.692498256,
1463102509,-4.658122471,
1463702469,-4.6951831,
1464302429,-4.639098037,
1464902389,-4.588278185,
1465502349,-4.725494813,
1466102309,-4.647150802,
1466702269,-4.760835277,
1467302229,-4.68655142,
1467902189,-4.752423053,
1468502149,-4.621059535,
1469102109,-4.750064548,
1469702069,-4.71881293,
1470302029,-4.660470518,
1470901989,-4.665716746,
1471501949,-4.630709289,
1472101909,-4.659511426,
1472701869,-4.722766375,
1473301829,-4.600534379,
1473901789,-4.823037157,
1474501749,-4.639611449,
1475101709,-4.721415974,
1475701669,-4.720179469,
1476301629,-4.725361806,
1476901589,-4.715715482,
1477501549,-4.723262366,
1478101509,-4.728499744,
1478701469,-4.753411419,
1479301429,-4.759824868,
1479901389,-4.729729547,
1480501349,-4.762551913,
1481101309,-4.711569768,
1481701269,-4.737655259,
1482301229,-4.772140046,
1482901189,-4.738287036,
1483501149,-4.746619957,
1484101109,-4.728152199,
1484701069,-4.733542294,
1485301029,-4.777898258,
1485900989,-4.75335208,
1486500949,-4.785396925,
1487100909,-4.766608607,
1487700869,-4.807522671,
1488300829,-4.813655983,
1488900789,-4.818133283,
1489500749,-4.782911448,
1490100709,-4.7919571,
1490700669,-4.820178378,
1491300629,-4.855482532,
1491900589,-4.841371204,
1492500549,-4.838500583,
1493100509,-4.899800365,
1493700469,-4.898485139,
1494300429,-4.861176345,
1494900389,-4.859907992,
1495500349,-4.891689291,
1496100309,-4.850539228,
1496700269,-4.890703112,
1497300229,-4.932406464,
1497900189,-4.928246165,
1498500149,-4.86556626,
1499100109,-4.855703391,
1499700069,-4.853173308,
1500300029,-4.881603495,
1500899989,-4.949568018,
1501499949,-4.968426921,
1502099909,-4.950677817,
1502699869,-4.918937721,
1503299829,-5.07479843,
1503899789,-5.001249741,
1504499749,-5.056686475,
1505099709,-5.043767965,
1505699669,-5.032592362,
1506299629,-5.079399595,
1506899589,-5.038892218,
1507499549,-5.065201704,
1508099509,-5.031362869,
1508699469,-5.058582788,
1509299429,-5.018152208,
1509899389,-5.083693013,
1510499349,-5.072707512,
1511099309,-5.062911858,
1511699269,-5.068508559,
1512299229,-5.028894637,
1512899189,-5.107450345,
1513499149,-5.153941926,
1514099109,-5.149890069,
1514699069,-5.13362569,
1515299029,-5.092594071,
1515898989,-5.116157237,
1516498949,-5.247715836,
1517098909,-5.133438877,
1517698869,-5.158604753,
1518298829,-5.218542406,
1518898789,-5.12335684,
1519498749,-5.286110578,
1520098709,-5.225498032,
1520698669,-5.183594538,
1521298629,-5.155688285,
1521898589,-5.345552126,
1522498549,-5.259007655,
1523098509,-5.334480064,
1523698469,-5.30683137,
1524298429,-5.31011216,
1524898389,-5.259689739,
1525498349,-5.430338885,
1526098309,-5.356189961,
1526698269,-5.404652973,
1527298229,-5.407129104,
1527898189,-5.304679927,
1528498149,-5.350931308,
1529098109,-5.455451603,
1529698069,-5.391212465,
1530298029,-5.45225029,
1530897989,-5.418037138,
1531497949,-5.428260197,
1532097909,-5.463420888,
1532697869,-5.55158391,
1533297829,-5.589704767,
1533897789,-5.44463108,
1534497749,-5.466813497,
1535097709,-5.477215311,
1535697669,-5.63137703,
1536297629,-5.540237286,
1536897589,-5.640653789,
1537497549,-5.608210466,
1538097509,-5.590883146,
1538697469,-5.576100567,
1539297429,-5.612507708,
1539897389,-5.652601542,
1540497349,-5.747552711,
1541097309,-5.63627749,
1541697269,-5.778026492,
1542297229,-5.689903936,
1542897189,-5.827416199,
1543497149,-5.660741959,
1544097109,-5.700399703,
1544697069,-5.706694699,
1545297029,-5.738528122,
1545896989,-5.7481119,
1546496949,-5.72960376,
1547096909,-5.755323582,
1547696869,-5.739182151,
1548296829,-5.764386237,
1548896789,-5.75597502,
1549496749,-5.747328553,
1550096709,-5.690017228,
1550696669,-5.838010326,
1551296629,-5.721364403,
1551896589,-5.833283714,
1552496549,-5.793658699,
1553096509,-5.734451228,
1553696469,-5.800678123,
1554296429,-5.794868745,
1554896389,-5.90057484,
1555496349,-5.821185189,
1556096309,-5.867191423,
1556696269,-5.776290337,
1557296229,-5.822297984,
1557896189,-5.908468101,
1558496149,-5.804131578,
1559096109,-5.952826296,
1559696069,-5.851492487,
1560296029,-5.890295307,
1560895989,-5.917249315,
1561495949,-5.860202585,
1562095909,-5.947121311,
1562695869,-5.907340498,
1563295829,-5.924760615,
1563895789,-5.873182856,
1564495749,-5.943250963,
1565095709,-6.010476071,
1565695669,-5.973473799,
1566295629,-5.935802,
1566895589,-5.96217734,
1567495549,-5.887506392,
1568095509,-6.078834887,
1568695469,-5.904169755,
1569295429,-5.94762697,
1569895389,-6.070512326,
1570495349,-6.041912585,
1571095309,-6.093414754,
1571695269,-5.909785181,
1572295228,-5.972049389,
1572895188,-6.133458621,
1573495148,-6.007768385,
1574095108,-6.001118022,
1574695068,-6.019514737,
1575295028,-6.031511037,
1575894988,-6.036815642,
1576494948,-6.056980337,
1577094908,-6.063264289,
1577694868,-6.014493152,
1578294828,-6.049059729,
1578894788,-5.952575764,
1579494748,-6.071506339,
1580094708,-6.075451911,
1580694668,-6.049329727,
1581294628,-6.09653793,
1581894588,-6.143928632,
1582494548,-6.048844717,
1583094508,-6.013798161,
1583694468,-6.047260722,
1584294428,-6.059229422,
1584894388,-6.111910726,
1585494348,-6.069494112,
1586094308,-6.123767425,
1586694268,-6.109574503,
1587294228,-6.110530135,
1587894188,-6.107128701,
1588494148,-6.06829465,
1589094108,-6.101618253,
1589694068,-6.075141007,
1590294028,-6.08319475,
1590893988,-6.149888758,
1591493948,-6.033049293,
1592093908,-6.068679187,
1592693868,-6.067678675,
1593293828,-6.164594584,
1593893788,-6.206105916,
1594493748,-6.097858616,
1595093708,-6.093138523,
1595693668,-6.083659246,
1596293628,-6.072664506,
1596893588,-6.048118787,
1597493548,-6.089457015,
1598093508,-6.087605268,
1598693468,-6.056961562,
1599293428,-6.126888301,
1599893388,-5.998618025,
1600493348,-6.071122132,
1601093308,-6.200023624,
1601693268,-5.994835944,
1602293228,-6.1472911,
1602893188,-6.169306368,
1603493148,-6.092440437,
1604093108,-6.137761551,
1604693068,-6.084353398,
1605293028,-6.099027948,
1605892988,-6.07551035,
1606492948,-6.103053235,
1607092908,-6.134030931,
1607692868,-6.136468996,
1608292828,-6.049076459,
1608892788,-6.179417741,
1609492748,-6.094698066,
1610092708,-6.137935096,
1610692668,-6.137476757,
1611292628,-6.100744586,
1611892588,-6.157683493,
1612492548,-6.149213726,
1613092508,-6.115748305,
1613692468,-6.193336806,
1614292428,-6.180465675,
1614892388,-6.205798208,
1615492348,-6.258360608,
1616092308,-6.257081581,
1616692268,-6.1896051,
1617292228,-6.183195397,
1617892188,-6.288925413,
1618492148,-6.275547236,
1619092108,-6.190870853,
1619692068,-6.262032482,
1620292028,-6.242893373,
1620891988,-6.227808973,
1621491948,-6.143739892,
1622091908,-6.219371547,
1622691868,-6.334705433,
1623291828,-6.24367784,
1623891788,-6.160776053,
1624491748,-6.285367111,
1625091708,-6.214492743,
1625691668,-6.265053929,
1626291628,-6.33297086,
1626891588,-6.315912807,
1627491548,-6.270687665,
1628091508,-6.307611032,
1628691468,-6.326192679,
1629291428,-6.342262688,
1629891388,-6.30107189,
1630491348,-6.23253077,
1631091308,-6.315894278,
1631691268,-6.370436197,
1632291228,-6.42289055,
1632891188,-6.317531515,
1633491148,-6.337617146,
1634091108,-6.306346643,
1634691068,-6.456980869,
1635291028,-6.377494368,
1635890988,-6.312779006,
1636490948,-6.49310838,
1637090908,-6.369579638,
1637690868,-6.349666782,
1638290828,-6.355384047,
1638890788,-6.427122299,
1639490748,-6.386305276,
1640090708,-6.453817891,
1640690668,-6.554915785,
1641290628,-6.50992334,
1641890588,-6.484835553,
1642490548,-6.459187359,
1643090508,-6.560369811,
1643690468,-6.600123644,
1644290428,-6.61917173,
1644890388,-6.430480679,
1645490348,-6.612461068,
1646090308,-6.624254332,
1646690268,-6.602351052,
1647290228,-6.682328565,
1647890188,-6.593813881,
1648490148,-6.763032086,
1649090108,-6.737440568,
1649690068,-6.723682187,
1650290028,-6.732493228,
1650889988,-6.79722472,
1651489948,-6.888573331,
1652089908,-6.894466862,
1652689868,-6.920731359,
1653289828,-6.86561755,
1653889788,-6.814523376,
1654489748,-6.887952009,
1655089708,-6.930367454,
1655689668,-6.865134677,
1656289628,-6.902453798,
1656889588,-6.956283359,
1657489548,-6.930476312,
1658089508,-6.938573923,
1658689468,-6.947547104,
1659289428,-6.967800921,
1659889388,-6.999318738,
1660489348,-7.031035103,
1661089308,-6.929443626,
1661689268,-7.114960327,
1662289228,-7.103539142,
1662889188,-7.019655277,
1663489148,-7.113933879,
1664089108,-7.127834642,
1664689068,-7.082865727,
1665289028,-7.019863892,
1665888988,-7.118486734,
1666488948,-7.193283193,
1667088908,-7.113075631,
1667688868,-7.215713482,
1668288828,-7.209946791,
1668888788,-7.219762386,
1669488748,-7.329395613,
1670088708,-7.290853004,
1670688668,-7.226807344,
1671288628,-7.323927506,
1671888588,-7.321196083,
1672488548,-7.295974083,
1673088508,-7.204663905,
1673688468,-7.323855636,
1674288428,-7.27730976,
1674888388,-7.362910113,
1675488348,-7.390629874,
1676088308,-7.379257499,
1676688268,-7.392385669,
1677288228,-7.345670093,
1677888188,-7.437897803,
1678488148,-7.409844771,
1679088108,-7.446234693,
1679688068,-7.428176186,
1680288028,-7.561181919,
1680887988,-7.531681745,
1681487948,-7.531405927,
1682087908,-7.580473619,
1682687868,-7.516164091,
1683287828,-7.56649755,
1683887788,-7.605598704,
1684487748,-7.527551286,
1685087708,-7.472648073,
1685687668,-7.705635478,
1686287628,-7.556703321,
1686887588,-7.766282501,
1687487548,-7.744527475,
1688087508,-7.691729037,
1688687468,-7.737193255,
1689287428,-7.826737123,
1689887388,-7.838542906,
1690487348,-7.734267233,
1691087308,-7.889992178,
1691687268,-7.909165058,
1692287228,-7.83009878,
1692887188,-8.103052414,
1693487148,-7.814974469,
1694087108,-8.0412653,
1694687068,-8.090517187,
1695287028,-8.083317911,
1695886988,-8.014075629,
1696486948,-8.02253089,
1697086908,-8.114029429,
1697686868,-8.032020198,
1698286828,-8.094543069,
1698886788,-8.184172624,
1699486748,-8.057251938,
1700086708,-8.199015726,
1700686668,-8.174907446,
1701286628,-8.254099568,
1701886588,-8.210843632,
1702486548,-8.380736797,
1703086508,-8.304530318,
1703686468,-8.313019603,
1704286428,-8.295650579,
1704886388,-8.36494595,
1705486348,-8.475045201,
1706086308,-8.477685822,
1706686268,-8.396172428,
1707286228,-8.454074571,
1707886188,-8.598083213,
1708486148,-8.525149138,
1709086108,-8.511327908,
1709686068,-8.578699767,
1710286028,-8.741926632,
1710885988,-8.709939404,
1711485948,-8.687741714,
1712085908,-8.693924367,
1712685868,-8.770088526,
1713285828,-8.854250328,
1713885788,-8.809938984,
1714485748,-8.821951878,
1715085707,-8.889347835,
1715685667,-8.778474132,
1716285627,-9.026347105,
1716885587,-9.021972601,
1717485547,-9.046029255,
1718085507,-9.060922479,
1718685467,-9.236156737,
1719285427,-9.431950513,
1719885387,-9.318217681,
1720485347,-9.369961871,
1721085307,-9.471363204,
1721685267,-9.420841249,
1722285227,-9.606705789,
1722885187,-9.614145986,
1723485147,-9.640440102,
1724085107,-9.596727189,
1724685067,-9.583767334,
1725285027,-9.624426714,
1725884987,-9.763433067,
1726484947,-9.9508458,
1727084907,-9.920280784,
1727684867,-10.02371112,
1728284827,-10.09676825,
1728884787,-9.980009817,
1729484747,-10.10383612,
1730084707,-10.11933383,
1730684667,-10.23718762,
1731284627,-10.37117742,
1731884587,-10.31499098,
1732484547,-10.32506485,
1733084507,-10.33921982,
1733684467,-10.48918816,
1734284427,-10.78998269,
1734884387,-10.58649161,
1735484347,-10.78277914,
1736084307,-10.89404976,
1736684267,-10.9652797,
1737284227,-11.12705577,
1737884187,-11.30302946,
1738484147,-11.21083384,
1739084107,-11.3641423,
1739684067,-11.24102944,
1740284027,-11.47168132,
1740883987,-11.4215502,
1741483947,-11.5464449,
1742083907,-11.70694823,
1742683867,-11.70495203,
1743283827,-11.78612848,
1743883787,-11.96964452,
1744483747,-12.11266053,
1745083707,-12.03446664,
1745683667,-12.24479883,
1746283627,-12.17092809,
1746883587,-12.37221043,
1747483547,-12.499475,
1748083507,-12.62967823,
1748683467,-12.6750921,
1749283427,-12.80143338,
1749883387,-12.91199605,
1750483347,-12.84716361,
1751083307,-13.31745192,
1751683267,-13.39781142,
1752283227,-13.40397751,
1752883187,-13.3893724,
1753483147,-13.69068025,
1754083107,-13.95985462,
1754683067,-13.92106263,
1755283027,-13.95816941,
1755882987,-14.07647801,
1756482947,-14.15007143,
1757082907,-14.37771488,
1757682867,-14.39706706,
1758282827,-14.54229462,
1758882787,-14.59224652,
1759482747,-14.87816273,
1760082707,-14.96447144,
1760682667,-15.10525004,
1761282627,-14.9981671,
1761882587,-15.19056831,
1762482547,-15.15892501,
1763082507,-15.4628161,
1763682467,-15.99887551,
1764282427,-16.04330222,
1764882387,-16.24181663,
1765482347,-16.38908861,
1766082307,-16.56499395,
1766682267,-16.86343723,
1767282227,-16.85525093,
1767882187,-16.91655034,
1768482147,-17.10994253,
1769082107,-17.10560523,
1769682067,-17.43442734,
1770282027,-17.47123889,
1770881987,-17.5880422,
1771481947,-18.14129222,
1772081907,-17.90385564,
1772681867,-18.12936847,
1773281827,-18.25690208,
1773881787,-18.84680288,
1774481747,-18.53513769,
1775081707,-19.01107098,
1775681667,-18.8669945,
1776281627,-19.56156039,
1776881587,-19.50425319,
1777481547,-20.08028792,
1778081507,-20.46749706,
1778681467,-21.22329676,
1779281427,-21.14623765,
1779881387,-21.88126436,
1780481347,-22.2206508,
1781081307,-21.83542873,
1781681267,-22.14397236,
1782281227,-22.02793924,
1782881187,-22.28371992,
1783481147,-22.42326309,
1784081107,-22.79439811,
1784681067,-23.44120808,
1785281027,-23.37053661,
1785880987,-23.34791359,
1786480947,-24.25669645,
1787080907,-23.86303514,
1787680867,-24.64219329,
1788280827,-24.19792139,
1788880787,-25.97680004,
1789480747,-24.89550814,
1790080707,-26.24315465,
1790680667,-25.77839625,
1791280627,-26.91999771,
1791880587,-27.80996281,
1792480547,-27.49944169,
1793080507,-28.40831181,
1793680467,-28.83231074,
1794280427,-36.59688839,
1794880387,-35.30545103,
1795480347,-38.35014211,
1796080307,-36.22312145,
1796680267,-39.382926,
1797280227,-39.63676136,
1797880187,-38.77952673,
1798480147,-36.86676696,
1799080107,-36.84529193,
1799680067,-36.63237283,
1800280027,-37.11497751,
1800879987,-37.49419935,
1801479947,-37.58186999,
1802079907,-37.40878147,
1802679867,-36.98954504,
1803279827,-37.33563334,
1803879787,-39.46934161,
1804479747,-39.37349583,
1805079707,-38.18723511,
1805679667,-36.04317536,
1806279627,-37.16562347,
1806879587,-36.39098343,
1807479547,-37.23823529,
1808079507,-35.67965964,
1808679467,-32.56371182,
1809279427,-29.1816485,
1809879387,-29.69598227,
1810479347,-27.8824389,
1811079307,-27.29046271,
1811679267,-25.86231623,
1812279227,-25.59885152,
1812879187,-26.12136253,
1813479147,-24.92293292,
1814079107,-25.70810526,
1814679067,-25.07157944,
1815279027,-24.89347539,
1815878987,-24.33408333,
1816478947,-24.50398275,
1817078907,-23.92488545,
1817678867,-23.72223538,
1818278827,-23.00824445,
1818878787,-23.09750849,
1819478747,-22.90340608,
1820078707,-22.66287006,
1820678667,-22.51529045,
1821278627,-22.1827692,
1821878587,-22.34140828,
1822478547,-22.32959801,
1823078507,-21.55505381,
1823678467,-21.98798805,
1824278427,-21.34063836,
1824878387,-21.48213274,
1825478347,-20.94490937,
1826078307,-20.49097072,
1826678267,-20.54125692,
1827278227,-20.29673421,
1827878187,-19.68577828,
1828478147,-19.78453938,
1829078107,-19.37235127,
1829678067,-19.50155756,
1830278027,-19.32320206,
1830877987,-18.80276611,
1831477947,-18.58889447,
1832077907,-18.66780981,
1832677867,-18.70892208,
1833277827,-19.24398644,
1833877787,-18.60783605,
1834477747,-18.46082077,
1835077707,-18.13638891,
1835677667,-18.2490778,
1836277627,-17.9202108,
1836877587,-17.99062578,
1837477547,-17.79152474,
1838077507,-17.70132374,
1838677467,-17.7275971,
1839277427,-17.49259508,
1839877387,-17.28888738,
1840477347,-17.42095379,
1841077307,-17.35543368,
1841677267,-17.42491955,
1842277227,-17.23025552,
1842877187,-17.14372192,
1843477147,-16.83053235,
1844077107,-17.2675956,
1844677067,-17.02044931,
1845277027,-17.42759155,
1845876987,-16.37757692,
1846476947,-17.01629876,
1847076907,-16.91824349,
1847676867,-16.77344178,
1848276827,-16.65484373,
1848876787,-16.86815785,
1849476747,-16.65264288,
1850076707,-16.39349661,
1850676667,-16.7115336,
1851276627,-16.26302597,
1851876587,-16.42158595,
1852476547,-16.47868947,
1853076507,-16.21648017,
1853676467,-15.90531138,
1854276427,-16.30494591,
1854876387,-15.78800502,
1855476347,-15.70351297,
1856076307,-16.29631016,
1856676267,-15.92556269,
1857276227,-15.84228236,
1857876186,-15.87196139,
1858476146,-16.03508218,
1859076106,-15.5757744,
1859676066,-15.62875489,
1860276026,-15.86956615,
1860875986,-15.56220013,
1861475946,-15.80127401,
1862075906,-15.75704873,
1862675866,-15.83683604,
1863275826,-15.499338,
1863875786,-15.77015964,
1864475746,-15.74485915,
1865075706,-15.64636233,
1865675666,-15.30244803,
1866275626,-15.51385863,
1866875586,-16.00801475,
1867475546,-15.0611692,
1868075506,-15.34723395,
1868675466,-15.54402929,
1869275426,-15.3877998,
1869875386,-15.27713801,
1870475346,-15.15056094,
1871075306,-15.75658613,
1871675266,-15.35576935,
1872275226,-15.13769234,
1872875186,-15.46019303,
1873475146,-15.10534893,
1874075106,-14.90780128,
1874675066,-15.40341169,
1875275026,-15.20781693,
1875874986,-15.01396378,
1876474946,-15.18162091,
1877074906,-15.39132633,
1877674866,-15.44995418,
1878274826,-15.21612224,
1878874786,-15.29877682,
1879474746,-15.39169725,
1880074706,-15.12272772,
1880674666,-15.2196545,
1881274626,-15.27451699,
1881874586,-15.02628224,
1882474546,-15.23289376,
1883074506,-14.92676478,
1883674466,-14.93766872,
1884274426,-15.19254318,
1884874386,-15.17526455,
1885474346,-15.30867604,
1886074306,-15.34115756,
1886674266,-15.08522301,
1887274226,-15.05371968,
1887874186,-15.02843124,
1888474146,-15.11211783,
1889074106,-15.04981355,
1889674066,-15.14666704,
1890274026,-15.21264299,
1890873986,-15.20849392,
1891473946,-15.00706256,
1892073906,-14.91025647,
1892673866,-14.93780536,
1893273826,-14.87408696,
1893873786,-15.04923996,
1894473746,-15.01976537,
1895073706,-14.78479294,
1895673666,-15.06305319,
1896273626,-14.78584352,
1896873586,-14.98921546,
1897473546,-14.76308025,
1898073506,-14.87606811,
1898673466,-14.82095083,
1899273426,-14.7701612,
1899873386,-14.7922216,
1900473346,-14.67612363,
1901073306,-14.86440531,
1901673266,-14.80427631,
1902273226,-14.64752742,
1902873186,-14.88532212,
1903473146,-14.74158388,
1904073106,-14.77891037,
1904673066,-14.68743199,
1905273026,-14.75971351,
1905872986,-14.72279769,
1906472946,-14.63966386,
1907072906,-14.51038861,
1907672866,-14.64812178,
1908272826,-14.49580912,
1908872786,-14.60406906,
1909472746,-14.5454293,
1910072706,-14.68003609,
1910672666,-14.61912344,
1911272626,-14.23434159,
1911872586,-14.55710262,
1912472546,-14.49620633,
1913072506,-14.4622844,
1913672466,-14.22669831,
1914272426,-14.37447248,
1914872386,-14.31920403,
1915472346,-14.27170931,
1916072306,-14.37163005,
1916672266,-14.47298201,
1917272226,-14.48741784,
1917872186,-14.16211003,
1918472146,-14.32616032,
1919072106,-14.40524216,
1919672066,-14.16002679,
1920272026,-14.07075198,
1920871986,-14.18607669,
1921471946,-14.01736327,
1922071906,-13.97921533,
1922671866,-14.02989428,
1923271826,-14.07297867,
1923871786,-13.98794448,
1924471746,-14.06847414,
1925071706,-13.88099485,
1925671666,-13.73417497,
1926271626,-13.91660147,
1926871586,-13.81415652,
1927471546,-13.8258433,
1928071506,-13.68254164,
1928671466,-14.04391374,
1929271426,-13.70673402,
1929871386,-13.73144348,
1930471346,-13.87768747,
1931071306,-13.88865575,
1931671266,-13.81745912,
1932271226,-13.66361709,
1932871186,-13.85058725,
1933471146,-13.78444429,
1934071106,-14.04000469,
1934671066,-13.72987737,
1935271026,-13.8901382,
1935870986,-13.85250217,
1936470946,-13.62271997,
1937070906,-13.50759401,
1937670866,-13.70057971,
1938270826,-13.59366752,
1938870786,-13.43535847,
1939470746,-13.50729684,
1940070706,-13.74249192,
1940670666,-13.47991564,
1941270626,-13.65851739,
1941870586,-13.56845489,
1942470546,-13.43070284,
1943070506,-13.36891121,
1943670466,-13.46997123,
1944270426,-13.31354479,
1944870386,-13.21036171,
1945470346,-13.34839658,
1946070306,-13.37945582,
1946670266,-13.4210742,
1947270226,-13.47410975,
1947870186,-13.50843121,
1948470146,-13.09278043,
1949070106,-13.22858795,
1949670066,-13.24040721,
1950270026,-13.16279408,
1950869986,-13.2949781,
1951469946,-13.51858154,
1952069906,-13.3756575,
1952669866,-13.41407101,
1953269826,-13.15129811,
1953869786,-13.17776107,
1954469746,-13.11773419,
1955069706,-13.23699377,
1955669666,-13.22658077,
1956269626,-13.00827139,
1956869586,-13.37033423,
1957469546,-13.12121438,
1958069506,-13.2859404,
1958669466,-12.96973931,
1959269426,-13.06520336,
1959869386,-13.07410565,
1960469346,-12.98848126,
1961069306,-13.14929205,
1961669266,-13.09629791,
1962269226,-13.26928396,
1962869186,-13.44688813,
1963469146,-13.04778925,
1964069106,-13.01024838,
1964669066,-13.16269632,
1965269026,-13.30584572,
1965868986,-12.91885021,
1966468946,-13.09926875,
1967068906,-12.89155267,
1967668866,-13.20135828,
1968268826,-13.04225423,
1968868786,-13.10298465,
1969468746,-12.95901748,
1970068706,-13.0231492,
1970668666,-13.20087945,
1971268626,-13.21513186,
1971868586,-13.28315193,
1972468546,-13.13308478,
1973068506,-13.29127743,
1973668466,-13.12813099,
1974268426,-13.04914769,
1974868386,-13.15339693,
1975468346,-13.1224541,
1976068306,-13.20123171,
1976668266,-13.24977835,
1977268226,-13.06831283,
1977868186,-13.05798352,
1978468146,-13.17434323,
1979068106,-13.1429068,
1979668066,-13.31943604,
1980268026,-13.34446599,
1980867986,-13.15181266,
1981467946,-13.24240947,
1982067906,-13.22064166,
1982667866,-13.31793341,
1983267826,-13.21976623,
1983867786,-13.20001133,
1984467746,-13.22268699,
1985067706,-13.33345583,
1985667666,-13.33087682,
1986267626,-13.47575386,
1986867586,-13.51441843,
1987467546,-13.50560344,
1988067506,-13.3834838,
1988667466,-13.51506192,
1989267426,-13.48325624,
1989867386,-13.37376586,
1990467346,-13.40985144,
1991067306,-13.37230259,
1991667266,-13.59644745,
1992267226,-13.64712331,
1992867186,-13.6117982,
1993467146,-13.64937362,
1994067106,-13.76585653,
1994667066,-13.77162151,
1995267026,-13.81908657,
1995866986,-13.99908358,
1996466946,-13.61892126,
1997066906,-13.92594755,
1997666866,-14.01065277,
1998266826,-14.08322261,
1998866786,-14.02582064,
1999466746,-14.16309946,
2000066706,-14.11735814,
2000666666,-14.19000779,
2001266626,-14.28446591,
2001866585,-14.31392047,
2002466545,-14.20387937,
2003066505,-14.48593542,
2003666465,-14.54386031,
2004266425,-14.4437343,
2004866385,-14.52478937,
2005466345,-14.65132834,
2006066305,-14.65261883,
2006666265,-14.66063576,
2007266225,-14.7727624,
2007866185,-14.84772124,
2008466145,-14.66662389,
2009066105,-14.82352921,
2009666065,-15.00624158,
2010266025,-15.04742544,
2010865985,-15.09585916,
2011465945,-15.16760582,
2012065905,-15.45066647,
2012665865,-15.40099865,
2013265825,-14.95505928,
2013865785,-15.70672953,
2014465745,-15.73842115,
2015065705,-15.67770098,
2015665665,-16.15244212,
2016265625,-16.11875862,
2016865585,-16.20717004,
2017465545,-16.41486412,
2018065505,-16.39699751,
2018665465,-16.39826633,
2019265425,-16.45135495,
2019865385,-16.33525094,
2020465345,-16.7581126,
2021065305,-16.904894,
2021665265,-16.2732921,
2022265225,-16.62192235,
2022865185,-16.65252808,
2023465145,-16.84304139,
2024065105,-16.7964782,
2024665065,-16.87487175,
2025265025,-16.91985206,
2025864985,-16.89932683,
2026464945,-17.36499929,
2027064905,-17.25951124,
2027664865,-17.30470711,
2028264825,-17.56803548,
2028864785,-17.47810206,
2029464745,-17.20627819,
2030064705,-17.58691562,
2030664665,-17.43741427,
2031264625,-17.81409173,
2031864585,-17.59771735,
2032464545,-18.07643224,
2033064505,-18.21973746,
2033664465,-17.989596,
2034264425,-18.14278071,
2034864385,-18.10654632,
2035464345,-18.03646001,
2036064305,-18.28218625,
2036664265,-18.59479484,
2037264225,-18.63007944,
2037864185,-19.15173026,
2038464145,-18.08113594,
2039064105,-18.67773499,
2039664065,-18.51784891,
2040264025,-18.86492323,
2040863985,-19.08332349,
2041463945,-19.26845898,
2042063905,-18.93121332,
2042663865,-19.63558118,
2043263825,-19.35169462,
2043863785,-19.67875509,
2044463745,-19.79309634,
2045063705,-20.23164977,
2045663665,-20.38894352,
2046263625,-20.51556828,
2046863585,-20.95605546,
2047463545,-20.98715745,
2048063505,-21.56744371,
2048663465,-21.77694365,
2049263425,-21.05823176,
2049863385,-21.49375193,
2050463345,-21.72576713,
2051063305,-21.37102771,
2051663265,-22.02881526,
2052263225,-22.1191878,
2052863185,-21.38313165,
2053463145,-21.96891338,
2054063105,-21.92765902,
2054663065,-21.69233791,
2055263025,-21.84052822,
2055862985,-21.79699155,
2056462945,-22.13620574,
2057062905,-22.08453962,
2057662865,-22.03265834,
2058262825,-22.23118824,
2058862785,-22.38826405,
2059462745,-22.68743355,
2060062705,-22.4393225,
2060662665,-22.61494573,
2061262625,-22.24455609,
2061862585,-22.77529303,
2062462545,-23.10301012,
2063062505,-22.92910577,
2063662465,-23.24829472,
2064262425,-23.42738523,
2064862385,-23.50557243,
2065462345,-23.67092396,
2066062305,-23.6820198,
2066662265,-23.91724147,
2067262225,-24.22904358,
2067862185,-23.31917705,
2068462145,-24.0235405,
2069062105,-24.57466546,
2069662065,-24.5669362,
2070262025,-24.48210369,
2070861985,-24.5195985,
2071461945,-25.11853563,
2072061905,-23.49772571,
2072661865,-24.55556809,
2073261825,-24.88932893,
2073861785,-25.14756932,
2074461745,-25.28998854,
2075061705,-25.17537961,
2075661665,-25.42180139,
2076261625,-25.0747781,
2076861585,-24.94577035,
2077461545,-25.14138038,
2078061505,-26.37470407,
2078661465,-26.77273571,
2079261425,-26.20663151,
2079861385,-26.37458659,
2080461345,-25.93638418,
2081061305,-26.70013464,
2081661265,-25.66106718,
2082261225,-25.8780382,
2082861185,-27.34990109,
2083461145,-26.60013699,
2084061105,-26.8393352,
2084661065,-28.86626622,
2085261025,-28.58936206,
2085860985,-28.96416174,
2086460945,-29.94025452,
2087060905,-29.29295206,
2087660865,-29.55331611,
2088260825,-31.78445932,
2088860785,-28.94949127,
2089460745,-32.28012938,
2090060705,-34.68224385,
2090660665,-33.45789835,
2091260625,-34.56482806,
2091860585,-34.27490244,
2092460545,-36.70387023,
2093060505,-37.52413711,
2093660465,-35.62526148,
2094260425,-34.81374885,
2094860385,-33.45787739,
2095460345,-37.8601411,
2096060305,-34.89487339,
2096660265,-37.01477906,
2097260225,-37.56145516,
2097860185,-38.76904789,
2098460145,-36.95633406,
2099060105,-35.81169818,
2099660065,-40.22797817,
2100260025,-37.44518046,
2100859985,-37.17276253,
2101459945,-37.55308103,
2102059905,-39.16947453,
2102659865,-36.49684296,
2103259825,-42.03628335,
2103859785,-37.1572462,
2104459745,-35.74036515,
2105059705,-36.0603242,
2105659665,-36.4377662,
2106259625,-36.81947386,
2106859585,-37.2503172,
2107459545,-37.61175565,
2108059505,-38.03558512,
2108659465,-38.52717391,
2109259425,-39.00954069,
2109859385,-39.5209892,
2110459345,-40.03775401,
2111059305,-40.70173172,
2111659265,-41.27087297,
2112259225,-41.97064728,
2112859185,-42.68589131,
2113459145,-43.5044851,
2114059105,-44.35562953,
2114659065,-45.31479023,
2115259025,-46.44271192,
2115858985,-47.43040795,
2116458945,-48.73998557,
2117058905,-50.08537219,
2117658865,-51.53353767,
2118258825,-52.6080042,
2118858785,-53.08720002,
2119458745,-52.78440744,
2120058705,-51.85646032,
2120658665,-50.49403947,
2121258625,-49.1221509,
2121858585,-47.84168026,
2122458545,-46.66105556,
2123058505,-45.46027129,
2123658465,-44.50480748,
2124258425,-43.57108293,
2124858385,-42.70773987,
2125458345,-41.99862816,
2126058305,-41.28201232,
2126658265,-40.55296069,
2127258225,-39.95248029,
2127858185,-39.36325748,
2128458145,-38.77002556,
2129058105,-38.25110949,
2129658065,-37.69410401,
2130258025,-37.22789644,
2130857985,-37.85459625,
2131457945,-37.37512637,
2132057905,-35.88399808,
2132657865,-36.29910706,
2133257825,-36.05245653,
2133857785,-37.61308005,
2134457745,-42.33416398,
2135057705,-38.36109277,
2135657665,-38.92415951,
2136257625,-38.35035416,
2136857585,-40.39063044,
2137457545,-36.82603676,
2138057505,-35.50572988,
2138657465,-40.07877866,
2139257425,-37.82313196,
2139857385,-36.43997568,
2140457345,-37.18883506,
2141057305,-35.40082521,
2141657265,-35.49135139,
2142257225,-37.12607594,
2142857185,-35.37314863,
2143457145,-34.3067408,
2144057105,-33.19691566,
2144657065,-33.30586014,
2145257025,-33.46071559,
2145856985,-32.5711478,
2146456945,-32.74569702,
2147056905,-31.43686948,
2147656865,-30.64005099,
2148256825,-29.30870117,
2148856785,-28.83828214,
2149456745,-26.67364888,
2150056705,-26.76128741,
2150656665,-27.3473067,
2151256625,-26.52621439,
2151856585,-27.1202969,
2152456545,-25.92052724,
2153056505,-25.61832186,
2153656465,-25.30102543,
2154256425,-24.47919847,
2154856385,-25.29928167,
2155456344,-25.64716175,
2156056304,-24.51762146,
2156656264,-24.64874488,
2157256224,-24.24559631,
2157856184,-24.62661829,
2158456144,-24.11575102,
2159056104,-24.13764577,
2159656064,-23.68548242,
2160256024,-24.04634979,
2160855984,-23.81789784,
2161455944,-24.61578009,
2162055904,-23.51068854,
2162655864,-23.48745555,
2163255824,-24.2868875,
2163855784,-23.74438895,
2164455744,-23.36140618,
2165055704,-23.24204116,
2165655664,-23.38971205,
2166255624,-22.81037272,
2166855584,-23.00723921,
2167455544,-22.60189129,
2168055504,-22.64960899,
2168655464,-22.25012501,
2169255424,-22.26772864,
2169855384,-21.96459855,
2170455344,-21.92035134,
2171055304,-22.03655251,
2171655264,-21.7575927,
2172255224,-21.42404648,
2172855184,-21.6209439,
2173455144,-21.81122372,
2174055104,-21.40292293,
2174655064,-21.54489907,
2175255024,-20.87953113,
2175854984,-20.66253177,
2176454944,-21.05326091,
2177054904,-20.55344041,
2177654864,-20.32283856,
2178254824,-20.89230664,
2178854784,-20.96438418,
2179454744,-20.59927085,
2180054704,-20.53715174,
2180654664,-20.28726559,
2181254624,-20.2782829,
2181854584,-20.05440458,
2182454544,-20.66269523,
2183054504,-19.86369909,
2183654464,-19.46224746,
2184254424,-19.12432211,
2184854384,-19.13773136,
2185454344,-19.05419075,
2186054304,-17.94142595,
2186654264,-18.50732268,
2187254224,-17.9693364,
2187854184,-18.57152778,
2188454144,-17.86587664,
2189054104,-17.91658486,
2189654064,-17.8096791,
2190254024,-17.83293443,
2190853984,-17.73196636,
2191453944,-17.71245744,
2192053904,-17.74972463,
2192653864,-17.24380842,
2193253824,-17.84288274,
2193853784,-17.0964914,
2194453744,-16.87999849,
2195053704,-17.13522146,
2195653664,-17.00590586,
2196253624,-16.74173551,
2196853584,-16.90948002,
2197453544,-16.57657967,
2198053504,-16.67576107,
2198653464,-16.23598151,
2199253424,-16.36839513,
2199853384,-16.19495467,
2200453344,-16.33892454,
2201053304,-15.79378616,
2201653264,-15.93164649,
2202253224,-16.00999298,
2202853184,-15.50789565,
2203453144,-16.16797235,
2204053104,-15.72023087,
2204653064,-15.91201485,
2205253024,-15.84841159,
2205852984,-15.63549393,
2206452944,-15.47233909,
2207052904,-15.31357376,
2207652864,-15.14261325,
2208252824,-15.08051509,
2208852784,-14.98302487,
2209452744,-14.6204484,
2210052704,-14.70439477,
2210652664,-14.32987622,
2211252624,-14.69030752,
2211852584,-14.31754162,
2212452544,-14.28035454,
2213052504,-14.40491436,
2213652464,-13.9577277,
2214252424,-14.08374435,
2214852384,-13.62050386,
2215452344,-14.46761458,
2216052304,-13.64920136,
2216652264,-13.81542949,
2217252224,-13.9509645,
2217852184,-13.73429174,
2218452144,-13.72726042,
2219052104,-13.47340152,
2219652064,-13.4050865,
2220252024,-13.58012953,
2220851984,-13.56410995,
2221451944,-13.34181213,
2222051904,-13.19555478,
2222651864,-13.2005058,
2223251824,-13.06160928,
2223851784,-12.972186,
2224451744,-13.08723597,
2225051704,-12.87752183,
2225651664,-12.93178816,
2226251624,-12.86026157,
2226851584,-12.79672739,
2227451544,-13.08923581,
2228051504,-12.8454414,
2228651464,-12.94244168,
2229251424,-12.80506483,
2229851384,-12.71505375,
2230451344,-12.59622646,
2231051304,-12.63050109,
2231651264,-12.38378497,
2232251224,-12.60609246,
2232851184,-12.61636354,
2233451144,-12.45399564,
2234051104,-12.21570422,
2234651064,-12.38363845,
2235251024,-11.96521966,
2235850984,-11.94876749,
2236450944,-12.14386718,
2237050904,-12.11408339,
2237650864,-12.06077953,
2238250824,-11.79454842,
2238850784,-12.05014186,
2239450744,-12.02511323,
2240050704,-11.83297607,
2240650664,-11.79475122,
2241250624,-11.66827384,
2241850584,-11.49911433,
2242450544,-11.67627381,
2243050504,-11.62987894,
2243650464,-11.36739081,
2244250424,-11.32835368,
2244850384,-11.47875694,
2245450344,-11.58587522,
2246050304,-11.45593431,
2246650264,-11.2491097,
2247250224,-11.36781161,
2247850184,-11.283476,
2248450144,-11.24083945,
2249050104,-11.26922457,
2249650064,-11.48446444,
2250250024,-11.38838527,
2250849984,-11.08867711,
2251449944,-11.15936768,
2252049904,-11.19631905,
2252649864,-10.86085815,
2253249824,-11.02127703,
2253849784,-11.14323249,
2254449744,-11.04187989,
2255049704,-10.96286881,
2255649664,-10.97740984,
2256249624,-10.97817299,
2256849584,-11.06596824,
2257449544,-10.90982164,
2258049504,-11.01153765,
2258649464,-10.78391226,
2259249424,-10.93313256,
2259849384,-10.89407592,
2260449344,-10.87584048,
2261049304,-10.85792301,
2261649264,-10.76473369,
2262249224,-10.9106863,
2262849184,-10.75447417,
2263449144,-10.81262502,
2264049104,-10.72404274,
2264649064,-10.6869707,
2265249024,-10.84090922,
2265848984,-10.76195758,
2266448944,-10.66430234,
2267048904,-10.66890642,
2267648864,-10.62000756,
2268248824,-10.6597786,
2268848784,-10.69257243,
2269448744,-10.68293664,
2270048704,-10.66272064,
2270648664,-10.69912501,
2271248624,-10.45899329,
2271848584,-10.65621005,
2272448544,-10.54637192,
2273048504,-10.63196806,
2273648464,-10.71303438,
2274248424,-10.6709176,
2274848384,-10.51243557,
2275448344,-10.66148146,
2276048304,-10.61154528,
2276648264,-10.54217226,
2277248224,-10.57704552,
2277848184,-10.63219718,
2278448144,-10.38602168,
2279048104,-10.48670883,
2279648064,-10.52052459,
2280248024,-10.61896159,
2280847984,-10.51338413,
2281447944,-10.48430914,
2282047904,-10.56757338,
2282647864,-10.48770974,
2283247824,-10.48999353,
2283847784,-10.52721371,
2284447744,-10.5024474,
2285047704,-10.40596352,
2285647664,-10.371439,
2286247624,-10.4343329,
2286847584,-10.13410923,
2287447544,-10.4701061,
2288047504,-10.35769914,
2288647464,-10.50601471,
2289247424,-10.29432967,
2289847384,-10.41728295,
2290447344,-10.30641621,
2291047304,-10.46458208,
2291647264,-10.4245642,
2292247224,-10.53036129,
2292847184,-10.50918435,
2293447144,-10.29699784,
2294047104,-10.50046975,
2294647064,-10.23062771,
2295247024,-10.32575202,
2295846984,-10.39333582,
2296446944,-10.26565607,
2297046904,-10.38427163,
2297646864,-10.26523876,
2298246824,-10.41991742,
2298846784,-10.36161381,
2299446744,-10.11937135,
2300046704,-10.29546098,
2300646664,-10.21038753,
2301246624,-10.09662334,
2301846584,-10.41216012,
2302446544,-10.10603905,
2303046504,-10.0321521,
2303646464,-10.18298087,
2304246424,-10.15059382,
2304846384,-10.30123937,
2305446344,-10.22846038,
2306046304,-10.12315097,
2306646264,-10.03495482,
2307246224,-10.18242411,
2307846184,-10.08803972,
2308446144,-10.24423983,
2309046103,-10.25765964,
2309646063,-10.17288851,
2310246023,-10.01905507,
2310845983,-9.959962989,
2311445943,-10.23781556,
2312045903,-9.839413748,
2312645863,-10.02901968,
2313245823,-10.11972067,
2313845783,-10.03620081,
2314445743,-10.03742516,
2315045703,-10.01492645,
2315645663,-9.773912881,
2316245623,-9.809179919,
2316845583,-9.855613646,
2317445543,-9.866634865,
2318045503,-10.00389628,
2318645463,-9.926428503,
2319245423,-10.01959476,
2319845383,-9.873793526,
2320445343,-9.853810454,
2321045303,-9.775816364,
2321645263,-9.712535392,
2322245223,-9.810907635,
2322845183,-9.772006421,
2323445143,-9.86459144,
2324045103,-9.660796,
2324645063,-9.851324172,
2325245023,-9.740390074,
2325844983,-9.726944761,
2326444943,-9.569197834,
2327044903,-9.520695592,
2327644863,-9.705788332,
2328244823,-9.651083414,
2328844783,-9.757761835,
2329444743,-9.609726557,
2330044703,-9.544950816,
2330644663,-9.618937519,
2331244623,-9.521001544,
2331844583,-9.45464664,
2332444543,-9.595000948,
2333044503,-9.550873178,
2333644463,-9.375695762,
2334244423,-9.255263952,
2334844383,-9.293252442,
2335444343,-9.337646806,
2336044303,-9.318265445,
2336644263,-9.450167357,
2337244223,-9.365355575,
2337844183,-9.267137217,
2338444143,-9.343254741,
2339044103,-9.28592141,
2339644063,-9.427006663,
2340244023,-9.202859115,
2340843983,-9.393090373,
2341443943,-9.27311557,
2342043903,-9.2671671,
2342643863,-9.164154056,
2343243823,-9.352345166,
2343843783,-9.056819122,
2344443743,-9.365692501,
2345043703,-9.107519786,
2345643663,-9.264671576,
2346243623,-9.09603513,
2346843583,-8.963473102,
2347443543,-8.997371735,
2348043503,-9.146049236,
2348643463,-8.978744534,
2349243423,-8.955765477,
2349843383,-8.975564944,
2350443343,-8.965965462,
2351043303,-8.875865161,
2351643263,-8.833817325,
2352243223,-8.941516416,
2352843183,-8.882975499,
2353443143,-8.71624729,
2354043103,-8.795962235,
2354643063,-8.822733565,
2355243023,-8.881625555,
2355842983,-8.895245516,
2356442943,-8.846880858,
2357042903,-8.73191231,
2357642863,-8.809761228,
2358242823,-8.75123627,
2358842783,-8.580774007,
2359442743,-8.590104632,
2360042703,-8.636508069,
2360642663,-8.622071743,
2361242623,-8.563393175,
2361842583,-8.64583602,
2362442543,-8.56100565,
2363042503,-8.587929303,
2363642463,-8.552102652,
2364242423,-8.49553256,
2364842383,-8.564042876,
2365442343,-8.408880666,
2366042303,-8.407954136,
2366642263,-8.456622164,
2367242223,-8.408304461,
2367842183,-8.384610998,
2368442143,-8.509038343,
2369042103,-8.324716869,
2369642063,-8.166870159,
2370242023,-8.281597697,
2370841983,-8.280509123,
2371441943,-8.103417058,
2372041903,-8.181386284,
2372641863,-8.220124615,
2373241823,-8.179268442,
2373841783,-8.198054669,
2374441743,-8.261710624,
2375041703,-8.001816595,
2375641663,-8.04916033,
2376241623,-7.853736731,
2376841583,-7.893077916,
2377441543,-7.80474736,
2378041503,-7.823041466,
2378641463,-7.816679678,
2379241423,-7.605957871,
2379841383,-7.795103602,
2380441343,-7.791219202,
2381041303,-7.7059524,
2381641263,-7.743020723,
2382241223,-7.657106885,
2382841183,-7.624021702,
2383441143,-7.704119615,
2384041103,-7.761220177,
2384641063,-7.499225413,
2385241023,-7.623756284,
2385840983,-7.497605185,
2386440943,-7.457840141,
2387040903,-7.507893545,
2387640863,-7.533417383,
2388240823,-7.431612643,
2388840783,-7.423225852,
2389440743,-7.420988253,
2390040703,-7.349953925,
2390640663,-7.220169816,
2391240623,-7.446813082,
2391840583,-7.233468422,
2392440543,-7.355181794,
2393040503,-7.233458308,
2393640463,-7.235829541,
2394240423,-7.225540657,
2394840383,-7.291373822,
2395440343,-7.180021479,
2396040303,-7.205122092,
2396640263,-7.162332356,
2397240223,-7.076346364,
2397840183,-6.937338241,
2398440143,-7.177498578,
2399040103,-7.107497164,
2399640063,-7.074300281,
2400240023,-7.165933556,
2400839983,-7.111233931,
2401439943,-6.951455552,
2402039903,-6.901072277,
2402639863,-6.941363117,
2403239823,-7.029139898,
2403839783,-6.91308261,
2404439743,-6.886626434,
2405039703,-6.92005214,
2405639663,-6.939488536,
2406239623,-6.804880898,
2406839583,-6.848613484,
2407439543,-7.055778353,
2408039503,-6.909175603,
2408639463,-6.842574578,
2409239423,-6.772190277,
2409839383,-6.796776927,
2410439343,-6.765546882,
2411039303,-6.81197085,
2411639263,-6.667519714,
2412239223,-6.702184603,
2412839183,-6.565359753,
2413439143,-6.674597091,
2414039103,-6.617020761,
2414639063,-6.621901093,
2415239023,-6.599622156,
2415838983,-6.653645407,
2416438943,-6.588764729,
2417038903,-6.632267092,
2417638863,-6.416272015,
2418238823,-6.446867898,
2418838783,-6.579170504,
2419438743,-6.40064171,
2420038703,-6.451303673,
2420638663,-6.582784701,
2421238623,-6.43969188,
2421838583,-6.446043856,
2422438543,-6.38659668,
2423038503,-6.421516842,
2423638463,-6.463650311,
2424238423,-6.385575195,
2424838383,-6.241899533,
2425438343,-6.367313521,
2426038303,-6.447451377,
2426638263,-6.287805412,
2427238223,-6.245561142,
2427838183,-6.407360299,
2428438143,-6.442900935,
2429038103,-6.521731135,
2429638063,-6.362083171,
2430238023,-6.431214486,
2430837983,-6.360362441,
2431437943,-6.485235464,
2432037903,-6.286924678,
2432637863,-6.169638618,
2433237823,-6.418877085,
2433837783,-6.337198461,
2434437743,-6.317842874,
2435037703,-6.328037156,
2435637663,-6.296630654,
2436237623,-6.342566455,
2436837583,-6.421854788,
2437437543,-6.320213418,
2438037503,-6.264836087,
2438637463,-6.294743399,
2439237423,-6.229831865,
2439837383,-6.384688241,
2440437343,-6.258096526,
2441037303,-6.293308196,
2441637263,-6.369153012,
2442237223,-6.299379791,
2442837183,-6.174291647,
2443437143,-6.272192818,
2444037103,-6.202131437,
2444637063,-6.204983231,
2445237023,-6.289011258,
2445836983,-6.285869333,
2446436943,-6.192762985,
2447036903,-6.220916649,
2447636863,-6.236415985,
2448236823,-6.23408473,
2448836783,-6.168840809,
2449436743,-6.242346065,
2450036703,-6.218403163,
2450636663,-6.184493622,
2451236623,-6.269992492,
2451836583,-6.170380994,
2452436543,-6.154531887,
2453036503,-6.183755101,
2453636463,-6.195736238,
2454236423,-6.160508385,
2454836383,-6.155481479,
2455436343,-6.201581732,
2456036303,-6.189489997,
2456636263,-6.199985381,
2457236223,-6.201602037,
2457836183,-6.120486146,
2458436143,-6.136730054,
2459036103,-6.174753367,
2459636063,-6.142253121,
2460236023,-6.195434448,
2460835983,-6.194755071,
2461435943,-6.178318082,
2462035903,-6.109251574,
2462635863,-6.125485792,
2463235822,-6.150320533,
2463835782,-5.954201562,
2464435742,-6.134418318,
2465035702,-6.104501884,
2465635662,-6.082447057,
2466235622,-6.004777542,
2466835582,-6.200934934,
2467435542,-6.131666179,
2468035502,-6.190642488,
2468635462,-6.12344069,
2469235422,-6.115744806,
2469835382,-6.116630084,
2470435342,-6.005224814,
2471035302,-6.189262806,
2471635262,-6.011408218,
2472235222,-6.101831805,
2472835182,-6.060289489,
2473435142,-6.130574453,
2474035102,-6.059784421,
2474635062,-6.046639259,
2475235022,-5.989460877,
2475834982,-5.983594862,
2476434942,-5.949527849,
2477034902,-6.011675803,
2477634862,-5.939662988,
2478234822,-6.053196495,
2478834782,-6.012797314,
2479434742,-5.980848364,
2480034702,-6.024434047,
2480634662,-5.922690891,
2481234622,-5.991104188,
2481834582,-6.064158906,
2482434542,-5.957506117,
2483034502,-6.005922771,
2483634462,-5.883800884,
2484234422,-5.968187052,
2484834382,-5.894035009,
2485434342,-6.017580889,
2486034302,-5.919522828,
2486634262,-5.908926018,
2487234222,-5.869491872,
2487834182,-5.87240417,
2488434142,-5.996353825,
2489034102,-5.955040757,
2489634062,-5.927048721,
2490234022,-5.977380883,
2490833982,-5.918011064,
2491433942,-5.828036938,
2492033902,-5.940707177,
2492633862,-5.932819955,
2493233822,-5.873339952,
2493833782,-5.791208903,
2494433742,-5.739164318,
2495033702,-6.023642603,
2495633662,-5.919485302,
2496233622,-5.802753876,
2496833582,-5.815879491,
2497433542,-5.789750425,
2498033502,-5.926899927,
2498633462,-5.856134777,
2499233422,-5.879151432,
2499833382,-5.818173841,
2500433342,-5.840967021,
2501033302,-5.889983325,
2501633262,-5.873196835,
2502233222,-5.910391293,
2502833182,-5.879866752,
2503433142,-5.848717159,
2504033102,-5.849278754,
2504633062,-5.807283916,
2505233022,-5.837748561,
2505832982,-5.838435256,
2506432942,-5.870524563,
2507032902,-5.764593081,
2507632862,-5.810891456,
2508232822,-5.832156036,
2508832782,-5.762858051,
2509432742,-5.782223126,
2510032702,-5.795598747,
2510632662,-5.748070489,
2511232622,-5.78768627,
2511832582,-5.771523602,
2512432542,-5.896985749,
2513032502,-5.702017679,
2513632462,-5.830235679,
2514232422,-5.805600293,
2514832382,-5.735269538,
2515432342,-5.754772195,
2516032302,-5.804337339,
2516632262,-5.741587353,
2517232222,-5.806483086,
2517832182,-5.711382577,
2518432142,-5.706374218,
2519032102,-5.739112481,
2519632062,-5.675857877,
2520232022,-5.698226719,
2520831982,-5.713818629,
2521431942,-5.704488743,
2522031902,-5.792482823,
2522631862,-5.757820517,
2523231822,-5.72857643,
2523831782,-5.707233888,
2524431742,-5.655456053,
2525031702,-5.758928537,
2525631662,-5.779505248,
2526231622,-5.8478158,
2526831582,-5.793215194,
2527431542,-5.713109866,
2528031502,-5.765156576,
2528631462,-5.664444268,
2529231422,-5.700084013,
2529831382,-5.813529146,
2530431342,-5.639357099,
2531031302,-5.758262896,
2531631262,-5.583888039,
2532231222,-5.771439257,
2532831182,-5.864928671,
2533431142,-5.760933215,
2534031102,-5.822131376,
2534631062,-5.772778249,
2535231022,-5.70831746,
2535830982,-5.755895044,
2536430942,-5.770677077,
2537030902,-5.743799408,
2537630862,-5.837820891,
2538230822,-5.792267106,
2538830782,-5.807932247,
2539430742,-5.769480816,
2540030702,-5.775615979,
2540630662,-5.839491507,
2541230622,-5.790521825,
2541830582,-5.78050146,
2542430542,-5.7509637,
2543030502,-5.837171619,
2543630462,-5.775630037,
2544230422,-5.872026087,
2544830382,-5.670563837,
2545430342,-5.759210083,
2546030302,-5.789366622,
2546630262,-5.81982698,
2547230222,-5.808427418,
2547830182,-5.671016701,
2548430142,-5.735212966,
2549030102,-5.686594965,
2549630062,-5.805229904,
2550230022,-5.768054253,
2550829982,-5.766887265,
2551429942,-5.906294423,
2552029902,-5.781474219,
2552629862,-5.909649461,
2553229822,-5.834523403,
2553829782,-5.820345612,
2554429742,-5.819645023,
2555029702,-5.855851841,
2555629662,-5.781531675,
2556229622,-5.785999679,
2556829582,-5.739916203,
2557429542,-5.780221759,
2558029502,-5.810131748,
2558629462,-5.802924261,
2559229422,-5.876760465,
2559829382,-5.838271332,
2560429342,-5.724858358,
2561029302,-5.813423887,
2561629262,-5.900606682,
2562229222,-5.825596771,
2562829182,-5.895707785,
2563429142,-5.950746025,
2564029102,-5.78244361,
2564629062,-5.830288058,
2565229022,-5.954070293,
2565828982,-5.89079978,
2566428942,-6.03938822,
2567028902,-5.886944493,
2567628862,-5.861347055,
2568228822,-5.843241014,
2568828782,-5.814513892,
2569428742,-5.892719681,
2570028702,-5.899153345,
2570628662,-5.885126905,
2571228622,-5.903628759,
2571828582,-5.91763953,
2572428542,-5.877896399,
2573028502,-5.889986543,
2573628462,-5.967838507,
2574228422,-5.804130445,
2574828382,-5.867969955,
2575428342,-5.954351989,
2576028302,-5.862736669,
2576628262,-5.941371342,
2577228222,-5.952194048,
2577828182,-5.963099025,
2578428142,-5.849329328,
2579028102,-5.942405197,
2579628062,-5.890630155,
2580228022,-5.937981303,
2580827982,-5.970936538,
2581427942,-5.898059613,
2582027902,-5.949595854,
2582627862,-5.966527794,
2583227822,-5.915240895,
2583827782,-5.880227719,
2584427742,-5.942443243,
2585027702,-6.001958794,
2585627662,-5.857427655,
2586227622,-5.905270853,
2586827582,-5.937080501,
2587427542,-5.937614058,
2588027502,-6.034532526,
2588627462,-5.912159961,
2589227422,-5.942110047,
2589827382,-5.999261027,
2590427342,-6.023407686,
2591027302,-5.972203894,
2591627262,-5.83938401,
2592227222,-5.902136179,
2592827182,-5.942465257,
2593427142,-5.958973312,
2594027102,-5.848414681,
2594627062,-5.932493105,
2595227022,-5.973991543,
2595826982,-5.93589476,
2596426942,-5.862150829,
2597026902,-5.917207784,
2597626862,-5.946048178,
2598226822,-5.935540118,
2598826782,-6.019372065,
2599426742,-5.897105047,
2600026702,-6.001411071,
2600626662,-5.949492059,
2601226622,-5.935397916,
2601826582,-6.027710523,
2602426542,-6.070157309,
2603026502,-5.943048449,
2603626462,-5.874822362,
2604226422,-5.941615863,
2604826382,-6.07649451,
2605426342,-6.03661106,
2606026302,-5.869579305,
2606626262,-5.963101192,
2607226222,-5.962532993,
2607826182,-6.050034629,
2608426142,-6.009979558,
2609026102,-5.977359546,
2609626062,-5.980944209,
2610226022,-5.968848497,
2610825982,-5.960840183,
2611425942,-5.962822605,
2612025902,-5.900767297,
2612625862,-5.94978845,
2613225822,-6.011561567,
2613825782,-6.015747274,
2614425742,-6.039540333,
2615025702,-5.970245676,
2615625662,-6.020267697,
2616225622,-5.93521023,
2616825581,-6.161441261,
2617425541,-5.957414997,
2618025501,-6.069355493,
2618625461,-5.936960218,
2619225421,-6.042141427,
2619825381,-6.062549772,
2620425341,-6.152341832,
2621025301,-5.975226525,
2621625261,-6.047701823,
2622225221,-5.946544851,
2622825181,-6.046628905,
2623425141,-6.081337447,
2624025101,-6.106183756,
2624625061,-6.204097762,
2625225021,-6.063347567,
2625824981,-6.041243373,
2626424941,-6.074400205,
2627024901,-6.10444581,
2627624861,-6.08068665,
2628224821,-6.117378373,
2628824781,-6.093842887,
2629424741,-6.172209089,
2630024701,-6.172366019,
2630624661,-6.252846463,
2631224621,-6.14712653,
2631824581,-6.183526657,
2632424541,-6.333586281,
2633024501,-6.062878569,
2633624461,-6.267125795,
2634224421,-6.183808638,
2634824381,-6.229142776,
2635424341,-6.273565374,
2636024301,-6.245634088,
2636624261,-6.229552537,
2637224221,-6.210775556,
2637824181,-6.233582409,
2638424141,-6.329352648,
2639024101,-6.238921953,
2639624061,-6.382517222,
2640224021,-6.30280973,
2640823981,-6.301959066,
2641423941,-6.375223489,
2642023901,-6.435513634,
2642623861,-6.397588094,
2643223821,-6.305531376,
2643823781,-6.37887918,
2644423741,-6.547763219,
2645023701,-6.41158184,
2645623661,-6.51164506,
2646223621,-6.616747616,
2646823581,-6.555716181,
2647423541,-6.46281755,
2648023501,-6.620423759,
2648623461,-6.589295374,
2649223421,-6.548869283,
2649823381,-6.49243669,
2650423341,-6.526866012,
2651023301,-6.606853866,
2651623261,-6.519485787,
2652223221,-6.621018625,
2652823181,-6.537085716,
2653423141,-6.568566169,
2654023101,-6.676148898,
2654623061,-6.574756572,
2655223021,-6.711630879,
2655822981,-6.704457351,
2656422941,-6.691330549,
2657022901,-6.784590715,
2657622861,-6.830945402,
2658222821,-6.83273419,
2658822781,-6.727795729,
2659422741,-6.86691787,
2660022701,-6.867789938,
2660622661,-6.854326426,
2661222621,-6.858364638,
2661822581,-6.896127883,
2662422541,-6.956637301,
2663022501,-6.976534449,
2663622461,-7.015322637,
2664222421,-6.87251078,
2664822381,-7.015149659,
2665422341,-6.898634294,
2666022301,-7.118823962,
2666622261,-7.028884288,
2667222221,-7.186586627,
2667822181,-7.073323035,
2668422141,-7.159468338,
2669022101,-7.142014957,
2669622061,-7.124382423,
2670222021,-7.250751301,
2670821981,-7.326571733,
2671421941,-7.278140103,
2672021901,-7.162172212,
2672621861,-7.347375842,
2673221821,-7.242986334,
2673821781,-7.23487479,
2674421741,-7.354583331,
2675021701,-7.261457261,
2675621661,-7.308721769,
2676221621,-7.256802868,
2676821581,-7.352823978,
2677421541,-7.40447514,
2678021501,-7.372009039,
2678621461,-7.416043239,
2679221421,-7.453858645,
2679821381,-7.43149552,
2680421341,-7.431201991,
2681021301,-7.512457982,
2681621261,-7.390371795,
2682221221,-7.454306991,
2682821181,-7.460847343,
2683421141,-7.470914891,
2684021101,-7.357761249,
2684621061,-7.461031029,
2685221021,-7.517496402,
2685820981,-7.480430822,
2686420941,-7.568786482,
2687020901,-7.487633353,
2687620861,-7.556478068,
2688220821,-7.460682993,
2688820781,-7.548145256,
2689420741,-7.510507565,
2690020701,-7.552660203,
2690620661,-7.576693001,
2691220621,-7.619897034,
2691820581,-7.601573235,
2692420541,-7.665892847,
2693020501,-7.600154689,
2693620461,-7.659271075,
2694220421,-7.642695417,
2694820381,-7.55910582,
2695420341,-7.681337671,
2696020301,-7.741845489,
2696620261,-7.654652914,
2697220221,-7.514528889,
2697820181,-7.706064567,
2698420141,-7.700030788,
2699020101,-7.704446548,
2699620061,-7.628853007,
2700220021,-7.732519214,
2700819981,-7.71503773,
2701419941,-7.787202406,
2702019901,-7.849189638,
2702619861,-7.769350262,
2703219821,-7.772732451,
2703819781,-7.726024437,
2704419741,-7.771061213,
2705019701,-7.81952085,
2705619661,-7.725257658,
2706219621,-7.79568937,
2706819581,-7.658381393,
2707419541,-7.782613076,
2708019501,-7.771424649,
2708619461,-7.755832985,
2709219421,-7.701435337,
2709819381,-7.922304759,
2710419341,-7.725300296,
2711019301,-7.771948138,
2711619261,-7.711402626,
2712219221,-7.816735395,
2712819181,-7.74040112,
2713419141,-7.745958129,
2714019101,-7.781235335,
2714619061,-7.862765794,
2715219021,-7.814636527,
2715818981,-7.837122386,
2716418941,-7.710920909,
2717018901,-7.746181609,
2717618861,-7.805534495,
2718218821,-7.751100151,
2718818781,-7.735851787,
2719418741,-7.779820264,
2720018701,-7.659599941,
2720618661,-7.692693538,
2721218621,-7.750467522,
2721818581,-7.694364306,
2722418541,-7.847156035,
2723018501,-7.762536548,
2723618461,-7.771055288,
2724218421,-7.722279193,
2724818381,-7.742094861,
2725418341,-7.837491362,
2726018301,-7.747465356,
2726618261,-7.808729694,
2727218221,-7.752799379,
2727818181,-7.703644869,
2728418141,-7.724261412,
2729018101,-7.73841156,
2729618061,-7.66554668,
2730218021,-7.7007979,
2730817981,-7.831621072,
2731417941,-7.666749487,
2732017901,-7.811349946,
2732617861,-7.666080938,
2733217821,-7.581446469,
2733817781,-7.68850585,
2734417741,-7.686033133,
2735017701,-7.753933841,
2735617661,-7.787331416,
2736217621,-7.679967555,
2736817581,-7.600000462,
2737417541,-7.597190517,
2738017501,-7.649087743,
2738617461,-7.470347001,
2739217421,-7.6144588,
2739817381,-7.619677351,
2740417341,-7.582034113,
2741017301,-7.624292361,
2741617261,-7.523427285,
2742217221,-7.700165461,
2742817181,-7.656206991,
2743417141,-7.57300753,
2744017101,-7.684049746,
2744617061,-7.631267117,
2745217021,-7.556259429,
2745816981,-7.523584353,
2746416941,-7.600038446,
2747016901,-7.563220036,
2747616861,-7.596156753,
2748216821,-7.480036331,
2748816781,-7.500659377,
2749416741,-7.579137195,
2750016701,-7.51119594,
2750616661,-7.451571491,
2751216621,-7.526541926,
2751816581,-7.435923252,
2752416541,-7.408208407,
2753016501,-7.380015895,
2753616461,-7.366627734,
2754216421,-7.222994565,
2754816381,-7.292945626,
2755416341,-7.296989627,
2756016301,-7.306140224,
2756616261,-7.340850115,
2757216221,-7.371923054,
2757816181,-7.300360244,
2758416141,-7.38141142,
2759016101,-7.261691345,
2759616061,-7.275491626,
2760216021,-7.312475805,
2760815981,-7.234097601,
2761415941,-7.180576309,
2762015901,-7.267217087,
2762615861,-7.178255508,
2763215821,-7.186002113,
2763815781,-7.214865163,
2764415741,-7.224412137,
2765015701,-7.307755562,
2765615661,-7.205525398,
2766215621,-7.250964944,
2766815581,-7.056646496,
2767415541,-7.153787471,
2768015501,-7.155088793,
2768615461,-7.101718189,
2769215421,-7.02113817,
2769815381,-7.110197721,
2770415340,-7.230751841,
2771015300,-7.02909034,
2771615260,-6.968386512,
2772215220,-7.194355052,
2772815180,-7.195486273,
2773415140,-7.2082923,
2774015100,-7.192495757,
2774615060,-7.070060924,
2775215020,-7.101064432,
2775814980,-7.071520206,
2776414940,-7.155880944,
2777014900,-7.151788669,
2777614860,-7.151434849,
2778214820,-7.064400362,
2778814780,-6.982624861,
2779414740,-7.057744063,
2780014700,-7.011064176,
2780614660,-7.031934714,
2781214620,-7.091393242,
2781814580,-7.013793019,
2782414540,-7.078557903,
2783014500,-7.078244053,
2783614460,-7.086335439,
2784214420,-7.084642994,
2784814380,-6.987721107,
2785414340,-7.03989892,
2786014300,-7.000847074,
2786614260,-6.931322727,
2787214220,-6.992123603,
2787814180,-6.959731185,
2788414140,-7.078619996,
2789014100,-7.002242077,
2789614060,-7.05809058,
2790214020,-6.94471001,
2790813980,-7.066975818,
2791413940,-7.014112805,
2792013900,-7.07101926,
2792613860,-7.04821853,
2793213820,-7.116295641,
2793813780,-7.024229563,
2794413740,-7.051786029,
2795013700,-6.938019965,
2795613660,-6.923561954,
2796213620,-7.043733784,
2796813580,-7.048832861,
2797413540,-6.952941404,
2798013500,-6.849168268,
2798613460,-7.015987174,
2799213420,-7.007079629,
2799813380,-7.008074391,
2800413340,-7.019771729,
2801013300,-7.03843188,
2801613260,-7.040357141,
2802213220,-7.09913755,
2802813180,-6.928225288,
2803413140,-7.012119936,
2804013100,-7.026157794,
2804613060,-7.059691185,
2805213020,-7.019919954,
2805812980,-7.123435603,
2806412940,-7.026721244,
2807012900,-7.052520929,
2807612860,-7.019067442,
2808212820,-7.070496426,
2808812780,-7.077915426,
2809412740,-7.054792159,
2810012700,-7.023942463,
2810612660,-7.064861434,
2811212620,-7.036352586,
2811812580,-7.19351652,
2812412540,-7.026751383,
2813012500,-7.059004734,
2813612460,-6.996344072,
2814212420,-7.029517757,
2814812380,-6.99024533,
2815412340,-7.123568997,
2816012300,-7.07154165,
2816612260,-7.182865385,
2817212220,-7.020718778,
2817812180,-7.062261363,
2818412140,-7.049589538,
2819012100,-7.008283901,
2819612060,-7.143310108,
2820212020,-7.037727456,
2820811980,-7.064463014,
2821411940,-7.192859219,
2822011900,-7.021526951,
2822611860,-7.146443278,
2823211820,-7.03806987,
2823811780,-7.071344628,
2824411740,-7.156855495,
2825011700,-7.153985021,
2825611660,-7.097154852,
2826211620,-7.208769397,
2826811580,-7.172433524,
2827411540,-7.209148891,
2828011500,-7.105606824,
2828611460,-7.067819038,
2829211420,-7.162097142,
2829811380,-7.17128252,
2830411340,-7.057897811,
2831011300,-7.178233621,
2831611260,-7.157566709,
2832211220,-7.167861167,
2832811180,-7.207380105,
2833411140,-7.240883432,
2834011100,-7.125857587,
2834611060,-7.101356652,
2835211020,-7.123601573,
2835810980,-7.249886315,
2836410940,-7.249298158,
2837010900,-7.23404609,
2837610860,-7.285125356,
2838210820,-7.217908569,
2838810780,-7.116335234,
2839410740,-7.315043513,
2840010700,-7.186613896,
2840610660,-7.312949957,
2841210620,-7.322742954,
2841810580,-7.261753387,
2842410540,-7.253322383,
2843010500,-7.371802571,
2843610460,-7.24952127,
2844210420,-7.268528829,
2844810380,-7.355482642,
2845410340,-7.24052074,
2846010300,-7.271348716,
2846610260,-7.239692092,
2847210220,-7.24180526,
2847810180,-7.199724311,
2848410140,-7.279983403,
2849010100,-7.357684776,
2849610060,-7.29344549,
2850210020,-7.271482554,
2850809980,-7.247528761,
2851409940,-7.326741201,
2852009900,-7.240445162,
2852609860,-7.450623311,
2853209820,-7.209044571,
2853809780,-7.33116018,
2854409740,-7.38444802,
2855009700,-7.296108072,
2855609660,-7.292969378,
2856209620,-7.357550052,
2856809580,-7.456556807,
2857409540,-7.506568018,
2858009500,-7.378025061,
2858609460,-7.463586699,
2859209420,-7.378685003,
2859809380,-7.529680588,
2860409340,-7.292093172,
2861009300,-7.434132544,
2861609260,-7.535493054,
2862209220,-7.425622797,
2862809180,-7.517939334,
2863409140,-7.532129519,
2864009100,-7.399012727,
2864609060,-7.483606811,
2865209020,-7.469896887,
2865808980,-7.525928785,
2866408940,-7.555783751,
2867008900,-7.544716706,
2867608860,-7.540079378,
2868208820,-7.63191419,
2868808780,-7.449033237,
2869408740,-7.614986706,
2870008700,-7.60779772,
2870608660,-7.646705966,
2871208620,-7.740500581,
2871808580,-7.550047891,
2872408540,-7.633210139,
2873008500,-7.683324362,
2873608460,-7.706290895,
2874208420,-7.581307235,
2874808380,-7.699047051,
2875408340,-7.582761237,
2876008300,-7.676948056,
2876608260,-7.599515675,
2877208220,-7.774389041,
2877808180,-7.89202384,
2878408140,-7.679912411,
2879008100,-7.748399367,
2879608060,-7.893247826,
2880208020,-7.934407345,
2880807980,-7.855605824,
2881407940,-7.923682432,
2882007900,-7.98209147,
2882607860,-7.974975677,
2883207820,-7.935492568,
2883807780,-7.830045441,
2884407740,-7.941101967,
2885007700,-8.020483822,
2885607660,-8.043943497,
2886207620,-7.993392253,
2886807580,-8.1126231,
2887407540,-8.077971778,
2888007500,-8.117528288,
2888607460,-8.044880075,
2889207420,-8.107727285,
2889807380,-8.115346288,
2890407340,-8.143638252,
2891007300,-8.161086624,
2891607260,-8.196539995,
2892207220,-8.208784758,
2892807180,-8.166109215,
2893407140,-8.302866814,
2894007100,-8.131486286,
2894607060,-8.240832676,
2895207020,-8.163335517,
2895806980,-8.252719374,
2896406940,-8.212246534,
2897006900,-8.255459078,
2897606860,-8.197188055,
2898206820,-8.361205447,
2898806780,-8.355703852,
2899406740,-8.279587944,
2900006700,-8.393941397,
2900606660,-8.345715976,
2901206620,-8.364896409,
2901806580,-8.419875076,
2902406540,-8.397527788,
2903006500,-8.390037563,
2903606460,-8.421563854,
2904206420,-8.428465706,
2904806380,-8.351509574,
2905406340,-8.401490427,
2906006300,-8.505568301,
2906606260,-8.540038493,
2907206220,-8.534083458,
2907806180,-8.612982519,
2908406140,-8.511573477,
2909006100,-8.574897632,
2909606060,-8.577277518,
2910206020,-8.639531025,
2910805980,-8.735944746,
2911405940,-8.668676702,
2912005900,-8.604259008,
2912605860,-8.807278241,
2913205820,-8.722240748,
2913805780,-8.760132617,
2914405740,-8.798834987,
2915005700,-8.675645344,
2915605660,-8.868853784,
2916205620,-8.706585902,
2916805580,-8.870185207,
2917405540,-8.765959078,
2918005500,-8.716817942,
2918605460,-8.786945731,
2919205420,-8.866643074,
2919805380,-8.952083002,
2920405340,-8.817608287,
2921005300,-8.859728265,
2921605260,-8.79095403,
2922205220,-9.074645668,
2922805180,-8.981429589,
2923405140,-8.93237644,
2924005100,-8.957906512,
2924605059,-9.046789242,
2925205019,-8.9671328,
2925804979,-9.163919273,
2926404939,-9.01316253,
2927004899,-8.988609424,
2927604859,-8.971419042,
2928204819,-9.083538342,
2928804779,-8.932424402,
2929404739,-8.953303019,
2930004699,-9.098620736,
2930604659,-8.915528786,
2931204619,-9.058347424,
2931804579,-9.110422201,
2932404539,-9.018138059,
2933004499,-9.131287911,
2933604459,-9.183277373,
2934204419,-9.065334004,
2934804379,-9.23652975,
2935404339,-9.122747454,
2936004299,-9.312193257,
2936604259,-9.229837936,
2937204219,-9.20698132,
2937804179,-9.133884403,
2938404139,-9.319999775,
2939004099,-9.210681393,
2939604059,-9.279771062,
2940204019,-9.260266296,
2940803979,-9.097422856,
2941403939,-9.166782678,
2942003899,-9.353236143,
2942603859,-9.263679342,
2943203819,-9.280571434,
2943803779,-9.343531972,
2944403739,-9.357553894,
2945003699,-9.27882326,
2945603659,-9.37848326,
2946203619,-9.55819659,
2946803579,-9.370647778,
2947403539,-9.414509093,
2948003499,-9.276522833,
2948603459,-9.345599611,
2949203419,-9.24378994,
2949803379,-9.284111165,
2950403339,-9.261082601,
2951003299,-9.322180173,
2951603259,-9.498177163,
2952203219,-9.359952831,
2952803179,-9.356194405,
2953403139,-9.403586516,
2954003099,-9.260487227,
2954603059,-9.245812352,
2955203019,-9.506980879,
2955802979,-9.36311126,
2956402939,-9.508693924,
2957002899,-9.21767145,
2957602859,-9.230680594,
2958202819,-9.219929794,
2958802779,-9.25306537,
2959402739,-9.482819909,
2960002699,-9.385092463,
2960602659,-9.457567727,
2961202619,-9.527360671,
2961802579,-9.526886418,
2962402539,-9.307819366,
2963002499,-9.23541685,
2963602459,-9.502944693,
2964202419,-9.325450721,
2964802379,-9.225728952,
2965402339,-9.368495939,
2966002299,-9.345827453,
2966602259,-9.455341916,
2967202219,-9.336715775,
2967802179,-9.225579202,
2968402139,-9.409085432,
2969002099,-9.275963327,
2969602059,-9.495470753,
2970202019,-9.432908933,
2970801979,-9.317930406,
2971401939,-9.229905416,
2972001899,-9.232056711,
2972601859,-9.28268718,
2973201819,-9.185441145,
2973801779,-9.347201027,
2974401739,-9.30000803,
2975001699,-9.107218494,
2975601659,-9.080722337,
2976201619,-9.30858208,
2976801579,-9.127404085,
2977401539,-9.191512231,
2978001499,-9.363521472,
2978601459,-9.30268615,
2979201419,-9.181383707,
2979801379,-9.208940409,
2980401339,-9.14387007,
2981001299,-9.105951693,
2981601259,-9.217948642,
2982201219,-9.123629692,
2982801179,-9.120148748,
2983401139,-9.160358915,
2984001099,-9.235306714,
2984601059,-9.202205322,
2985201019,-8.971068264,
2985800979,-9.099818392,
2986400939,-9.110689975,
2987000899,-9.055714368,
2987600859,-9.078262706,
2988200819,-9.118014779,
2988800779,-9.060317749,
2989400739,-9.071317229,
2990000699,-9.05028669,
2990600659,-9.052964869,
2991200619,-9.09820454,
2991800579,-9.078806683,
2992400539,-9.061520031,
2993000499,-9.005426662,
2993600459,-9.074610514,
2994200419,-9.021665515,
2994800379,-9.020200242,
2995400339,-8.859077309,
2996000299,-9.06277632,
2996600259,-8.940114225,
2997200219,-9.066445271,
2997800179,-9.098831302,
2998400139,-8.971717314,
2999000099,-8.90222517,
2999600059,-9.021226265,
3000200019,-9.054085265,
3000799979,-8.867770842,
3001399939,-9.039691894,
3001999899,-8.844657939,
3002599859,-8.852537299,
3003199819,-8.856000179,
3003799779,-8.887940742,
3004399739,-8.782221261,
3004999699,-8.948105832,
3005599659,-8.996903831,
3006199619,-8.861530243,
3006799579,-8.802943897,
3007399539,-8.587660325,
3007999499,-8.823857989,
3008599459,-8.673916428,
3009199419,-8.833138147,
3009799379,-8.771493311,
3010399339,-8.730918947,
3010999299,-8.760605308,
3011599259,-8.702110886,
3012199219,-8.715404698,
3012799179,-8.676915871,
3013399139,-8.612501829,
3013999099,-8.638320378,
3014599059,-8.719216959,
3015199019,-8.765617422,
3015798979,-8.684994222,
3016398939,-8.721664462,
3016998899,-8.716880917,
3017598859,-8.658906246,
3018198819,-8.592001038,
3018798779,-8.548714829,
3019398739,-8.729320845,
3019998699,-8.693361801,
3020598659,-8.61163422,
3021198619,-8.530849981,
3021798579,-8.568361827,
3022398539,-8.665753265,
3022998499,-8.605921652,
3023598459,-8.532019669,
3024198419,-8.572527168,
3024798379,-8.554705016,
3025398339,-8.537490431,
3025998299,-8.461509847,
3026598259,-8.575626037,
3027198219,-8.545047986,
3027798179,-8.427804537,
3028398139,-8.60374958,
3028998099,-8.455076732,
3029598059,-8.596561282,
3030198019,-8.437618882,
3030797979,-8.500105539,
3031397939,-8.468330515,
3031997899,-8.484744387,
3032597859,-8.502931567,
3033197819,-8.555344216,
3033797779,-8.49483553,
3034397739,-8.597317723,
3034997699,-8.515043483,
3035597659,-8.53062247,
3036197619,-8.473165519,
3036797579,-8.446946377,
3037397539,-8.483113828,
3037997499,-8.409024193,
3038597459,-8.495458353,
3039197419,-8.447675985,
3039797379,-8.484336837,
3040397339,-8.448209066,
3040997299,-8.390183903,
3041597259,-8.549039793,
3042197219,-8.445523665,
3042797179,-8.365607443,
3043397139,-8.387275438,
3043997099,-8.356575909,
3044597059,-8.471072381,
3045197019,-8.446126438,
3045796979,-8.466220057,
3046396939,-8.3416402,
3046996899,-8.341191554,
3047596859,-8.478785998,
3048196819,-8.436672816,
3048796779,-8.416721278,
3049396739,-8.441711668,
3049996699,-8.487546531,
3050596659,-8.435661676,
3051196619,-8.38474311,
3051796579,-8.34879673,
3052396539,-8.457151338,
3052996499,-8.490718638,
3053596459,-8.45461945,
3054196419,-8.528021774,
3054796379,-8.403828248,
3055396339,-8.509876317,
3055996299,-8.432070104,
3056596259,-8.391701503,
3057196219,-8.503592837,
3057796179,-8.428783284,
3058396139,-8.46384409,
3058996099,-8.491815522,
3059596059,-8.49369452,
3060196019,-8.476658648,
3060795979,-8.408658509,
3061395939,-8.463570632,
3061995899,-8.391004309,
3062595859,-8.41600462,
3063195819,-8.368305879,
3063795779,-8.457407622,
3064395739,-8.416259621,
3064995699,-8.330811359,
3065595659,-8.417111779,
3066195619,-8.465945493,
3066795579,-8.479277852,
3067395539,-8.323752883,
3067995499,-8.484488341,
3068595459,-8.564816729,
3069195419,-8.485449544,
3069795379,-8.521981945,
3070395339,-8.462730555,
3070995299,-8.363959049,
3071595259,-8.541018392,
3072195219,-8.439453797,
3072795179,-8.476330561,
3073395139,-8.379548098,
3073995099,-8.40930645,
3074595059,-8.499389629,
3075195019,-8.405893247,
3075794979,-8.480294488,
3076394939,-8.534936655,
3076994899,-8.462580173,
3077594859,-8.44895562,
3078194818,-8.54709642,
3078794778,-8.523313918,
3079394738,-8.525574178,
3079994698,-8.5173018,
3080594658,-8.469586609,
3081194618,-8.443493933,
3081794578,-8.589636703,
3082394538,-8.504190576,
3082994498,-8.601527103,
3083594458,-8.526210583,
3084194418,-8.578035807,
3084794378,-8.437062452,
3085394338,-8.560990483,
3085994298,-8.593225441,
3086594258,-8.558208609,
3087194218,-8.509070908,
3087794178,-8.401637109,
3088394138,-8.548847951,
3088994098,-8.663160292,
3089594058,-8.538131308,
3090194018,-8.433768047,
3090793978,-8.519063785,
3091393938,-8.573523551,
3091993898,-8.518256353,
3092593858,-8.504006061,
3093193818,-8.583257958,
3093793778,-8.569992787,
3094393738,-8.574270881,
3094993698,-8.609221415,
3095593658,-8.47998834,
3096193618,-8.510863241,
3096793578,-8.564452553,
3097393538,-8.681015796,
3097993498,-8.730304923,
3098593458,-8.703776768,
3099193418,-8.663286513,
3099793378,-8.56497909,
3100393338,-8.67452167,
3100993298,-8.567096752,
3101593258,-8.659055949,
3102193218,-8.596782378,
3102793178,-8.617068321,
3103393138,-8.658890809,
3103993098,-8.709537876,
3104593058,-8.704710234,
3105193018,-8.741460192,
3105792978,-8.691085402,
3106392938,-8.73951105,
3106992898,-8.718592743,
3107592858,-8.76481195,
3108192818,-8.601117823,
3108792778,-8.751266339,
3109392738,-8.697102782,
3109992698,-8.719400485,
3110592658,-8.808795414,
3111192618,-8.835571276,
3111792578,-8.823111825,
3112392538,-8.724540796,
3112992498,-8.869650121,
3113592458,-8.906201256,
3114192418,-8.814618736,
3114792378,-8.744465383,
3115392338,-8.704822023,
3115992298,-8.873706998,
3116592258,-8.733521891,
3117192218,-8.692231188,
3117792178,-8.955345251,
3118392138,-8.852427703,
3118992098,-8.885308121,
3119592058,-8.917741782,
3120192018,-8.955431734,
3120791978,-8.772838578,
3121391938,-9.011004541,
3121991898,-8.996832564,
3122591858,-8.823284445,
3123191818,-9.0522762,
3123791778,-8.953703966,
3124391738,-8.947979819,
3124991698,-8.958747969,
3125591658,-8.982459176,
3126191618,-8.927377998,
3126791578,-8.998808952,
3127391538,-9.125470181,
3127991498,-8.979030294,
3128591458,-9.098612866,
3129191418,-8.902351767,
3129791378,-8.924346722,
3130391338,-8.916422739,
3130991298,-9.019740882,
3131591258,-9.073668228,
3132191218,-9.021080975,
3132791178,-9.001215127,
3133391138,-9.050355162,
3133991098,-9.123133194,
3134591058,-9.103362887,
3135191018,-9.171171013,
3135790978,-9.159102732,
3136390938,-9.309060195,
3136990898,-9.106043148,
3137590858,-9.134056848,
3138190818,-9.262359119,
3138790778,-9.158983505,
3139390738,-9.135025993,
3139990698,-9.230741707,
3140590658,-9.226885675,
3141190618,-9.255939081,
3141790578,-9.278251516,
3142390538,-9.133822112,
3142990498,-9.286346639,
3143590458,-9.302037383,
3144190418,-9.390790152,
3144790378,-9.357047587,
3145390338,-9.369602114,
3145990298,-9.40934463,
3146590258,-9.507476331,
3147190218,-9.572800655,
3147790178,-9.350062717,
3148390138,-9.459890782,
3148990098,-9.349785455,
3149590058,-9.442822107,
3150190018,-9.485107847,
3150789978,-9.508122415,
3151389938,-9.628793682,
3151989898,-9.662146822,
3152589858,-9.663572381,
3153189818,-9.550186494,
3153789778,-9.500192411,
3154389738,-9.589178945,
3154989698,-9.572587243,
3155589658,-9.587689203,
3156189618,-9.601610264,
3156789578,-9.596701056,
3157389538,-9.635108185,
3157989498,-9.641545331,
3158589458,-9.586260014,
3159189418,-9.559918488,
3159789378,-9.70849531,
3160389338,-9.769613377,
3160989298,-9.772702991,
3161589258,-9.652200743,
3162189218,-9.794623841,
3162789178,-9.692549044,
3163389138,-9.752417142,
3163989098,-9.647403147,
3164589058,-9.702346594,
3165189018,-9.771321461,
3165788978,-9.769091042,
3166388938,-9.760758903,
3166988898,-9.820281572,
3167588858,-9.832077005,
3168188818,-9.862191525,
3168788778,-9.730838876,
3169388738,-9.751655857,
3169988698,-9.810334313,
3170588658,-9.728428252,
3171188618,-9.843239355,
3171788578,-9.896745359,
3172388538,-9.870914795,
3172988498,-9.872122799,
3173588458,-9.79389875,
3174188418,-9.854840681,
3174788378,-9.89956567,
3175388338,-9.851274419,
3175988298,-9.893081795,
3176588258,-9.991732102,
3177188218,-9.859262894,
3177788178,-9.91706185,
3178388138,-9.872342427,
3178988098,-9.873898278,
3179588058,-9.922368103,
3180188018,-9.834906481,
3180787978,-9.900040064,
3181387938,-9.860400479,
3181987898,-9.951504365,
3182587858,-9.835274413,
3183187818,-9.9522131,
3183787778,-9.89707997,
3184387738,-9.98979578,
3184987698,-9.963730703,
3185587658,-9.915096349,
3186187618,-9.997040355,
3186787578,-9.932629602,
3187387538,-9.954502137,
3187987498,-9.95070662,
3188587458,-9.906553802,
3189187418,-9.923305371,
3189787378,-9.925339744,
3190387338,-9.952313754,
3190987298,-10.05764352,
3191587258,-9.980396457,
3192187218,-9.972877649,
3192787178,-10.03905884,
3193387138,-10.00533666,
3193987098,-10.09513088,
3194587058,-9.973887506,
3195187018,-10.04968038,
3195786978,-10.04943196,
3196386938,-9.961912403,
3196986898,-10.02073773,
3197586858,-10.19995559,
3198186818,-10.05074633,
3198786778,-9.982262727,
3199386738,-10.03238596,
3199986698,-9.934452992,
3200586658,-9.9824544,
3201186618,-9.973351002,
3201786578,-9.981374205,
3202386538,-10.06699045,
3202986498,-9.999788489,
3203586458,-10.12001034,
3204186418,-9.908316663,
3204786378,-9.932144519,
3205386338,-9.963845097,
3205986298,-9.963110903,
3206586258,-9.984452409,
3207186218,-10.06216728,
3207786178,-9.979535389,
3208386138,-10.22739985,
3208986098,-9.951005673,
3209586058,-9.803829417,
3210186018,-9.930372056,
3210785978,-9.853840897,
3211385938,-9.998679718,
3211985898,-9.898047905,
3212585858,-10.05410459,
3213185818,-10.04286762,
3213785778,-9.99264656,
3214385738,-9.928791481,
3214985698,-9.889461273,
3215585658,-9.99078033,
3216185618,-9.988085708,
3216785578,-9.963820984,
3217385538,-9.921656721,
3217985498,-9.845325441,
3218585458,-9.819356748,
3219185418,-9.96470659,
3219785378,-10.00691529,
3220385338,-10.0358181,
3220985298,-9.804546606,
3221585258,-9.967273453,
3222185218,-9.860437387,
3222785178,-9.790089556,
3223385138,-10.0194356,
3223985098,-9.786017464,
3224585058,-9.967473166,
3225185018,-9.81879838,
3225784978,-9.877999524,
3226384938,-9.823281829,
3226984898,-9.90452017,
3227584858,-9.870542834,
3228184818,-9.687204378,
3228784778,-9.850189277,
3229384738,-9.841529874,
3229984698,-9.828468022,
3230584658,-9.694199009,
3231184618,-9.759221401,
3231784578,-9.774641759,
3232384537,-9.66917101,
3232984497,-9.751642023,
3233584457,-9.725345424,
3234184417,-9.760737042,
3234784377,-9.720594488,
3235384337,-9.764069418,
3235984297,-9.765114467,
3236584257,-9.735884673,
3237184217,-9.647968763,
3237784177,-9.708833484,
3238384137,-9.755002092,
3238984097,-9.774870565,
3239584057,-9.748426182,
3240184017,-9.5584449,
3240783977,-9.643776256,
3241383937,-9.539801964,
3241983897,-9.677307674,
3242583857,-9.696602553,
3243183817,-9.632203679,
3243783777,-9.600999869,
3244383737,-9.674885131,
3244983697,-9.55758057,
3245583657,-9.519515861,
3246183617,-9.488557036,
3246783577,-9.503444374,
3247383537,-9.558490214,
3247983497,-9.608964236,
3248583457,-9.567669836,
3249183417,-9.563069606,
3249783377,-9.513567945,
3250383337,-9.56916495,
3250983297,-9.567581022,
3251583257,-9.542534464,
3252183217,-9.487738904,
3252783177,-9.418886205,
3253383137,-9.495909574,
3253983097,-9.481090998,
3254583057,-9.548544967,
3255183017,-9.408918855,
3255782977,-9.467812389,
3256382937,-9.538818167,
3256982897,-9.397109351,
3257582857,-9.483440714,
3258182817,-9.311358678,
3258782777,-9.384332073,
3259382737,-9.286489206,
3259982697,-9.332060089,
3260582657,-9.344456512,
3261182617,-9.382894436,
3261782577,-9.346002512,
3262382537,-9.402680776,
3262982497,-9.432979158,
3263582457,-9.403945904,
3264182417,-9.314291723,
3264782377,-9.300481267,
3265382337,-9.359216603,
3265982297,-9.36868809,
3266582257,-9.240313689,
3267182217,-9.424248811,
3267782177,-9.256675407,
3268382137,-9.238359336,
3268982097,-9.303216928,
3269582057,-9.270672963,
3270182017,-9.386048673,
3270781977,-9.361629828,
3271381937,-9.266828598,
3271981897,-9.28030812,
3272581857,-9.205590786,
3273181817,-9.308112599,
3273781777,-9.314499546,
3274381737,-9.36221641,
3274981697,-9.146849383,
3275581657,-9.367239473,
3276181617,-9.279264739,
3276781577,-9.3337612,
3277381537,-9.286923424,
3277981497,-9.258256575,
3278581457,-9.187159196,
3279181417,-9.38071797,
3279781377,-9.320811154,
3280381337,-9.293201516,
3280981297,-9.23634051,
3281581257,-9.327093606,
3282181217,-9.328839366,
3282781177,-9.260311747,
3283381137,-9.344296006,
3283981097,-9.198216484,
3284581057,-9.265159479,
3285181017,-9.372534423,
3285780977,-9.426821229,
3286380937,-9.182584338,
3286980897,-9.260583385,
3287580857,-9.223838165,
3288180817,-9.275383224,
3288780777,-9.263637178,
3289380737,-9.206915572,
3289980697,-9.163759104,
3290580657,-9.098208622,
3291180617,-9.194320583,
3291780577,-9.26214692,
3292380537,-9.298369926,
3292980497,-9.283605459,
3293580457,-9.191254015,
3294180417,-9.335776606,
3294780377,-9.310358075,
3295380337,-9.184160469,
3295980297,-9.303096041,
3296580257,-9.171002872,
3297180217,-9.131002553,
3297780177,-9.172188906,
3298380137,-9.196443705,
3298980097,-9.252417928,
3299580057,-9.226212975,
3300180017,-9.220781299,
3300779977,-9.264576723,
3301379937,-9.373970414,
3301979897,-9.08157684,
3302579857,-9.223941084,
3303179817,-9.368999051,
3303779777,-9.273548592,
3304379737,-9.323383456,
3304979697,-9.242421362,
3305579657,-9.129388582,
3306179617,-9.258406498,
3306779577,-9.330866875,
3307379537,-9.245983493,
3307979497,-9.297304547,
3308579457,-9.275684978,
3309179417,-9.232073871,
3309779377,-9.252580979,
3310379337,-9.285813651,
3310979297,-9.218938637,
3311579257,-9.209694945,
3312179217,-9.254066028,
3312779177,-9.223798378,
3313379137,-9.262046877,
3313979097,-9.281560932,
3314579057,-9.256923757,
3315179017,-9.323661567,
3315778977,-9.363595537,
3316378937,-9.311641033,
3316978897,-9.235939337,
3317578857,-9.26173011,
3318178817,-9.278694989,
3318778777,-9.31738823,
3319378737,-9.194247231,
3319978697,-9.386860288,
3320578657,-9.278457595,
3321178617,-9.285637354,
3321778577,-9.317890865,
3322378537,-9.302391622,
3322978497,-9.175810546,
3323578457,-9.278359114,
3324178417,-9.224455202,
3324778377,-9.235357837,
3325378337,-9.417795178,
3325978297,-9.319813866,
3326578257,-9.422199445,
3327178217,-9.299464814,
3327778177,-9.271897055,
3328378137,-9.284941387,
3328978097,-9.343713003,
3329578057,-9.311777485,
3330178017,-9.358967671,
3330777977,-9.302730719,
3331377937,-9.291470044,
3331977897,-9.439325942,
3332577857,-9.446215601,
3333177817,-9.476878137,
3333777777,-9.231053671,
3334377737,-9.457300721,
3334977697,-9.317902798,
3335577657,-9.191527573,
3336177617,-9.244439689,
3336777577,-9.269151747,
3337377537,-9.357546543,
3337977497,-9.355439736,
3338577457,-9.278581739,
3339177417,-9.28953347,
3339777377,-9.414003253,
3340377337,-9.301116562,
3340977297,-9.313850745,
3341577257,-9.329332432,
3342177217,-9.472881997,
3342777177,-9.336453453,
3343377137,-9.477613917,
3343977097,-9.388087805,
3344577057,-9.436017736,
3345177017,-9.414173928,
3345776977,-9.453100371,
3346376937,-9.508937151,
3346976897,-9.411450674,
3347576857,-9.442649965,
3348176817,-9.376334997,
3348776777,-9.403118343,
3349376737,-9.380272283,
3349976697,-9.502385426,
3350576657,-9.443322283,
3351176617,-9.465923457,
3351776577,-9.404017021,
3352376537,-9.449832762,
3352976497,-9.438389519,
3353576457,-9.473250395,
3354176417,-9.494374842,
3354776377,-9.491473878,
3355376337,-9.509502258,
3355976297,-9.462195912,
3356576257,-9.420198344,
3357176217,-9.446534464,
3357776177,-9.40486485,
3358376137,-9.61086771,
3358976097,-9.397885977,
3359576057,-9.489795271,
3360176017,-9.365588537,
3360775977,-9.399143981,
3361375937,-9.426000558,
3361975897,-9.484965876,
3362575857,-9.509126707,
3363175817,-9.470160349,
3363775777,-9.469615939,
3364375737,-9.462770209,
3364975697,-9.561380039,
3365575657,-9.481800252,
3366175617,-9.465377832,
3366775577,-9.425109514,
3367375537,-9.476990366,
3367975497,-9.7279692,
3368575457,-9.529813172,
3369175417,-9.822312097,
3369775377,-9.640997919,
3370375337,-9.691659215,
3370975297,-9.507431441,
3371575257,-9.487187459,
3372175217,-9.696105396,
3372775177,-9.632691259,
3373375137,-9.720393622,
3373975097,-9.725942186,
3374575057,-9.645425431,
3375175017,-9.62156569,
3375774977,-9.610562499,
3376374937,-9.627382752,
3376974897,-9.651773662,
3377574857,-9.63955136,
3378174817,-9.757820092,
3378774777,-9.611608251,
3379374737,-9.688384576,
3379974697,-9.747210598,
3380574657,-9.636782109,
3381174617,-9.517459236,
3381774577,-9.830862963,
3382374537,-9.666088226,
3382974497,-9.745240559,
3383574457,-9.7619392,
3384174417,-9.72879896,
3384774377,-9.792644516,
3385374337,-9.860062434,
3385974296,-9.676588563,
3386574256,-9.940637404,
3387174216,-9.867128268,
3387774176,-9.8045022,
3388374136,-9.915248891,
3388974096,-9.876173229,
3389574056,-9.582558961,
3390174016,-9.936994707,
3390773976,-9.963950742,
3391373936,-9.910603289,
3391973896,-9.92825848,
3392573856,-9.802701416,
3393173816,-9.877621116,
3393773776,-9.963882859,
3394373736,-9.77285153,
3394973696,-9.953837658,
3395573656,-10.14686662,
3396173616,-9.968087463,
3396773576,-10.10640304,
3397373536,-9.947368573,
3397973496,-10.09851973,
3398573456,-9.976756908,
3399173416,-10.06193429,
3399773376,-9.993517158,
3400373336,-10.03418197,
3400973296,-10.16217213,
3401573256,-10.0053607,
3402173216,-10.14857397,
3402773176,-10.14429117,
3403373136,-10.10927245,
3403973096,-10.17182863,
3404573056,-10.11274621,
3405173016,-10.27185599,
3405772976,-10.14951319,
3406372936,-10.23524352,
3406972896,-10.11895875,
3407572856,-10.27258443,
3408172816,-10.2437174,
3408772776,-10.17215366,
3409372736,-10.24653011,
3409972696,-10.43200764,
3410572656,-10.33769174,
3411172616,-10.27049764,
3411772576,-10.27967743,
3412372536,-10.41057374,
3412972496,-10.33154146,
3413572456,-10.45286155,
3414172416,-10.25909377,
3414772376,-10.23365817,
3415372336,-10.34742567,
3415972296,-10.23646088,
3416572256,-10.24691901,
3417172216,-10.42896036,
3417772176,-10.48213826,
3418372136,-10.32852541,
3418972096,-10.33488712,
3419572056,-10.51601727,
3420172016,-10.30944483,
3420771976,-10.3387347,
3421371936,-10.5131256,
3421971896,-10.50492888,
3422571856,-10.38917472,
3423171816,-10.54963487,
3423771776,-10.41658182,
3424371736,-10.39036026,
3424971696,-10.33905106,
3425571656,-10.37172124,
3426171616,-10.44271277,
3426771576,-10.42215975,
3427371536,-10.50087046,
3427971496,-10.37757772,
3428571456,-10.22057197,
3429171416,-10.39560763,
3429771376,-10.37253202,
3430371336,-10.47615365,
3430971296,-10.33529229,
3431571256,-10.49010076,
3432171216,-10.33411762,
3432771176,-10.45504234,
3433371136,-10.37649696,
3433971096,-10.36952147,
3434571056,-10.42935963,
3435171016,-10.48860828,
3435770976,-10.46911861,
3436370936,-10.5086092,
3436970896,-10.49044671,
3437570856,-10.45850369,
3438170816,-10.47716572,
3438770776,-10.32598297,
3439370736,-10.36327787,
3439970696,-10.40386388,
3440570656,-10.37438443,
3441170616,-10.57327706,
3441770576,-10.40483071,
3442370536,-10.54785156,
3442970496,-10.44451814,
3443570456,-10.41047562,
3444170416,-10.51504674,
3444770376,-10.57613126,
3445370336,-10.43574545,
3445970296,-10.45003433,
3446570256,-10.42266176,
3447170216,-10.33636973,
3447770176,-10.28495166,
3448370136,-10.43552481,
3448970096,-10.3841723,
3449570056,-10.47832774,
3450170016,-10.24165107,
3450769976,-10.33029563,
3451369936,-10.44625151,
3451969896,-10.50703463,
3452569856,-10.43382192,
3453169816,-10.17495027,
3453769776,-10.58754133,
3454369736,-10.55074183,
3454969696,-10.27530948,
3455569656,-10.42533062,
3456169616,-10.46709267,
3456769576,-10.38770224,
3457369536,-10.43891749,
3457969496,-10.45912915,
3458569456,-10.35854203,
3459169416,-10.44427204,
3459769376,-10.30309021,
3460369336,-10.64123909,
3460969296,-10.23744681,
3461569256,-10.37527399,
3462169216,-10.32294837,
3462769176,-10.32355775,
3463369136,-10.386237,
3463969096,-10.48391251,
3464569056,-10.29755413,
3465169016,-10.33043987,
3465768976,-10.28851319,
3466368936,-10.42774953,
3466968896,-10.54137405,
3467568856,-10.41803627,
3468168816,-10.52770859,
3468768776,-10.34672152,
3469368736,-10.24941812,
3469968696,-10.26469348,
3470568656,-10.28380382,
3471168616,-10.246883,
3471768576,-10.22215208,
3472368536,-10.2665153,
3472968496,-10.24432207,
3473568456,-10.42812353,
3474168416,-10.35029769,
3474768376,-10.1590816,
3475368336,-10.21470863,
3475968296,-10.35173105,
3476568256,-10.06728313,
3477168216,-10.20660117,
3477768176,-10.31892212,
3478368136,-10.29201999,
3478968096,-10.15528117,
3479568056,-10.07036894,
3480168016,-10.2983059,
3480767976,-10.21605339,
3481367936,-10.26825649,
3481967896,-10.16738933,
3482567856,-10.15515965,
3483167816,-10.20130334,
3483767776,-10.26541644,
3484367736,-10.16656512,
3484967696,-10.21643819,
3485567656,-10.16069538,
3486167616,-10.36787692,
3486767576,-10.16851288,
3487367536,-10.21102484,
3487967496,-10.12355395,
3488567456,-10.1376086,
3489167416,-10.18001559,
3489767376,-10.06093728,
3490367336,-10.26112825,
3490967296,-10.18136076,
3491567256,-9.888219618,
3492167216,-9.993806799,
3492767176,-10.08721076,
3493367136,-10.01133195,
3493967096,-10.11980896,
3494567056,-10.0289709,
3495167016,-9.96282876,
3495766976,-9.984691465,
3496366936,-10.17931696,
3496966896,-10.07814067,
3497566856,-9.950752704,
3498166816,-10.14495203,
3498766776,-9.997923357,
3499366736,-9.91317126,
3499966696,-10.01991358,
3500566656,-10.01924382,
3501166616,-9.956251127,
3501766576,-10.02805339,
3502366536,-9.951170031,
3502966496,-9.931593696,
3503566456,-9.861928561,
3504166416,-9.833913052,
3504766376,-9.83842928,
3505366336,-9.89842979,
3505966296,-9.834448212,
3506566256,-10.14191666,
3507166216,-9.826221973,
3507766176,-9.780975959,
3508366136,-9.833534283,
3508966096,-9.755824795,
3509566056,-9.63254544,
3510166016,-9.827911641,
3510765976,-9.987113048,
3511365936,-10.00374621,
3511965896,-10.03653136,
3512565856,-9.920815881,
3513165816,-9.818802545,
3513765776,-9.958303973,
3514365736,-9.988644315,
3514965696,-9.764450856,
3515565656,-9.819687559,
3516165616,-9.867441678,
3516765576,-9.976038761,
3517365536,-9.816847483,
3517965496,-9.749053362,
3518565456,-9.800200746,
3519165416,-9.765261241,
3519765376,-9.921377906,
3520365336,-9.977476063,
3520965296,-9.797322602,
3521565256,-9.789061447,
3522165216,-9.864493352,
3522765176,-9.933201745,
3523365136,-9.927825607,
3523965096,-9.761126914,
3524565056,-9.854592691,
3525165016,-9.632791123,
3525764976,-9.765029884,
3526364936,-9.798259384,
3526964896,-9.83750618,
3527564856,-9.815377728,
3528164816,-9.894039424,
3528764776,-9.813344914,
3529364736,-9.797264756,
3529964696,-9.824983206,
3530564656,-9.775603842,
3531164616,-9.715468791,
3531764576,-9.664771378,
3532364536,-9.76240468,
3532964496,-9.76829402,
3533564456,-9.666911351,
3534164416,-9.791419238,
3534764376,-9.723599823,
3535364336,-9.850720753,
3535964296,-9.559137949,
3536564256,-9.726676967,
3537164216,-9.594825531,
3537764176,-9.766781375,
3538364136,-9.87489656,
3538964096,-9.636739476,
3539564055,-9.665959958,
3540164015,-9.756828509,
3540763975,-9.731262526,
3541363935,-9.851304088,
3541963895,-9.729304105,
3542563855,-9.721612414,
3543163815,-9.645457592,
3543763775,-9.745201518,
3544363735,-9.793239448,
3544963695,-9.802168927,
3545563655,-9.765647256,
3546163615,-9.645101368,
3546763575,-9.790450382,
3547363535,-9.706606679,
3547963495,-9.607999508,
3548563455,-9.720071267,
3549163415,-9.858624825,
3549763375,-9.719590156,
3550363335,-9.717785106,
3550963295,-9.900419265,
3551563255,-9.686788328,
3552163215,-9.771509527,
3552763175,-9.703591809,
3553363135,-9.766659904,
3553963095,-9.684873842,
3554563055,-9.741600255,
3555163015,-9.697655431,
3555762975,-9.874460376,
3556362935,-9.90948795,
3556962895,-9.676339262,
3557562855,-9.65663234,
3558162815,-9.735186302,
3558762775,-9.753976553,
3559362735,-9.956634019,
3559962695,-9.704969418,
3560562655,-9.846663741,
3561162615,-9.785055135,
3561762575,-9.77662282,
3562362535,-9.811385612,
3562962495,-9.795803387,
3563562455,-9.636684615,
3564162415,-9.611951803,
3564762375,-9.874996957,
3565362335,-9.75268632,
3565962295,-9.918563957,
3566562255,-9.818043648,
3567162215,-9.937076158,
3567762175,-9.874717801,
3568362135,-9.884158484,
3568962095,-9.877357556,
3569562055,-9.658565513,
3570162015,-9.881269941,
3570761975,-9.805839106,
3571361935,-9.711639534,
3571961895,-9.70154293,
3572561855,-9.813317112,
3573161815,-9.786958275,
3573761775,-9.907293977,
3574361735,-9.69806482,
3574961695,-9.799582289,
3575561655,-10.02797308,
3576161615,-9.744939285,
3576761575,-9.605940669,
3577361535,-9.735744132,
3577961495,-9.897616696,
3578561455,-9.829574039,
3579161415,-9.855566667,
3579761375,-9.966403004,
3580361335,-9.836756007,
3580961295,-10.08493845,
3581561255,-9.714310964,
3582161215,-9.77735597,
3582761175,-9.789403492,
3583361135,-9.840454477,
3583961095,-9.847955861,
3584561055,-9.951716671,
3585161015,-9.752240374,
3585760975,-9.797633361,
3586360935,-9.879677765,
3586960895,-9.763141066,
3587560855,-9.870249811,
3588160815,-9.769059302,
3588760775,-9.846113136,
3589360735,-9.968632496,
3589960695,-10.03415391,
3590560655,-9.661215503,
3591160615,-9.95819534,
3591760575,-10.0686936,
3592360535,-9.992420893,
3592960495,-9.822487517,
3593560455,-9.794966828,
3594160415,-9.934595993,
3594760375,-9.915952169,
3595360335,-9.890997933,
3595960295,-9.937483286,
3596560255,-9.936561022,
3597160215,-9.972424329,
3597760175,-9.924556207,
3598360135,-9.996977176,
3598960095,-9.978100632,
3599560055,-10.06351889,
3600160015,-9.816982406,
3600759975,-9.904705086,
3601359935,-9.782186896,
3601959895,-10.18497641,
3602559855,-9.970866199,
3603159815,-10.07164132,
3603759775,-9.965828165,
3604359735,-9.933756511,
3604959695,-10.08028399,
3605559655,-10.1938281,
3606159615,-9.992594035,
3606759575,-9.998249551,
3607359535,-9.939111588,
3607959495,-10.14023219,
3608559455,-9.940189365,
3609159415,-10.20330425,
3609759375,-10.19618444,
3610359335,-10.11702165,
3610959295,-10.27649762,
3611559255,-10.09604082,
3612159215,-10.10318805,
3612759175,-10.04002359,
3613359135,-10.03274953,
3613959095,-10.18960097,
3614559055,-10.05037707,
3615159015,-10.16885723,
3615758975,-10.12036065,
3616358935,-10.33090052,
3616958895,-10.15296358,
3617558855,-10.11058553,
3618158815,-10.20555941,
3618758775,-10.13465305,
3619358735,-10.09970972,
3619958695,-10.32531843,
3620558655,-10.2488522,
3621158615,-10.17193042,
3621758575,-10.04314636,
3622358535,-10.30224807,
3622958495,-10.30906143,
3623558455,-10.27763751,
3624158415,-10.2556221,
3624758375,-10.41089348,
3625358335,-10.3475438,
3625958295,-10.3245646,
3626558255,-10.14233165,
3627158215,-10.3836979,
3627758175,-10.19963993,
3628358135,-10.49916259,
3628958095,-10.36760565,
3629558055,-10.43656222,
3630158015,-10.43685893,
3630757975,-10.36361008,
3631357935,-10.23552301,
3631957895,-10.28218995,
3632557855,-10.36797282,
3633157815,-10.24161553,
3633757775,-10.43862847,
3634357735,-10.18765174,
3634957695,-10.4032315,
3635557655,-10.41504875,
3636157615,-10.29121291,
3636757575,-10.52278089,
3637357535,-10.50325578,
3637957495,-10.37844726,
3638557455,-10.42181356,
3639157415,-10.47968876,
3639757375,-10.54647767,
3640357335,-10.50323712,
3640957295,-10.50667358,
3641557255,-10.50456055,
3642157215,-10.40777058,
3642757175,-10.50923954,
3643357135,-10.52311351,
3643957095,-10.48015154,
3644557055,-10.61128346,
3645157015,-10.44372798,
3645756975,-10.45298446,
3646356935,-10.59595522,
3646956895,-10.47897527,
3647556855,-10.59229675,
3648156815,-10.40513177,
3648756775,-10.40692396,
3649356735,-10.52750615,
3649956695,-10.48684831,
3650556655,-10.45653286,
3651156615,-10.48542724,
3651756575,-10.65166281,
3652356535,-10.58698587,
3652956495,-10.71230954,
3653556455,-10.67344369,
3654156415,-10.54305378,
3654756375,-10.5009718,
3655356335,-10.49861025,
3655956295,-10.50574487,
3656556255,-10.65855046,
3657156215,-10.61002699,
3657756175,-10.65006977,
3658356135,-10.69182246,
3658956095,-10.62651792,
3659556055,-10.75993698,
3660156015,-10.69749943,
3660755975,-10.73942756,
3661355935,-10.60293155,
3661955895,-10.68907922,
3662555855,-10.6862492,
3663155815,-10.61941325,
3663755775,-10.66950756,
3664355735,-10.65350473,
3664955695,-10.72822159,
3665555655,-10.68981681,
3666155615,-10.87053885,
3666755575,-10.64986057,
3667355535,-10.82851938,
3667955495,-10.83118829,
3668555455,-10.76258279,
3669155415,-10.83247262,
3669755375,-10.93033167,
3670355335,-10.92694156,
3670955295,-10.79099741,
3671555255,-10.90585279,
3672155215,-10.84385209,
3672755175,-10.78029468,
3673355135,-10.84097129,
3673955095,-10.89579166,
3674555055,-10.81044596,
3675155015,-11.00405574,
3675754975,-10.99560241,
3676354935,-11.05543701,
3676954895,-11.01267165,
3677554855,-10.74919772,
3678154815,-11.05776767,
3678754775,-11.16069869,
3679354735,-10.91123996,
3679954695,-11.06772192,
3680554655,-11.04349505,
3681154615,-11.05500484,
3681754575,-11.04991275,
3682354535,-10.92231497,
3682954495,-10.94082748,
3683554455,-11.25491151,
3684154415,-11.18959866,
3684754375,-11.17140671,
3685354335,-10.85409348,
3685954295,-11.03105014,
3686554255,-11.14184244,
3687154215,-11.21726989,
3687754175,-11.08912811,
3688354135,-10.88008153,
3688954095,-10.96635165,
3689554055,-11.11655921,
3690154015,-11.27627709,
3690753975,-11.20278834,
3691353935,-11.13008371,
3691953895,-11.27661538,
3692553855,-11.0753508,
3693153815,-11.21410086,
3693753774,-11.13503581,
3694353734,-11.11335637,
3694953694,-11.08854847,
3695553654,-11.24396824,
3696153614,-10.9941214,
3696753574,-11.24954576,
3697353534,-11.18885766,
3697953494,-10.94676355,
3698553454,-11.29479784,
3699153414,-11.24339313,
3699753374,-11.20922893,
3700353334,-11.39763664,
3700953294,-11.20603819,
3701553254,-11.13365129,
3702153214,-11.26368031,
3702753174,-11.24531248,
3703353134,-11.31572996,
3703953094,-11.26456987,
3704553054,-11.17276297,
3705153014,-11.18922414,
3705752974,-11.29596799,
3706352934,-11.29603634,
3706952894,-11.2910966,
3707552854,-11.41416302,
3708152814,-11.25901192,
3708752774,-11.29697883,
3709352734,-11.23887705,
3709952694,-11.26242456,
3710552654,-11.29049515,
3711152614,-11.32902595,
3711752574,-11.09866064,
3712352534,-11.21157797,
3712952494,-11.26910422,
3713552454,-11.24612854,
3714152414,-11.40802607,
3714752374,-11.19791159,
3715352334,-11.33549778,
3715952294,-11.24831547,
3716552254,-11.34176249,
3717152214,-11.27121053,
3717752174,-11.14602459,
3718352134,-11.16161391,
3718952094,-11.38732758,
3719552054,-11.418187,
3720152014,-11.24446134,
3720751974,-11.29731699,
3721351934,-11.12459366,
3721951894,-11.19680477,
3722551854,-11.22432271,
3723151814,-11.16486125,
3723751774,-11.22273705,
3724351734,-11.22965396,
3724951694,-11.3011543,
3725551654,-10.98509049,
3726151614,-11.19535605,
3726751574,-11.28950741,
3727351534,-11.26933937,
3727951494,-11.17898146,
3728551454,-11.0675618,
3729151414,-11.06319199,
3729751374,-11.1935529,
3730351334,-11.16076214,
3730951294,-11.27406553,
3731551254,-11.41671109,
3732151214,-11.17226105,
3732751174,-11.19064692,
3733351134,-11.24622525,
3733951094,-10.98475674,
3734551054,-11.0872917,
3735151014,-11.12858127,
3735750974,-11.23835852,
3736350934,-11.29059248,
3736950894,-11.20078941,
3737550854,-11.11129082,
3738150814,-11.22834181,
3738750774,-11.22069029,
3739350734,-11.21067073,
3739950694,-11.02660047,
3740550654,-11.1985203,
3741150614,-11.03948656,
3741750574,-11.14101566,
3742350534,-11.0855747,
3742950494,-11.03629692,
3743550454,-11.04724944,
3744150414,-11.00160618,
3744750374,-11.04875654,
3745350334,-11.05417502,
3745950294,-11.05295467,
3746550254,-11.19581547,
3747150214,-11.02761945,
3747750174,-11.10454638,
3748350134,-10.97132903,
3748950094,-11.13272142,
3749550054,-11.14078273,
3750150014,-11.00936194,
3750749974,-11.1070925,
3751349934,-11.09397048,
3751949894,-11.01753718,
3752549854,-11.04215892,
3753149814,-10.94187538,
3753749774,-11.22874042,
3754349734,-10.93390643,
3754949694,-11.04506132,
3755549654,-10.75487489,
3756149614,-10.90548991,
3756749574,-10.87663515,
3757349534,-10.8293349,
3757949494,-10.84948448,
3758549454,-10.78689306,
3759149414,-11.00277867,
3759749374,-10.85358992,
3760349334,-10.91859778,
3760949294,-10.71809989,
3761549254,-11.07498952,
3762149214,-11.18525963,
3762749174,-11.0785615,
3763349134,-10.76193726,
3763949094,-10.87710563,
3764549054,-10.81352781,
3765149014,-10.98427022,
3765748974,-10.93011665,
3766348934,-11.07802632,
3766948894,-10.90048355,
3767548854,-10.80775364,
3768148814,-10.81355039,
3768748774,-10.89475118,
3769348734,-10.77163837,
3769948694,-10.84430316,
3770548654,-10.82961695,
3771148614,-10.96651711,
3771748574,-10.74807535,
3772348534,-10.9393247,
3772948494,-10.7335144,
3773548454,-10.74301588,
3774148414,-10.92280806,
3774748374,-10.75739788,
3775348334,-10.94837207,
3775948294,-11.03256012,
3776548254,-10.72837601,
3777148214,-10.69363351,
3777748174,-10.6485594,
3778348134,-10.72377829,
3778948094,-10.60989525,
3779548054,-10.72309525,
3780148014,-10.7037185,
3780747974,-10.67358195,
3781347934,-10.82729384,
3781947894,-10.6473236,
3782547854,-10.70134079,
3783147814,-10.596179,
3783747774,-10.83710029,
3784347734,-10.83485649,
3784947694,-10.74304048,
3785547654,-10.6616938,
3786147614,-10.84992665,
3786747574,-10.80778213,
3787347534,-10.677824,
3787947494,-10.69331624,
3788547454,-10.66364038,
3789147414,-10.79744153,
3789747374,-10.73712983,
3790347334,-10.59603216,
3790947294,-10.73832928,
3791547254,-10.81793652,
3792147214,-10.73540408,
3792747174,-10.71970608,
3793347134,-10.67258044,
3793947094,-10.70319675,
3794547054,-10.76883413,
3795147014,-10.61240335,
3795746974,-10.74155821,
3796346934,-10.77919135,
3796946894,-10.66325619,
3797546854,-10.68626126,
3798146814,-10.72003755,
3798746774,-10.7142378,
3799346734,-10.72714275,
3799946694,-10.62044764,
3800546654,-10.65268862,
3801146614,-10.66226602,
3801746574,-10.74966507,
3802346534,-10.67806848,
3802946494,-10.57697861,
3803546454,-10.69810879,
3804146414,-10.69626208,
3804746374,-10.7612763,
3805346334,-10.63883538,
3805946294,-10.59721737,
3806546254,-10.66658368,
3807146214,-10.55534495,
3807746174,-10.69235611,
3808346134,-10.7497723,
3808946094,-10.64155032,
3809546054,-10.66587695,
3810146014,-10.72998856,
3810745974,-10.70836953,
3811345934,-10.60185879,
3811945894,-10.68717095,
3812545854,-10.77811579,
3813145814,-10.68618185,
3813745774,-10.62107673,
3814345734,-10.87089584,
3814945694,-10.85783606,
3815545654,-10.64916885,
3816145614,-10.68551772,
3816745574,-10.80922346,
3817345534,-10.83628254,
3817945494,-10.74376958,
3818545454,-10.62356179,
3819145414,-10.90815624,
3819745374,-10.67496702,
3820345334,-10.74090901,
3820945294,-10.74613061,
3821545254,-10.82879164,
3822145214,-10.71747696,
3822745174,-10.71835086,
3823345134,-10.71765081,
3823945094,-10.83868887,
3824545054,-10.81824647,
3825145014,-10.80227638,
3825744974,-10.77392553,
3826344934,-10.68947325,
3826944894,-10.79319027,
3827544854,-10.93514513,
3828144814,-10.69695873,
3828744774,-10.82971825,
3829344734,-10.8653882,
3829944694,-10.64144499,
3830544654,-10.80226131,
3831144614,-10.75578113,
3831744574,-10.81257059,
3832344534,-10.88222457,
3832944494,-10.80192814,
3833544454,-10.81023869,
3834144414,-10.75941706,
3834744374,-10.6904254,
3835344334,-10.81107531,
3835944294,-10.74742593,
3836544254,-10.63402881,
3837144214,-10.85400961,
3837744174,-10.80946658,
3838344134,-10.84205686,
3838944094,-10.65851123,
3839544054,-10.86272909,
3840144014,-10.86104193,
3840743974,-10.96182432,
3841343934,-10.86196258,
3841943894,-10.76550043,
3842543854,-10.85223289,
3843143814,-10.86960391,
3843743774,-10.77109985,
3844343734,-10.86983662,
3844943694,-10.80148311,
3845543654,-10.78257975,
3846143614,-10.82645912,
3846743574,-10.89851804,
3847343533,-10.6161953,
3847943493,-10.7636662,
3848543453,-10.80058684,
3849143413,-10.6367718,
3849743373,-11.04413308,
3850343333,-11.05468057,
3850943293,-10.73678649,
3851543253,-10.93092858,
3852143213,-10.91097293,
3852743173,-10.83422016,
3853343133,-10.97587314,
3853943093,-10.83095042,
3854543053,-10.9719803,
3855143013,-10.99861245,
3855742973,-10.83077478,
3856342933,-10.78090587,
3856942893,-10.72365408,
3857542853,-11.04710231,
3858142813,-10.87426382,
3858742773,-11.07164069,
3859342733,-10.90494025,
3859942693,-10.91633057,
3860542653,-10.84562833,
3861142613,-10.73949769,
3861742573,-10.88146908,
3862342533,-10.97696825,
3862942493,-11.02781806,
3863542453,-10.95677396,
3864142413,-11.06850378,
3864742373,-11.00987167,
3865342333,-11.07185269,
3865942293,-10.94646891,
3866542253,-10.83190968,
3867142213,-10.97340898,
3867742173,-11.13588635,
3868342133,-10.99589155,
3868942093,-11.03322943,
3869542053,-11.01376617,
3870142013,-11.03880786,
3870741973,-11.01239361,
3871341933,-11.12165958,
3871941893,-11.05931345,
3872541853,-10.96176679,
3873141813,-11.07546622,
3873741773,-11.03102388,
3874341733,-10.98857167,
3874941693,-11.05507366,
3875541653,-11.11861337,
3876141613,-11.05470145,
3876741573,-10.82461356,
3877341533,-11.02542456,
3877941493,-11.08251729,
3878541453,-11.18565292,
3879141413,-11.11681378,
3879741373,-11.18260623,
3880341333,-11.27373256,
3880941293,-11.09828111,
3881541253,-11.04327466,
3882141213,-11.14694207,
3882741173,-11.02191256,
3883341133,-11.16794132,
3883941093,-11.14966031,
3884541053,-11.16506683,
3885141013,-11.24278515,
3885740973,-11.01371983,
3886340933,-11.22418569,
3886940893,-11.21500337,
3887540853,-11.36009409,
3888140813,-11.07411147,
3888740773,-10.98729955,
3889340733,-11.09751093,
3889940693,-11.27345207,
3890540653,-11.29157096,
3891140613,-11.03522738,
3891740573,-11.01984653,
3892340533,-11.30457485,
3892940493,-11.45270187,
3893540453,-11.49199284,
3894140413,-11.26557978,
3894740373,-11.43259361,
3895340333,-11.38954247,
3895940293,-11.10669242,
3896540253,-11.40889242,
3897140213,-11.47272589,
3897740173,-11.48541057,
3898340133,-11.57960609,
3898940093,-11.5405337,
3899540053,-11.53584929,
3900140013,-11.58392392,
3900739973,-11.40678762,
3901339933,-11.59617111,
3901939893,-11.77879951,
3902539853,-11.43650073,
3903139813,-11.25243204,
3903739773,-11.63271725,
3904339733,-11.37503452,
3904939693,-11.59102087,
3905539653,-11.63700035,
3906139613,-11.49254632,
3906739573,-11.62829859,
3907339533,-11.71244051,
3907939493,-11.68588107,
3908539453,-11.79446619,
3909139413,-11.80102679,
3909739373,-11.81331609,
3910339333,-11.85187377,
3910939293,-11.64738548,
3911539253,-11.97809309,
3912139213,-11.71604888,
3912739173,-12.02716999,
3913339133,-12.06680379,
3913939093,-12.10253585,
3914539053,-11.96019189,
3915139013,-12.20625453,
3915738973,-12.081241,
3916338933,-12.19347795,
3916938893,-11.98921891,
3917538853,-12.32237379,
3918138813,-12.23097247,
3918738773,-12.06331701,
3919338733,-12.15342344,
3919938693,-12.05808603,
3920538653,-12.24079883,
3921138613,-12.20576901,
3921738573,-12.24817024,
3922338533,-12.30029765,
3922938493,-12.40900177,
3923538453,-12.32402491,
3924138413,-12.09080926,
3924738373,-12.30477065,
3925338333,-12.49903941,
3925938293,-12.29494074,
3926538253,-12.31896212,
3927138213,-12.26393921,
3927738173,-12.1475107,
3928338133,-12.58409243,
3928938093,-12.50364192,
3929538053,-12.29387491,
3930138013,-12.37636177,
3930737973,-12.22180426,
3931337933,-12.38950197,
3931937893,-12.45520411,
3932537853,-12.50949011,
3933137813,-12.45321186,
3933737773,-12.52094423,
3934337733,-12.40113508,
3934937693,-12.347147,
3935537653,-12.43667583,
3936137613,-12.51389919,
3936737573,-12.70529938,
3937337533,-12.58253156,
3937937493,-12.36709947,
3938537453,-12.74951296,
3939137413,-12.65492553,
3939737373,-12.52441812,
3940337333,-12.70039264,
3940937293,-12.61648343,
3941537253,-12.53103492,
3942137213,-12.69154194,
3942737173,-12.73570512,
3943337133,-12.7693162,
3943937093,-12.75921133,
3944537053,-12.81362631,
3945137013,-12.75947245,
3945736973,-12.72851595,
3946336933,-12.70547334,
3946936893,-12.9304586,
3947536853,-12.60913841,
3948136813,-12.92404889,
3948736773,-12.83160855,
3949336733,-12.99268246,
3949936693,-12.86108804,
3950536653,-12.75343547,
3951136613,-12.9330595,
3951736573,-12.984982,
3952336533,-12.76793456,
3952936493,-12.81464028,
3953536453,-12.96449043,
3954136413,-12.82641713,
3954736373,-12.79219228,
3955336333,-12.88702113,
3955936293,-12.87045056,
3956536253,-12.87240842,
3957136213,-12.83678238,
3957736173,-12.9156497,
3958336133,-13.00276267,
3958936093,-13.20037727,
3959536053,-12.99747791,
3960136013,-13.13269449,
3960735973,-13.07928067,
3961335933,-13.02733578,
3961935893,-12.98182582,
3962535853,-13.25484712,
3963135813,-13.14279784,
3963735773,-13.21783113,
3964335733,-12.8962253,
3964935693,-13.0547698,
3965535653,-13.1710961,
3966135613,-13.20149492,
3966735573,-12.94851829,
3967335533,-13.19994602,
3967935493,-13.17732331,
3968535453,-13.17208645,
3969135413,-13.3346439,
3969735373,-13.15742533,
3970335333,-13.19885444,
3970935293,-13.35153476,
3971535253,-13.04897895,
3972135213,-13.11399777,
3972735173,-13.14647402,
3973335133,-13.23042829,
3973935093,-13.20251571,
3974535053,-12.98310603,
3975135013,-13.05482297,
3975734973,-13.18504405,
3976334933,-13.07330022,
3976934893,-13.30027865,
3977534853,-13.03298052,
3978134813,-13.10302573,
3978734773,-13.06669044,
3979334733,-13.14573142,
3979934693,-13.20827392,
3980534653,-13.15332883,
3981134613,-13.25303044,
3981734573,-13.15667862,
3982334533,-13.08043518,
3982934493,-13.05305431,
3983534453,-13.04435,
3984134413,-13.29915775,
3984734373,-13.47897987,
3985334333,-13.15838979,
3985934293,-13.08374569,
3986534253,-13.14947359,
3987134213,-13.04027628,
3987734173,-13.17429218,
3988334133,-13.28324784,
3988934093,-13.20148352,
3989534053,-13.15177688,
3990134013,-13.11076922,
3990733973,-13.20365659,
3991333933,-13.04529324,
3991933893,-12.98352707,
3992533853,-13.17669495,
3993133813,-13.30010686,
3993733773,-13.09664792,
3994333733,-13.13944426,
3994933693,-13.18180644,
3995533653,-13.20672486,
3996133613,-13.12111379,
3996733573,-13.04989899,
3997333533,-13.2371447,
3997933493,-13.18498702,
3998533453,-13.13795141,
3999133413,-13.21405353,
3999733373,-13.0607087,
4000333333,-13.17734039,
4000933293,-13.09230785,
4001533253,-13.11924206,
4002133212,-13.09391014,
4002733172,-13.15178578,
4003333132,-12.91251455,
4003933092,-13.03502753,
4004533052,-12.83727184,
4005133012,-13.05290624,
4005732972,-12.94443284,
4006332932,-13.06438187,
4006932892,-13.08968522,
4007532852,-12.94987251,
4008132812,-13.00460859,
4008732772,-13.037792,
4009332732,-13.01819626,
4009932692,-12.74570292,
4010532652,-12.90648221,
4011132612,-12.85649295,
4011732572,-12.93472742,
4012332532,-12.95230312,
4012932492,-12.86808978,
4013532452,-12.80480965,
4014132412,-12.94675895,
4014732372,-12.68496634,
4015332332,-12.78399534,
4015932292,-12.82955027,
4016532252,-12.86613419,
4017132212,-12.84062467,
4017732172,-12.89640781,
4018332132,-12.68685895,
4018932092,-12.83660143,
4019532052,-12.66158165,
4020132012,-12.62763815,
4020731972,-12.75531197,
4021331932,-12.53896391,
4021931892,-12.78628567,
4022531852,-12.74434253,
4023131812,-12.77207485,
4023731772,-12.60411044,
4024331732,-12.93977716,
4024931692,-12.60653858,
4025531652,-12.63161122,
4026131612,-12.76595541,
4026731572,-12.85493144,
4027331532,-12.48845201,
4027931492,-12.71983533,
4028531452,-12.72919971,
4029131412,-12.60700324,
4029731372,-12.72212701,
4030331332,-12.44442359,
4030931292,-12.7209295,
4031531252,-12.5293086,
4032131212,-12.76367675,
4032731172,-12.59112201,
4033331132,-12.68900594,
4033931092,-12.54902703,
4034531052,-12.56571498,
4035131012,-12.4762055,
4035730972,-12.81597198,
4036330932,-12.24820886,
4036930892,-12.57015728,
4037530852,-12.4600892,
4038130812,-12.35589499,
4038730772,-12.54434678,
4039330732,-12.59485066,
4039930692,-12.60798989,
4040530652,-12.41790989,
4041130612,-12.43201819,
4041730572,-12.5712965,
4042330532,-12.26923184,
4042930492,-12.1520134,
4043530452,-12.36348296,
4044130412,-12.25342043,
4044730372,-12.2786822,
4045330332,-12.38722347,
4045930292,-12.47864936,
4046530252,-12.47473729,
4047130212,-12.38319873,
4047730172,-12.32088501,
4048330132,-12.19434219,
4048930092,-12.59742655,
4049530052,-12.33595697,
4050130012,-12.35780767,
4050729972,-12.4655535,
4051329932,-12.34572817,
4051929892,-12.28043577,
4052529852,-12.30352796,
4053129812,-12.36788206,
4053729772,-12.31242821,
4054329732,-12.38423462,
4054929692,-12.21510185,
4055529652,-12.48256574,
4056129612,-12.46064801,
4056729572,-12.49124918,
4057329532,-12.15119089,
4057929492,-12.16658775,
4058529452,-12.29329361,
4059129412,-12.2433605,
4059729372,-12.13976433,
4060329332,-12.49919845,
4060929292,-12.43191511,
4061529252,-12.36146142,
4062129212,-12.1864817,
4062729172,-12.23093788,
4063329132,-12.27105077,
4063929092,-12.33273809,
4064529052,-12.31934137,
4065129012,-12.34079843,
4065728972,-12.30171554,
4066328932,-12.22761154,
4066928892,-12.41600912,
4067528852,-12.20649586,
4068128812,-12.29917782,
4068728772,-12.23426577,
4069328732,-11.82884825,
4069928692,-12.48458331,
4070528652,-12.41036395,
4071128612,-12.47454611,
4071728572,-12.22161147,
4072328532,-12.39815677,
4072928492,-12.22890461,
4073528452,-11.99098008,
4074128412,-12.18043381,
4074728372,-12.10553572,
4075328332,-12.13085119,
4075928292,-12.19161512,
4076528252,-12.2220807,
4077128212,-12.2137162,
4077728172,-11.90371405,
4078328132,-11.9843159,
4078928092,-11.87747844,
4079528052,-11.97065478,
4080128012,-12.12385261,
4080727972,-12.0196461,
4081327932,-12.2465734,
4081927892,-12.29353478,
4082527852,-11.95986919,
4083127812,-12.23245473,
4083727772,-12.25658039,
4084327732,-12.27459408,
4084927692,-12.29689671,
4085527652,-12.20845359,
4086127612,-12.06870584,
4086727572,-12.16953966,
4087327532,-12.14853276,
4087927492,-12.10131263,
4088527452,-12.22241169,
4089127412,-12.13374226,
4089727372,-12.10058842,
4090327332,-12.19222178,
4090927292,-12.2198495,
4091527252,-12.05860401,
4092127212,-11.93007749,
4092727172,-11.95536042,
4093327132,-12.11248703,
4093927092,-12.30342767,
4094527052,-11.84996849,
4095127012,-12.29048339,
4095726972,-11.91831759,
4096326932,-12.14244003,
4096926892,-12.17644733,
4097526852,-12.06935093,
4098126812,-12.29325969,
4098726772,-12.31773393,
4099326732,-12.07894518,
4099926692,-12.39611138,
4100526652,-12.22447176,
4101126612,-12.22443,
4101726572,-12.23008373,
4102326532,-12.0284992,
4102926492,-12.2907757,
4103526452,-12.37381401,
4104126412,-12.05964473,
4104726372,-12.39607446,
4105326332,-12.30236043,
4105926292,-12.32479364,
4106526252,-12.28662604,
4107126212,-12.41324276,
4107726172,-12.2473837,
4108326132,-12.3026935,
4108926092,-12.22994105,
4109526052,-12.25232916,
4110126012,-12.08499812,
4110725972,-12.27877007,
4111325932,-12.22536532,
4111925892,-12.27229261,
4112525852,-12.28076629,
4113125812,-12.22237587,
4113725772,-12.37274353,
4114325732,-12.36822838,
4114925692,-12.33087935,
4115525652,-12.41678725,
4116125612,-12.35454789,
4116725572,-12.4263098,
4117325532,-12.47067906,
4117925492,-12.44997917,
4118525452,-12.41919332,
4119125412,-12.1312609,
4119725372,-12.24216444,
4120325332,-12.40132027,
4120925292,-12.28055737,
4121525252,-12.25430115,
4122125212,-12.44471127,
4122725172,-12.29533749,
4123325132,-12.55242605,
4123925092,-12.34851066,
4124525052,-12.17787702,
4125125012,-12.3700633,
4125724972,-12.71843127,
4126324932,-12.32688266,
4126924892,-12.10837991,
4127524852,-12.57682425,
4128124812,-12.50779784,
4128724772,-12.24321924,
4129324732,-12.2954133,
4129924692,-12.57047676,
4130524652,-12.55150968,
4131124612,-12.603301,
4131724572,-12.49395129,
4132324532,-12.52139727,
4132924492,-12.39663579,
4133524452,-12.48084425,
4134124412,-12.57188155,
4134724372,-12.52131847,
4135324332,-12.65309437,
4135924292,-12.44084707,
4136524252,-12.5716696,
4137124212,-12.45791157,
4137724172,-12.54540251,
4138324132,-12.41149666,
4138924092,-12.60422102,
4139524052,-12.50567009,
4140124012,-12.67752003,
4140723972,-12.83662621,
4141323932,-12.88722825,
4141923892,-12.51534626,
4142523852,-12.550139,
4143123812,-12.85825917,
4143723772,-12.76346933,
4144323732,-12.43141289,
4144923692,-12.68201487,
4145523652,-12.66273762,
4146123612,-12.5643744,
4146723572,-12.48022171,
4147323532,-12.71029691,
4147923492,-12.59771409,
4148523452,-12.72234919,
4149123412,-12.82413217,
4149723372,-12.60136991,
4150323332,-12.62626406,
4150923292,-12.86477491,
4151523252,-12.65203675,
4152123212,-12.63238364,
4152723172,-12.99224081,
4153323132,-12.88054348,
4153923092,-12.64197236,
4154523052,-12.75116432,
4155123012,-12.80151931,
4155722971,-12.64523664,
4156322931,-12.84501606,
4156922891,-12.78976971,
4157522851,-12.8237634,
4158122811,-12.83471058,
4158722771,-12.72457892,
4159322731,-12.85758063,
4159922691,-12.91398513,
4160522651,-13.00519739,
4161122611,-13.00319848,
4161722571,-12.86355448,
4162322531,-12.98143776,
4162922491,-12.9263196,
4163522451,-13.21969396,
4164122411,-12.97952526,
4164722371,-12.92193909,
4165322331,-13.03404823,
4165922291,-12.78568269,
4166522251,-13.07481113,
4167122211,-13.14068108,
4167722171,-13.29453958,
4168322131,-13.17139354,
4168922091,-13.22751998,
4169522051,-13.11182122,
4170122011,-13.23553043,
4170721971,-13.07243384,
4171321931,-13.44316475,
4171921891,-13.26166248,
4172521851,-13.35624095,
4173121811,-13.3341108,
4173721771,-13.28037138,
4174321731,-13.33347584,
4174921691,-13.43210251,
4175521651,-13.34685018,
4176121611,-13.40474482,
4176721571,-13.3742431,
4177321531,-13.48681202,
4177921491,-13.57980055,
4178521451,-13.32747004,
4179121411,-13.63268738,
4179721371,-13.6932101,
4180321331,-13.75457555,
4180921291,-13.73872303,
4181521251,-13.74505531,
4182121211,-13.83634323,
4182721171,-13.74227982,
4183321131,-13.46066804,
4183921091,-13.61975895,
4184521051,-13.64314196,
4185121011,-13.85804894,
4185720971,-13.73746358,
4186320931,-13.69551671,
4186920891,-14.0235794,
4187520851,-14.23685476,
4188120811,-13.86970084,
4188720771,-13.94686925,
4189320731,-13.937156,
4189920691,-13.99417434,
4190520651,-14.05050635,
4191120611,-13.73968679,
4191720571,-13.9765604,
4192320531,-14.31934963,
4192920491,-13.97333589,
4193520451,-13.97539913,
4194120411,-14.22209178,
4194720371,-14.06342608,
4195320331,-13.84370135,
4195920291,-14.20976824,
4196520251,-14.32658951,
4197120211,-14.19829857,
4197720171,-14.06281692,
4198320131,-14.11360174,
4198920091,-14.11694791,
4199520051,-14.46465544,
4200120011,-14.45281174,
4200719971,-14.14914851,
4201319931,-14.05538816,
4201919891,-13.98357148,
4202519851,-14.4097886,
4203119811,-14.25770976,
4203719771,-14.46385359,
4204319731,-14.32634823,
4204919691,-14.26152817,
4205519651,-14.44861287,
4206119611,-14.43275862,
4206719571,-14.52583634,
4207319531,-14.4045381,
4207919491,-14.40970916,
4208519451,-14.20149724,
4209119411,-14.34854867,
4209719371,-14.43320292,
4210319331,-14.95548723,
4210919291,-14.35211873,
4211519251,-14.46512442,
4212119211,-14.79448454,
4212719171,-14.89554726,
4213319131,-14.74675303,
4213919091,-14.87442129,
4214519051,-14.78895897,
4215119011,-14.7195706,
4215718971,-14.78814509,
4216318931,-14.67569073,
4216918891,-15.14489557,
4217518851,-14.9198328,
4218118811,-14.77143241,
4218718771,-14.91061191,
4219318731,-14.5697301,
4219918691,-15.11761315,
4220518651,-14.73136064,
4221118611,-14.92282592,
4221718571,-14.81122236,
4222318531,-14.9242492,
4222918491,-14.55859297,
4223518451,-14.88299721,
4224118411,-15.39949903,
4224718371,-14.97100434,
4225318331,-15.38473156,
4225918291,-14.90078358,
4226518251,-14.59135304,
4227118211,-15.41551113,
4227718171,-15.45783601,
4228318131,-15.47052688,
4228918091,-15.11912915,
4229518051,-15.3575804,
4230118011,-14.95419295,
4230717971,-15.23966419,
4231317931,-15.04537307,
4231917891,-15.11161055,
4232517851,-14.97562508,
4233117811,-15.3171613,
4233717771,-15.35225332,
4234317731,-15.41884682,
4234917691,-15.42684804,
4235517651,-15.26679422,
4236117611,-15.36388038,
4236717571,-15.38135375,
4237317531,-15.54313816,
4237917491,-15.57082999,
4238517451,-15.52126931,
4239117411,-15.5701708,
4239717371,-15.25804109,
4240317331,-15.35638815,
4240917291,-15.24373735,
4241517251,-15.61157928,
4242117211,-15.44084811,
4242717171,-15.18244099,
4243317131,-15.16959888,
4243917091,-15.61191206,
4244517051,-15.39624313,
4245117011,-15.51674835,
4245716971,-15.22362244,
4246316931,-15.16818316,
4246916891,-15.59921803,
4247516851,-15.54395585,
4248116811,-15.30308261,
4248716771,-15.36034152,
4249316731,-15.35143637,
4249916691,-15.41291689,
4250516651,-15.303279,
4251116611,-15.57176105,
4251716571,-15.00853928,
4252316531,-15.35407249,
4252916491,-15.14708187,
4253516451,-15.6492042,
4254116411,-15.45564322,
4254716371,-15.08470078,
4255316331,-15.42161402,
4255916291,-15.34168505,
4256516251,-15.23291769,
4257116211,-15.2712268,
4257716171,-15.37325633,
4258316131,-15.31723507,
4258916091,-15.14903003,
4259516051,-15.21959056,
4260116011,-15.01598061,
4260715971,-15.15256946,
4261315931,-15.0107627,
4261915891,-15.29796972,
4262515851,-14.97121654,
4263115811,-14.99030076,
4263715771,-15.20520936,
4264315731,-15.12450309,
4264915691,-14.70215821,
4265515651,-14.98738638,
4266115611,-15.24774565,
4266715571,-15.02120034,
4267315531,-15.17838766,
4267915491,-15.01598931,
4268515451,-14.97143852,
4269115411,-15.09073672,
4269715371,-14.87349693,
4270315331,-15.11006131,
4270915291,-14.85462769,
4271515251,-14.74380123,
4272115211,-15.27191175,
4272715171,-15.01216277,
4273315131,-15.03228963,
4273915091,-15.08281839,
4274515051,-14.52717907,
4275115011,-14.78904505,
4275714971,-14.4229289,
4276314931,-14.76533124,
4276914891,-14.81805731,
4277514851,-14.77083758,
4278114811,-14.69113596,
4278714771,-14.7079202,
4279314731,-14.69283508,
4279914691,-14.75872262,
4280514651,-14.41334309,
4281114611,-14.4928714,
4281714571,-14.59325543,
4282314531,-14.40059291,
4282914491,-14.6493827,
4283514451,-14.60600156,
4284114411,-14.41595645,
4284714371,-14.60937086,
4285314331,-14.58795218,
4285914291,-14.38978725,
4286514251,-14.37171231,
4287114211,-14.60138551,
4287714171,-14.5816186,
4288314131,-14.45505663,
4288914091,-14.35268175,
4289514051,-14.73331214,
4290114011,-14.21008593,
4290713971,-14.07761412,
4291313931,-14.49386747,
4291913891,-14.02245709,
4292513851,-14.22051893,
4293113811,-14.23211576,
4293713771,-14.68348813,
4294313731,-14.10318453,
4294913691,-14.55066732,
4295513651,-14.43686604,
4296113611,-14.42524026,
4296713571,-14.01031505,
4297313531,-14.19804299,
4297913491,-14.19214907,
4298513451,-14.3635637,
4299113411,-14.44014178,
4299713371,-14.39922363,
4300313331,-14.2201521,
4300913291,-14.18144244,
4301513251,-14.32801381,
4302113211,-14.21301917,
4302713171,-14.22176879,
4303313131,-14.00638431,
4303913091,-13.97786465,
4304513051,-14.07624807,
4305113011,-14.14469045,
4305712971,-14.00134122,
4306312931,-13.96466646,
4306912891,-14.21489328,
4307512851,-14.14633522,
4308112811,-14.08595684,
4308712771,-13.93284554,
4309312730,-14.09143938,
4309912690,-14.14550421,
4310512650,-14.01160842,
4311112610,-14.06236107,
4311712570,-14.03233918,
4312312530,-13.993613,
4312912490,-13.80191823,
4313512450,-14.16390394,
4314112410,-13.84252132,
4314712370,-13.8857668,
4315312330,-14.01851817,
4315912290,-14.06609657,
4316512250,-13.90337843,
4317112210,-13.83449402,
4317712170,-13.77159061,
4318312130,-13.8940112,
4318912090,-13.91565134,
4319512050,-13.75709161,
4320112010,-13.5667198,
4320711970,-13.93749068,
4321311930,-13.96706537,
4321911890,-14.03081573,
4322511850,-13.83233831,
4323111810,-13.94156611,
4323711770,-13.67905676,
4324311730,-13.73782852,
4324911690,-13.80520022,
4325511650,-13.70123824,
4326111610,-13.69311797,
4326711570,-13.6177826,
4327311530,-13.93981164,
4327911490,-13.67706767,
4328511450,-13.558271,
4329111410,-13.77463736,
4329711370,-13.59481933,
4330311330,-13.66867699,
4330911290,-13.77032413,
4331511250,-13.53124105,
4332111210,-13.74334688,
4332711170,-13.61210484,
4333311130,-13.68154083,
4333911090,-13.79819019,
4334511050,-13.76717304,
4335111010,-13.58326191,
4335710970,-13.77489059,
4336310930,-13.59294956,
4336910890,-13.71087369,
4337510850,-13.93898726,
4338110810,-13.64072544,
4338710770,-13.47497716,
4339310730,-13.65485907,
4339910690,-13.42544406,
4340510650,-13.67857394,
4341110610,-13.52340867,
4341710570,-13.61892681,
4342310530,-13.58068276,
4342910490,-13.70013169,
4343510450,-13.66953872,
4344110410,-13.55637472,
4344710370,-13.42081,
4345310330,-13.51684336,
4345910290,-13.56231788,
4346510250,-13.6047435,
4347110210,-13.53235213,
4347710170,-13.61689313,
4348310130,-13.53911978,
4348910090,-13.25338857,
4349510050,-13.67186731,
4350110010,-13.40380944,
4350709970,-13.48591735,
4351309930,-13.66286355,
4351909890,-13.53657989,
4352509850,-13.53373118,
4353109810,-13.6731193,
4353709770,-13.31697427,
4354309730,-13.54817833,
4354909690,-13.51465715,
4355509650,-13.58370769,
4356109610,-13.61443268,
4356709570,-13.49497762,
4357309530,-13.48255969,
4357909490,-13.41848738,
4358509450,-13.54233918,
4359109410,-13.57659284,
4359709370,-13.56784553,
4360309330,-13.58778038,
4360909290,-13.57956383,
4361509250,-13.46792839,
4362109210,-13.5072686,
4362709170,-13.53580351,
4363309130,-13.55328158,
4363909090,-13.43806155,
4364509050,-13.42588873,
4365109010,-13.68584718,
4365708970,-13.63253729,
4366308930,-13.5386772,
4366908890,-13.23427925,
4367508850,-13.34631317,
4368108810,-13.443501,
4368708770,-13.43527503,
4369308730,-13.57971138,
4369908690,-13.66818454,
4370508650,-13.56551156,
4371108610,-13.44490739,
4371708570,-13.79555538,
4372308530,-13.43975482,
4372908490,-13.57370017,
4373508450,-13.41923884,
4374108410,-13.2923478,
4374708370,-13.44470152,
4375308330,-13.28141778,
4375908290,-13.32696947,
4376508250,-13.35443478,
4377108210,-13.30491495,
4377708170,-13.63228822,
4378308130,-13.46141472,
4378908090,-13.65555995,
4379508050,-13.63376826,
4380108010,-13.36457363,
4380707970,-13.46522207,
4381307930,-13.51439384,
4381907890,-13.45565,
4382507850,-13.63548168,
4383107810,-13.68979045,
4383707770,-13.52397657,
4384307730,-13.71603526,
4384907690,-13.33673329,
4385507650,-13.5379424,
4386107610,-13.50052398,
4386707570,-13.44976152,
4387307530,-13.59241202,
4387907490,-13.50903452,
4388507450,-13.55515603,
4389107410,-13.54246637,
4389707370,-13.59542314,
4390307330,-13.49779658,
4390907290,-13.39338227,
4391507250,-13.59415628,
4392107210,-13.56876949,
4392707170,-13.4033856,
4393307130,-13.37365101,
4393907090,-13.60597788,
4394507050,-13.59257976,
4395107010,-13.50496774,
4395706970,-13.53766516,
4396306930,-13.47082808,
4396906890,-13.56064751,
4397506850,-13.43558461,
4398106810,-13.61894911,
4398706770,-13.76031589,
4399306730,-13.70970394,
4399906690,-13.56802306,
4400506650,-13.90862418,
4401106610,-13.53152159,
4401706570,-13.61296739,
4402306530,-13.81106243,
4402906490,-13.80489688,
4403506450,-13.56605798,
4404106410,-13.6020738,
4404706370,-13.44206916,
4405306330,-13.21308701,
4405906290,-13.64642289,
4406506250,-13.53322805,
4407106210,-13.51876867,
4407706170,-13.55862726,
4408306130,-13.4452537,
4408906090,-13.47506606,
4409506050,-13.5958441,
4410106010,-13.67233968,
4410705970,-13.46541237,
4411305930,-13.68829157,
4411905890,-13.32249613,
4412505850,-13.75645519,
4413105810,-13.67722854,
4413705770,-13.85256241,
4414305730,-14.05149278,
4414905690,-13.71150225,
4415505650,-13.75117876,
4416105610,-13.86615645,
4416705570,-13.94414861,
4417305530,-13.73607696,
4417905490,-13.97330919,
4418505450,-13.83355702,
4419105410,-13.95741773,
4419705370,-13.86516011,
4420305330,-13.94245099,
4420905290,-13.79549486,
4421505250,-13.73305262,
4422105210,-13.83187189,
4422705170,-14.04194081,
4423305130,-13.98499454,
4423905090,-13.85046107,
4424505050,-13.80513471,
4425105010,-13.931262,
4425704970,-13.89828449,
4426304930,-14.12498197,
4426904890,-14.09905026,
4427504850,-14.00752803,
4428104810,-13.94712502,
4428704770,-14.15591995,
4429304730,-13.96910639,
4429904690,-14.33481917,
4430504650,-14.11039664,
4431104610,-14.10488798,
4431704570,-14.13388405,
4432304530,-14.25590799,
4432904490,-14.2657572,
4433504450,-14.22638618,
4434104410,-14.3519673,
4434704370,-14.27300892,
4435304330,-14.37890681,
4435904290,-14.63553051,
4436504250,-14.39149798,
4437104210,-14.475005,
4437704170,-14.51371363,
4438304130,-14.33885319,
4438904090,-14.0579682,
4439504050,-14.47240823,
4440104010,-14.47056493,
4440703970,-14.36380656,
4441303930,-14.46466817,
4441903890,-14.31521823,
4442503850,-14.54893556,
4443103810,-14.55897638,
4443703770,-14.34765988,
4444303730,-14.25856614,
4444903690,-14.41798603,
4445503650,-14.21555306,
4446103610,-14.30470869,
4446703570,-14.66597848,
4447303530,-14.48242652,
4447903490,-14.8870893,
4448503450,-14.54400568,
4449103410,-14.71470971,
4449703370,-14.72434266,
4450303330,-15.01628967,
4450903290,-14.88648225,
4451503250,-14.93920288,
4452103210,-14.86878949,
4452703170,-14.65627947,
4453303130,-14.68397346,
4453903090,-15.02640057,
4454503050,-14.80359791,
4455103010,-14.92395069,
4455702970,-15.29132457,
4456302930,-14.97013194,
4456902890,-15.12453883,
4457502850,-15.01773921,
4458102810,-15.13831686,
4458702770,-15.22171568,
4459302730,-15.26893374,
4459902690,-15.41810288,
4460502650,-15.33221104,
4461102610,-15.41209065,
4461702570,-15.32038151,
4462302530,-15.20513096,
4462902489,-15.3850723,
4463502449,-15.58635291,
4464102409,-15.70069542,
4464702369,-15.56452955,
4465302329,-15.25435349,
4465902289,-15.50896497,
4466502249,-15.74983004,
4467102209,-15.71764251,
4467702169,-15.53736207,
4468302129,-15.73042333,
4468902089,-16.24011336,
4469502049,-15.72469668,
4470102009,-15.64568997,
4470701969,-16.16059437,
4471301929,-16.04524102,
4471901889,-15.74648679,
4472501849,-15.99067351,
4473101809,-15.91516311,
4473701769,-16.00702217,
4474301729,-15.90330996,
4474901689,-16.22853004,
4475501649,-16.09124588,
4476101609,-15.87711054,
4476701569,-16.29128262,
4477301529,-16.09722514,
4477901489,-16.05216451,
4478501449,-16.24259324,
4479101409,-16.07288069,
4479701369,-16.00010116,
4480301329,-16.2315596,
4480901289,-16.19601393,
4481501249,-15.95999466,
4482101209,-16.08540403,
4482701169,-16.18488179,
4483301129,-15.94806856,
4483901089,-16.49929256,
4484501049,-15.99291277,
4485101009,-16.09420149,
4485700969,-16.09440642,
4486300929,-16.48520833,
4486900889,-16.25704895,
4487500849,-16.42005139,
4488100809,-16.40574348,
4488700769,-16.17202098,
4489300729,-16.45229947,
4489900689,-16.22123415,
4490500649,-16.23677613,
4491100609,-16.40423686,
4491700569,-16.54496491,
4492300529,-16.45578922,
4492900489,-16.40297668,
4493500449,-16.41910293,
4494100409,-16.30533517,
4494700369,-16.37702396,
4495300329,-16.27281758,
4495900289,-16.35361593,
4496500249,-16.49584135,
4497100209,-16.31016269,
4497700169,-16.41702492,
4498300129,-16.54981301,
4498900089,-16.308992,
4499500049,-16.30703245,
4500100009,-16.32571682,
4500699969,-16.51253113,
4501299929,-16.4466892,
4501899889,-16.36018292,
4502499849,-16.14264578,
4503099809,-16.5098746,
4503699769,-16.43479327,
4504299729,-16.57380962,
4504899689,-16.46833487,
4505499649,-16.42191235,
4506099609,-16.51814432,
4506699569,-16.42086186,
4507299529,-16.539699,
4507899489,-16.61421896,
4508499449,-16.46549978,
4509099409,-16.45353508,
4509699369,-16.62555139,
4510299329,-16.63204286,
4510899289,-16.55630454,
4511499249,-16.72178289,
4512099209,-16.42837753,
4512699169,-16.50522361,
4513299129,-16.75060281,
4513899089,-16.43218552,
4514499049,-16.61840808,
4515099009,-16.55275014,
4515698969,-16.60010478,
4516298929,-16.56159359,
4516898889,-16.53111694,
4517498849,-16.33300321,
4518098809,-16.41192438,
4518698769,-16.45418224,
4519298729,-16.54816837,
4519898689,-16.51129519,
4520498649,-16.56325892,
4521098609,-16.6780871,
4521698569,-16.4238583,
4522298529,-16.72165674,
4522898489,-16.63223086,
4523498449,-16.52491089,
4524098409,-16.68758917,
4524698369,-16.57359361,
4525298329,-16.48029378,
4525898289,-16.58518079,
4526498249,-16.60463888,
4527098209,-16.50507047,
4527698169,-16.53465278,
4528298129,-16.6372169,
4528898089,-16.56018394,
4529498049,-16.56916409,
4530098009,-16.61215052,
4530697969,-16.59058818,
4531297929,-16.53660011,
4531897889,-16.52982811,
4532497849,-16.51819135,
4533097809,-16.64663532,
4533697769,-16.53843575,
4534297729,-16.5383771,
4534897689,-16.53567484,
4535497649,-16.50939061,
4536097609,-16.49511155,
4536697569,-16.51203708,
4537297529,-16.41951057,
4537897489,-16.33376906,
4538497449,-16.44346706,
4539097409,-16.56521084,
4539697369,-16.48578681,
4540297329,-16.59534627,
4540897289,-16.46319274,
4541497249,-16.46051066,
4542097209,-16.51759488,
4542697169,-16.51769031,
4543297129,-16.50174444,
4543897089,-16.41506106,
4544497049,-16.49743706,
4545097009,-16.16250477,
4545696969,-16.58698458,
4546296929,-16.39070873,
4546896889,-16.45895361,
4547496849,-16.28743311,
4548096809,-16.36885588,
4548696769,-16.31746904,
4549296729,-16.39718615,
4549896689,-16.42026504,
4550496649,-16.4563401,
4551096609,-16.34621235,
4551696569,-16.44447322,
4552296529,-16.4518035,
4552896489,-16.41871166,
4553496449,-16.32740102,
4554096409,-16.42646529,
4554696369,-16.41530863,
4555296329,-16.43318974,
4555896289,-16.38727622,
4556496249,-16.43384837,
4557096209,-16.06245744,
4557696169,-16.11475492,
4558296129,-16.34442995,
4558896089,-16.38376038,
4559496049,-16.36624287,
4560096009,-16.52989134,
4560695969,-16.3678709,
4561295929,-16.39594603,
4561895889,-16.42348841,
4562495849,-16.34290598,
4563095809,-16.27509618,
4563695769,-16.31650788,
4564295729,-16.17141311,
4564895689,-16.25440097,
4565495649,-16.12644052,
4566095609,-16.35472991,
4566695569,-16.30924703,
4567295529,-16.11574686,
4567895489,-16.29561724,
4568495449,-16.33674201,
4569095409,-16.24016964,
4569695369,-16.20672856,
4570295329,-16.1358729,
4570895289,-16.24188789,
4571495249,-16.07533897,
4572095209,-16.20071882,
4572695169,-15.93677957,
4573295129,-16.10280308,
4573895089,-16.23219078,
4574495049,-16.1432079,
4575095009,-15.99808248,
4575694969,-16.1661239,
4576294929,-16.14514323,
4576894889,-16.11330177,
4577494849,-16.09880338,
4578094809,-16.18708265,
4578694769,-16.11195607,
4579294729,-16.15417164,
4579894689,-16.04374366,
4580494649,-16.15864339,
4581094609,-16.11062094,
4581694569,-16.24983869,
4582294529,-16.22734082,
4582894489,-16.24547231,
4583494449,-16.22238325,
4584094409,-16.56012869,
4584694369,-15.98441505,
4585294329,-16.09945462,
4585894289,-16.37974997,
4586494249,-16.2757727,
4587094209,-16.382408,
4587694169,-16.36794702,
4588294129,-16.1768706,
4588894089,-16.4743483,
4589494049,-16.22675123,
4590094009,-16.04652727,
4590693969,-15.88640835,
4591293929,-16.0682542,
4591893889,-15.90451087,
4592493849,-16.03335833,
4593093809,-16.11262182,
4593693769,-16.20102407,
4594293729,-16.16384767,
4594893689,-16.1444378,
4595493649,-16.36919786,
4596093609,-16.46622095,
4596693569,-16.13292384,
4597293529,-16.31075965,
4597893489,-15.73600873,
4598493449,-16.29422706,
4599093409,-16.36477736,
4599693369,-16.01922452,
4600293329,-16.20862877,
4600893289,-15.97231473,
4601493249,-16.015291,
4602093209,-16.24377268,
4602693169,-16.04590256,
4603293129,-16.0813334,
4603893089,-16.29074415,
4604493049,-16.13207476,
4605093009,-16.32301243,
4605692969,-16.23992526,
4606292929,-15.9029995,
4606892889,-16.10182826,
4607492849,-16.02953652,
4608092809,-15.93070534,
4608692769,-15.77353606,
4609292729,-15.92912365,
4609892689,-16.1662665,
4610492649,-15.93018798,
4611092609,-16.29245438,
4611692569,-15.61745745,
4612292529,-16.05556963,
4612892489,-16.14906105,
4613492449,-16.09024147,
4614092409,-15.89532003,
4614692369,-16.31301755,
4615292329,-16.08302536,
4615892289,-15.62280343,
4616492248,-15.86277062,
4617092208,-15.9642348,
4617692168,-15.71280812,
4618292128,-15.9143693,
4618892088,-15.95371038,
4619492048,-16.29923789,
4620092008,-16.12225836,
4620691968,-15.85569199,
4621291928,-15.77749225,
4621891888,-15.81529207,
4622491848,-16.02073348,
4623091808,-16.00969786,
4623691768,-15.96382505,
4624291728,-16.09526092,
4624891688,-15.86963347,
4625491648,-15.93925372,
4626091608,-16.04854216,
4626691568,-15.89101965,
4627291528,-16.04186707,
4627891488,-15.99406673,
4628491448,-15.87418004,
4629091408,-16.27115339,
4629691368,-16.04550887,
4630291328,-15.91783531,
4630891288,-15.76488433,
4631491248,-15.8742136,
4632091208,-16.07149361,
4632691168,-15.91744345,
4633291128,-15.53369495,
4633891088,-16.01550644,
4634491048,-15.84413007,
4635091008,-15.90223902,
4635690968,-16.09420701,
4636290928,-16.39090954,
4636890888,-16.09961103,
4637490848,-16.3193843,
4638090808,-15.6002345,
4638690768,-15.76476997,
4639290728,-15.60641178,
4639890688,-16.24176844,
4640490648,-15.9092897,
4641090608,-15.75704842,
4641690568,-16.1452388,
4642290528,-15.76419927,
4642890488,-15.82557834,
4643490448,-15.72736385,
4644090408,-15.89288147,
4644690368,-15.66045765,
4645290328,-15.68276313,
4645890288,-15.65465452,
4646490248,-15.96976352,
4647090208,-15.83985966,
4647690168,-16.07139443,
4648290128,-16.10361803,
4648890088,-16.07518077,
4649490048,-15.60167909,
4650090008,-15.98396352,
4650689968,-15.95629468,
4651289928,-15.71635105,
4651889888,-15.73951844,
4652489848,-15.84728741,
4653089808,-15.97228872,
4653689768,-15.84152191,
4654289728,-15.59806555,
4654889688,-15.51413292,
4655489648,-15.6826135,
4656089608,-15.97331029,
4656689568,-15.73719573,
4657289528,-15.92037599,
4657889488,-16.06762378,
4658489448,-15.61734631,
4659089408,-15.81838444,
4659689368,-15.8277302,
4660289328,-15.72440924,
4660889288,-15.99126458,
4661489248,-15.48493704,
4662089208,-15.41129988,
4662689168,-16.12219964,
4663289128,-15.75769219,
4663889088,-16.04462493,
4664489048,-15.67450304,
4665089008,-15.59678138,
4665688968,-16.08781468,
4666288928,-15.95814573,
4666888888,-15.91549768,
4667488848,-15.93591098,
4668088808,-15.65080359,
4668688768,-15.40474714,
4669288728,-15.61732247,
4669888688,-15.55303338,
4670488648,-15.53076525,
4671088608,-15.88230357,
4671688568,-16.02840513,
4672288528,-15.8863876,
4672888488,-15.59730907,
4673488448,-15.83428042,
4674088408,-15.6979505,
4674688368,-15.81157852,
4675288328,-15.84675877,
4675888288,-15.86170781,
4676488248,-15.76795193,
4677088208,-15.6365888,
4677688168,-15.56754461,
4678288128,-15.62225689,
4678888088,-15.30654369,
4679488048,-15.92145117,
4680088008,-15.80866634,
4680687968,-15.69902073,
4681287928,-15.54827678,
4681887888,-15.67700711,
4682487848,-15.74382155,
4683087808,-15.50837841,
4683687768,-15.67245501,
4684287728,-15.61037367,
4684887688,-15.79938194,
4685487648,-15.69620617,
4686087608,-15.37670141,
4686687568,-15.6819507,
4687287528,-15.45514858,
4687887488,-15.70853728,
4688487448,-15.69752794,
4689087408,-15.76393926,
4689687368,-15.71033862,
4690287328,-15.38987514,
4690887288,-15.38652084,
4691487248,-15.71039858,
4692087208,-15.82137231,
4692687168,-16.23151509,
4693287128,-15.35656172,
4693887088,-15.86905068,
4694487048,-15.56549637,
4695087008,-15.75736971,
4695686968,-15.4246956,
4696286928,-16.11205432,
4696886888,-15.79198483,
4697486848,-15.65848357,
4698086808,-15.63524667,
4698686768,-15.84411988,
4699286728,-15.65234935,
4699886688,-15.33279022,
4700486648,-16.03906284,
4701086608,-15.5970254,
4701686568,-15.86346239,
4702286528,-15.50616481,
4702886488,-15.56785251,
4703486448,-15.83320886,
4704086408,-15.79725998,
4704686368,-15.68522672,
4705286328,-15.81044444,
4705886288,-15.74150414,
4706486248,-15.47203893,
4707086208,-15.98720823,
4707686168,-15.70556053,
4708286128,-15.63773639,
4708886088,-15.72604225,
4709486048,-15.61924201,
4710086008,-15.87684913,
4710685968,-15.86492924,
4711285928,-15.6781352,
4711885888,-15.66627778,
4712485848,-15.94658821,
4713085808,-15.70397303,
4713685768,-15.99907074,
4714285728,-15.98250119,
4714885688,-16.04089099,
4715485648,-15.99932558,
4716085608,-15.90464507,
4716685568,-16.27056168,
4717285528,-15.44094823,
4717885488,-15.91178766,
4718485448,-16.37813636,
4719085408,-15.63519495,
4719685368,-15.72393746,
4720285328,-15.87777354,
4720885288,-15.94632166,
4721485248,-15.79194054,
4722085208,-16.16078635,
4722685168,-15.77771538,
4723285128,-16.29329829,
4723885088,-16.20471403,
4724485048,-15.86103893,
4725085008,-15.90122511,
4725684968,-16.16705562,
4726284928,-15.98367019,
4726884888,-16.09414072,
4727484848,-15.86468651,
4728084808,-16.30606828,
4728684768,-16.2645184,
4729284728,-16.15089638,
4729884688,-16.16585147,
4730484648,-16.27306076,
4731084608,-16.19130632,
4731684568,-16.13713601,
4732284528,-16.19776912,
4732884488,-16.27156153,
4733484448,-16.02660544,
4734084408,-16.01694303,
4734684368,-16.13929727,
4735284328,-16.18511993,
4735884288,-16.16278893,
4736484248,-16.29542086,
4737084208,-16.16853381,
4737684168,-16.3551426,
4738284128,-16.24365465,
4738884088,-16.19263997,
4739484048,-16.52885947,
4740084008,-16.24294749,
4740683968,-16.42132047,
4741283928,-16.48193145,
4741883888,-16.28339703,
4742483848,-16.25581963,
4743083808,-16.3818308,
4743683768,-16.45643038,
4744283728,-16.53732256,
4744883688,-16.5100033,
4745483648,-16.52588406,
4746083608,-16.47126842,
4746683568,-16.60218178,
4747283528,-16.43793918,
4747883488,-16.58221511,
4748483448,-16.60121678,
4749083408,-16.53981877,
4749683368,-16.69617979,
4750283328,-16.68530578,
4750883288,-16.68171842,
4751483248,-16.68499012,
4752083208,-16.50106674,
4752683168,-16.64943501,
4753283128,-16.96570571,
4753883088,-16.7039796,
4754483048,-16.69670186,
4755083008,-16.80732894,
4755682968,-16.84510429,
4756282928,-16.86211572,
4756882888,-16.65393887,
4757482848,-17.14709298,
4758082808,-16.90669483,
4758682768,-16.93218506,
4759282728,-17.34072869,
4759882688,-16.94909738,
4760482648,-17.00259671,
4761082608,-16.89499293,
4761682568,-17.11486473,
4762282528,-16.91731148,
4762882488,-17.07381273,
4763482448,-17.03699929,
4764082408,-17.22415526,
4764682368,-17.19581545,
4765282328,-17.01695524,
4765882288,-17.04068773,
4766482248,-17.01382144,
4767082208,-16.82610972,
4767682168,-17.02738855,
4768282128,-17.12945314,
4768882088,-17.2659805,
4769482048,-17.18217803,
4770082008,-16.95591404,
4770681967,-17.63205075,
4771281927,-17.36138446,
4771881887,-17.54623547,
4772481847,-17.46543173,
4773081807,-17.57271165,
4773681767,-17.62685928,
4774281727,-17.39514959,
4774881687,-17.4090681,
4775481647,-17.21780249,
4776081607,-17.30125689,
4776681567,-17.41969875,
4777281527,-17.1974843,
4777881487,-17.50782305,
4778481447,-17.42368893,
4779081407,-17.37643451,
4779681367,-17.86576463,
4780281327,-17.56798053,
4780881287,-17.76797178,
4781481247,-17.62749857,
4782081207,-17.52396939,
4782681167,-17.39390942,
4783281127,-17.60756037,
4783881087,-17.52238042,
4784481047,-17.4772787,
4785081007,-17.75953574,
4785680967,-17.77532559,
4786280927,-18.00587186,
4786880887,-17.86378522,
4787480847,-17.50219283,
4788080807,-18.01899324,
4788680767,-17.9334454,
4789280727,-17.90515706,
4789880687,-17.59945005,
4790480647,-17.84010528,
4791080607,-17.79533686,
4791680567,-18.04289137,
4792280527,-17.94683696,
4792880487,-17.84075726,
4793480447,-17.76127286,
4794080407,-17.60399185,
4794680367,-17.5956224,
4795280327,-17.67756092,
4795880287,-17.9725221,
4796480247,-17.26953107,
4797080207,-18.02134841,
4797680167,-17.35395138,
4798280127,-17.6941761,
4798880087,-17.4004465,
4799480047,-17.78238951,
4800080007,-17.61830592,
4800679967,-18.07940263,
4801279927,-18.30832424,
4801879887,-17.87781864,
4802479847,-17.92817408,
4803079807,-17.91555231,
4803679767,-18.11234332,
4804279727,-18.19944227,
4804879687,-18.22389217,
4805479647,-17.70606221,
4806079607,-17.98404136,
4806679567,-18.09405579,
4807279527,-18.03204603,
4807879487,-17.54214779,
4808479447,-18.02185881,
4809079407,-18.16773505,
4809679367,-18.33804743,
4810279327,-17.81787264,
4810879287,-17.94851408,
4811479247,-18.03337447,
4812079207,-17.90844976,
4812679167,-18.12673435,
4813279127,-18.52973281,
4813879087,-18.38210715,
4814479047,-18.15397436,
4815079007,-18.41315343,
4815678967,-18.19211929,
4816278927,-18.64949845,
4816878887,-18.19040942,
4817478847,-18.41729795,
4818078807,-18.06308602,
4818678767,-18.29857879,
4819278727,-18.05968769,
4819878687,-17.97333543,
4820478647,-18.29006762,
4821078607,-18.01307353,
4821678567,-18.05699685,
4822278527,-18.2259167,
4822878487,-18.01719212,
4823478447,-18.56460333,
4824078407,-18.36757018,
4824678367,-18.99250799,
4825278327,-18.98519429,
4825878287,-18.48117805,
4826478247,-18.37635499,
4827078207,-18.27448815,
4827678167,-18.04335113,
4828278127,-18.43208915,
4828878087,-18.79034664,
4829478047,-18.34083454,
4830078007,-18.21525653,
4830677967,-18.61088598,
4831277927,-18.86851673,
4831877887,-18.89784,
4832477847,-18.53128839,
4833077807,-18.61222592,
4833677767,-18.97328169,
4834277727,-18.52665227,
4834877687,-19.09541631,
4835477647,-18.5206222,
4836077607,-18.37805562,
4836677567,-18.25490519,
4837277527,-19.02106239,
4837877487,-18.96651707,
4838477447,-18.75310501,
4839077407,-18.94343888,
4839677367,-18.50659554,
4840277327,-18.8336286,
4840877287,-18.7595252,
4841477247,-18.76694315,
4842077207,-18.7077893,
4842677167,-19.04467459,
4843277127,-18.80849346,
4843877087,-18.87822313,
4844477047,-18.99352459,
4845077007,-18.62945916,
4845676967,-19.05786231,
4846276927,-19.02170812,
4846876887,-19.10422922,
4847476847,-19.15261832,
4848076807,-19.22452688,
4848676767,-18.95072937,
4849276727,-19.07290618,
4849876687,-19.07438087,
4850476647,-19.38851877,
4851076607,-18.91644968,
4851676567,-19.38804261,
4852276527,-19.21687614,
4852876487,-19.4589059,
4853476447,-19.2246112,
4854076407,-19.65648098,
4854676367,-19.52130903,
4855276327,-19.61511971,
4855876287,-19.01291302,
4856476247,-19.18542729,
4857076207,-19.08329111,
4857676167,-19.20153067,
4858276127,-19.95386701,
4858876087,-19.98004397,
4859476047,-19.28621596,
4860076007,-18.85427138,
4860675967,-19.3525887,
4861275927,-18.98916534,
4861875887,-19.01013453,
4862475847,-19.5116196,
4863075807,-19.60049801,
4863675767,-19.35935735,
4864275727,-19.20238788,
4864875687,-19.37552287,
4865475647,-19.60218473,
4866075607,-19.27029359,
4866675567,-19.25625096,
4867275527,-19.22901709,
4867875487,-19.23319815,
4868475447,-19.27333903,
4869075407,-19.50752283,
4869675367,-19.09636709,
4870275327,-19.54214213,
4870875287,-20.08799277,
4871475247,-18.94943871,
4872075207,-19.45102004,
4872675167,-20.07689129,
4873275127,-19.93073101,
4873875087,-19.24920214,
4874475047,-19.73017149,
4875075007,-20.32054305,
4875674967,-19.17931955,
4876274927,-19.30416474,
4876874887,-19.95177817,
4877474847,-19.29629574,
4878074807,-19.29319182,
4878674767,-19.63722431,
4879274727,-20.00637345,
4879874687,-20.04822166,
4880474647,-19.44758321,
4881074607,-19.6271033,
4881674567,-19.49893669,
4882274527,-19.43735217,
4882874487,-19.57066015,
4883474447,-19.81715511,
4884074407,-20.15316786,
4884674367,-20.02438746,
4885274327,-19.73907521,
4885874287,-20.1670134,
4886474247,-19.83364406,
4887074207,-20.06250435,
4887674167,-20.37384328,
4888274127,-19.72429173,
4888874087,-19.46518535,
4889474047,-19.66163344,
4890074007,-20.0449435,
4890673967,-19.93746826,
4891273927,-19.71457634,
4891873887,-20.15577017,
4892473847,-20.02307629,
4893073807,-19.48081518,
4893673767,-19.3107951,
4894273727,-19.75882489,
4894873687,-19.84340684,
4895473647,-19.59953663,
4896073607,-19.61990091,
4896673567,-19.35822266,
4897273527,-19.8439586,
4897873487,-19.42660261,
4898473447,-19.50773974,
4899073407,-19.80651964,
4899673367,-19.47847332,
4900273327,-19.86308457,
4900873287,-20.36542613,
4901473247,-20.08795144,
4902073207,-19.48619244,
4902673167,-20.22120319,
4903273127,-19.65309065,
4903873087,-19.94243157,
4904473047,-19.62034884,
4905073007,-19.39913787,
4905672967,-20.12753868,
4906272927,-19.51939945,
4906872887,-20.00981212,
4907472847,-19.6818489,
4908072807,-19.73241827,
4908672767,-19.87873697,
4909272727,-19.86641156,
4909872687,-19.11610106,
4910472647,-19.54165056,
4911072607,-20.01734581,
4911672567,-19.3951556,
4912272527,-19.44740408,
4912872487,-19.32380824,
4913472447,-19.16556062,
4914072407,-18.55942245,
4914672367,-19.28013299,
4915272327,-19.21884513,
4915872287,-19.52456772,
4916472247,-19.49270627,
4917072207,-18.98628418,
4917672167,-19.1805168,
4918272127,-19.51381727,
4918872087,-19.45588826,
4919472047,-19.30745001,
4920072007,-19.54371792,
4920671967,-18.9815176,
4921271927,-18.92052673,
4921871887,-19.35195692,
4922471847,-19.45751774,
4923071807,-18.67537143,
4923671767,-18.84576069,
4924271726,-18.91415432,
4924871686,-19.34925028,
4925471646,-19.07751159,
4926071606,-19.09998942,
4926671566,-18.69967204,
4927271526,-19.82334799,
4927871486,-19.30065278,
4928471446,-18.82315445,
4929071406,-18.85565616,
4929671366,-18.90083335,
4930271326,-19.03101839,
4930871286,-19.32865874,
4931471246,-19.15672422,
4932071206,-18.86794488,
4932671166,-18.8612866,
4933271126,-18.74042352,
4933871086,-18.99658534,
4934471046,-18.76544165,
4935071006,-18.4158774,
4935670966,-19.388479,
4936270926,-18.406473,
4936870886,-18.76007208,
4937470846,-19.13365171,
4938070806,-18.26362912,
4938670766,-18.98201198,
4939270726,-18.89203524,
4939870686,-18.26033102,
4940470646,-18.63064457,
4941070606,-18.32851,
4941670566,-19.02352745,
4942270526,-18.7123817,
4942870486,-18.28038739,
4943470446,-18.08553236,
4944070406,-18.30439544,
4944670366,-18.41397686,
4945270326,-18.15643828,
4945870286,-18.83323727,
4946470246,-18.2181955,
4947070206,-17.79758036,
4947670166,-18.2775449,
4948270126,-18.07651124,
4948870086,-18.09565706,
4949470046,-17.98663454,
4950070006,-18.63033846,
4950669966,-18.00161149,
4951269926,-17.97966695,
4951869886,-18.02548156,
4952469846,-18.18541187,
4953069806,-18.35922503,
4953669766,-17.83220691,
4954269726,-18.06114405,
4954869686,-17.96136297,
4955469646,-17.99763915,
4956069606,-17.81679614,
4956669566,-17.65703903,
4957269526,-17.80087557,
4957869486,-18.08299904,
4958469446,-17.65205391,
4959069406,-17.60488616,
4959669366,-18.41407559,
4960269326,-17.79837296,
4960869286,-17.69389829,
4961469246,-18.48632169,
4962069206,-18.45771995,
4962669166,-18.27239848,
4963269126,-17.69838227,
4963869086,-17.66718833,
4964469046,-17.75933322,
4965069006,-17.814492,
4965668966,-17.70240601,
4966268926,-17.60772263,
4966868886,-17.74013565,
4967468846,-17.91072164,
4968068806,-17.42326183,
4968668766,-17.61646257,
4969268726,-18.07333482,
4969868686,-17.59780181,
4970468646,-17.85399265,
4971068606,-17.95067831,
4971668566,-17.75390803,
4972268526,-17.57627921,
4972868486,-18.28161963,
4973468446,-18.16174761,
4974068406,-17.81139428,
4974668366,-18.01229967,
4975268326,-17.59349674,
4975868286,-17.99042315,
4976468246,-18.18632872,
4977068206,-17.87965566,
4977668166,-17.63665082,
4978268126,-17.67695438,
4978868086,-17.79823301,
4979468046,-17.87762644,
4980068006,-17.73528606,
4980667966,-17.83508571,
4981267926,-17.86258117,
4981867886,-17.76461049,
4982467846,-17.51747397,
4983067806,-17.62165747,
4983667766,-18.02027209,
4984267726,-17.89547726,
4984867686,-17.64168018,
4985467646,-17.81052547,
4986067606,-17.44820235,
4986667566,-17.58305178,
4987267526,-17.61581185,
4987867486,-17.60239977,
4988467446,-17.46766748,
4989067406,-17.50966288,
4989667366,-17.72077253,
4990267326,-17.64191009,
4990867286,-17.5548881,
4991467246,-17.6915304,
4992067206,-17.50888318,
4992667166,-18.07393318,
4993267126,-17.81566154,
4993867086,-17.71244414,
4994467046,-18.15368517,
4995067006,-17.88619796,
4995666966,-17.589033,
4996266926,-17.77915826,
4996866886,-17.62734727,
4997466846,-17.58146587,
4998066806,-17.61967849,
4998666766,-17.37399957,
4999266726,-17.55436965,
4999866686,-17.43992729,
5000466646,-17.96677211,
5001066606,-17.51530318,
5001666566,-17.71018084,
5002266526,-18.15684666,
5002866486,-18.04662967,
5003466446,-17.86374118,
5004066406,-17.79046501,
5004666366,-17.14945393,
5005266326,-17.52126352,
5005866286,-17.66072741,
5006466246,-17.76393227,
5007066206,-17.90689416,
5007666166,-17.85063423,
5008266126,-17.83339215,
5008866086,-18.01949008,
5009466046,-17.4297222,
5010066006,-18.20038474,
5010665966,-17.67421343,
5011265926,-18.03479712,
5011865886,-17.91356317,
5012465846,-18.09657836,
5013065806,-17.6630649,
5013665766,-18.05969298,
5014265726,-18.16104826,
5014865686,-17.77984465,
5015465646,-18.0410907,
5016065606,-17.76719651,
5016665566,-17.89618892,
5017265526,-17.80531327,
5017865486,-17.8843994,
5018465446,-17.96713249,
5019065406,-17.87865731,
5019665366,-17.92742672,
5020265326,-17.59489116,
5020865286,-18.05651405,
5021465246,-17.95101332,
5022065206,-17.73895771,
5022665166,-18.0484481,
5023265126,-18.15197883,
5023865086,-18.11543203,
5024465046,-17.69389559,
5025065006,-17.77124202,
5025664966,-17.97179694,
5026264926,-18.15675242,
5026864886,-17.85020097,
5027464846,-17.88905909,
5028064806,-18.08497161,
5028664766,-18.28106566,
5029264726,-18.23834561,
5029864686,-17.81006307,
5030464646,-18.47779544,
5031064606,-18.350974,
5031664566,-18.19632558,
5032264526,-17.7241667,
5032864486,-18.01580316,
5033464446,-18.41259644,
5034064406,-18.22164464,
5034664366,-18.32627777,
5035264326,-18.73130442,
5035864286,-18.55823469,
5036464246,-18.65928234,
5037064206,-19.10571238,
5037664166,-18.81092063,
5038264126,-18.39596042,
5038864086,-18.76817008,
5039464046,-18.97757664,
5040064006,-18.67464148,
5040663966,-18.86475203,
5041263926,-19.15710329,
5041863886,-18.55521614,
5042463846,-18.66728985,
5043063806,-19.20267344,
5043663766,-19.43883267,
5044263726,-18.89174441,
5044863686,-19.14777509,
5045463646,-19.24631627,
5046063606,-19.31202811,
5046663566,-19.09174287,
5047263526,-19.21709703,
5047863486,-19.22452824,
5048463446,-18.79891326,
5049063406,-19.11552617,
5049663366,-18.87842289,
5050263326,-19.817379,
5050863286,-19.75151667,
5051463246,-19.37361896,
5052063206,-20.14868275,
5052663166,-19.83289089,
5053263126,-20.0523985,
5053863086,-20.27014339,
5054463046,-19.99379114,
5055063006,-19.70082415,
5055662966,-20.09984989,
5056262926,-20.1257516,
5056862886,-20.16663252,
5057462846,-20.66007471,
5058062806,-20.1292955,
5058662766,-20.78510682,
5059262726,-20.30452638,
5059862686,-20.18196737,
5060462646,-20.63699105,
5061062606,-20.78785062,
5061662566,-20.54816472,
5062262526,-20.36425814,
5062862486,-20.44975814,
5063462446,-20.61634657,
5064062406,-20.90237055,
5064662366,-20.92188459,
5065262326,-20.08945236,
5065862286,-20.59985662,
5066462246,-20.70514774,
5067062206,-20.69352635,
5067662166,-20.78012767,
5068262126,-20.57725351,
5068862086,-20.81219241,
5069462046,-20.4765563,
5070062006,-21.15265021,
5070661966,-20.57810025,
5071261926,-21.16144672,
5071861886,-20.45450046,
5072461846,-20.70337656,
5073061806,-20.71426631,
5073661766,-20.30635901,
5074261726,-21.03414489,
5074861686,-20.98049092,
5075461646,-20.83581127,
5076061606,-21.6919056,
5076661566,-21.07276695,
5077261526,-21.18354001,
5077861485,-21.29100477,
5078461445,-20.53081237,
5079061405,-20.88349511,
5079661365,-21.4948149,
5080261325,-21.07389565,
5080861285,-20.42303367,
5081461245,-21.03284064,
5082061205,-21.64003746,
5082661165,-21.35439069,
5083261125,-21.25725501,
5083861085,-20.99082504,
5084461045,-21.1440424,
5085061005,-21.13603707,
5085660965,-21.04369938,
5086260925,-21.10620366,
5086860885,-21.2494763,
5087460845,-21.18209148,
5088060805,-21.05729592,
5088660765,-21.31177865,
5089260725,-21.30365415,
5089860685,-21.10166778,
5090460645,-20.98857359,
5091060605,-21.40599715,
5091660565,-21.38409652,
5092260525,-21.39373259,
5092860485,-21.28272513,
5093460445,-21.51677878,
5094060405,-21.40070453,
5094660365,-21.20795126,
5095260325,-21.44200501,
5095860285,-20.96371728,
5096460245,-21.10183858,
5097060205,-21.56009584,
5097660165,-21.45075107,
5098260125,-21.68024169,
5098860085,-21.7468954,
5099460045,-21.23500657,
5100060005,-21.68317473,
5100659965,-21.66534931,
5101259925,-21.39225294,
5101859885,-21.67117891,
5102459845,-21.61588201,
5103059805,-21.73702272,
5103659765,-21.66496636,
5104259725,-21.67389581,
5104859685,-21.82177551,
5105459645,-21.62837546,
5106059605,-21.91796708,
5106659565,-22.03880493,
5107259525,-22.32121607,
5107859485,-21.65589795,
5108459445,-21.76304428,
5109059405,-21.95842723,
5109659365,-21.97532985,
5110259325,-22.2300298,
5110859285,-22.21522866,
5111459245,-21.72507726,
5112059205,-22.19585861,
5112659165,-21.67786569,
5113259125,-21.93834966,
5113859085,-21.91279542,
5114459045,-21.9622222,
5115059005,-21.71824384,
5115658965,-22.06092037,
5116258925,-22.29890631,
5116858885,-22.12492305,
5117458845,-21.93868438,
5118058805,-21.92048782,
5118658765,-22.33213676,
5119258725,-22.25163886,
5119858685,-22.13965713,
5120458645,-22.31029124,
5121058605,-22.47105445,
5121658565,-22.27546433,
5122258525,-22.67168574,
5122858485,-22.33332455,
5123458445,-22.04975341,
5124058405,-22.66361216,
5124658365,-22.23166279,
5125258325,-22.88365509,
5125858285,-22.46771292,
5126458245,-22.24328391,
5127058205,-22.26035164,
5127658165,-22.54762609,
5128258125,-22.62207417,
5128858085,-22.5055538,
5129458045,-22.41447838,
5130058005,-22.61644733,
5130657965,-22.91164025,
5131257925,-22.3488731,
5131857885,-22.52165476,
5132457845,-22.24147311,
5133057805,-23.00640683,
5133657765,-22.51001766,
5134257725,-22.47230778,
5134857685,-22.53862659,
5135457645,-22.81312574,
5136057605,-22.61327278,
5136657565,-23.04823221,
5137257525,-22.71918535,
5137857485,-22.95025266,
5138457445,-22.78909111,
5139057405,-22.28641423,
5139657365,-23.3544031,
5140257325,-22.97748377,
5140857285,-22.84986516,
5141457245,-22.34744695,
5142057205,-22.5518815,
5142657165,-22.70317425,
5143257125,-22.87717431,
5143857085,-23.23181953,
5144457045,-22.99738952,
5145057005,-22.58511236,
5145656965,-22.71583523,
5146256925,-23.77998881,
5146856885,-23.39286684,
5147456845,-22.70743918,
5148056805,-23.02395064,
5148656765,-23.30571952,
5149256725,-23.2632356,
5149856685,-23.36895901,
5150456645,-22.68101445,
5151056605,-23.18327877,
5151656565,-23.0785605,
5152256525,-22.82274184,
5152856485,-23.22721437,
5153456445,-22.41576848,
5154056405,-22.90240144,
5154656365,-22.95296908,
5155256325,-22.63567384,
5155856285,-22.85492542,
5156456245,-22.681639,
5157056205,-22.45172488,
5157656165,-22.41440555,
5158256125,-22.87283482,
5158856085,-22.27146393,
5159456045,-23.42464612,
5160056005,-22.44570591,
5160655965,-22.57909045,
5161255925,-22.95455425,
5161855885,-23.11639835,
5162455845,-23.48086755,
5163055805,-22.80526946,
5163655765,-23.22177627,
5164255725,-22.25442045,
5164855685,-22.77696954,
5165455645,-23.678702,
5166055605,-22.71133352,
5166655565,-22.97808802,
5167255525,-23.29940047,
5167855485,-23.26911934,
5168455445,-23.15460953,
5169055405,-23.40093043,
5169655365,-22.94997406,
5170255325,-23.50197612,
5170855285,-23.37550236,
5171455245,-22.64738092,
5172055205,-22.35774018,
5172655165,-22.31864208,
5173255125,-22.56995193,
5173855085,-23.23352111,
5174455045,-23.37003067,
5175055005,-22.95548758,
5175654965,-22.70542429,
5176254925,-22.90275292,
5176854885,-23.00058751,
5177454845,-22.77932718,
5178054805,-23.49333853,
5178654765,-23.01893038,
5179254725,-23.46226446,
5179854685,-22.82842026,
5180454645,-23.35499399,
5181054605,-22.94827003,
5181654565,-23.29182304,
5182254525,-22.91671698,
5182854485,-22.89187825,
5183454445,-23.30127671,
5184054405,-22.93847059,
5184654365,-22.84971644,
5185254325,-23.13693636,
5185854285,-22.49467337,
5186454245,-22.58855809,
5187054205,-23.17328658,
5187654165,-21.99509849,
5188254125,-22.26225271,
5188854085,-23.06542871,
5189454045,-22.79559741,
5190054005,-23.04687187,
5190653965,-23.45537823,
5191253925,-23.15737979,
5191853885,-22.51438024,
5192453845,-22.6628564,
5193053805,-22.3302617,
5193653765,-23.01836602,
5194253725,-23.10525399,
5194853685,-22.79471066,
5195453645,-23.16552239,
5196053605,-22.71083808,
5196653565,-22.04113917,
5197253525,-22.67293174,
5197853485,-22.63889385,
5198453445,-22.97579992,
5199053405,-22.62393585,
5199653365,-22.40052189,
5200253325,-22.71494775,
5200853285,-22.73982595,
5201453245,-22.63091732,
5202053205,-22.1393946,
5202653165,-22.46215534,
5203253125,-22.99684866,
5203853085,-22.60562499,
5204453045,-22.35814998,
5205053005,-22.60836247,
5205652965,-22.37224767,
5206252925,-22.03484893,
5206852885,-22.85697327,
5207452845,-22.53958595,
5208052805,-22.57745288,
5208652765,-22.48520142,
5209252725,-22.51769728,
5209852685,-22.93266606,
5210452645,-21.80131889,
5211052605,-22.32255236,
5211652565,-21.79594444,
5212252525,-22.12366665,
5212852485,-22.37528192,
5213452445,-22.09819964,
5214052405,-22.00849317,
5214652365,-21.97754212,
5215252325,-22.02855234,
5215852285,-22.28649428,
5216452245,-22.28730837,
5217052205,-22.47463005,
5217652165,-21.88660751,
5218252125,-22.04438262,
5218852085,-22.27422149,
5219452045,-21.92477341,
5220052005,-21.7733952,
5220651965,-21.94078006,
5221251925,-22.06199327,
5221851885,-21.74112173,
5222451845,-21.74147741,
5223051805,-21.89746788,
5223651765,-21.7956768,
5224251725,-21.84171217,
5224851685,-21.87388511,
5225451645,-21.86410751,
5226051605,-21.89385474,
5226651565,-21.60875468,
5227251525,-21.57630404,
5227851485,-21.62184802,
5228451445,-21.26471747,
5229051405,-21.68271134,
5229651365,-21.53491079,
5230251325,-21.60977034,
5230851285,-21.01248487,
5231451244,-21.24759585,
5232051204,-21.66719517,
5232651164,-21.48060549,
5233251124,-21.48445788,
5233851084,-21.35360462,
5234451044,-21.49651428,
5235051004,-21.38952534,
5235650964,-21.00878783,
5236250924,-21.44581746,
5236850884,-21.46483721,
5237450844,-21.13378762,
5238050804,-21.27280241,
5238650764,-20.96450567,
5239250724,-21.06345266,
5239850684,-21.10192364,
5240450644,-21.11343979,
5241050604,-21.06789783,
5241650564,-20.86259759,
5242250524,-21.01219201,
5242850484,-20.92194147,
5243450444,-21.0794661,
5244050404,-20.81735497,
5244650364,-20.74002159,
5245250324,-20.60975431,
5245850284,-20.9080293,
5246450244,-20.6295447,
5247050204,-20.82262068,
5247650164,-20.75528665,
5248250124,-20.67965837,
5248850084,-20.92671853,
5249450044,-20.73054736,
5250050004,-20.78549884,
5250649964,-20.46965068,
5251249924,-20.39746517,
5251849884,-20.88184743,
5252449844,-20.67449692,
5253049804,-20.70593691,
5253649764,-20.36363705,
5254249724,-20.54229215,
5254849684,-20.3841894,
5255449644,-20.21057653,
5256049604,-20.25693242,
5256649564,-20.17178325,
5257249524,-20.50283776,
5257849484,-20.3211892,
5258449444,-20.54394498,
5259049404,-20.52425828,
5259649364,-20.23514124,
5260249324,-20.772027,
5260849284,-20.57972336,
5261449244,-20.77895956,
5262049204,-20.27856474,
5262649164,-19.9869882,
5263249124,-20.13779803,
5263849084,-20.67918217,
5264449044,-20.28326578,
5265049004,-20.27520798,
5265648964,-20.69241598,
5266248924,-20.21169602,
5266848884,-20.70233545,
5267448844,-20.1757443,
5268048804,-20.84072328,
5268648764,-19.79472714,
5269248724,-20.56211227,
5269848684,-19.90826718,
5270448644,-19.73893333,
5271048604,-19.81695371,
5271648564,-20.12802254,
5272248524,-20.29398845,
5272848484,-20.09347899,
5273448444,-20.52093078,
5274048404,-19.75424354,
5274648364,-19.93389405,
5275248324,-19.86723212,
5275848284,-19.86564282,
5276448244,-19.8971744,
5277048204,-20.04658414,
5277648164,-20.35772997,
5278248124,-20.2273948,
5278848084,-19.73571478,
5279448044,-19.55021101,
5280048004,-20.25327465,
5280647964,-19.55259631,
5281247924,-20.17216371,
5281847884,-19.84341996,
5282447844,-19.85304836,
5283047804,-20.3774418,
5283647764,-19.91878438,
5284247724,-19.77577294,
5284847684,-19.60204102,
5285447644,-20.22759406,
5286047604,-20.23695769,
5286647564,-20.04206085,
5287247524,-19.53466154,
5287847484,-20.36180689,
5288447444,-20.28185185,
5289047404,-19.84457477,
5289647364,-20.2792878,
5290247324,-20.46219501,
5290847284,-20.06965733,
5291447244,-20.50481167,
5292047204,-19.79845571,
5292647164,-20.27305682,
5293247124,-19.69455507,
5293847084,-20.16570926,
5294447044,-19.76485612,
5295047004,-19.54197614,
5295646964,-19.7787735,
5296246924,-19.99408371,
5296846884,-20.14260259,
5297446844,-20.06854141,
5298046804,-20.24476513,
5298646764,-19.71010951,
5299246724,-19.66481207,
5299846684,-19.78945967,
5300446644,-19.76239461,
5301046604,-19.9342706,
5301646564,-20.48907038,
5302246524,-19.72195227,
5302846484,-19.55054757,
5303446444,-20.08814809,
5304046404,-20.09162464,
5304646364,-20.50975551,
5305246324,-19.67011621,
5305846284,-19.97742248,
5306446244,-19.77691321,
5307046204,-19.97718725,
5307646164,-19.94432197,
5308246124,-20.25838477,
5308846084,-19.70737563,
5309446044,-19.84331596,
5310046004,-19.73574928,
5310645964,-20.07452664,
5311245924,-20.41900635,
5311845884,-20.41580836,
5312445844,-19.65320829,
5313045804,-20.45115736,
5313645764,-20.28165363,
5314245724,-20.21672317,
5314845684,-20.12874838,
5315445644,-20.49968004,
5316045604,-20.39782068,
5316645564,-20.15587866,
5317245524,-19.92361615,
5317845484,-20.58082765,
5318445444,-19.87599164,
5319045404,-20.42068621,
5319645364,-20.33074107,
5320245324,-19.85694289,
5320845284,-20.03271985,
5321445244,-20.14713067,
5322045204,-20.27953419,
5322645164,-20.4468365,
5323245124,-20.2458764,
5323845084,-20.24954577,
5324445044,-20.19347894,
5325045004,-20.71994429,
5325644964,-20.37475353,
5326244924,-20.52421028,
5326844884,-20.43892484,
5327444844,-20.43373051,
5328044804,-20.28844255,
5328644764,-20.35003403,
5329244724,-19.90785254,
5329844684,-20.26587965,
5330444644,-20.36222485,
5331044604,-20.49080372,
5331644564,-20.35152447,
5332244524,-20.29959528,
5332844484,-20.39579475,
5333444444,-20.53322175,
5334044404,-20.35404972,
5334644364,-20.61558472,
5335244324,-20.40937262,
5335844284,-20.82836389,
5336444244,-20.73886724,
5337044204,-20.77780144,
5337644164,-20.8222891,
5338244124,-20.6746302,
5338844084,-20.87894461,
5339444044,-20.93990972,
5340044004,-20.65493674,
5340643964,-20.69559894,
5341243924,-20.89080055,
5341843884,-20.73252299,
5342443844,-21.11204735,
5343043804,-20.77562996,
5343643764,-20.98683709,
5344243724,-21.16659994,
5344843684,-21.11294843,
5345443644,-21.28952962,
5346043604,-21.07047847,
5346643564,-21.09537915,
5347243524,-21.04897067,
5347843484,-21.61325811,
5348443444,-21.54962625,
5349043404,-21.10409012,
5349643364,-20.9432905,
5350243324,-21.59149006,
5350843284,-21.42715967,
5351443244,-20.9152402,
5352043204,-21.31530283,
5352643164,-21.42923935,
5353243124,-21.79056407,
5353843084,-21.25366377,
5354443044,-21.4837686,
5355043004,-21.73040718,
5355642964,-21.56706809,
5356242924,-21.48955287,
5356842884,-21.33875827,
5357442844,-21.73924222,
5358042804,-21.75714945,
5358642764,-22.0486561,
5359242724,-22.03023838,
5359842684,-21.89473804,
5360442644,-22.06028666,
5361042604,-21.9833741,
5361642564,-22.24049099,
5362242524,-22.08121269,
5362842484,-21.95551215,
5363442444,-22.39724695,
5364042404,-21.9011134,
5364642364,-22.46681875,
5365242324,-22.21637769,
5365842284,-22.42151261,
5366442244,-22.26035362,
5367042204,-21.35963167,
5367642164,-22.21502547,
5368242124,-22.50792183,
5368842084,-22.40793408,
5369442044,-22.50787995,
5370042004,-22.5982801,
5370641964,-22.19048492,
5371241924,-22.49095095,
5371841884,-22.19631873,
5372441844,-22.80717028,
5373041804,-22.89516047,
5373641764,-22.79932374,
5374241724,-22.88986207,
5374841684,-23.02377109,
5375441644,-22.62727289,
5376041604,-22.22748879,
5376641564,-23.17563775,
5377241524,-22.98356497,
5377841484,-22.50698939,
5378441444,-22.96608262,
5379041404,-22.72748969,
5379641364,-22.86860035,
5380241324,-22.65426723,
5380841284,-21.80937112,
5381441244,-23.42323965,
5382041204,-22.53412155,
5382641164,-22.91237952,
5383241124,-23.2887077,
5383841084,-23.6432032,
5384441044,-22.76239492,
5385041004,-23.40545069,
5385640963,-22.79647376,
5386240923,-22.91486814,
5386840883,-22.98077586,
5387440843,-23.07096202,
5388040803,-23.28194902,
5388640763,-22.34368844,
5389240723,-23.17977199,
5389840683,-23.16468682,
5390440643,-23.04193065,
5391040603,-22.89913976,
5391640563,-22.50820483,
5392240523,-22.92672546,
5392840483,-22.6821709,
5393440443,-23.68962093,
5394040403,-23.61243403,
5394640363,-23.0660694,
5395240323,-23.11692208,
5395840283,-23.17881932,
5396440243,-22.63864488,
5397040203,-23.53701794,
5397640163,-23.88684156,
5398240123,-23.41697186,
5398840083,-23.11135393,
5399440043,-22.48839726,
5400040003,-23.72708609,
5400639963,-22.57895092,
5401239923,-23.68430791,
5401839883,-22.78668039,
5402439843,-23.46997052,
5403039803,-22.39873741,
5403639763,-23.15763527,
5404239723,-23.60717013,
5404839683,-22.78283745,
5405439643,-23.08866082,
5406039603,-22.48800468,
5406639563,-23.15073664,
5407239523,-22.88275846,
5407839483,-22.54616441,
5408439443,-23.11806753,
5409039403,-22.3326255,
5409639363,-22.06916812,
5410239323,-23.145411,
5410839283,-24.38427466,
5411439243,-22.66162752,
5412039203,-22.74510828,
5412639163,-23.45359289,
5413239123,-22.75667626,
5413839083,-22.71161938,
5414439043,-23.15211814,
5415039003,-22.97079864,
5415638963,-22.60421255,
5416238923,-23.02354039,
5416838883,-23.26722695,
5417438843,-23.37279547,
5418038803,-23.36999547,
5418638763,-23.29847839,
5419238723,-23.16542911,
5419838683,-23.06629684,
5420438643,-22.82725418,
5421038603,-23.69261666,
5421638563,-23.45679213,
5422238523,-22.69398277,
5422838483,-23.28003013,
5423438443,-22.69417837,
5424038403,-23.19770322,
5424638363,-24.41273286,
5425238323,-23.28849408,
5425838283,-22.89114271,
5426438243,-23.54425133,
5427038203,-22.99400849,
5427638163,-23.87672076,
5428238123,-22.82645505,
5428838083,-23.53733258,
5429438043,-23.1444675,
5430038003,-23.73991102,
5430637963,-23.65884681,
5431237923,-23.71504853,
5431837883,-23.31484428,
5432437843,-23.29684153,
5433037803,-23.37094792,
5433637763,-23.15621741,
5434237723,-23.57700964,
5434837683,-23.28080166,
5435437643,-24.00589048,
5436037603,-23.71280551,
5436637563,-23.47759459,
5437237523,-23.97004994,
5437837483,-23.67957541,
5438437443,-24.31163955,
5439037403,-23.4016148,
5439637363,-24.14458584,
5440237323,-24.62180673,
5440837283,-23.63734816,
5441437243,-23.33509397,
5442037203,-25.09762417,
5442637163,-24.271486,
5443237123,-24.37499489,
5443837083,-23.08605246,
5444437043,-23.08163586,
5445037003,-24.54735515,
5445636963,-24.02824161,
5446236923,-23.8367022,
5446836883,-23.96505758,
5447436843,-23.82819029,
5448036803,-23.26807508,
5448636763,-24.06172373,
5449236723,-23.28021509,
5449836683,-22.84094963,
5450436643,-23.90704568,
5451036603,-23.61386265,
5451636563,-24.16300196,
5452236523,-24.06601158,
5452836483,-24.1274402,
5453436443,-23.29508906,
5454036403,-23.68992862,
5454636363,-24.05265496,
5455236323,-24.7071882,
5455836283,-24.33565311,
5456436243,-24.86404588,
5457036203,-25.09838628,
5457636163,-23.06512165,
5458236123,-23.45354002,
5458836083,-23.39205752,
5459436043,-25.38791937,
5460036003,-23.65884662,
5460635963,-23.99866524,
5461235923,-25.13779512,
5461835883,-24.18424429,
5462435843,-24.84254353,
5463035803,-25.17616962,
5463635763,-23.80454333,
5464235723,-23.71676916,
5464835683,-23.4140668,
5465435643,-24.0010823,
5466035603,-23.2383909,
5466635563,-23.10778082,
5467235523,-23.15357266,
5467835483,-23.36929941,
5468435443,-24.24853196,
5469035403,-23.31543084,
5469635363,-23.51195629,
5470235323,-22.86282272,
5470835283,-25.42236385,
5471435243,-24.22903112,
5472035203,-23.36609352,
5472635163,-23.89805517,
5473235123,-25.04802695,
5473835083,-23.39948127,
5474435043,-23.35462422,
5475035003,-22.95508777,
5475634963,-23.34034683,
5476234923,-23.7525641,
5476834883,-23.71787541,
5477434843,-24.01869479,
5478034803,-23.67938006,
5478634763,-23.70390855,
5479234723,-23.95473748,
5479834683,-22.76445588,
5480434643,-23.36362911,
5481034603,-23.22786719,
5481634563,-23.56256812,
5482234523,-22.9973545,
5482834483,-24.64189055,
5483434443,-22.95465494,
5484034403,-23.06806189,
5484634363,-22.78801733,
5485234323,-23.29927805,
5485834283,-22.95803621,
5486434243,-22.9168801,
5487034203,-22.55221812,
5487634163,-22.74698637,
5488234123,-22.75582047,
5488834083,-23.43958533,
5489434043,-22.71955639,
5490034003,-23.03151272,
5490633963,-22.40501838,
5491233923,-23.20147,
5491833883,-23.19982256,
5492433843,-22.53742895,
5493033803,-23.02959711,
5493633763,-22.73921171,
5494233723,-22.16445327,
5494833683,-22.90149356,
5495433643,-22.83933935,
5496033603,-22.84400153,
5496633563,-23.31212144,
5497233523,-24.06289877,
5497833483,-23.13979507,
5498433443,-22.86055007,
5499033403,-22.19685287,
5499633363,-22.28703786,
5500233323,-22.07189967,
5500833283,-22.0683392,
5501433243,-22.65630107,
5502033203,-21.87000168,
5502633163,-23.430504,
5503233123,-22.27480902,
5503833083,-22.26070103,
5504433043,-22.42580814,
5505033003,-22.31366706,
5505632963,-21.67113394,
5506232923,-22.22480625,
5506832883,-22.27734122,
5507432843,-21.98964396,
5508032803,-22.58505435,
5508632763,-22.34399571,
5509232723,-22.1129994,
5509832683,-22.46564022,
5510432643,-22.28750136,
5511032603,-22.03881165,
5511632563,-22.05616358,
5512232523,-22.57317606,
5512832483,-22.83358321,
5513432443,-22.2294158,
5514032403,-23.01963018,
5514632363,-22.02784632,
5515232323,-22.62546881,
5515832283,-22.99579308,
5516432243,-22.52164498,
5517032203,-22.18096647,
5517632163,-22.01596975,
5518232123,-22.08556839,
5518832083,-22.07836197,
5519432043,-22.16224847,
5520032003,-22.82213673,
5520631963,-22.37175523,
5521231923,-22.47376664,
5521831883,-22.21060138,
5522431843,-22.34778097,
5523031803,-22.14313974,
5523631763,-21.54074212,
5524231723,-21.73202467,
5524831683,-21.79300023,
5525431643,-21.99358542,
5526031603,-21.89353612,
5526631563,-21.6105939,
5527231523,-22.11325031,
5527831483,-22.58066779,
5528431443,-22.18422554,
5529031403,-22.10481653,
5529631363,-21.88888867,
5530231323,-21.7499647,
5530831283,-21.58332727,
5531431243,-21.95011893,
5532031203,-21.9524419,
5532631163,-20.99253342,
5533231123,-21.44250607,
5533831083,-21.84731389,
5534431043,-21.9261775,
5535031003,-21.52566371,
5535630963,-21.52874766,
5536230923,-21.32553192,
5536830883,-21.1126676,
5537430843,-21.85174485,
5538030803,-21.79453259,
5538630763,-22.12731451,
5539230722,-21.57014123,
5539830682,-21.43526317,
5540430642,-22.06579833,
5541030602,-21.10514548,
5541630562,-21.46158076,
5542230522,-21.45787838,
5542830482,-21.69857832,
5543430442,-20.75942673,
5544030402,-21.39302454,
5544630362,-21.3644379,
5545230322,-21.39623658,
5545830282,-20.63625955,
5546430242,-21.51988052,
5547030202,-21.50332903,
5547630162,-21.3687375,
5548230122,-21.17580995,
5548830082,-21.09486242,
5549430042,-21.00932064,
5550030002,-20.89806722,
5550629962,-21.19989721,
5551229922,-21.34572837,
5551829882,-20.67299374,
5552429842,-21.49611561,
5553029802,-20.7265578,
5553629762,-21.56694091,
5554229722,-21.16217888,
5554829682,-20.86306123,
5555429642,-20.69564618,
5556029602,-20.78150013,
5556629562,-20.73956248,
5557229522,-20.8923629,
5557829482,-20.62863395,
5558429442,-20.99209485,
5559029402,-20.23463373,
5559629362,-20.91564369,
5560229322,-20.12836114,
5560829282,-20.71627974,
5561429242,-20.80581148,
5562029202,-20.18762104,
5562629162,-21.05200705,
5563229122,-20.55807637,
5563829082,-20.60352235,
5564429042,-20.43332717,
5565029002,-20.82417206,
5565628962,-20.61953154,
5566228922,-20.31608221,
5566828882,-20.28430122,
5567428842,-20.6219364,
5568028802,-20.21507208,
5568628762,-20.18016681,
5569228722,-20.57153708,
5569828682,-19.95282023,
5570428642,-20.54952604,
5571028602,-20.37713036,
5571628562,-20.13328578,
5572228522,-20.08683915,
5572828482,-20.14397175,
5573428442,-19.90076446,
5574028402,-19.84118295,
5574628362,-20.13064123,
5575228322,-20.22749627,
5575828282,-20.05607766,
5576428242,-19.94707607,
5577028202,-20.21269588,
5577628162,-20.00609556,
5578228122,-20.05159091,
5578828082,-20.12184868,
5579428042,-20.23248505,
5580028002,-19.38368495,
5580627962,-20.56090557,
5581227922,-20.00879107,
5581827882,-20.23631449,
5582427842,-19.88863115,
5583027802,-20.27814513,
5583627762,-19.88916898,
5584227722,-19.94418397,
5584827682,-20.08736239,
5585427642,-20.01668814,
5586027602,-19.95110293,
5586627562,-19.90328682,
5587227522,-19.98513748,
5587827482,-19.82066985,
5588427442,-19.74258718,
5589027402,-20.08433385,
5589627362,-20.0661264,
5590227322,-19.9173283,
5590827282,-19.89262913,
5591427242,-20.19513539,
5592027202,-20.0149181,
5592627162,-20.07265257,
5593227122,-19.94820173,
5593827082,-20.32063011,
5594427042,-20.48729426,
5595027002,-20.0400153,
5595626962,-19.8080977,
5596226922,-19.64299623,
5596826882,-20.14302305,
5597426842,-20.26646207,
5598026802,-20.18957902,
5598626762,-19.53043788,
5599226722,-19.99797664,
5599826682,-19.93402203,
5600426642,-19.85349649,
5601026602,-19.95818396,
5601626562,-20.02255332,
5602226522,-20.54462128,
5602826482,-20.14549925,
5603426442,-20.02987462,
5604026402,-20.02515464,
5604626362,-20.02588632,
5605226322,-19.76807042,
5605826282,-20.19246823,
5606426242,-20.03237786,
5607026202,-20.36555359,
5607626162,-20.01833398,
5608226122,-20.521533,
5608826082,-20.55684524,
5609426042,-20.25839468,
5610026002,-20.39575141,
5610625962,-20.25331221,
5611225922,-19.90092392,
5611825882,-19.90408572,
5612425842,-20.41143598,
5613025802,-20.71436704,
5613625762,-20.60129813,
5614225722,-20.42446511,
5614825682,-20.06771398,
5615425642,-20.00348518,
5616025602,-19.736426,
5616625562,-20.42229213,
5617225522,-20.67437071,
5617825482,-20.14265645,
5618425442,-20.24305565,
5619025402,-20.46419689,
5619625362,-20.21007431,
5620225322,-20.60843956,
5620825282,-20.0391433,
5621425242,-20.54238855,
5622025202,-20.79716267,
5622625162,-21.14638041,
5623225122,-20.87021495,
5623825082,-20.66096841,
5624425042,-20.64438615,
5625025002,-20.91956718,
5625624962,-20.37614119,
5626224922,-20.12312406,
5626824882,-20.75800869,
5627424842,-20.4694655,
5628024802,-20.68436951,
5628624762,-20.7324946,
5629224722,-20.69156307,
5629824682,-21.69537224,
5630424642,-21.18444179,
5631024602,-21.15103787,
5631624562,-21.11323529,
5632224522,-21.29135619,
5632824482,-20.57240834,
5633424442,-21.06077914,
5634024402,-20.98436733,
5634624362,-21.01250721,
5635224322,-20.71803476,
5635824282,-21.30048643,
5636424242,-21.44743619,
5637024202,-21.80309231,
5637624162,-21.81203989,
5638224122,-20.97863431,
5638824082,-21.50702433,
5639424042,-21.40849609,
5640024002,-21.37457063,
5640623962,-21.69877915,
5641223922,-21.71771446,
5641823882,-21.63423947,
5642423842,-20.95651846,
5643023802,-20.88142934,
5643623762,-20.99328531,
5644223722,-21.45608586,
5644823682,-21.3021231,
5645423642,-20.6496411,
5646023602,-22.13672255,
5646623562,-21.72396589,
5647223522,-21.17909647,
5647823482,-20.93915375,
5648423442,-21.08766547,
5649023402,-21.37891061,
5649623362,-21.7513056,
5650223322,-22.17647629,
5650823282,-22.01353962,
5651423242,-22.00986824,
5652023202,-21.64972659,
5652623162,-21.64701228,
5653223122,-21.5631653,
5653823082,-21.63356878,
5654423042,-22.00316729,
5655023002,-22.39370597,
5655622962,-21.7610338,
5656222922,-21.98986,
5656822882,-22.47233208,
5657422842,-21.37343993,
5658022802,-22.54256714,
5658622762,-21.75482858,
5659222722,-21.70944339,
5659822682,-22.01586246,
5660422642,-21.55004869,
5661022602,-22.48564728,
5661622562,-20.91715136,
5662222522,-21.49399312,
5662822482,-21.5728415,
5663422442,-21.44211031,
5664022402,-21.88755174,
5664622362,-22.14346634,
5665222322,-21.43475221,
5665822282,-21.68923215,
5666422242,-22.12228016,
5667022202,-21.56619714,
5667622162,-22.23258096,
5668222122,-21.35159424,
5668822082,-21.79111528,
5669422042,-21.86899327,
5670022002,-22.77534541,
5670621962,-21.90587257,
5671221922,-21.67346839,
5671821882,-22.35974474,
5672421842,-22.10801435,
5673021802,-22.14282436,
5673621762,-23.41833749,
5674221722,-22.71919415,
5674821682,-22.72395294,
5675421642,-22.37993664,
5676021602,-22.29102285,
5676621562,-22.64685685,
5677221522,-23.06503971,
5677821482,-21.88398624,
5678421442,-22.44735538,
5679021402,-22.73061705,
5679621362,-22.29643533,
5680221322,-22.08254763,
5680821282,-22.32562722,
5681421242,-22.20097308,
5682021202,-22.32593605,
5682621162,-21.61015989,
5683221122,-23.16754802,
5683821082,-23.0048812,
5684421042,-21.93610771,
5685021002,-22.88553686,
5685620962,-23.60524902,
5686220922,-23.89581063,
5686820882,-22.88908664,
5687420842,-23.51805482,
5688020802,-24.94640047,
5688620762,-23.24440506,
5689220722,-24.45945593,
5689820682,-22.54115732,
5690420642,-24.49429009,
5691020602,-23.08988694,
5691620562,-24.5753611,
5692220522,-22.81404175,
5692820481,-24.65669298,
5693420441,-24.75600479,
5694020401,-23.00327304,
5694620361,-23.70413649,
5695220321,-24.62214469,
5695820281,-24.32925761,
5696420241,-24.67136025,
5697020201,-23.27360784,
5697620161,-24.88423481,
5698220121,-23.46711576,
5698820081,-23.92062162,
5699420041,-26.19796082,
5700020001,-23.09607733,
5700619961,-24.24703311,
5701219921,-24.18344381,
5701819881,-24.9199677,
5702419841,-24.02477265,
5703019801,-25.64650305,
5703619761,-24.42097558,
5704219721,-24.78607009,
5704819681,-22.34203489,
5705419641,-26.30376393,
5706019601,-25.30883502,
5706619561,-25.24510249,
5707219521,-25.48758136,
5707819481,-24.05872025,
5708419441,-23.86388738,
5709019401,-25.64245162,
5709619361,-24.82261705,
5710219321,-25.28667798,
5710819281,-24.81914435,
5711419241,-24.41877369,
5712019201,-23.00932386,
5712619161,-24.00212709,
5713219121,-26.11892476,
5713819081,-23.86694454,
5714419041,-24.55737293,
5715019001,-24.01743661,
5715618961,-25.81461106,
5716218921,-25.05196903,
5716818881,-24.43598002,
5717418841,-24.42001703,
5718018801,-24.19043177,
5718618761,-25.10761783,
5719218721,-25.20459406,
5719818681,-24.66502329,
5720418641,-25.09012988,
5721018601,-24.47409273,
5721618561,-25.67025096,
5722218521,-26.7931279,
5722818481,-25.80215445,
5723418441,-25.67210824,
5724018401,-26.74507125,
5724618361,-25.04441188,
5725218321,-26.93212378,
5725818281,-28.06925135,
5726418241,-26.76032708,
5727018201,-25.12734162,
5727618161,-26.79588045,
5728218121,-25.46818309,
5728818081,-25.40909097,
5729418041,-26.24929336,
5730018001,-26.91281167,
5730617961,-27.08952853,
5731217921,-26.34648876,
5731817881,-29.44392124,
5732417841,-28.07755765,
5733017801,-26.47543497,
5733617761,-27.04982711,
5734217721,-27.06560903,
5734817681,-28.79998901,
5735417641,-26.15854357,
5736017601,-27.72805867,
5736617561,-26.22384627,
5737217521,-26.26735904,
5737817481,-26.49097954,
5738417441,-25.65154763,
5739017401,-27.62226579,
5739617361,-27.61372251,
5740217321,-27.10165452,
5740817281,-25.46160982,
5741417241,-26.55662677,
5742017201,-29.22775222,
5742617161,-28.37750967,
5743217121,-26.20397615,
5743817081,-25.81471017,
5744417041,-25.6122687,
5745017001,-25.99494796,
5745616961,-27.35936151,
5746216921,-27.46522817,
5746816881,-24.2223508,
5747416841,-27.56626138,
5748016801,-25.39670081,
5748616761,-24.70073833,
5749216721,-28.30647072,
5749816681,-28.28851884,
5750416641,-26.97120584,
5751016601,-25.10753741,
5751616561,-25.54584196,
5752216521,-26.29156082,
5752816481,-25.53532833,
5753416441,-27.71102091,
5754016401,-26.23677625,
5754616361,-26.40617172,
5755216321,-25.56307448,
5755816281,-24.62814256,
5756416241,-26.00086837,
5757016201,-26.11971942,
5757616161,-27.94926256,
5758216121,-25.04573714,
5758816081,-26.19612125,
5759416041,-26.16173905,
5760016001,-27.14498539,
5760615961,-26.62264687,
5761215921,-26.53221618,
5761815881,-28.56524576,
5762415841,-27.47343235,
5763015801,-24.32911788,
5763615761,-25.3318302,
5764215721,-25.13956097,
5764815681,-27.18669932,
5765415641,-24.95820923,
5766015601,-23.97666752,
5766615561,-27.94232749,
5767215521,-25.91651877,
5767815481,-26.55208002,
5768415441,-25.48270523,
5769015401,-25.86974633,
5769615361,-26.72357042,
5770215321,-24.62032189,
5770815281,-24.97634131,
5771415241,-26.30632721,
5772015201,-25.65743455,
5772615161,-24.87768511,
5773215121,-26.4498604,
5773815081,-27.11238249,
5774415041,-25.94134213,
5775015001,-24.63883801,
5775614961,-27.98610349,
5776214921,-24.65883437,
5776814881,-25.31984021,
5777414841,-24.01547386,
5778014801,-24.90402942,
5778614761,-28.68083144,
5779214721,-25.85622221,
5779814681,-24.26243198,
5780414641,-25.67294616,
5781014601,-24.1334295,
5781614561,-24.2425391,
5782214521,-23.8435541,
5782814481,-26.1378271,
5783414441,-23.41810591,
5784014401,-26.57999603,
5784614361,-25.40244375,
5785214321,-24.76422729,
5785814281,-24.73874144,
5786414241,-25.01784324,
5787014201,-24.55605815,
5787614161,-27.53104463,
5788214121,-24.2684737,
5788814081,-25.00773235,
5789414041,-26.11797347,
5790014001,-26.21449752,
5790613961,-27.31701453,
5791213921,-26.20684483,
5791813881,-24.24085928,
5792413841,-23.06115535,
5793013801,-24.50048826,
5793613761,-24.53799834,
5794213721,-23.8315636,
5794813681,-25.52545499,
5795413641,-24.90152958,
5796013601,-23.56986112,
5796613561,-23.77377836,
5797213521,-25.03342449,
5797813481,-25.89592561,
5798413441,-23.45393536,
5799013401,-24.43046097,
5799613361,-24.63219097,
5800213321,-24.06715967,
5800813281,-22.82052496,
5801413241,-23.37916558,
5802013201,-23.79294059,
5802613161,-24.46939981,
5803213121,-24.12363489,
5803813081,-23.67470171,
5804413041,-23.85557391,
5805013001,-23.59180212,
5805612961,-24.31070195,
5806212921,-23.65582638,
5806812881,-23.89644692,
5807412841,-22.95735431,
5808012801,-23.96067537,
5808612761,-23.14297486,
5809212721,-23.15707457,
5809812681,-22.95044386,
5810412641,-22.92004174,
5811012601,-22.32979358,
5811612561,-23.36788207,
5812212521,-22.14686506,
5812812481,-23.14360695,
5813412441,-23.94480226,
5814012401,-23.07495079,
5814612361,-21.87346399,
5815212321,-23.2237846,
5815812281,-23.65199624,
5816412241,-24.05425296,
5817012201,-22.04126046,
5817612161,-22.40153707,
5818212121,-23.23974402,
5818812081,-21.85336777,
5819412041,-22.14663336,
5820012001,-22.41973952,
5820611961,-22.29653655,
5821211921,-22.28574706,
5821811881,-21.98280183,
5822411841,-21.56669865,
5823011801,-22.19423379,
5823611761,-22.07019004,
5824211721,-22.14361885,
5824811681,-21.57288933,
5825411641,-22.67188815,
5826011601,-22.29981984,
5826611561,-21.45082936,
5827211521,-22.73582105,
5827811481,-21.55999251,
5828411441,-21.78090359,
5829011401,-21.46474374,
5829611361,-21.7266128,
5830211321,-21.54844398,
5830811281,-22.26852768,
5831411241,-21.38281164,
5832011201,-21.14312396,
5832611161,-21.54508518,
5833211121,-21.93669178,
5833811081,-21.94007593,
5834411041,-20.71054853,
5835011001,-21.51257474,
5835610961,-22.22666017,
5836210921,-21.14955834,
5836810881,-20.84273855,
5837410841,-21.4121948,
5838010801,-20.89758261,
5838610761,-21.34053897,
5839210721,-21.49257874,
5839810681,-21.5925442,
5840410641,-21.95663153,
5841010601,-21.57877207,
5841610561,-21.35361871,
5842210521,-21.89609353,
5842810481,-22.79903009,
5843410441,-21.84195309,
5844010401,-21.7127782,
5844610361,-21.54497709,
5845210321,-22.25768683,
5845810281,-21.98686826,
5846410240,-21.59953758,
5847010200,-21.45989381,
5847610160,-21.36171991,
5848210120,-21.99574289,
5848810080,-21.81080327,
5849410040,-21.46012711,
5850010000,-21.94107068,
5850609960,-21.48186326,
5851209920,-21.18426611,
5851809880,-21.13138493,
5852409840,-21.19860363,
5853009800,-21.38534879,
5853609760,-21.59945648,
5854209720,-21.53465288,
5854809680,-21.62447133,
5855409640,-21.50869815,
5856009600,-20.96902017,
5856609560,-20.68956231,
5857209520,-20.79450576,
5857809480,-21.75116234,
5858409440,-20.20297845,
5859009400,-21.09815756,
5859609360,-21.45670176,
5860209320,-21.71963372,
5860809280,-21.4492369,
5861409240,-20.35574872,
5862009200,-20.66160353,
5862609160,-20.97599687,
5863209120,-21.28961028,
5863809080,-20.86262909,
5864409040,-21.02734125,
5865009000,-20.09520064,
5865608960,-21.26873624,
5866208920,-21.44748769,
5866808880,-21.12146059,
5867408840,-20.88834065,
5868008800,-20.10265208,
5868608760,-21.12402172,
5869208720,-20.41382642,
5869808680,-20.20748206,
5870408640,-20.87428617,
5871008600,-20.26260918,
5871608560,-19.95029313,
5872208520,-20.13112546,
5872808480,-20.99494862,
5873408440,-20.38950449,
5874008400,-20.29711773,
5874608360,-20.54999417,
5875208320,-20.62244698,
5875808280,-21.48517711,
5876408240,-21.11449524,
5877008200,-20.52128446,
5877608160,-20.50494073,
5878208120,-20.94733739,
5878808080,-20.5037486,
5879408040,-20.29774893,
5880008000,-21.32317373,
5880607960,-20.96940659,
5881207920,-20.4626712,
5881807880,-20.37261908,
5882407840,-19.45916445,
5883007800,-20.54021372,
5883607760,-21.03433345,
5884207720,-20.15596017,
5884807680,-20.28298514,
5885407640,-20.04703363,
5886007600,-20.70777804,
5886607560,-20.51482508,
5887207520,-20.41166737,
5887807480,-20.96616531,
5888407440,-19.39943493,
5889007400,-20.27656429,
5889607360,-20.4077858,
5890207320,-20.38367795,
5890807280,-21.05463746,
5891407240,-20.97604705,
5892007200,-20.5025889,
5892607160,-19.75223785,
5893207120,-20.61047431,
5893807080,-21.16540103,
5894407040,-20.40337314,
5895007000,-20.81332415,
5895606960,-20.87991347,
5896206920,-20.39827635,
5896806880,-20.65310501,
5897406840,-20.91816974,
5898006800,-20.13024285,
5898606760,-20.56399313,
5899206720,-21.23861233,
5899806680,-20.48497774,
5900406640,-19.96385293,
5901006600,-20.92251627,
5901606560,-20.57287495,
5902206520,-20.59053759,
5902806480,-20.57619619,
5903406440,-19.97756863,
5904006400,-20.69599816,
5904606360,-20.53133629,
5905206320,-20.14646509,
5905806280,-21.21630241,
5906406240,-20.48304176,
5907006200,-20.16321219,
5907606160,-20.87394059,
5908206120,-20.32632215,
5908806080,-20.93786322,
5909406040,-20.77378597,
5910006000,-20.35217887,
5910605960,-20.67726794,
5911205920,-21.01397126,
5911805880,-20.62542537,
5912405840,-20.24181555,
5913005800,-20.31581053,
5913605760,-20.43031678,
5914205720,-20.20509629,
5914805680,-20.72699443,
5915405640,-21.49193578,
5916005600,-20.51207238,
5916605560,-21.3688973,
5917205520,-20.51979754,
5917805480,-20.89029858,
5918405440,-20.9400908,
5919005400,-20.04149776,
5919605360,-20.78536536,
5920205320,-21.27089859,
5920805280,-21.2763544,
5921405240,-21.28826694,
5922005200,-19.98221385,
5922605160,-20.88669153,
5923205120,-20.67111518,
5923805080,-21.07068668,
5924405040,-20.33168938,
5925005000,-21.19196597,
5925604960,-21.1131654,
5926204920,-20.73760978,
5926804880,-20.71345265,
5927404840,-20.82202867,
5928004800,-21.34824721,
5928604760,-21.178277,
5929204720,-21.25093318,
5929804680,-20.66679125,
5930404640,-21.11986781,
5931004600,-21.43230265,
5931604560,-21.36712552,
5932204520,-21.45943534,
5932804480,-21.13273382,
5933404440,-21.62986943,
5934004400,-21.64913951,
5934604360,-21.28584401,
5935204320,-21.31852502,
5935804280,-21.50357185,
5936404240,-21.30311503,
5937004200,-21.67901842,
5937604160,-20.66214975,
5938204120,-21.506608,
5938804080,-21.58104343,
5939404040,-22.08647519,
5940004000,-21.45562916,
5940603960,-20.65936707,
5941203920,-21.51312553,
5941803880,-21.32512116,
5942403840,-21.68699561,
5943003800,-21.82932068,
5943603760,-20.90300848,
5944203720,-21.47961914,
5944803680,-21.70196725,
5945403640,-21.08336887,
5946003600,-21.27273901,
5946603560,-21.19842641,
5947203520,-22.35652563,
5947803480,-21.29284595,
5948403440,-21.88519776,
5949003400,-22.24891752,
5949603360,-21.54716971,
5950203320,-20.95785918,
5950803280,-21.95153156,
5951403240,-22.43036997,
5952003200,-22.12323067,
5952603160,-21.31418789,
5953203120,-21.8598746,
5953803080,-21.679412,
5954403040,-21.28480853,
5955003000,-22.38439064,
5955602960,-22.95690377,
5956202920,-22.20406388,
5956802880,-21.59593097,
5957402840,-21.59828638,
5958002800,-21.69904101,
5958602760,-22.85791265,
5959202720,-22.51483678,
5959802680,-22.54968756,
5960402640,-22.17001388,
5961002600,-22.68562882,
5961602560,-21.49373826,
5962202520,-22.97657239,
5962802480,-22.4895276,
5963402440,-24.24827315,
5964002400,-24.02740028,
5964602360,-22.17024456,
5965202320,-22.92509404,
5965802280,-23.17609537,
5966402240,-22.25563908,
5967002200,-23.07190198,
5967602160,-24.77291909,
5968202120,-22.23002886,
5968802080,-23.33465893,
5969402040,-25.93971477,
5970002000,-22.47645561,
5970601960,-24.89036919,
5971201920,-23.65065077,
5971801880,-23.22577897,
5972401840,-23.21432093,
5973001800,-22.50501718,
5973601760,-24.08448038,
5974201720,-24.7725797,
5974801680,-22.65483653,
5975401640,-23.418845,
5976001600,-22.56602829,
5976601560,-22.83980742,
5977201520,-24.52513144,
5977801480,-25.48246989,
5978401440,-26.88556815,
5979001400,-23.49696685,
5979601360,-25.02773199,
5980201320,-25.97244976,
5980801280,-23.77278368,
5981401240,-24.38226461,
5982001200,-24.87687647,
5982601160,-23.93028178,
5983201120,-23.41017549,
5983801080,-25.14851299,
5984401040,-23.91817826,
5985001000,-24.6190262,
5985600960,-29.04547723,
5986200920,-27.27483921,
5986800880,-26.30757058,
5987400840,-25.43419118,
5988000800,-23.97676462,
5988600760,-25.96878586,
5989200720,-27.48269581,
5989800680,-25.25634057,
5990400640,-24.73389148,
5991000600,-27.27479176,
5991600560,-26.99468953,
5992200520,-26.67572065,
5992800480,-26.0631373,
5993400440,-26.33613509,
5994000400,-30.29790635,
5994600360,-27.23723751,
5995200320,-26.99666601,
5995800280,-28.34440742,
5996400240,-28.63689274,
5997000200,-27.05513881,
5997600160,-26.57561556,
5998200120,-29.04518515,
5998800080,-27.02477751,
5999400040,-27.83496293,
6000000000,-30.15289718,
