Frequency,S12_Magnitude,
1000000,-3.375049343,
1599959,-3.233897518,
2199919,-3.107070129,
2799879,-2.95281587,
3399839,-2.916198809,
3999799,-2.942125532,
4599759,-2.889423892,
5199719,-2.892279895,
5799679,-2.932320005,
6399639,-3.055319182,
6999599,-3.136603361,
7599559,-3.212825945,
8199519,-3.348339908,
8799479,-3.489926773,
9399439,-3.635026979,
9999399,-3.778592546,
10599359,-3.934692914,
11199319,-4.098872181,
11799279,-4.292040149,
12399239,-4.420250054,
12999199,-4.610066508,
13599159,-4.785979292,
14199119,-4.962255371,
14799079,-5.145300172,
15399039,-5.373930435,
15998999,-5.548819157,
16598959,-5.749402776,
17198919,-5.963608352,
17798879,-6.160902954,
18398839,-6.376551775,
18998799,-6.598172772,
19598759,-6.795655825,
20198719,-6.965910455,
20798679,-7.208542963,
21398639,-7.434470164,
21998599,-7.640885397,
22598559,-7.88632133,
23198519,-8.088697026,
23798479,-8.379502766,
24398439,-8.54883418,
24998399,-8.843845608,
25598359,-9.054707388,
26198319,-9.30850726,
26798279,-9.600103758,
27398239,-9.842894783,
27998199,-10.08834384,
28598159,-10.35707463,
29198119,-10.64369753,
29798079,-10.91247343,
30398039,-11.21210858,
30997999,-11.47334937,
31597959,-11.81418058,
32197919,-12.13084682,
32797879,-12.43962247,
33397839,-12.76536681,
33997799,-13.09855094,
34597759,-13.4678443,
35197719,-13.79413978,
35797679,-14.15275881,
36397639,-14.49831431,
36997599,-14.94350891,
37597559,-15.42654095,
38197519,-15.68593886,
38797479,-16.11239901,
39397439,-16.6527029,
39997399,-17.2439179,
40597359,-17.66380416,
41197319,-18.27600863,
41797279,-18.87092517,
42397239,-19.40180419,
42997199,-20.0235761,
43597159,-20.83850643,
44197119,-21.44695914,
44797079,-22.35651989,
45397039,-22.95207121,
45996999,-23.77748771,
46596959,-24.71130065,
47196919,-25.72063653,
47796879,-26.73470749,
48396839,-27.37106835,
48996799,-28.13025657,
49596759,-28.9598358,
50196719,-28.89322842,
50796679,-28.10596713,
51396639,-27.95199401,
51996599,-27.27854231,
52596559,-26.78982383,
53196519,-25.6188407,
53796479,-24.68444353,
54396439,-23.77726609,
54996399,-22.84677411,
55596359,-22.13025567,
56196319,-21.3770631,
56796279,-20.67609155,
57396239,-20.02824558,
57996199,-19.43132492,
58596159,-18.85042549,
59196119,-18.32802835,
59796079,-17.84874468,
60396039,-17.51518431,
60995999,-17.00654667,
61595959,-16.62710877,
62195919,-16.16817539,
62795879,-15.84795529,
63395839,-15.41940715,
63995799,-15.19554462,
64595759,-14.8001877,
65195719,-14.48104705,
65795679,-14.1768091,
66395639,-13.88413348,
66995599,-13.68831838,
67595559,-13.33483305,
68195519,-12.99046092,
68795479,-12.8636368,
69395439,-12.58574234,
69995399,-12.3492443,
70595359,-12.1249372,
71195319,-11.93131196,
71795279,-11.71223172,
72395239,-11.49267156,
72995199,-11.31412948,
73595159,-11.13583998,
74195119,-10.94049163,
74795079,-10.77129536,
75395039,-10.57095723,
75994999,-10.43097465,
76594959,-10.27653665,
77194919,-10.12629133,
77794879,-9.965004288,
78394839,-9.80632965,
78994799,-9.669498898,
79594759,-9.500567136,
80194719,-9.424701999,
80794679,-9.284795062,
81394639,-9.178787507,
81994599,-9.023762486,
82594559,-8.929484088,
83194519,-8.816845127,
83794479,-8.707192038,
84394439,-8.587307673,
84994399,-8.496314224,
85594359,-8.43843988,
86194319,-8.285754432,
86794279,-8.206089182,
87394239,-8.112768566,
87994199,-8.025462142,
88594159,-7.944953073,
89194119,-7.873218879,
89794079,-7.747931446,
90394039,-7.728672645,
90993999,-7.6444145,
91593959,-7.590734648,
92193919,-7.481375097,
92793879,-7.438874789,
93393839,-7.381683993,
93993799,-7.289593094,
94593759,-7.248900866,
95193719,-7.17515053,
95793679,-7.106126575,
96393639,-7.05698806,
96993599,-7.001570045,
97593559,-6.949201372,
98193519,-6.897430912,
98793479,-6.84769208,
99393439,-6.798990528,
99993399,-6.751091727,
100593359,-6.705263749,
101193319,-6.659812439,
101793279,-6.574362824,
102393239,-6.599807688,
102993199,-6.535091056,
103593159,-6.496920904,
104193119,-6.458434973,
104793079,-6.447831395,
105393039,-6.379381535,
105992999,-6.352684129,
106592959,-6.343418622,
107192919,-6.286871883,
107792879,-6.255115537,
108392839,-6.221139539,
108992799,-6.194487278,
109592759,-6.143699995,
110192719,-6.143759392,
110792679,-6.104410554,
111392639,-6.071566063,
111992599,-6.053015574,
112592559,-6.065281275,
113192519,-6.064441285,
113792479,-5.98012727,
114392439,-5.959100667,
114992399,-5.956157619,
115592359,-5.933363566,
116192319,-5.894847745,
116792279,-5.906475656,
117392239,-5.855749023,
117992199,-5.854757087,
118592159,-5.821107071,
119192119,-5.803532442,
119792079,-5.781999744,
120392039,-5.796968709,
120991999,-5.718387847,
121591959,-5.733129466,
122191919,-5.729948727,
122791879,-5.691753817,
123391839,-5.703870159,
123991799,-5.668617683,
124591759,-5.655754562,
125191719,-5.680125746,
125791679,-5.655574909,
126391639,-5.645811739,
126991599,-5.630627606,
127591559,-5.626749633,
128191519,-5.627484384,
128791479,-5.608986629,
129391439,-5.611282447,
129991399,-5.59352305,
130591359,-5.604256028,
131191319,-5.57848913,
131791279,-5.627885734,
132391239,-5.565266391,
132991199,-5.542479562,
133591159,-5.551670877,
134191119,-5.573926385,
134791079,-5.542427125,
135391039,-5.533743601,
135990999,-5.534556912,
136590959,-5.526254295,
137190919,-5.533091708,
137790879,-5.526351668,
138390839,-5.521681976,
138990799,-5.547182073,
139590759,-5.528702348,
140190719,-5.515820598,
140790679,-5.512262053,
141390639,-5.519840454,
141990599,-5.494637437,
142590559,-5.499784461,
143190519,-5.494108678,
143790479,-5.48961839,
144390438,-5.500827086,
144990398,-5.477125139,
145590358,-5.471508137,
146190318,-5.488852328,
146790278,-5.459931532,
147390238,-5.473820692,
147990198,-5.463099485,
148590158,-5.48038717,
149190118,-5.476513999,
149790078,-5.476966929,
150390038,-5.455306531,
150989998,-5.449048044,
151589958,-5.46214225,
152189918,-5.412905287,
152789878,-5.425295931,
153389838,-5.445361546,
153989798,-5.419559544,
154589758,-5.417515953,
155189718,-5.415151651,
155789678,-5.441510191,
156389638,-5.417549175,
156989598,-5.401461314,
157589558,-5.363391018,
158189518,-5.405776722,
158789478,-5.40462963,
159389438,-5.40287744,
159989398,-5.436269916,
160589358,-5.368040068,
161189318,-5.402349679,
161789278,-5.402325723,
162389238,-5.38667378,
162989198,-5.402483042,
163589158,-5.403784461,
164189118,-5.404923373,
164789078,-5.372021544,
165389038,-5.384821545,
165988998,-5.35969101,
166588958,-5.456350395,
167188918,-5.39397052,
167788878,-5.404873258,
168388838,-5.405464213,
168988798,-5.406828836,
169588758,-5.407393185,
170188718,-5.409375898,
170788678,-5.454050766,
171388638,-5.409161501,
171988598,-5.408193612,
172588558,-5.416687707,
173188518,-5.402335404,
173788478,-5.34880955,
174388438,-5.404753583,
174988398,-5.404014422,
175588358,-5.404312211,
176188318,-5.405542956,
176788278,-5.402487243,
177388238,-5.401819427,
177988198,-5.401285825,
178588158,-5.40079651,
179188118,-5.384614949,
179788078,-5.410114984,
180388038,-5.393940451,
180987998,-5.426983335,
181587958,-5.386947561,
182187918,-5.432803262,
182787878,-5.39772148,
183387838,-5.402811828,
183987798,-5.413370289,
184587758,-5.378257767,
185187718,-5.399450998,
185787678,-5.395652984,
186387638,-5.39266205,
186987598,-5.364696692,
187587558,-5.37118789,
188187518,-5.351323488,
188787478,-5.38243078,
189387438,-5.373488267,
189987398,-5.352508833,
190587358,-5.346313112,
191187318,-5.316734434,
191787278,-5.333991168,
192387238,-5.341717159,
192987198,-5.299952329,
193587158,-5.3430059,
194187118,-5.314531293,
194787078,-5.278025198,
195387038,-5.286179648,
195986998,-5.30241663,
196586958,-5.296746565,
197186918,-5.315806374,
197786878,-5.277206878,
198386838,-5.257416364,
198986798,-5.281832792,
199586758,-5.276361178,
200186718,-5.281167228,
200786678,-5.267603722,
201386638,-5.262815602,
201986598,-5.267904666,
202586558,-5.254880969,
203186518,-5.250465903,
203786478,-5.246142292,
204386438,-5.239191247,
204986398,-5.239036982,
205586358,-5.235090509,
206186318,-5.177613896,
206786278,-5.213206921,
207386238,-5.226794716,
207986198,-5.214001604,
208586158,-5.192285495,
209186118,-5.187000131,
209786078,-5.138251062,
210386038,-5.124392311,
210985998,-5.164762163,
211585958,-5.145334867,
212185918,-5.103412644,
212785878,-5.117982779,
213385838,-5.110028778,
213985798,-5.11771492,
214585758,-5.095702985,
215185718,-5.089265874,
215785678,-5.095039358,
216385638,-5.106857845,
216985598,-5.078920519,
217585558,-5.09130358,
218185518,-5.069712619,
218785478,-5.060537524,
219385438,-5.068597543,
219985398,-5.069446195,
220585358,-5.048197201,
221185318,-5.040665115,
221785278,-5.033435816,
222385238,-5.026182223,
222985198,-5.027586261,
223585158,-5.00728985,
224185118,-4.984087911,
224785078,-4.977835114,
225385038,-4.96165133,
225984998,-4.952858401,
226584958,-4.94798403,
227184918,-4.934438403,
227784878,-4.908340578,
228384838,-4.907929941,
228984798,-4.894598123,
229584758,-4.881024573,
230184718,-4.867830422,
230784678,-4.853801555,
231384638,-4.841660738,
231984598,-4.842731196,
232584558,-4.815628399,
233184518,-4.791379219,
233784478,-4.790791477,
234384438,-4.778149455,
234984398,-4.781977886,
235584358,-4.754788572,
236184318,-4.7619523,
236784278,-4.739823706,
237384238,-4.711574296,
237984198,-4.718218896,
238584158,-4.677137391,
239184118,-4.691535775,
239784078,-4.660926491,
240384038,-4.650411646,
240983998,-4.659517873,
241583958,-4.644692525,
242183918,-4.644447712,
242783878,-4.635985822,
243383838,-4.636418347,
243983798,-4.61586005,
244583758,-4.639114982,
245183718,-4.626489839,
245783678,-4.581739551,
246383638,-4.543500969,
246983598,-4.560363405,
247583558,-4.552627511,
248183518,-4.541515565,
248783478,-4.532279683,
249383438,-4.483659558,
249983398,-4.506866679,
250583358,-4.515797235,
251183318,-4.478889967,
251783278,-4.487536245,
252383238,-4.457453212,
252983198,-4.470663612,
253583158,-4.46914526,
254183118,-4.445114986,
254783078,-4.465817688,
255383038,-4.444280348,
255982998,-4.434752289,
256582958,-4.389761767,
257182918,-4.428330613,
257782878,-4.419161516,
258382838,-4.413019224,
258982798,-4.407697267,
259582758,-4.401285112,
260182718,-4.39667946,
260782678,-4.370382629,
261382638,-4.382029972,
261982598,-4.375095846,
262582558,-4.364681159,
263182518,-4.360547588,
263782478,-4.361460641,
264382438,-4.351019334,
264982398,-4.334988638,
265582358,-4.321451666,
266182318,-4.317178295,
266782278,-4.32223294,
267382238,-4.319530113,
267982198,-4.309620436,
268582158,-4.300945788,
269182118,-4.292394291,
269782078,-4.288605557,
270382038,-4.299755395,
270981998,-4.295751504,
271581958,-4.29159268,
272181918,-4.276731518,
272781878,-4.283839376,
273381838,-4.280450154,
273981798,-4.287929742,
274581758,-4.279664737,
275181718,-4.255818338,
275781678,-4.265247258,
276381638,-4.26226346,
276981598,-4.260720966,
277581558,-4.254831734,
278181518,-4.25178128,
278781478,-4.240148258,
279381438,-4.256948932,
279981398,-4.227076278,
280581358,-4.237161206,
281181318,-4.252744022,
281781278,-4.228773759,
282381238,-4.211983944,
282981198,-4.2214464,
283581158,-4.217188679,
284181118,-4.213110913,
284781078,-4.210089806,
285381038,-4.22969862,
285980998,-4.204781705,
286580958,-4.192789027,
287180917,-4.200253782,
287780877,-4.215224957,
288380837,-4.18802161,
288980797,-4.18390642,
289580757,-4.215630581,
290180717,-4.187383898,
290780677,-4.187561669,
291380637,-4.195091941,
291980597,-4.207302928,
292580557,-4.191402365,
293180517,-4.196546043,
293780477,-4.215735235,
294380437,-4.196823581,
294980397,-4.208795522,
295580357,-4.190578597,
296180317,-4.198958427,
296780277,-4.200104873,
297380237,-4.201083823,
297980197,-4.202181173,
298580157,-4.203756985,
299180117,-4.206022637,
299780077,-4.215508814,
300380037,-4.211171494,
300979997,-4.213751585,
301579957,-4.216799306,
302179917,-4.199519286,
302779877,-4.224177836,
303379837,-4.22774514,
303979797,-4.249093985,
304579757,-4.238291395,
305179717,-4.228388141,
305779677,-4.251728228,
306379637,-4.255466962,
306979597,-4.262866736,
307579557,-4.258040525,
308179517,-4.277783697,
308779477,-4.286960177,
309379437,-4.313618975,
309979397,-4.288120381,
310579357,-4.319628095,
311179317,-4.336031882,
311779277,-4.358902494,
312379237,-4.340720459,
312979197,-4.377008584,
313579157,-4.401256479,
314179117,-4.404997917,
314779077,-4.416225424,
315379037,-4.421687488,
315978997,-4.404276466,
316578957,-4.45206186,
317178917,-4.473027938,
317778877,-4.409595662,
318378837,-4.404921096,
318978797,-4.406311839,
319578757,-4.409560538,
320178717,-4.399001563,
320778677,-4.385859711,
321378637,-4.356125164,
321978597,-4.367024861,
322578557,-4.349023918,
323178517,-4.345518577,
323778477,-4.336206824,
324378437,-4.31655892,
324978397,-4.317586317,
325578357,-4.326531246,
326178317,-4.319737175,
326778277,-4.293570174,
327378237,-4.297179797,
327978197,-4.279884004,
328578157,-4.273933633,
329178117,-4.267872445,
329778077,-4.262726666,
330378037,-4.257438352,
330977997,-4.247768965,
331577957,-4.225133981,
332177917,-4.241807992,
332777877,-4.238687599,
333377837,-4.229546331,
333977797,-4.230113708,
334577757,-4.224561231,
335177717,-4.236841986,
335777677,-4.196920732,
336377637,-4.197541418,
336977597,-4.206946175,
337577557,-4.212660086,
338177517,-4.197887086,
338777477,-4.186141112,
339377437,-4.174273141,
339977397,-4.186050143,
340577357,-4.182149583,
341177317,-4.17298981,
341777277,-4.172918106,
342377237,-4.17556753,
342977197,-4.171239792,
343577157,-4.154155289,
344177117,-4.156041162,
344777077,-4.135784482,
345377037,-4.142932955,
345976997,-4.14181554,
346576957,-4.124339641,
347176917,-4.150903414,
347776877,-4.133315993,
348376837,-4.135547082,
348976797,-4.11922395,
349576757,-4.112534202,
350176717,-4.103801476,
350776677,-4.102909287,
351376637,-4.104577292,
351976597,-4.091117882,
352576557,-4.085634855,
353176517,-4.078439825,
353776477,-4.080698729,
354376437,-4.067261478,
354976397,-4.058411887,
355576357,-4.054085258,
356176317,-4.046093054,
356776277,-4.041694028,
357376237,-4.035778521,
357976197,-4.048580289,
358576157,-4.032377379,
359176117,-4.02031784,
359776077,-4.009634539,
360376037,-3.999150148,
360975997,-3.996811585,
361575957,-3.990582718,
362175917,-3.983710809,
362775877,-3.954111364,
363375837,-3.972095552,
363975797,-3.965922937,
364575757,-3.940896864,
365175717,-3.974506693,
365775677,-3.949673663,
366375637,-3.963403704,
366975597,-3.955871944,
367575557,-3.933235288,
368175517,-3.930541347,
368775477,-3.922436767,
369375437,-3.928105602,
369975397,-3.919032848,
370575357,-3.889405191,
371175317,-3.898998464,
371775277,-3.919043351,
372375237,-3.888248384,
372975197,-3.864390027,
373575157,-3.876577569,
374175117,-3.884620023,
374775077,-3.862291805,
375375037,-3.859675384,
375974997,-3.833298199,
376574957,-3.861969684,
377174917,-3.826825154,
377774877,-3.827832727,
378374837,-3.831449258,
378974797,-3.802979352,
379574757,-3.826405719,
380174717,-3.813888382,
380774677,-3.808839043,
381374637,-3.803123863,
381974597,-3.798481966,
382574557,-3.787702185,
383174517,-3.788287134,
383774477,-3.807842181,
384374437,-3.777519255,
384974397,-3.773554883,
385574357,-3.794625308,
386174317,-3.762920966,
386774277,-3.762893983,
387374237,-3.752574991,
387974197,-3.736444159,
388574157,-3.743288772,
389174117,-3.738999229,
389774077,-3.758131515,
390374037,-3.723605805,
390973997,-3.745481086,
391573957,-3.721586864,
392173917,-3.717553809,
392773877,-3.730769979,
393373837,-3.709830403,
393973797,-3.70595468,
394573757,-3.702917809,
395173717,-3.705445101,
395773677,-3.697687093,
396373637,-3.695919221,
396973597,-3.681417488,
397573557,-3.691496697,
398173517,-3.689472296,
398773477,-3.689317338,
399373437,-3.712560357,
399973397,-3.687327938,
400573357,-3.687044275,
401173317,-3.68713727,
401773277,-3.69230238,
402373237,-3.687724153,
402973197,-3.685743409,
403573157,-3.710714345,
404173117,-3.710335501,
404773077,-3.69794945,
405373037,-3.702271676,
405972997,-3.686174582,
406572957,-3.711938715,
407172917,-3.716329217,
407772877,-3.72091577,
408372837,-3.709463885,
408972797,-3.723811272,
409572757,-3.735087242,
410172717,-3.741802472,
410772677,-3.736330505,
411372637,-3.738631119,
411972597,-3.717135861,
412572557,-3.732687328,
413172517,-3.729584789,
413772477,-3.741368407,
414372437,-3.720177993,
414972397,-3.726052637,
415572357,-3.707330469,
416172317,-3.706985854,
416772277,-3.695499019,
417372237,-3.682601003,
417972197,-3.690555231,
418572157,-3.675365097,
419172117,-3.668970469,
419772077,-3.662165837,
420372037,-3.665549352,
420971997,-3.668997217,
421571957,-3.66837164,
422171917,-3.621194165,
422771877,-3.64357131,
423371837,-3.628806371,
423971797,-3.639142902,
424571757,-3.626156194,
425171717,-3.606260132,
425771677,-3.611816533,
426371637,-3.623126635,
426971597,-3.610290598,
427571557,-3.5693877,
428171517,-3.559867283,
428771477,-3.576758655,
429371437,-3.571003523,
429971396,-3.551359472,
430571356,-3.559833758,
431171316,-3.542411806,
431771276,-3.57469149,
432371236,-3.550218558,
432971196,-3.53114834,
433571156,-3.541530411,
434171116,-3.549117456,
434771076,-3.557116168,
435371036,-3.543577832,
435970996,-3.540376093,
436570956,-3.514847345,
437170916,-3.530184908,
437770876,-3.55226073,
438370836,-3.526416591,
438970796,-3.541404081,
439570756,-3.52089745,
440170716,-3.534852022,
440770676,-3.545911182,
441370636,-3.504765449,
441970596,-3.515635228,
442570556,-3.531213724,
443170516,-3.531741528,
443770476,-3.52802641,
444370436,-3.505094445,
444970396,-3.543870388,
445570356,-3.51365678,
446170316,-3.524539369,
446770276,-3.495479739,
447370236,-3.537491365,
447970196,-3.485308922,
448570156,-3.505911804,
449170116,-3.50224799,
449770076,-3.523372989,
450370036,-3.516784902,
450969996,-3.539657764,
451569956,-3.514887697,
452169916,-3.511371767,
452769876,-3.511033616,
453369836,-3.522471344,
453969796,-3.555474588,
454569756,-3.511504886,
455169716,-3.519243045,
455769676,-3.49414599,
456369636,-3.50270648,
456969596,-3.509174862,
457569556,-3.539982124,
458169516,-3.567980905,
458769476,-3.526357102,
459369436,-3.519794292,
459969396,-3.52084796,
460569356,-3.515879291,
461169316,-3.49449798,
461769276,-3.531927438,
462369236,-3.536812556,
462969196,-3.532209836,
463569156,-3.555540872,
464169116,-3.56897396,
464769076,-3.574348158,
465369036,-3.580906198,
465968996,-3.59726707,
466568956,-3.562340947,
467168916,-3.577378559,
467768876,-3.57134537,
468368836,-3.607348329,
468968796,-3.598345261,
469568756,-3.615724773,
470168716,-3.583940594,
470768676,-3.585275154,
471368636,-3.588851762,
471968596,-3.625701345,
472568556,-3.621964714,
473168516,-3.612073076,
473768476,-3.597674375,
474368436,-3.61044783,
474968396,-3.607832679,
475568356,-3.606854076,
476168316,-3.594080369,
476768276,-3.619371133,
477368236,-3.600128898,
477968196,-3.575327954,
478568156,-3.584651014,
479168116,-3.601922927,
479768076,-3.626450028,
480368036,-3.605505004,
480967996,-3.606813954,
481567956,-3.577209143,
482167916,-3.604904461,
482767876,-3.58256936,
483367836,-3.605525928,
483967796,-3.613758169,
484567756,-3.618440449,
485167716,-3.633807197,
485767676,-3.615180314,
486367636,-3.63642918,
486967596,-3.658969251,
487567556,-3.629300801,
488167516,-3.667199815,
488767476,-3.665084049,
489367436,-3.64018514,
489967396,-3.654254094,
490567356,-3.659541877,
491167316,-3.649109477,
491767276,-3.671478205,
492367236,-3.673404962,
492967196,-3.67119881,
493567156,-3.664489284,
494167116,-3.656213968,
494767076,-3.672630164,
495367036,-3.688864411,
495966996,-3.676998063,
496566956,-3.673156659,
497166916,-3.677032741,
497766876,-3.669676663,
498366836,-3.704195674,
498966796,-3.69932425,
499566756,-3.695237531,
500166716,-3.700830342,
500766676,-3.710553,
501366636,-3.703171439,
501966596,-3.698858376,
502566556,-3.711081836,
503166516,-3.728133371,
503766476,-3.738265063,
504366436,-3.713610752,
504966396,-3.717616084,
505566356,-3.73773141,
506166316,-3.748124663,
506766276,-3.773495609,
507366236,-3.743952457,
507966196,-3.755577956,
508566156,-3.783640403,
509166116,-3.775864711,
509766076,-3.782705967,
510366036,-3.792015158,
510965996,-3.808277783,
511565956,-3.829770304,
512165916,-3.812156094,
512765876,-3.807862848,
513365836,-3.820777228,
513965796,-3.809691586,
514565756,-3.833296229,
515165716,-3.852004252,
515765676,-3.858844608,
516365636,-3.869145853,
516965596,-3.882296843,
517565556,-3.864399569,
518165516,-3.894707869,
518765476,-3.884869383,
519365436,-3.896850494,
519965396,-3.883810257,
520565356,-3.905898874,
521165316,-3.911019035,
521765276,-3.920020264,
522365236,-3.937704535,
522965196,-3.955899732,
523565156,-3.940815935,
524165116,-3.952085629,
524765076,-3.958636008,
525365036,-3.983282619,
525964996,-3.971216505,
526564956,-3.997378644,
527164916,-3.975027387,
527764876,-3.994519136,
528364836,-4.000484814,
528964796,-4.009551632,
529564756,-4.023662394,
530164716,-4.004286092,
530764676,-4.019681196,
531364636,-4.032708331,
531964596,-4.036674082,
532564556,-4.044378246,
533164516,-4.032255673,
533764476,-4.045047062,
534364436,-4.06533251,
534964396,-4.072522258,
535564356,-4.039049566,
536164316,-4.07865504,
536764276,-4.093798117,
537364236,-4.139197525,
537964196,-4.08390514,
538564156,-4.137121925,
539164116,-4.09228517,
539764076,-4.168217181,
540364036,-4.141690393,
540963996,-4.124510942,
541563956,-4.155282104,
542163916,-4.169675574,
542763876,-4.209974664,
543363836,-4.186126291,
543963796,-4.174052619,
544563756,-4.214533997,
545163716,-4.231928942,
545763676,-4.226729563,
546363636,-4.225451641,
546963596,-4.240581738,
547563556,-4.269731471,
548163516,-4.249060677,
548763476,-4.257412472,
549363436,-4.254151405,
549963396,-4.277695108,
550563356,-4.27762001,
551163316,-4.318967994,
551763276,-4.306394364,
552363236,-4.31116042,
552963196,-4.320786655,
553563156,-4.315833274,
554163116,-4.301412832,
554763076,-4.312396123,
555363036,-4.349748206,
555962996,-4.386419238,
556562956,-4.385901433,
557162916,-4.371129126,
557762876,-4.376020072,
558362836,-4.37350725,
558962796,-4.387677857,
559562756,-4.396159281,
560162716,-4.413571229,
560762676,-4.420506837,
561362636,-4.451149057,
561962596,-4.458410538,
562562556,-4.422343415,
563162516,-4.447132832,
563762476,-4.46911792,
564362436,-4.459682657,
564962396,-4.467876448,
565562356,-4.491505493,
566162316,-4.474557767,
566762276,-4.491585016,
567362236,-4.511184803,
567962196,-4.501795967,
568562156,-4.491803156,
569162116,-4.504245568,
569762076,-4.5464352,
570362036,-4.545979832,
570961996,-4.539598889,
571561956,-4.529302279,
572161916,-4.551706497,
572761875,-4.513985811,
573361835,-4.583642791,
573961795,-4.576705329,
574561755,-4.589312899,
575161715,-4.584346908,
575761675,-4.613841016,
576361635,-4.598568201,
576961595,-4.586272678,
577561555,-4.598309118,
578161515,-4.648988361,
578761475,-4.65100185,
579361435,-4.624783809,
579961395,-4.646933424,
580561355,-4.637183883,
581161315,-4.63284238,
581761275,-4.65819499,
582361235,-4.635191266,
582961195,-4.62968316,
583561155,-4.671970183,
584161115,-4.663267991,
584761075,-4.669661239,
585361035,-4.688802381,
585960995,-4.681231098,
586560955,-4.652049568,
587160915,-4.702216459,
587760875,-4.718689242,
588360835,-4.704356532,
588960795,-4.702238847,
589560755,-4.711200613,
590160715,-4.719870505,
590760675,-4.711474457,
591360635,-4.716843521,
591960595,-4.695675148,
592560555,-4.74185555,
593160515,-4.715991834,
593760475,-4.686659913,
594360435,-4.744647022,
594960395,-4.739049137,
595560355,-4.745821573,
596160315,-4.738635488,
596760275,-4.7410616,
597360235,-4.751517331,
597960195,-4.747328696,
598560155,-4.749236841,
599160115,-4.749261846,
599760075,-4.750718089,
600360035,-4.727298,
600959995,-4.754178036,
601559955,-4.74892757,
602159915,-4.748487352,
602759875,-4.757776583,
603359835,-4.78163526,
603959795,-4.759000243,
604559755,-4.780518656,
605159715,-4.779130431,
605759675,-4.756151984,
606359635,-4.745940084,
606959595,-4.754777217,
607559555,-4.78479793,
608159515,-4.760786059,
608759475,-4.761094419,
609359435,-4.760779298,
609959395,-4.762292683,
610559355,-4.760142613,
611159315,-4.754049685,
611759275,-4.758499495,
612359235,-4.773870333,
612959195,-4.731146223,
613559155,-4.753898903,
614159115,-4.751194404,
614759075,-4.749967201,
615359035,-4.747356697,
615958995,-4.746001838,
616558955,-4.743192174,
617158915,-4.741328707,
617758875,-4.739622484,
618358835,-4.743833995,
618958795,-4.730235557,
619558755,-4.739760474,
620158715,-4.733980912,
620758675,-4.734839884,
621358635,-4.704241712,
621958595,-4.677502736,
622558555,-4.720939678,
623158515,-4.713429904,
623758475,-4.716228089,
624358435,-4.713094319,
624958395,-4.708959752,
625558355,-4.705953188,
626158315,-4.701561348,
626758275,-4.697969512,
627358235,-4.684511404,
627958195,-4.690628434,
628558155,-4.7309345,
629158115,-4.672762677,
629758075,-4.677644855,
630358035,-4.698170897,
630957995,-4.670800421,
631557955,-4.665929961,
632157915,-4.661159052,
632757875,-4.656999453,
633357835,-4.654884301,
633957795,-4.648844715,
634557755,-4.642048544,
635157715,-4.6509264,
635757675,-4.634754549,
636357635,-4.61850244,
636957595,-4.608928536,
637557555,-4.620184584,
638157515,-4.616947955,
638757475,-4.611508899,
639357435,-4.61481969,
639957395,-4.612948622,
640557355,-4.618534866,
641157315,-4.582842145,
641757275,-4.584244893,
642357235,-4.578983675,
642957195,-4.561290562,
643557155,-4.544676434,
644157115,-4.563546811,
644757075,-4.568902697,
645357035,-4.568347029,
645956995,-4.544174386,
646556955,-4.539040221,
647156915,-4.533288965,
647756875,-4.526511999,
648356835,-4.507280851,
648956795,-4.514563881,
649556755,-4.529805594,
650156715,-4.512126792,
650756675,-4.493960472,
651356635,-4.501285905,
651956595,-4.470800888,
652556555,-4.489244395,
653156515,-4.467265028,
653756475,-4.438837786,
654356435,-4.451782233,
654956395,-4.449482346,
655556355,-4.44011695,
656156315,-4.434028375,
656756275,-4.408852454,
657356235,-4.41851826,
657956195,-4.41270637,
658556155,-4.404435457,
659156115,-4.396795984,
659756075,-4.408522173,
660356035,-4.395670039,
660955995,-4.375296556,
661555955,-4.344966499,
662155915,-4.359248812,
662755875,-4.352300859,
663355835,-4.338883418,
663955795,-4.336552944,
664555755,-4.326631851,
665155715,-4.320997382,
665755675,-4.313884221,
666355635,-4.319342413,
666955595,-4.278439779,
667555555,-4.2783195,
668155515,-4.270836012,
668755475,-4.260013782,
669355435,-4.252376295,
669955395,-4.261687867,
670555355,-4.254545521,
671155315,-4.242097282,
671755275,-4.239032247,
672355235,-4.229337268,
672955195,-4.226451373,
673555155,-4.214611149,
674155115,-4.207895597,
674755075,-4.224116839,
675355035,-4.192922409,
675954995,-4.174302518,
676554955,-4.17748904,
677154915,-4.165143917,
677754875,-4.148310481,
678354835,-4.132667612,
678954795,-4.116024069,
679554755,-4.160639154,
680154715,-4.110894511,
680754675,-4.144517383,
681354635,-4.114924731,
681954595,-4.10685906,
682554555,-4.098900314,
683154515,-4.067045682,
683754475,-4.053713939,
684354435,-4.071512525,
684954395,-4.090662115,
685554355,-4.06278473,
686154315,-4.023978421,
686754275,-4.029910534,
687354235,-4.040081589,
687954195,-3.991873584,
688554155,-4.02547193,
689154115,-3.997213984,
689754075,-4.033138447,
690354035,-3.981980287,
690953995,-3.996732038,
691553955,-3.975559727,
692153915,-3.982719251,
692753875,-3.963373986,
693353835,-3.958563396,
693953795,-3.939235597,
694553755,-3.977635994,
695153715,-3.94658272,
695753675,-3.957743094,
696353635,-3.93318225,
696953595,-3.940123279,
697553555,-3.919918236,
698153515,-3.912819814,
698753475,-3.898973416,
699353435,-3.913534708,
699953395,-3.892640144,
700553355,-3.885978141,
701153315,-3.866462458,
701753275,-3.90133172,
702353235,-3.86748672,
702953195,-3.826600213,
703553155,-3.864019665,
704153115,-3.860232384,
704753075,-3.826267068,
705353035,-3.842654561,
705952995,-3.815554431,
706552955,-3.8393328,
707152915,-3.818251488,
707752875,-3.81078704,
708352835,-3.805708566,
708952795,-3.800502768,
709552755,-3.795181409,
710152715,-3.778415309,
710752675,-3.782250981,
711352635,-3.763749656,
711952595,-3.772286878,
712552555,-3.756326199,
713152515,-3.762771192,
713752475,-3.75238788,
714352435,-3.751635276,
714952395,-3.749951317,
715552354,-3.744614513,
716152314,-3.736411578,
716752274,-3.750028462,
717352234,-3.728001808,
717952194,-3.72326803,
718552154,-3.733452962,
719152114,-3.726895306,
719752074,-3.689989975,
720352034,-3.707816168,
720951994,-3.702248487,
721551954,-3.699449367,
722151914,-3.695323676,
722751874,-3.711980895,
723351834,-3.706117066,
723951794,-3.695136279,
724551754,-3.686744445,
725151714,-3.674491494,
725751674,-3.690650192,
726351634,-3.667354667,
726951594,-3.664386941,
727551554,-3.651663256,
728151514,-3.653654322,
728751474,-3.631964554,
729351434,-3.651334288,
729951394,-3.634728919,
730551354,-3.634638215,
731151314,-3.675954195,
731751274,-3.640595083,
732351234,-3.638874372,
732951194,-3.635300493,
733551154,-3.632152531,
734151114,-3.63284444,
734751074,-3.626820853,
735351034,-3.611762704,
735950994,-3.62578212,
736550954,-3.61084358,
737150914,-3.621371845,
737750874,-3.619353338,
738350834,-3.598686632,
738950794,-3.615396436,
739550754,-3.61462421,
740150714,-3.622210255,
740750674,-3.609478783,
741350634,-3.61578016,
741950594,-3.61122662,
742550554,-3.610187277,
743150514,-3.608336186,
743750474,-3.589390213,
744350434,-3.608035519,
744950394,-3.586608623,
745550354,-3.60647377,
746150314,-3.598814954,
746750274,-3.614540544,
747350234,-3.605791031,
747950194,-3.593088466,
748550154,-3.610935718,
749150114,-3.604436643,
749750074,-3.61609539,
750350034,-3.604385153,
750949994,-3.610777837,
751549954,-3.60659643,
752149914,-3.626557487,
752749874,-3.578696858,
753349834,-3.609524139,
753949794,-3.611330499,
754549754,-3.610786514,
755149714,-3.635471876,
755749674,-3.597131489,
756349634,-3.628976079,
756949594,-3.635839073,
757549554,-3.637829833,
758149514,-3.599687788,
758749474,-3.622416984,
759349434,-3.62543546,
759949394,-3.627025738,
760549354,-3.609062595,
761149314,-3.643458533,
761749274,-3.635266225,
762349234,-3.627810446,
762949194,-3.655091403,
763549154,-3.646251416,
764149114,-3.644189134,
764749074,-3.652807613,
765349034,-3.669742715,
765948994,-3.659808646,
766548954,-3.643319971,
767148914,-3.645237561,
767748874,-3.704321675,
768348834,-3.663457349,
768948794,-3.670448742,
769548754,-3.684682243,
770148714,-3.676091502,
770748674,-3.694184688,
771348634,-3.721050815,
771948594,-3.720863498,
772548554,-3.709679651,
773148514,-3.748096509,
773748474,-3.742031178,
774348434,-3.725052746,
774948394,-3.729160278,
775548354,-3.736253401,
776148314,-3.761376599,
776748274,-3.772085779,
777348234,-3.733721299,
777948194,-3.784484546,
778548154,-3.751366794,
779148114,-3.774014143,
779748074,-3.781996361,
780348034,-3.787326252,
780947994,-3.805392992,
781547954,-3.801203263,
782147914,-3.808380453,
782747874,-3.816350301,
783347834,-3.822870604,
783947794,-3.838153035,
784547754,-3.834224683,
785147714,-3.842597842,
785747674,-3.85432143,
786347634,-3.861973935,
786947594,-3.860750729,
787547554,-3.882675487,
788147514,-3.866640889,
788747474,-3.857898059,
789347434,-3.913828458,
789947394,-3.912180855,
790547354,-3.920756103,
791147314,-3.931278517,
791747274,-3.925059479,
792347234,-3.948345332,
792947194,-3.958352432,
793547154,-3.966546163,
794147114,-3.956752484,
794747074,-3.980307806,
795347034,-3.996310478,
795946994,-4.020308862,
796546954,-4.015861627,
797146914,-4.053739458,
797746874,-4.019161964,
798346834,-4.05122343,
798946794,-4.041522748,
799546754,-4.06719022,
800146714,-4.077723065,
800746674,-4.088158535,
801346634,-4.095625228,
801946594,-4.109805617,
802546554,-4.133354029,
803146514,-4.131698088,
803746474,-4.137111028,
804346434,-4.187757203,
804946394,-4.16384918,
805546354,-4.186399426,
806146314,-4.187267798,
806746274,-4.196634007,
807346234,-4.212437354,
807946194,-4.185034636,
808546154,-4.232112423,
809146114,-4.259382804,
809746074,-4.255562566,
810346034,-4.26749746,
810945994,-4.282552455,
811545954,-4.29046492,
812145914,-4.301602132,
812745874,-4.313885668,
813345834,-4.302335055,
813945794,-4.324573556,
814545754,-4.350214471,
815145714,-4.345999881,
815745674,-4.373965844,
816345634,-4.392391928,
816945594,-4.39789813,
817545554,-4.411525759,
818145514,-4.423923652,
818745474,-4.435891088,
819345434,-4.423879881,
819945394,-4.458597038,
820545354,-4.500559195,
821145314,-4.491010524,
821745274,-4.490377124,
822345234,-4.53310009,
822945194,-4.512401211,
823545154,-4.530559172,
824145114,-4.562083067,
824745074,-4.556126693,
825345034,-4.544276378,
825944994,-4.591262865,
826544954,-4.59002344,
827144914,-4.616827779,
827744874,-4.647910154,
828344834,-4.640361593,
828944794,-4.641833633,
829544754,-4.658406504,
830144714,-4.668528147,
830744674,-4.703108228,
831344634,-4.711540818,
831944594,-4.678329841,
832544554,-4.69879955,
833144514,-4.734025911,
833744474,-4.753617888,
834344434,-4.750570456,
834944394,-4.77846278,
835544354,-4.77254233,
836144314,-4.78334242,
836744274,-4.817493587,
837344234,-4.781144331,
837944194,-4.814937257,
838544154,-4.840596638,
839144114,-4.839211691,
839744074,-4.848828119,
840344034,-4.885612415,
840943994,-4.871704583,
841543954,-4.818857607,
842143914,-4.869144639,
842743874,-4.892793788,
843343834,-4.927773604,
843943794,-4.927365487,
844543754,-4.949135324,
845143714,-4.948374929,
845743674,-4.926009182,
846343634,-5.004752839,
846943594,-4.992444064,
847543554,-5.007271777,
848143514,-5.001737605,
848743474,-5.010866542,
849343434,-5.009476375,
849943394,-5.030586957,
850543354,-5.036897917,
851143314,-5.04530605,
851743274,-5.051615638,
852343234,-5.060454027,
852943194,-5.083423374,
853543154,-5.076878753,
854143114,-5.0840941,
854743074,-5.069615883,
855343034,-5.080230032,
855942994,-5.109465291,
856542954,-5.121711129,
857142914,-5.132704275,
857742874,-5.104370455,
858342833,-5.138982673,
858942793,-5.14884758,
859542753,-5.163005718,
860142713,-5.145425517,
860742673,-5.167763437,
861342633,-5.200841314,
861942593,-5.210586385,
862542553,-5.185254949,
863142513,-5.183967995,
863742473,-5.204653308,
864342433,-5.218058283,
864942393,-5.207303319,
865542353,-5.169220576,
866142313,-5.188855586,
866742273,-5.224056054,
867342233,-5.248814014,
867942193,-5.203781445,
868542153,-5.237273023,
869142113,-5.242318478,
869742073,-5.249307426,
870342033,-5.286279714,
870941993,-5.258862322,
871541953,-5.267748033,
872141913,-5.267002328,
872741873,-5.270462961,
873341833,-5.273961052,
873941793,-5.274520393,
874541753,-5.278060795,
875141713,-5.251689243,
875741673,-5.281443296,
876341633,-5.282875771,
876941593,-5.290063463,
877541553,-5.244177402,
878141513,-5.278693574,
878741473,-5.288352729,
879341433,-5.29019906,
879941393,-5.291019357,
880541353,-5.290238106,
881141313,-5.318721456,
881741273,-5.29249702,
882341233,-5.293892927,
882941193,-5.294302905,
883541153,-5.237365816,
884141113,-5.317392738,
884741073,-5.296432629,
885341033,-5.322243252,
885940993,-5.294427733,
886540953,-5.284152048,
887140913,-5.292494765,
887740873,-5.274750355,
888340833,-5.288083637,
888940793,-5.310236853,
889540753,-5.297438336,
890140713,-5.314703658,
890740673,-5.281190264,
891340633,-5.279222314,
891940593,-5.262552395,
892540553,-5.221267872,
893140513,-5.271958684,
893740473,-5.281779155,
894340433,-5.26499127,
894940393,-5.270456821,
895540353,-5.261012438,
896140313,-5.228918462,
896740273,-5.20440608,
897340233,-5.243126748,
897940193,-5.237599623,
898540153,-5.222785189,
899140113,-5.227245211,
899740073,-5.218904466,
900340033,-5.220829848,
900939993,-5.226284664,
901539953,-5.208240233,
902139913,-5.188534443,
902739873,-5.212802568,
903339833,-5.193204595,
903939793,-5.15134248,
904539753,-5.17013453,
905139713,-5.174903484,
905739673,-5.167158827,
906339633,-5.184280464,
906939593,-5.154108851,
907539553,-5.146973288,
908139513,-5.139225815,
908739473,-5.13151246,
909339433,-5.12533798,
909939393,-5.104089402,
910539353,-5.109556237,
911139313,-5.101048912,
911739273,-5.107969042,
912339233,-5.096617258,
912939193,-5.063285232,
913539153,-5.070738259,
914139113,-5.086093943,
914739073,-5.044927278,
915339033,-5.049210836,
915938993,-5.0258415,
916538953,-5.035533982,
917138913,-5.026229638,
917738873,-5.005394105,
918338833,-5.022486536,
918938793,-5.002640879,
919538753,-4.979636984,
920138713,-4.943798956,
920738673,-4.969296842,
921338633,-4.970439574,
921938593,-4.942807634,
922538553,-4.951688612,
923138513,-4.935538421,
923738473,-4.905178876,
924338433,-4.893674476,
924938393,-4.857227912,
925538353,-4.873113512,
926138313,-4.85539299,
926738273,-4.816257907,
927338233,-4.874043621,
927938193,-4.859851019,
928538153,-4.826268899,
929138113,-4.802744763,
929738073,-4.793824435,
930338033,-4.768734934,
930937993,-4.785391517,
931537953,-4.774167695,
932137913,-4.772452965,
932737873,-4.704504376,
933337833,-4.712136522,
933937793,-4.716027925,
934537753,-4.70119754,
935137713,-4.690775881,
935737673,-4.679090296,
936337633,-4.666978952,
936937593,-4.654867601,
937537553,-4.643998292,
938137513,-4.644745184,
938737473,-4.644819674,
939337433,-4.581473109,
939937393,-4.58938047,
940537353,-4.556001685,
941137313,-4.505016688,
941737273,-4.569997511,
942337233,-4.53237481,
942937193,-4.505708909,
943537153,-4.526272244,
944137113,-4.520569919,
944737073,-4.501930114,
945337033,-4.477990709,
945936993,-4.495496901,
946536953,-4.454564805,
947136913,-4.454011816,
947736873,-4.428162276,
948336833,-4.403885451,
948936793,-4.4327855,
949536753,-4.411511608,
950136713,-4.388052363,
950736673,-4.337362967,
951336633,-4.364254831,
951936593,-4.318385355,
952536553,-4.328254801,
953136513,-4.287498179,
953736473,-4.269755457,
954336433,-4.291252027,
954936393,-4.278841878,
955536353,-4.271946765,
956136313,-4.276633095,
956736273,-4.238318862,
957336233,-4.23996068,
957936193,-4.219874077,
958536153,-4.229900189,
959136113,-4.188759429,
959736073,-4.183294543,
960336033,-4.148776075,
960935993,-4.158833423,
961535953,-4.148005514,
962135913,-4.115057058,
962735873,-4.121800768,
963335833,-4.087710124,
963935793,-4.102820991,
964535753,-4.120751002,
965135713,-4.077089436,
965735673,-4.085126335,
966335633,-4.059191481,
966935593,-4.041451241,
967535553,-4.031133655,
968135513,-4.020296479,
968735473,-4.012657776,
969335433,-4.001999624,
969935393,-3.992026679,
970535353,-3.958927121,
971135313,-3.970971558,
971735273,-3.940316282,
972335233,-3.950490984,
972935193,-3.913738555,
973535153,-3.930386612,
974135113,-3.919609382,
974735073,-3.921316634,
975335033,-3.906775605,
975934993,-3.890946807,
976534953,-3.880376184,
977134913,-3.871638234,
977734873,-3.873206147,
978334833,-3.85379067,
978934793,-3.851483445,
979534753,-3.82103912,
980134713,-3.828890879,
980734673,-3.820791854,
981334633,-3.811042359,
981934593,-3.787743469,
982534553,-3.795457198,
983134513,-3.768528579,
983734473,-3.817708745,
984334433,-3.772689461,
984934393,-3.747910988,
985534353,-3.739676722,
986134313,-3.748384287,
986734273,-3.739105543,
987334233,-3.739769505,
987934193,-3.713597519,
988534153,-3.734206513,
989134113,-3.710179232,
989734073,-3.75646389,
990334033,-3.696014778,
990933993,-3.703170132,
991533953,-3.68369403,
992133913,-3.698283691,
992733873,-3.713782173,
993333833,-3.676147983,
993933793,-3.665200996,
994533753,-3.652443198,
995133713,-3.671069299,
995733673,-3.636762661,
996333633,-3.637941704,
996933593,-3.645002676,
997533553,-3.628101595,
998133513,-3.636226349,
998733473,-3.590901982,
999333433,-3.625280597,
999933393,-3.633133256,
1000533353,-3.665373824,
1001133312,-3.596935417,
1001733272,-3.594737139,
1002333232,-3.596484812,
1002933192,-3.595114201,
1003533152,-3.587541358,
1004133112,-3.581815096,
1004733072,-3.578235172,
1005333032,-3.588501557,
1005932992,-3.5936626,
1006532952,-3.567179733,
1007132912,-3.565626748,
1007732872,-3.563437182,
1008332832,-3.563531179,
1008932792,-3.543164663,
1009532752,-3.552842529,
1010132712,-3.571030925,
1010732672,-3.558496847,
1011332632,-3.550346013,
1011932592,-3.548326306,
1012532552,-3.561165725,
1013132512,-3.546327096,
1013732472,-3.544881911,
1014332432,-3.5803218,
1014932392,-3.527000013,
1015532352,-3.551323034,
1016132312,-3.534965105,
1016732272,-3.549855473,
1017332232,-3.540286862,
1017932192,-3.526396539,
1018532152,-3.546548355,
1019132112,-3.54081893,
1019732072,-3.536095893,
1020332032,-3.555044322,
1020931992,-3.541031108,
1021531952,-3.54182784,
1022131912,-3.534022057,
1022731872,-3.542347703,
1023331832,-3.551815913,
1023931792,-3.561567623,
1024531752,-3.529209991,
1025131712,-3.532681167,
1025731672,-3.552277997,
1026331632,-3.54913558,
1026931592,-3.536506885,
1027531552,-3.596443556,
1028131512,-3.553364549,
1028731472,-3.554860848,
1029331432,-3.556762813,
1029931392,-3.558620956,
1030531352,-3.551257048,
1031131312,-3.540981911,
1031731272,-3.553115303,
1032331232,-3.569159337,
1032931192,-3.561352051,
1033531152,-3.592460586,
1034131112,-3.576945878,
1034731072,-3.568309562,
1035331032,-3.605050995,
1035930992,-3.585784425,
1036530952,-3.594271457,
1037130912,-3.599654723,
1037730872,-3.580222656,
1038330832,-3.598877193,
1038930792,-3.61125456,
1039530752,-3.600128558,
1040130712,-3.611294038,
1040730672,-3.614466192,
1041330632,-3.630002275,
1041930592,-3.608818805,
1042530552,-3.626740823,
1043130512,-3.638468523,
1043730472,-3.635292854,
1044330432,-3.654986713,
1044930392,-3.661938354,
1045530352,-3.663664387,
1046130312,-3.635684414,
1046730272,-3.668097337,
1047330232,-3.664442575,
1047930192,-3.69045076,
1048530152,-3.688381588,
1049130112,-3.688307532,
1049730072,-3.667661508,
1050330032,-3.692395055,
1050929992,-3.684461599,
1051529952,-3.703932332,
1052129912,-3.719956319,
1052729872,-3.677928845,
1053329832,-3.72119321,
1053929792,-3.706215234,
1054529752,-3.733418762,
1055129712,-3.719710479,
1055729672,-3.746966723,
1056329632,-3.739224523,
1056929592,-3.76056767,
1057529552,-3.766504069,
1058129512,-3.768263049,
1058729472,-3.818789449,
1059329432,-3.807608511,
1059929392,-3.802408395,
1060529352,-3.801000694,
1061129312,-3.809195654,
1061729272,-3.829397757,
1062329232,-3.812405699,
1062929192,-3.854977689,
1063529152,-3.837882448,
1064129112,-3.825458604,
1064729072,-3.833350331,
1065329032,-3.906036665,
1065928992,-3.869304748,
1066528952,-3.877324529,
1067128912,-3.908184612,
1067728872,-3.894640268,
1068328832,-3.901057406,
1068928792,-3.911694353,
1069528752,-3.894740165,
1070128712,-3.94977079,
1070728672,-3.934938999,
1071328632,-3.944560629,
1071928592,-3.951535101,
1072528552,-3.961048691,
1073128512,-3.987342168,
1073728472,-3.965126778,
1074328432,-3.975032258,
1074928392,-4.01514776,
1075528352,-4.006479106,
1076128312,-4.01455156,
1076728272,-4.03604934,
1077328232,-4.022120892,
1077928192,-4.080955167,
1078528152,-4.053366894,
1079128112,-4.062823516,
1079728072,-4.083437963,
1080328032,-4.080746374,
1080927992,-4.089529078,
1081527952,-4.100697303,
1082127912,-4.125338496,
1082727872,-4.12069843,
1083327832,-4.115725843,
1083927792,-4.126094596,
1084527752,-4.150906303,
1085127712,-4.172095692,
1085727672,-4.162845625,
1086327632,-4.181244223,
1086927592,-4.191478805,
1087527552,-4.208041304,
1088127512,-4.212312865,
1088727472,-4.222471876,
1089327432,-4.22448006,
1089927392,-4.241496252,
1090527352,-4.251572397,
1091127312,-4.261840379,
1091727272,-4.258656988,
1092327232,-4.282312844,
1092927192,-4.292981311,
1093527152,-4.304412034,
1094127112,-4.278562096,
1094727072,-4.335180565,
1095327032,-4.333800262,
1095926992,-4.343685632,
1096526952,-4.354273864,
1097126912,-4.390495509,
1097726872,-4.375890472,
1098326832,-4.385428117,
1098926792,-4.390777144,
1099526752,-4.406489271,
1100126712,-4.41392524,
1100726672,-4.438718844,
1101326632,-4.43206213,
1101926592,-4.440991215,
1102526552,-4.481726263,
1103126512,-4.492802265,
1103726472,-4.454121307,
1104326432,-4.461366025,
1104926392,-4.517678309,
1105526352,-4.49866264,
1106126312,-4.531310706,
1106726272,-4.515285336,
1107326232,-4.514932937,
1107926192,-4.539002759,
1108526152,-4.544217512,
1109126112,-4.54844683,
1109726072,-4.587608636,
1110326032,-4.58490862,
1110925992,-4.58056354,
1111525952,-4.576723435,
1112125912,-4.603311983,
1112725872,-4.607586364,
1113325832,-4.579558737,
1113925792,-4.62680535,
1114525752,-4.610223819,
1115125712,-4.640599166,
1115725672,-4.642572483,
1116325632,-4.656263233,
1116925592,-4.663485616,
1117525552,-4.672411786,
1118125512,-4.639337542,
1118725472,-4.687772159,
1119325432,-4.699645703,
1119925392,-4.666115495,
1120525352,-4.70311031,
1121125312,-4.71897824,
1121725272,-4.724791652,
1122325232,-4.762336327,
1122925192,-4.756763679,
1123525152,-4.722139576,
1124125112,-4.75403389,
1124725072,-4.765056468,
1125325032,-4.73984614,
1125924992,-4.772402577,
1126524952,-4.771311555,
1127124912,-4.777575342,
1127724872,-4.827670829,
1128324832,-4.796004942,
1128924792,-4.806764174,
1129524752,-4.781820933,
1130124712,-4.829513656,
1130724672,-4.81660465,
1131324632,-4.850001994,
1131924592,-4.827627428,
1132524552,-4.829950856,
1133124512,-4.810866617,
1133724472,-4.865505863,
1134324432,-4.852768325,
1134924392,-4.851130536,
1135524352,-4.866860561,
1136124312,-4.832791468,
1136724272,-4.83065385,
1137324232,-4.898178507,
1137924192,-4.866711763,
1138524152,-4.875090595,
1139124112,-4.905348124,
1139724072,-4.877061348,
1140324032,-4.878389322,
1140923992,-4.882296898,
1141523952,-4.906450139,
1142123912,-4.886958596,
1142723872,-4.888225194,
1143323832,-4.891024825,
1143923791,-4.892979636,
1144523751,-4.894475734,
1145123711,-4.895906163,
1145723671,-4.907385461,
1146323631,-4.898522153,
1146923591,-4.925730989,
1147523551,-4.901136732,
1148123511,-4.901719455,
1148723471,-4.888996783,
1149323431,-4.904119959,
1149923391,-4.888329164,
1150523351,-4.916493782,
1151123311,-4.896798091,
1151723271,-4.903007838,
1152323231,-4.90242617,
1152923191,-4.903263597,
1153523151,-4.901428174,
1154123111,-4.916789795,
1154723071,-4.900699153,
1155323031,-4.938522225,
1155922991,-4.898275192,
1156522951,-4.897326441,
1157122911,-4.883622717,
1157722871,-4.894982097,
1158322831,-4.908507746,
1158922791,-4.906525623,
1159522751,-4.919576475,
1160122711,-4.872946751,
1160722671,-4.883815705,
1161322631,-4.881570366,
1161922591,-4.906863644,
1162522551,-4.87595053,
1163122511,-4.920393666,
1163722471,-4.847473641,
1164322431,-4.890277369,
1164922391,-4.86387035,
1165522351,-4.860046551,
1166122311,-4.856480554,
1166722271,-4.841910076,
1167322231,-4.854783355,
1167922191,-4.845649027,
1168522151,-4.840889088,
1169122111,-4.86210174,
1169722071,-4.856916679,
1170322031,-4.819891607,
1170921991,-4.848001514,
1171521951,-4.812347035,
1172121911,-4.83924018,
1172721871,-4.822059037,
1173321831,-4.804424995,
1173921791,-4.750284332,
1174521751,-4.817633672,
1175121711,-4.788300226,
1175721671,-4.782734131,
1176321631,-4.776829253,
1176921591,-4.752919409,
1177521551,-4.765328704,
1178121511,-4.759325491,
1178721471,-4.770856748,
1179321431,-4.750733094,
1179921391,-4.741444921,
1180521351,-4.719122995,
1181121311,-4.728167166,
1181721271,-4.747878555,
1182321231,-4.715487038,
1182921191,-4.722047817,
1183521151,-4.708410583,
1184121111,-4.699644605,
1184721071,-4.688270606,
1185321031,-4.705874617,
1185920991,-4.674593878,
1186520951,-4.67394918,
1187120911,-4.655639362,
1187720871,-4.656507571,
1188320831,-4.648513167,
1188920791,-4.638626656,
1189520751,-4.606082598,
1190120711,-4.624223855,
1190720671,-4.602322297,
1191320631,-4.610009691,
1191920591,-4.60154344,
1192520551,-4.59429751,
1193120511,-4.586404154,
1193720471,-4.603270451,
1194320431,-4.573830216,
1194920391,-4.548741315,
1195520351,-4.556411019,
1196120311,-4.55714549,
1196720271,-4.528079565,
1197320231,-4.509395386,
1197920191,-4.525559039,
1198520151,-4.480173113,
1199120111,-4.502868686,
1199720071,-4.489696694,
1200320031,-4.518873458,
1200919991,-4.475791212,
1201519951,-4.475955851,
1202119911,-4.459957562,
1202719871,-4.463090305,
1203319831,-4.455180213,
1203919791,-4.447856299,
1204519751,-4.421598864,
1205119711,-4.420744701,
1205719671,-4.422166018,
1206319631,-4.420825758,
1206919591,-4.403028282,
1207519551,-4.389705089,
1208119511,-4.370089612,
1208719471,-4.393529438,
1209319431,-4.39802861,
1209919391,-4.368659685,
1210519351,-4.349344793,
1211119311,-4.374855466,
1211719271,-4.351422424,
1212319231,-4.350479762,
1212919191,-4.340621284,
1213519151,-4.323134521,
1214119111,-4.316980093,
1214719071,-4.308553184,
1215319031,-4.313463422,
1215918991,-4.309972445,
1216518951,-4.285512398,
1217118911,-4.26866156,
1217718871,-4.275131009,
1218318831,-4.231415755,
1218918791,-4.270769834,
1219518751,-4.239823418,
1220118711,-4.232672602,
1220718671,-4.240223249,
1221318631,-4.233330405,
1221918591,-4.245151839,
1222518551,-4.224928368,
1223118511,-4.220921908,
1223718471,-4.19118697,
1224318431,-4.19675455,
1224918391,-4.20044655,
1225518351,-4.191142703,
1226118311,-4.168963518,
1226718271,-4.174353901,
1227318231,-4.180022395,
1227918191,-4.173878094,
1228518151,-4.151669916,
1229118111,-4.163319498,
1229718071,-4.158520498,
1230318031,-4.167428064,
1230917991,-4.14864996,
1231517951,-4.142117052,
1232117911,-4.129861093,
1232717871,-4.134847944,
1233317831,-4.129934736,
1233917791,-4.125263944,
1234517751,-4.128316611,
1235117711,-4.097707578,
1235717671,-4.114434446,
1236317631,-4.130121923,
1236917591,-4.10586881,
1237517551,-4.103659332,
1238117511,-4.103162258,
1238717471,-4.076299715,
1239317431,-4.106345825,
1239917391,-4.061147147,
1240517351,-4.087981883,
1241117311,-4.045013963,
1241717271,-4.083458713,
1242317231,-4.079415145,
1242917191,-4.077350351,
1243517151,-4.091921704,
1244117111,-4.072006106,
1244717071,-4.052868108,
1245317031,-4.067074117,
1245916991,-4.066664372,
1246516951,-4.104680093,
1247116911,-4.063249492,
1247716871,-4.083130608,
1248316831,-4.075754541,
1248916791,-4.057532707,
1249516751,-4.054803425,
1250116711,-4.054006692,
1250716671,-4.052900629,
1251316631,-4.03695913,
1251916591,-4.016065385,
1252516551,-4.062894869,
1253116511,-4.065902932,
1253716471,-4.033212693,
1254316431,-4.026261767,
1254916391,-4.027678183,
1255516351,-4.021867303,
1256116311,-4.030352662,
1256716271,-4.06406768,
1257316231,-4.040486202,
1257916191,-4.053843162,
1258516151,-4.039701917,
1259116111,-4.039802377,
1259716071,-4.017170275,
1260316031,-4.037987337,
1260915991,-4.038207739,
1261515951,-4.068663505,
1262115911,-4.037774,
1262715871,-4.036844963,
1263315831,-4.05840214,
1263915791,-4.037880236,
1264515751,-4.054657418,
1265115711,-4.051231402,
1265715671,-4.039118316,
1266315631,-4.04038739,
1266915591,-4.068920946,
1267515551,-4.050466882,
1268115511,-4.039974289,
1268715471,-4.041023785,
1269315431,-4.045937298,
1269915391,-4.041700038,
1270515351,-4.052751139,
1271115311,-4.059561455,
1271715271,-4.066613724,
1272315231,-4.042825729,
1272915191,-4.040519775,
1273515151,-4.040204424,
1274115111,-4.035960053,
1274715071,-4.0682225,
1275315031,-4.046396516,
1275914991,-4.047184841,
1276514951,-4.048874008,
1277114911,-4.072375569,
1277714871,-4.042488177,
1278314831,-4.073387674,
1278914791,-4.108876203,
1279514751,-4.052178058,
1280114711,-4.053299502,
1280714671,-4.054157198,
1281314631,-4.056605874,
1281914591,-4.056183799,
1282514551,-4.056283089,
1283114511,-4.034435048,
1283714471,-4.081457589,
1284314431,-4.042975903,
1284914391,-4.060661061,
1285514351,-4.055778011,
1286114311,-4.062433205,
1286714270,-4.063313271,
1287314230,-4.052936782,
1287914190,-4.103436529,
1288514150,-4.077879214,
1289114110,-4.049889908,
1289714070,-4.067556246,
1290314030,-4.065902961,
1290913990,-4.052171047,
1291513950,-4.092983996,
1292113910,-4.083599534,
1292713870,-4.086819932,
1293313830,-4.079578742,
1293913790,-4.073597662,
1294513750,-4.0745094,
1295113710,-4.086629857,
1295713670,-4.089714683,
1296313630,-4.077541828,
1296913590,-4.078333903,
1297513550,-4.0842136,
1298113510,-4.079563105,
1298713470,-4.094286007,
1299313430,-4.095678754,
1299913390,-4.082531908,
1300513350,-4.0832191,
1301113310,-4.083988297,
1301713270,-4.088842,
1302313230,-4.086008741,
1302913190,-4.064379175,
1303513150,-4.066299672,
1304113110,-4.067180355,
1304713070,-4.089306413,
1305313030,-4.090125913,
1305912990,-4.056480055,
1306512950,-4.073373946,
1307112910,-4.086645131,
1307712870,-4.106880824,
1308312830,-4.094398002,
1308912790,-4.084346948,
1309512750,-4.091074831,
1310112710,-4.106179136,
1310712670,-4.098449292,
1311312630,-4.12143714,
1311912590,-4.086209354,
1312512550,-4.124799077,
1313112510,-4.100599597,
1313712470,-4.124993295,
1314312430,-4.110826411,
1314912390,-4.116978384,
1315512350,-4.104447725,
1316112310,-4.085416232,
1316712270,-4.129666769,
1317312230,-4.107724591,
1317912190,-4.108481451,
1318512150,-4.084949581,
1319112110,-4.101701246,
1319712070,-4.132056001,
1320312030,-4.111900356,
1320911990,-4.127242289,
1321511950,-4.134605561,
1322111910,-4.115452042,
1322711870,-4.115495097,
1323311830,-4.100147937,
1323911790,-4.118331646,
1324511750,-4.111933398,
1325111710,-4.142666398,
1325711670,-4.119672059,
1326311630,-4.120462514,
1326911590,-4.109196187,
1327511550,-4.117521437,
1328111510,-4.12074022,
1328711470,-4.143850111,
1329311430,-4.12284817,
1329911390,-4.103149231,
1330511350,-4.156873152,
1331111310,-4.123868024,
1331711270,-4.1244523,
1332311230,-4.121552325,
1332911190,-4.136675395,
1333511150,-4.126964772,
1334111110,-4.132745781,
1334711070,-4.138501989,
1335311030,-4.109087066,
1335910990,-4.130719145,
1336510950,-4.128478335,
1337110910,-4.131287637,
1337710870,-4.132847739,
1338310830,-4.133079003,
1338910790,-4.115579656,
1339510750,-4.121957479,
1340110710,-4.117115089,
1340710670,-4.136324496,
1341310630,-4.157463145,
1341910590,-4.158986366,
1342510550,-4.143735002,
1343110510,-4.182659857,
1343710470,-4.133044528,
1344310430,-4.108448288,
1344910390,-4.146509931,
1345510350,-4.153788647,
1346110310,-4.148839003,
1346710270,-4.135778912,
1347310230,-4.150603334,
1347910190,-4.131711626,
1348510150,-4.155571676,
1349110110,-4.14093142,
1349710070,-4.150343978,
1350310030,-4.132909089,
1350909990,-4.140268306,
1351509950,-4.155111118,
1352109910,-4.164522686,
1352709870,-4.145554782,
1353309830,-4.182970911,
1353909790,-4.172216024,
1354509750,-4.1651312,
1355109710,-4.172716952,
1355709670,-4.177046126,
1356309630,-4.187879807,
1356909590,-4.176184843,
1357509550,-4.155457052,
1358109510,-4.176181195,
1358709470,-4.188277094,
1359309430,-4.193036008,
1359909390,-4.204931647,
1360509350,-4.193853021,
1361109310,-4.209578453,
1361709270,-4.216424036,
1362309230,-4.195257313,
1362909190,-4.182488425,
1363509150,-4.21382965,
1364109110,-4.202884646,
1364709070,-4.223356782,
1365309030,-4.197083545,
1365908990,-4.19894612,
1366508950,-4.170538966,
1367108910,-4.256083103,
1367708870,-4.204781776,
1368308830,-4.24767809,
1368908790,-4.222269097,
1369508750,-4.216582057,
1370108710,-4.246113379,
1370708670,-4.248649093,
1371308630,-4.240391404,
1371908590,-4.226183641,
1372508550,-4.279600404,
1373108510,-4.249958567,
1373708470,-4.253152857,
1374308430,-4.275524591,
1374908390,-4.271862205,
1375508350,-4.262105427,
1376108310,-4.28840722,
1376708270,-4.256186964,
1377308230,-4.296347967,
1377908190,-4.276633467,
1378508150,-4.298621455,
1379108110,-4.292792065,
1379708070,-4.283955665,
1380308030,-4.282742742,
1380907990,-4.305936679,
1381507950,-4.294237571,
1382107910,-4.288034317,
1382707870,-4.323392078,
1383307830,-4.304181308,
1383907790,-4.306419363,
1384507750,-4.355704011,
1385107710,-4.313679044,
1385707670,-4.317407032,
1386307630,-4.345698388,
1386907590,-4.319219294,
1387507550,-4.348120322,
1388107510,-4.331988255,
1388707470,-4.335193755,
1389307430,-4.36199134,
1389907390,-4.341314846,
1390507350,-4.328019471,
1391107310,-4.347948545,
1391707270,-4.320829143,
1392307230,-4.354470269,
1392907190,-4.371212563,
1393507150,-4.390905833,
1394107110,-4.390621012,
1394707070,-4.367512781,
1395307030,-4.358301423,
1395906990,-4.387609192,
1396506950,-4.377633819,
1397106910,-4.394318445,
1397706870,-4.394679438,
1398306830,-4.404606552,
1398906790,-4.38948641,
1399506750,-4.364817737,
1400106710,-4.382704476,
1400706670,-4.4036734,
1401306630,-4.396266059,
1401906590,-4.401031147,
1402506550,-4.420209033,
1403106510,-4.463749229,
1403706470,-4.420928563,
1404306430,-4.448885962,
1404906390,-4.441585479,
1405506350,-4.457870832,
1406106310,-4.42724095,
1406706270,-4.429430668,
1407306230,-4.462231435,
1407906190,-4.4259224,
1408506150,-4.429618055,
1409106110,-4.466537226,
1409706070,-4.450448095,
1410306030,-4.448985271,
1410905990,-4.449470171,
1411505950,-4.475189064,
1412105910,-4.441493839,
1412705870,-4.455189955,
1413305830,-4.459096188,
1413905790,-4.431517347,
1414505750,-4.484740876,
1415105710,-4.466067022,
1415705670,-4.479377846,
1416305630,-4.479130595,
1416905590,-4.464627558,
1417505550,-4.463583254,
1418105510,-4.478709829,
1418705470,-4.484000569,
1419305430,-4.483438365,
1419905390,-4.486013107,
1420505350,-4.478643711,
1421105310,-4.490195421,
1421705270,-4.51588831,
1422305230,-4.506338019,
1422905190,-4.523038292,
1423505150,-4.53547526,
1424105110,-4.493464171,
1424705070,-4.519696033,
1425305030,-4.505279053,
1425904990,-4.507141016,
1426504950,-4.500638572,
1427104910,-4.526978044,
1427704870,-4.512803,
1428304830,-4.535032257,
1428904790,-4.515907038,
1429504749,-4.517967413,
1430104709,-4.520129931,
1430704669,-4.521947777,
1431304629,-4.501861302,
1431904589,-4.524994812,
1432504549,-4.525603036,
1433104509,-4.550437955,
1433704469,-4.5286051,
1434304429,-4.531087895,
1434904389,-4.510663939,
1435504349,-4.533346238,
1436104309,-4.542086525,
1436704269,-4.521853686,
1437304229,-4.537297664,
1437904189,-4.572045055,
1438504149,-4.547265096,
1439104109,-4.529134244,
1439704069,-4.539047895,
1440304029,-4.554217705,
1440903989,-4.53114445,
1441503949,-4.542936238,
1442103909,-4.540008285,
1442703869,-4.542125701,
1443303829,-4.530830406,
1443903789,-4.556389996,
1444503749,-4.545804552,
1445103709,-4.577821837,
1445703669,-4.535657744,
1446303629,-4.551179636,
1446903589,-4.5574136,
1447503549,-4.548923918,
1448103509,-4.547256418,
1448703469,-4.548373806,
1449303429,-4.548514063,
1449903389,-4.5500532,
1450503349,-4.530083532,
1451103309,-4.55064735,
1451703269,-4.552364934,
1452303229,-4.556293433,
1452903189,-4.555543441,
1453503149,-4.559971981,
1454103109,-4.580133702,
1454703069,-4.539879434,
1455303029,-4.559469281,
1455902989,-4.560292973,
1456502949,-4.559206153,
1457102909,-4.565346219,
1457702869,-4.581576144,
1458302829,-4.580316881,
1458902789,-4.559938015,
1459502749,-4.567679506,
1460102709,-4.568028687,
1460702669,-4.569785672,
1461302629,-4.571682214,
1461902589,-4.558653413,
1462502549,-4.574083456,
1463102509,-4.572537714,
1463702469,-4.577453938,
1464302429,-4.578730127,
1464902389,-4.579618383,
1465502349,-4.618309496,
1466102309,-4.600939508,
1466702269,-4.619434418,
1467302229,-4.578435398,
1467902189,-4.590842372,
1468502149,-4.632150392,
1469102109,-4.615653788,
1469702069,-4.602062915,
1470302029,-4.603151102,
1470901989,-4.606702842,
1471501949,-4.603415917,
1472101909,-4.612367388,
1472701869,-4.636372399,
1473301829,-4.636668694,
1473901789,-4.620482559,
1474501749,-4.636520693,
1475101709,-4.622063509,
1475701669,-4.630340115,
1476301629,-4.658556699,
1476901589,-4.63807903,
1477501549,-4.642612968,
1478101509,-4.646521843,
1478701469,-4.646936858,
1479301429,-4.656222379,
1479901389,-4.653696704,
1480501349,-4.663944664,
1481101309,-4.657096733,
1481701269,-4.669411665,
1482301229,-4.675428344,
1482901189,-4.686177151,
1483501149,-4.685745369,
1484101109,-4.692763844,
1484701069,-4.69712538,
1485301029,-4.718962735,
1485900989,-4.725612316,
1486500949,-4.700650994,
1487100909,-4.716657684,
1487700869,-4.716099358,
1488300829,-4.732857945,
1488900789,-4.726326415,
1489500749,-4.727914928,
1490100709,-4.77841008,
1490700669,-4.77579646,
1491300629,-4.754103302,
1491900589,-4.791606289,
1492500549,-4.784164826,
1493100509,-4.76416127,
1493700469,-4.798304805,
1494300429,-4.811363963,
1494900389,-4.826436908,
1495500349,-4.838837951,
1496100309,-4.832312456,
1496700269,-4.851214156,
1497300229,-4.841192346,
1497900189,-4.866611219,
1498500149,-4.874176428,
1499100109,-4.876522549,
1499700069,-4.885979674,
1500300029,-4.907455298,
1500899989,-4.899711673,
1501499949,-4.887641354,
1502099909,-4.944424893,
1502699869,-4.932697392,
1503299829,-4.928338021,
1503899789,-4.970134429,
1504499749,-4.971150178,
1505099709,-4.961902553,
1505699669,-4.967908856,
1506299629,-5.006573142,
1506899589,-5.02064377,
1507499549,-5.055244356,
1508099509,-5.000659035,
1508699469,-5.033375345,
1509299429,-5.066789166,
1509899389,-5.055563645,
1510499349,-5.065925783,
1511099309,-5.079478589,
1511699269,-5.078709447,
1512299229,-5.097696022,
1512899189,-5.131335231,
1513499149,-5.121315583,
1514099109,-5.165068492,
1514699069,-5.141903041,
1515299029,-5.154594978,
1515898989,-5.16540916,
1516498949,-5.17864799,
1517098909,-5.202565268,
1517698869,-5.217208137,
1518298829,-5.24167742,
1518898789,-5.208006233,
1519498749,-5.21373546,
1520098709,-5.238232434,
1520698669,-5.291827616,
1521298629,-5.271337154,
1521898589,-5.280485523,
1522498549,-5.285742561,
1523098509,-5.292902685,
1523698469,-5.281371217,
1524298429,-5.355074009,
1524898389,-5.322707478,
1525498349,-5.350775849,
1526098309,-5.348838658,
1526698269,-5.379346511,
1527298229,-5.396676297,
1527898189,-5.379698183,
1528498149,-5.417090755,
1529098109,-5.430009483,
1529698069,-5.417662748,
1530298029,-5.429572957,
1530897989,-5.502437601,
1531497949,-5.51006184,
1532097909,-5.481878789,
1532697869,-5.477171076,
1533297829,-5.514877124,
1533897789,-5.501503196,
1534497749,-5.539046272,
1535097709,-5.573212032,
1535697669,-5.563407883,
1536297629,-5.607978723,
1536897589,-5.587063388,
1537497549,-5.599132735,
1538097509,-5.592868812,
1538697469,-5.62167847,
1539297429,-5.644326786,
1539897389,-5.645404119,
1540497349,-5.65639419,
1541097309,-5.667713073,
1541697269,-5.679482092,
1542297229,-5.716948553,
1542897189,-5.713926507,
1543497149,-5.721735717,
1544097109,-5.724529635,
1544697069,-5.740994225,
1545297029,-5.746663509,
1545896989,-5.766616712,
1546496949,-5.767306171,
1547096909,-5.777497393,
1547696869,-5.776484705,
1548296829,-5.798012903,
1548896789,-5.834304143,
1549496749,-5.836595942,
1550096709,-5.815644807,
1550696669,-5.844526037,
1551296629,-5.862648096,
1551896589,-5.858681122,
1552496549,-5.894148882,
1553096509,-5.855802945,
1553696469,-5.886384736,
1554296429,-5.896272587,
1554896389,-5.904856273,
1555496349,-5.909146605,
1556096309,-5.921629583,
1556696269,-5.930463343,
1557296229,-5.938494063,
1557896189,-5.938452925,
1558496149,-5.954659833,
1559096109,-5.973781117,
1559696069,-5.970898274,
1560296029,-6.026081661,
1560895989,-5.985843992,
1561495949,-6.016323186,
1562095909,-5.958581629,
1562695869,-6.006023941,
1563295829,-6.014344526,
1563895789,-6.020441907,
1564495749,-5.998549477,
1565095709,-6.033129812,
1565695669,-6.027925577,
1566295629,-6.069881997,
1566895589,-6.037779424,
1567495549,-6.058008979,
1568095509,-6.062467434,
1568695469,-6.079686216,
1569295429,-6.080453136,
1569895389,-6.078400042,
1570495349,-6.070323562,
1571095309,-6.088927261,
1571695269,-6.125082326,
1572295228,-6.089588081,
1572895188,-6.105521595,
1573495148,-6.105459653,
1574095108,-6.096935106,
1574695068,-6.11433979,
1575295028,-6.093510766,
1575894988,-6.12085685,
1576494948,-6.125690065,
1577094908,-6.111627733,
1577694868,-6.122142865,
1578294828,-6.136931385,
1578894788,-6.131955191,
1579494748,-6.14021386,
1580094708,-6.146602414,
1580694668,-6.138805697,
1581294628,-6.151890161,
1581894588,-6.142775624,
1582494548,-6.159610938,
1583094508,-6.160798367,
1583694468,-6.173886159,
1584294428,-6.166982764,
1584894388,-6.14651424,
1585494348,-6.172333858,
1586094308,-6.173694553,
1586694268,-6.197370854,
1587294228,-6.170051058,
1587894188,-6.177871646,
1588494148,-6.193267473,
1589094108,-6.171702567,
1589694068,-6.186053935,
1590294028,-6.188637087,
1590893988,-6.164394325,
1591493948,-6.194219806,
1592093908,-6.17476645,
1592693868,-6.192176761,
1593293828,-6.195083872,
1593893788,-6.168987868,
1594493748,-6.208394883,
1595093708,-6.196618776,
1595693668,-6.197820259,
1596293628,-6.211544448,
1596893588,-6.199053954,
1597493548,-6.199167577,
1598093508,-6.176565834,
1598693468,-6.20110415,
1599293428,-6.202322667,
1599893388,-6.217672679,
1600493348,-6.205051811,
1601093308,-6.165221261,
1601693268,-6.186083335,
1602293228,-6.220804074,
1602893188,-6.208370374,
1603493148,-6.222513621,
1604093108,-6.241031888,
1604693068,-6.212289219,
1605293028,-6.22529476,
1605892988,-6.21974362,
1606492948,-6.196921838,
1607092908,-6.221900814,
1607692868,-6.243000048,
1608292828,-6.23733573,
1608892788,-6.22890909,
1609492748,-6.234748633,
1610092708,-6.235291834,
1610692668,-6.238284107,
1611292628,-6.225885194,
1611892588,-6.240365921,
1612492548,-6.245907988,
1613092508,-6.286066894,
1613692468,-6.270314562,
1614292428,-6.257082795,
1614892388,-6.243809744,
1615492348,-6.274304651,
1616092308,-6.274386771,
1616692268,-6.296016452,
1617292228,-6.249112422,
1617892188,-6.277521239,
1618492148,-6.285483146,
1619092108,-6.275051503,
1619692068,-6.276544099,
1620292028,-6.306162321,
1620891988,-6.30449143,
1621491948,-6.284617663,
1622091908,-6.296601287,
1622691868,-6.325856411,
1623291828,-6.317109898,
1623891788,-6.346726071,
1624491748,-6.33694691,
1625091708,-6.329315128,
1625691668,-6.324374982,
1626291628,-6.342617255,
1626891588,-6.373605539,
1627491548,-6.369020006,
1628091508,-6.377748499,
1628691468,-6.349661754,
1629291428,-6.369810747,
1629891388,-6.384437072,
1630491348,-6.34649701,
1631091308,-6.383821572,
1631691268,-6.403402181,
1632291228,-6.404482509,
1632891188,-6.411673919,
1633491148,-6.401675264,
1634091108,-6.448512173,
1634691068,-6.433662537,
1635291028,-6.429335959,
1635890988,-6.42652382,
1636490948,-6.466307033,
1637090908,-6.428877912,
1637690868,-6.476751509,
1638290828,-6.48643463,
1638890788,-6.497429299,
1639490748,-6.518381784,
1640090708,-6.517141185,
1640690668,-6.543018103,
1641290628,-6.545650277,
1641890588,-6.547957053,
1642490548,-6.580219441,
1643090508,-6.570743963,
1643690468,-6.553748986,
1644290428,-6.592114961,
1644890388,-6.621660343,
1645490348,-6.63046614,
1646090308,-6.626890861,
1646690268,-6.654983017,
1647290228,-6.652376448,
1647890188,-6.663888546,
1648490148,-6.64588386,
1649090108,-6.712095838,
1649690068,-6.693614946,
1650290028,-6.713525821,
1650889988,-6.725500912,
1651489948,-6.729985094,
1652089908,-6.755757024,
1652689868,-6.763024093,
1653289828,-6.773616313,
1653889788,-6.797557307,
1654489748,-6.803175021,
1655089708,-6.817998553,
1655689668,-6.831425144,
1656289628,-6.84983873,
1656889588,-6.847304596,
1657489548,-6.861482828,
1658089508,-6.918408711,
1658689468,-6.903636486,
1659289428,-6.927107747,
1659889388,-6.989812381,
1660489348,-6.977192258,
1661089308,-6.961975338,
1661689268,-6.999175634,
1662289228,-6.998042651,
1662889188,-6.992325387,
1663489148,-7.049687471,
1664089108,-7.011958538,
1664689068,-7.048733015,
1665289028,-7.07162683,
1665888988,-7.038181114,
1666488948,-7.094560477,
1667088908,-7.072917838,
1667688868,-7.126587409,
1668288828,-7.14052295,
1668888788,-7.178984834,
1669488748,-7.173312254,
1670088708,-7.19435684,
1670688668,-7.206480011,
1671288628,-7.221666667,
1671888588,-7.210337089,
1672488548,-7.274585786,
1673088508,-7.271382463,
1673688468,-7.294513715,
1674288428,-7.30512322,
1674888388,-7.293814034,
1675488348,-7.337882287,
1676088308,-7.354121288,
1676688268,-7.357959234,
1677288228,-7.397896792,
1677888188,-7.405053429,
1678488148,-7.413323075,
1679088108,-7.462243515,
1679688068,-7.45602414,
1680288028,-7.470774516,
1680887988,-7.489275209,
1681487948,-7.492993105,
1682087908,-7.523430839,
1682687868,-7.512128331,
1683287828,-7.537811165,
1683887788,-7.559384605,
1684487748,-7.631090873,
1685087708,-7.61794889,
1685687668,-7.631025704,
1686287628,-7.653935006,
1686887588,-7.663134102,
1687487548,-7.693336624,
1688087508,-7.714835542,
1688687468,-7.736355807,
1689287428,-7.767825756,
1689887388,-7.795671136,
1690487348,-7.800107478,
1691087308,-7.840772532,
1691687268,-7.906730838,
1692287228,-7.865804614,
1692887188,-7.886726558,
1693487148,-7.909699008,
1694087108,-7.90993788,
1694687068,-7.956483149,
1695287028,-7.980669562,
1695886988,-8.003000172,
1696486948,-7.996187141,
1697086908,-8.066212727,
1697686868,-8.072976574,
1698286828,-8.135285661,
1698886788,-8.126947656,
1699486748,-8.154904783,
1700086708,-8.236686881,
1700686668,-8.214602536,
1701286628,-8.220593741,
1701886588,-8.259038399,
1702486548,-8.285296392,
1703086508,-8.306480103,
1703686468,-8.371459469,
1704286428,-8.370910437,
1704886388,-8.388838963,
1705486348,-8.430557285,
1706086308,-8.490365254,
1706686268,-8.49299901,
1707286228,-8.551628362,
1707886188,-8.587098426,
1708486148,-8.592882227,
1709086108,-8.62306385,
1709686068,-8.598152632,
1710286028,-8.676787631,
1710885988,-8.762480503,
1711485948,-8.776563957,
1712085908,-8.805959402,
1712685868,-8.808056193,
1713285828,-8.88069057,
1713885788,-8.921154862,
1714485748,-8.962313876,
1715085707,-9.043430424,
1715685667,-9.043348287,
1716285627,-9.094461141,
1716885587,-9.167772137,
1717485547,-9.17920942,
1718085507,-9.214258688,
1718685467,-9.277958697,
1719285427,-9.348966685,
1719885387,-9.340568295,
1720485347,-9.42070626,
1721085307,-9.466794774,
1721685267,-9.48411136,
1722285227,-9.573223043,
1722885187,-9.621644857,
1723485147,-9.744685605,
1724085107,-9.735974306,
1724685067,-9.79176137,
1725285027,-9.851236692,
1725884987,-9.908764371,
1726484947,-9.958575969,
1727084907,-10.06448257,
1727684867,-10.05639359,
1728284827,-10.15000676,
1728884787,-10.25118913,
1729484747,-10.32408159,
1730084707,-10.35132131,
1730684667,-10.43236882,
1731284627,-10.49239522,
1731884587,-10.58133459,
1732484547,-10.63295319,
1733084507,-10.70908498,
1733684467,-10.78136185,
1734284427,-10.90625864,
1734884387,-10.88987608,
1735484347,-11.01298531,
1736084307,-11.08191194,
1736684267,-11.18826266,
1737284227,-11.26749642,
1737884187,-11.38052766,
1738484147,-11.42157639,
1739084107,-11.51661456,
1739684067,-11.58872269,
1740284027,-11.69223911,
1740883987,-11.76403207,
1741483947,-11.89981784,
1742083907,-11.94354588,
1742683867,-12.03611395,
1743283827,-12.12275294,
1743883787,-12.2225492,
1744483747,-12.32132319,
1745083707,-12.38534229,
1745683667,-12.52399812,
1746283627,-12.62748262,
1746883587,-12.73104752,
1747483547,-12.85028684,
1748083507,-12.88827372,
1748683467,-12.99484347,
1749283427,-13.13882494,
1749883387,-13.28028369,
1750483347,-13.39595428,
1751083307,-13.5826907,
1751683267,-13.57041897,
1752283227,-13.75353253,
1752883187,-13.87738978,
1753483147,-13.99129274,
1754083107,-14.13301441,
1754683067,-14.26417059,
1755283027,-14.40803057,
1755882987,-14.56509989,
1756482947,-14.67075194,
1757082907,-14.81081897,
1757682867,-14.95206871,
1758282827,-14.98309392,
1758882787,-15.17146753,
1759482747,-15.39598909,
1760082707,-15.56225653,
1760682667,-15.72555844,
1761282627,-15.85991875,
1761882587,-16.03179195,
1762482547,-16.18340075,
1763082507,-16.34946674,
1763682467,-16.51773919,
1764282427,-16.68893996,
1764882387,-16.96078561,
1765482347,-17.01237242,
1766082307,-17.22034071,
1766682267,-17.44906814,
1767282227,-17.59164077,
1767882187,-17.70395323,
1768482147,-17.97841032,
1769082107,-18.17635722,
1769682067,-18.37903269,
1770282027,-18.66840356,
1770881987,-18.79452436,
1771481947,-19.00841635,
1772081907,-19.11926071,
1772681867,-19.55241461,
1773281827,-19.68014141,
1773881787,-19.91449088,
1774481747,-20.15043649,
1775081707,-20.39145197,
1775681667,-20.64157108,
1776281627,-21.10216248,
1776881587,-21.14685317,
1777481547,-21.40334876,
1778081507,-21.68186229,
1778681467,-21.96245651,
1779281427,-22.24255615,
1779881387,-22.53762296,
1780481347,-22.85162758,
1781081307,-23.04519622,
1781681267,-23.36985381,
1782281227,-23.80170248,
1782881187,-24.14324188,
1783481147,-24.34039936,
1784081107,-24.86310859,
1784681067,-25.24263957,
1785281027,-25.45428258,
1785880987,-26.01322119,
1786480947,-26.47420099,
1787080907,-26.70030611,
1787680867,-27.5983201,
1788280827,-28.05936629,
1788880787,-28.78894507,
1789480747,-29.12923487,
1790080707,-29.10876606,
1790680667,-30.06998787,
1791280627,-30.68774692,
1791880587,-32.30923936,
1792480547,-32.02261138,
1793080507,-32.73037878,
1793680467,-33.49394826,
1794280427,-34.94979382,
1794880387,-35.04958946,
1795480347,-35.80910088,
1796080307,-36.52577182,
1796680267,-37.13800419,
1797280227,-37.58640878,
1797880187,-37.7776401,
1798480147,-37.71362009,
1799080107,-37.39349551,
1799680067,-36.86652417,
1800280027,-36.21852867,
1800879987,-36.24942733,
1801479947,-34.726357,
1802079907,-33.97062082,
1802679867,-33.81948993,
1803279827,-32.53620308,
1803879787,-32.39582476,
1804479747,-31.24151415,
1805079707,-30.64112692,
1805679667,-30.06975644,
1806279627,-29.53185454,
1806879587,-29.02007698,
1807479547,-28.54198623,
1808079507,-28.07275988,
1808679467,-27.63015961,
1809279427,-27.39654345,
1809879387,-26.80805556,
1810479347,-26.55092363,
1811079307,-26.05426886,
1811679267,-25.70184236,
1812279227,-25.3601032,
1812879187,-24.85808497,
1813479147,-24.73019429,
1814079107,-24.30087433,
1814679067,-24.12283477,
1815279027,-23.83955886,
1815878987,-23.57778474,
1816478947,-23.19149086,
1817078907,-23.04949746,
1817678867,-22.80066188,
1818278827,-22.4853972,
1818878787,-22.43549695,
1819478747,-22.10209429,
1820078707,-21.88536567,
1820678667,-21.67263786,
1821278627,-21.46886829,
1821878587,-21.56617596,
1822478547,-21.20961827,
1823078507,-21.06379995,
1823678467,-20.70924477,
1824278427,-20.53391923,
1824878387,-20.36575091,
1825478347,-20.19950426,
1826078307,-20.14065988,
1826678267,-19.98661295,
1827278227,-19.61599187,
1827878187,-19.42070971,
1828478147,-19.42060405,
1829078107,-19.32362333,
1829678067,-19.1917783,
1830278027,-19.07363883,
1830877987,-18.84270742,
1831477947,-18.82883653,
1832077907,-18.77581836,
1832677867,-18.50623057,
1833277827,-18.48948521,
1833877787,-18.28974206,
1834477747,-18.28204056,
1835077707,-18.18573863,
1835677667,-18.00811107,
1836277627,-18.01017131,
1836877587,-17.90670928,
1837477547,-17.8140567,
1838077507,-17.73837375,
1838677467,-17.65734917,
1839277427,-17.57911732,
1839877387,-17.50249296,
1840477347,-17.23962347,
1841077307,-17.36875833,
1841677267,-17.29143824,
1842277227,-17.22655692,
1842877187,-17.09874519,
1843477147,-17.09402821,
1844077107,-17.04438041,
1844677067,-16.92341039,
1845277027,-16.96544764,
1845876987,-16.89093259,
1846476947,-16.83319259,
1847076907,-16.89970804,
1847676867,-16.74155683,
1848276827,-16.63435345,
1848876787,-16.65659531,
1849476747,-16.70774775,
1850076707,-16.59290425,
1850676667,-16.55490346,
1851276627,-16.59080082,
1851876587,-16.54647713,
1852476547,-16.4327132,
1853076507,-16.40767251,
1853676467,-16.3334718,
1854276427,-16.35657882,
1854876387,-16.26474504,
1855476347,-16.22330051,
1856076307,-16.3638197,
1856676267,-16.26718901,
1857276227,-16.10526667,
1857876186,-16.13831624,
1858476146,-16.03697226,
1859076106,-16.15624839,
1859676066,-16.16340178,
1860276026,-16.14972938,
1860875986,-16.13189957,
1861475946,-16.19223096,
1862075906,-16.10412493,
1862675866,-16.09238741,
1863275826,-16.01128773,
1863875786,-16.12362091,
1864475746,-16.04911177,
1865075706,-16.03957427,
1865675666,-16.00498345,
1866275626,-15.93635323,
1866875586,-16.00161582,
1867475546,-16.03153182,
1868075506,-15.97162902,
1868675466,-15.96902867,
1869275426,-15.96040207,
1869875386,-15.79470279,
1870475346,-15.93871369,
1871075306,-15.92938133,
1871675266,-15.91847744,
1872275226,-15.83938372,
1872875186,-15.88200177,
1873475146,-15.80770954,
1874075106,-15.82928406,
1874675066,-15.89259204,
1875275026,-15.86007973,
1875874986,-15.85344147,
1876474946,-15.90132739,
1877074906,-15.7707257,
1877674866,-15.82479352,
1878274826,-15.81503435,
1878874786,-15.72840386,
1879474746,-15.79433312,
1880074706,-15.84638536,
1880674666,-15.63216349,
1881274626,-15.83263195,
1881874586,-15.75444844,
1882474546,-15.74497021,
1883074506,-15.73473478,
1883674466,-15.72479844,
1884274426,-15.64067445,
1884874386,-15.7762047,
1885474346,-15.73463307,
1886074306,-15.6380024,
1886674266,-15.59186438,
1887274226,-15.65815971,
1887874186,-15.60555392,
1888474146,-15.63431842,
1889074106,-15.63897626,
1889674066,-15.61814805,
1890274026,-15.53164343,
1890873986,-15.66062308,
1891473946,-15.60581824,
1892073906,-15.57307132,
1892673866,-15.41357864,
1893273826,-15.54539628,
1893873786,-15.59880037,
1894473746,-15.52873289,
1895073706,-15.43511637,
1895673666,-15.48958276,
1896273626,-15.54406808,
1896873586,-15.46982016,
1897473546,-15.50072688,
1898073506,-15.41694601,
1898673466,-15.42429543,
1899273426,-15.40047295,
1899873386,-15.38209662,
1900473346,-15.37126227,
1901073306,-15.34461819,
1901673266,-15.40046616,
1902273226,-15.32409576,
1902873186,-15.30621792,
1903473146,-15.28675075,
1904073106,-15.27260224,
1904673066,-15.25960559,
1905273026,-15.1676577,
1905872986,-15.21777844,
1906472946,-15.19828036,
1907072906,-15.19375721,
1907672866,-15.16142837,
1908272826,-15.20343706,
1908872786,-15.06539162,
1909472746,-15.11238659,
1910072706,-15.08140117,
1910672666,-15.05669959,
1911272626,-15.02942922,
1911872586,-15.01924012,
1912472546,-14.98336472,
1913072506,-14.98054071,
1913672466,-14.93461706,
1914272426,-14.9440714,
1914872386,-14.86875059,
1915472346,-14.82628028,
1916072306,-14.87036456,
1916672266,-14.78287969,
1917272226,-14.79542039,
1917872186,-14.80395494,
1918472146,-14.78765386,
1919072106,-14.75758281,
1919672066,-14.72203245,
1920272026,-14.70536348,
1920871986,-14.68329872,
1921471946,-14.70157614,
1922071906,-14.62157146,
1922671866,-14.60754524,
1923271826,-14.58332487,
1923871786,-14.55965876,
1924471746,-14.54525959,
1925071706,-14.46647752,
1925671666,-14.48785288,
1926271626,-14.50968052,
1926871586,-14.43087421,
1927471546,-14.39201675,
1928071506,-14.3419421,
1928671466,-14.29379867,
1929271426,-14.32250886,
1929871386,-14.34697251,
1930471346,-14.27634362,
1931071306,-14.26292913,
1931671266,-14.27363396,
1932271226,-14.16648482,
1932871186,-14.11987183,
1933471146,-14.13830968,
1934071106,-14.10551385,
1934671066,-14.06081764,
1935271026,-14.01285203,
1935870986,-14.02926401,
1936470946,-14.01707441,
1937070906,-14.07001002,
1937670866,-13.92975583,
1938270826,-13.95042313,
1938870786,-13.90492243,
1939470746,-13.84762231,
1940070706,-13.8657423,
1940670666,-13.84143482,
1941270626,-13.80348855,
1941870586,-13.82606272,
1942470546,-13.79826422,
1943070506,-13.74751867,
1943670466,-13.8235373,
1944270426,-13.72100206,
1944870386,-13.68054411,
1945470346,-13.6578875,
1946070306,-13.70074089,
1946670266,-13.61699323,
1947270226,-13.59432468,
1947870186,-13.63840479,
1948470146,-13.60493946,
1949070106,-13.48984779,
1949670066,-13.52732281,
1950270026,-13.56209167,
1950869986,-13.4790348,
1951469946,-13.41032432,
1952069906,-13.50571177,
1952669866,-13.41719508,
1953269826,-13.4710655,
1953869786,-13.39535897,
1954469746,-13.39111344,
1955069706,-13.34203725,
1955669666,-13.31344365,
1956269626,-13.34170495,
1956869586,-13.41354028,
1957469546,-13.27028799,
1958069506,-13.30652659,
1958669466,-13.33240773,
1959269426,-13.28847561,
1959869386,-13.30480541,
1960469346,-13.22231221,
1961069306,-13.26204739,
1961669266,-13.25412829,
1962269226,-13.25617932,
1962869186,-13.2414174,
1963469146,-13.23661416,
1964069106,-13.22950558,
1964669066,-13.28708355,
1965269026,-13.22013244,
1965868986,-13.24067352,
1966468946,-13.21373715,
1967068906,-13.27322779,
1967668866,-13.20883951,
1968268826,-13.20714299,
1968868786,-13.20668212,
1969468746,-13.24899687,
1970068706,-13.20733635,
1970668666,-13.27019708,
1971268626,-13.20993296,
1971868586,-13.22466258,
1972468546,-13.2164531,
1973068506,-13.25674032,
1973668466,-13.22416854,
1974268426,-13.25438037,
1974868386,-13.2864472,
1975468346,-13.24132217,
1976068306,-13.29972926,
1976668266,-13.24778534,
1977268226,-13.2618364,
1977868186,-13.28086514,
1978468146,-13.24251259,
1979068106,-13.2911375,
1979668066,-13.30850815,
1980268026,-13.32158114,
1980867986,-13.37087599,
1981467946,-13.34752383,
1982067906,-13.35441704,
1982667866,-13.30648536,
1983267826,-13.38842718,
1983867786,-13.39313446,
1984467746,-13.46541005,
1985067706,-13.43693363,
1985667666,-13.40572164,
1986267626,-13.47631591,
1986867586,-13.49667142,
1987467546,-13.46463771,
1988067506,-13.56820469,
1988667466,-13.52269831,
1989267426,-13.63527025,
1989867386,-13.60692133,
1990467346,-13.64218126,
1991067306,-13.6788684,
1991667266,-13.69855772,
1992267226,-13.69521317,
1992867186,-13.75076847,
1993467146,-13.79634192,
1994067106,-13.87655952,
1994667066,-13.81643454,
1995267026,-13.9119806,
1995866986,-13.99384129,
1996466946,-13.97611816,
1997066906,-14.04901772,
1997666866,-14.03710842,
1998266826,-14.047625,
1998866786,-14.13595981,
1999466746,-14.16592318,
2000066706,-14.25118369,
2000666666,-14.2656707,
2001266626,-14.31104629,
2001866585,-14.35888729,
2002466545,-14.40449606,
2003066505,-14.40130856,
2003666465,-14.50776167,
2004266425,-14.5060016,
2004866385,-14.67404003,
2005466345,-14.64986979,
2006066305,-14.67554048,
2006666265,-14.70107127,
2007266225,-14.83637319,
2007866185,-14.93411515,
2008466145,-14.92632381,
2009066105,-14.99342799,
2009666065,-14.98522738,
2010266025,-14.97430343,
2010865985,-15.18464386,
2011465945,-15.24526185,
2012065905,-15.4218488,
2012665865,-15.36644204,
2013265825,-15.43903791,
2013865785,-15.56806559,
2014465745,-15.55090284,
2015065705,-15.62887196,
2015665665,-15.69523675,
2016265625,-15.82296328,
2016865585,-15.82546672,
2017465545,-15.91438784,
2018065505,-15.98498846,
2018665465,-16.05822726,
2019265425,-16.20806268,
2019865385,-16.20459316,
2020465345,-16.3692361,
2021065305,-16.35727112,
2021665265,-16.43240181,
2022265225,-16.50946137,
2022865185,-16.59776488,
2023465145,-16.66551652,
2024065105,-16.75486928,
2024665065,-16.82258772,
2025265025,-16.83543061,
2025864985,-16.98434968,
2026464945,-17.06402122,
2027064905,-17.14537092,
2027664865,-17.22726519,
2028264825,-17.30918655,
2028864785,-17.38272203,
2029464745,-17.46973616,
2030064705,-17.58618292,
2030664665,-17.69516785,
2031264625,-17.72942743,
2031864585,-17.87637396,
2032464545,-17.98122586,
2033064505,-17.99438225,
2033664465,-18.04605617,
2034264425,-18.08239157,
2034864385,-18.25754049,
2035464345,-18.34800976,
2036064305,-18.43835424,
2036664265,-18.56234819,
2037264225,-18.61641757,
2037864185,-18.73395914,
2038464145,-18.77726776,
2039064105,-18.83699019,
2039664065,-18.95702624,
2040264025,-19.06424864,
2040863985,-18.92617638,
2041463945,-19.24231875,
2042063905,-19.3323932,
2042663865,-19.42108385,
2043263825,-19.51250922,
2043863785,-19.63476904,
2044463745,-19.69227882,
2045063705,-19.71359942,
2045663665,-19.87498734,
2046263625,-19.81859557,
2046863585,-20.05815869,
2047463545,-20.14973499,
2048063505,-20.36878278,
2048663465,-20.33675378,
2049263425,-20.45509338,
2049863385,-20.52525515,
2050463345,-20.88204362,
2051063305,-20.71622588,
2051663265,-20.81151168,
2052263225,-21.06964164,
2052863185,-21.16063124,
2053463145,-21.15345274,
2054063105,-21.35669003,
2054663065,-21.30407789,
2055263025,-21.41771412,
2055862985,-21.51845612,
2056462945,-21.62845235,
2057062905,-21.72768202,
2057662865,-21.83365472,
2058262825,-21.93514824,
2058862785,-22.04576671,
2059462745,-22.21883814,
2060062705,-22.25648591,
2060662665,-22.26574374,
2061262625,-22.54028039,
2061862585,-22.5869845,
2062462545,-22.49090306,
2063062505,-22.80837189,
2063662465,-22.91346507,
2064262425,-23.03587233,
2064862385,-23.13081835,
2065462345,-23.26151834,
2066062305,-23.45956889,
2066662265,-23.49745077,
2067262225,-23.48214578,
2067862185,-23.73335563,
2068462145,-23.85450654,
2069062105,-23.97577607,
2069662065,-24.17693622,
2070262025,-24.23376464,
2070861985,-24.34839136,
2071461945,-24.31575946,
2072061905,-24.60360729,
2072661865,-24.72824044,
2073261825,-24.86659296,
2073861785,-25.09939444,
2074461745,-25.21094539,
2075061705,-25.07645299,
2075661665,-24.99688565,
2076261625,-25.54884877,
2076861585,-25.68732228,
2077461545,-25.82204941,
2078061505,-25.72356095,
2078661465,-25.86716455,
2079261425,-26.40200607,
2079861385,-26.40042208,
2080461345,-26.30631867,
2081061305,-26.57195263,
2081661265,-26.02475852,
2082261225,-26.68442834,
2082861185,-27.0107461,
2083461145,-27.30294275,
2084061105,-27.43279095,
2084661065,-27.30133565,
2085261025,-27.96139227,
2085860985,-27.61599621,
2086460945,-28.35337881,
2087060905,-28.52693193,
2087660865,-28.09332232,
2088260825,-28.89720058,
2088860785,-28.7953652,
2089460745,-28.97375548,
2090060705,-29.34128595,
2090660665,-28.94146454,
2091260625,-29.97328653,
2091860585,-29.71739454,
2092460545,-30.16959408,
2093060505,-31.0149313,
2093660465,-30.94576144,
2094260425,-30.51142237,
2094860385,-30.71960005,
2095460345,-30.91757628,
2096060305,-31.16960659,
2096660265,-31.37907564,
2097260225,-31.60448918,
2097860185,-31.83296678,
2098460145,-33.79391948,
2099060105,-32.86534911,
2099660065,-33.05005369,
2100260025,-32.8401857,
2100859985,-34.40469848,
2101459945,-33.36330929,
2102059905,-33.64456162,
2102659865,-35.99107095,
2103259825,-34.89472707,
2103859785,-34.53037911,
2104459745,-34.83588258,
2105059705,-35.16876512,
2105659665,-35.51347766,
2106259625,-35.87380274,
2106859585,-36.2388018,
2107459545,-36.61832351,
2108059505,-37.03507309,
2108659465,-37.45902847,
2109259425,-37.90069364,
2109859385,-38.36766721,
2110459345,-38.88046322,
2111059305,-39.41053216,
2111659265,-39.97409689,
2112259225,-40.58280239,
2112859185,-41.23087332,
2113459145,-41.94083801,
2114059105,-42.73214496,
2114659065,-43.56421871,
2115259025,-44.45981459,
2115858985,-45.44633969,
2116458945,-46.52987832,
2117058905,-47.67703099,
2117658865,-48.89997537,
2118258825,-50.09962966,
2118858785,-51.02757626,
2119458745,-51.53122205,
2120058705,-51.29058282,
2120658665,-50.52419809,
2121258625,-49.41612074,
2121858585,-48.14810422,
2122458545,-46.9212103,
2123058505,-45.76233263,
2123658465,-44.69057162,
2124258425,-43.71557183,
2124858385,-42.80225757,
2125458345,-41.97177979,
2126058305,-41.20460933,
2126658265,-40.47697201,
2127258225,-39.81787406,
2127858185,-39.19376534,
2128458145,-38.60257471,
2129058105,-38.05518748,
2129658065,-37.54168705,
2130258025,-37.03759547,
2130857985,-36.55570697,
2131457945,-36.118738,
2132057905,-35.69416551,
2132657865,-36.13314952,
2133257825,-34.87261907,
2133857785,-34.48945031,
2134457745,-34.1269536,
2135057705,-33.77446841,
2135657665,-33.43318242,
2136257625,-33.08809811,
2136857585,-33.51144144,
2137457545,-32.45957485,
2138057505,-32.15682359,
2138657465,-32.39801823,
2139257425,-32.7073436,
2139857385,-31.28800674,
2140457345,-31.45492972,
2141057305,-31.25372572,
2141657265,-30.93828084,
2142257225,-30.22632003,
2142857185,-29.98445386,
2143457145,-29.73479171,
2144057105,-29.87315831,
2144657065,-29.26755534,
2145257025,-29.0381652,
2145856985,-28.81799936,
2146456945,-28.58876728,
2147056905,-28.7281847,
2147656865,-27.8396192,
2148256825,-27.85408511,
2148856785,-27.42562382,
2149456745,-27.84153544,
2150056705,-27.37127247,
2150656665,-26.8463449,
2151256625,-26.96632859,
2151856585,-26.99532844,
2152456545,-26.29314662,
2153056505,-26.16872046,
2153656465,-25.85370281,
2154256425,-26.1665427,
2154856385,-25.8666635,
2155456344,-25.79363203,
2156056304,-25.64765148,
2156656264,-25.11986714,
2157256224,-24.91677044,
2157856184,-24.98816036,
2158456144,-24.82290733,
2159056104,-24.65788177,
2159656064,-24.48496074,
2160256024,-24.32534127,
2160855984,-24.24314043,
2161455944,-24.00756915,
2162055904,-23.67391824,
2162655864,-23.69558446,
2163255824,-23.39342018,
2163855784,-23.38890799,
2164455744,-23.2090261,
2165055704,-23.0781781,
2165655664,-22.99765483,
2166255624,-22.77313348,
2166855584,-22.63016003,
2167455544,-22.56538937,
2168055504,-22.40036995,
2168655464,-21.98192862,
2169255424,-22.06076933,
2169855384,-21.90802779,
2170455344,-21.76087674,
2171055304,-21.63261795,
2171655264,-21.50986523,
2172255224,-21.36200209,
2172855184,-21.22640913,
2173455144,-21.13282926,
2174055104,-20.88965732,
2174655064,-20.74957774,
2175255024,-20.70236105,
2175854984,-20.48511838,
2176454944,-20.44393654,
2177054904,-20.30303861,
2177654864,-20.13340768,
2178254824,-20.06809391,
2178854784,-19.88209094,
2179454744,-19.91842031,
2180054704,-19.84028857,
2180654664,-19.56460552,
2181254624,-19.45918529,
2181854584,-19.33728617,
2182454544,-18.95483813,
2183054504,-18.92205861,
2183654464,-18.84419618,
2184254424,-18.73394125,
2184854384,-18.45023901,
2185454344,-18.777519,
2186054304,-18.42864771,
2186654264,-18.52714737,
2187254224,-18.28919327,
2187854184,-18.19092355,
2188454144,-18.08657209,
2189054104,-17.83972062,
2189654064,-17.94090901,
2190254024,-17.74922032,
2190853984,-17.6308095,
2191453944,-17.52405919,
2192053904,-17.44509821,
2192653864,-17.32652397,
2193253824,-17.21275949,
2193853784,-17.12470012,
2194453744,-17.00463085,
2195053704,-16.82512365,
2195653664,-16.73464146,
2196253624,-16.71802672,
2196853584,-16.60529892,
2197453544,-16.5075075,
2198053504,-16.39517035,
2198653464,-16.31719617,
2199253424,-16.14959913,
2199853384,-16.16366066,
2200453344,-16.03919788,
2201053304,-15.94980813,
2201653264,-15.96877487,
2202253224,-15.68550164,
2202853184,-15.67920858,
2203453144,-15.5424815,
2204053104,-15.51372772,
2204653064,-15.48031819,
2205253024,-15.34478323,
2205852984,-15.24247297,
2206452944,-15.12133452,
2207052904,-15.09955815,
2207652864,-14.95370993,
2208252824,-14.85691583,
2208852784,-14.78043549,
2209452744,-14.85697625,
2210052704,-14.69003043,
2210652664,-14.62303509,
2211252624,-14.56853762,
2211852584,-14.48584429,
2212452544,-14.41203242,
2213052504,-14.2631519,
2213652464,-14.23895577,
2214252424,-14.17905067,
2214852384,-14.10869536,
2215452344,-13.96632833,
2216052304,-13.9031809,
2216652264,-13.77957542,
2217252224,-13.84536939,
2217852184,-13.70561544,
2218452144,-13.68610937,
2219052104,-13.63766984,
2219652064,-13.57079105,
2220252024,-13.47613418,
2220851984,-13.44459431,
2221451944,-13.3864686,
2222051904,-13.24995712,
2222651864,-13.2740195,
2223251824,-13.19475248,
2223851784,-13.16614275,
2224451744,-13.1354786,
2225051704,-13.02566401,
2225651664,-12.95571991,
2226251624,-13.00083625,
2226851584,-12.88519038,
2227451544,-12.83539336,
2228051504,-12.8188978,
2228651464,-12.70815771,
2229251424,-12.67061066,
2229851384,-12.68011646,
2230451344,-12.58499886,
2231051304,-12.56966341,
2231651264,-12.49154677,
2232251224,-12.37087529,
2232851184,-12.40482845,
2233451144,-12.36971118,
2234051104,-12.31588031,
2234651064,-12.21272847,
2235251024,-12.22953975,
2235850984,-12.12806846,
2236450944,-12.26654397,
2237050904,-12.11071386,
2237650864,-12.08744474,
2238250824,-11.97686783,
2238850784,-11.98698976,
2239450744,-11.95805303,
2240050704,-11.97517706,
2240650664,-11.84738727,
2241250624,-11.85139224,
2241850584,-11.71278258,
2242450544,-11.78346074,
2243050504,-11.63134503,
2243650464,-11.71884131,
2244250424,-11.68198635,
2244850384,-11.70369554,
2245450344,-11.57776095,
2246050304,-11.63875146,
2246650264,-11.55877922,
2247250224,-11.51835707,
2247850184,-11.44624694,
2248450144,-11.47143372,
2249050104,-11.4412434,
2249650064,-11.43248542,
2250250024,-11.39343112,
2250849984,-11.36289151,
2251449944,-11.3463145,
2252049904,-11.31547897,
2252649864,-11.28873833,
2253249824,-11.26466343,
2253849784,-11.23842503,
2254449744,-11.2205441,
2255049704,-11.19128546,
2255649664,-11.17557374,
2256249624,-11.15536669,
2256849584,-11.13669998,
2257449544,-11.11477224,
2258049504,-11.09644338,
2258649464,-11.071521,
2259249424,-11.06013513,
2259849384,-11.04159634,
2260449344,-11.0275535,
2261049304,-11.0003763,
2261649264,-10.97574017,
2262249224,-10.97270694,
2262849184,-10.94298705,
2263449144,-10.95705873,
2264049104,-10.98023717,
2264649064,-10.91301622,
2265249024,-10.89761596,
2265848984,-10.88231761,
2266448944,-10.86887515,
2267048904,-10.89464935,
2267648864,-10.84141012,
2268248824,-10.87545742,
2268848784,-10.81692766,
2269448744,-10.82661228,
2270048704,-10.78383646,
2270648664,-10.78749703,
2271248624,-10.75565939,
2271848584,-10.74315578,
2272448544,-10.72852437,
2273048504,-10.72224425,
2273648464,-10.70447033,
2274248424,-10.68109419,
2274848384,-10.64545123,
2275448344,-10.66363692,
2276048304,-10.74428292,
2276648264,-10.71549709,
2277248224,-10.57457907,
2277848184,-10.60355211,
2278448144,-10.56428362,
2279048104,-10.64344563,
2279648064,-10.68658365,
2280248024,-10.60387984,
2280847984,-10.57767631,
2281447944,-10.56812878,
2282047904,-10.50141372,
2282647864,-10.53923565,
2283247824,-10.52803578,
2283847784,-10.50516961,
2284447744,-10.50521703,
2285047704,-10.49502716,
2285647664,-10.48797783,
2286247624,-10.47644507,
2286847584,-10.47176234,
2287447544,-10.44435685,
2288047504,-10.4960791,
2288647464,-10.40974833,
2289247424,-10.45586699,
2289847384,-10.41418404,
2290447344,-10.45900379,
2291047304,-10.40242024,
2291647264,-10.36398675,
2292247224,-10.48231029,
2292847184,-10.37368471,
2293447144,-10.37817695,
2294047104,-10.35400552,
2294647064,-10.35688901,
2295247024,-10.29597624,
2295846984,-10.32552492,
2296446944,-10.31650435,
2297046904,-10.30712852,
2297646864,-10.2527737,
2298246824,-10.34771053,
2298846784,-10.32420084,
2299446744,-10.25745538,
2300046704,-10.29251164,
2300646664,-10.24369831,
2301246624,-10.25225964,
2301846584,-10.22568786,
2302446544,-10.20891897,
2303046504,-10.21791221,
2303646464,-10.24272949,
2304246424,-10.18413337,
2304846384,-10.1247368,
2305446344,-10.1613562,
2306046304,-10.16487893,
2306646264,-10.05388832,
2307246224,-10.09293027,
2307846184,-10.15998097,
2308446144,-10.14314678,
2309046103,-10.03136785,
2309646063,-9.951135816,
2310246023,-10.10641612,
2310845983,-10.00540331,
2311445943,-10.04415788,
2312045903,-9.985980205,
2312645863,-10.02000429,
2313245823,-10.00624026,
2313845783,-9.995676347,
2314445743,-9.982381905,
2315045703,-9.968406051,
2315645663,-9.956657256,
2316245623,-9.934666273,
2316845583,-9.928927969,
2317445543,-9.916894003,
2318045503,-9.878588506,
2318645463,-9.890277863,
2319245423,-9.860029538,
2319845383,-9.817608186,
2320445343,-9.851451315,
2321045303,-9.802825655,
2321645263,-9.828876561,
2322245223,-9.802848956,
2322845183,-9.791048099,
2323445143,-9.761417965,
2324045103,-9.762787901,
2324645063,-9.735745175,
2325245023,-9.744308297,
2325844983,-9.672215922,
2326444943,-9.656622975,
2327044903,-9.68462534,
2327644863,-9.665251577,
2328244823,-9.647173972,
2328844783,-9.67964592,
2329444743,-9.626258411,
2330044703,-9.640097653,
2330644663,-9.610425041,
2331244623,-9.588596812,
2331844583,-9.515830516,
2332444543,-9.501911641,
2333044503,-9.533048981,
2333644463,-9.51901348,
2334244423,-9.502834491,
2334844383,-9.45301618,
2335444343,-9.439287172,
2336044303,-9.410660447,
2336644263,-9.393119168,
2337244223,-9.337508608,
2337844183,-9.277622243,
2338444143,-9.370513221,
2339044103,-9.309717893,
2339644063,-9.277144421,
2340244023,-9.271422387,
2340843983,-9.247340072,
2341443943,-9.226352194,
2342043903,-9.193996407,
2342643863,-9.172591614,
2343243823,-9.15237166,
2343843783,-9.199290201,
2344443743,-9.085090352,
2345043703,-9.063737522,
2345643663,-9.07108481,
2346243623,-9.011197818,
2346843583,-9.025730808,
2347443543,-9.001699208,
2348043503,-8.98014668,
2348643463,-8.979062532,
2349243423,-8.92993811,
2349843383,-8.90713173,
2350443343,-8.883389302,
2351043303,-8.859911343,
2351643263,-8.818145542,
2352243223,-8.813887049,
2352843183,-8.800808344,
2353443143,-8.768312071,
2354043103,-8.727812183,
2354643063,-8.741007484,
2355243023,-8.70154801,
2355842983,-8.662584252,
2356442943,-8.610233407,
2357042903,-8.614741002,
2357642863,-8.592509673,
2358242823,-8.563515443,
2358842783,-8.538991758,
2359442743,-8.509032737,
2360042703,-8.480166072,
2360642663,-8.474299343,
2361242623,-8.429169229,
2361842583,-8.43711032,
2362442543,-8.388313548,
2363042503,-8.347272252,
2363642463,-8.333929536,
2364242423,-8.308177153,
2364842383,-8.323472217,
2365442343,-8.220479202,
2366042303,-8.225034904,
2366642263,-8.244494602,
2367242223,-8.19811556,
2367842183,-8.146071721,
2368442143,-8.129383673,
2369042103,-8.101288766,
2369642063,-8.097308261,
2370242023,-8.053868009,
2370841983,-8.037128318,
2371441943,-7.995377824,
2372041903,-8.006086672,
2372641863,-7.993536123,
2373241823,-7.924929948,
2373841783,-7.908628566,
2374441743,-7.848510575,
2375041703,-7.849573908,
2375641663,-7.802911086,
2376241623,-7.789850919,
2376841583,-7.772110353,
2377441543,-7.771514961,
2378041503,-7.719972019,
2378641463,-7.680927933,
2379241423,-7.663020345,
2379841383,-7.656404373,
2380441343,-7.621524301,
2381041303,-7.598221699,
2381641263,-7.542936641,
2382241223,-7.503991196,
2382841183,-7.520973713,
2383441143,-7.516429239,
2384041103,-7.474536781,
2384641063,-7.450209108,
2385241023,-7.428100234,
2385840983,-7.390993477,
2386440943,-7.379392712,
2387040903,-7.366900617,
2387640863,-7.329184181,
2388240823,-7.328187832,
2388840783,-7.273726281,
2389440743,-7.296296556,
2390040703,-7.217203824,
2390640663,-7.22240285,
2391240623,-7.201040464,
2391840583,-7.182246816,
2392440543,-7.106778202,
2393040503,-7.137974785,
2393640463,-7.123842571,
2394240423,-7.077988065,
2394840383,-7.047459127,
2395440343,-7.090477903,
2396040303,-7.049543787,
2396640263,-7.017198931,
2397240223,-7.028868842,
2397840183,-6.981317777,
2398440143,-6.969782191,
2399040103,-6.944568966,
2399640063,-6.943235148,
2400240023,-6.908889477,
2400839983,-6.873118337,
2401439943,-6.875459911,
2402039903,-6.869132263,
2402639863,-6.810669986,
2403239823,-6.840846002,
2403839783,-6.78920366,
2404439743,-6.796347101,
2405039703,-6.754189727,
2405639663,-6.784524873,
2406239623,-6.727779973,
2406839583,-6.739942829,
2407439543,-6.696111881,
2408039503,-6.728617194,
2408639463,-6.653314857,
2409239423,-6.668538171,
2409839383,-6.67522032,
2410439343,-6.676529951,
2411039303,-6.664705303,
2411639263,-6.604693467,
2412239223,-6.626545236,
2412839183,-6.644280151,
2413439143,-6.597306826,
2414039103,-6.605724808,
2414639063,-6.582747246,
2415239023,-6.568163725,
2415838983,-6.561756719,
2416438943,-6.582283042,
2417038903,-6.572515061,
2417638863,-6.557139457,
2418238823,-6.523707486,
2418838783,-6.508642495,
2419438743,-6.523474357,
2420038703,-6.505324933,
2420638663,-6.467873023,
2421238623,-6.456423181,
2421838583,-6.416557171,
2422438543,-6.470781114,
2423038503,-6.466975152,
2423638463,-6.457195743,
2424238423,-6.450864046,
2424838383,-6.43651326,
2425438343,-6.436205193,
2426038303,-6.431106992,
2426638263,-6.424749626,
2427238223,-6.418667186,
2427838183,-6.434322345,
2428438143,-6.407914243,
2429038103,-6.400112613,
2429638063,-6.413153073,
2430238023,-6.395504947,
2430837983,-6.389227114,
2431437943,-6.386019691,
2432037903,-6.394533052,
2432637863,-6.350705444,
2433237823,-6.380226866,
2433837783,-6.359765338,
2434437743,-6.364260222,
2435037703,-6.358424105,
2435637663,-6.361690235,
2436237623,-6.359630299,
2436837583,-6.350715711,
2437437543,-6.350363884,
2438037503,-6.399975878,
2438637463,-6.317127863,
2439237423,-6.339170502,
2439837383,-6.308740237,
2440437343,-6.315925415,
2441037303,-6.338094273,
2441637263,-6.290338932,
2442237223,-6.355201596,
2442837183,-6.329909863,
2443437143,-6.324902075,
2444037103,-6.324991526,
2444637063,-6.323832182,
2445237023,-6.321093483,
2445836983,-6.308953214,
2446436943,-6.326306786,
2447036903,-6.317547025,
2447636863,-6.326027303,
2448236823,-6.320034537,
2448836783,-6.315761281,
2449436743,-6.325212633,
2450036703,-6.275568788,
2450636663,-6.306628933,
2451236623,-6.317168646,
2451836583,-6.341203411,
2452436543,-6.298504713,
2453036503,-6.272836358,
2453636463,-6.295708307,
2454236423,-6.349557801,
2454836383,-6.293154747,
2455436343,-6.314294929,
2456036303,-6.28155308,
2456636263,-6.298718122,
2457236223,-6.28398151,
2457836183,-6.280953589,
2458436143,-6.278664271,
2459036103,-6.277613472,
2459636063,-6.221098864,
2460236023,-6.272930922,
2460835983,-6.253526929,
2461435943,-6.267097656,
2462035903,-6.254429798,
2462635863,-6.268321399,
2463235822,-6.230694906,
2463835782,-6.256701951,
2464435742,-6.250703677,
2465035702,-6.235166764,
2465635662,-6.25062443,
2466235622,-6.240742936,
2466835582,-6.229628489,
2467435542,-6.233742192,
2468035502,-6.228520173,
2468635462,-6.226785762,
2469235422,-6.230126006,
2469835382,-6.240881175,
2470435342,-6.217299615,
2471035302,-6.233595029,
2471635262,-6.160737814,
2472235222,-6.199042835,
2472835182,-6.212833331,
2473435142,-6.187849959,
2474035102,-6.183628151,
2474635062,-6.188923006,
2475235022,-6.182205543,
2475834982,-6.179423799,
2476434942,-6.176806036,
2477034902,-6.170673058,
2477634862,-6.135207725,
2478234822,-6.186242019,
2478834782,-6.16916775,
2479434742,-6.149969629,
2480034702,-6.144441923,
2480634662,-6.134366816,
2481234622,-6.134786879,
2481834582,-6.130745376,
2482434542,-6.123054507,
2483034502,-6.119201507,
2483634462,-6.110380341,
2484234422,-6.125916568,
2484834382,-6.106171233,
2485434342,-6.095641991,
2486034302,-6.118233346,
2486634262,-6.106298668,
2487234222,-6.083172166,
2487834182,-6.113675865,
2488434142,-6.053261731,
2489034102,-6.066873857,
2489634062,-6.056399097,
2490234022,-6.085963714,
2490833982,-6.050572162,
2491433942,-6.071631891,
2492033902,-6.039478861,
2492633862,-6.039014566,
2493233822,-6.054920767,
2493833782,-6.036717996,
2494433742,-6.04336878,
2495033702,-6.022817828,
2495633662,-5.990591362,
2496233622,-5.998007035,
2496833582,-5.990153529,
2497433542,-5.990452225,
2498033502,-5.984202978,
2498633462,-5.97684896,
2499233422,-5.954979539,
2499833382,-5.967608285,
2500433342,-5.969679439,
2501033302,-5.960578236,
2501633262,-5.983590318,
2502233222,-5.948739942,
2502833182,-5.945598789,
2503433142,-5.967698783,
2504033102,-5.933288669,
2504633062,-5.910771075,
2505233022,-5.923556904,
2505832982,-5.919991025,
2506432942,-5.936788963,
2507032902,-5.911034647,
2507632862,-5.923450344,
2508232822,-5.903078115,
2508832782,-5.897080205,
2509432742,-5.879079452,
2510032702,-5.938385384,
2510632662,-5.884969347,
2511232622,-5.897695987,
2511832582,-5.909979259,
2512432542,-5.877978511,
2513032502,-5.874388957,
2513632462,-5.902620069,
2514232422,-5.869258919,
2514832382,-5.866362019,
2515432342,-5.861987255,
2516032302,-5.888353428,
2516632262,-5.856324707,
2517232222,-5.864508599,
2517832182,-5.836865581,
2518432142,-5.877007938,
2519032102,-5.846306769,
2519632062,-5.843655351,
2520232022,-5.826940013,
2520831982,-5.83958102,
2521431942,-5.836326438,
2522031902,-5.850786595,
2522631862,-5.864515524,
2523231822,-5.835228276,
2523831782,-5.833271889,
2524431742,-5.833224064,
2525031702,-5.845142275,
2525631662,-5.806460622,
2526231622,-5.820874295,
2526831582,-5.829578969,
2527431542,-5.828218783,
2528031502,-5.802307143,
2528631462,-5.828044959,
2529231422,-5.853599517,
2529831382,-5.848057721,
2530431342,-5.828517107,
2531031302,-5.829598884,
2531631262,-5.830441603,
2532231222,-5.820224356,
2532831182,-5.831740724,
2533431142,-5.801009685,
2534031102,-5.835165987,
2534631062,-5.831320395,
2535231022,-5.833265615,
2535830982,-5.846206209,
2536430942,-5.814833736,
2537030902,-5.836571432,
2537630862,-5.836526685,
2538230822,-5.821216437,
2538830782,-5.832018869,
2539430742,-5.8303187,
2540030702,-5.833368781,
2540630662,-5.845734546,
2541230622,-5.836817486,
2541830582,-5.860647976,
2542430542,-5.85282072,
2543030502,-5.880507247,
2543630462,-5.881902136,
2544230422,-5.829594215,
2544830382,-5.858918478,
2545430342,-5.861205024,
2546030302,-5.843166457,
2546630262,-5.851837391,
2547230222,-5.867846252,
2547830182,-5.895183503,
2548430142,-5.839716395,
2549030102,-5.881299206,
2549630062,-5.923447472,
2550230022,-5.879365122,
2550829982,-5.912343493,
2551429942,-5.901193613,
2552029902,-5.889718706,
2552629862,-5.888957357,
2553229822,-5.911849513,
2553829782,-5.908915614,
2554429742,-5.92435551,
2555029702,-5.916446255,
2555629662,-5.911326633,
2556229622,-5.951982075,
2556829582,-5.912026969,
2557429542,-5.916982082,
2558029502,-5.948415539,
2558629462,-5.920470939,
2559229422,-5.924833663,
2559829382,-5.89570181,
2560429342,-5.962237443,
2561029302,-5.925769234,
2561629262,-5.948940817,
2562229222,-5.940955473,
2562829182,-5.961297244,
2563429142,-5.987387922,
2564029102,-5.977846695,
2564629062,-5.955981812,
2565229022,-5.953609541,
2565828982,-5.953013863,
2566428942,-6.020722286,
2567028902,-5.962590067,
2567628862,-5.960299544,
2568228822,-5.940772441,
2568828782,-5.967468421,
2569428742,-5.968952705,
2570028702,-5.955022545,
2570628662,-5.974035184,
2571228622,-5.999012657,
2571828582,-5.979701168,
2572428542,-6.034255924,
2573028502,-5.956214175,
2573628462,-5.975174721,
2574228422,-5.988562097,
2574828382,-5.991049376,
2575428342,-5.993666352,
2576028302,-5.981094277,
2576628262,-5.99749452,
2577228222,-6.023482818,
2577828182,-5.997332099,
2578428142,-6.008351568,
2579028102,-6.00222173,
2579628062,-5.987829827,
2580228022,-6.008456108,
2580827982,-5.999496491,
2581427942,-5.994108545,
2582027902,-6.010168598,
2582627862,-6.040994442,
2583227822,-6.020542139,
2583827782,-5.992164767,
2584427742,-5.988566608,
2585027702,-6.018602972,
2585627662,-6.017608243,
2586227622,-6.017473919,
2586827582,-5.992765227,
2587427542,-6.02137098,
2588027502,-6.033906791,
2588627462,-6.026255457,
2589227422,-6.022610729,
2589827382,-6.037706534,
2590427342,-6.011541854,
2591027302,-6.068181432,
2591627262,-6.030970268,
2592227222,-6.017272537,
2592827182,-6.033882231,
2593427142,-6.013506789,
2594027102,-6.020221331,
2594627062,-6.031900185,
2595227022,-6.035786715,
2595826982,-6.08428095,
2596426942,-6.037178632,
2597026902,-6.009552048,
2597626862,-6.036488642,
2598226822,-6.048102572,
2598826782,-6.036299692,
2599426742,-6.042719618,
2600026702,-6.053176006,
2600626662,-6.045978135,
2601226622,-6.035518443,
2601826582,-6.048390635,
2602426542,-6.042688927,
2603026502,-6.052653928,
2603626462,-6.052359214,
2604226422,-6.093312641,
2604826382,-6.075251853,
2605426342,-6.086069799,
2606026302,-6.063284926,
2606626262,-6.077809744,
2607226222,-6.083366296,
2607826182,-6.069856291,
2608426142,-6.090004185,
2609026102,-6.059748789,
2609626062,-6.078644422,
2610226022,-6.076379078,
2610825982,-6.077719155,
2611425942,-6.105986259,
2612025902,-6.061377203,
2612625862,-6.110070086,
2613225822,-6.135300447,
2613825782,-6.103808586,
2614425742,-6.110401333,
2615025702,-6.098715343,
2615625662,-6.112374212,
2616225622,-6.119278159,
2616825581,-6.129312744,
2617425541,-6.130694466,
2618025501,-6.161485004,
2618625461,-6.132616261,
2619225421,-6.174470126,
2619825381,-6.153727882,
2620425341,-6.160190927,
2621025301,-6.190137205,
2621625261,-6.175454897,
2622225221,-6.177920599,
2622825181,-6.183962375,
2623425141,-6.192256842,
2624025101,-6.208298544,
2624625061,-6.208029833,
2625225021,-6.211554924,
2625824981,-6.223421611,
2626424941,-6.229161847,
2627024901,-6.214890217,
2627624861,-6.242543644,
2628224821,-6.227185085,
2628824781,-6.265692046,
2629424741,-6.275555925,
2630024701,-6.258400183,
2630624661,-6.30588775,
2631224621,-6.285548061,
2631824581,-6.316379377,
2632424541,-6.325237932,
2633024501,-6.308794928,
2633624461,-6.336294991,
2634224421,-6.358663299,
2634824381,-6.398283804,
2635424341,-6.405053659,
2636024301,-6.409005858,
2636624261,-6.405104439,
2637224221,-6.416405799,
2637824181,-6.400114726,
2638424141,-6.446115554,
2639024101,-6.453625465,
2639624061,-6.472862974,
2640224021,-6.468149288,
2640823981,-6.50812209,
2641423941,-6.51038563,
2642023901,-6.545502166,
2642623861,-6.558408829,
2643223821,-6.563183829,
2643823781,-6.56339755,
2644423741,-6.577414923,
2645023701,-6.58916722,
2645623661,-6.605583144,
2646223621,-6.590359768,
2646823581,-6.636591786,
2647423541,-6.652365064,
2648023501,-6.62963372,
2648623461,-6.686887733,
2649223421,-6.722016045,
2649823381,-6.741055737,
2650423341,-6.737449158,
2651023301,-6.742585941,
2651623261,-6.759824132,
2652223221,-6.775445006,
2652823181,-6.808900635,
2653423141,-6.796378971,
2654023101,-6.867572744,
2654623061,-6.786642456,
2655223021,-6.857885109,
2655822981,-6.898643488,
2656422941,-6.915591642,
2657022901,-6.908997772,
2657622861,-6.901299996,
2658222821,-6.978091176,
2658822781,-6.958478313,
2659422741,-6.975052511,
2660022701,-6.972040655,
2660622661,-7.039213787,
2661222621,-7.069811074,
2661822581,-7.074737485,
2662422541,-7.059173994,
2663022501,-7.106635491,
2663622461,-7.126080749,
2664222421,-7.111560825,
2664822381,-7.126019855,
2665422341,-7.136283379,
2666022301,-7.172190059,
2666622261,-7.223412238,
2667222221,-7.194542425,
2667822181,-7.209973206,
2668422141,-7.213065958,
2669022101,-7.243055463,
2669622061,-7.259770688,
2670222021,-7.310140568,
2670821981,-7.305211672,
2671421941,-7.342856191,
2672021901,-7.31194836,
2672621861,-7.339600314,
2673221821,-7.354442759,
2673821781,-7.371116806,
2674421741,-7.378407981,
2675021701,-7.403342187,
2675621661,-7.414223403,
2676221621,-7.413205489,
2676821581,-7.443648301,
2677421541,-7.446221139,
2678021501,-7.501917113,
2678621461,-7.457796812,
2679221421,-7.513967333,
2679821381,-7.503225999,
2680421341,-7.533508283,
2681021301,-7.523445953,
2681621261,-7.555886188,
2682221221,-7.55600154,
2682821181,-7.581694918,
2683421141,-7.609818407,
2684021101,-7.627754131,
2684621061,-7.635999949,
2685221021,-7.631494227,
2685820981,-7.643082411,
2686420941,-7.648291057,
2687020901,-7.69955305,
2687620861,-7.6889431,
2688220821,-7.69029921,
2688820781,-7.711244011,
2689420741,-7.693541671,
2690020701,-7.705304812,
2690620661,-7.73102629,
2691220621,-7.743821999,
2691820581,-7.772676465,
2692420541,-7.773703281,
2693020501,-7.770193797,
2693620461,-7.788178797,
2694220421,-7.789992518,
2694820381,-7.799768817,
2695420341,-7.830756734,
2696020301,-7.812575031,
2696620261,-7.82269888,
2697220221,-7.858886185,
2697820181,-7.866116037,
2698420141,-7.843452496,
2699020101,-7.84896977,
2699620061,-7.840306602,
2700220021,-7.862277122,
2700819981,-7.877595338,
2701419941,-7.884446576,
2702019901,-7.878454976,
2702619861,-7.851469388,
2703219821,-7.874309072,
2703819781,-7.859196949,
2704419741,-7.896731084,
2705019701,-7.901319911,
2705619661,-7.916634439,
2706219621,-7.915918198,
2706819581,-7.912208363,
2707419541,-7.949021001,
2708019501,-7.942647076,
2708619461,-7.912959001,
2709219421,-7.908369479,
2709819381,-7.941413313,
2710419341,-7.913027273,
2711019301,-7.926196049,
2711619261,-7.92748088,
2712219221,-7.928232679,
2712819181,-7.954719847,
2713419141,-7.928107064,
2714019101,-7.925945256,
2714619061,-7.938215392,
2715219021,-7.930222429,
2715818981,-7.927762456,
2716418941,-7.91194114,
2717018901,-7.89313083,
2717618861,-7.910145495,
2718218821,-7.894143205,
2718818781,-7.919221932,
2719418741,-7.915419427,
2720018701,-7.916548192,
2720618661,-7.909895088,
2721218621,-7.907350595,
2721818581,-7.902796199,
2722418541,-7.901201203,
2723018501,-7.91128053,
2723618461,-7.917613543,
2724218421,-7.920737541,
2724818381,-7.886562662,
2725418341,-7.906545524,
2726018301,-7.873524201,
2726618261,-7.856855886,
2727218221,-7.867073616,
2727818181,-7.893940584,
2728418141,-7.838479088,
2729018101,-7.914520909,
2729618061,-7.831189089,
2730218021,-7.860714357,
2730817981,-7.862270752,
2731417941,-7.818459588,
2732017901,-7.812100399,
2732617861,-7.826488844,
2733217821,-7.83051792,
2733817781,-7.811908605,
2734417741,-7.783540914,
2735017701,-7.777286581,
2735617661,-7.766969952,
2736217621,-7.786745136,
2736817581,-7.756048481,
2737417541,-7.757629019,
2738017501,-7.738357469,
2738617461,-7.731965464,
2739217421,-7.721193194,
2739817381,-7.746265404,
2740417341,-7.728389211,
2741017301,-7.696502605,
2741617261,-7.762878861,
2742217221,-7.749056147,
2742817181,-7.677815586,
2743417141,-7.666904102,
2744017101,-7.65291838,
2744617061,-7.678055838,
2745217021,-7.688772451,
2745816981,-7.595993788,
2746416941,-7.654097719,
2747016901,-7.575826288,
2747616861,-7.599671811,
2748216821,-7.590470722,
2748816781,-7.588923931,
2749416741,-7.570888958,
2750016701,-7.561886321,
2750616661,-7.552885255,
2751216621,-7.545873907,
2751816581,-7.534802742,
2752416541,-7.519340006,
2753016501,-7.527150558,
2753616461,-7.459849499,
2754216421,-7.465357657,
2754816381,-7.425279273,
2755416341,-7.493815803,
2756016301,-7.469824838,
2756616261,-7.460256259,
2757216221,-7.493856699,
2757816181,-7.462568665,
2758416141,-7.425391835,
2759016101,-7.42524969,
2759616061,-7.384551272,
2760216021,-7.408503913,
2760815981,-7.471957291,
2761415941,-7.391043473,
2762015901,-7.408538427,
2762615861,-7.375997937,
2763215821,-7.377290917,
2763815781,-7.357750631,
2764415741,-7.362050803,
2765015701,-7.344128052,
2765615661,-7.346596972,
2766215621,-7.296462772,
2766815581,-7.32928543,
2767415541,-7.291841707,
2768015501,-7.306353213,
2768615461,-7.299763512,
2769215421,-7.292719182,
2769815381,-7.285246691,
2770415340,-7.279090143,
2771015300,-7.272221771,
2771615260,-7.312944072,
2772215220,-7.259538311,
2772815180,-7.241248273,
2773415140,-7.247277945,
2774015100,-7.240809991,
2774615060,-7.235960639,
2775215020,-7.19877542,
2775814980,-7.224608799,
2776414940,-7.225557884,
2777014900,-7.270323361,
2777614860,-7.210162792,
2778214820,-7.204817406,
2778814780,-7.200671216,
2779414740,-7.213200614,
2780014700,-7.191537473,
2780614660,-7.165766829,
2781214620,-7.196880214,
2781814580,-7.204736963,
2782414540,-7.147149112,
2783014500,-7.17399045,
2783614460,-7.161012853,
2784214420,-7.167782527,
2784814380,-7.133149258,
2785414340,-7.142978953,
2786014300,-7.143807074,
2786614260,-7.147170399,
2787214220,-7.092723626,
2787814180,-7.14544856,
2788414140,-7.152164467,
2789014100,-7.150976981,
2789614060,-7.134763429,
2790214020,-7.150174901,
2790813980,-7.145054172,
2791413940,-7.142949362,
2792013900,-7.183031424,
2792613860,-7.141353956,
2793213820,-7.164475201,
2793813780,-7.158546051,
2794413740,-7.146625059,
2795013700,-7.136872393,
2795613660,-7.16684982,
2796213620,-7.159121838,
2796813580,-7.137867756,
2797413540,-7.144982471,
2798013500,-7.141100302,
2798613460,-7.137459576,
2799213420,-7.170477323,
2799813380,-7.116103576,
2800413340,-7.141626558,
2801013300,-7.114056958,
2801613260,-7.136185739,
2802213220,-7.144707865,
2802813180,-7.140182455,
2803413140,-7.200793673,
2804013100,-7.178065359,
2804613060,-7.176277548,
2805213020,-7.151244837,
2805812980,-7.167044753,
2806412940,-7.14829709,
2807012900,-7.172931352,
2807612860,-7.179124629,
2808212820,-7.162759472,
2808812780,-7.1797847,
2809412740,-7.189221739,
2810012700,-7.166088686,
2810612660,-7.180982065,
2811212620,-7.13909671,
2811812580,-7.185272148,
2812412540,-7.154739511,
2813012500,-7.178422611,
2813612460,-7.196590102,
2814212420,-7.188483354,
2814812380,-7.172334932,
2815412340,-7.190316313,
2816012300,-7.193208717,
2816612260,-7.198785741,
2817212220,-7.234683371,
2817812180,-7.20591212,
2818412140,-7.204766043,
2819012100,-7.213890197,
2819612060,-7.212906443,
2820212020,-7.199615301,
2820811980,-7.203216358,
2821411940,-7.221811462,
2822011900,-7.232336413,
2822611860,-7.226881609,
2823211820,-7.22714365,
2823811780,-7.210173851,
2824411740,-7.239070569,
2825011700,-7.2560067,
2825611660,-7.253862042,
2826211620,-7.252197639,
2826811580,-7.241356574,
2827411540,-7.255032747,
2828011500,-7.262808734,
2828611460,-7.290041829,
2829211420,-7.265826511,
2829811380,-7.301777254,
2830411340,-7.277067047,
2831011300,-7.281721519,
2831611260,-7.309169538,
2832211220,-7.258445127,
2832811180,-7.287885695,
2833411140,-7.301360515,
2834011100,-7.294963639,
2834611060,-7.305518509,
2835211020,-7.309466184,
2835810980,-7.302660621,
2836410940,-7.32627385,
2837010900,-7.32146795,
2837610860,-7.326141347,
2838210820,-7.33239169,
2838810780,-7.33469612,
2839410740,-7.338965638,
2840010700,-7.346497605,
2840610660,-7.309121062,
2841210620,-7.332731844,
2841810580,-7.362676934,
2842410540,-7.389981397,
2843010500,-7.402076343,
2843610460,-7.34424973,
2844210420,-7.423326245,
2844810380,-7.389341525,
2845410340,-7.391422164,
2846010300,-7.405979213,
2846610260,-7.403153297,
2847210220,-7.411119672,
2847810180,-7.410507085,
2848410140,-7.421136241,
2849010100,-7.427496838,
2849610060,-7.426863686,
2850210020,-7.440674561,
2850809980,-7.44676919,
2851409940,-7.462524473,
2852009900,-7.473288752,
2852609860,-7.483313153,
2853209820,-7.475158497,
2853809780,-7.450564709,
2854409740,-7.460485292,
2855009700,-7.423956467,
2855609660,-7.501691563,
2856209620,-7.48398526,
2856809580,-7.519394248,
2857409540,-7.498519496,
2858009500,-7.530500581,
2858609460,-7.544887091,
2859209420,-7.545473827,
2859809380,-7.572088091,
2860409340,-7.573269173,
2861009300,-7.60914884,
2861609260,-7.592130811,
2862209220,-7.583571904,
2862809180,-7.612498368,
2863409140,-7.584834806,
2864009100,-7.630351823,
2864609060,-7.610669624,
2865209020,-7.655390303,
2865808980,-7.644182097,
2866408940,-7.668976577,
2867008900,-7.713845694,
2867608860,-7.694443425,
2868208820,-7.704269683,
2868808780,-7.685914026,
2869408740,-7.740583651,
2870008700,-7.711112047,
2870608660,-7.779711891,
2871208620,-7.734483925,
2871808580,-7.751692591,
2872408540,-7.797154783,
2873008500,-7.798005678,
2873608460,-7.849786717,
2874208420,-7.80283007,
2874808380,-7.842291076,
2875408340,-7.84815065,
2876008300,-7.85870223,
2876608260,-7.872114055,
2877208220,-7.871231194,
2877808180,-7.90183501,
2878408140,-7.894915527,
2879008100,-7.931596647,
2879608060,-7.922520045,
2880208020,-7.959445726,
2880807980,-7.974474512,
2881407940,-8.028499637,
2882007900,-7.979212654,
2882607860,-8.024611994,
2883207820,-8.020761797,
2883807780,-8.048779275,
2884407740,-8.063805635,
2885007700,-8.079706944,
2885607660,-8.095869556,
2886207620,-8.111067306,
2886807580,-8.127227446,
2887407540,-8.135040005,
2888007500,-8.158476443,
2888607460,-8.174820226,
2889207420,-8.167025732,
2889807380,-8.183137012,
2890407340,-8.224097429,
2891007300,-8.267197085,
2891607260,-8.259014165,
2892207220,-8.273431608,
2892807180,-8.290566988,
2893407140,-8.315025158,
2894007100,-8.345999545,
2894607060,-8.347563286,
2895207020,-8.372079999,
2895806980,-8.375131564,
2896406940,-8.393738739,
2897006900,-8.411108393,
2897606860,-8.457810217,
2898206820,-8.444972663,
2898806780,-8.399484267,
2899406740,-8.491426337,
2900006700,-8.481695582,
2900606660,-8.513559709,
2901206620,-8.510660661,
2901806580,-8.540649264,
2902406540,-8.56512925,
2903006500,-8.653537544,
2903606460,-8.584170611,
2904206420,-8.603892059,
2904806380,-8.63328825,
2905406340,-8.637163817,
2906006300,-8.667256873,
2906606260,-8.70008789,
2907206220,-8.700850227,
2907806180,-8.71037451,
2908406140,-8.733543157,
2909006100,-8.750316339,
2909606060,-8.757422867,
2910206020,-8.796336686,
2910805980,-8.800305282,
2911405940,-8.81558164,
2912005900,-8.832309652,
2912605860,-8.841269011,
2913205820,-8.845024068,
2913805780,-8.908792116,
2914405740,-8.861556144,
2915005700,-8.945342893,
2915605660,-8.93756592,
2916205620,-8.941740792,
2916805580,-8.961374996,
2917405540,-8.974874349,
2918005500,-9.020005753,
2918605460,-9.002758488,
2919205420,-9.033452409,
2919805380,-9.030075782,
2920405340,-9.044368699,
2921005300,-9.053339336,
2921605260,-9.074874297,
2922205220,-9.087993964,
2922805180,-9.11111038,
2923405140,-9.09513352,
2924005100,-9.126275858,
2924605059,-9.13642482,
2925205019,-9.14712983,
2925804979,-9.16220934,
2926404939,-9.177489813,
2927004899,-9.158563811,
2927604859,-9.204590525,
2928204819,-9.201177367,
2928804779,-9.196148091,
2929404739,-9.197876045,
2930004699,-9.242392164,
2930604659,-9.257072736,
2931204619,-9.267655978,
2931804579,-9.28416845,
2932404539,-9.28684198,
2933004499,-9.297074586,
2933604459,-9.321728896,
2934204419,-9.276449504,
2934804379,-9.354828133,
2935404339,-9.334334598,
2936004299,-9.317290875,
2936604259,-9.352754851,
2937204219,-9.342331162,
2937804179,-9.332871552,
2938404139,-9.413506792,
2939004099,-9.384243719,
2939604059,-9.358996332,
2940204019,-9.417896221,
2940803979,-9.396836561,
2941403939,-9.409587848,
2942003899,-9.408290279,
2942603859,-9.413377207,
2943203819,-9.424357066,
2943803779,-9.419375755,
2944403739,-9.436237295,
2945003699,-9.440706652,
2945603659,-9.450314256,
2946203619,-9.450807328,
2946803579,-9.444615488,
2947403539,-9.415063402,
2948003499,-9.46392154,
2948603459,-9.400685389,
2949203419,-9.472849856,
2949803379,-9.452540611,
2950403339,-9.461986892,
2951003299,-9.505519365,
2951603259,-9.478073986,
2952203219,-9.508419612,
2952803179,-9.463951623,
2953403139,-9.480924215,
2954003099,-9.464648834,
2954603059,-9.485313629,
2955203019,-9.472173262,
2955802979,-9.486047181,
2956402939,-9.455839512,
2957002899,-9.516527771,
2957602859,-9.434786517,
2958202819,-9.484509739,
2958802779,-9.427547549,
2959402739,-9.455724945,
2960002699,-9.521255617,
2960602659,-9.49781443,
2961202619,-9.527118598,
2961802579,-9.47994907,
2962402539,-9.456104495,
2963002499,-9.462609798,
2963602459,-9.44622912,
2964202419,-9.46921804,
2964802379,-9.494171022,
2965402339,-9.481989457,
2966002299,-9.448646144,
2966602259,-9.444911313,
2967202219,-9.452414754,
2967802179,-9.444177528,
2968402139,-9.389879079,
2969002099,-9.483532217,
2969602059,-9.460348463,
2970202019,-9.408990164,
2970801979,-9.409232989,
2971401939,-9.405167745,
2972001899,-9.439634273,
2972601859,-9.407609067,
2973201819,-9.400522653,
2973801779,-9.377501104,
2974401739,-9.339346597,
2975001699,-9.380952106,
2975601659,-9.293813692,
2976201619,-9.3615741,
2976801579,-9.332706509,
2977401539,-9.35675173,
2978001499,-9.359374479,
2978601459,-9.323039894,
2979201419,-9.316553906,
2979801379,-9.273135116,
2980401339,-9.273084529,
2981001299,-9.242700001,
2981601259,-9.22810971,
2982201219,-9.276921734,
2982801179,-9.266760809,
2983401139,-9.262696333,
2984001099,-9.272065434,
2984601059,-9.244786926,
2985201019,-9.243612139,
2985800979,-9.221194773,
2986400939,-9.221588321,
2987000899,-9.20103123,
2987600859,-9.192730129,
2988200819,-9.150177373,
2988800779,-9.123939459,
2989400739,-9.164373632,
2990000699,-9.155451861,
2990600659,-9.143711159,
2991200619,-9.136243695,
2991800579,-9.125433536,
2992400539,-9.113912834,
2993000499,-9.106147755,
2993600459,-9.097809842,
2994200419,-9.088024002,
2994800379,-9.064996704,
2995400339,-9.027033305,
2996000299,-9.058161496,
2996600259,-9.047433148,
2997200219,-9.039246145,
2997800179,-9.101790996,
2998400139,-9.016016081,
2999000099,-9.002080704,
2999600059,-8.99686927,
3000200019,-8.947389757,
3000799979,-9.003582322,
3001399939,-8.965448827,
3001999899,-8.955174847,
3002599859,-8.947001695,
3003199819,-8.90489695,
3003799779,-8.918958475,
3004399739,-8.913376285,
3004999699,-8.915040244,
3005599659,-8.896749282,
3006199619,-8.867229459,
3006799579,-8.876820672,
3007399539,-8.871575796,
3007999499,-8.862871093,
3008599459,-8.857968925,
3009199419,-8.842738824,
3009799379,-8.831181093,
3010399339,-8.825741094,
3010999299,-8.813972264,
3011599259,-8.806610483,
3012199219,-8.806119135,
3012799179,-8.7925387,
3013399139,-8.813593301,
3013999099,-8.787080337,
3014599059,-8.749955726,
3015199019,-8.783165086,
3015798979,-8.751484348,
3016398939,-8.740019139,
3016998899,-8.751177436,
3017598859,-8.724240238,
3018198819,-8.717744403,
3018798779,-8.671574701,
3019398739,-8.703983338,
3019998699,-8.67967677,
3020598659,-8.680620412,
3021198619,-8.711038016,
3021798579,-8.677437148,
3022398539,-8.670508761,
3022998499,-8.664361012,
3023598459,-8.658882866,
3024198419,-8.651578729,
3024798379,-8.653941793,
3025398339,-8.600082672,
3025998299,-8.632235826,
3026598259,-8.630715694,
3027198219,-8.632994636,
3027798179,-8.653143335,
3028398139,-8.613145622,
3028998099,-8.60335457,
3029598059,-8.606681875,
3030198019,-8.601854537,
3030797979,-8.590740248,
3031397939,-8.593368411,
3031997899,-8.564722899,
3032597859,-8.560169222,
3033197819,-8.607731613,
3033797779,-8.586841814,
3034397739,-8.554311494,
3034997699,-8.540302335,
3035597659,-8.578777591,
3036197619,-8.560515229,
3036797579,-8.560635521,
3037397539,-8.566462534,
3037997499,-8.535180954,
3038597459,-8.579169315,
3039197419,-8.497196271,
3039797379,-8.550420694,
3040397339,-8.516829652,
3040997299,-8.545460886,
3041597259,-8.544170967,
3042197219,-8.543078786,
3042797179,-8.541799628,
3043397139,-8.540422254,
3043997099,-8.539012784,
3044597059,-8.539352298,
3045197019,-8.566981143,
3045796979,-8.536168853,
3046396939,-8.548700476,
3046996899,-8.530587141,
3047596859,-8.583864084,
3048196819,-8.518431687,
3048796779,-8.53559745,
3049396739,-8.477533223,
3049996699,-8.513625708,
3050596659,-8.520784116,
3051196619,-8.535479597,
3051796579,-8.53528749,
3052396539,-8.534741027,
3052996499,-8.548512892,
3053596459,-8.506238113,
3054196419,-8.536803055,
3054796379,-8.536307407,
3055396339,-8.53858703,
3055996299,-8.53966888,
3056596259,-8.541164907,
3057196219,-8.557622081,
3057796179,-8.544157192,
3058396139,-8.557380814,
3058996099,-8.543958623,
3059596059,-8.5527284,
3060196019,-8.571496792,
3060795979,-8.563270557,
3061395939,-8.523524767,
3061995899,-8.552220106,
3062595859,-8.557348238,
3063195819,-8.531939546,
3063795779,-8.555517,
3064395739,-8.501597669,
3064995699,-8.551749432,
3065595659,-8.552566637,
3066195619,-8.552042585,
3066795579,-8.565099979,
3067395539,-8.56307014,
3067995499,-8.542863054,
3068595459,-8.601402819,
3069195419,-8.588583599,
3069795379,-8.580625513,
3070395339,-8.565551133,
3070995299,-8.589147382,
3071595259,-8.573112328,
3072195219,-8.578332629,
3072795179,-8.582235601,
3073395139,-8.598174662,
3073995099,-8.634620034,
3074595059,-8.635857056,
3075195019,-8.603913074,
3075794979,-8.627631705,
3076394939,-8.599030637,
3076994899,-8.6135353,
3077594859,-8.617196067,
3078194818,-8.5839214,
3078794778,-8.609299032,
3079394738,-8.640371626,
3079994698,-8.587904557,
3080594658,-8.630395058,
3081194618,-8.635119699,
3081794578,-8.6362011,
3082394538,-8.639021036,
3082994498,-8.645053404,
3083594458,-8.656865074,
3084194418,-8.629308225,
3084794378,-8.665313023,
3085394338,-8.661550352,
3085994298,-8.662186233,
3086594258,-8.637600482,
3087194218,-8.670295446,
3087794178,-8.673195082,
3088394138,-8.688023337,
3088994098,-8.683921448,
3089594058,-8.705772359,
3090194018,-8.704370321,
3090793978,-8.692010008,
3091393938,-8.691400272,
3091993898,-8.732430551,
3092593858,-8.711087716,
3093193818,-8.695893733,
3093793778,-8.739165004,
3094393738,-8.757868623,
3094993698,-8.718647662,
3095593658,-8.704172492,
3096193618,-8.675308257,
3096793578,-8.743229185,
3097393538,-8.756651548,
3097993498,-8.729752975,
3098593458,-8.770970587,
3099193418,-8.754511173,
3099793378,-8.762033337,
3100393338,-8.748871885,
3100993298,-8.811703538,
3101593258,-8.812625715,
3102193218,-8.79835855,
3102793178,-8.770426425,
3103393138,-8.806358447,
3103993098,-8.78404161,
3104593058,-8.80794621,
3105193018,-8.821536188,
3105792978,-8.832430066,
3106392938,-8.846747843,
3106992898,-8.84147182,
3107592858,-8.868440855,
3108192818,-8.871316218,
3108792778,-8.891742317,
3109392738,-8.885107213,
3109992698,-8.884248816,
3110592658,-8.890341571,
3111192618,-8.90193757,
3111792578,-8.906798268,
3112392538,-8.925363252,
3112992498,-8.920797824,
3113592458,-8.928933385,
3114192418,-8.951364462,
3114792378,-8.956427796,
3115392338,-8.958921428,
3115992298,-8.974742938,
3116592258,-8.971660747,
3117192218,-8.957274134,
3117792178,-8.992928995,
3118392138,-8.995691225,
3118992098,-8.992402698,
3119592058,-9.018187728,
3120192018,-9.05543797,
3120791978,-9.039955456,
3121391938,-9.046887701,
3121991898,-9.045229779,
3122591858,-9.06493066,
3123191818,-9.081173972,
3123791778,-9.112351589,
3124391738,-9.096507178,
3124991698,-9.069909271,
3125591658,-9.115248227,
3126191618,-9.091752089,
3126791578,-9.171687943,
3127391538,-9.147890017,
3127991498,-9.119769284,
3128591458,-9.166932926,
3129191418,-9.215982862,
3129791378,-9.192379967,
3130391338,-9.216539259,
3130991298,-9.229226656,
3131591258,-9.225487234,
3132191218,-9.223406458,
3132791178,-9.287078379,
3133391138,-9.259702199,
3133991098,-9.286449804,
3134591058,-9.296040893,
3135191018,-9.292926732,
3135790978,-9.309260112,
3136390938,-9.319308165,
3136990898,-9.292972949,
3137590858,-9.339702051,
3138190818,-9.354734876,
3138790778,-9.357202543,
3139390738,-9.379800399,
3139990698,-9.382142871,
3140590658,-9.364649897,
3141190618,-9.416063494,
3141790578,-9.404742709,
3142390538,-9.440358381,
3142990498,-9.46447521,
3143590458,-9.425165429,
3144190418,-9.450771641,
3144790378,-9.410945813,
3145390338,-9.51226049,
3145990298,-9.513460704,
3146590258,-9.524271508,
3147190218,-9.535836217,
3147790178,-9.495767228,
3148390138,-9.576528782,
3148990098,-9.576547934,
3149590058,-9.596148549,
3150190018,-9.584636415,
3150789978,-9.623605371,
3151389938,-9.594827907,
3151989898,-9.605031843,
3152589858,-9.645757214,
3153189818,-9.694271155,
3153789778,-9.602637013,
3154389738,-9.682469354,
3154989698,-9.703924313,
3155589658,-9.685765335,
3156189618,-9.654884831,
3156789578,-9.705538736,
3157389538,-9.72470129,
3157989498,-9.745560038,
3158589458,-9.788883908,
3159189418,-9.768051479,
3159789378,-9.779044042,
3160389338,-9.827091345,
3160989298,-9.80089659,
3161589258,-9.811356463,
3162189218,-9.835058051,
3162789178,-9.796439756,
3163389138,-9.840370584,
3163989098,-9.884654603,
3164589058,-9.861006976,
3165189018,-9.912114365,
3165788978,-9.88038361,
3166388938,-9.877568237,
3166988898,-9.894954856,
3167588858,-9.908990162,
3168188818,-9.92918314,
3168788778,-9.927233679,
3169388738,-9.906057383,
3169988698,-9.943261463,
3170588658,-9.950663129,
3171188618,-9.970913032,
3171788578,-10.0005639,
3172388538,-10.01095603,
3172988498,-9.9881377,
3173588458,-10.03232413,
3174188418,-9.999274624,
3174788378,-10.00589365,
3175388338,-9.975085335,
3175988298,-10.02613087,
3176588258,-10.02975459,
3177188218,-10.00101379,
3177788178,-10.06415766,
3178388138,-10.05006401,
3178988098,-10.02602705,
3179588058,-10.05971684,
3180188018,-10.06923219,
3180787978,-10.06646703,
3181387938,-10.07912889,
3181987898,-10.07449704,
3182587858,-10.09819821,
3183187818,-10.0954246,
3183787778,-10.09600528,
3184387738,-10.1016198,
3184987698,-10.11231625,
3185587658,-10.11085643,
3186187618,-10.09970099,
3186787578,-10.09275183,
3187387538,-10.12022662,
3187987498,-10.19390688,
3188587458,-10.12658494,
3189187418,-10.12893067,
3189787378,-10.12925729,
3190387338,-10.14114918,
3190987298,-10.13563443,
3191587258,-10.13678964,
3192187218,-10.12755638,
3192787178,-10.15038054,
3193387138,-10.15836575,
3193987098,-10.14170145,
3194587058,-10.14031405,
3195187018,-10.14122825,
3195786978,-10.14129279,
3196386938,-10.10542764,
3196986898,-10.14379616,
3197586858,-10.1414839,
3198186818,-10.15932226,
3198786778,-10.10368338,
3199386738,-10.14552119,
3199986698,-10.11138369,
3200586658,-10.1385829,
3201186618,-10.12576635,
3201786578,-10.13387101,
3202386538,-10.14610777,
3202986498,-10.13288196,
3203586458,-10.13401347,
3204186418,-10.11007656,
3204786378,-10.15670059,
3205386338,-10.12158499,
3205986298,-10.15550115,
3206586258,-10.13220082,
3207186218,-10.09704552,
3207786178,-10.10667479,
3208386138,-10.12826301,
3208986098,-10.09024622,
3209586058,-10.11604013,
3210186018,-10.11790022,
3210785978,-10.09063244,
3211385938,-10.04290857,
3211985898,-10.04764136,
3212585858,-10.0711536,
3213185818,-10.05570655,
3213785778,-10.05846674,
3214385738,-10.06889173,
3214985698,-10.05105377,
3215585658,-10.00838477,
3216185618,-10.04150964,
3216785578,-10.07656628,
3217385538,-10.00512931,
3217985498,-10.0193183,
3218585458,-10.00823229,
3219185418,-9.998378093,
3219785378,-9.946842011,
3220385338,-9.994427639,
3220985298,-9.989112449,
3221585258,-9.981952648,
3222185218,-9.973202507,
3222785178,-9.969278852,
3223385138,-9.960398682,
3223985098,-9.975819747,
3224585058,-9.985620009,
3225185018,-9.93994803,
3225784978,-9.924253387,
3226384938,-9.934891217,
3226984898,-9.911975197,
3227584858,-9.868025522,
3228184818,-9.880714215,
3228784778,-9.888508681,
3229384738,-9.881405281,
3229984698,-9.843472234,
3230584658,-9.826833509,
3231184618,-9.881584696,
3231784578,-9.849528782,
3232384537,-9.82644177,
3232984497,-9.827866755,
3233584457,-9.784840733,
3234184417,-9.840607594,
3234784377,-9.797706202,
3235384337,-9.798193715,
3235984297,-9.762487997,
3236584257,-9.776400686,
3237184217,-9.769680432,
3237784177,-9.759264195,
3238384137,-9.748221728,
3238984097,-9.742161952,
3239584057,-9.73097733,
3240184017,-9.73776953,
3240783977,-9.715277734,
3241383937,-9.705001474,
3241983897,-9.708071438,
3242583857,-9.684433609,
3243183817,-9.677721289,
3243783777,-9.679950502,
3244383737,-9.624074732,
3244983697,-9.651841022,
3245583657,-9.642419057,
3246183617,-9.634877644,
3246783577,-9.627548153,
3247383537,-9.661196359,
3247983497,-9.613245914,
3248583457,-9.598685128,
3249183417,-9.604730513,
3249783377,-9.654532942,
3250383337,-9.581900535,
3250983297,-9.567971426,
3251583257,-9.559608756,
3252183217,-9.596254802,
3252783177,-9.54364369,
3253383137,-9.539291694,
3253983097,-9.540349848,
3254583057,-9.599116176,
3255183017,-9.55444726,
3255782977,-9.553373587,
3256382937,-9.502863094,
3256982897,-9.465769975,
3257582857,-9.484837713,
3258182817,-9.479331277,
3258782777,-9.434489642,
3259382737,-9.447816898,
3259982697,-9.461886228,
3260582657,-9.457032065,
3261182617,-9.44879655,
3261782577,-9.409434619,
3262382537,-9.434683252,
3262982497,-9.476752888,
3263582457,-9.422656673,
3264182417,-9.441471697,
3264782377,-9.388852252,
3265382337,-9.411266506,
3265982297,-9.434931167,
3266582257,-9.388604066,
3267182217,-9.383648359,
3267782177,-9.3768427,
3268382137,-9.377999855,
3268982097,-9.372908957,
3269582057,-9.282625027,
3270182017,-9.371159927,
3270781977,-9.368991945,
3271381937,-9.33271299,
3271981897,-9.353464874,
3272581857,-9.359085864,
3273181817,-9.345437253,
3273781777,-9.337066854,
3274381737,-9.342701144,
3274981697,-9.350384297,
3275581657,-9.333185783,
3276181617,-9.357081743,
3276781577,-9.330921062,
3277381537,-9.36436197,
3277981497,-9.322381889,
3278581457,-9.306761116,
3279181417,-9.325593119,
3279781377,-9.28091528,
3280381337,-9.35214181,
3280981297,-9.308665713,
3281581257,-9.34765679,
3282181217,-9.333791683,
3282781177,-9.294017589,
3283381137,-9.305852616,
3283981097,-9.336299717,
3284581057,-9.289374581,
3285181017,-9.311514898,
3285780977,-9.297193157,
3286380937,-9.280149143,
3286980897,-9.315611561,
3287580857,-9.340395204,
3288180817,-9.294518902,
3288780777,-9.332128476,
3289380737,-9.333688849,
3289980697,-9.319560521,
3290580657,-9.312006296,
3291180617,-9.265905562,
3291780577,-9.292476106,
3292380537,-9.302224697,
3292980497,-9.289379224,
3293580457,-9.254053231,
3294180417,-9.282893653,
3294780377,-9.297335639,
3295380337,-9.259854727,
3295980297,-9.263458998,
3296580257,-9.340659999,
3297180217,-9.299477652,
3297780177,-9.298749581,
3298380137,-9.339920846,
3298980097,-9.333660508,
3299580057,-9.297745389,
3300180017,-9.297642263,
3300779977,-9.280041769,
3301379937,-9.294225146,
3301979897,-9.314001496,
3302579857,-9.281694624,
3303179817,-9.271711737,
3303779777,-9.309153432,
3304379737,-9.312591174,
3304979697,-9.31366485,
3305579657,-9.356106445,
3306179617,-9.296664989,
3306779577,-9.284737082,
3307379537,-9.375480859,
3307979497,-9.28657341,
3308579457,-9.338555714,
3309179417,-9.243119956,
3309779377,-9.331453178,
3310379337,-9.343778593,
3310979297,-9.370606695,
3311579257,-9.300407808,
3312179217,-9.331847503,
3312779177,-9.347855283,
3313379137,-9.381769908,
3313979097,-9.306307043,
3314579057,-9.347995892,
3315179017,-9.297778288,
3315778977,-9.361189845,
3316378937,-9.353969742,
3316978897,-9.361593564,
3317578857,-9.349481835,
3318178817,-9.314286246,
3318778777,-9.365594842,
3319378737,-9.354636546,
3319978697,-9.333436863,
3320578657,-9.335118603,
3321178617,-9.378022524,
3321778577,-9.371591661,
3322378537,-9.398847772,
3322978497,-9.372560916,
3323578457,-9.384733422,
3324178417,-9.380467902,
3324778377,-9.391955961,
3325378337,-9.38820662,
3325978297,-9.375880634,
3326578257,-9.397590342,
3327178217,-9.39937204,
3327778177,-9.402631081,
3328378137,-9.427763503,
3328978097,-9.411062877,
3329578057,-9.41108802,
3330178017,-9.411183099,
3330777977,-9.415367216,
3331377937,-9.418688204,
3331977897,-9.42126737,
3332577857,-9.434484897,
3333177817,-9.430954724,
3333777777,-9.433009596,
3334377737,-9.434705114,
3334977697,-9.43878626,
3335577657,-9.454444769,
3336177617,-9.458882625,
3336777577,-9.448552866,
3337377537,-9.452410584,
3337977497,-9.456522828,
3338577457,-9.488849041,
3339177417,-9.412762142,
3339777377,-9.466701297,
3340377337,-9.471397512,
3340977297,-9.487668576,
3341577257,-9.478038048,
3342177217,-9.521938633,
3342777177,-9.510917838,
3343377137,-9.492419691,
3343977097,-9.494779999,
3344577057,-9.537379024,
3345177017,-9.503580888,
3345776977,-9.500564309,
3346376937,-9.524263341,
3346976897,-9.530142402,
3347576857,-9.526806279,
3348176817,-9.538165281,
3348776777,-9.527599446,
3349376737,-9.571582981,
3349976697,-9.52943506,
3350576657,-9.548960927,
3351176617,-9.503749099,
3351776577,-9.550790383,
3352376537,-9.557546025,
3352976497,-9.526973653,
3353576457,-9.57163027,
3354176417,-9.574900997,
3354776377,-9.580852447,
3355376337,-9.574202273,
3355976297,-9.583857429,
3356576257,-9.597789646,
3357176217,-9.586361781,
3357776177,-9.609321988,
3358376137,-9.624464377,
3358976097,-9.658474606,
3359576057,-9.625743288,
3360176017,-9.627863797,
3360775977,-9.650082283,
3361375937,-9.640214337,
3361975897,-9.624391932,
3362575857,-9.643738703,
3363175817,-9.673637428,
3363775777,-9.651343685,
3364375737,-9.67069019,
3364975697,-9.599907941,
3365575657,-9.694037659,
3366175617,-9.694847989,
3366775577,-9.742677763,
3367375537,-9.712139874,
3367975497,-9.71914149,
3368575457,-9.720760968,
3369175417,-9.731093767,
3369775377,-9.73703626,
3370375337,-9.77429958,
3370975297,-9.753012487,
3371575257,-9.772837189,
3372175217,-9.750173192,
3372775177,-9.818382696,
3373375137,-9.811369015,
3373975097,-9.816522681,
3374575057,-9.794421924,
3375175017,-9.78739687,
3375774977,-9.826589436,
3376374937,-9.85609285,
3376974897,-9.837559381,
3377574857,-9.836940256,
3378174817,-9.869689183,
3378774777,-9.876916503,
3379374737,-9.888588461,
3379974697,-9.885300537,
3380574657,-9.90847208,
3381174617,-9.858704819,
3381774577,-9.846187887,
3382374537,-9.926895716,
3382974497,-9.891714824,
3383574457,-9.943211578,
3384174417,-9.951878387,
3384774377,-9.993486631,
3385374337,-9.922942058,
3385974296,-9.935692396,
3386574256,-9.987873192,
3387174216,-9.949673988,
3387774176,-10.00486275,
3388374136,-10.0130886,
3388974096,-10.02384133,
3389574056,-10.01339871,
3390174016,-10.04506545,
3390773976,-10.02730585,
3391373936,-10.07431767,
3391973896,-10.02702309,
3392573856,-10.04228166,
3393173816,-10.10600201,
3393773776,-10.13155011,
3394373736,-10.16066471,
3394973696,-10.04519267,
3395573656,-10.1293261,
3396173616,-10.12281478,
3396773576,-10.16307096,
3397373536,-10.16015481,
3397973496,-10.16355405,
3398573456,-10.22196637,
3399173416,-10.18767556,
3399773376,-10.19511236,
3400373336,-10.2026432,
3400973296,-10.2120719,
3401573256,-10.22578653,
3402173216,-10.23639416,
3402773176,-10.24093047,
3403373136,-10.22356604,
3403973096,-10.24624972,
3404573056,-10.23445553,
3405173016,-10.28645643,
3405772976,-10.23752702,
3406372936,-10.3108352,
3406972896,-10.30621064,
3407572856,-10.31489038,
3408172816,-10.307679,
3408772776,-10.29307655,
3409372736,-10.43110389,
3409972696,-10.34888336,
3410572656,-10.35364686,
3411172616,-10.40941723,
3411772576,-10.37123411,
3412372536,-10.37846154,
3412972496,-10.35023916,
3413572456,-10.3966454,
3414172416,-10.40255656,
3414772376,-10.41150519,
3415372336,-10.42451454,
3415972296,-10.42458693,
3416572256,-10.49416131,
3417172216,-10.43784708,
3417772176,-10.48426058,
3418372136,-10.45203932,
3418972096,-10.45940088,
3419572056,-10.46504491,
3420172016,-10.47176438,
3420771976,-10.51517596,
3421371936,-10.53328053,
3421971896,-10.50810515,
3422571856,-10.49583767,
3423171816,-10.50350292,
3423771776,-10.49177835,
3424371736,-10.61190655,
3424971696,-10.47814883,
3425571656,-10.53894897,
3426171616,-10.52908086,
3426771576,-10.48582724,
3427371536,-10.62670284,
3427971496,-10.59368395,
3428571456,-10.57530733,
3429171416,-10.5518588,
3429771376,-10.54852242,
3430371336,-10.57239152,
3430971296,-10.54453806,
3431571256,-10.5157906,
3432171216,-10.56537804,
3432771176,-10.56569288,
3433371136,-10.57381249,
3433971096,-10.55363561,
3434571056,-10.5744138,
3435171016,-10.58280163,
3435770976,-10.53456795,
3436370936,-10.55579471,
3436970896,-10.54824023,
3437570856,-10.58700552,
3438170816,-10.60258276,
3438770776,-10.61182653,
3439370736,-10.64897883,
3439970696,-10.58888465,
3440570656,-10.53436114,
3441170616,-10.57708179,
3441770576,-10.60851724,
3442370536,-10.58810789,
3442970496,-10.60738658,
3443570456,-10.6097675,
3444170416,-10.62115368,
3444770376,-10.56107679,
3445370336,-10.60827269,
3445970296,-10.63014122,
3446570256,-10.62440747,
3447170216,-10.59862651,
3447770176,-10.60128629,
3448370136,-10.62552909,
3448970096,-10.59584289,
3449570056,-10.59216729,
3450170016,-10.589445,
3450769976,-10.60710127,
3451369936,-10.59565861,
3451969896,-10.58262112,
3452569856,-10.56107797,
3453169816,-10.58663357,
3453769776,-10.59089717,
3454369736,-10.60417217,
3454969696,-10.5729462,
3455569656,-10.56381608,
3456169616,-10.56139034,
3456769576,-10.58043783,
3457369536,-10.55815933,
3457969496,-10.57947113,
3458569456,-10.57687153,
3459169416,-10.56250461,
3459769376,-10.52956889,
3460369336,-10.49140298,
3460969296,-10.53489978,
3461569256,-10.52730495,
3462169216,-10.53951267,
3462769176,-10.52008206,
3463369136,-10.50899408,
3463969096,-10.50456705,
3464569056,-10.50091889,
3465169016,-10.49086242,
3465768976,-10.49166095,
3466368936,-10.4379087,
3466968896,-10.49682014,
3467568856,-10.47502415,
3468168816,-10.44742456,
3468768776,-10.48083078,
3469368736,-10.4432831,
3469968696,-10.43666993,
3470568656,-10.43106037,
3471168616,-10.47402286,
3471768576,-10.41536728,
3472368536,-10.37855132,
3472968496,-10.37163307,
3473568456,-10.39621064,
3474168416,-10.39099514,
3474768376,-10.38560695,
3475368336,-10.31362496,
3475968296,-10.3702759,
3476568256,-10.37515156,
3477168216,-10.39496871,
3477768176,-10.37031814,
3478368136,-10.35512601,
3478968096,-10.32654427,
3479568056,-10.35537965,
3480168016,-10.31309881,
3480767976,-10.27167839,
3481367936,-10.29605344,
3481967896,-10.28047974,
3482567856,-10.30715681,
3483167816,-10.27475593,
3483767776,-10.29300006,
3484367736,-10.39579257,
3484967696,-10.26831475,
3485567656,-10.23790645,
3486167616,-10.2314231,
3486767576,-10.22039345,
3487367536,-10.25426499,
3487967496,-10.26361099,
3488567456,-10.28637644,
3489167416,-10.20332768,
3489767376,-10.18358095,
3490367336,-10.23443586,
3490967296,-10.20518123,
3491567256,-10.1624357,
3492167216,-10.14671195,
3492767176,-10.13761475,
3493367136,-10.16120936,
3493967096,-10.12213714,
3494567056,-10.0704918,
3495167016,-10.14734793,
3495766976,-10.19301019,
3496366936,-10.09014812,
3496966896,-10.11648398,
3497566856,-10.07571813,
3498166816,-10.08483256,
3498766776,-10.05003264,
3499366736,-10.05132714,
3499966696,-10.08835018,
3500566656,-10.04139197,
3501166616,-10.03557946,
3501766576,-9.950604572,
3502366536,-10.01021226,
3502966496,-10.00920711,
3503566456,-9.968633814,
3504166416,-10.06971917,
3504766376,-10.00420929,
3505366336,-9.945286762,
3505966296,-9.987478282,
3506566256,-9.976208156,
3507166216,-9.955660798,
3507766176,-9.96837971,
3508366136,-9.889376227,
3508966096,-9.935556553,
3509566056,-9.999560524,
3510166016,-9.938346958,
3510765976,-9.931138128,
3511365936,-9.932910555,
3511965896,-9.914738997,
3512565856,-9.911135563,
3513165816,-9.902459147,
3513765776,-9.897496333,
3514365736,-9.879354521,
3514965696,-9.934586506,
3515565656,-9.893017441,
3516165616,-9.905632602,
3516765576,-9.870988045,
3517365536,-9.851243075,
3517965496,-9.893609276,
3518565456,-9.858968403,
3519165416,-9.853446135,
3519765376,-9.836111492,
3520365336,-9.84524751,
3520965296,-9.8364554,
3521565256,-9.839366935,
3522165216,-9.833100698,
3522765176,-9.824431429,
3523365136,-9.814940755,
3523965096,-9.82389558,
3524565056,-9.82046232,
3525165016,-9.770639789,
3525764976,-9.838407559,
3526364936,-9.811118403,
3526964896,-9.807307542,
3527564856,-9.80593088,
3528164816,-9.803905248,
3528764776,-9.803174345,
3529364736,-9.801036127,
3529964696,-9.798732212,
3530564656,-9.796495177,
3531164616,-9.794475607,
3531764576,-9.764313946,
3532364536,-9.793651527,
3532964496,-9.79159678,
3533564456,-9.790175263,
3534164416,-9.788268689,
3534764376,-9.789954182,
3535364336,-9.756158497,
3535964296,-9.786025398,
3536564256,-9.775658808,
3537164216,-9.774093349,
3537764176,-9.738016116,
3538364136,-9.792849319,
3538964096,-9.787960839,
3539564055,-9.74588222,
3540164015,-9.817971855,
3540763975,-9.803049654,
3541363935,-9.779786846,
3541963895,-9.786730916,
3542563855,-9.744632208,
3543163815,-9.732225163,
3543763775,-9.736457777,
3544363735,-9.789254568,
3544963695,-9.808601921,
3545563655,-9.77047542,
3546163615,-9.761993595,
3546763575,-9.793549082,
3547363535,-9.795641698,
3547963495,-9.796859172,
3548563455,-9.810086089,
3549163415,-9.800618827,
3549763375,-9.803069861,
3550363335,-9.757960917,
3550963295,-9.799279054,
3551563255,-9.84895295,
3552163215,-9.811409367,
3552763175,-9.813365859,
3553363135,-9.817163204,
3553963095,-9.819048936,
3554563055,-9.819551941,
3555163015,-9.823635915,
3555762975,-9.785462333,
3556362935,-9.813482329,
3556962895,-9.793054402,
3557562855,-9.855935287,
3558162815,-9.918345663,
3558762775,-9.878567006,
3559362735,-9.839589007,
3559962695,-9.840621559,
3560562655,-9.875323418,
3561162615,-9.813143749,
3561762575,-9.807444956,
3562362535,-9.851402193,
3562962495,-9.904819137,
3563562455,-9.897084876,
3564162415,-9.862607379,
3564762375,-9.904082039,
3565362335,-9.868320452,
3565962295,-9.830862175,
3566562255,-9.914204488,
3567162215,-9.865634364,
3567762175,-9.883070758,
3568362135,-9.889611801,
3568962095,-9.929167318,
3569562055,-9.888712335,
3570162015,-9.89388712,
3570761975,-9.896738958,
3571361935,-9.841548992,
3571961895,-9.895629473,
3572561855,-9.906466929,
3573161815,-9.913569633,
3573761775,-9.913295263,
3574361735,-9.876641876,
3574961695,-9.921837284,
3575561655,-9.945145996,
3576161615,-9.941374494,
3576761575,-9.93638296,
3577361535,-9.935209494,
3577961495,-9.933525699,
3578561455,-9.985773493,
3579161415,-9.973872481,
3579761375,-9.942177008,
3580361335,-9.981419347,
3580961295,-9.958535717,
3581561255,-10.00489525,
3582161215,-9.961029571,
3582761175,-9.967994147,
3583361135,-10.02523905,
3583961095,-9.975454527,
3584561055,-9.977711069,
3585161015,-9.985059663,
3585760975,-9.946858467,
3586360935,-9.986924429,
3586960895,-9.998193032,
3587560855,-9.999706399,
3588160815,-10.00113369,
3588760775,-9.959582603,
3589360735,-10.01211354,
3589960695,-9.971477665,
3590560655,-10.02056549,
3591160615,-10.02494341,
3591760575,-9.971472971,
3592360535,-10.03442223,
3592960495,-10.03665585,
3593560455,-9.996816327,
3594160415,-10.09398298,
3594760375,-10.05015817,
3595360335,-10.0542882,
3595960295,-10.04675739,
3596560255,-10.0769362,
3597160215,-10.04230755,
3597760175,-10.09601621,
3598360135,-10.12320432,
3598960095,-10.04168537,
3599560055,-10.05714335,
3600160015,-10.09330897,
3600759975,-10.10464988,
3601359935,-10.07447165,
3601959895,-10.09189649,
3602559855,-10.10380001,
3603159815,-10.16076288,
3603759775,-10.08126192,
3604359735,-10.10515412,
3604959695,-10.11597649,
3605559655,-10.14977537,
3606159615,-10.13671017,
3606759575,-10.09543311,
3607359535,-10.14846199,
3607959495,-10.15296175,
3608559455,-10.18900289,
3609159415,-10.16276288,
3609759375,-10.1833543,
3610359335,-10.17479987,
3610959295,-10.20453376,
3611559255,-10.18885008,
3612159215,-10.18564738,
3612759175,-10.16081612,
3613359135,-10.21055686,
3613959095,-10.19567441,
3614559055,-10.19878304,
3615159015,-10.2189172,
3615758975,-10.23227628,
3616358935,-10.28005457,
3616958895,-10.24945964,
3617558855,-10.24792149,
3618158815,-10.25843638,
3618758775,-10.25541002,
3619358735,-10.30549938,
3619958695,-10.29792489,
3620558655,-10.27614884,
3621158615,-10.28895319,
3621758575,-10.34626701,
3622358535,-10.26778335,
3622958495,-10.3468108,
3623558455,-10.30496874,
3624158415,-10.30997489,
3624758375,-10.37695997,
3625358335,-10.38884409,
3625958295,-10.3909155,
3626558255,-10.35492515,
3627158215,-10.40465967,
3627758175,-10.37162559,
3628358135,-10.38262396,
3628958095,-10.36182202,
3629558055,-10.43587819,
3630158015,-10.40692164,
3630757975,-10.37244374,
3631357935,-10.4213702,
3631957895,-10.49133878,
3632557855,-10.43935455,
3633157815,-10.45058436,
3633757775,-10.45607133,
3634357735,-10.51594261,
3634957695,-10.54267477,
3635557655,-10.46299016,
3636157615,-10.49365977,
3636757575,-10.50618567,
3637357535,-10.55135011,
3637957495,-10.52443724,
3638557455,-10.53395393,
3639157415,-10.55321646,
3639757375,-10.5514401,
3640357335,-10.62460426,
3640957295,-10.53823834,
3641557255,-10.57286151,
3642157215,-10.64336656,
3642757175,-10.60009119,
3643357135,-10.61427686,
3643957095,-10.64851494,
3644557055,-10.63630642,
3645157015,-10.60365815,
3645756975,-10.70409809,
3646356935,-10.71683504,
3646956895,-10.6143739,
3647556855,-10.72516152,
3648156815,-10.76040234,
3648756775,-10.70772299,
3649356735,-10.72431508,
3649956695,-10.70087207,
3650556655,-10.75419421,
3651156615,-10.76014699,
3651756575,-10.82020246,
3652356535,-10.77125227,
3652956495,-10.78184574,
3653556455,-10.79414067,
3654156415,-10.83365091,
3654756375,-10.81512662,
3655356335,-10.80711382,
3655956295,-10.88588441,
3656556255,-10.85135268,
3657156215,-10.81533333,
3657756175,-10.87010719,
3658356135,-10.9104922,
3658956095,-10.88814201,
3659556055,-10.89490755,
3660156015,-10.91350441,
3660755975,-10.91827556,
3661355935,-10.93679005,
3661955895,-10.94584122,
3662555855,-10.9749837,
3663155815,-10.96053029,
3663755775,-11.02336238,
3664355735,-10.98288052,
3664955695,-10.95408822,
3665555655,-11.00175996,
3666155615,-11.02278611,
3666755575,-11.05072622,
3667355535,-11.03181048,
3667955495,-11.0557495,
3668555455,-11.01702945,
3669155415,-11.0761652,
3669755375,-11.0374079,
3670355335,-11.08228608,
3670955295,-11.09959409,
3671555255,-11.10259254,
3672155215,-11.14189668,
3672755175,-11.13738774,
3673355135,-11.14230932,
3673955095,-11.14388752,
3674555055,-11.20709505,
3675155015,-11.17676984,
3675754975,-11.16641185,
3676354935,-11.22586137,
3676954895,-11.20550298,
3677554855,-11.17883297,
3678154815,-11.22907123,
3678754775,-11.21432862,
3679354735,-11.24332857,
3679954695,-11.26483959,
3680554655,-11.2591867,
3681154615,-11.26918281,
3681754575,-11.27682161,
3682354535,-11.30442863,
3682954495,-11.2455834,
3683554455,-11.30381694,
3684154415,-11.32727871,
3684754375,-11.30880439,
3685354335,-11.37918417,
3685954295,-11.33520884,
3686554255,-11.31857256,
3687154215,-11.33362053,
3687754175,-11.36553491,
3688354135,-11.36516095,
3688954095,-11.37880538,
3689554055,-11.37878299,
3690154015,-11.38511568,
3690753975,-11.39635941,
3691353935,-11.39831932,
3691953895,-11.41828115,
3692553855,-11.39687948,
3693153815,-11.46860912,
3693753774,-11.45537261,
3694353734,-11.44804995,
3694953694,-11.43344427,
3695553654,-11.47542544,
3696153614,-11.4913979,
3696753574,-11.40938087,
3697353534,-11.45245071,
3697953494,-11.45767735,
3698553454,-11.5188562,
3699153414,-11.51588977,
3699753374,-11.46982316,
3700353334,-11.45968354,
3700953294,-11.47794839,
3701553254,-11.47125279,
3702153214,-11.46196275,
3702753174,-11.4865626,
3703353134,-11.49042701,
3703953094,-11.49716405,
3704553054,-11.45481803,
3705153014,-11.49783746,
3705752974,-11.53423592,
3706352934,-11.45487041,
3706952894,-11.50177334,
3707552854,-11.50655157,
3708152814,-11.50610574,
3708752774,-11.4812134,
3709352734,-11.50871986,
3709952694,-11.45341786,
3710552654,-11.52350582,
3711152614,-11.4569375,
3711752574,-11.4998333,
3712352534,-11.50980027,
3712952494,-11.50988904,
3713552454,-11.50117246,
3714152414,-11.50974258,
3714752374,-11.54596829,
3715352334,-11.50836137,
3715952294,-11.51082004,
3716552254,-11.51242176,
3717152214,-11.49983554,
3717752174,-11.54154389,
3718352134,-11.49971552,
3718952094,-11.49871105,
3719552054,-11.49748973,
3720152014,-11.3916721,
3720751974,-11.49525891,
3721351934,-11.43749683,
3721951894,-11.49015197,
3722551854,-11.58781606,
3723151814,-11.48515816,
3723751774,-11.39614939,
3724351734,-11.47815381,
3724951694,-11.42231925,
3725551654,-11.47416801,
3726151614,-11.45868852,
3726751574,-11.51668661,
3727351534,-11.49541928,
3727951494,-11.46975786,
3728551454,-11.44013989,
3729151414,-11.45341214,
3729751374,-11.44226703,
3730351334,-11.47243029,
3730951294,-11.43290904,
3731551254,-11.48159911,
3732151214,-11.42419531,
3732751174,-11.34330682,
3733351134,-11.40316605,
3733951094,-11.40864613,
3734551054,-11.40266301,
3735151014,-11.37401429,
3735750974,-11.44058593,
3736350934,-11.44912873,
3736950894,-11.37800506,
3737550854,-11.42414806,
3738150814,-11.32117098,
3738750774,-11.34948946,
3739350734,-11.40215526,
3739950694,-11.2858501,
3740550654,-11.34210394,
3741150614,-11.37327604,
3741750574,-11.2943606,
3742350534,-11.26580809,
3742950494,-11.29394831,
3743550454,-11.30881996,
3744150414,-11.23424714,
3744750374,-11.29263939,
3745350334,-11.28775104,
3745950294,-11.26133822,
3746550254,-11.30450299,
3747150214,-11.2640753,
3747750174,-11.20934561,
3748350134,-11.24543278,
3748950094,-11.24528305,
3749550054,-11.23932142,
3750150014,-11.2729831,
3750749974,-11.22844625,
3751349934,-11.23051336,
3751949894,-11.16335093,
3752549854,-11.19909361,
3753149814,-11.19515668,
3753749774,-11.17371118,
3754349734,-11.2223833,
3754949694,-11.17127963,
3755549654,-11.15089274,
3756149614,-11.1697072,
3756749574,-11.04308222,
3757349534,-11.18718614,
3757949494,-11.1347644,
3758549454,-11.1105196,
3759149414,-11.13273279,
3759749374,-11.09778245,
3760349334,-11.10646249,
3760949294,-11.0429359,
3761549254,-11.07492918,
3762149214,-11.08324468,
3762749174,-11.07481521,
3763349134,-11.06029366,
3763949094,-11.01182804,
3764549054,-11.00174534,
3765149014,-11.02763924,
3765748974,-11.03907224,
3766348934,-11.01653102,
3766948894,-10.97912869,
3767548854,-10.99000606,
3768148814,-11.0025631,
3768748774,-11.0073472,
3769348734,-10.98783632,
3769948694,-11.01007309,
3770548654,-11.01883078,
3771148614,-10.98050596,
3771748574,-10.9213473,
3772348534,-10.97058205,
3772948494,-11.00829724,
3773548454,-10.95676045,
3774148414,-10.95096511,
3774748374,-10.94570146,
3775348334,-10.93859097,
3775948294,-10.94914502,
3776548254,-10.97695721,
3777148214,-10.97116988,
3777748174,-10.92070397,
3778348134,-10.92084292,
3778948094,-10.90300311,
3779548054,-10.91284094,
3780148014,-10.94062507,
3780747974,-10.92837238,
3781347934,-10.87898802,
3781947894,-10.89029717,
3782547854,-10.8853532,
3783147814,-10.90078764,
3783747774,-10.88091314,
3784347734,-10.83161392,
3784947694,-10.82635428,
3785547654,-10.76270383,
3786147614,-10.86553522,
3786747574,-10.8158072,
3787347534,-10.84519312,
3787947494,-10.85929601,
3788547454,-10.87529528,
3789147414,-10.8535865,
3789747374,-10.85194894,
3790347334,-10.87289933,
3790947294,-10.82541229,
3791547254,-10.849478,
3792147214,-10.84374218,
3792747174,-10.84022688,
3793347134,-10.80737157,
3793947094,-10.82279285,
3794547054,-10.80666741,
3795147014,-10.88130465,
3795746974,-10.79075193,
3796346934,-10.8407834,
3796946894,-10.89365432,
3797546854,-10.83421719,
3798146814,-10.83225876,
3798746774,-10.833931,
3799346734,-10.83208068,
3799946694,-10.83332814,
3800546654,-10.83381769,
3801146614,-10.83346044,
3801746574,-10.83392148,
3802346534,-10.83156153,
3802946494,-10.82804297,
3803546454,-10.83484823,
3804146414,-10.8170009,
3804746374,-10.8367356,
3805346334,-10.83722072,
3805946294,-10.8453633,
3806546254,-10.83342407,
3807146214,-10.80960791,
3807746174,-10.84193324,
3808346134,-10.84411223,
3808946094,-10.79847894,
3809546054,-10.83573761,
3810146014,-10.84840066,
3810745974,-10.80231972,
3811345934,-10.84861369,
3811945894,-10.85427382,
3812545854,-10.85640992,
3813145814,-10.84852493,
3813745774,-10.85974399,
3814345734,-10.850954,
3814945694,-10.85602982,
3815545654,-10.83061719,
3816145614,-10.86875596,
3816745574,-10.87146887,
3817345534,-10.9360625,
3817945494,-10.91949214,
3818545454,-10.92012377,
3819145414,-10.88144162,
3819745374,-10.88260721,
3820345334,-10.89260603,
3820945294,-10.88846803,
3821545254,-10.89169379,
3822145214,-10.93873138,
3822745174,-10.88688975,
3823345134,-10.90075244,
3823945094,-10.94760237,
3824545054,-10.92275797,
3825145014,-10.90938965,
3825744974,-10.85802899,
3826344934,-10.9050602,
3826944894,-10.91677521,
3827544854,-10.87347016,
3828144814,-10.91493361,
3828744774,-10.92025036,
3829344734,-10.90977527,
3829944694,-10.92236148,
3830544654,-10.93701373,
3831144614,-10.93838158,
3831744574,-10.9762782,
3832344534,-10.94448477,
3832944494,-10.94878812,
3833544454,-10.95191816,
3834144414,-11.03369798,
3834744374,-10.94273437,
3835344334,-10.96021102,
3835944294,-10.96554144,
3836544254,-10.96778646,
3837144214,-10.92221252,
3837744174,-11.04879348,
3838344134,-10.98813833,
3838944094,-10.91128283,
3839544054,-10.98582325,
3840144014,-10.93855603,
3840743974,-10.98591288,
3841343934,-11.0123465,
3841943894,-10.98691212,
3842543854,-11.04704343,
3843143814,-11.00352883,
3843743774,-11.00021117,
3844343734,-11.05886545,
3844943694,-11.02017519,
3845543654,-10.99635534,
3846143614,-11.02352291,
3846743574,-11.03005957,
3847343533,-11.04250574,
3847943493,-11.04223443,
3848543453,-11.03981616,
3849143413,-11.0398794,
3849743373,-11.06066692,
3850343333,-11.0923093,
3850943293,-11.06409774,
3851543253,-11.12945417,
3852143213,-11.06194299,
3852743173,-11.03351207,
3853343133,-11.11853102,
3853943093,-11.07052596,
3854543053,-11.10763523,
3855143013,-11.04510128,
3855742973,-11.08293907,
3856342933,-11.07610908,
3856942893,-11.09231835,
3857542853,-11.06443155,
3858142813,-11.13888909,
3858742773,-11.11168143,
3859342733,-11.11179982,
3859942693,-11.07652628,
3860542653,-11.09496281,
3861142613,-11.07331275,
3861742573,-11.05782165,
3862342533,-11.13968037,
3862942493,-11.13668926,
3863542453,-11.12037278,
3864142413,-11.14619121,
3864742373,-11.15656887,
3865342333,-11.15796659,
3865942293,-11.17315514,
3866542253,-11.17213115,
3867142213,-11.22355148,
3867742173,-11.18439999,
3868342133,-11.18870294,
3868942093,-11.19595976,
3869542053,-11.19992274,
3870142013,-11.17083164,
3870741973,-11.21064802,
3871341933,-11.25523204,
3871941893,-11.19581258,
3872541853,-11.19700669,
3873141813,-11.25745716,
3873741773,-11.27226784,
3874341733,-11.28917873,
3874941693,-11.30095831,
3875541653,-11.27747607,
3876141613,-11.31580591,
3876741573,-11.28046561,
3877341533,-11.30498648,
3877941493,-11.25661923,
3878541453,-11.26068664,
3879141413,-11.39300371,
3879741373,-11.34147931,
3880341333,-11.28484802,
3880941293,-11.30100795,
3881541253,-11.31483056,
3882141213,-11.38614639,
3882741173,-11.34850438,
3883341133,-11.40294348,
3883941093,-11.39986868,
3884541053,-11.35428747,
3885141013,-11.41943334,
3885740973,-11.38657822,
3886340933,-11.44970968,
3886940893,-11.39907643,
3887540853,-11.46900011,
3888140813,-11.47872205,
3888740773,-11.49437191,
3889340733,-11.50666434,
3889940693,-11.51691322,
3890540653,-11.52601195,
3891140613,-11.59731112,
3891740573,-11.49844108,
3892340533,-11.57244469,
3892940493,-11.5403995,
3893540453,-11.50081614,
3894140413,-11.61407321,
3894740373,-11.62886103,
3895340333,-11.59603321,
3895940293,-11.65318634,
3896540253,-11.61269064,
3897140213,-11.68099497,
3897740173,-11.64011542,
3898340133,-11.71521987,
3898940093,-11.73052215,
3899540053,-11.74431337,
3900140013,-11.71561535,
3900739973,-11.83875441,
3901339933,-11.79489475,
3901939893,-11.82039222,
3902539853,-11.82577173,
3903139813,-11.78221309,
3903739773,-11.81096734,
3904339733,-11.85997148,
3904939693,-11.89760232,
3905539653,-11.99572723,
3906139613,-11.88468982,
3906739573,-11.93204084,
3907339533,-11.91224824,
3907939493,-11.91808072,
3908539453,-12.05463477,
3909139413,-11.96158711,
3909739373,-12.0344271,
3910339333,-12.10952752,
3910939293,-12.00768153,
3911539253,-12.11765281,
3912139213,-12.10565712,
3912739173,-12.31673494,
3913339133,-12.08755053,
3913939093,-12.14700461,
3914539053,-12.16331945,
3915139013,-12.19787792,
3915738973,-12.2837469,
3916338933,-12.27253994,
3916938893,-12.25442345,
3917538853,-12.27386583,
3918138813,-12.2958289,
3918738773,-12.3402801,
3919338733,-12.34452802,
3919938693,-12.41466757,
3920538653,-12.38322526,
3921138613,-12.38873913,
3921738573,-12.40971095,
3922338533,-12.43727289,
3922938493,-12.46660435,
3923538453,-12.465865,
3924138413,-12.48578242,
3924738373,-12.43908675,
3925338333,-12.48706278,
3925938293,-12.54172058,
3926538253,-12.56121756,
3927138213,-12.58660156,
3927738173,-12.59915974,
3928338133,-12.61947114,
3928938093,-12.5837825,
3929538053,-12.65627232,
3930138013,-12.68439129,
3930737973,-12.69418351,
3931337933,-12.72106774,
3931937893,-12.67580105,
3932537853,-12.74945811,
3933137813,-12.769019,
3933737773,-12.7864581,
3934337733,-12.75769974,
3934937693,-12.82236402,
3935537653,-12.84061396,
3936137613,-12.7803383,
3936737573,-12.88098179,
3937337533,-12.90094344,
3937937493,-12.91202954,
3938537453,-12.9309783,
3939137413,-13.03630292,
3939737373,-12.983493,
3940337333,-13.02732316,
3940937293,-12.98277765,
3941537253,-12.96840649,
3942137213,-13.08459714,
3942737173,-13.04648033,
3943337133,-13.06223113,
3943937093,-13.09121826,
3944537053,-13.10849692,
3945137013,-13.10941581,
3945736973,-13.13070732,
3946336933,-13.16189878,
3946936893,-13.15633414,
3947536853,-13.17069626,
3948136813,-13.15932375,
3948736773,-13.19995701,
3949336733,-13.15377046,
3949936693,-13.22724345,
3950536653,-13.24095191,
3951136613,-13.30921366,
3951736573,-13.2717282,
3952336533,-13.2474834,
3952936493,-13.29255186,
3953536453,-13.30543369,
3954136413,-13.37464561,
3954736373,-13.33165173,
3955336333,-13.34264184,
3955936293,-13.34901921,
3956536253,-13.36383999,
3957136213,-13.39442793,
3957736173,-13.39079226,
3958336133,-13.45923242,
3958936093,-13.4108272,
3959536053,-13.41749022,
3960136013,-13.42830991,
3960735973,-13.50593201,
3961335933,-13.42848996,
3961935893,-13.47832528,
3962535853,-13.46469032,
3963135813,-13.46855653,
3963735773,-13.48522725,
3964335733,-13.48755793,
3964935693,-13.50058235,
3965535653,-13.50912313,
3966135613,-13.51280175,
3966735573,-13.52335365,
3967335533,-13.51382446,
3967935493,-13.53633871,
3968535453,-13.54090966,
3969135413,-13.55528592,
3969735373,-13.55460408,
3970335333,-13.56543127,
3970935293,-13.6262272,
3971535253,-13.50701253,
3972135213,-13.5403587,
3972735173,-13.57996265,
3973335133,-13.58459621,
3973935093,-13.528014,
3974535053,-13.59182648,
3975135013,-13.5181041,
3975734973,-13.51356568,
3976334933,-13.6009014,
3976934893,-13.65608396,
3977534853,-13.60894489,
3978134813,-13.53566373,
3978734773,-13.61770467,
3979334733,-13.60974757,
3979934693,-13.5698375,
3980534653,-13.61329291,
3981134613,-13.61181719,
3981734573,-13.61613102,
3982334533,-13.6793972,
3982934493,-13.61686832,
3983534453,-13.61100521,
3984134413,-13.619482,
3984734373,-13.65058282,
3985334333,-13.61296119,
3985934293,-13.57671727,
3986534253,-13.69848776,
3987134213,-13.55776487,
3987734173,-13.54363854,
3988334133,-13.53895505,
3988934093,-13.5966197,
3989534053,-13.59673148,
3990134013,-13.58799343,
3990733973,-13.58990694,
3991333933,-13.63560515,
3991933893,-13.58186718,
3992533853,-13.58301682,
3993133813,-13.57028157,
3993733773,-13.5700962,
3994333733,-13.55776045,
3994933693,-13.55789806,
3995533653,-13.54786844,
3996133613,-13.5134374,
3996733573,-13.478023,
3997333533,-13.4717971,
3997933493,-13.53255459,
3998533453,-13.54216882,
3999133413,-13.47576231,
3999733373,-13.53419082,
4000333333,-13.51146479,
4000933293,-13.51344822,
4001533253,-13.49724474,
4002133212,-13.4871448,
4002733172,-13.49420718,
4003333132,-13.59335797,
4003933092,-13.46794324,
4004533052,-13.45644553,
4005133012,-13.45309193,
4005732972,-13.441092,
4006332932,-13.37531727,
4006932892,-13.43048803,
4007532852,-13.44866073,
4008132812,-13.40653287,
4008732772,-13.40648286,
4009332732,-13.37746293,
4009932692,-13.42432503,
4010532652,-13.37232126,
4011132612,-13.30141751,
4011732572,-13.35913555,
4012332532,-13.25072795,
4012932492,-13.33579999,
4013532452,-13.3226513,
4014132412,-13.34195093,
4014732372,-13.30679165,
4015332332,-13.28092675,
4015932292,-13.24822116,
4016532252,-13.27954683,
4017132212,-13.26418077,
4017732172,-13.26344853,
4018332132,-13.24983043,
4018932092,-13.26416889,
4019532052,-13.22640332,
4020132012,-13.20572583,
4020731972,-13.1916537,
4021331932,-13.19946665,
4021931892,-13.19715277,
4022531852,-13.12367341,
4023131812,-13.15502611,
4023731772,-13.0911036,
4024331732,-13.07760301,
4024931692,-13.19744428,
4025531652,-13.13442965,
4026131612,-13.06511878,
4026731572,-13.10256641,
4027331532,-13.09539017,
4027931492,-13.08436526,
4028531452,-13.03825843,
4029131412,-13.05332067,
4029731372,-13.05181042,
4030331332,-13.04899278,
4030931292,-13.03985886,
4031531252,-13.02729437,
4032131212,-12.99906949,
4032731172,-13.00721147,
4033331132,-13.00593022,
4033931092,-12.95393832,
4034531052,-12.93804272,
4035131012,-12.9549208,
4035730972,-12.98821641,
4036330932,-12.93279544,
4036930892,-13.0033087,
4037530852,-12.93255128,
4038130812,-12.93303596,
4038730772,-12.94584397,
4039330732,-12.90436742,
4039930692,-12.89413066,
4040530652,-12.89675063,
4041130612,-12.83042287,
4041730572,-12.87778379,
4042330532,-12.8618097,
4042930492,-12.87154586,
4043530452,-12.86787881,
4044130412,-12.78738133,
4044730372,-12.83403923,
4045330332,-12.8281858,
4045930292,-12.82044762,
4046530252,-12.80911763,
4047130212,-12.8108109,
4047730172,-12.79889737,
4048330132,-12.84605597,
4048930092,-12.78737763,
4049530052,-12.84765161,
4050130012,-12.83085795,
4050729972,-12.7610777,
4051329932,-12.70492673,
4051929892,-12.7349768,
4052529852,-12.7407844,
4053129812,-12.72533719,
4053729772,-12.73039123,
4054329732,-12.72946108,
4054929692,-12.71656802,
4055529652,-12.74496798,
4056129612,-12.70810404,
4056729572,-12.70378403,
4057329532,-12.75608035,
4057929492,-12.70674102,
4058529452,-12.71260817,
4059129412,-12.68469623,
4059729372,-12.68058839,
4060329332,-12.67521222,
4060929292,-12.62261915,
4061529252,-12.65233295,
4062129212,-12.59280934,
4062729172,-12.68501364,
4063329132,-12.75289357,
4063929092,-12.65482926,
4064529052,-12.60664098,
4065129012,-12.65480085,
4065728972,-12.64536152,
4066328932,-12.70715589,
4066928892,-12.72764539,
4067528852,-12.62834343,
4068128812,-12.61395863,
4068728772,-12.63064208,
4069328732,-12.75462352,
4069928692,-12.68962869,
4070528652,-12.62429031,
4071128612,-12.60887621,
4071728572,-12.68244016,
4072328532,-12.64506406,
4072928492,-12.61528605,
4073528452,-12.61440406,
4074128412,-12.61268153,
4074728372,-12.66205916,
4075328332,-12.65356458,
4075928292,-12.67020823,
4076528252,-12.58146577,
4077128212,-12.65639114,
4077728172,-12.60396922,
4078328132,-12.58900693,
4078928092,-12.60871326,
4079528052,-12.62340613,
4080128012,-12.58816879,
4080727972,-12.56963942,
4081327932,-12.66159243,
4081927892,-12.65848219,
4082527852,-12.59647097,
4083127812,-12.59611882,
4083727772,-12.66657346,
4084327732,-12.5945285,
4084927692,-12.59396694,
4085527652,-12.59415874,
4086127612,-12.59325543,
4086727572,-12.60388606,
4087327532,-12.72080294,
4087927492,-12.59181703,
4088527452,-12.6580276,
4089127412,-12.59337789,
4089727372,-12.59380359,
4090327332,-12.61660248,
4090927292,-12.69538856,
4091527252,-12.65852737,
4092127212,-12.63490035,
4092727172,-12.67829618,
4093327132,-12.53931231,
4093927092,-12.66620139,
4094527052,-12.59846482,
4095127012,-12.59360062,
4095726972,-12.59541171,
4096326932,-12.60360713,
4096926892,-12.62069761,
4097526852,-12.53657089,
4098126812,-12.59520016,
4098726772,-12.59518495,
4099326732,-12.61124903,
4099926692,-12.59876969,
4100526652,-12.60196762,
4101126612,-12.58962969,
4101726572,-12.6270281,
4102326532,-12.59198823,
4102926492,-12.60439238,
4103526452,-12.60464106,
4104126412,-12.5922113,
4104726372,-12.59846796,
4105326332,-12.54118571,
4105926292,-12.6364073,
4106526252,-12.6010634,
4107126212,-12.55278529,
4107726172,-12.60226495,
4108326132,-12.67952107,
4108926092,-12.61474775,
4109526052,-12.61157744,
4110126012,-12.62211567,
4110725972,-12.59770017,
4111325932,-12.61092573,
4111925892,-12.63002507,
4112525852,-12.6713832,
4113125812,-12.62614379,
4113725772,-12.64166476,
4114325732,-12.62735085,
4114925692,-12.62094567,
4115525652,-12.60434295,
4116125612,-12.63794049,
4116725572,-12.64873107,
4117325532,-12.63420902,
4117925492,-12.69183425,
4118525452,-12.65500972,
4119125412,-12.64996664,
4119725372,-12.65329793,
4120325332,-12.65630491,
4120925292,-12.65398939,
4121525252,-12.70793205,
4122125212,-12.70952003,
4122725172,-12.6333519,
4123325132,-12.67159825,
4123925092,-12.66979031,
4124525052,-12.72015701,
4125125012,-12.74860268,
4125724972,-12.6832315,
4126324932,-12.64610799,
4126924892,-12.69505144,
4127524852,-12.70120207,
4128124812,-12.7080089,
4128724772,-12.72499813,
4129324732,-12.71865504,
4129924692,-12.71932257,
4130524652,-12.72863778,
4131124612,-12.7334976,
4131724572,-12.73949477,
4132324532,-12.75259009,
4132924492,-12.75609547,
4133524452,-12.71062446,
4134124412,-12.76992842,
4134724372,-12.77547136,
4135324332,-12.81737923,
4135924292,-12.8203816,
4136524252,-12.7984604,
4137124212,-12.87439863,
4137724172,-12.83388068,
4138324132,-12.85753402,
4138924092,-12.83183566,
4139524052,-12.84909566,
4140124012,-12.87173907,
4140723972,-12.83054976,
4141323932,-12.94161513,
4141923892,-12.89474996,
4142523852,-12.8824084,
4143123812,-12.90886738,
4143723772,-12.87290698,
4144323732,-12.93110037,
4144923692,-13.02288328,
4145523652,-12.97691722,
4146123612,-12.97188567,
4146723572,-12.98741582,
4147323532,-13.06124252,
4147923492,-13.01541858,
4148523452,-13.02638615,
4149123412,-13.09568532,
4149723372,-13.05816029,
4150323332,-13.09583568,
4150923292,-13.07719814,
4151523252,-13.10149931,
4152123212,-13.16788264,
4152723172,-13.15866281,
4153323132,-13.14909479,
4153923092,-13.16318677,
4154523052,-13.19085674,
4155123012,-13.19809794,
4155722971,-13.22210294,
4156322931,-13.23942721,
4156922891,-13.26406828,
4157522851,-13.2176949,
4158122811,-13.32346264,
4158722771,-13.31338382,
4159322731,-13.32647485,
4159922691,-13.35662474,
4160522651,-13.45878439,
4161122611,-13.39460555,
4161722571,-13.411513,
4162322531,-13.42735983,
4162922491,-13.44715234,
4163522451,-13.45252759,
4164122411,-13.49186665,
4164722371,-13.49736081,
4165322331,-13.53778992,
4165922291,-13.5647256,
4166522251,-13.61079908,
4167122211,-13.60644078,
4167722171,-13.64226074,
4168322131,-13.65114425,
4168922091,-13.62896446,
4169522051,-13.62307671,
4170122011,-13.69675036,
4170721971,-13.75157879,
4171321931,-13.78225683,
4171921891,-13.80049016,
4172521851,-13.83416205,
4173121811,-13.85254846,
4173721771,-13.82841381,
4174321731,-13.91299695,
4174921691,-13.93282929,
4175521651,-13.94748958,
4176121611,-14.03101399,
4176721571,-14.06018839,
4177321531,-14.02249329,
4177921491,-14.04879257,
4178521451,-14.08588897,
4179121411,-14.0831868,
4179721371,-14.12369517,
4180321331,-14.14735012,
4180921291,-14.17587079,
4181521251,-14.20935046,
4182121211,-14.23407663,
4182721171,-14.24290868,
4183321131,-14.28324625,
4183921091,-14.3092181,
4184521051,-14.32084675,
4185121011,-14.34289609,
4185720971,-14.25003774,
4186320931,-14.40206722,
4186920891,-14.38847912,
4187520851,-14.45476335,
4188120811,-14.43636856,
4188720771,-14.61803791,
4189320731,-14.61157297,
4189920691,-14.61437161,
4190520651,-14.61943391,
4191120611,-14.59409081,
4191720571,-14.64046759,
4192320531,-14.57786234,
4192920491,-14.60794035,
4193520451,-14.7003709,
4194120411,-14.8177907,
4194720371,-14.7644899,
4195320331,-14.74481936,
4195920291,-14.79745675,
4196520251,-14.83696107,
4197120211,-14.72029452,
4197720171,-14.79636232,
4198320131,-14.90934478,
4198920091,-14.85188719,
4199520051,-14.88021145,
4200120011,-14.9804064,
4200719971,-14.93645514,
4201319931,-14.90139542,
4201919891,-15.05378883,
4202519851,-15.06444271,
4203119811,-15.06402193,
4203719771,-15.11917244,
4204319731,-15.11988357,
4204919691,-15.2088184,
4205519651,-15.20057022,
4206119611,-15.20986164,
4206719571,-15.27697319,
4207319531,-15.29817889,
4207919491,-15.25911223,
4208519451,-15.23620105,
4209119411,-15.31361088,
4209719371,-15.27739719,
4210319331,-15.35139614,
4210919291,-15.4433555,
4211519251,-15.40474306,
4212119211,-15.48407592,
4212719171,-15.42967046,
4213319131,-15.44943303,
4213919091,-15.46824417,
4214519051,-15.48599534,
4215119011,-15.49356551,
4215718971,-15.51757728,
4216318931,-15.69965795,
4216918891,-15.5676205,
4217518851,-15.66639292,
4218118811,-15.6337876,
4218718771,-15.60502169,
4219318731,-15.62127038,
4219918691,-15.71776496,
4220518651,-15.73961022,
4221118611,-15.5533403,
4221718571,-15.68624745,
4222318531,-15.78445223,
4222918491,-15.71338993,
4223518451,-15.69875217,
4224118411,-15.7408657,
4224718371,-15.75681693,
4225318331,-15.85235113,
4225918291,-15.78190037,
4226518251,-15.79448475,
4227118211,-15.80714328,
4227718171,-15.86371681,
4228318131,-15.83078939,
4228918091,-15.84805982,
4229518051,-15.78566365,
4230118011,-15.85526812,
4230717971,-15.79590326,
4231317931,-15.81706552,
4231917891,-15.97672718,
4232517851,-15.89873547,
4233117811,-15.90470766,
4233717771,-15.92349391,
4234317731,-15.91515743,
4234917691,-15.94433134,
4235517651,-16.02396688,
4236117611,-15.94006281,
4236717571,-15.92967204,
4237317531,-16.04455328,
4237917491,-15.97726666,
4238517451,-15.97903748,
4239117411,-16.07082885,
4239717371,-15.98771489,
4240317331,-15.99630353,
4240917291,-15.99906133,
4241517251,-16.08726397,
4242117211,-16.01891019,
4242717171,-16.00889839,
4243317131,-15.95384215,
4243917091,-16.02638317,
4244517051,-16.02959029,
4245117011,-16.04131078,
4245716971,-16.09525303,
4246316931,-16.0438937,
4246916891,-16.06344716,
4247516851,-15.97947594,
4248116811,-16.05647457,
4248716771,-16.14208388,
4249316731,-16.04868031,
4249916691,-16.0528189,
4250516651,-16.13520896,
4251116611,-16.20021375,
4251716571,-16.0720118,
4252316531,-16.10927058,
4252916491,-15.98972472,
4253516451,-16.05133244,
4254116411,-16.06550534,
4254716371,-16.07277504,
4255316331,-16.05448298,
4255916291,-15.98146894,
4256516251,-16.04454215,
4257116211,-15.98560047,
4257716171,-16.0427389,
4258316131,-16.03723681,
4258916091,-16.09842428,
4259516051,-16.22471566,
4260116011,-16.02240859,
4260715971,-16.10660222,
4261315931,-16.02017734,
4261915891,-16.01815451,
4262515851,-15.89208062,
4263115811,-15.98771556,
4263715771,-16.00856226,
4264315731,-16.04046083,
4264915691,-16.08620021,
4265515651,-15.98625512,
4266115611,-15.95887342,
4266715571,-16.16096751,
4267315531,-15.91572867,
4267915491,-16.14213256,
4268515451,-15.96005411,
4269115411,-15.95529232,
4269715371,-16.12686543,
4270315331,-15.93792827,
4270915291,-15.87868895,
4271515251,-15.92997857,
4272115211,-16.05886877,
4272715171,-15.99594148,
4273315131,-15.90389207,
4273915091,-15.9075062,
4274515051,-15.98292393,
4275115011,-15.82786595,
4275714971,-15.91714854,
4276314931,-15.85404457,
4276914891,-15.9322319,
4277514851,-15.83054466,
4278114811,-15.7700897,
4278714771,-15.91891892,
4279314731,-15.9105501,
4279914691,-15.79308886,
4280514651,-15.79957512,
4281114611,-15.78820724,
4281714571,-15.79582397,
4282314531,-15.7752516,
4282914491,-15.89327781,
4283514451,-15.74990775,
4284114411,-15.74761265,
4284714371,-15.72626044,
4285314331,-15.77316773,
4285914291,-15.71051968,
4286514251,-15.69453678,
4287114211,-15.70487219,
4287714171,-15.62150174,
4288314131,-15.67742726,
4288914091,-15.67836373,
4289514051,-15.64902421,
4290114011,-15.65826341,
4290713971,-15.63209694,
4291313931,-15.68858633,
4291913891,-15.7081221,
4292513851,-15.57394539,
4293113811,-15.60059137,
4293713771,-15.57818385,
4294313731,-15.61308345,
4294913691,-15.55724537,
4295513651,-15.62949469,
4296113611,-15.53722071,
4296713571,-15.60413219,
4297313531,-15.51801715,
4297913491,-15.44565183,
4298513451,-15.57832249,
4299113411,-15.48747855,
4299713371,-15.47517806,
4300313331,-15.54912536,
4300913291,-15.4485908,
4301513251,-15.43978543,
4302113211,-15.3802885,
4302713171,-15.423806,
4303313131,-15.41284037,
4303913091,-15.47598943,
4304513051,-15.3940084,
4305113011,-15.38728138,
4305712971,-15.37853972,
4306312931,-15.4041175,
4306912891,-15.35503962,
4307512851,-15.26421911,
4308112811,-15.42059437,
4308712771,-15.28482222,
4309312730,-15.31408391,
4309912690,-15.32534018,
4310512650,-15.21269748,
4311112610,-15.30040077,
4311712570,-15.2858132,
4312312530,-15.19013265,
4312912490,-15.29961827,
4313512450,-15.20559137,
4314112410,-15.25351036,
4314712370,-15.24293509,
4315312330,-15.21640681,
4315912290,-15.22821595,
4316512250,-15.18593103,
4317112210,-15.20563672,
4317712170,-15.11969715,
4318312130,-15.19215939,
4318912090,-15.18931609,
4319512050,-15.25945977,
4320112010,-15.15777845,
4320711970,-15.17243411,
4321311930,-15.15794573,
4321911890,-15.15553964,
4322511850,-15.13333016,
4323111810,-15.14127557,
4323711770,-15.27438976,
4324311730,-15.04653726,
4324911690,-15.04743099,
4325511650,-15.10858516,
4326111610,-15.01928685,
4326711570,-15.16701568,
4327311530,-15.0972777,
4327911490,-15.08228421,
4328511450,-15.14520585,
4329111410,-15.14933043,
4329711370,-14.99111684,
4330311330,-15.05663577,
4330911290,-15.05066899,
4331511250,-15.04950419,
4332111210,-15.03742247,
4332711170,-14.95868164,
4333311130,-14.89023872,
4333911090,-14.94302613,
4334511050,-15.01434622,
4335111010,-14.8598301,
4335710970,-15.00866414,
4336310930,-14.99775001,
4336910890,-14.99681872,
4337510850,-15.00617595,
4338110810,-14.98982998,
4338710770,-15.02635453,
4339310730,-14.986944,
4339910690,-14.91537127,
4340510650,-14.8936546,
4341110610,-14.97980089,
4341710570,-14.96344081,
4342310530,-14.9425312,
4342910490,-14.95151728,
4343510450,-14.94594717,
4344110410,-14.94440476,
4344710370,-14.93778834,
4345310330,-14.93894251,
4345910290,-14.93230501,
4346510250,-14.90758715,
4347110210,-14.92558273,
4347710170,-14.92069663,
4348310130,-14.84031806,
4348910090,-14.83384437,
4349510050,-14.90717453,
4350110010,-14.90390413,
4350709970,-14.90107889,
4351309930,-14.74233779,
4351909890,-14.88330491,
4352509850,-14.93265181,
4353109810,-14.92250324,
4353709770,-14.88323853,
4354309730,-14.80163626,
4354909690,-14.87470864,
4355509650,-14.93869829,
4356109610,-14.86926544,
4356709570,-14.80695582,
4357309530,-14.85750986,
4357909490,-14.85623584,
4358509450,-14.77463928,
4359109410,-14.87281809,
4359709370,-14.84675345,
4360309330,-14.76455125,
4360909290,-14.84061054,
4361509250,-14.82382448,
4362109210,-14.76338247,
4362709170,-14.86398536,
4363309130,-14.82730232,
4363909090,-14.87787195,
4364509050,-14.82159598,
4365109010,-14.74344025,
4365708970,-14.80594874,
4366308930,-14.73451999,
4366908890,-14.81061211,
4367508850,-14.80803282,
4368108810,-14.73069413,
4368708770,-14.80235801,
4369308730,-14.64578306,
4369908690,-14.67722806,
4370508650,-14.79434652,
4371108610,-14.81596825,
4371708570,-14.77464836,
4372308530,-14.64002851,
4372908490,-14.78968659,
4373508450,-14.83272475,
4374108410,-14.69418856,
4374708370,-14.75955859,
4375308330,-14.77170162,
4375908290,-14.70603229,
4376508250,-14.83756535,
4377108210,-14.76181756,
4377708170,-14.76076254,
4378308130,-14.76226394,
4378908090,-14.82260791,
4379508050,-14.77645669,
4380108010,-14.68220649,
4380707970,-14.67987337,
4381307930,-14.81043067,
4381907890,-14.78624033,
4382507850,-14.68730707,
4383107810,-14.75705125,
4383707770,-14.74511462,
4384307730,-14.7868967,
4384907690,-14.74187778,
4385507650,-14.74636418,
4386107610,-14.66638494,
4386707570,-14.74112277,
4387307530,-14.74439575,
4387907490,-14.73865682,
4388507450,-14.71596972,
4389107410,-14.70082231,
4389707370,-14.73917,
4390307330,-14.73585978,
4390907290,-14.66284386,
4391507250,-14.66356818,
4392107210,-14.7334102,
4392707170,-14.67257036,
4393307130,-14.70224644,
4393907090,-14.7396974,
4394507050,-14.74001664,
4395107010,-14.67163228,
4395706970,-14.74132861,
4396306930,-14.74122664,
4396906890,-14.74555778,
4397506850,-14.74591614,
4398106810,-14.76258015,
4398706770,-14.75104441,
4399306730,-14.74868697,
4399906690,-14.75588541,
4400506650,-14.74712621,
4401106610,-14.69251471,
4401706570,-14.77866721,
4402306530,-14.75436008,
4402906490,-14.76976276,
4403506450,-14.78104415,
4404106410,-14.73315232,
4404706370,-14.71564518,
4405306330,-14.84567198,
4405906290,-14.79587843,
4406506250,-14.80431141,
4407106210,-14.81840771,
4407706170,-14.76189093,
4408306130,-14.90853488,
4408906090,-14.82940466,
4409506050,-14.77983727,
4410106010,-14.78472335,
4410705970,-14.83688692,
4411305930,-14.85333748,
4411905890,-14.86654457,
4412505850,-14.88132157,
4413105810,-14.89685866,
4413705770,-14.96701649,
4414305730,-14.89163561,
4414905690,-14.83188412,
4415505650,-14.87470369,
4416105610,-14.94421061,
4416705570,-14.87289238,
4417305530,-14.99086546,
4417905490,-14.96436203,
4418505450,-15.00233772,
4419105410,-14.89233006,
4419705370,-14.99713293,
4420305330,-14.93722395,
4420905290,-15.09977213,
4421505250,-15.05753909,
4422105210,-15.0671758,
4422705170,-15.06004774,
4423305130,-14.99851049,
4423905090,-15.12602523,
4424505050,-15.08371907,
4425105010,-14.95573764,
4425704970,-15.05027063,
4426304930,-15.14522521,
4426904890,-15.16314132,
4427504850,-15.17704063,
4428104810,-15.11113343,
4428704770,-15.28528933,
4429304730,-15.17443973,
4429904690,-15.18461005,
4430504650,-15.25886772,
4431104610,-15.19318825,
4431704570,-15.29318515,
4432304530,-15.30714464,
4432904490,-15.32573767,
4433504450,-15.34692099,
4434104410,-15.36640238,
4434704370,-15.38388073,
4435304330,-15.30921797,
4435904290,-15.42532571,
4436504250,-15.44291739,
4437104210,-15.38908754,
4437704170,-15.49658607,
4438304130,-15.3666369,
4438904090,-15.60559637,
4439504050,-15.54327405,
4440104010,-15.51235897,
4440703970,-15.58669628,
4441303930,-15.60299215,
4441903890,-15.55014396,
4442503850,-15.73303785,
4443103810,-15.83048166,
4443703770,-15.63914512,
4444303730,-15.72769217,
4444903690,-15.73623049,
4445503650,-15.76089328,
4446103610,-15.76607626,
4446703570,-15.75414091,
4447303530,-15.90271597,
4447903490,-15.85113717,
4448503450,-15.90669564,
4449103410,-16.07286289,
4449703370,-15.92459085,
4450303330,-16.0335222,
4450903290,-15.97235346,
4451503250,-16.08040312,
4452103210,-16.10772245,
4452703170,-16.04231685,
4453303130,-16.06594048,
4453903090,-16.0748884,
4454503050,-16.20447235,
4455103010,-16.20139984,
4455702970,-16.16246166,
4456302930,-16.18343824,
4456902890,-16.20865425,
4457502850,-16.32656171,
4458102810,-16.2572802,
4458702770,-16.28128204,
4459302730,-16.30839238,
4459902690,-16.32483661,
4460502650,-16.35440749,
4461102610,-16.46218686,
4461702570,-16.39926219,
4462302530,-16.35685761,
4462902489,-16.44729291,
4463502449,-16.47057454,
4464102409,-16.59107442,
4464702369,-16.51585227,
4465302329,-16.511557,
4465902289,-16.66408668,
4466502249,-16.60431607,
4467102209,-16.61569149,
4467702169,-16.65748257,
4468302129,-16.65161572,
4468902089,-16.68467163,
4469502049,-16.70521529,
4470102009,-16.75087619,
4470701969,-16.75401308,
4471301929,-16.78172768,
4471901889,-16.78273109,
4472501849,-16.82394371,
4473101809,-16.84655647,
4473701769,-16.9351046,
4474301729,-16.87520497,
4474901689,-16.91292001,
4475501649,-16.85498138,
4476101609,-16.95689659,
4476701569,-16.97879828,
4477301529,-17.01656313,
4477901489,-17.02249593,
4478501449,-17.05525691,
4479101409,-17.05598194,
4479701369,-17.12000466,
4480301329,-17.1069636,
4480901289,-17.12753645,
4481501249,-17.14633209,
4482101209,-17.16715554,
4482701169,-17.18744269,
4483301129,-17.22252913,
4483901089,-17.14449163,
4484501049,-17.26699865,
4485101009,-17.34171416,
4485700969,-17.32353979,
4486300929,-17.29425414,
4486900889,-17.28760954,
4487500849,-17.35143628,
4488100809,-17.35364143,
4488700769,-17.37542611,
4489300729,-17.46293334,
4489900689,-17.41053357,
4490500649,-17.42806031,
4491100609,-17.44541688,
4491700569,-17.4636631,
4492300529,-17.48006845,
4492900489,-17.49537014,
4493500449,-17.42999715,
4494100409,-17.44744803,
4494700369,-17.45519266,
4495300329,-17.55484694,
4495900289,-17.5777074,
4496500249,-17.55004507,
4497100209,-17.69538324,
4497700169,-17.5867054,
4498300129,-17.63084526,
4498900089,-17.56413983,
4499500049,-17.66046046,
4500100009,-17.77459709,
4500699969,-17.68906623,
4501299929,-17.70610974,
4501899889,-17.69387679,
4502499849,-17.73366062,
4503099809,-17.74701684,
4503699769,-17.66555884,
4504299729,-17.78231909,
4504899689,-17.79589798,
4505499649,-17.79575664,
4506099609,-17.81145256,
4506699569,-17.82119803,
4507299529,-17.74734799,
4507899489,-17.83192969,
4508499449,-17.9323375,
4509099409,-17.8717348,
4509699369,-18.03255399,
4510299329,-17.88778233,
4510899289,-17.89992623,
4511499249,-17.91105153,
4512099209,-17.81993384,
4512699169,-17.90651441,
4513299129,-17.9258433,
4513899089,-17.9469653,
4514499049,-17.92001792,
4515099009,-17.97055508,
4515698969,-17.97575276,
4516298929,-17.96893301,
4516898889,-18.01643051,
4517498849,-17.96042711,
4518098809,-17.89260096,
4518698769,-17.86396219,
4519298729,-17.98425953,
4519898689,-18.0292351,
4520498649,-18.03922031,
4521098609,-18.05013449,
4521698569,-17.93691422,
4522298529,-18.05786196,
4522898489,-18.05991069,
4523498449,-18.02890444,
4524098409,-18.07337669,
4524698369,-18.07921714,
4525298329,-18.08342211,
4525898289,-17.98772643,
4526498249,-18.11473342,
4527098209,-18.16676845,
4527698169,-18.09283583,
4528298129,-18.11186745,
4528898089,-18.01316824,
4529498049,-18.0669325,
4530098009,-18.1168888,
4530697969,-18.14232415,
4531297929,-18.103843,
4531897889,-18.09285685,
4532497849,-18.03631334,
4533097809,-18.13362762,
4533697769,-18.13587474,
4534297729,-18.13473757,
4534897689,-18.10566436,
4535497649,-18.23398844,
4536097609,-18.0457434,
4536697569,-18.13061442,
4537297529,-18.16548511,
4537897489,-18.13900853,
4538497449,-18.16891823,
4539097409,-18.05542466,
4539697369,-18.15039882,
4540297329,-18.15768925,
4540897289,-18.1518626,
4541497249,-18.05441292,
4542097209,-18.15755023,
4542697169,-18.05135284,
4543297129,-18.16287464,
4543897089,-18.17746938,
4544497049,-18.15250354,
4545097009,-18.15357176,
4545696969,-18.20742981,
4546296929,-18.19075141,
4546896889,-18.16297426,
4547496849,-18.15848759,
4548096809,-18.05244653,
4548696769,-18.1685182,
4549296729,-18.0950942,
4549896689,-18.15885307,
4550496649,-18.14113359,
4551096609,-18.10494111,
4551696569,-18.24089366,
4552296529,-18.04437384,
4552896489,-18.14720765,
4553496449,-18.04775062,
4554096409,-18.02988388,
4554696369,-18.13937175,
4555296329,-18.14094235,
4555896289,-18.14722986,
4556496249,-18.1335561,
4557096209,-18.13389046,
4557696169,-18.03899885,
4558296129,-18.13861642,
4558896089,-17.76383303,
4559496049,-18.12769365,
4560096009,-18.14262179,
4560695969,-18.00555019,
4561295929,-18.13658712,
4561895889,-18.12347588,
4562495849,-18.1198487,
4563095809,-17.88438535,
4563695769,-18.12876711,
4564295729,-18.00601098,
4564895689,-18.13550573,
4565495649,-18.01439214,
4566095609,-17.99892488,
4566695569,-17.97137958,
4567295529,-18.11056975,
4567895489,-18.38662017,
4568495449,-18.07602914,
4569095409,-17.95923245,
4569695369,-18.05496725,
4570295329,-18.09776468,
4570895289,-18.10360418,
4571495249,-18.11294787,
4572095209,-18.19744393,
4572695169,-18.18158399,
4573295129,-18.07452479,
4573895089,-17.95223079,
4574495049,-18.20043024,
4575095009,-18.07982537,
4575694969,-18.06289604,
4576294929,-18.10241937,
4576894889,-18.05627401,
4577494849,-18.05919984,
4578094809,-17.94978333,
4578694769,-17.97092388,
4579294729,-18.05411835,
4579894689,-18.04985207,
4580494649,-18.0465809,
4581094609,-18.0411301,
4581694569,-18.03786855,
4582294529,-18.03756795,
4582894489,-18.0382505,
4583494449,-18.02401717,
4584094409,-18.12563051,
4584694369,-17.92279537,
4585294329,-18.0270015,
4585894289,-18.02344601,
4586494249,-18.0463434,
4587094209,-17.91005369,
4587694169,-17.9988545,
4588294129,-18.10039491,
4588894089,-18.020366,
4589494049,-18.00667946,
4590094009,-18.02052612,
4590693969,-17.89660748,
4591293929,-18.01059851,
4591893889,-17.99358959,
4592493849,-18.07199951,
4593093809,-17.98084674,
4593693769,-17.88366962,
4594293729,-17.89642101,
4594893689,-17.96366372,
4595493649,-17.92858691,
4596093609,-17.93309706,
4596693569,-17.92426529,
4597293529,-17.95611151,
4597893489,-17.95187414,
4598493449,-17.90503207,
4599093409,-18.01822858,
4599693369,-17.84940586,
4600293329,-18.01302628,
4600893289,-17.95616572,
4601493249,-18.00937061,
4602093209,-17.88869409,
4602693169,-17.92559587,
4603293129,-17.92710818,
4603893089,-18.03568494,
4604493049,-17.92571622,
4605093009,-17.90802503,
4605692969,-18.07629471,
4606292929,-17.90317095,
4606892889,-17.90342852,
4607492849,-17.70017939,
4608092809,-17.88884278,
4608692769,-17.7775188,
4609292729,-17.84984643,
4609892689,-17.88644749,
4610492649,-17.88262123,
4611092609,-17.87603212,
4611692569,-17.89083511,
4612292529,-17.9371753,
4612892489,-17.95411033,
4613492449,-17.94552712,
4614092409,-17.84752277,
4614692369,-17.85947774,
4615292329,-17.7572245,
4615892289,-17.851187,
4616492248,-17.72072378,
4617092208,-17.84453543,
4617692168,-17.83998998,
4618292128,-17.74285557,
4618892088,-17.83275314,
4619492048,-17.83984904,
4620092008,-17.82418027,
4620691968,-17.82073821,
4621291928,-17.81678258,
4621891888,-17.81186849,
4622491848,-17.77009816,
4623091808,-17.7959221,
4623691768,-17.84189307,
4624291728,-17.65267386,
4624891688,-17.70832078,
4625491648,-17.78596315,
4626091608,-17.78025938,
4626691568,-17.77735164,
4627291528,-17.79703273,
4627891488,-17.77907572,
4628491448,-17.76143766,
4629091408,-17.76114651,
4629691368,-17.75005791,
4630291328,-17.74339673,
4630891288,-17.73728635,
4631491248,-17.73697042,
4632091208,-17.72573369,
4632691168,-17.72697921,
4633291128,-17.71101877,
4633891088,-17.70650643,
4634491048,-17.70174863,
4635091008,-17.69320872,
4635690968,-17.84285277,
4636290928,-17.66686002,
4636890888,-17.6766024,
4637490848,-17.66732751,
4638090808,-17.65847472,
4638690768,-17.65004657,
4639290728,-17.6600508,
4639890688,-17.72158964,
4640490648,-17.63446118,
4641090608,-17.50205958,
4641690568,-17.62175011,
4642290528,-17.62863502,
4642890488,-17.59031042,
4643490448,-17.5880369,
4644090408,-17.58915924,
4644690368,-17.58994093,
4645290328,-17.58081281,
4645890288,-17.64415689,
4646490248,-17.56235298,
4647090208,-17.56203296,
4647690168,-17.59789709,
4648290128,-17.54517482,
4648890088,-17.53976752,
4649490048,-17.4884149,
4650090008,-17.42418898,
4650689968,-17.50031952,
4651289928,-17.50553932,
4651889888,-17.49964462,
4652489848,-17.49201643,
4653089808,-17.39551031,
4653689768,-17.47838726,
4654289728,-17.47716753,
4654889688,-17.44523307,
4655489648,-17.45589476,
4656089608,-17.44910957,
4656689568,-17.35993114,
4657289528,-17.42669848,
4657889488,-17.35758361,
4658489448,-17.40921606,
4659089408,-17.41641182,
4659689368,-17.37954886,
4660289328,-17.37211514,
4660889288,-17.4670619,
4661489248,-17.37276297,
4662089208,-17.43003437,
4662689168,-17.3541051,
4663289128,-17.3512599,
4663889088,-17.34099377,
4664489048,-17.30092542,
4665089008,-17.31579717,
4665688968,-17.37734456,
4666288928,-17.22060496,
4666888888,-17.26184733,
4667488848,-17.21338183,
4668088808,-17.28563795,
4668688768,-17.12427277,
4669288728,-17.2380901,
4669888688,-17.23483447,
4670488648,-17.24438538,
4671088608,-17.22430021,
4671688568,-17.17436273,
4672288528,-17.23492545,
4672888488,-17.19579637,
4673488448,-17.25365755,
4674088408,-17.23285027,
4674688368,-17.23644068,
4675288328,-17.20590403,
4675888288,-17.27470091,
4676488248,-17.11843877,
4677088208,-17.18853414,
4677688168,-17.17281621,
4678288128,-17.24656805,
4678888088,-17.16879849,
4679488048,-17.23037003,
4680088008,-17.1528842,
4680687968,-17.12536272,
4681287928,-17.14387076,
4681887888,-17.0714323,
4682487848,-17.13303627,
4683087808,-17.15402905,
4683687768,-17.1272376,
4684287728,-17.0388228,
4684887688,-17.114608,
4685487648,-17.18687426,
4686087608,-17.24658339,
4686687568,-17.10253262,
4687287528,-17.17384306,
4687887488,-17.09922955,
4688487448,-17.10305068,
4689087408,-17.09198536,
4689687368,-17.06158795,
4690287328,-17.09238495,
4690887288,-17.15421082,
4691487248,-17.08178404,
4692087208,-17.03614014,
4692687168,-17.07476443,
4693287128,-16.84278533,
4693887088,-17.0033535,
4694487048,-17.07308017,
4695087008,-17.07116296,
4695686968,-17.06678961,
4696286928,-17.07951468,
4696886888,-17.04804164,
4697486848,-17.06475527,
4698086808,-17.13338758,
4698686768,-17.0684522,
4699286728,-17.06592026,
4699886688,-17.07297115,
4700486648,-17.06872404,
4701086608,-17.07344015,
4701686568,-17.0779407,
4702286528,-17.08342852,
4702886488,-16.99731518,
4703486448,-17.08582994,
4704086408,-17.08703961,
4704686368,-17.08707728,
4705286328,-17.16740403,
4705886288,-17.09951777,
4706486248,-17.10119935,
4707086208,-17.11285068,
4707686168,-17.18209434,
4708286128,-17.09651624,
4708886088,-17.19159734,
4709486048,-16.99004893,
4710086008,-17.13865266,
4710685968,-17.13224911,
4711285928,-17.15947746,
4711885888,-17.18654519,
4712485848,-17.16033924,
4713085808,-17.1890962,
4713685768,-17.19217428,
4714285728,-17.09849623,
4714885688,-17.26460219,
4715485648,-17.2101407,
4716085608,-17.17282131,
4716685568,-17.21383269,
4717285528,-17.18986252,
4717885488,-17.23681211,
4718485448,-17.27202154,
4719085408,-17.16133,
4719685368,-17.27272115,
4720285328,-17.27338314,
4720885288,-17.28890741,
4721485248,-17.30171769,
4722085208,-17.22813074,
4722685168,-17.31376788,
4723285128,-17.23655076,
4723885088,-17.34528843,
4724485048,-17.42681357,
4725085008,-17.44104183,
4725684968,-17.30122983,
4726284928,-17.47307461,
4726884888,-17.32667465,
4727484848,-17.42418485,
4728084808,-17.32760976,
4728684768,-17.52048531,
4729284728,-17.46279874,
4729884688,-17.38128117,
4730484648,-17.48590087,
4731084608,-17.50362355,
4731684568,-17.51856602,
4732284528,-17.44172107,
4732884488,-17.54838862,
4733484448,-17.55244564,
4734084408,-17.56627382,
4734684368,-17.59459192,
4735284328,-17.61922431,
4735884288,-17.58626728,
4736484248,-17.64133945,
4737084208,-17.67232435,
4737684168,-17.67596134,
4738284128,-17.69249827,
4738884088,-17.78444195,
4739484048,-17.62588826,
4740084008,-17.7433051,
4740683968,-17.78877388,
4741283928,-17.76428343,
4741883888,-17.7946528,
4742483848,-17.8130719,
4743083808,-17.80121093,
4743683768,-17.8480669,
4744283728,-17.87506279,
4744883688,-17.78097506,
4745483648,-17.99417444,
4746083608,-17.88585405,
4746683568,-17.93768842,
4747283528,-18.03773441,
4747883488,-18.04439282,
4748483448,-18.00429968,
4749083408,-18.10581244,
4749683368,-18.03270484,
4750283328,-18.13453858,
4750883288,-17.96177004,
4751483248,-18.07623043,
4752083208,-17.91166838,
4752683168,-18.10494548,
4753283128,-18.13282267,
4753883088,-18.16168629,
4754483048,-18.16704883,
4755083008,-18.09147676,
4755682968,-18.09088629,
4756282928,-18.07787681,
4756882888,-18.42005943,
4757482848,-18.22937595,
4758082808,-18.31491952,
4758682768,-18.30721344,
4759282728,-18.32583716,
4759882688,-18.34460561,
4760482648,-18.38703736,
4761082608,-18.48130027,
4761682568,-18.40060327,
4762282528,-18.29997214,
4762882488,-18.40078724,
4763482448,-18.45865811,
4764082408,-18.47506724,
4764682368,-18.49452883,
4765282328,-18.39798401,
4765882288,-18.52656596,
4766482248,-18.55947008,
4767082208,-18.44908931,
4767682168,-18.54642028,
4768282128,-18.60666928,
4768882088,-18.60441926,
4769482048,-18.64209844,
4770082008,-18.66071607,
4770681967,-18.56491159,
4771281927,-18.70447701,
4771881887,-18.73494301,
4772481847,-18.7243799,
4773081807,-18.76134928,
4773681767,-18.76102287,
4774281727,-18.7947943,
4774881687,-18.91916075,
4775481647,-18.62596639,
4776081607,-18.84519593,
4776681567,-18.87041032,
4777281527,-18.76220088,
4777881487,-18.78752094,
4778481447,-18.9322613,
4779081407,-18.7691284,
4779681367,-18.66908799,
4780281327,-18.97320983,
4780881287,-18.88005539,
4781481247,-19.01685358,
4782081207,-19.03429401,
4782681167,-19.16492826,
4783281127,-19.05334178,
4783881087,-19.20317868,
4784481047,-19.05606734,
4785081007,-19.06414081,
4785680967,-19.27024853,
4786280927,-19.15974201,
4786880887,-19.29041863,
4787480847,-18.98859973,
4788080807,-19.205501,
4788680767,-19.22665913,
4789280727,-19.24238558,
4789880687,-19.33252138,
4790480647,-19.27705235,
4791080607,-19.29412756,
4791680567,-19.29911401,
4792280527,-19.45817179,
4792880487,-19.34785841,
4793480447,-19.34499809,
4794080407,-19.37819843,
4794680367,-19.39940932,
4795280327,-19.41820876,
4795880287,-19.43119787,
4796480247,-19.44919495,
4797080207,-19.45766366,
4797680167,-19.48095722,
4798280127,-19.4986682,
4798880087,-19.3711126,
4799480047,-19.59813245,
4800080007,-19.54491025,
4800679967,-19.80918196,
4801279927,-19.56752342,
4801879887,-19.62513911,
4802479847,-19.46995774,
4803079807,-19.6522578,
4803679767,-19.65927112,
4804279727,-19.81926139,
4804879687,-19.68540284,
4805479647,-19.82091488,
4806079607,-19.57065116,
4806679567,-19.85179586,
4807279527,-19.88667825,
4807879487,-19.60743065,
4808479447,-19.76369924,
4809079407,-19.91380286,
4809679367,-19.78492993,
4810279327,-19.96602872,
4810879287,-19.9726851,
4811479247,-19.8554372,
4812079207,-19.86832783,
4812679167,-19.87103453,
4813279127,-19.87334935,
4813879087,-19.91161388,
4814479047,-19.84857695,
4815079007,-19.97398822,
4815678967,-19.99518693,
4816278927,-19.9625724,
4816878887,-19.97986447,
4817478847,-19.98788788,
4818078807,-20.06800077,
4818678767,-20.07000207,
4819278727,-20.03139243,
4819878687,-20.34411067,
4820478647,-20.0612504,
4821078607,-20.08115754,
4821678567,-20.10070459,
4822278527,-20.10249984,
4822878487,-20.11918869,
4823478447,-20.14474478,
4824078407,-20.07643594,
4824678367,-20.09438795,
4825278327,-20.20622866,
4825878287,-20.19118181,
4826478247,-20.14927361,
4827078207,-20.14855512,
4827678167,-20.3053819,
4828278127,-20.26161168,
4828878087,-20.55841778,
4829478047,-20.27381667,
4830078007,-20.44881036,
4830677967,-20.28501784,
4831277927,-20.30758129,
4831877887,-20.31049319,
4832477847,-20.26270485,
4833077807,-20.34915923,
4833677767,-20.67372076,
4834277727,-20.38599978,
4834877687,-20.38910245,
4835477647,-20.48649016,
4836077607,-20.35520697,
4836677567,-20.58090039,
4837277527,-20.41894746,
4837877487,-20.69409875,
4838477447,-20.66367347,
4839077407,-20.4639003,
4839677367,-20.72708063,
4840277327,-20.50656667,
4840877287,-20.67581195,
4841477247,-20.52910973,
4842077207,-20.54102697,
4842677167,-20.55371878,
4843277127,-20.56471065,
4843877087,-20.5084235,
4844477047,-20.59164932,
4845077007,-20.51314729,
4845676967,-20.60871216,
4846276927,-20.66932584,
4846876887,-20.64315338,
4847476847,-20.64325074,
4848076807,-20.65182009,
4848676767,-20.86137446,
4849276727,-20.72195483,
4849876687,-20.67633144,
4850476647,-20.69900103,
4851076607,-20.7601842,
4851676567,-20.89446971,
4852276527,-20.73553454,
4852876487,-20.74481338,
4853476447,-20.75485415,
4854076407,-20.76742871,
4854676367,-20.70289992,
4855276327,-20.95576165,
4855876287,-20.78750757,
4856476247,-20.80625611,
4857076207,-20.82034506,
4857676167,-20.82598596,
4858276127,-20.77100982,
4858876087,-20.84169549,
4859476047,-21.23609413,
4860076007,-21.26415996,
4860675967,-20.85263742,
4861275927,-20.88964271,
4861875887,-21.0646947,
4862475847,-20.89514355,
4863075807,-20.91931668,
4863675767,-20.9312957,
4864275727,-20.94037479,
4864875687,-20.85836265,
4865475647,-20.95887027,
4866075607,-20.98032735,
4866675567,-21.17906466,
4867275527,-21.03392568,
4867875487,-20.99158839,
4868475447,-20.99999358,
4869075407,-21.00777479,
4869675367,-21.01520757,
4870275327,-21.0245456,
4870875287,-21.0315216,
4871475247,-21.0912862,
4872075207,-21.0448822,
4872675167,-21.05416801,
4873275127,-21.06120608,
4873875087,-21.06512853,
4874475047,-21.07327764,
4875075007,-21.28881675,
4875674967,-21.09823596,
4876274927,-21.08980777,
4876874887,-21.09855082,
4877474847,-21.10387501,
4878074807,-21.28266701,
4878674767,-21.10178237,
4879274727,-21.13431144,
4879874687,-21.35107298,
4880474647,-21.12850149,
4881074607,-21.03943398,
4881674567,-21.04511675,
4882274527,-21.15528366,
4882874487,-21.1481072,
4883474447,-21.15090936,
4884074407,-21.16179251,
4884674367,-21.2266316,
4885274327,-21.3312075,
4885874287,-21.22385692,
4886474247,-21.15283574,
4887074207,-21.22077843,
4887674167,-21.07910046,
4888274127,-21.17545596,
4888874087,-21.17772058,
4889474047,-21.60020552,
4890074007,-21.18097919,
4890673967,-21.14373299,
4891273927,-21.09819241,
4891873887,-21.17703004,
4892473847,-21.17469818,
4893073807,-21.02913452,
4893673767,-21.10233043,
4894273727,-21.17762754,
4894873687,-21.18799317,
4895473647,-21.19135208,
4896073607,-21.3620004,
4896673567,-21.10230922,
4897273527,-21.18833177,
4897873487,-21.39464436,
4898473447,-21.18554818,
4899073407,-21.18617717,
4899673367,-21.21807814,
4900273327,-21.18167045,
4900873287,-21.18317967,
4901473247,-21.17797812,
4902073207,-21.1229308,
4902673167,-21.14249286,
4903273127,-21.17240766,
4903873087,-21.18231337,
4904473047,-21.09637258,
4905073007,-21.34023772,
4905672967,-21.15651323,
4906272927,-21.21661941,
4906872887,-21.15411483,
4907472847,-21.14931919,
4908072807,-21.14274282,
4908672767,-21.15198089,
4909272727,-21.30369642,
4909872687,-21.13109893,
4910472647,-21.15460574,
4911072607,-21.12372363,
4911672567,-21.12019892,
4912272527,-21.16835894,
4912872487,-21.11286169,
4913472447,-21.09821765,
4914072407,-21.00515748,
4914672367,-21.24860312,
4915272327,-21.25037643,
4915872287,-21.07091194,
4916472247,-21.06520399,
4917072207,-21.13174029,
4917672167,-21.05449228,
4918272127,-20.9659576,
4918872087,-21.20120793,
4919472047,-21.08721598,
4920072007,-21.06304908,
4920671967,-21.00980905,
4921271927,-20.93628418,
4921871887,-20.99649987,
4922471847,-20.99059272,
4923071807,-20.97745021,
4923671767,-20.97207666,
4924271726,-20.96134957,
4924871686,-20.93832029,
4925471646,-21.01955797,
4926071606,-20.92827052,
4926671566,-20.85628739,
4927271526,-20.89752006,
4927871486,-20.89896306,
4928471446,-21.07725616,
4929071406,-21.01756261,
4929671366,-20.87019271,
4930271326,-21.01519501,
4930871286,-20.84128733,
4931471246,-20.99320302,
4932071206,-20.84598317,
4932671166,-20.82743676,
4933271126,-20.95913546,
4933871086,-20.78551103,
4934471046,-20.93433555,
4935071006,-20.92613957,
4935670966,-20.75634882,
4936270926,-20.73322374,
4936870886,-20.71306622,
4937470846,-20.7485372,
4938070806,-20.69934516,
4938670766,-20.61714129,
4939270726,-20.67878523,
4939870686,-20.80393068,
4940470646,-20.64703464,
4941070606,-20.62814682,
4941670566,-20.62439856,
4942270526,-20.60857523,
4942870486,-20.48355383,
4943470446,-20.57821616,
4944070406,-20.67872804,
4944670366,-20.70387961,
4945270326,-20.53459992,
4945870286,-20.52734023,
4946470246,-20.50116149,
4947070206,-20.43134415,
4947670166,-20.51620486,
4948270126,-20.58980475,
4948870086,-20.44826181,
4949470046,-20.42687303,
4950070006,-20.40729302,
4950669966,-20.39298302,
4951269926,-20.53173851,
4951869886,-20.67426532,
4952469846,-20.34953982,
4953069806,-20.36682016,
4953669766,-20.25418581,
4954269726,-20.45367005,
4954869686,-20.42570748,
4955469646,-20.27296689,
4956069606,-20.40800848,
4956669566,-20.38106535,
4957269526,-20.30313625,
4957869486,-20.20972931,
4958469446,-20.18971168,
4959069406,-20.16514828,
4959669366,-20.19313912,
4960269326,-20.14683593,
4960869286,-20.12624661,
4961469246,-20.11079127,
4962069206,-20.25093345,
4962669166,-20.07915276,
4963269126,-20.05926802,
4963869086,-20.30988816,
4964469046,-20.02811828,
4965069006,-20.18634828,
4965668966,-20.13186245,
4966268926,-19.97962241,
4966868886,-19.95985452,
4967468846,-20.08404424,
4968068806,-20.0650022,
4968668766,-20.07246195,
4969268726,-19.89909713,
4969868686,-19.88707784,
4970468646,-19.86755004,
4971068606,-19.95698775,
4971668566,-19.839308,
4972268526,-19.78957422,
4972868486,-19.80844793,
4973468446,-19.64978752,
4974068406,-19.78505162,
4974668366,-19.7652468,
4975268326,-19.7632879,
4975868286,-19.67508417,
4976468246,-19.74711841,
4977068206,-19.71436431,
4977668166,-19.68979208,
4978268126,-19.67664284,
4978868086,-19.73011402,
4979468046,-19.68875873,
4980068006,-19.64529375,
4980667966,-19.62836578,
4981267926,-19.61396803,
4981867886,-19.65650052,
4982467846,-19.5915002,
4983067806,-19.51716852,
4983667766,-19.50249707,
4984267726,-19.58726091,
4984867686,-19.56866058,
4985467646,-19.53009117,
4986067606,-19.52253618,
4986667566,-19.50818971,
4987267526,-19.49711175,
4987867486,-19.3600782,
4988467446,-19.50284656,
4989067406,-19.46764683,
4989667366,-19.33010428,
4990267326,-19.38205716,
4990867286,-19.13642555,
4991467246,-19.43388555,
4992067206,-19.5575642,
4992667166,-19.54035543,
4993267126,-19.27919635,
4993867086,-19.39532267,
4994467046,-19.38861044,
4995067006,-19.5273761,
4995666966,-19.24979684,
4996266926,-19.36794169,
4996866886,-19.36037023,
4997466846,-19.25020793,
4998066806,-19.33632235,
4998666766,-19.36062614,
4999266726,-19.44154891,
4999866686,-19.31991074,
5000466646,-19.57366837,
5001066606,-19.55654129,
5001666566,-19.31853354,
5002266526,-19.20612621,
5002866486,-19.24929764,
5003466446,-19.30825301,
5004066406,-19.30447769,
5004666366,-19.44055036,
5005266326,-19.2871181,
5005866286,-19.3013079,
5006466246,-19.24865202,
5007066206,-19.30630254,
5007666166,-19.13970575,
5008266126,-19.29304468,
5008866086,-19.2998775,
5009466046,-19.17682656,
5010066006,-19.16975427,
5010665966,-19.30334045,
5011265926,-19.28021264,
5011865886,-19.17680079,
5012465846,-19.25725546,
5013065806,-19.2594545,
5013665766,-19.44579657,
5014265726,-19.30292189,
5014865686,-19.11439993,
5015465646,-19.32984817,
5016065606,-19.36114288,
5016665566,-19.33634948,
5017265526,-19.35049614,
5017865486,-19.39021148,
5018465446,-18.96784707,
5019065406,-19.3647026,
5019665366,-19.37827424,
5020265326,-19.36981636,
5020865286,-19.41478321,
5021465246,-19.4392309,
5022065206,-19.14377835,
5022665166,-19.53017332,
5023265126,-19.42545059,
5023865086,-19.43678054,
5024465046,-19.44753849,
5025065006,-19.48748405,
5025664966,-19.47012997,
5026264926,-19.46782277,
5026864886,-19.49289654,
5027464846,-19.63768812,
5028064806,-19.51536331,
5028664766,-19.57018849,
5029264726,-19.69035998,
5029864686,-19.55480951,
5030464646,-19.55874346,
5031064606,-19.58021473,
5031664566,-19.56303183,
5032264526,-19.49094904,
5032864486,-19.63193419,
5033464446,-19.80406235,
5034064406,-19.78661259,
5034664366,-19.39147542,
5035264326,-19.82723708,
5035864286,-19.85464732,
5036464246,-19.71893243,
5037064206,-19.78365176,
5037664166,-19.76737786,
5038264126,-19.78191644,
5038864086,-19.80210297,
5039464046,-19.83316189,
5040064006,-19.98008485,
5040663966,-19.85916235,
5041263926,-19.8949111,
5041863886,-19.8972933,
5042463846,-19.9312213,
5043063806,-19.94190132,
5043663766,-20.01047152,
5044263726,-19.9852508,
5044863686,-20.14017289,
5045463646,-20.02498994,
5046063606,-20.05107741,
5046663566,-20.37364989,
5047263526,-20.09819546,
5047863486,-20.10077046,
5048463446,-20.30122605,
5049063406,-20.22928564,
5049663366,-20.19488863,
5050263326,-20.14149045,
5050863286,-20.3911612,
5051463246,-20.31589803,
5052063206,-20.21102343,
5052663166,-20.30882823,
5053263126,-20.26408262,
5053863086,-20.36261464,
5054463046,-20.37157883,
5055063006,-20.33919311,
5055662966,-20.37106586,
5056262926,-20.47503679,
5056862886,-20.48575158,
5057462846,-20.6575441,
5058062806,-20.52440319,
5058662766,-20.56103228,
5059262726,-20.59008848,
5059862686,-20.62940874,
5060462646,-20.64474148,
5061062606,-20.88115081,
5061662566,-20.70395174,
5062262526,-20.71123856,
5062862486,-20.75036746,
5063462446,-20.78542249,
5064062406,-20.80201471,
5064662366,-20.83992015,
5065262326,-20.85918941,
5065862286,-20.99504303,
5066462246,-20.9279285,
5067062206,-21.15474422,
5067662166,-20.98423556,
5068262126,-21.00949906,
5068862086,-20.97357715,
5069462046,-21.23485508,
5070062006,-21.09542867,
5070661966,-21.12324042,
5071261926,-21.15184343,
5071861886,-21.17638932,
5072461846,-21.21398579,
5073061806,-21.24446821,
5073661766,-21.27010428,
5074261726,-21.29851403,
5074861686,-21.33264832,
5075461646,-21.35671395,
5076061606,-21.38680828,
5076661566,-21.4168091,
5077261526,-21.4347932,
5077861485,-21.47390284,
5078461445,-21.52015932,
5079061405,-21.53554526,
5079661365,-21.57165481,
5080261325,-21.59178833,
5080861285,-21.64216159,
5081461245,-21.65789231,
5082061205,-21.68609319,
5082661165,-21.71516312,
5083261125,-21.63498298,
5083861085,-21.84215057,
5084461045,-21.81031902,
5085061005,-21.83425166,
5085660965,-21.75869143,
5086260925,-21.89995061,
5086860885,-21.80313271,
5087460845,-21.8548832,
5088060805,-22.00217187,
5088660765,-22.07784321,
5089260725,-22.02533454,
5089860685,-22.1534442,
5090460645,-22.0842294,
5091060605,-22.14058754,
5091660565,-22.07080582,
5092260525,-22.27374903,
5092860485,-22.22104209,
5093460445,-22.15356073,
5094060405,-22.27684908,
5094660365,-22.30526606,
5095260325,-22.33270011,
5095860285,-22.36186248,
5096460245,-22.39417795,
5097060205,-22.50106603,
5097660165,-22.51564364,
5098260125,-22.56140714,
5098860085,-22.51476287,
5099460045,-22.53474219,
5100060005,-22.62987553,
5100659965,-22.59583697,
5101259925,-22.62524982,
5101859885,-22.64058412,
5102459845,-22.76963665,
5103059805,-22.71827683,
5103659765,-22.73747404,
5104259725,-22.75949788,
5104859685,-22.63758858,
5105459645,-22.81045293,
5106059605,-22.70570277,
5106659565,-22.96841136,
5107259525,-22.74917237,
5107859485,-22.80706409,
5108459445,-22.94279497,
5109059405,-22.85535792,
5109659365,-22.86046981,
5110259325,-23.03705413,
5110859285,-23.13586892,
5111459245,-23.08104405,
5112059205,-23.11621507,
5112659165,-23.00299926,
5113259125,-23.16823452,
5113859085,-23.04130482,
5114459045,-23.21470102,
5115059005,-23.36330041,
5115658965,-23.26480585,
5116258925,-23.35031583,
5116858885,-23.33368878,
5117458845,-23.34720191,
5118058805,-23.19835153,
5118658765,-23.23722634,
5119258725,-23.4152693,
5119858685,-23.54890127,
5120458645,-23.47308792,
5121058605,-23.31806354,
5121658565,-23.50452866,
5122258525,-23.54434459,
5122858485,-23.57167793,
5123458445,-23.59147035,
5124058405,-23.77038229,
5124658365,-23.31766501,
5125258325,-23.61066684,
5125858285,-23.66854646,
5126458245,-23.60776932,
5127058205,-23.69541255,
5127658165,-23.73284983,
5128258125,-23.75154367,
5128858085,-23.89166727,
5129458045,-23.78392401,
5130058005,-23.81040434,
5130657965,-23.83604245,
5131257925,-23.8477661,
5131857885,-23.87672248,
5132457845,-23.90819013,
5133057805,-23.84057696,
5133657765,-23.74484654,
5134257725,-24.07346686,
5134857685,-23.88637182,
5135457645,-23.83151309,
5136057605,-23.68277149,
5136657565,-24.02572524,
5137257525,-24.04555924,
5137857485,-24.17039625,
5138457445,-24.3309057,
5139057405,-24.09947329,
5139657365,-24.11653437,
5140257325,-23.94021669,
5140857285,-24.14964218,
5141457245,-24.16711278,
5142057205,-24.25330063,
5142657165,-23.99248612,
5143257125,-24.21268693,
5143857085,-24.35359889,
5144457045,-23.89291069,
5145057005,-24.25627062,
5145656965,-24.36248885,
5146256925,-24.06574416,
5146856885,-24.31298617,
5147456845,-24.3108354,
5148056805,-24.32828862,
5148656765,-24.13969674,
5149256725,-24.3635449,
5149856685,-24.36079415,
5150456645,-24.00627375,
5151056605,-24.3836182,
5151656565,-24.39886505,
5152256525,-24.40744813,
5152856485,-24.24941683,
5153456445,-24.44030849,
5154056405,-24.44055049,
5154656365,-24.43465712,
5155256325,-24.44885555,
5155856285,-24.34741064,
5156456245,-24.59341791,
5157056205,-24.33283505,
5157656165,-24.48927012,
5158256125,-24.50199644,
5158856085,-24.50906258,
5159456045,-24.60246067,
5160056005,-24.62827591,
5160655965,-24.52742716,
5161255925,-24.54406502,
5161855885,-24.67322818,
5162455845,-24.53423306,
5163055805,-24.57537734,
5163655765,-24.76020918,
5164255725,-24.36406759,
5164855685,-24.58051679,
5165455645,-24.23321765,
5166055605,-24.58972806,
5166655565,-24.57442492,
5167255525,-24.59123763,
5167855485,-24.72099086,
5168455445,-24.53223039,
5169055405,-24.5852697,
5169655365,-24.45090011,
5170255325,-24.62434787,
5170855285,-24.61904795,
5171455245,-24.61618357,
5172055205,-24.6161519,
5172655165,-24.6194754,
5173255125,-24.6146801,
5173855085,-24.43380078,
5174455045,-24.61434406,
5175055005,-24.70528901,
5175654965,-24.62030722,
5176254925,-24.41069396,
5176854885,-24.62489638,
5177454845,-24.62012541,
5178054805,-24.61578866,
5178654765,-24.61093736,
5179254725,-24.59271716,
5179854685,-24.57595126,
5180454645,-24.60930759,
5181054605,-24.61245792,
5181654565,-24.17072842,
5182254525,-24.60780264,
5182854485,-24.5959068,
5183454445,-24.72334691,
5184054405,-24.57455111,
5184654365,-24.57655055,
5185254325,-24.56980023,
5185854285,-24.65153183,
5186454245,-24.70769605,
5187054205,-24.55914309,
5187654165,-24.34346299,
5188254125,-24.327851,
5188854085,-24.55189868,
5189454045,-24.6567397,
5190054005,-24.53443511,
5190653965,-24.47356973,
5191253925,-24.50838481,
5191853885,-24.48517242,
5192453845,-24.18785661,
5193053805,-24.55210772,
5193653765,-24.46875971,
5194253725,-24.25371024,
5194853685,-24.26883383,
5195453645,-24.43942174,
5196053605,-24.42196788,
5196653565,-24.31710594,
5197253525,-24.40406239,
5197853485,-24.39145879,
5198453445,-24.36927636,
5199053405,-24.2133095,
5199653365,-24.15231353,
5200253325,-24.12639476,
5200853285,-24.1411182,
5201453245,-24.42815586,
5202053205,-24.30511647,
5202653165,-24.30437527,
5203253125,-24.27156412,
5203853085,-24.25548255,
5204453045,-24.03223368,
5205053005,-24.37317664,
5205652965,-24.19554842,
5206252925,-24.19564687,
5206852885,-24.30743852,
5207452845,-24.16417496,
5208052805,-24.1594809,
5208652765,-24.12828138,
5209252725,-24.19607446,
5209852685,-24.09617172,
5210452645,-24.13681888,
5211052605,-24.04945684,
5211652565,-24.12836253,
5212252525,-24.01698674,
5212852485,-24.01551903,
5213452445,-23.97882649,
5214052405,-23.96139164,
5214652365,-24.15895808,
5215252325,-23.93049722,
5215852285,-23.89806603,
5216452245,-23.87576237,
5217052205,-23.67953021,
5217652165,-23.95313005,
5218252125,-23.80951163,
5218852085,-23.6274258,
5219452045,-23.8244178,
5220052005,-23.74482399,
5220651965,-23.71842554,
5221251925,-23.80926534,
5221851885,-23.67972682,
5222451845,-23.83388684,
5223051805,-23.60679813,
5223651765,-23.80465873,
5224251725,-23.56330317,
5224851685,-23.41104603,
5225451645,-23.52816346,
5226051605,-23.50105099,
5226651565,-23.46992553,
5227251525,-23.4270002,
5227851485,-23.41720653,
5228451445,-23.50686222,
5229051405,-23.36740936,
5229651365,-23.42619168,
5230251325,-23.31112521,
5230851285,-23.28294307,
5231451244,-23.26940645,
5232051204,-23.3202056,
5232651164,-23.19868619,
5233251124,-23.1809016,
5233851084,-23.16390696,
5234451044,-23.14389301,
5235051004,-23.09064462,
5235650964,-23.08719664,
5236250924,-23.05259155,
5236850884,-23.09461966,
5237450844,-22.98299345,
5238050804,-22.95924274,
5238650764,-22.9327564,
5239250724,-22.91152235,
5239850684,-22.75188721,
5240450644,-22.72982239,
5241050604,-22.82075826,
5241650564,-22.79336645,
5242250524,-22.84843707,
5242850484,-22.58769281,
5243450444,-22.69995471,
5244050404,-22.67270597,
5244650364,-22.63990293,
5245250324,-22.60207694,
5245850284,-22.57397422,
5246450244,-22.45329844,
5247050204,-22.51597389,
5247650164,-22.48391086,
5248250124,-22.46314025,
5248850084,-22.42473389,
5249450044,-22.39575748,
5250050004,-22.12633392,
5250649964,-22.27904176,
5251249924,-22.37587954,
5251849884,-22.28648964,
5252449844,-22.24268533,
5253049804,-22.20754855,
5253649764,-22.05022452,
5254249724,-22.16683135,
5254849684,-22.12131244,
5255449644,-21.95647918,
5256049604,-22.12165405,
5256649564,-22.07124724,
5257249524,-21.94154859,
5257849484,-21.96793931,
5258449444,-21.94518371,
5259049404,-21.96742701,
5259649364,-21.87056336,
5260249324,-21.84220871,
5260849284,-21.81673657,
5261449244,-21.66201374,
5262049204,-21.76713835,
5262649164,-21.62976577,
5263249124,-21.69231139,
5263849084,-21.65904124,
5264449044,-21.62761369,
5265049004,-21.59768856,
5265648964,-21.56998005,
5266248924,-21.54917387,
5266848884,-21.50656141,
5267448844,-21.46280709,
5268048804,-21.44734894,
5268648764,-21.46593106,
5269248724,-21.27120064,
5269848684,-21.34739591,
5270448644,-21.31990378,
5271048604,-21.25406423,
5271648564,-21.29591132,
5272248524,-21.32721484,
5272848484,-21.29180947,
5273448444,-21.20072106,
5274048404,-21.17623027,
5274648364,-21.22165023,
5275248324,-21.12479215,
5275848284,-21.08614365,
5276448244,-21.09285026,
5277048204,-21.05522807,
5277648164,-20.95251811,
5278248124,-20.98464537,
5278848084,-20.97389378,
5279448044,-21.00653197,
5280048004,-20.92814998,
5280647964,-20.82544014,
5281247924,-20.91080385,
5281847884,-20.86338484,
5282447844,-20.84333651,
5283047804,-20.82110743,
5283647764,-20.81676517,
5284247724,-20.70643754,
5284847684,-20.67585269,
5285447644,-20.81102858,
5286047604,-20.72086317,
5286647564,-20.77106245,
5287247524,-20.57054756,
5287847484,-20.66133286,
5288447444,-20.64945651,
5289047404,-20.62428948,
5289647364,-20.6144136,
5290247324,-20.77236186,
5290847284,-20.58570967,
5291447244,-20.56798393,
5292047204,-20.55395542,
5292647164,-20.54389166,
5293247124,-20.52648851,
5293847084,-20.50609626,
5294447044,-20.53520177,
5295047004,-20.44436186,
5295646964,-20.46923748,
5296246924,-20.47473742,
5296846884,-20.46643507,
5297446844,-20.45508485,
5298046804,-20.44787705,
5298646764,-20.36499494,
5299246724,-20.48875178,
5299846684,-20.41266712,
5300446644,-20.59608675,
5301046604,-20.41182604,
5301646564,-20.41122424,
5302246524,-20.38288462,
5302846484,-20.39705698,
5303446444,-20.6073661,
5304046404,-20.40235104,
5304646364,-20.40548525,
5305246324,-20.41338661,
5305846284,-20.36894336,
5306446244,-20.38586637,
5307046204,-20.4353807,
5307646164,-20.28722595,
5308246124,-20.44743337,
5308846084,-20.37795448,
5309446044,-20.37965988,
5310046004,-20.3928361,
5310645964,-20.30751955,
5311245924,-20.39521958,
5311845884,-20.40826317,
5312445844,-20.41520223,
5313045804,-20.59438133,
5313645764,-20.42163625,
5314245724,-20.43482696,
5314845684,-20.44110434,
5315445644,-20.44878634,
5316045604,-20.63512292,
5316645564,-20.45764231,
5317245524,-20.47819899,
5317845484,-20.48455802,
5318445444,-20.42628114,
5319045404,-20.51975635,
5319645364,-20.52884748,
5320245324,-20.52971182,
5320845284,-20.44488405,
5321445244,-20.54570434,
5322045204,-20.56439018,
5322645164,-20.57346645,
5323245124,-20.75029898,
5323845084,-20.72724242,
5324445044,-20.62143231,
5325045004,-20.63655516,
5325644964,-20.56728151,
5326244924,-20.6798644,
5326844884,-20.69557207,
5327444844,-20.5456541,
5328044804,-20.73764058,
5328644764,-20.76044745,
5329244724,-20.77606522,
5329844684,-20.61080429,
5330444644,-20.81141345,
5331044604,-20.82920088,
5331644564,-20.86051289,
5332244524,-20.88382228,
5332844484,-20.90593238,
5333444444,-21.01118027,
5334044404,-20.97137684,
5334644364,-20.86444532,
5335244324,-21.00013417,
5335844284,-21.01014165,
5336444244,-21.04494077,
5337044204,-20.97421639,
5337644164,-21.13871531,
5338244124,-21.12432857,
5338844084,-21.14650897,
5339444044,-21.23127886,
5340044004,-21.19554496,
5340643964,-21.22609286,
5341243924,-21.25484353,
5341843884,-21.2815161,
5342443844,-21.37089298,
5343043804,-21.34621315,
5343643764,-21.37437032,
5344243724,-21.40076384,
5344843684,-21.51030197,
5345443644,-21.46630533,
5346043604,-21.4901315,
5346643564,-21.52023931,
5347243524,-21.55376006,
5347843484,-21.45076718,
5348443444,-21.6136988,
5349043404,-21.53755793,
5349643364,-21.67355313,
5350243324,-21.59616003,
5350843284,-21.73000738,
5351443244,-21.79893118,
5352043204,-21.68275472,
5352643164,-21.82749481,
5353243124,-21.94531536,
5353843084,-21.88674206,
5354443044,-21.98780795,
5355043004,-22.03619066,
5355642964,-21.98227651,
5356242924,-22.01321744,
5356842884,-22.05338559,
5357442844,-22.14853609,
5358042804,-21.98219851,
5358642764,-22.14506216,
5359242724,-22.25495696,
5359842684,-22.22171555,
5360442644,-22.24396128,
5361042604,-22.04089841,
5361642564,-22.36577871,
5362242524,-22.34188654,
5362842484,-22.31338947,
5363442444,-22.47706079,
5364042404,-22.42943969,
5364642364,-22.47249612,
5365242324,-22.36102958,
5365842284,-22.53784478,
5366442244,-22.4947252,
5367042204,-22.45618272,
5367642164,-22.66460934,
5368242124,-22.66661083,
5368842084,-22.68270683,
5369442044,-22.75449342,
5370042004,-22.60272681,
5370641964,-22.8726846,
5371241924,-22.95174463,
5371841884,-22.74045504,
5372441844,-22.96604122,
5373041804,-22.921737,
5373641764,-23.07948548,
5374241724,-23.1012385,
5374841684,-22.88692103,
5375441644,-23.0541289,
5376041604,-23.22423332,
5376641564,-23.22356679,
5377241524,-23.16676477,
5377841484,-23.00462615,
5378441444,-23.02354482,
5379041404,-23.24356181,
5379641364,-23.27557927,
5380241324,-22.96739648,
5380841284,-23.33978417,
5381441244,-23.37338319,
5382041204,-23.40467927,
5382641164,-23.43635963,
5383241124,-23.5791714,
5383841084,-23.48824452,
5384441044,-23.53052476,
5385041004,-23.39281157,
5385640963,-23.69247692,
5386240923,-23.6292247,
5386840883,-23.78311728,
5387440843,-23.34194116,
5388040803,-23.86824493,
5388640763,-23.76926749,
5389240723,-23.65369153,
5389840683,-23.9030057,
5390440643,-23.83460615,
5391040603,-23.66947531,
5391640563,-23.90818175,
5392240523,-23.93862784,
5392840483,-23.96927634,
5393440443,-23.76995866,
5394040403,-24.05068933,
5394640363,-24.07667485,
5395240323,-24.09598833,
5395840283,-23.71397963,
5396440243,-24.13919238,
5397040203,-24.1672814,
5397640163,-24.21076978,
5398240123,-23.97322915,
5398840083,-24.37384238,
5399440043,-24.279094,
5400040003,-24.39894622,
5400639963,-24.34647786,
5401239923,-23.93294979,
5401839883,-24.38643254,
5402439843,-24.40645856,
5403039803,-24.44315587,
5403639763,-24.207122,
5404239723,-24.49045186,
5404839683,-24.5206182,
5405439643,-24.29602186,
5406039603,-24.67869231,
5406639563,-24.59510964,
5407239523,-24.62126021,
5407839483,-24.37118213,
5408439443,-24.78541554,
5409039403,-24.45698812,
5409639363,-24.71679463,
5410239323,-24.53770607,
5410839283,-24.95621778,
5411439243,-24.51933532,
5412039203,-24.81179454,
5412639163,-24.56189676,
5413239123,-24.61407658,
5413839083,-24.86057538,
5414439043,-24.89640986,
5415039003,-24.6512094,
5415638963,-24.67139724,
5416238923,-24.43529867,
5416838883,-24.17077629,
5417438843,-24.8895342,
5418038803,-25.01787965,
5418638763,-25.19134078,
5419238723,-24.79730824,
5419838683,-24.49544964,
5420438643,-25.03506019,
5421038603,-25.33302734,
5421638563,-24.89689977,
5422238523,-25.1502745,
5422838483,-24.88432278,
5423438443,-25.13038589,
5424038403,-25.20314345,
5424638363,-24.77300279,
5425238323,-24.92645523,
5425838283,-25.25374761,
5426438243,-24.94041522,
5427038203,-25.27872286,
5427638163,-25.51654357,
5428238123,-25.90684684,
5428838083,-25.44423276,
5429438043,-25.03211186,
5430038003,-25.35725832,
5430637963,-24.86273727,
5431237923,-25.57584633,
5431837883,-25.39783559,
5432437843,-25.14632742,
5433037803,-25.29382088,
5433637763,-24.82576606,
5434237723,-25.13204719,
5434837683,-25.45613952,
5435437643,-25.46402652,
5436037603,-25.4754974,
5436637563,-25.481007,
5437237523,-25.49673397,
5437837483,-25.49753998,
5438437443,-24.99518063,
5439037403,-25.52655341,
5439637363,-25.53410268,
5440237323,-25.54295522,
5440837283,-25.2527366,
5441437243,-25.46911143,
5442037203,-25.47179191,
5442637163,-25.82178578,
5443237123,-25.74013711,
5443837083,-25.28792739,
5444437043,-25.29415817,
5445037003,-25.50020215,
5445636963,-25.62804921,
5446236923,-25.298651,
5446836883,-25.63149202,
5447436843,-25.89463651,
5448036803,-25.36708442,
5448636763,-25.31303266,
5449236723,-25.65115802,
5449836683,-25.65568013,
5450436643,-25.66405704,
5451036603,-25.65697095,
5451636563,-25.85373605,
5452236523,-25.66884343,
5452836483,-25.67604177,
5453436443,-25.67947036,
5454036403,-25.67549196,
5454636363,-24.49805186,
5455236323,-25.09662055,
5455836283,-25.69145864,
5456436243,-26.09740255,
5457036203,-25.37278109,
5457636163,-25.3916502,
5458236123,-25.68889461,
5458836083,-25.69042562,
5459436043,-25.35629963,
5460036003,-25.68758613,
5460635963,-25.6873831,
5461235923,-25.68639174,
5461835883,-25.41807286,
5462435843,-25.82118711,
5463035803,-25.6724891,
5463635763,-25.67781802,
5464235723,-25.95329372,
5464835683,-25.58224616,
5465435643,-25.6650365,
5466035603,-25.33322668,
5466635563,-25.64244846,
5467235523,-25.65780434,
5467835483,-25.32584024,
5468435443,-25.80098956,
5469035403,-25.33644908,
5469635363,-25.88134414,
5470235323,-25.60417236,
5470835283,-25.3015148,
5471435243,-25.87420165,
5472035203,-24.74051006,
5472635163,-25.6068747,
5473235123,-25.25150132,
5473835083,-25.32319622,
5474435043,-25.58422065,
5475035003,-26.06923685,
5475634963,-25.56246126,
5476234923,-25.76614411,
5476834883,-25.24031266,
5477434843,-25.22711975,
5478034803,-25.52625512,
5478634763,-25.23052942,
5479234723,-24.88062528,
5479834683,-25.66321621,
5480434643,-25.15138477,
5481034603,-25.59805207,
5481634563,-24.87170544,
5482234523,-25.6419659,
5482834483,-25.44749765,
5483434443,-25.30553359,
5484034403,-25.41012274,
5484634363,-25.39925788,
5485234323,-25.05898521,
5485834283,-25.35864857,
5486434243,-25.57712566,
5487034203,-25.5221498,
5487634163,-25.1847984,
5488234123,-25.45633776,
5488834083,-24.87045758,
5489434043,-25.27495072,
5490034003,-25.62423815,
5490633963,-25.40644976,
5491233923,-24.59780729,
5491833883,-24.60685402,
5492433843,-25.09989595,
5493033803,-25.08053504,
5493633763,-25.15335301,
5494233723,-25.11214737,
5494833683,-25.05697538,
5495433643,-24.77083661,
5496033603,-25.07402257,
5496633563,-25.22830697,
5497233523,-24.78134755,
5497833483,-24.99954783,
5498433443,-24.99138734,
5499033403,-24.96722119,
5499633363,-24.09628426,
5500233323,-24.05086618,
5500833283,-25.10211112,
5501433243,-24.60863369,
5502033203,-24.95573894,
5502633163,-24.81569599,
5503233123,-24.5120276,
5503833083,-24.72417938,
5504433043,-24.98498581,
5505033003,-24.73472084,
5505632963,-24.71672064,
5506232923,-24.81633216,
5506832883,-24.63858078,
5507432843,-24.82669968,
5508032803,-24.37051057,
5508632763,-24.50518755,
5509232723,-24.55350355,
5509832683,-24.24145911,
5510432643,-24.50740917,
5511032603,-24.3179532,
5511632563,-24.45294866,
5512232523,-24.14222745,
5512832483,-24.33254306,
5513432443,-24.12755662,
5514032403,-24.62881002,
5514632363,-24.31251224,
5515232323,-23.79478182,
5515832283,-23.87990477,
5516432243,-24.22934939,
5517032203,-24.14596171,
5517632163,-23.89626018,
5518232123,-23.57124633,
5518832083,-24.10907505,
5519432043,-24.07699813,
5520032003,-24.03407969,
5520631963,-24.00160127,
5521231923,-23.78650431,
5521831883,-23.67621221,
5522431843,-23.92746229,
5523031803,-23.64438703,
5523631763,-23.86802002,
5524231723,-23.60313521,
5524831683,-23.80727867,
5525431643,-23.30616628,
5526031603,-23.62011239,
5526631563,-23.66518968,
5527231523,-23.67411069,
5527831483,-23.82585077,
5528431443,-23.33957652,
5529031403,-23.3282888,
5529631363,-23.31921133,
5530231323,-23.53872975,
5530831283,-23.48397263,
5531431243,-22.86724888,
5532031203,-23.17788487,
5532631163,-23.20118293,
5533231123,-23.35556089,
5533831083,-23.067704,
5534431043,-23.28636774,
5535031003,-23.2510247,
5535630963,-23.22275116,
5536230923,-23.40780707,
5536830883,-23.15459206,
5537430843,-23.12346033,
5538030803,-23.10376523,
5538630763,-23.04767227,
5539230722,-23.01843099,
5539830682,-23.00343371,
5540430642,-22.8851572,
5541030602,-22.73133304,
5541630562,-22.88332419,
5542230522,-22.84642042,
5542830482,-22.6427911,
5543430442,-22.89102887,
5544030402,-22.75590512,
5544630362,-22.50390418,
5545230322,-22.47528113,
5545830282,-22.64362532,
5546430242,-22.59040217,
5547030202,-22.58584774,
5547630162,-22.53961646,
5548230122,-22.11508732,
5548830082,-22.4347778,
5549430042,-22.43085101,
5550030002,-22.53134387,
5550629962,-22.21981866,
5551229922,-22.14145067,
5551829882,-22.29177977,
5552429842,-22.26574201,
5553029802,-22.07025106,
5553629762,-22.19651693,
5554229722,-21.81317712,
5554829682,-22.13815649,
5555429642,-22.09705503,
5556029602,-22.12148144,
5556629562,-22.03375141,
5557229522,-21.85255687,
5557829482,-21.94676098,
5558429442,-22.03311561,
5559029402,-21.72054679,
5559629362,-21.86358449,
5560229322,-21.83481281,
5560829282,-21.79837538,
5561429242,-21.84619588,
5562029202,-21.73347106,
5562629162,-21.70257609,
5563229122,-21.67512044,
5563829082,-21.51187774,
5564429042,-21.59058728,
5565029002,-21.50913521,
5565628962,-21.63442587,
5566228922,-21.48668129,
5566828882,-21.47795981,
5567428842,-21.66149178,
5568028802,-21.47951509,
5568628762,-21.48032644,
5569228722,-21.23317996,
5569828682,-21.42509213,
5570428642,-21.19189958,
5571028602,-21.29742284,
5571628562,-21.24524897,
5572228522,-21.22030651,
5572828482,-21.29337916,
5573428442,-21.22250357,
5574028402,-21.01763708,
5574628362,-21.00629468,
5575228322,-21.08954283,
5575828282,-21.08312221,
5576428242,-21.13440116,
5577028202,-21.0154929,
5577628162,-21.06953304,
5578228122,-20.961697,
5578828082,-20.8159241,
5579428042,-20.7810643,
5580028002,-20.89561991,
5580627962,-20.87392831,
5581227922,-20.85113303,
5581827882,-20.83125705,
5582427842,-20.83485478,
5583027802,-20.79587047,
5583627762,-20.77313894,
5584227722,-20.75248823,
5584827682,-20.73372514,
5585427642,-20.69866173,
5586027602,-20.69834495,
5586627562,-20.78715257,
5587227522,-20.53951119,
5587827482,-20.6450153,
5588427442,-20.61792873,
5589027402,-20.47124152,
5589627362,-20.60208495,
5590227322,-20.59056702,
5590827282,-20.54841457,
5591427242,-20.44823621,
5592027202,-20.64912299,
5592627162,-20.5408003,
5593227122,-20.52666351,
5593827082,-20.52776307,
5594427042,-20.37359924,
5595027002,-20.49129355,
5595626962,-20.55570264,
5596226922,-20.54970004,
5596826882,-20.46463324,
5597426842,-20.55613661,
5598026802,-20.46419494,
5598626762,-20.51089697,
5599226722,-20.35217756,
5599826682,-20.45898818,
5600426642,-20.45946648,
5601026602,-20.34787135,
5601626562,-20.45356052,
5602226522,-20.51500597,
5602826482,-20.4412428,
5603426442,-20.4340052,
5604026402,-20.44310272,
5604626362,-20.50330169,
5605226322,-20.3797948,
5605826282,-20.44412758,
5606426242,-20.44883889,
5607026202,-20.45350998,
5607626162,-20.531868,
5608226122,-20.33131192,
5608826082,-20.3408585,
5609426042,-20.4720848,
5610026002,-20.36916419,
5610625962,-20.47923626,
5611225922,-20.37817078,
5611825882,-20.49916794,
5612425842,-20.50755296,
5613025802,-20.38723472,
5613625762,-20.51446002,
5614225722,-20.52087631,
5614825682,-20.52689286,
5615425642,-20.60884364,
5616025602,-20.59755143,
5616625562,-20.56046599,
5617225522,-20.62154599,
5617825482,-20.4875845,
5618425442,-20.6147766,
5619025402,-20.61551698,
5619625362,-20.61340131,
5620225322,-20.70845916,
5620825282,-20.66214419,
5621425242,-20.59347108,
5622025202,-20.68774426,
5622625162,-20.70258547,
5623225122,-20.79401081,
5623825082,-20.74138591,
5624425042,-20.64489714,
5625025002,-20.75416639,
5625624962,-20.78952556,
5626224922,-20.80492949,
5626824882,-20.82765402,
5627424842,-20.72208232,
5628024802,-20.86535251,
5628624762,-20.9028188,
5629224722,-20.90298971,
5629824682,-21.01170993,
5630424642,-20.85485027,
5631024602,-20.71893266,
5631624562,-20.99091705,
5632224522,-20.85897378,
5632824482,-21.12763258,
5633424442,-21.06213037,
5634024402,-21.08683511,
5634624362,-21.11386108,
5635224322,-21.19522428,
5635824282,-21.18021267,
5636424242,-21.11453247,
5637024202,-21.20698016,
5637624162,-21.33909769,
5638224122,-21.25417029,
5638824082,-21.28970095,
5639424042,-21.31123163,
5640024002,-21.17768789,
5640623962,-21.22668306,
5641223922,-21.0919129,
5641823882,-21.64559559,
5642423842,-21.31366046,
5643023802,-21.30956449,
5643623762,-21.59637395,
5644223722,-21.5358874,
5644823682,-21.73914956,
5645423642,-21.59121887,
5646023602,-21.63902562,
5646623562,-21.68974753,
5647223522,-21.70491173,
5647823482,-21.72928029,
5648423442,-21.44636776,
5649023402,-21.7923304,
5649623362,-21.81898917,
5650223322,-21.77018321,
5650823282,-21.55117856,
5651423242,-21.92807268,
5652023202,-21.94384634,
5652623162,-22.06144469,
5653223122,-22.00125248,
5653823082,-21.88003058,
5654423042,-22.02271813,
5655023002,-22.12842992,
5655622962,-22.13992791,
5656222922,-21.84018252,
5656822882,-22.20708198,
5657422842,-22.23912487,
5658022802,-22.07416327,
5658622762,-22.10719799,
5659222722,-22.34226243,
5659822682,-22.37531137,
5660422642,-22.40719565,
5661022602,-22.23583474,
5661622562,-22.24088468,
5662222522,-22.23940435,
5662822482,-22.53861668,
5663422442,-22.57194305,
5664022402,-22.36593693,
5664622362,-22.40598847,
5665222322,-22.216762,
5665822282,-22.71055089,
5666422242,-22.49957768,
5667022202,-22.78854374,
5667622162,-22.8273774,
5668222122,-22.84442429,
5668822082,-22.96876983,
5669422042,-23.03540497,
5670022002,-22.9575103,
5670621962,-22.73426279,
5671221922,-22.91116354,
5671821882,-22.90195833,
5672421842,-22.80663303,
5673021802,-23.11879918,
5673621762,-22.5789468,
5674221722,-23.1739122,
5674821682,-22.97777232,
5675421642,-23.2455625,
5676021602,-22.79924559,
5676621562,-23.05378618,
5677221522,-23.34315279,
5677821482,-23.08635165,
5678421442,-23.24967188,
5679021402,-23.44500894,
5679621362,-23.29631371,
5680221322,-23.65600146,
5680821282,-22.98471157,
5681421242,-23.31064696,
5682021202,-23.60876053,
5682621162,-23.06534044,
5683221122,-23.49630942,
5683821082,-23.55259999,
5684421042,-23.89904958,
5685021002,-23.63925271,
5685620962,-23.98788797,
5686220922,-23.83656481,
5686820882,-23.76804438,
5687420842,-23.66865262,
5688020802,-23.36795818,
5688620762,-23.95673177,
5689220722,-23.41197236,
5689820682,-24.02196811,
5690420642,-23.50955889,
5691020602,-23.78847914,
5691620562,-24.12723246,
5692220522,-24.13824466,
5692820481,-24.30705564,
5693420441,-23.63782642,
5694020401,-24.21241577,
5694620361,-24.26379167,
5695220321,-23.97186373,
5695820281,-24.31656132,
5696420241,-24.05865589,
5697020201,-24.39329213,
5697620161,-24.53050577,
5698220121,-24.30780549,
5698820081,-23.8170585,
5699420041,-24.4888137,
5700020001,-24.51214092,
5700619961,-24.53996003,
5701219921,-24.56517748,
5701819881,-24.29430013,
5702419841,-24.61900752,
5703019801,-24.31041028,
5703619761,-24.67968098,
5704219721,-24.6935888,
5704819681,-24.41037381,
5705419641,-24.17770486,
5706019601,-24.46014932,
5706619561,-24.37889564,
5707219521,-25.06130025,
5707819481,-24.84767377,
5708419441,-24.88987573,
5709019401,-24.89788184,
5709619361,-24.28521183,
5710219321,-24.83767675,
5710819281,-24.96780744,
5711419241,-25.20046693,
5712019201,-25.02716239,
5712619161,-25.02852683,
5713219121,-24.71377054,
5713819081,-24.98923276,
5714419041,-25.2552843,
5715019001,-25.33708008,
5715618961,-25.15842607,
5716218921,-25.45795787,
5716818881,-25.18036255,
5717418841,-25.1851063,
5718018801,-25.71019113,
5718618761,-25.25064845,
5719218721,-24.90339351,
5719818681,-25.2891172,
5720418641,-25.30426387,
5721018601,-25.31079656,
5721618561,-25.03454435,
5722218521,-25.57626368,
5722818481,-26.15050675,
5723418441,-25.40703348,
5724018401,-25.04454547,
5724618361,-25.0791658,
5725218321,-25.10612989,
5725818281,-25.46306285,
5726418241,-25.10256671,
5727018201,-25.6119846,
5727618161,-25.49977344,
5728218121,-25.71439051,
5728818081,-25.55263339,
5729418041,-24.88498587,
5730018001,-24.19208971,
5730617961,-25.584222,
5731217921,-26.16595628,
5731817881,-25.59674251,
5732417841,-25.6240319,
5733017801,-25.81279152,
5733617761,-25.65665076,
5734217721,-25.26492528,
5734817681,-25.58086209,
5735417641,-25.67945392,
5736017601,-25.69323528,
5736617561,-25.90776147,
5737217521,-26.01649369,
5737817481,-25.7284118,
5738417441,-26.01294187,
5739017401,-25.73910381,
5739617361,-25.74939441,
5740217321,-25.76098071,
5740817281,-25.39572065,
5741417241,-25.78322416,
5742017201,-25.79239683,
5742617161,-25.80455318,
5743217121,-26.22288396,
5743817081,-25.8335121,
5744417041,-26.14470855,
5745017001,-26.18851605,
5745616961,-26.14170032,
5746216921,-26.15250983,
5746816881,-25.8483974,
5747416841,-25.83917009,
5748016801,-25.86740934,
5748616761,-25.86540569,
5749216721,-26.22119932,
5749816681,-25.48359026,
5750416641,-26.25226641,
5751016601,-25.12631088,
5751616561,-25.49994372,
5752216521,-26.23651084,
5752816481,-25.70316851,
5753416441,-25.14073323,
5754016401,-25.89489367,
5754616361,-26.44830942,
5755216321,-26.45044261,
5755816281,-26.19780675,
5756416241,-25.15792182,
5757016201,-26.095579,
5757616161,-25.51066787,
5758216121,-26.17815704,
5758816081,-25.90533834,
5759416041,-26.40732442,
5760016001,-25.90115888,
5760615961,-25.54156758,
5761215921,-25.90019204,
5761815881,-25.89909109,
5762415841,-25.70128365,
5763015801,-26.19415479,
5763615761,-25.89176566,
5764215721,-25.88437421,
5764815681,-25.87915278,
5765415641,-26.19113379,
5766015601,-25.79724761,
5766615561,-25.87538254,
5767215521,-25.75977405,
5767815481,-25.86078927,
5768415441,-26.69386486,
5769015401,-25.45910268,
5769615361,-26.17037599,
5770215321,-25.82828777,
5770815281,-25.10550143,
5771415241,-25.81458635,
5772015201,-25.80460777,
5772615161,-25.79118326,
5773215121,-25.7815028,
5773815081,-25.76770943,
5774415041,-25.72923619,
5775015001,-25.38817307,
5775614961,-25.72703455,
5776214921,-26.00203273,
5776814881,-25.71217794,
5777414841,-26.07325533,
5778014801,-25.32653989,
5778614761,-25.62165095,
5779214721,-25.33431882,
5779814681,-25.89597796,
5780414641,-25.6491889,
5781014601,-25.85859635,
5781614561,-25.62134616,
5782214521,-25.26036741,
5782814481,-25.59787545,
5783414441,-25.39892092,
5784014401,-24.86689671,
5784614361,-24.83048025,
5785214321,-25.17437419,
5785814281,-25.35017206,
5786414241,-25.44977738,
5787014201,-25.42449596,
5787614161,-26.03262005,
5788214121,-25.46845245,
5788814081,-25.06646366,
5789414041,-24.70505634,
5790014001,-25.40006905,
5790613961,-25.87796664,
5791213921,-25.64622339,
5791813881,-25.36095003,
5792413841,-25.32139819,
5793013801,-25.61819288,
5793613761,-25.72863127,
5794213721,-25.25666082,
5794813681,-25.23924288,
5795413641,-25.21812793,
5796013601,-24.57274955,
5796613561,-24.82150301,
5797213521,-25.14688445,
5797813481,-25.12663864,
5798413441,-24.76149926,
5799013401,-24.99295396,
5799613361,-25.06215999,
5800213321,-25.0385822,
5800813281,-24.66757412,
5801413241,-24.98858488,
5802013201,-25.1716055,
5802613161,-24.63545881,
5803213121,-25.20606553,
5803813081,-25.29784632,
5804413041,-24.72905712,
5805013001,-25.01565207,
5805612961,-25.05116111,
5806212921,-24.79299588,
5806812881,-24.76513944,
5807412841,-24.11067293,
5808012801,-24.42944216,
5808612761,-24.34733036,
5809212721,-24.35691506,
5809812681,-24.63303475,
5810412641,-25.32869947,
5811012601,-23.61140371,
5811612561,-23.97032049,
5812212521,-24.51337549,
5812812481,-24.47869257,
5813412441,-23.87648028,
5814012401,-24.06646058,
5814612361,-24.3906143,
5815212321,-24.08520456,
5815812281,-24.3272524,
5816412241,-24.13534403,
5817012201,-24.28556984,
5817612161,-24.5889598,
5818212121,-23.90116518,
5818812081,-24.17414047,
5819412041,-23.89436607,
5820012001,-23.8467714,
5820611961,-23.81521604,
5821211921,-24.06499816,
5821811881,-24.01693914,
5822411841,-24.16185236,
5823011801,-23.39615452,
5823611761,-24.10995703,
5824211721,-23.88341752,
5824811681,-23.9814228,
5825411641,-23.83696483,
5826011601,-23.78472352,
5826611561,-23.17374531,
5827211521,-23.69675585,
5827811481,-23.14784227,
5828411441,-23.42773438,
5829011401,-23.32543243,
5829611361,-23.57628854,
5830211321,-23.54172096,
5830811281,-23.29821939,
5831411241,-23.47486613,
5832011201,-23.22693668,
5832611161,-23.11454569,
5833211121,-23.36696135,
5833811081,-22.56580108,
5834411041,-23.11377933,
5835011001,-23.2618622,
5835610961,-23.22177427,
5836210921,-23.18439911,
5836810881,-22.93682974,
5837410841,-23.11346588,
5838010801,-23.07891554,
5838610761,-22.38960205,
5839210721,-23.00169416,
5839810681,-23.13763136,
5840410641,-23.08961085,
5841010601,-23.06616149,
5841610561,-22.86004934,
5842210521,-22.80703829,
5842810481,-22.80674927,
5843410441,-22.75429539,
5844010401,-22.51661299,
5844610361,-22.66700524,
5845210321,-22.64156262,
5845810281,-22.71333523,
5846410240,-22.38188054,
5847010200,-22.1318479,
5847610160,-22.31689226,
5848210120,-22.60691214,
5848810080,-22.18588997,
5849410040,-22.26866045,
5850010000,-22.35501496,
5850609960,-22.16398547,
5851209920,-22.37301045,
5851809880,-22.39696462,
5852409840,-22.02933642,
5853009800,-22.1944822,
5853609760,-21.94407489,
5854209720,-21.75412924,
5854809680,-21.99131668,
5855409640,-22.03266783,
5856009600,-22.12305055,
5856609560,-21.78590235,
5857209520,-21.91076081,
5857809480,-22.01119512,
5858409440,-21.85633987,
5859009400,-21.72552257,
5859609360,-21.78795054,
5860209320,-21.58561241,
5860809280,-21.71435899,
5861409240,-21.70240069,
5862009200,-21.45775506,
5862609160,-21.7249122,
5863209120,-21.59241246,
5863809080,-21.68070883,
5864409040,-21.52069971,
5865009000,-21.35544459,
5865608960,-21.46215171,
5866208920,-21.50593093,
5866808880,-21.39917207,
5867408840,-21.54368357,
5868008800,-21.33786901,
5868608760,-21.37243847,
5869208720,-21.39958037,
5869808680,-21.23104983,
5870408640,-21.19782052,
5871008600,-21.303618,
5871608560,-21.23894058,
5872208520,-21.13347895,
5872808480,-21.0763063,
5873408440,-21.0861173,
5874008400,-21.05667496,
5874608360,-20.89509458,
5875208320,-21.00475219,
5875808280,-20.98283658,
5876408240,-21.06250762,
5877008200,-20.7712131,
5877608160,-20.90357885,
5878208120,-20.88347252,
5878808080,-20.80150049,
5879408040,-20.82671117,
5880008000,-20.53237817,
5880607960,-20.79713618,
5881207920,-20.75567057,
5881807880,-20.74217544,
5882407840,-20.71822807,
5883007800,-20.79014785,
5883607760,-20.69956326,
5884207720,-20.68140883,
5884807680,-20.65572971,
5885407640,-20.63507027,
5886007600,-20.59477567,
5886607560,-20.69115358,
5887207520,-20.45540275,
5887807480,-20.56872166,
5888407440,-20.46538604,
5889007400,-20.55104397,
5889607360,-20.50225884,
5890207320,-20.53252492,
5890807280,-20.50268044,
5891407240,-20.48270776,
5892007200,-20.47491946,
5892607160,-20.46031497,
5893207120,-20.42967667,
5893807080,-20.52228668,
5894407040,-20.50458985,
5895007000,-20.4547549,
5895606960,-20.41371641,
5896206920,-20.40400862,
5896806880,-20.40036832,
5897406840,-20.46135392,
5898006800,-20.46078868,
5898606760,-20.39279133,
5899206720,-20.38654742,
5899806680,-20.24256264,
5900406640,-20.37923892,
5901006600,-20.39053461,
5901606560,-20.38039535,
5902206520,-20.37883262,
5902806480,-20.38437459,
5903406440,-20.46436207,
5904006400,-20.38271617,
5904606360,-20.39207388,
5905206320,-20.38513837,
5905806280,-20.47789884,
5906406240,-20.39491559,
5907006200,-20.29199205,
5907606160,-20.39834431,
5908206120,-20.4995311,
5908806080,-20.4186117,
5909406040,-20.44071877,
5910006000,-20.42706581,
5910605960,-20.28896271,
5911205920,-20.46577194,
5911805880,-20.32589467,
5912405840,-20.46178851,
5913005800,-20.34320773,
5913605760,-20.48558052,
5914205720,-20.46120356,
5914805680,-20.58372007,
5915405640,-20.52730503,
5916005600,-20.53795421,
5916605560,-20.3908182,
5917205520,-20.55627675,
5917805480,-20.59655428,
5918405440,-20.77802634,
5919005400,-20.71109292,
5919605360,-20.62282128,
5920205320,-20.55799087,
5920805280,-20.66646195,
5921405240,-20.39365418,
5922005200,-20.76047779,
5922605160,-20.54825026,
5923205120,-20.72983702,
5923805080,-20.83858897,
5924405040,-20.76408554,
5925005000,-20.78447717,
5925604960,-20.79968811,
5926204920,-20.8256306,
5926804880,-20.84633559,
5927404840,-20.8523066,
5928004800,-20.89692361,
5928604760,-20.91852867,
5929204720,-20.96167288,
5929804680,-21.14064172,
5930404640,-20.98178503,
5931004600,-21.01710146,
5931604560,-21.13870572,
5932204520,-21.06704509,
5932804480,-21.09391343,
5933404440,-20.85353062,
5934004400,-21.14307572,
5934604360,-21.17447321,
5935204320,-21.19317894,
5935804280,-21.35675106,
5936404240,-21.26255721,
5937004200,-21.29330452,
5937604160,-21.32291301,
5938204120,-21.17447685,
5938804080,-21.20416567,
5939404040,-21.24424225,
5940004000,-21.44692096,
5940603960,-21.13744371,
5941203920,-21.50874223,
5941803880,-21.35615903,
5942403840,-21.58523232,
5943003800,-21.60796524,
5943603760,-21.64283081,
5944203720,-21.80468,
5944803680,-21.68615771,
5945403640,-21.34174623,
5946003600,-21.57065575,
5946603560,-21.81348233,
5947203520,-21.61217674,
5947803480,-21.96759872,
5948403440,-21.71834745,
5949003400,-21.94900294,
5949603360,-21.8751413,
5950203320,-22.17405059,
5950803280,-22.05391379,
5951403240,-22.09053473,
5952003200,-22.12138966,
5952603160,-21.95189858,
5953203120,-21.97171256,
5953803080,-22.23412154,
5954403040,-22.26416758,
5955003000,-22.07810771,
5955602960,-22.11352326,
5956202920,-22.37249282,
5956802880,-22.41053408,
5957402840,-22.44586803,
5958002800,-22.02553394,
5958602760,-22.78045843,
5959202720,-22.36719054,
5959802680,-22.3582356,
5960402640,-22.73213257,
5961002600,-22.43538028,
5961602560,-22.89345345,
5962202520,-22.85679042,
5962802480,-22.78044438,
5963402440,-22.70700524,
5964002400,-22.85621445,
5964602360,-23.07926219,
5965202320,-22.4323803,
5965802280,-23.12870985,
5966402240,-22.74984734,
5967002200,-22.53135815,
5967602160,-22.70210133,
5968202120,-22.62508211,
5968802080,-22.59380293,
5969402040,-23.20085563,
5970002000,-22.69757715,
5970601960,-23.27694912,
5971201920,-23.06931801,
5971801880,-23.35277285,
5972401840,-23.25765708,
5973001800,-23.13485958,
5973601760,-23.63097064,
5974201720,-23.5064639,
5974801680,-23.23845308,
5975401640,-23.00724843,
5976001600,-23.79197963,
5976601560,-23.37441531,
5977201520,-23.68502554,
5977801480,-23.7181874,
5978401440,-23.9574645,
5979001400,-23.48498569,
5979601360,-24.06113271,
5980201320,-23.56132481,
5980801280,-23.64330202,
5981401240,-23.9443592,
5982001200,-23.83964317,
5982601160,-24.01429571,
5983201120,-23.73328334,
5983801080,-24.08714379,
5984401040,-24.38214314,
5985001000,-23.85518964,
5985600960,-24.38633154,
5986200920,-23.56891221,
5986800880,-23.6073465,
5987400840,-23.64886717,
5988000800,-23.96516182,
5988600760,-24.62694099,
5989200720,-24.54340824,
5989800680,-24.11612752,
5990400640,-24.45015796,
5991000600,-24.14006466,
5991600560,-24.2083572,
5992200520,-24.54548659,
5992800480,-24.58403694,
5993400440,-24.6281586,
5994000400,-24.64109467,
5994600360,-24.65104039,
5995200320,-24.97708262,
5995800280,-25.26169141,
5996400240,-25.31160733,
5997000200,-25.02718202,
5997600160,-24.4824279,
5998200120,-24.86147181,
5998800080,-25.10832333,
5999400040,-24.91434356,
6000000000,-24.47213876,
