Frequency,S12_Magnitude,
1000000,-3.542595934,
1599959,-3.304314629,
2199919,-3.044315329,
2799879,-2.864656668,
3399839,-2.764199632,
3999799,-2.815657162,
4599759,-2.615758266,
5199719,-2.499146335,
5799679,-2.334903106,
6399639,-2.466469478,
6999599,-2.388470885,
7599559,-2.45829892,
8199519,-2.438991343,
8799479,-2.423472739,
9399439,-2.441852141,
9999399,-2.343384329,
10599359,-2.446735188,
11199319,-2.423333248,
11799279,-2.473996505,
12399239,-2.504006946,
12999199,-2.540805973,
13599159,-2.500508588,
14199119,-2.504324333,
14799079,-2.62317134,
15399039,-2.63839964,
15998999,-2.62038162,
16598959,-2.574010048,
17198919,-2.666851591,
17798879,-2.559703573,
18398839,-2.663739772,
18998799,-2.652882215,
19598759,-2.625366992,
20198719,-2.680753311,
20798679,-2.777047951,
21398639,-2.707765977,
21998599,-2.711559262,
22598559,-2.723189871,
23198519,-2.776352082,
23798479,-2.75064741,
24398439,-2.728431315,
24998399,-2.84770794,
25598359,-2.74057885,
26198319,-2.798535654,
26798279,-2.825491138,
27398239,-2.828129691,
27998199,-2.880334159,
28598159,-2.861708373,
29198119,-2.933138527,
29798079,-2.861805373,
30398039,-2.915420517,
30997999,-2.971863313,
31597959,-2.908683081,
32197919,-2.915687649,
32797879,-2.896693283,
33397839,-2.947916523,
33997799,-2.939151072,
34597759,-2.891668566,
35197719,-2.919468947,
35797679,-2.949521575,
36397639,-2.980694539,
36997599,-2.961536665,
37597559,-2.991255013,
38197519,-2.931509291,
38797479,-3.042086112,
39397439,-3.037813105,
39997399,-3.02097634,
40597359,-2.962310292,
41197319,-3.024190032,
41797279,-3.035623947,
42397239,-3.04383174,
42997199,-2.984411348,
43597159,-3.0439114,
44197119,-3.030934133,
44797079,-3.024187457,
45397039,-3.065072814,
45996999,-3.106426466,
46596959,-3.051492532,
47196919,-3.094989223,
47796879,-3.032592603,
48396839,-3.081166507,
48996799,-3.097772491,
49596759,-3.066559456,
50196719,-3.104343858,
50796679,-3.171162858,
51396639,-3.115546039,
51996599,-3.051060308,
52596559,-3.094854075,
53196519,-3.155438362,
53796479,-3.121127713,
54396439,-3.135991157,
54996399,-3.12717148,
55596359,-3.152304343,
56196319,-3.059738202,
56796279,-3.10692356,
57396239,-3.061894002,
57996199,-3.120699131,
58596159,-3.181265337,
59196119,-3.115441467,
59796079,-3.189049078,
60396039,-3.221697606,
60995999,-3.130589258,
61595959,-3.146690147,
62195919,-3.17625507,
62795879,-3.200776768,
63395839,-3.209182692,
63995799,-3.180258255,
64595759,-3.192997431,
65195719,-3.19084021,
65795679,-3.129999309,
66395639,-3.181938731,
66995599,-3.175645915,
67595559,-3.182166391,
68195519,-3.12089721,
68795479,-3.119355954,
69395439,-3.187237863,
69995399,-3.151678928,
70595359,-3.132410368,
71195319,-3.132058008,
71795279,-3.127167622,
72395239,-3.162042721,
72995199,-3.149898793,
73595159,-3.157181626,
74195119,-3.160940678,
74795079,-3.146998899,
75395039,-3.199632553,
75994999,-3.094363806,
76594959,-3.224239545,
77194919,-3.175542056,
77794879,-3.212246023,
78394839,-3.212671739,
78994799,-3.241373136,
79594759,-3.172268612,
80194719,-3.202108752,
80794679,-3.199521387,
81394639,-3.131403947,
81994599,-3.094959674,
82594559,-3.117678143,
83194519,-3.103369883,
83794479,-3.169760486,
84394439,-3.190444533,
84994399,-3.129107173,
85594359,-3.207032167,
86194319,-3.133574568,
86794279,-3.12853978,
87394239,-3.177012993,
87994199,-3.18112076,
88594159,-3.17682335,
89194119,-3.09497823,
89794079,-3.126538087,
90394039,-3.130903687,
90993999,-3.171979506,
91593959,-3.121450398,
92193919,-3.141747703,
92793879,-3.058764843,
93393839,-3.082768124,
93993799,-3.11401624,
94593759,-3.129871779,
95193719,-3.028875158,
95793679,-3.033869657,
96393639,-3.028430238,
96993599,-3.074657083,
97593559,-3.068642611,
98193519,-3.094179846,
98793479,-3.065197608,
99393439,-3.043974284,
99993399,-3.056826387,
100593359,-3.085994225,
101193319,-3.016147093,
101793279,-3.035471471,
102393239,-3.023398402,
102993199,-3.015732599,
103593159,-2.994512088,
104193119,-2.977696642,
104793079,-3.044563508,
105393039,-3.031137761,
105992999,-2.98626628,
106592959,-3.04375289,
107192919,-2.978377776,
107792879,-3.041274388,
108392839,-3.045938021,
108992799,-2.989303723,
109592759,-3.003294356,
110192719,-2.97337529,
110792679,-2.909468627,
111392639,-3.025937642,
111992599,-2.98592801,
112592559,-2.948102853,
113192519,-2.995160984,
113792479,-2.929190394,
114392439,-2.991790754,
114992399,-2.94383589,
115592359,-2.964627241,
116192319,-2.984626256,
116792279,-2.939673409,
117392239,-2.974306278,
117992199,-2.937652191,
118592159,-2.945445272,
119192119,-2.97951884,
119792079,-2.846824314,
120392039,-2.954045796,
120991999,-2.918640063,
121591959,-2.846170927,
122191919,-2.86660284,
122791879,-2.92056402,
123391839,-2.911237141,
123991799,-2.886012762,
124591759,-2.94205249,
125191719,-2.921356263,
125791679,-2.893642177,
126391639,-2.897336703,
126991599,-2.807545002,
127591559,-2.866225894,
128191519,-2.935748324,
128791479,-2.918097582,
129391439,-2.769909892,
129991399,-2.837225087,
130591359,-2.87043212,
131191319,-2.938202044,
131791279,-2.926618045,
132391239,-2.947958511,
132991199,-2.944500816,
133591159,-2.92364185,
134191119,-2.935133113,
134791079,-2.924062655,
135391039,-2.845763951,
135990999,-2.851656799,
136590959,-2.908419597,
137190919,-2.821711157,
137790879,-2.932213173,
138390839,-2.87123243,
138990799,-2.88783305,
139590759,-2.919993889,
140190719,-2.933247327,
140790679,-2.855702706,
141390639,-2.93345858,
141990599,-2.860746744,
142590559,-2.909184729,
143190519,-2.892034813,
143790479,-2.842859406,
144390438,-2.872290015,
144990398,-2.890177949,
145590358,-2.92372791,
146190318,-2.937330507,
146790278,-2.852084743,
147390238,-2.928746137,
147990198,-2.940493879,
148590158,-2.897582488,
149190118,-2.863723188,
149790078,-2.933749379,
150390038,-2.915085222,
150989998,-2.832057567,
151589958,-2.879928304,
152189918,-2.886641339,
152789878,-2.785999525,
153389838,-2.791189294,
153989798,-2.946755285,
154589758,-2.884806995,
155189718,-2.99946987,
155789678,-2.8883375,
156389638,-2.964101445,
156989598,-2.890074789,
157589558,-2.873583317,
158189518,-2.802253222,
158789478,-2.885136986,
159389438,-2.863645572,
159989398,-2.880165316,
160589358,-2.940279453,
161189318,-2.948705765,
161789278,-2.874227047,
162389238,-2.819246507,
162989198,-2.835414277,
163589158,-2.95910898,
164189118,-2.842949449,
164789078,-2.978952941,
165389038,-2.977601731,
165988998,-2.930206988,
166588958,-2.92272557,
167188918,-2.961693561,
167788878,-2.936581749,
168388838,-3.088118163,
168988798,-2.854866654,
169588758,-2.893153448,
170188718,-2.938767631,
170788678,-2.939812171,
171388638,-2.877146879,
171988598,-2.917493921,
172588558,-2.95173298,
173188518,-2.875067466,
173788478,-2.912119024,
174388438,-2.933579125,
174988398,-2.955638533,
175588358,-2.965764923,
176188318,-2.882559933,
176788278,-2.923791715,
177388238,-2.943774813,
177988198,-2.939421056,
178588158,-2.992619382,
179188118,-3.044846262,
179788078,-2.900154942,
180388038,-3.052614694,
180987998,-3.055808232,
181587958,-2.995896501,
182187918,-3.008186015,
182787878,-2.851329068,
183387838,-3.0645359,
183987798,-2.921945514,
184587758,-2.951859892,
185187718,-2.92394176,
185787678,-3.00920627,
186387638,-2.997186939,
186987598,-2.903908444,
187587558,-2.942943721,
188187518,-2.995336232,
188787478,-2.917224944,
189387438,-2.958454605,
189987398,-2.922163859,
190587358,-2.956253989,
191187318,-2.947864784,
191787278,-2.947556537,
192387238,-2.963602103,
192987198,-2.920150561,
193587158,-2.906164215,
194187118,-2.913690579,
194787078,-2.992768682,
195387038,-2.974806453,
195986998,-2.915655199,
196586958,-2.992010348,
197186918,-2.935176712,
197786878,-2.901009747,
198386838,-2.926762143,
198986798,-2.879942885,
199586758,-2.910745716,
200186718,-2.948266923,
200786678,-2.92612922,
201386638,-2.922289774,
201986598,-2.945673983,
202586558,-2.980939447,
203186518,-2.97326482,
203786478,-2.943797716,
204386438,-2.963508973,
204986398,-2.957715125,
205586358,-2.912599045,
206186318,-2.965749294,
206786278,-2.96108407,
207386238,-3.002268792,
207986198,-3.029876006,
208586158,-3.030804963,
209186118,-2.960622093,
209786078,-3.007491722,
210386038,-3.040158731,
210985998,-2.9268236,
211585958,-3.015789426,
212185918,-2.980631369,
212785878,-2.972935216,
213385838,-2.979224716,
213985798,-2.998067304,
214585758,-2.992240089,
215185718,-3.031251694,
215785678,-2.992409594,
216385638,-2.999076806,
216985598,-2.899821694,
217585558,-3.000482354,
218185518,-2.992684943,
218785478,-3.015436994,
219385438,-3.004442715,
219985398,-3.016143103,
220585358,-2.990548525,
221185318,-3.025118904,
221785278,-3.055486293,
222385238,-3.062350417,
222985198,-3.055200895,
223585158,-3.029555163,
224185118,-3.048067825,
224785078,-2.982428998,
225385038,-3.060530723,
225984998,-3.060577559,
226584958,-3.033346657,
227184918,-3.035377069,
227784878,-3.104113908,
228384838,-3.052802855,
228984798,-3.057909371,
229584758,-3.081162583,
230184718,-3.108899784,
230784678,-2.980513516,
231384638,-3.107984138,
231984598,-3.090315241,
232584558,-3.042422095,
233184518,-3.027229033,
233784478,-3.025087357,
234384438,-3.075714819,
234984398,-3.086327582,
235584358,-3.143538239,
236184318,-3.1606898,
236784278,-3.144321437,
237384238,-3.09684684,
237984198,-3.142961483,
238584158,-3.10841889,
239184118,-3.119863705,
239784078,-3.12402811,
240384038,-3.085111837,
240983998,-3.131241366,
241583958,-3.089544393,
242183918,-3.179522655,
242783878,-3.083534307,
243383838,-3.16798308,
243983798,-3.177116368,
244583758,-3.171134078,
245183718,-3.207359067,
245783678,-3.238401804,
246383638,-3.196427837,
246983598,-3.161519215,
247583558,-3.18092727,
248183518,-3.185567223,
248783478,-3.295182332,
249383438,-3.230283498,
249983398,-3.176672295,
250583358,-3.308359424,
251183318,-3.274028529,
251783278,-3.288137255,
252383238,-3.250804686,
252983198,-3.321233597,
253583158,-3.292661346,
254183118,-3.218161375,
254783078,-3.32849501,
255383038,-3.349019441,
255982998,-3.369033055,
256582958,-3.339296729,
257182918,-3.395226773,
257782878,-3.414731364,
258382838,-3.421557178,
258982798,-3.421187748,
259582758,-3.444298108,
260182718,-3.386130261,
260782678,-3.438195493,
261382638,-3.369742592,
261982598,-3.461586868,
262582558,-3.430398933,
263182518,-3.400615006,
263782478,-3.553348678,
264382438,-3.529799161,
264982398,-3.481609718,
265582358,-3.493283255,
266182318,-3.524822462,
266782278,-3.590586527,
267382238,-3.442606757,
267982198,-3.522557015,
268582158,-3.506454065,
269182118,-3.494407303,
269782078,-3.535313084,
270382038,-3.500549339,
270981998,-3.589275502,
271581958,-3.57223918,
272181918,-3.574480301,
272781878,-3.557064463,
273381838,-3.59555844,
273981798,-3.637872322,
274581758,-3.672402068,
275181718,-3.682364927,
275781678,-3.636859662,
276381638,-3.671901566,
276981598,-3.64356363,
277581558,-3.662821234,
278181518,-3.722197066,
278781478,-3.707821602,
279381438,-3.683319027,
279981398,-3.707439602,
280581358,-3.739607959,
281181318,-3.722454012,
281781278,-3.678465999,
282381238,-3.743448162,
282981198,-3.754942764,
283581158,-3.732266013,
284181118,-3.856896161,
284781078,-3.823018892,
285381038,-3.870804363,
285980998,-3.840140358,
286580958,-3.740099906,
287180917,-3.843138224,
287780877,-3.836401876,
288380837,-3.90884362,
288980797,-3.892345547,
289580757,-3.866104242,
290180717,-3.877978287,
290780677,-3.950308285,
291380637,-3.896035682,
291980597,-3.917315733,
292580557,-3.948976734,
293180517,-3.931393992,
293780477,-3.919309423,
294380437,-3.930331149,
294980397,-3.904718005,
295580357,-3.973422917,
296180317,-4.004031203,
296780277,-3.921468569,
297380237,-3.938242715,
297980197,-3.935164969,
298580157,-3.988950664,
299180117,-3.976212564,
299780077,-4.010398045,
300380037,-4.022136251,
300979997,-4.099043062,
301579957,-4.022994594,
302179917,-3.963445484,
302779877,-3.950815248,
303379837,-4.01940792,
303979797,-4.036020485,
304579757,-3.994333086,
305179717,-4.066627599,
305779677,-3.923494421,
306379637,-3.989451229,
306979597,-4.00710829,
307579557,-4.019933723,
308179517,-4.036589947,
308779477,-4.001268907,
309379437,-4.030935589,
309979397,-4.091199685,
310579357,-4.019849445,
311179317,-4.067003832,
311779277,-4.058743211,
312379237,-4.015748002,
312979197,-3.994284549,
313579157,-4.031132514,
314179117,-4.033429021,
314779077,-4.080961366,
315379037,-4.030856976,
315978997,-3.96196744,
316578957,-4.031232133,
317178917,-4.106521007,
317778877,-4.00174906,
318378837,-4.017279418,
318978797,-4.121722479,
319578757,-4.021637227,
320178717,-4.056466504,
320778677,-4.04794067,
321378637,-3.992571127,
321978597,-3.992530857,
322578557,-4.008655345,
323178517,-3.995888008,
323778477,-4.011152082,
324378437,-4.051609648,
324978397,-4.050099172,
325578357,-4.084959855,
326178317,-3.988878565,
326778277,-3.974751092,
327378237,-4.017427062,
327978197,-3.985500736,
328578157,-3.982899371,
329178117,-4.032974779,
329778077,-4.031929567,
330378037,-3.979214533,
330977997,-4.016510411,
331577957,-4.01900943,
332177917,-3.98571017,
332777877,-3.991668087,
333377837,-4.003469089,
333977797,-4.006436474,
334577757,-3.957694351,
335177717,-3.892530954,
335777677,-3.964909567,
336377637,-3.901583731,
336977597,-3.881657519,
337577557,-3.961255239,
338177517,-4.02070755,
338777477,-3.980897947,
339377437,-3.916772687,
339977397,-3.879139996,
340577357,-3.951069757,
341177317,-3.877347611,
341777277,-3.923328607,
342377237,-3.959390998,
342977197,-3.871685598,
343577157,-3.900029591,
344177117,-3.890912745,
344777077,-3.829232408,
345377037,-3.973529738,
345976997,-3.830542735,
346576957,-3.877993062,
347176917,-3.880481027,
347776877,-3.861897548,
348376837,-3.876706868,
348976797,-3.823759379,
349576757,-3.773914418,
350176717,-3.841786413,
350776677,-3.857641817,
351376637,-3.848370953,
351976597,-3.834523963,
352576557,-3.855779596,
353176517,-3.831660888,
353776477,-3.805565549,
354376437,-3.79374349,
354976397,-3.737663522,
355576357,-3.751795684,
356176317,-3.835916769,
356776277,-3.803992205,
357376237,-3.802488196,
357976197,-3.82947211,
358576157,-3.814644673,
359176117,-3.694118498,
359776077,-3.659573077,
360376037,-3.713975695,
360975997,-3.685430699,
361575957,-3.72771888,
362175917,-3.748832323,
362775877,-3.818490287,
363375837,-3.681643384,
363975797,-3.679585104,
364575757,-3.77662353,
365175717,-3.732602289,
365775677,-3.740449064,
366375637,-3.743694527,
366975597,-3.671629714,
367575557,-3.655965807,
368175517,-3.640661352,
368775477,-3.627440053,
369375437,-3.659923698,
369975397,-3.622863727,
370575357,-3.643702185,
371175317,-3.670670601,
371775277,-3.62497073,
372375237,-3.627753897,
372975197,-3.605719659,
373575157,-3.611017204,
374175117,-3.560371728,
374775077,-3.556598782,
375375037,-3.570269534,
375974997,-3.646929789,
376574957,-3.584325859,
377174917,-3.600043595,
377774877,-3.581906656,
378374837,-3.467782489,
378974797,-3.524926388,
379574757,-3.552242709,
380174717,-3.591017119,
380774677,-3.586420942,
381374637,-3.428438231,
381974597,-3.500123664,
382574557,-3.555433799,
383174517,-3.55458377,
383774477,-3.45428692,
384374437,-3.488417982,
384974397,-3.439549674,
385574357,-3.537757457,
386174317,-3.445226347,
386774277,-3.479864759,
387374237,-3.399070917,
387974197,-3.492143444,
388574157,-3.434336805,
389174117,-3.434080994,
389774077,-3.404097615,
390374037,-3.541779239,
390973997,-3.338695268,
391573957,-3.483825437,
392173917,-3.407615688,
392773877,-3.431480414,
393373837,-3.457488643,
393973797,-3.384028466,
394573757,-3.372823931,
395173717,-3.425460808,
395773677,-3.296313606,
396373637,-3.327074809,
396973597,-3.424228328,
397573557,-3.340677309,
398173517,-3.372176402,
398773477,-3.367493639,
399373437,-3.408710511,
399973397,-3.375711554,
400573357,-3.320118676,
401173317,-3.281637854,
401773277,-3.387088005,
402373237,-3.247006319,
402973197,-3.410598925,
403573157,-3.280722842,
404173117,-3.341931507,
404773077,-3.38511266,
405373037,-3.193433872,
405972997,-3.306811674,
406572957,-3.333875791,
407172917,-3.323773249,
407772877,-3.355968643,
408372837,-3.323475271,
408972797,-3.22728092,
409572757,-3.339849266,
410172717,-3.306669923,
410772677,-3.245492333,
411372637,-3.35084994,
411972597,-3.241469098,
412572557,-3.162587368,
413172517,-3.224339053,
413772477,-3.296984134,
414372437,-3.251847493,
414972397,-3.270032819,
415572357,-3.207734076,
416172317,-3.167654458,
416772277,-3.274702917,
417372237,-3.264441857,
417972197,-3.223590393,
418572157,-3.236060571,
419172117,-3.19600352,
419772077,-3.156829359,
420372037,-3.255248861,
420971997,-3.183869443,
421571957,-3.201007236,
422171917,-3.237716265,
422771877,-3.171429434,
423371837,-3.07561516,
423971797,-3.212521601,
424571757,-3.176767899,
425171717,-3.171607077,
425771677,-3.211623263,
426371637,-3.18202417,
426971597,-3.163544725,
427571557,-3.17611046,
428171517,-3.166293587,
428771477,-3.134989662,
429371437,-3.185322702,
429971396,-3.159044132,
430571356,-3.177946216,
431171316,-3.238619572,
431771276,-3.137694853,
432371236,-3.167077178,
432971196,-3.137168607,
433571156,-3.184514536,
434171116,-3.086045065,
434771076,-3.220008569,
435371036,-3.122647704,
435970996,-3.135500092,
436570956,-3.1892687,
437170916,-3.073887101,
437770876,-3.17163343,
438370836,-3.130058719,
438970796,-3.196310119,
439570756,-3.16642691,
440170716,-3.180412899,
440770676,-3.221088761,
441370636,-3.051629857,
441970596,-3.133020025,
442570556,-3.133169263,
443170516,-3.158672637,
443770476,-3.182123472,
444370436,-3.103523128,
444970396,-3.199195602,
445570356,-3.08829867,
446170316,-3.190875207,
446770276,-3.154705139,
447370236,-3.109411271,
447970196,-3.224272269,
448570156,-3.117980995,
449170116,-3.195837923,
449770076,-3.102806606,
450370036,-3.165086987,
450969996,-3.120952761,
451569956,-3.090043289,
452169916,-3.174576135,
452769876,-3.115888911,
453369836,-3.10613605,
453969796,-3.087750659,
454569756,-3.140897891,
455169716,-3.108811981,
455769676,-3.147699878,
456369636,-3.180255489,
456969596,-3.113590233,
457569556,-3.186834276,
458169516,-3.104153674,
458769476,-3.219965865,
459369436,-3.088763208,
459969396,-3.193818384,
460569356,-3.248537083,
461169316,-3.13851194,
461769276,-3.182723022,
462369236,-3.062772387,
462969196,-3.13003896,
463569156,-3.15281908,
464169116,-3.185437252,
464769076,-3.141999979,
465369036,-3.227494746,
465968996,-3.118391134,
466568956,-3.210084445,
467168916,-3.173154424,
467768876,-3.148620161,
468368836,-3.126105774,
468968796,-3.180467995,
469568756,-3.154144215,
470168716,-3.151536287,
470768676,-3.197611494,
471368636,-3.207466441,
471968596,-3.222227963,
472568556,-3.22056545,
473168516,-3.188122875,
473768476,-3.242094191,
474368436,-3.197983685,
474968396,-3.186805343,
475568356,-3.159937464,
476168316,-3.117505363,
476768276,-3.158450705,
477368236,-3.258609893,
477968196,-3.242389058,
478568156,-3.252137338,
479168116,-3.116966011,
479768076,-3.189782883,
480368036,-3.288347855,
480967996,-3.254110645,
481567956,-3.300096377,
482167916,-3.316743662,
482767876,-3.338235234,
483367836,-3.237650977,
483967796,-3.222992981,
484567756,-3.223236747,
485167716,-3.301456877,
485767676,-3.267840295,
486367636,-3.283814731,
486967596,-3.20513104,
487567556,-3.357077567,
488167516,-3.332620726,
488767476,-3.312863685,
489367436,-3.357381902,
489967396,-3.308743371,
490567356,-3.360056047,
491167316,-3.373673499,
491767276,-3.366810625,
492367236,-3.402420076,
492967196,-3.352778137,
493567156,-3.398740231,
494167116,-3.331372068,
494767076,-3.419646636,
495367036,-3.3782409,
495966996,-3.453291004,
496566956,-3.410932218,
497166916,-3.273654694,
497766876,-3.439441426,
498366836,-3.267408833,
498966796,-3.394960729,
499566756,-3.44615811,
500166716,-3.397263145,
500766676,-3.449326065,
501366636,-3.464617018,
501966596,-3.500806947,
502566556,-3.507191056,
503166516,-3.487440103,
503766476,-3.437361009,
504366436,-3.486510729,
504966396,-3.529435872,
505566356,-3.455717507,
506166316,-3.519426374,
506766276,-3.507037211,
507366236,-3.522093341,
507966196,-3.510319065,
508566156,-3.442810397,
509166116,-3.538147379,
509766076,-3.49276739,
510366036,-3.547033161,
510965996,-3.523820519,
511565956,-3.509242957,
512165916,-3.576813017,
512765876,-3.50543539,
513365836,-3.527938103,
513965796,-3.553315544,
514565756,-3.623617883,
515165716,-3.567494983,
515765676,-3.626679436,
516365636,-3.65771908,
516965596,-3.613485472,
517565556,-3.656320991,
518165516,-3.683886014,
518765476,-3.600225425,
519365436,-3.583354833,
519965396,-3.658659147,
520565356,-3.644790581,
521165316,-3.6581208,
521765276,-3.623261556,
522365236,-3.646921773,
522965196,-3.683719431,
523565156,-3.692476274,
524165116,-3.619930841,
524765076,-3.721097145,
525365036,-3.673591257,
525964996,-3.669067602,
526564956,-3.635987047,
527164916,-3.712310902,
527764876,-3.703521379,
528364836,-3.701936954,
528964796,-3.779744232,
529564756,-3.815303254,
530164716,-3.788934789,
530764676,-3.794399938,
531364636,-3.818961257,
531964596,-3.846495539,
532564556,-3.815047752,
533164516,-3.846926713,
533764476,-3.801271687,
534364436,-3.809081786,
534964396,-3.917471601,
535564356,-3.900742608,
536164316,-3.818973809,
536764276,-3.839080431,
537364236,-3.842349592,
537964196,-3.959230434,
538564156,-3.868756527,
539164116,-3.913682485,
539764076,-3.922620712,
540364036,-3.873182735,
540963996,-3.878621427,
541563956,-3.950673624,
542163916,-3.91862917,
542763876,-3.940312897,
543363836,-3.935964505,
543963796,-3.959420274,
544563756,-3.939182698,
545163716,-3.927086505,
545763676,-3.978902958,
546363636,-4.021493171,
546963596,-4.034838414,
547563556,-4.006700617,
548163516,-4.040047719,
548763476,-4.138860976,
549363436,-4.11495479,
549963396,-4.132398273,
550563356,-4.168041859,
551163316,-4.060424729,
551763276,-4.10790923,
552363236,-4.129777547,
552963196,-4.081955372,
553563156,-4.242291969,
554163116,-4.119743196,
554763076,-4.165153305,
555363036,-4.157748573,
555962996,-4.138755153,
556562956,-4.150327218,
557162916,-4.098834562,
557762876,-4.155003445,
558362836,-4.232898338,
558962796,-4.21229617,
559562756,-4.180479836,
560162716,-4.199353388,
560762676,-4.221478261,
561362636,-4.189540296,
561962596,-4.226116762,
562562556,-4.251214292,
563162516,-4.193561209,
563762476,-4.228539844,
564362436,-4.217149401,
564962396,-4.272686218,
565562356,-4.20367252,
566162316,-4.160885847,
566762276,-4.19472389,
567362236,-4.239556437,
567962196,-4.229795386,
568562156,-4.259586502,
569162116,-4.235572436,
569762076,-4.270711265,
570362036,-4.230596497,
570961996,-4.228350806,
571561956,-4.244079834,
572161916,-4.259592446,
572761875,-4.329857905,
573361835,-4.332558422,
573961795,-4.258118655,
574561755,-4.227470356,
575161715,-4.267352171,
575761675,-4.304139179,
576361635,-4.35250589,
576961595,-4.247677312,
577561555,-4.31642524,
578161515,-4.303259266,
578761475,-4.242876909,
579361435,-4.214348304,
579961395,-4.375197277,
580561355,-4.296889135,
581161315,-4.302137874,
581761275,-4.331013006,
582361235,-4.274719913,
582961195,-4.382779028,
583561155,-4.273006573,
584161115,-4.354590996,
584761075,-4.305593429,
585361035,-4.293025473,
585960995,-4.313800942,
586560955,-4.351012086,
587160915,-4.327333027,
587760875,-4.35043565,
588360835,-4.31866801,
588960795,-4.270069356,
589560755,-4.31322476,
590160715,-4.298770028,
590760675,-4.232443888,
591360635,-4.36530003,
591960595,-4.353129501,
592560555,-4.327297752,
593160515,-4.36265285,
593760475,-4.268620703,
594360435,-4.287149737,
594960395,-4.288114911,
595560355,-4.31371145,
596160315,-4.236045031,
596760275,-4.310750288,
597360235,-4.352003145,
597960195,-4.378657398,
598560155,-4.329292584,
599160115,-4.281201014,
599760075,-4.301296262,
600360035,-4.342360182,
600959995,-4.298977554,
601559955,-4.222088151,
602159915,-4.306843848,
602759875,-4.291051567,
603359835,-4.200751025,
603959795,-4.358725967,
604559755,-4.32154564,
605159715,-4.329125193,
605759675,-4.300541077,
606359635,-4.241194609,
606959595,-4.32176893,
607559555,-4.375196949,
608159515,-4.25115598,
608759475,-4.276065062,
609359435,-4.315057141,
609959395,-4.299504616,
610559355,-4.319136342,
611159315,-4.228823893,
611759275,-4.319293783,
612359235,-4.274007035,
612959195,-4.20427116,
613559155,-4.325358343,
614159115,-4.215309659,
614759075,-4.219286521,
615359035,-4.22126036,
615958995,-4.196216763,
616558955,-4.223639694,
617158915,-4.257849044,
617758875,-4.223824166,
618358835,-4.259455763,
618958795,-4.200429885,
619558755,-4.180285738,
620158715,-4.176235554,
620758675,-4.206018934,
621358635,-4.193983374,
621958595,-4.171268141,
622558555,-4.149085482,
623158515,-4.165992214,
623758475,-4.164652466,
624358435,-4.181739787,
624958395,-4.170876597,
625558355,-4.186274882,
626158315,-4.194371414,
626758275,-4.152415661,
627358235,-4.104741866,
627958195,-4.224591599,
628558155,-4.160702464,
629158115,-4.181207976,
629758075,-4.174558417,
630358035,-4.120004263,
630957995,-4.128279572,
631557955,-4.060355526,
632157915,-4.087543486,
632757875,-4.062464348,
633357835,-4.135583295,
633957795,-4.171430622,
634557755,-3.999751568,
635157715,-4.068181248,
635757675,-4.015370124,
636357635,-4.050920469,
636957595,-4.062074664,
637557555,-4.105798813,
638157515,-4.0646125,
638757475,-4.083627167,
639357435,-4.003778099,
639957395,-3.996291045,
640557355,-4.021689393,
641157315,-4.025022123,
641757275,-3.944888462,
642357235,-3.935796034,
642957195,-3.970898087,
643557155,-4.002335032,
644157115,-3.883764232,
644757075,-3.954575355,
645357035,-3.952433579,
645956995,-3.88835895,
646556955,-3.865973135,
647156915,-3.986176556,
647756875,-3.874744833,
648356835,-3.78904565,
648956795,-3.880775836,
649556755,-3.867245116,
650156715,-3.851183124,
650756675,-3.827805029,
651356635,-3.854519987,
651956595,-3.757769704,
652556555,-3.719935806,
653156515,-3.791188351,
653756475,-3.744305775,
654356435,-3.798915864,
654956395,-3.786802148,
655556355,-3.756202875,
656156315,-3.738367176,
656756275,-3.799451838,
657356235,-3.725980998,
657956195,-3.772461598,
658556155,-3.776729492,
659156115,-3.707079395,
659756075,-3.701469303,
660356035,-3.796305548,
660955995,-3.668572224,
661555955,-3.713850989,
662155915,-3.68157166,
662755875,-3.622643177,
663355835,-3.635785746,
663955795,-3.682605616,
664555755,-3.678038629,
665155715,-3.708616596,
665755675,-3.607050416,
666355635,-3.63271721,
666955595,-3.608411347,
667555555,-3.61294763,
668155515,-3.625389619,
668755475,-3.583369821,
669355435,-3.574571268,
669955395,-3.560449968,
670555355,-3.640146509,
671155315,-3.541138364,
671755275,-3.464510048,
672355235,-3.542996757,
672955195,-3.590056322,
673555155,-3.454204502,
674155115,-3.50391294,
674755075,-3.475933138,
675355035,-3.432820448,
675954995,-3.530463575,
676554955,-3.463864499,
677154915,-3.504777056,
677754875,-3.556601732,
678354835,-3.480514788,
678954795,-3.484176679,
679554755,-3.513841654,
680154715,-3.428147591,
680754675,-3.469004376,
681354635,-3.519817158,
681954595,-3.482555966,
682554555,-3.486236336,
683154515,-3.40224754,
683754475,-3.40551877,
684354435,-3.35150867,
684954395,-3.454399219,
685554355,-3.429560696,
686154315,-3.406039071,
686754275,-3.418594849,
687354235,-3.41329375,
687954195,-3.430630409,
688554155,-3.35594289,
689154115,-3.432745693,
689754075,-3.389759923,
690354035,-3.325364741,
690953995,-3.306007218,
691553955,-3.366498317,
692153915,-3.401570584,
692753875,-3.330519234,
693353835,-3.420559042,
693953795,-3.335857713,
694553755,-3.270191321,
695153715,-3.297989487,
695753675,-3.247224071,
696353635,-3.345967377,
696953595,-3.330055524,
697553555,-3.323410981,
698153515,-3.277308991,
698753475,-3.326643077,
699353435,-3.225891253,
699953395,-3.29345011,
700553355,-3.273367927,
701153315,-3.25439016,
701753275,-3.289792703,
702353235,-3.23836797,
702953195,-3.388679958,
703553155,-3.28746126,
704153115,-3.219119407,
704753075,-3.297414634,
705353035,-3.253390581,
705952995,-3.262971086,
706552955,-3.263279063,
707152915,-3.189783534,
707752875,-3.191037383,
708352835,-3.212900923,
708952795,-3.214997607,
709552755,-3.241160214,
710152715,-3.256472431,
710752675,-3.272735421,
711352635,-3.285468429,
711952595,-3.285868304,
712552555,-3.161934264,
713152515,-3.276573195,
713752475,-3.209866884,
714352435,-3.258932469,
714952395,-3.251658577,
715552354,-3.166310062,
716152314,-3.14792167,
716752274,-3.233105888,
717352234,-3.184066908,
717952194,-3.164738866,
718552154,-3.197742345,
719152114,-3.246891406,
719752074,-3.182319651,
720352034,-3.151097549,
720951994,-3.248385627,
721551954,-3.117456234,
722151914,-3.207036787,
722751874,-3.15560399,
723351834,-3.212765424,
723951794,-3.166376522,
724551754,-3.14414511,
725151714,-3.245163892,
725751674,-3.217521673,
726351634,-3.222586587,
726951594,-3.157701795,
727551554,-3.140925539,
728151514,-3.166845151,
728751474,-3.182678019,
729351434,-3.200637298,
729951394,-3.230943209,
730551354,-3.146240523,
731151314,-3.144759268,
731751274,-3.134745936,
732351234,-3.201843323,
732951194,-3.140878895,
733551154,-3.165109033,
734151114,-3.10965396,
734751074,-3.136763421,
735351034,-3.103518045,
735950994,-3.122580838,
736550954,-3.148331547,
737150914,-3.13581482,
737750874,-3.191271543,
738350834,-3.13772067,
738950794,-3.134928054,
739550754,-3.182518591,
740150714,-3.147852774,
740750674,-3.168339133,
741350634,-3.203978237,
741950594,-3.179352639,
742550554,-3.108303693,
743150514,-3.166874145,
743750474,-3.163196187,
744350434,-3.188674872,
744950394,-3.204873054,
745550354,-3.139879939,
746150314,-3.177131827,
746750274,-3.243019211,
747350234,-3.188548065,
747950194,-3.258564074,
748550154,-3.054882847,
749150114,-3.176709725,
749750074,-3.132066055,
750350034,-3.078599088,
750949994,-3.075845822,
751549954,-3.15367087,
752149914,-3.137926194,
752749874,-3.183509838,
753349834,-3.10503862,
753949794,-3.122504012,
754549754,-3.230060962,
755149714,-3.095062756,
755749674,-3.143811013,
756349634,-3.107001203,
756949594,-3.118787705,
757549554,-3.098800532,
758149514,-3.142466489,
758749474,-3.140239284,
759349434,-3.081859301,
759949394,-3.12652307,
760549354,-3.06431409,
761149314,-3.179565579,
761749274,-3.119169823,
762349234,-3.178885103,
762949194,-3.179655441,
763549154,-3.144401816,
764149114,-3.21682057,
764749074,-3.136260599,
765349034,-3.199101383,
765948994,-3.193944772,
766548954,-3.215193157,
767148914,-3.220923479,
767748874,-3.248606634,
768348834,-3.173808581,
768948794,-3.156873476,
769548754,-3.217470366,
770148714,-3.252621941,
770748674,-3.247907049,
771348634,-3.206733427,
771948594,-3.236138177,
772548554,-3.300939309,
773148514,-3.239159363,
773748474,-3.269478414,
774348434,-3.226223668,
774948394,-3.251305803,
775548354,-3.214655994,
776148314,-3.251821115,
776748274,-3.293368578,
777348234,-3.29332187,
777948194,-3.249826613,
778548154,-3.323254578,
779148114,-3.202650405,
779748074,-3.389814764,
780348034,-3.339500622,
780947994,-3.268684752,
781547954,-3.302641042,
782147914,-3.387201394,
782747874,-3.47248515,
783347834,-3.248572834,
783947794,-3.400891185,
784547754,-3.404433945,
785147714,-3.37590411,
785747674,-3.411919603,
786347634,-3.373455344,
786947594,-3.347679128,
787547554,-3.434939195,
788147514,-3.406955881,
788747474,-3.421373799,
789347434,-3.364047053,
789947394,-3.50214239,
790547354,-3.501541908,
791147314,-3.57420958,
791747274,-3.581291446,
792347234,-3.528294874,
792947194,-3.600477996,
793547154,-3.614284931,
794147114,-3.609531564,
794747074,-3.596687671,
795347034,-3.582515544,
795946994,-3.640502063,
796546954,-3.603682394,
797146914,-3.603157691,
797746874,-3.580761469,
798346834,-3.530853337,
798946794,-3.623155387,
799546754,-3.601983714,
800146714,-3.600632671,
800746674,-3.629705218,
801346634,-3.673540695,
801946594,-3.630484555,
802546554,-3.597524408,
803146514,-3.697963678,
803746474,-3.664038031,
804346434,-3.71979699,
804946394,-3.673820864,
805546354,-3.66755162,
806146314,-3.776698983,
806746274,-3.703327161,
807346234,-3.697440536,
807946194,-3.714205115,
808546154,-3.718589395,
809146114,-3.671378551,
809746074,-3.770350178,
810346034,-3.777626422,
810945994,-3.660005705,
811545954,-3.851443607,
812145914,-3.809833526,
812745874,-3.846454159,
813345834,-3.798957435,
813945794,-3.837351017,
814545754,-3.764903044,
815145714,-3.874968227,
815745674,-3.857034297,
816345634,-3.89551739,
816945594,-3.849927448,
817545554,-3.824239274,
818145514,-3.877788609,
818745474,-3.936609144,
819345434,-3.928177713,
819945394,-3.908064178,
820545354,-3.89646328,
821145314,-3.983941111,
821745274,-3.957296549,
822345234,-3.83501242,
822945194,-3.949102716,
823545154,-4.053592814,
824145114,-3.989458106,
824745074,-4.018807961,
825345034,-3.990381221,
825944994,-4.031214226,
826544954,-4.065494477,
827144914,-4.064898513,
827744874,-4.053371227,
828344834,-4.04962024,
828944794,-4.014857091,
829544754,-4.070060946,
830144714,-4.068474717,
830744674,-3.983551568,
831344634,-4.018451452,
831944594,-4.022101346,
832544554,-4.07793129,
833144514,-4.039534879,
833744474,-4.15651182,
834344434,-4.178851187,
834944394,-4.182186115,
835544354,-4.16976823,
836144314,-4.160690325,
836744274,-4.071768019,
837344234,-4.187955878,
837944194,-4.169685695,
838544154,-4.236673629,
839144114,-4.184601542,
839744074,-4.282088323,
840344034,-4.129863758,
840943994,-4.339140018,
841543954,-4.203428368,
842143914,-4.292484952,
842743874,-4.20324448,
843343834,-4.220527385,
843943794,-4.250158764,
844543754,-4.196047943,
845143714,-4.328760095,
845743674,-4.377200715,
846343634,-4.340566115,
846943594,-4.352436374,
847543554,-4.390920223,
848143514,-4.421917914,
848743474,-4.482831837,
849343434,-4.323822331,
849943394,-4.342346185,
850543354,-4.396759277,
851143314,-4.374677385,
851743274,-4.367562457,
852343234,-4.451031332,
852943194,-4.464324107,
853543154,-4.334537221,
854143114,-4.32555078,
854743074,-4.379474304,
855343034,-4.450625397,
855942994,-4.31910127,
856542954,-4.425652384,
857142914,-4.49353375,
857742874,-4.396098863,
858342833,-4.409789625,
858942793,-4.416442603,
859542753,-4.484663069,
860142713,-4.320926619,
860742673,-4.514532989,
861342633,-4.414723698,
861942593,-4.459340462,
862542553,-4.426044459,
863142513,-4.385991325,
863742473,-4.406419935,
864342433,-4.402989806,
864942393,-4.536289082,
865542353,-4.400376814,
866142313,-4.477786954,
866742273,-4.400264852,
867342233,-4.496674877,
867942193,-4.513772001,
868542153,-4.488194479,
869142113,-4.39652682,
869742073,-4.45685203,
870342033,-4.422138983,
870941993,-4.468813243,
871541953,-4.493775711,
872141913,-4.443735871,
872741873,-4.487694921,
873341833,-4.46260031,
873941793,-4.426479009,
874541753,-4.402051132,
875141713,-4.384117236,
875741673,-4.518039428,
876341633,-4.442757642,
876941593,-4.459682817,
877541553,-4.390193115,
878141513,-4.478983979,
878741473,-4.519660385,
879341433,-4.466990888,
879941393,-4.430790318,
880541353,-4.483772931,
881141313,-4.431037068,
881741273,-4.340979486,
882341233,-4.418829446,
882941193,-4.437484419,
883541153,-4.466265991,
884141113,-4.475470541,
884741073,-4.455246232,
885341033,-4.455928938,
885940993,-4.428333417,
886540953,-4.360331601,
887140913,-4.384958739,
887740873,-4.391415293,
888340833,-4.457982955,
888940793,-4.494021053,
889540753,-4.399231646,
890140713,-4.444564439,
890740673,-4.457719841,
891340633,-4.422661021,
891940593,-4.457994797,
892540553,-4.433248991,
893140513,-4.448647685,
893740473,-4.396689398,
894340433,-4.340055885,
894940393,-4.388188299,
895540353,-4.45501054,
896140313,-4.337798142,
896740273,-4.409152895,
897340233,-4.404510436,
897940193,-4.391755048,
898540153,-4.397190276,
899140113,-4.389201929,
899740073,-4.404554622,
900340033,-4.30578795,
900939993,-4.397776082,
901539953,-4.262259684,
902139913,-4.186250097,
902739873,-4.124274561,
903339833,-4.289352108,
903939793,-4.152714291,
904539753,-4.291718544,
905139713,-4.228827602,
905739673,-4.126663607,
906339633,-4.235752089,
906939593,-4.17885488,
907539553,-4.132895632,
908139513,-4.15248193,
908739473,-4.159611776,
909339433,-4.069072446,
909939393,-4.216278315,
910539353,-4.087047556,
911139313,-4.138786852,
911739273,-4.103976749,
912339233,-4.064925491,
912939193,-4.120130255,
913539153,-4.04992868,
914139113,-4.039039835,
914739073,-4.059845828,
915339033,-4.083750892,
915938993,-4.045107968,
916538953,-4.090669916,
917138913,-4.039840534,
917738873,-4.03638433,
918338833,-4.010588124,
918938793,-3.949057298,
919538753,-3.960905203,
920138713,-3.979815715,
920738673,-3.899521146,
921338633,-3.979957908,
921938593,-3.864343154,
922538553,-3.954756917,
923138513,-3.910261571,
923738473,-3.924920242,
924338433,-3.932702677,
924938393,-3.899284851,
925538353,-3.859803691,
926138313,-3.829679544,
926738273,-3.876933684,
927338233,-3.797708063,
927938193,-3.899269098,
928538153,-3.800946736,
929138113,-3.858554317,
929738073,-3.867474589,
930338033,-3.890402705,
930937993,-3.819862882,
931537953,-3.791434405,
932137913,-3.824266181,
932737873,-3.741391513,
933337833,-3.77077068,
933937793,-3.786841454,
934537753,-3.723841735,
935137713,-3.777273326,
935737673,-3.799124116,
936337633,-3.72955532,
936937593,-3.785810132,
937537553,-3.734339963,
938137513,-3.703380527,
938737473,-3.771286211,
939337433,-3.731247358,
939937393,-3.696056442,
940537353,-3.638658927,
941137313,-3.679608057,
941737273,-3.587222248,
942337233,-3.642945967,
942937193,-3.592332272,
943537153,-3.653794988,
944137113,-3.666551459,
944737073,-3.620056036,
945337033,-3.622076206,
945936993,-3.602807982,
946536953,-3.507517715,
947136913,-3.648491247,
947736873,-3.52880009,
948336833,-3.513234778,
948936793,-3.493015345,
949536753,-3.510932375,
950136713,-3.484981766,
950736673,-3.536415559,
951336633,-3.471564073,
951936593,-3.514621793,
952536553,-3.35888825,
953136513,-3.418699718,
953736473,-3.464789112,
954336433,-3.377680173,
954936393,-3.40870495,
955536353,-3.440667433,
956136313,-3.398109487,
956736273,-3.448653272,
957336233,-3.310505252,
957936193,-3.40992907,
958536153,-3.381979766,
959136113,-3.290893921,
959736073,-3.429262671,
960336033,-3.317147607,
960935993,-3.399244735,
961535953,-3.280905185,
962135913,-3.204473041,
962735873,-3.347961715,
963335833,-3.313374092,
963935793,-3.310220412,
964535753,-3.305065809,
965135713,-3.312568477,
965735673,-3.227264123,
966335633,-3.31295899,
966935593,-3.266602369,
967535553,-3.25911737,
968135513,-3.40056064,
968735473,-3.184829129,
969335433,-3.305375003,
969935393,-3.164240659,
970535353,-3.135112276,
971135313,-3.166602998,
971735273,-3.13522994,
972335233,-3.191686046,
972935193,-3.292512236,
973535153,-3.188369532,
974135113,-3.262548182,
974735073,-3.229302221,
975335033,-3.15765143,
975934993,-3.272044332,
976534953,-3.070871695,
977134913,-3.187124004,
977734873,-3.200587406,
978334833,-3.168170385,
978934793,-3.291883155,
979534753,-3.144416531,
980134713,-3.18548351,
980734673,-3.213996115,
981334633,-3.163858651,
981934593,-3.126572846,
982534553,-3.125944851,
983134513,-3.123809875,
983734473,-3.079635882,
984334433,-3.220716756,
984934393,-3.106252475,
985534353,-3.072224527,
986134313,-3.177927609,
986734273,-3.067351313,
987334233,-3.097425043,
987934193,-3.158921911,
988534153,-3.204065027,
989134113,-3.201778783,
989734073,-3.096112962,
990334033,-3.090430395,
990933993,-3.098120229,
991533953,-3.14353468,
992133913,-3.157901943,
992733873,-3.151387582,
993333833,-3.197002514,
993933793,-3.155512893,
994533753,-3.092422342,
995133713,-3.11252773,
995733673,-3.08552096,
996333633,-3.177881822,
996933593,-3.136495283,
997533553,-3.120695373,
998133513,-3.104676271,
998733473,-3.008983726,
999333433,-3.068047954,
999933393,-3.048217434,
1000533353,-3.163476977,
1001133312,-3.129142828,
1001733272,-3.138093588,
1002333232,-3.153858056,
1002933192,-3.115994393,
1003533152,-3.13739323,
1004133112,-3.105896236,
1004733072,-3.100684009,
1005333032,-3.119604809,
1005932992,-3.081621266,
1006532952,-3.039608655,
1007132912,-3.049565381,
1007732872,-3.164234987,
1008332832,-3.098297217,
1008932792,-3.121961601,
1009532752,-3.181426645,
1010132712,-3.093358926,
1010732672,-3.035155294,
1011332632,-3.108247713,
1011932592,-3.195546451,
1012532552,-3.132423837,
1013132512,-3.071645113,
1013732472,-3.092869426,
1014332432,-3.12950957,
1014932392,-3.132418411,
1015532352,-3.1232301,
1016132312,-3.173351027,
1016732272,-3.114569892,
1017332232,-3.107781196,
1017932192,-3.191489469,
1018532152,-3.10214598,
1019132112,-3.106099434,
1019732072,-3.1078418,
1020332032,-3.087836515,
1020931992,-3.114704555,
1021531952,-3.094382263,
1022131912,-3.066530018,
1022731872,-3.149029,
1023331832,-3.11083785,
1023931792,-3.163196241,
1024531752,-3.232093273,
1025131712,-3.127035916,
1025731672,-3.117909268,
1026331632,-3.061942518,
1026931592,-3.258510883,
1027531552,-3.219609575,
1028131512,-3.065358507,
1028731472,-3.203624156,
1029331432,-3.106977325,
1029931392,-3.162016385,
1030531352,-3.192750699,
1031131312,-3.178719291,
1031731272,-3.22011452,
1032331232,-3.133770664,
1032931192,-3.135241983,
1033531152,-3.200050407,
1034131112,-3.298730022,
1034731072,-3.286124162,
1035331032,-3.253708273,
1035930992,-3.163349471,
1036530952,-3.184374122,
1037130912,-3.148463118,
1037730872,-3.237624965,
1038330832,-3.185732371,
1038930792,-3.205216372,
1039530752,-3.175439478,
1040130712,-3.178881897,
1040730672,-3.190581849,
1041330632,-3.235533075,
1041930592,-3.16272439,
1042530552,-3.251718352,
1043130512,-3.241348327,
1043730472,-3.081863214,
1044330432,-3.159019905,
1044930392,-3.239146174,
1045530352,-3.238439382,
1046130312,-3.223506504,
1046730272,-3.251596246,
1047330232,-3.289822995,
1047930192,-3.215052572,
1048530152,-3.19328878,
1049130112,-3.394657406,
1049730072,-3.249554811,
1050330032,-3.310298588,
1050929992,-3.259210683,
1051529952,-3.22673418,
1052129912,-3.332511955,
1052729872,-3.253609577,
1053329832,-3.288039238,
1053929792,-3.31085944,
1054529752,-3.297883847,
1055129712,-3.262514371,
1055729672,-3.336088001,
1056329632,-3.333301354,
1056929592,-3.341498919,
1057529552,-3.358124366,
1058129512,-3.320722413,
1058729472,-3.352141302,
1059329432,-3.315327317,
1059929392,-3.284765636,
1060529352,-3.430943897,
1061129312,-3.481023171,
1061729272,-3.394259163,
1062329232,-3.420962458,
1062929192,-3.492274926,
1063529152,-3.36482424,
1064129112,-3.50353537,
1064729072,-3.438857544,
1065329032,-3.434447298,
1065928992,-3.527119318,
1066528952,-3.387165972,
1067128912,-3.413102267,
1067728872,-3.489415044,
1068328832,-3.413982509,
1068928792,-3.426229767,
1069528752,-3.478383941,
1070128712,-3.551855895,
1070728672,-3.500867486,
1071328632,-3.480918828,
1071928592,-3.578591334,
1072528552,-3.646379043,
1073128512,-3.642941532,
1073728472,-3.624260555,
1074328432,-3.698973926,
1074928392,-3.557251199,
1075528352,-3.611237498,
1076128312,-3.697846957,
1076728272,-3.554437163,
1077328232,-3.715450346,
1077928192,-3.690982388,
1078528152,-3.606185404,
1079128112,-3.667065022,
1079728072,-3.591923323,
1080328032,-3.636675995,
1080927992,-3.666291319,
1081527952,-3.695282115,
1082127912,-3.68347087,
1082727872,-3.665151792,
1083327832,-3.631037102,
1083927792,-3.695382629,
1084527752,-3.658415594,
1085127712,-3.686248152,
1085727672,-3.812339827,
1086327632,-3.76914681,
1086927592,-3.632336311,
1087527552,-3.852598181,
1088127512,-3.824499876,
1088727472,-3.806845184,
1089327432,-3.854371079,
1089927392,-3.804171471,
1090527352,-3.90475192,
1091127312,-3.857922269,
1091727272,-3.826093811,
1092327232,-3.848782115,
1092927192,-3.838503449,
1093527152,-3.882552734,
1094127112,-3.878241736,
1094727072,-3.847032407,
1095327032,-3.837659423,
1095926992,-3.882815337,
1096526952,-4.029968964,
1097126912,-3.92256814,
1097726872,-3.954237164,
1098326832,-3.935790108,
1098926792,-3.906078585,
1099526752,-3.876305774,
1100126712,-3.895795566,
1100726672,-3.883931563,
1101326632,-3.935934733,
1101926592,-3.964724118,
1102526552,-3.883717432,
1103126512,-3.975361223,
1103726472,-3.934959226,
1104326432,-3.94833305,
1104926392,-3.997394716,
1105526352,-4.024023602,
1106126312,-4.003450376,
1106726272,-3.987238157,
1107326232,-4.028880923,
1107926192,-4.131979621,
1108526152,-4.051010364,
1109126112,-4.053439611,
1109726072,-4.005853647,
1110326032,-4.074539791,
1110925992,-4.090279883,
1111525952,-4.020062099,
1112125912,-4.137000335,
1112725872,-4.089597768,
1113325832,-4.153378364,
1113925792,-4.120401443,
1114525752,-4.165682992,
1115125712,-4.133275336,
1115725672,-4.103560269,
1116325632,-4.128449387,
1116925592,-4.192931954,
1117525552,-4.17705191,
1118125512,-4.173209313,
1118725472,-4.178393046,
1119325432,-4.121422274,
1119925392,-4.156811151,
1120525352,-4.197733308,
1121125312,-4.200154614,
1121725272,-4.245918558,
1122325232,-4.176370153,
1122925192,-4.309204115,
1123525152,-4.241489978,
1124125112,-4.191817062,
1124725072,-4.200622218,
1125325032,-4.199923807,
1125924992,-4.271684543,
1126524952,-4.253653167,
1127124912,-4.242920182,
1127724872,-4.272532292,
1128324832,-4.241264705,
1128924792,-4.211878112,
1129524752,-4.232032143,
1130124712,-4.240275285,
1130724672,-4.280258289,
1131324632,-4.250388755,
1131924592,-4.218300736,
1132524552,-4.283335513,
1133124512,-4.243380618,
1133724472,-4.250886552,
1134324432,-4.308337584,
1134924392,-4.283395093,
1135524352,-4.285978182,
1136124312,-4.26155036,
1136724272,-4.30641314,
1137324232,-4.309788498,
1137924192,-4.364538073,
1138524152,-4.30521218,
1139124112,-4.33791634,
1139724072,-4.337560973,
1140324032,-4.360740133,
1140923992,-4.322228293,
1141523952,-4.217866869,
1142123912,-4.302549061,
1142723872,-4.205684757,
1143323832,-4.339984866,
1143923791,-4.246213459,
1144523751,-4.25049093,
1145123711,-4.344313052,
1145723671,-4.30965951,
1146323631,-4.320106599,
1146923591,-4.332560976,
1147523551,-4.33904463,
1148123511,-4.220944463,
1148723471,-4.340782467,
1149323431,-4.311055862,
1149923391,-4.295680328,
1150523351,-4.245086705,
1151123311,-4.314223116,
1151723271,-4.322095162,
1152323231,-4.309921735,
1152923191,-4.363247464,
1153523151,-4.241705618,
1154123111,-4.324836668,
1154723071,-4.239657836,
1155323031,-4.327671028,
1155922991,-4.334302785,
1156522951,-4.264091337,
1157122911,-4.310005992,
1157722871,-4.305195314,
1158322831,-4.234648706,
1158922791,-4.342751219,
1159522751,-4.22486478,
1160122711,-4.304839204,
1160722671,-4.320630234,
1161322631,-4.283426306,
1161922591,-4.233583288,
1162522551,-4.340414442,
1163122511,-4.253142781,
1163722471,-4.263123801,
1164322431,-4.338585177,
1164922391,-4.157947623,
1165522351,-4.300552272,
1166122311,-4.251757006,
1166722271,-4.324619978,
1167322231,-4.183888333,
1167922191,-4.244037733,
1168522151,-4.237313889,
1169122111,-4.158840327,
1169722071,-4.249820845,
1170322031,-4.272698172,
1170921991,-4.169993477,
1171521951,-4.170729037,
1172121911,-4.214173429,
1172721871,-4.142856657,
1173321831,-4.175527686,
1173921791,-4.15069258,
1174521751,-4.167445136,
1175121711,-4.183889739,
1175721671,-4.110546789,
1176321631,-4.117051761,
1176921591,-4.104491384,
1177521551,-4.180407069,
1178121511,-4.11627879,
1178721471,-4.196208047,
1179321431,-4.151566259,
1179921391,-4.05866113,
1180521351,-4.109540386,
1181121311,-3.990594121,
1181721271,-4.099094951,
1182321231,-4.057250288,
1182921191,-4.186542543,
1183521151,-4.046665554,
1184121111,-4.043533596,
1184721071,-4.04229745,
1185321031,-4.121037236,
1185920991,-4.067212537,
1186520951,-4.000359518,
1187120911,-4.091217791,
1187720871,-4.075791319,
1188320831,-4.055375211,
1188920791,-4.075669166,
1189520751,-3.963386486,
1190120711,-4.048568982,
1190720671,-3.960086907,
1191320631,-4.01431066,
1191920591,-4.048273168,
1192520551,-4.04736241,
1193120511,-3.98809792,
1193720471,-3.94316641,
1194320431,-4.009973664,
1194920391,-3.9783386,
1195520351,-3.961981912,
1196120311,-3.99370651,
1196720271,-3.970727754,
1197320231,-3.971819469,
1197920191,-3.969384709,
1198520151,-3.937119375,
1199120111,-3.941123957,
1199720071,-3.950633473,
1200320031,-3.917420818,
1200919991,-3.892452981,
1201519951,-3.855822636,
1202119911,-3.967389997,
1202719871,-3.860032929,
1203319831,-3.855077774,
1203919791,-3.832135455,
1204519751,-3.894176573,
1205119711,-3.844420615,
1205719671,-3.856711761,
1206319631,-3.862511106,
1206919591,-3.874740758,
1207519551,-3.946501256,
1208119511,-3.970031478,
1208719471,-3.858192117,
1209319431,-3.879040674,
1209919391,-3.858268729,
1210519351,-3.904804147,
1211119311,-3.805779407,
1211719271,-3.904196748,
1212319231,-3.849009911,
1212919191,-3.908367432,
1213519151,-3.841512762,
1214119111,-3.757882907,
1214719071,-3.819566263,
1215319031,-3.88851377,
1215918991,-3.762891739,
1216518951,-3.960243525,
1217118911,-3.782327691,
1217718871,-3.82922306,
1218318831,-3.831941136,
1218918791,-3.836839589,
1219518751,-3.767354795,
1220118711,-3.884805966,
1220718671,-3.798432327,
1221318631,-3.736632349,
1221918591,-3.846462079,
1222518551,-3.868746728,
1223118511,-3.809841103,
1223718471,-3.769387392,
1224318431,-3.857816756,
1224918391,-3.799578718,
1225518351,-3.771770099,
1226118311,-3.822366655,
1226718271,-3.893433141,
1227318231,-3.796324331,
1227918191,-3.84352335,
1228518151,-3.754624251,
1229118111,-3.832102806,
1229718071,-3.817813574,
1230318031,-3.766271845,
1230917991,-3.853309648,
1231517951,-3.763918034,
1232117911,-3.758839484,
1232717871,-3.853856503,
1233317831,-3.822346006,
1233917791,-3.932814726,
1234517751,-3.875029939,
1235117711,-3.816061484,
1235717671,-3.911767558,
1236317631,-3.785521686,
1236917591,-3.817647523,
1237517551,-3.798437114,
1238117511,-3.869239655,
1238717471,-3.838996402,
1239317431,-3.895496529,
1239917391,-3.766683075,
1240517351,-3.827568324,
1241117311,-3.882121639,
1241717271,-3.848051139,
1242317231,-3.793904923,
1242917191,-3.870808762,
1243517151,-3.841044594,
1244117111,-3.931697879,
1244717071,-3.866756312,
1245317031,-3.844417272,
1245916991,-3.845496247,
1246516951,-3.943709358,
1247116911,-3.821505037,
1247716871,-3.929830134,
1248316831,-3.856845963,
1248916791,-3.854196489,
1249516751,-3.878598088,
1250116711,-3.921331057,
1250716671,-3.76790666,
1251316631,-3.830779776,
1251916591,-3.829557311,
1252516551,-3.89296169,
1253116511,-3.965186127,
1253716471,-3.824855464,
1254316431,-3.867468456,
1254916391,-3.904822451,
1255516351,-3.8683096,
1256116311,-3.876368362,
1256716271,-3.903074984,
1257316231,-3.949775054,
1257916191,-3.949169452,
1258516151,-3.929730306,
1259116111,-3.871290135,
1259716071,-3.96386333,
1260316031,-3.910192609,
1260915991,-3.945117023,
1261515951,-3.850189475,
1262115911,-3.983470278,
1262715871,-3.965724942,
1263315831,-3.862563121,
1263915791,-3.995268523,
1264515751,-3.915441463,
1265115711,-3.888331334,
1265715671,-3.927218635,
1266315631,-4.020646613,
1266915591,-3.936713131,
1267515551,-3.96327046,
1268115511,-3.988041423,
1268715471,-3.974262961,
1269315431,-3.970864587,
1269915391,-3.929572675,
1270515351,-3.936282406,
1271115311,-3.930840191,
1271715271,-4.024218082,
1272315231,-3.991801887,
1272915191,-3.904735177,
1273515151,-3.958908599,
1274115111,-3.887438585,
1274715071,-3.995673892,
1275315031,-3.926618859,
1275914991,-3.969731093,
1276514951,-3.953212009,
1277114911,-3.95819832,
1277714871,-3.930768418,
1278314831,-3.884575647,
1278914791,-3.984756125,
1279514751,-3.881135178,
1280114711,-4.023401852,
1280714671,-3.9723468,
1281314631,-3.932714201,
1281914591,-4.014300104,
1282514551,-3.941853226,
1283114511,-4.127109853,
1283714471,-3.936939866,
1284314431,-3.935567027,
1284914391,-3.983903812,
1285514351,-3.957462824,
1286114311,-4.015744286,
1286714270,-3.99714036,
1287314230,-3.951889831,
1287914190,-3.978331017,
1288514150,-4.004036966,
1289114110,-3.978237133,
1289714070,-4.042327455,
1290314030,-3.99627721,
1290913990,-4.070654338,
1291513950,-4.145407693,
1292113910,-3.966719346,
1292713870,-4.046022387,
1293313830,-4.038397149,
1293913790,-4.088398805,
1294513750,-3.96182799,
1295113710,-4.089165499,
1295713670,-4.048111905,
1296313630,-3.965337871,
1296913590,-4.063522544,
1297513550,-4.06067405,
1298113510,-3.984861851,
1298713470,-4.071795703,
1299313430,-4.137943464,
1299913390,-4.00357795,
1300513350,-4.038426239,
1301113310,-4.047360158,
1301713270,-3.974155543,
1302313230,-4.0380473,
1302913190,-3.97116761,
1303513150,-4.052698656,
1304113110,-4.052832324,
1304713070,-4.049686393,
1305313030,-3.923584023,
1305912990,-4.049243445,
1306512950,-4.113353531,
1307112910,-4.066988998,
1307712870,-4.114633434,
1308312830,-4.020456102,
1308912790,-4.050379633,
1309512750,-4.084451853,
1310112710,-4.033435176,
1310712670,-4.031756315,
1311312630,-4.052953633,
1311912590,-4.04210664,
1312512550,-4.109505215,
1313112510,-4.031484551,
1313712470,-4.054938713,
1314312430,-4.051720552,
1314912390,-4.053685888,
1315512350,-3.993239313,
1316112310,-4.08128287,
1316712270,-4.035046465,
1317312230,-4.075515886,
1317912190,-4.060126631,
1318512150,-4.043579817,
1319112110,-3.988095196,
1319712070,-3.989789794,
1320312030,-4.091058863,
1320911990,-4.07556113,
1321511950,-4.164879139,
1322111910,-4.059113519,
1322711870,-4.107020757,
1323311830,-4.054646005,
1323911790,-4.077605867,
1324511750,-4.04415738,
1325111710,-4.072736678,
1325711670,-3.998179724,
1326311630,-4.116408458,
1326911590,-4.191448662,
1327511550,-4.085713109,
1328111510,-3.970649929,
1328711470,-4.08852678,
1329311430,-4.065174016,
1329911390,-4.060663224,
1330511350,-4.010664045,
1331111310,-4.112023125,
1331711270,-4.035113023,
1332311230,-4.023026192,
1332911190,-4.041749252,
1333511150,-4.1533427,
1334111110,-4.061420939,
1334711070,-4.051181699,
1335311030,-4.145854615,
1335910990,-4.0512165,
1336510950,-4.00648659,
1337110910,-4.122666699,
1337710870,-4.099100576,
1338310830,-4.159865946,
1338910790,-4.089845162,
1339510750,-4.026263037,
1340110710,-4.146232668,
1340710670,-4.046177493,
1341310630,-4.060179692,
1341910590,-4.130925681,
1342510550,-4.118822206,
1343110510,-4.099461883,
1343710470,-4.072762573,
1344310430,-4.026655418,
1344910390,-4.10878616,
1345510350,-4.163395534,
1346110310,-4.091198303,
1346710270,-4.148669113,
1347310230,-4.082877572,
1347910190,-4.108917279,
1348510150,-4.160756776,
1349110110,-4.138070618,
1349710070,-4.168408481,
1350310030,-4.297943026,
1350909990,-4.137475405,
1351509950,-4.035150646,
1352109910,-4.01220232,
1352709870,-4.088950212,
1353309830,-4.114347352,
1353909790,-4.163424849,
1354509750,-4.071862344,
1355109710,-4.19028646,
1355709670,-4.069365608,
1356309630,-4.16215408,
1356909590,-4.093943321,
1357509550,-4.162215482,
1358109510,-4.192555826,
1358709470,-4.170936785,
1359309430,-4.209769601,
1359909390,-4.113244531,
1360509350,-4.174621591,
1361109310,-4.122398208,
1361709270,-4.207479578,
1362309230,-4.217231343,
1362909190,-4.186552218,
1363509150,-4.143324168,
1364109110,-4.088876995,
1364709070,-4.219009637,
1365309030,-4.092970794,
1365908990,-4.263292855,
1366508950,-4.132116723,
1367108910,-4.190185347,
1367708870,-4.156871918,
1368308830,-4.338109421,
1368908790,-4.18422666,
1369508750,-4.145539728,
1370108710,-4.193776944,
1370708670,-4.226015577,
1371308630,-4.222707919,
1371908590,-4.232291461,
1372508550,-4.317480334,
1373108510,-4.201888123,
1373708470,-4.228991626,
1374308430,-4.261217951,
1374908390,-4.260712768,
1375508350,-4.37167999,
1376108310,-4.206473613,
1376708270,-4.173950982,
1377308230,-4.236213257,
1377908190,-4.17802116,
1378508150,-4.222187264,
1379108110,-4.412248488,
1379708070,-4.283275208,
1380308030,-4.29233231,
1380907990,-4.328143647,
1381507950,-4.23227119,
1382107910,-4.253518195,
1382707870,-4.334474551,
1383307830,-4.283740833,
1383907790,-4.362624562,
1384507750,-4.306298845,
1385107710,-4.276134258,
1385707670,-4.268844319,
1386307630,-4.299660532,
1386907590,-4.327678997,
1387507550,-4.294337594,
1388107510,-4.287339198,
1388707470,-4.319388966,
1389307430,-4.368485628,
1389907390,-4.378378036,
1390507350,-4.297383379,
1391107310,-4.320382311,
1391707270,-4.267807796,
1392307230,-4.38148779,
1392907190,-4.311411115,
1393507150,-4.312625047,
1394107110,-4.336817752,
1394707070,-4.369371644,
1395307030,-4.320645822,
1395906990,-4.358011206,
1396506950,-4.372827693,
1397106910,-4.308018501,
1397706870,-4.284141142,
1398306830,-4.407290979,
1398906790,-4.371966946,
1399506750,-4.324747113,
1400106710,-4.324540665,
1400706670,-4.336185097,
1401306630,-4.372320473,
1401906590,-4.416112796,
1402506550,-4.355032557,
1403106510,-4.409378733,
1403706470,-4.430361301,
1404306430,-4.461844851,
1404906390,-4.346025871,
1405506350,-4.474005581,
1406106310,-4.401109821,
1406706270,-4.479472065,
1407306230,-4.477735916,
1407906190,-4.401633184,
1408506150,-4.384363788,
1409106110,-4.46762534,
1409706070,-4.462626685,
1410306030,-4.425157325,
1410905990,-4.415871365,
1411505950,-4.51135744,
1412105910,-4.531410719,
1412705870,-4.490984951,
1413305830,-4.446985616,
1413905790,-4.408050879,
1414505750,-4.428042387,
1415105710,-4.456149568,
1415705670,-4.454977961,
1416305630,-4.4753245,
1416905590,-4.450414426,
1417505550,-4.438796228,
1418105510,-4.423348954,
1418705470,-4.558965148,
1419305430,-4.479982046,
1419905390,-4.462834492,
1420505350,-4.486937257,
1421105310,-4.539745068,
1421705270,-4.398875717,
1422305230,-4.47893397,
1422905190,-4.511548346,
1423505150,-4.456383084,
1424105110,-4.498002694,
1424705070,-4.51816981,
1425305030,-4.537693329,
1425904990,-4.529510487,
1426504950,-4.488000273,
1427104910,-4.482162939,
1427704870,-4.466881712,
1428304830,-4.511778717,
1428904790,-4.567056566,
1429504749,-4.509289807,
1430104709,-4.484217743,
1430704669,-4.525599158,
1431304629,-4.573361895,
1431904589,-4.560044428,
1432504549,-4.457125873,
1433104509,-4.562594902,
1433704469,-4.522954814,
1434304429,-4.575157211,
1434904389,-4.530757715,
1435504349,-4.491443718,
1436104309,-4.618950533,
1436704269,-4.519123048,
1437304229,-4.556002177,
1437904189,-4.522355777,
1438504149,-4.4434807,
1439104109,-4.518540599,
1439704069,-4.554350129,
1440304029,-4.513434578,
1440903989,-4.558373519,
1441503949,-4.565952843,
1442103909,-4.616205588,
1442703869,-4.588290529,
1443303829,-4.577405303,
1443903789,-4.557581743,
1444503749,-4.531087323,
1445103709,-4.529730956,
1445703669,-4.659572943,
1446303629,-4.529693739,
1446903589,-4.574813882,
1447503549,-4.562434503,
1448103509,-4.579027984,
1448703469,-4.573836445,
1449303429,-4.452027496,
1449903389,-4.535878687,
1450503349,-4.505518603,
1451103309,-4.592897633,
1451703269,-4.492791652,
1452303229,-4.473469118,
1452903189,-4.506756761,
1453503149,-4.673588711,
1454103109,-4.540580562,
1454703069,-4.550245395,
1455303029,-4.502688133,
1455902989,-4.567666831,
1456502949,-4.578971199,
1457102909,-4.606868323,
1457702869,-4.64572141,
1458302829,-4.624695507,
1458902789,-4.616086725,
1459502749,-4.561765927,
1460102709,-4.582218943,
1460702669,-4.640238125,
1461302629,-4.617915721,
1461902589,-4.588171063,
1462502549,-4.639317201,
1463102509,-4.609352888,
1463702469,-4.598261768,
1464302429,-4.615908871,
1464902389,-4.631661811,
1465502349,-4.591243202,
1466102309,-4.634246063,
1466702269,-4.520145799,
1467302229,-4.623557875,
1467902189,-4.583185433,
1468502149,-4.672049238,
1469102109,-4.561756772,
1469702069,-4.597822502,
1470302029,-4.567920293,
1470901989,-4.622973216,
1471501949,-4.600282174,
1472101909,-4.612892982,
1472701869,-4.701774722,
1473301829,-4.621639914,
1473901789,-4.604123736,
1474501749,-4.593269285,
1475101709,-4.671768414,
1475701669,-4.676395993,
1476301629,-4.686973268,
1476901589,-4.732175211,
1477501549,-4.694070668,
1478101509,-4.685877535,
1478701469,-4.681620703,
1479301429,-4.652259837,
1479901389,-4.623939211,
1480501349,-4.690538619,
1481101309,-4.706948783,
1481701269,-4.750800789,
1482301229,-4.650234947,
1482901189,-4.736584717,
1483501149,-4.75528811,
1484101109,-4.714220978,
1484701069,-4.739028967,
1485301029,-4.81020273,
1485900989,-4.721986281,
1486500949,-4.739765126,
1487100909,-4.779994754,
1487700869,-4.812409588,
1488300829,-4.793809697,
1488900789,-4.756279696,
1489500749,-4.756944482,
1490100709,-4.775151271,
1490700669,-4.67137482,
1491300629,-4.773690139,
1491900589,-4.749087588,
1492500549,-4.752925873,
1493100509,-4.854270083,
1493700469,-4.772793537,
1494300429,-4.805625607,
1494900389,-4.792240203,
1495500349,-4.782261995,
1496100309,-4.797948582,
1496700269,-4.769888459,
1497300229,-4.800174534,
1497900189,-4.847162055,
1498500149,-4.852029972,
1499100109,-4.841583485,
1499700069,-4.862801142,
1500300029,-4.846934601,
1500899989,-4.863897793,
1501499949,-4.906684458,
1502099909,-4.86430061,
1502699869,-4.883030779,
1503299829,-4.914161356,
1503899789,-4.843280553,
1504499749,-4.876736559,
1505099709,-4.927141642,
1505699669,-5.000921512,
1506299629,-4.858535927,
1506899589,-5.026377601,
1507499549,-4.940059151,
1508099509,-4.916188038,
1508699469,-4.920800198,
1509299429,-5.001845189,
1509899389,-4.973523577,
1510499349,-4.992484341,
1511099309,-5.048317328,
1511699269,-5.048519248,
1512299229,-5.020384282,
1512899189,-5.127447413,
1513499149,-4.980239795,
1514099109,-5.042984616,
1514699069,-5.051932066,
1515299029,-5.136176077,
1515898989,-5.122846338,
1516498949,-5.089355617,
1517098909,-5.172319215,
1517698869,-5.140922852,
1518298829,-5.087335139,
1518898789,-5.171010451,
1519498749,-5.226889757,
1520098709,-5.15534424,
1520698669,-5.097690115,
1521298629,-5.153685323,
1521898589,-5.225850147,
1522498549,-5.14587821,
1523098509,-5.216431832,
1523698469,-5.272908737,
1524298429,-5.263269887,
1524898389,-5.26689386,
1525498349,-5.17831563,
1526098309,-5.270746923,
1526698269,-5.284108052,
1527298229,-5.174856051,
1527898189,-5.37125297,
1528498149,-5.328770965,
1529098109,-5.347409786,
1529698069,-5.257444348,
1530298029,-5.327811387,
1530897989,-5.350793879,
1531497949,-5.396886039,
1532097909,-5.370792572,
1532697869,-5.462083311,
1533297829,-5.485410114,
1533897789,-5.520253345,
1534497749,-5.444294389,
1535097709,-5.46806578,
1535697669,-5.486282321,
1536297629,-5.561476918,
1536897589,-5.406851084,
1537497549,-5.39349101,
1538097509,-5.505584123,
1538697469,-5.499216957,
1539297429,-5.440511368,
1539897389,-5.473899747,
1540497349,-5.518150634,
1541097309,-5.517326845,
1541697269,-5.60951517,
1542297229,-5.564677329,
1542897189,-5.575164813,
1543497149,-5.564143642,
1544097109,-5.70197003,
1544697069,-5.627112474,
1545297029,-5.584147838,
1545896989,-5.652048222,
1546496949,-5.669540812,
1547096909,-5.700813791,
1547696869,-5.660784581,
1548296829,-5.648695437,
1548896789,-5.642460771,
1549496749,-5.706666261,
1550096709,-5.669130152,
1550696669,-5.654503627,
1551296629,-5.688871255,
1551896589,-5.668752576,
1552496549,-5.643450145,
1553096509,-5.68043157,
1553696469,-5.762837957,
1554296429,-5.691734127,
1554896389,-5.642114998,
1555496349,-5.784911722,
1556096309,-5.751673459,
1556696269,-5.807905352,
1557296229,-5.703688821,
1557896189,-5.792232099,
1558496149,-5.787063377,
1559096109,-5.646421085,
1559696069,-5.847765057,
1560296029,-5.750118714,
1560895989,-5.753496373,
1561495949,-5.737772145,
1562095909,-5.81963684,
1562695869,-5.831267088,
1563295829,-5.7900891,
1563895789,-5.8192511,
1564495749,-5.847621575,
1565095709,-5.802485644,
1565695669,-5.870716804,
1566295629,-5.739520871,
1566895589,-5.691172297,
1567495549,-5.790407483,
1568095509,-5.750355606,
1568695469,-5.719799861,
1569295429,-5.837638506,
1569895389,-5.780872814,
1570495349,-5.793000135,
1571095309,-5.741490698,
1571695269,-5.846498558,
1572295228,-5.830214753,
1572895188,-5.80849678,
1573495148,-5.870080473,
1574095108,-5.864033271,
1574695068,-5.804522054,
1575295028,-5.745953566,
1575894988,-5.842704867,
1576494948,-5.782951538,
1577094908,-5.820094413,
1577694868,-5.847856588,
1578294828,-5.839421013,
1578894788,-5.914126749,
1579494748,-5.884890876,
1580094708,-5.874619134,
1580694668,-5.876843294,
1581294628,-5.864368243,
1581894588,-5.925974794,
1582494548,-5.918251183,
1583094508,-5.896193236,
1583694468,-5.841661753,
1584294428,-5.776528508,
1584894388,-5.888623322,
1585494348,-5.853664027,
1586094308,-5.793300974,
1586694268,-5.908024476,
1587294228,-5.869574137,
1587894188,-5.915366904,
1588494148,-5.901419933,
1589094108,-5.883992145,
1589694068,-5.949516087,
1590294028,-5.941131173,
1590893988,-5.890066095,
1591493948,-5.867815487,
1592093908,-5.967339796,
1592693868,-5.847678649,
1593293828,-5.852867789,
1593893788,-5.858738172,
1594493748,-5.853538139,
1595093708,-5.89603505,
1595693668,-5.917060191,
1596293628,-5.835628944,
1596893588,-5.925787918,
1597493548,-5.886033213,
1598093508,-5.826236785,
1598693468,-5.852056486,
1599293428,-5.870671033,
1599893388,-5.883938499,
1600493348,-5.896168794,
1601093308,-5.800725761,
1601693268,-5.896382906,
1602293228,-5.938244571,
1602893188,-5.885643009,
1603493148,-5.868882786,
1604093108,-5.851015884,
1604693068,-5.839746877,
1605293028,-5.884479305,
1605892988,-5.97295889,
1606492948,-5.910782974,
1607092908,-5.90052159,
1607692868,-5.894853438,
1608292828,-5.936406408,
1608892788,-5.89419785,
1609492748,-5.885823689,
1610092708,-5.866479778,
1610692668,-6.02278971,
1611292628,-5.966662278,
1611892588,-5.993166924,
1612492548,-5.952567623,
1613092508,-5.992644282,
1613692468,-6.064607732,
1614292428,-6.106730259,
1614892388,-5.997117697,
1615492348,-5.996978094,
1616092308,-5.942118692,
1616692268,-6.028965903,
1617292228,-5.895301802,
1617892188,-6.025035114,
1618492148,-6.106723604,
1619092108,-6.030476608,
1619692068,-6.090170968,
1620292028,-6.137924048,
1620891988,-6.032176115,
1621491948,-6.087648207,
1622091908,-5.997267728,
1622691868,-6.147303082,
1623291828,-6.188867988,
1623891788,-5.997701247,
1624491748,-6.10644839,
1625091708,-6.179209867,
1625691668,-6.127542297,
1626291628,-6.127870723,
1626891588,-6.151042532,
1627491548,-6.176399443,
1628091508,-6.117319673,
1628691468,-6.142017794,
1629291428,-6.210218879,
1629891388,-6.270860595,
1630491348,-6.224754132,
1631091308,-6.26655856,
1631691268,-6.224699862,
1632291228,-6.342168426,
1632891188,-6.206007826,
1633491148,-6.25927501,
1634091108,-6.346896123,
1634691068,-6.251689125,
1635291028,-6.319967776,
1635890988,-6.373621696,
1636490948,-6.349887291,
1637090908,-6.314072694,
1637690868,-6.35700704,
1638290828,-6.327818009,
1638890788,-6.313077758,
1639490748,-6.431510475,
1640090708,-6.374063513,
1640690668,-6.490030923,
1641290628,-6.496031203,
1641890588,-6.413115963,
1642490548,-6.439130275,
1643090508,-6.36132545,
1643690468,-6.616163157,
1644290428,-6.359416887,
1644890388,-6.598627211,
1645490348,-6.621341881,
1646090308,-6.647817283,
1646690268,-6.557930083,
1647290228,-6.645223358,
1647890188,-6.620109325,
1648490148,-6.492986488,
1649090108,-6.610031954,
1649690068,-6.614896489,
1650290028,-6.580902971,
1650889988,-6.805096124,
1651489948,-6.772770808,
1652089908,-6.762715229,
1652689868,-6.768155461,
1653289828,-6.733459217,
1653889788,-6.71049314,
1654489748,-6.723360552,
1655089708,-6.83824275,
1655689668,-6.882166949,
1656289628,-6.889648455,
1656889588,-6.968112731,
1657489548,-6.918538974,
1658089508,-6.970182833,
1658689468,-6.983446587,
1659289428,-6.899492727,
1659889388,-6.990836133,
1660489348,-6.977010734,
1661089308,-7.062818719,
1661689268,-6.953373975,
1662289228,-6.99332695,
1662889188,-7.009139106,
1663489148,-7.026002849,
1664089108,-7.046489403,
1664689068,-7.027787197,
1665289028,-7.086420103,
1665888988,-7.095008359,
1666488948,-7.094458384,
1667088908,-7.147285797,
1667688868,-7.068835175,
1668288828,-7.094584605,
1668888788,-7.12305675,
1669488748,-7.229558732,
1670088708,-7.034939575,
1670688668,-7.106192175,
1671288628,-7.116445361,
1671888588,-7.25395223,
1672488548,-7.125160987,
1673088508,-7.222400766,
1673688468,-7.301143967,
1674288428,-7.17754659,
1674888388,-7.284115679,
1675488348,-7.315755623,
1676088308,-7.27533912,
1676688268,-7.276490662,
1677288228,-7.3161681,
1677888188,-7.356934129,
1678488148,-7.382701666,
1679088108,-7.35874835,
1679688068,-7.432248859,
1680288028,-7.407783014,
1680887988,-7.399133986,
1681487948,-7.363735589,
1682087908,-7.430818932,
1682687868,-7.51643938,
1683287828,-7.519466618,
1683887788,-7.576525913,
1684487748,-7.57249527,
1685087708,-7.556263211,
1685687668,-7.521411007,
1686287628,-7.489610296,
1686887588,-7.592651595,
1687487548,-7.558004763,
1688087508,-7.529790942,
1688687468,-7.489031452,
1689287428,-7.579090632,
1689887388,-7.595481529,
1690487348,-7.634864512,
1691087308,-7.576133123,
1691687268,-7.729570258,
1692287228,-7.70467788,
1692887188,-7.666832045,
1693487148,-7.769138222,
1694087108,-7.840481654,
1694687068,-7.840537117,
1695287028,-7.767156066,
1695886988,-7.78882683,
1696486948,-7.850869788,
1697086908,-7.78823443,
1697686868,-7.836006209,
1698286828,-7.960254599,
1698886788,-7.932408495,
1699486748,-7.958356032,
1700086708,-8.004874622,
1700686668,-8.086042232,
1701286628,-8.109177774,
1701886588,-8.139229471,
1702486548,-8.117273673,
1703086508,-8.104652795,
1703686468,-8.238842184,
1704286428,-8.267472802,
1704886388,-8.016025633,
1705486348,-8.322018541,
1706086308,-8.169523707,
1706686268,-8.242971285,
1707286228,-8.273107629,
1707886188,-8.258275703,
1708486148,-8.256751189,
1709086108,-8.312997231,
1709686068,-8.349785853,
1710286028,-8.408023729,
1710885988,-8.393203621,
1711485948,-8.45337721,
1712085908,-8.42616301,
1712685868,-8.49399309,
1713285828,-8.534038375,
1713885788,-8.47227434,
1714485748,-8.587016688,
1715085707,-8.717623762,
1715685667,-8.620486269,
1716285627,-8.746748618,
1716885587,-8.631985942,
1717485547,-8.760710868,
1718085507,-8.70504025,
1718685467,-8.814935378,
1719285427,-8.716430244,
1719885387,-8.721305954,
1720485347,-8.808593293,
1721085307,-9.044484613,
1721685267,-9.13227509,
1722285227,-8.968884381,
1722885187,-9.077126513,
1723485147,-9.119872764,
1724085107,-8.975734706,
1724685067,-9.196662951,
1725285027,-9.350230114,
1725884987,-9.454613463,
1726484947,-9.418061829,
1727084907,-9.369963397,
1727684867,-9.674450665,
1728284827,-9.642802679,
1728884787,-9.668046186,
1729484747,-9.639818342,
1730084707,-9.590962262,
1730684667,-9.752371912,
1731284627,-9.814517419,
1731884587,-9.797766243,
1732484547,-9.999909203,
1733084507,-9.900734028,
1733684467,-10.03711472,
1734284427,-10.02127331,
1734884387,-10.15262401,
1735484347,-10.15765831,
1736084307,-10.17175249,
1736684267,-10.4157399,
1737284227,-10.16101016,
1737884187,-10.37345613,
1738484147,-10.55296791,
1739084107,-10.73627988,
1739684067,-10.64055809,
1740284027,-10.62630543,
1740883987,-10.87609866,
1741483947,-10.75505937,
1742083907,-11.15857191,
1742683867,-11.35715984,
1743283827,-11.41672735,
1743883787,-11.32092711,
1744483747,-11.37576592,
1745083707,-11.43587081,
1745683667,-11.44779918,
1746283627,-11.5704696,
1746883587,-11.5095847,
1747483547,-11.73270545,
1748083507,-11.73269758,
1748683467,-11.8985707,
1749283427,-12.09177626,
1749883387,-12.01834598,
1750483347,-12.18217296,
1751083307,-12.28143975,
1751683267,-12.23810982,
1752283227,-12.40075658,
1752883187,-12.46022657,
1753483147,-12.60823,
1754083107,-12.46411287,
1754683067,-12.88663519,
1755283027,-12.97031567,
1755882987,-13.26504011,
1756482947,-13.4439717,
1757082907,-13.48273422,
1757682867,-13.42543284,
1758282827,-13.52302702,
1758882787,-13.69667573,
1759482747,-13.87963379,
1760082707,-13.74225452,
1760682667,-13.94452028,
1761282627,-14.05547743,
1761882587,-14.21875389,
1762482547,-14.39793804,
1763082507,-14.39906123,
1763682467,-14.63248617,
1764282427,-14.83363576,
1764882387,-14.8001587,
1765482347,-14.85656621,
1766082307,-15.10267031,
1766682267,-15.03725545,
1767282227,-15.42607653,
1767882187,-15.4618591,
1768482147,-15.45745811,
1769082107,-16.11165868,
1769682067,-16.32706578,
1770282027,-16.46159909,
1770881987,-16.77811394,
1771481947,-16.45332437,
1772081907,-16.81365888,
1772681867,-17.00042172,
1773281827,-17.08714302,
1773881787,-17.02847295,
1774481747,-17.41421061,
1775081707,-17.57407776,
1775681667,-17.56436207,
1776281627,-17.96775464,
1776881587,-18.27313286,
1777481547,-17.80527602,
1778081507,-18.54025119,
1778681467,-18.13658977,
1779281427,-18.64990441,
1779881387,-18.86310029,
1780481347,-18.52472769,
1781081307,-19.42855135,
1781681267,-19.58545638,
1782281227,-20.15612871,
1782881187,-20.58925863,
1783481147,-20.00181737,
1784081107,-21.91436349,
1784681067,-21.46729223,
1785281027,-21.9966202,
1785880987,-21.76122288,
1786480947,-22.08199843,
1787080907,-22.10227501,
1787680867,-22.37101988,
1788280827,-22.41251433,
1788880787,-22.96737929,
1789480747,-22.70687663,
1790080707,-23.48228558,
1790680667,-23.39077031,
1791280627,-24.25392799,
1791880587,-25.11083416,
1792480547,-24.07998536,
1793080507,-24.62550396,
1793680467,-25.95074074,
1794280427,-26.10038375,
1794880387,-24.78701916,
1795480347,-25.51950879,
1796080307,-26.76953993,
1796680267,-27.40806781,
1797280227,-29.46107837,
1797880187,-32.21530389,
1798480147,-34.4215907,
1799080107,-35.83024774,
1799680067,-35.26690098,
1800280027,-36.99997163,
1800879987,-40.49531436,
1801479947,-41.1566974,
1802079907,-40.89948507,
1802679867,-36.21747077,
1803279827,-37.42804617,
1803879787,-38.87449909,
1804479747,-40.3951175,
1805079707,-41.92428936,
1805679667,-43.0176682,
1806279627,-43.30731515,
1806879587,-42.60549172,
1807479547,-41.25867936,
1808079507,-39.73319835,
1808679467,-38.28125797,
1809279427,-36.96726974,
1809879387,-38.5166553,
1810479347,-36.85138427,
1811079307,-37.89445719,
1811679267,-37.61153199,
1812279227,-37.30078326,
1812879187,-34.30940601,
1813479147,-35.30632776,
1814079107,-33.73282963,
1814679067,-29.12047259,
1815279027,-30.15622317,
1815878987,-28.02545059,
1816478947,-27.5949889,
1817078907,-26.5233596,
1817678867,-25.98677201,
1818278827,-25.71851299,
1818878787,-25.36692267,
1819478747,-24.78903026,
1820078707,-25.56071248,
1820678667,-24.3043595,
1821278627,-24.59862451,
1821878587,-24.15497388,
1822478547,-23.59007516,
1823078507,-23.4427433,
1823678467,-23.18792167,
1824278427,-23.07512286,
1824878387,-22.78204186,
1825478347,-22.71499,
1826078307,-22.37362959,
1826678267,-22.60895572,
1827278227,-22.20183215,
1827878187,-22.33989996,
1828478147,-21.86544666,
1829078107,-21.51934587,
1829678067,-21.94524281,
1830278027,-21.6717676,
1830877987,-20.96357733,
1831477947,-20.6178425,
1832077907,-20.21387646,
1832677867,-19.68551499,
1833277827,-19.71883685,
1833877787,-19.58922433,
1834477747,-19.09961031,
1835077707,-19.62810446,
1835677667,-19.45294977,
1836277627,-19.44751935,
1836877587,-19.00619307,
1837477547,-18.66423002,
1838077507,-19.12869979,
1838677467,-18.40779234,
1839277427,-18.70901335,
1839877387,-18.35688547,
1840477347,-18.24016372,
1841077307,-18.18833518,
1841677267,-18.12748357,
1842277227,-18.05400682,
1842877187,-18.12353214,
1843477147,-17.83760361,
1844077107,-17.91621484,
1844677067,-17.65845088,
1845277027,-17.64684629,
1845876987,-17.66757594,
1846476947,-17.58678529,
1847076907,-17.51733181,
1847676867,-17.13717598,
1848276827,-17.39542727,
1848876787,-17.333378,
1849476747,-17.29807879,
1850076707,-17.10529033,
1850676667,-17.17317366,
1851276627,-17.09330021,
1851876587,-17.19107447,
1852476547,-17.10822095,
1853076507,-16.81662201,
1853676467,-17.23129892,
1854276427,-17.27249195,
1854876387,-17.1851593,
1855476347,-17.30272072,
1856076307,-16.85277618,
1856676267,-16.93214676,
1857276227,-17.04231883,
1857876186,-16.82956911,
1858476146,-16.84405498,
1859076106,-16.81896336,
1859676066,-16.9835657,
1860276026,-16.61064605,
1860875986,-16.53397494,
1861475946,-16.42793372,
1862075906,-16.67436187,
1862675866,-16.72064181,
1863275826,-16.62798794,
1863875786,-16.60809834,
1864475746,-16.60907202,
1865075706,-16.7880696,
1865675666,-16.64117794,
1866275626,-16.21792671,
1866875586,-16.32648483,
1867475546,-16.21347152,
1868075506,-16.49866677,
1868675466,-16.15693279,
1869275426,-16.1185376,
1869875386,-16.20852017,
1870475346,-15.9964547,
1871075306,-16.34276158,
1871675266,-15.89022636,
1872275226,-15.92492483,
1872875186,-15.80680848,
1873475146,-16.43333224,
1874075106,-16.05161566,
1874675066,-15.97992369,
1875275026,-16.12673638,
1875874986,-15.88226005,
1876474946,-15.80140655,
1877074906,-15.9898007,
1877674866,-15.89110957,
1878274826,-16.02790397,
1878874786,-15.80201998,
1879474746,-15.95524327,
1880074706,-15.70286757,
1880674666,-15.62545364,
1881274626,-16.09734158,
1881874586,-15.44112157,
1882474546,-15.72212848,
1883074506,-15.36573118,
1883674466,-15.45293775,
1884274426,-15.8661415,
1884874386,-15.7612422,
1885474346,-15.71856592,
1886074306,-15.47657994,
1886674266,-15.30688918,
1887274226,-15.40334802,
1887874186,-15.8022487,
1888474146,-15.34561498,
1889074106,-15.61508907,
1889674066,-15.67979367,
1890274026,-15.58888167,
1890873986,-15.3153315,
1891473946,-15.50797169,
1892073906,-15.04843324,
1892673866,-15.19201938,
1893273826,-15.67160462,
1893873786,-15.43152063,
1894473746,-15.10512505,
1895073706,-15.2173583,
1895673666,-15.11634472,
1896273626,-15.20423639,
1896873586,-15.21946038,
1897473546,-15.30396664,
1898073506,-15.59327397,
1898673466,-15.1640579,
1899273426,-15.33853606,
1899873386,-15.25840629,
1900473346,-15.1551197,
1901073306,-15.38301479,
1901673266,-15.23619568,
1902273226,-15.55180476,
1902873186,-15.16612338,
1903473146,-15.2047435,
1904073106,-15.21731731,
1904673066,-15.46667118,
1905273026,-15.1372452,
1905872986,-15.10608734,
1906472946,-15.15093771,
1907072906,-15.09776335,
1907672866,-15.15933149,
1908272826,-15.17562478,
1908872786,-15.364408,
1909472746,-15.18203821,
1910072706,-15.05514978,
1910672666,-14.87701796,
1911272626,-15.01888513,
1911872586,-14.94862618,
1912472546,-14.93465058,
1913072506,-14.93367795,
1913672466,-14.95923952,
1914272426,-14.72711921,
1914872386,-15.02314669,
1915472346,-14.89413949,
1916072306,-14.94529748,
1916672266,-14.79613266,
1917272226,-14.85054326,
1917872186,-14.57842883,
1918472146,-14.82042962,
1919072106,-14.77754667,
1919672066,-14.74232221,
1920272026,-14.62915253,
1920871986,-14.56105123,
1921471946,-14.48958163,
1922071906,-14.60192958,
1922671866,-14.67780813,
1923271826,-14.61357951,
1923871786,-14.5710014,
1924471746,-14.53869215,
1925071706,-14.52187188,
1925671666,-14.62071625,
1926271626,-14.56859054,
1926871586,-14.52464616,
1927471546,-14.49048931,
1928071506,-14.3704137,
1928671466,-14.36179102,
1929271426,-14.32216608,
1929871386,-14.23989997,
1930471346,-14.30950473,
1931071306,-14.12543782,
1931671266,-14.3309779,
1932271226,-14.24684245,
1932871186,-14.33235927,
1933471146,-14.20582542,
1934071106,-14.12677938,
1934671066,-14.19057543,
1935271026,-14.1061515,
1935870986,-14.1935565,
1936470946,-14.07066474,
1937070906,-13.9674809,
1937670866,-14.03576511,
1938270826,-14.29185827,
1938870786,-13.83047333,
1939470746,-13.96364647,
1940070706,-14.00703382,
1940670666,-13.7786809,
1941270626,-13.93128792,
1941870586,-13.88991894,
1942470546,-13.91233123,
1943070506,-13.73983084,
1943670466,-13.73403681,
1944270426,-13.86434553,
1944870386,-13.80224192,
1945470346,-13.98240373,
1946070306,-13.81361098,
1946670266,-13.72343083,
1947270226,-13.55552187,
1947870186,-13.5343137,
1948470146,-13.71671261,
1949070106,-13.68774239,
1949670066,-13.88881016,
1950270026,-13.51514791,
1950869986,-13.83969026,
1951469946,-13.31867883,
1952069906,-13.60775728,
1952669866,-13.71983418,
1953269826,-13.63939079,
1953869786,-13.47367311,
1954469746,-13.63012203,
1955069706,-13.60885332,
1955669666,-13.84705102,
1956269626,-13.72366592,
1956869586,-13.52825059,
1957469546,-13.47550443,
1958069506,-13.50629846,
1958669466,-13.66188532,
1959269426,-13.5084367,
1959869386,-13.43188058,
1960469346,-13.48374717,
1961069306,-13.72585701,
1961669266,-13.53202464,
1962269226,-13.5282812,
1962869186,-13.50407655,
1963469146,-13.2270178,
1964069106,-13.24014387,
1964669066,-13.30992755,
1965269026,-13.65186012,
1965868986,-13.45635481,
1966468946,-13.59449903,
1967068906,-13.5995675,
1967668866,-13.43984754,
1968268826,-13.40237978,
1968868786,-13.39234603,
1969468746,-13.48038953,
1970068706,-13.45679093,
1970668666,-13.50395036,
1971268626,-13.39264015,
1971868586,-13.52773155,
1972468546,-13.29811616,
1973068506,-13.1451879,
1973668466,-13.46415976,
1974268426,-13.59904141,
1974868386,-13.28774435,
1975468346,-13.64094544,
1976068306,-13.55352712,
1976668266,-13.41599589,
1977268226,-13.47671536,
1977868186,-13.19177937,
1978468146,-13.5021493,
1979068106,-13.43221437,
1979668066,-13.44924103,
1980268026,-13.42366024,
1980867986,-13.61631881,
1981467946,-13.57914242,
1982067906,-13.4600191,
1982667866,-13.53032192,
1983267826,-13.51251803,
1983867786,-13.753161,
1984467746,-13.57096981,
1985067706,-13.41290832,
1985667666,-13.68113182,
1986267626,-13.79150798,
1986867586,-13.82945145,
1987467546,-13.86350107,
1988067506,-13.58367094,
1988667466,-13.81867256,
1989267426,-13.59335175,
1989867386,-13.72474375,
1990467346,-13.67669969,
1991067306,-13.74912488,
1991667266,-13.88934987,
1992267226,-13.89849051,
1992867186,-13.88268165,
1993467146,-13.88637831,
1994067106,-14.05079627,
1994667066,-14.02761681,
1995267026,-14.06537109,
1995866986,-14.21387144,
1996466946,-14.20122641,
1997066906,-14.38541285,
1997666866,-14.2901139,
1998266826,-14.06857469,
1998866786,-14.36623064,
1999466746,-14.36068904,
2000066706,-14.2497891,
2000666666,-14.53084002,
2001266626,-14.47284515,
2001866585,-14.48234703,
2002466545,-14.70133189,
2003066505,-14.7195778,
2003666465,-14.72669252,
2004266425,-14.86401779,
2004866385,-14.58068427,
2005466345,-14.72507994,
2006066305,-14.78810209,
2006666265,-14.89104773,
2007266225,-15.23348616,
2007866185,-14.83548977,
2008466145,-15.63595907,
2009066105,-15.28673756,
2009666065,-15.08590797,
2010266025,-15.00106561,
2010865985,-15.62248675,
2011465945,-15.39035484,
2012065905,-15.40541314,
2012665865,-15.98017081,
2013265825,-15.92604429,
2013865785,-16.01468869,
2014465745,-16.21906171,
2015065705,-15.96202945,
2015665665,-16.0811427,
2016265625,-16.34839157,
2016865585,-16.34237894,
2017465545,-16.493769,
2018065505,-16.44646018,
2018665465,-16.44705262,
2019265425,-16.63900917,
2019865385,-16.9377987,
2020465345,-16.64721391,
2021065305,-16.35499313,
2021665265,-16.78871601,
2022265225,-16.66245536,
2022865185,-16.84400696,
2023465145,-16.95873645,
2024065105,-17.021948,
2024665065,-17.08451943,
2025265025,-17.18030578,
2025864985,-17.16543584,
2026464945,-17.20050418,
2027064905,-17.34434409,
2027664865,-17.32878954,
2028264825,-17.64557037,
2028864785,-17.59787274,
2029464745,-17.58023324,
2030064705,-17.94131123,
2030664665,-18.47271903,
2031264625,-17.85943664,
2031864585,-18.34549623,
2032464545,-18.11390094,
2033064505,-18.12260385,
2033664465,-18.18878935,
2034264425,-18.50522438,
2034864385,-19.049509,
2035464345,-18.56367945,
2036064305,-18.87248206,
2036664265,-18.74490631,
2037264225,-18.69818408,
2037864185,-18.99542214,
2038464145,-19.00741437,
2039064105,-18.82321614,
2039664065,-19.26239217,
2040264025,-19.57101253,
2040863985,-19.31840215,
2041463945,-19.37235533,
2042063905,-19.5768036,
2042663865,-19.375298,
2043263825,-20.34095635,
2043863785,-19.78509222,
2044463745,-20.1564546,
2045063705,-20.30137256,
2045663665,-21.14818963,
2046263625,-20.993945,
2046863585,-20.65687348,
2047463545,-20.93191011,
2048063505,-21.45004738,
2048663465,-21.16347689,
2049263425,-21.30595954,
2049863385,-21.6903683,
2050463345,-21.71071037,
2051063305,-21.16387259,
2051663265,-21.34152764,
2052263225,-21.06868227,
2052863185,-21.51722037,
2053463145,-21.68150203,
2054063105,-21.89218781,
2054663065,-21.46990197,
2055263025,-21.80572339,
2055862985,-21.68081038,
2056462945,-21.83800168,
2057062905,-21.9941669,
2057662865,-22.30727908,
2058262825,-22.16642551,
2058862785,-22.15967307,
2059462745,-22.4380432,
2060062705,-22.37816329,
2060662665,-22.5419214,
2061262625,-22.72044526,
2061862585,-22.38141123,
2062462545,-22.95967872,
2063062505,-23.23812838,
2063662465,-22.85788063,
2064262425,-23.11041674,
2064862385,-23.4772059,
2065462345,-23.7059235,
2066062305,-22.93253127,
2066662265,-23.88804464,
2067262225,-23.72339132,
2067862185,-23.84709671,
2068462145,-24.17039548,
2069062105,-24.57976089,
2069662065,-24.45830278,
2070262025,-24.19757456,
2070861985,-24.30211363,
2071461945,-24.60333974,
2072061905,-25.51301051,
2072661865,-24.98619675,
2073261825,-24.75385549,
2073861785,-24.44755865,
2074461745,-25.92524126,
2075061705,-25.57717508,
2075661665,-24.93681721,
2076261625,-24.65025648,
2076861585,-25.43117989,
2077461545,-25.08704955,
2078061505,-24.84062963,
2078661465,-25.63063354,
2079261425,-24.6124085,
2079861385,-26.5631334,
2080461345,-25.4997138,
2081061305,-26.15466029,
2081661265,-26.5841128,
2082261225,-28.45649718,
2082861185,-26.18125323,
2083461145,-28.54783593,
2084061105,-26.94583718,
2084661065,-26.40755692,
2085261025,-29.10464119,
2085860985,-27.89136573,
2086460945,-28.49773942,
2087060905,-29.74786034,
2087660865,-29.8732064,
2088260825,-29.53709151,
2088860785,-29.16015768,
2089460745,-34.2306452,
2090060705,-35.06773925,
2090660665,-34.27768603,
2091260625,-33.03414013,
2091860585,-33.02948093,
2092460545,-34.20817449,
2093060505,-34.36146542,
2093660465,-35.87447768,
2094260425,-35.74416119,
2094860385,-38.95864901,
2095460345,-37.35537919,
2096060305,-37.5536551,
2096660265,-39.51434356,
2097260225,-37.53622645,
2097860185,-38.06670138,
2098460145,-37.70070628,
2099060105,-39.15266812,
2099660065,-37.58588791,
2100260025,-36.30313341,
2100859985,-35.02675992,
2101459945,-38.5993844,
2102059905,-40.15050814,
2102659865,-39.55577278,
2103259825,-36.65339012,
2103859785,-40.83287805,
2104459745,-35.59814075,
2105059705,-35.91699683,
2105659665,-36.29745801,
2106259625,-36.63006251,
2106859585,-37.05273145,
2107459545,-37.41633839,
2108059505,-37.88391407,
2108659465,-38.28288833,
2109259425,-38.82662304,
2109859385,-39.25327994,
2110459345,-39.8301932,
2111059305,-40.35795117,
2111659265,-40.97369648,
2112259225,-41.54225182,
2112859185,-42.21027121,
2113459145,-42.91290127,
2114059105,-43.58298716,
2114659065,-44.33716301,
2115259025,-45.02640324,
2115858985,-45.6498507,
2116458945,-46.23480773,
2117058905,-46.59118893,
2117658865,-46.77310601,
2118258825,-46.79999696,
2118858785,-46.51258812,
2119458745,-46.0556307,
2120058705,-45.52399712,
2120658665,-44.83822551,
2121258625,-44.21061363,
2121858585,-43.52311857,
2122458545,-42.82506687,
2123058505,-42.08084897,
2123658465,-41.45268655,
2124258425,-40.85721264,
2124858385,-40.21111524,
2125458345,-39.59524968,
2126058305,-39.04506216,
2126658265,-38.57075946,
2127258225,-37.99588545,
2127858185,-37.44959953,
2128458145,-37.02456567,
2129058105,-36.57753831,
2129658065,-36.13029494,
2130258025,-35.70868257,
2130857985,-36.18296887,
2131457945,-35.73688097,
2132057905,-35.2611647,
2132657865,-35.72840629,
2133257825,-37.15790147,
2133857785,-37.34062163,
2134457745,-36.06515762,
2135057705,-36.69029899,
2135657665,-34.20490702,
2136257625,-35.15689326,
2136857585,-35.61792067,
2137457545,-36.76394862,
2138057505,-36.68005046,
2138657465,-35.46425131,
2139257425,-35.0879461,
2139857385,-35.22149455,
2140457345,-32.7792931,
2141057305,-32.78184169,
2141657265,-34.2632642,
2142257225,-32.37447747,
2142857185,-32.58136108,
2143457145,-32.57779639,
2144057105,-29.3549274,
2144657065,-29.26202886,
2145257025,-30.66355344,
2145856985,-29.17115136,
2146456945,-27.455787,
2147056905,-25.94741802,
2147656865,-25.28916023,
2148256825,-25.79161079,
2148856785,-27.59719087,
2149456745,-27.13248381,
2150056705,-25.96955318,
2150656665,-25.16107886,
2151256625,-24.9679689,
2151856585,-24.42942779,
2152456545,-26.04632247,
2153056505,-24.10661455,
2153656465,-24.08191736,
2154256425,-24.81052833,
2154856385,-23.92224677,
2155456344,-24.1196138,
2156056304,-24.04771438,
2156656264,-23.92323299,
2157256224,-24.60524795,
2157856184,-24.7665732,
2158456144,-23.73986957,
2159056104,-23.33369977,
2159656064,-23.4541724,
2160256024,-24.22131544,
2160855984,-23.49916534,
2161455944,-23.67632476,
2162055904,-23.56467926,
2162655864,-23.26469376,
2163255824,-23.07994144,
2163855784,-22.88549263,
2164455744,-22.02127829,
2165055704,-22.4016197,
2165655664,-22.05224464,
2166255624,-22.47132125,
2166855584,-21.96881783,
2167455544,-21.55656327,
2168055504,-21.7895391,
2168655464,-21.76717982,
2169255424,-21.35510677,
2169855384,-21.2954795,
2170455344,-21.14669421,
2171055304,-20.93197138,
2171655264,-20.72400866,
2172255224,-21.6983788,
2172855184,-21.32248156,
2173455144,-21.17583559,
2174055104,-20.88939841,
2174655064,-20.17044075,
2175255024,-20.82779761,
2175854984,-20.52921074,
2176454944,-20.58943979,
2177054904,-20.64133046,
2177654864,-20.65168271,
2178254824,-20.91079855,
2178854784,-20.13725998,
2179454744,-19.64301151,
2180054704,-19.06434569,
2180654664,-18.7842683,
2181254624,-18.71025121,
2181854584,-19.19448888,
2182454544,-18.73903945,
2183054504,-18.6743896,
2183654464,-18.1852184,
2184254424,-18.31278485,
2184854384,-17.98534716,
2185454344,-18.19015394,
2186054304,-17.76798118,
2186654264,-17.55383254,
2187254224,-18.05753084,
2187854184,-17.44916548,
2188454144,-17.81788166,
2189054104,-17.6558898,
2189654064,-17.9362727,
2190254024,-17.17222386,
2190853984,-17.02697393,
2191453944,-17.01244193,
2192053904,-17.0320075,
2192653864,-16.84322809,
2193253824,-16.69887786,
2193853784,-16.73657172,
2194453744,-16.62823536,
2195053704,-16.44856156,
2195653664,-16.18203635,
2196253624,-16.30552932,
2196853584,-16.21084682,
2197453544,-16.06040585,
2198053504,-15.90633697,
2198653464,-15.95957979,
2199253424,-16.01876511,
2199853384,-16.11188208,
2200453344,-15.54495549,
2201053304,-15.75576745,
2201653264,-15.73072034,
2202253224,-15.60198061,
2202853184,-15.62509459,
2203453144,-15.48558239,
2204053104,-15.1293177,
2204653064,-15.67776981,
2205253024,-15.12043716,
2205852984,-15.20715554,
2206452944,-15.07166042,
2207052904,-14.5800686,
2207652864,-14.58384885,
2208252824,-14.07611992,
2208852784,-14.8868079,
2209452744,-14.29181303,
2210052704,-14.27609155,
2210652664,-13.9791643,
2211252624,-14.04229647,
2211852584,-14.0450271,
2212452544,-13.81769859,
2213052504,-13.99027509,
2213652464,-13.78132798,
2214252424,-13.77075679,
2214852384,-13.80982768,
2215452344,-13.67320847,
2216052304,-13.55135701,
2216652264,-13.43170191,
2217252224,-13.5603133,
2217852184,-13.35899596,
2218452144,-13.26791033,
2219052104,-13.47165696,
2219652064,-13.30528685,
2220252024,-13.22423634,
2220851984,-13.29914778,
2221451944,-13.22174031,
2222051904,-13.06352709,
2222651864,-13.00927276,
2223251824,-12.86811756,
2223851784,-12.89109785,
2224451744,-12.77401647,
2225051704,-12.88609308,
2225651664,-12.77476976,
2226251624,-12.82186409,
2226851584,-12.91216621,
2227451544,-12.77191806,
2228051504,-12.59115666,
2228651464,-12.44019719,
2229251424,-12.88645103,
2229851384,-12.52789145,
2230451344,-12.67541876,
2231051304,-12.64274975,
2231651264,-12.5010342,
2232251224,-12.4686698,
2232851184,-12.33803207,
2233451144,-12.24067464,
2234051104,-12.06175037,
2234651064,-11.97789528,
2235251024,-12.10958592,
2235850984,-11.95911007,
2236450944,-11.89491236,
2237050904,-12.02785037,
2237650864,-11.99522349,
2238250824,-11.75315682,
2238850784,-11.69094436,
2239450744,-11.51579206,
2240050704,-11.72827176,
2240650664,-11.62763962,
2241250624,-11.42428211,
2241850584,-11.59341415,
2242450544,-11.60944952,
2243050504,-11.54101084,
2243650464,-11.58829057,
2244250424,-11.4488347,
2244850384,-11.28831695,
2245450344,-11.43759702,
2246050304,-11.54687715,
2246650264,-11.38560175,
2247250224,-11.33166181,
2247850184,-11.34139763,
2248450144,-11.35917892,
2249050104,-11.44946931,
2249650064,-11.22503702,
2250250024,-11.35763702,
2250849984,-11.20856733,
2251449944,-11.28788737,
2252049904,-11.20238508,
2252649864,-11.22063932,
2253249824,-11.25497268,
2253849784,-11.18657394,
2254449744,-11.12828216,
2255049704,-11.00184811,
2255649664,-11.18866275,
2256249624,-11.16128972,
2256849584,-11.01476784,
2257449544,-10.97463587,
2258049504,-11.04137304,
2258649464,-11.07284877,
2259249424,-11.01754,
2259849384,-11.09940975,
2260449344,-11.02375464,
2261049304,-10.90912906,
2261649264,-10.76203699,
2262249224,-11.09018508,
2262849184,-10.85143363,
2263449144,-10.73925663,
2264049104,-10.88401657,
2264649064,-10.75253555,
2265249024,-10.86399881,
2265848984,-10.9429344,
2266448944,-10.87587776,
2267048904,-10.89505977,
2267648864,-10.82100687,
2268248824,-10.83634649,
2268848784,-10.88476215,
2269448744,-10.73989153,
2270048704,-10.83612496,
2270648664,-10.89268024,
2271248624,-10.67727039,
2271848584,-10.72729443,
2272448544,-10.59622771,
2273048504,-10.70609778,
2273648464,-10.58250746,
2274248424,-10.74634348,
2274848384,-10.79297118,
2275448344,-10.64587093,
2276048304,-10.64891908,
2276648264,-10.7769663,
2277248224,-10.77948831,
2277848184,-10.60896653,
2278448144,-10.68504265,
2279048104,-10.65823322,
2279648064,-10.67307138,
2280248024,-10.6737301,
2280847984,-10.58989049,
2281447944,-10.66193856,
2282047904,-10.69550495,
2282647864,-10.55461909,
2283247824,-10.63233241,
2283847784,-10.49888407,
2284447744,-10.55682656,
2285047704,-10.56789873,
2285647664,-10.63517482,
2286247624,-10.64261971,
2286847584,-10.55068017,
2287447544,-10.55747068,
2288047504,-10.62844209,
2288647464,-10.64863388,
2289247424,-10.61440427,
2289847384,-10.48062222,
2290447344,-10.60965622,
2291047304,-10.57898748,
2291647264,-10.67553854,
2292247224,-10.59001895,
2292847184,-10.632477,
2293447144,-10.57781432,
2294047104,-10.54753263,
2294647064,-10.4236793,
2295247024,-10.51840052,
2295846984,-10.57833748,
2296446944,-10.41183221,
2297046904,-10.46842446,
2297646864,-10.57897689,
2298246824,-10.71203595,
2298846784,-10.32971263,
2299446744,-10.50708601,
2300046704,-10.46480384,
2300646664,-10.31450584,
2301246624,-10.26936115,
2301846584,-10.33832324,
2302446544,-10.29181624,
2303046504,-10.28542312,
2303646464,-10.29230497,
2304246424,-10.39957639,
2304846384,-10.40948448,
2305446344,-10.16964724,
2306046304,-10.30875649,
2306646264,-10.33022427,
2307246224,-10.31972156,
2307846184,-10.15557649,
2308446144,-10.26903761,
2309046103,-10.115032,
2309646063,-10.11158954,
2310246023,-10.10727237,
2310845983,-10.20256319,
2311445943,-10.20278558,
2312045903,-10.31352017,
2312645863,-10.18767787,
2313245823,-10.36113474,
2313845783,-10.35673339,
2314445743,-10.24096798,
2315045703,-10.24593167,
2315645663,-10.12024399,
2316245623,-10.0252809,
2316845583,-10.07493732,
2317445543,-10.14343801,
2318045503,-10.17506514,
2318645463,-10.29037212,
2319245423,-10.11480163,
2319845383,-10.0141273,
2320445343,-10.03729664,
2321045303,-10.29192884,
2321645263,-9.880204972,
2322245223,-10.08480367,
2322845183,-9.926125027,
2323445143,-10.03521568,
2324045103,-9.899010608,
2324645063,-9.953383888,
2325245023,-9.859747506,
2325844983,-9.832559165,
2326444943,-9.81777684,
2327044903,-9.752329159,
2327644863,-9.515274435,
2328244823,-9.769563319,
2328844783,-9.657994397,
2329444743,-9.731727384,
2330044703,-9.715330374,
2330644663,-9.583654627,
2331244623,-9.631549935,
2331844583,-9.716812361,
2332444543,-9.516705705,
2333044503,-9.58441472,
2333644463,-9.450237493,
2334244423,-9.531550063,
2334844383,-9.383599559,
2335444343,-9.252482542,
2336044303,-9.291958662,
2336644263,-9.378717505,
2337244223,-9.243683966,
2337844183,-9.402043544,
2338444143,-9.218786933,
2339044103,-9.210130829,
2339644063,-9.300980347,
2340244023,-9.362038321,
2340843983,-9.382437904,
2341443943,-9.256282,
2342043903,-9.133435106,
2342643863,-9.219266169,
2343243823,-9.230899152,
2343843783,-9.240025446,
2344443743,-9.254902326,
2345043703,-9.090965056,
2345643663,-9.053920465,
2346243623,-9.104530116,
2346843583,-9.019111149,
2347443543,-9.113908278,
2348043503,-9.00756382,
2348643463,-9.007780052,
2349243423,-9.032444006,
2349843383,-8.915818675,
2350443343,-8.975542776,
2351043303,-8.945464176,
2351643263,-8.943617213,
2352243223,-8.786992371,
2352843183,-8.824218529,
2353443143,-8.849657206,
2354043103,-8.838928564,
2354643063,-8.785297128,
2355243023,-8.767483074,
2355842983,-8.717705368,
2356442943,-8.678797947,
2357042903,-8.622402499,
2357642863,-8.66813113,
2358242823,-8.548111413,
2358842783,-8.62692434,
2359442743,-8.45479159,
2360042703,-8.574954532,
2360642663,-8.556739942,
2361242623,-8.502057868,
2361842583,-8.402454243,
2362442543,-8.557519991,
2363042503,-8.516949866,
2363642463,-8.517733619,
2364242423,-8.417382376,
2364842383,-8.324297485,
2365442343,-8.280448853,
2366042303,-8.381444286,
2366642263,-8.351874611,
2367242223,-8.162886822,
2367842183,-8.302552305,
2368442143,-8.344481033,
2369042103,-8.273601501,
2369642063,-8.217339813,
2370242023,-7.904746323,
2370841983,-8.007500052,
2371441943,-8.15063706,
2372041903,-8.039037724,
2372641863,-7.769373637,
2373241823,-7.930805754,
2373841783,-7.996547944,
2374441743,-7.896435987,
2375041703,-7.798727885,
2375641663,-7.710132416,
2376241623,-7.738032605,
2376841583,-7.712753414,
2377441543,-7.775459094,
2378041503,-7.600835816,
2378641463,-7.630779283,
2379241423,-7.700260894,
2379841383,-7.691304859,
2380441343,-7.645417398,
2381041303,-7.59006346,
2381641263,-7.560586551,
2382241223,-7.60074876,
2382841183,-7.540069072,
2383441143,-7.456755335,
2384041103,-7.351291348,
2384641063,-7.523979219,
2385241023,-7.485927683,
2385840983,-7.551880943,
2386440943,-7.273024498,
2387040903,-7.274970297,
2387640863,-7.292043404,
2388240823,-7.13292975,
2388840783,-7.287184476,
2389440743,-7.252523914,
2390040703,-7.186505245,
2390640663,-7.137765888,
2391240623,-7.303497799,
2391840583,-7.156102982,
2392440543,-7.166898849,
2393040503,-7.003998336,
2393640463,-7.070105722,
2394240423,-7.007341629,
2394840383,-6.934086701,
2395440343,-6.958210502,
2396040303,-7.062573252,
2396640263,-7.069183915,
2397240223,-7.049875785,
2397840183,-6.930793492,
2398440143,-6.966255093,
2399040103,-6.857844312,
2399640063,-6.957981666,
2400240023,-6.960521124,
2400839983,-6.913645321,
2401439943,-6.921465145,
2402039903,-6.882235286,
2402639863,-6.805697968,
2403239823,-6.928476957,
2403839783,-6.849187194,
2404439743,-6.83599839,
2405039703,-6.666415798,
2405639663,-6.704326435,
2406239623,-6.711490802,
2406839583,-6.788391569,
2407439543,-6.506281712,
2408039503,-6.664052144,
2408639463,-6.63949314,
2409239423,-6.388187565,
2409839383,-6.629006284,
2410439343,-6.636168275,
2411039303,-6.571777662,
2411639263,-6.557693703,
2412239223,-6.428557018,
2412839183,-6.464550886,
2413439143,-6.474825646,
2414039103,-6.577047689,
2414639063,-6.422647428,
2415239023,-6.319287828,
2415838983,-6.4287313,
2416438943,-6.443276952,
2417038903,-6.342409242,
2417638863,-6.227147835,
2418238823,-6.322193265,
2418838783,-6.350517652,
2419438743,-6.488184986,
2420038703,-6.422371802,
2420638663,-6.270558865,
2421238623,-6.248096995,
2421838583,-6.301555175,
2422438543,-6.297201636,
2423038503,-6.174262104,
2423638463,-6.236119742,
2424238423,-6.2918794,
2424838383,-6.271101863,
2425438343,-6.241472126,
2426038303,-6.294580044,
2426638263,-6.277320394,
2427238223,-6.289668102,
2427838183,-6.068241791,
2428438143,-6.242173698,
2429038103,-6.32439172,
2429638063,-6.177373843,
2430238023,-6.286096229,
2430837983,-6.234221196,
2431437943,-6.181740322,
2432037903,-6.161060361,
2432637863,-6.166585945,
2433237823,-6.198374323,
2433837783,-6.19730967,
2434437743,-6.121985923,
2435037703,-6.158589184,
2435637663,-6.094275606,
2436237623,-6.170534863,
2436837583,-6.09837666,
2437437543,-6.10654694,
2438037503,-6.176327144,
2438637463,-6.169153235,
2439237423,-6.153799289,
2439837383,-6.093581732,
2440437343,-6.1407796,
2441037303,-6.125207064,
2441637263,-6.145923117,
2442237223,-6.067267979,
2442837183,-6.118556013,
2443437143,-6.092451844,
2444037103,-6.074558821,
2444637063,-6.075531959,
2445237023,-6.043189661,
2445836983,-6.031806234,
2446436943,-6.159791591,
2447036903,-6.035860467,
2447636863,-6.149114062,
2448236823,-6.043782594,
2448836783,-6.131059109,
2449436743,-6.023122171,
2450036703,-6.099959276,
2450636663,-6.021550434,
2451236623,-6.080200709,
2451836583,-6.039657313,
2452436543,-6.105242483,
2453036503,-6.142852689,
2453636463,-5.915823687,
2454236423,-5.97718228,
2454836383,-6.067829396,
2455436343,-5.981997827,
2456036303,-6.010812971,
2456636263,-6.088945989,
2457236223,-6.05540801,
2457836183,-6.038626535,
2458436143,-6.073112556,
2459036103,-6.023288554,
2459636063,-5.964193436,
2460236023,-6.09171867,
2460835983,-6.045795978,
2461435943,-6.022755075,
2462035903,-5.994213098,
2462635863,-6.04668092,
2463235822,-6.025306027,
2463835782,-6.001015329,
2464435742,-5.954375932,
2465035702,-5.950244968,
2465635662,-5.922791354,
2466235622,-5.930953053,
2466835582,-5.922425529,
2467435542,-6.03864716,
2468035502,-5.969184164,
2468635462,-5.947276006,
2469235422,-5.954107167,
2469835382,-6.012625207,
2470435342,-5.936001841,
2471035302,-5.928099739,
2471635262,-5.924310602,
2472235222,-5.94950099,
2472835182,-5.868617803,
2473435142,-5.937523774,
2474035102,-5.911157578,
2474635062,-5.885062401,
2475235022,-5.907456218,
2475834982,-5.933783585,
2476434942,-5.849929733,
2477034902,-5.859750659,
2477634862,-5.769350714,
2478234822,-5.94143213,
2478834782,-5.909023665,
2479434742,-5.920028391,
2480034702,-5.91024875,
2480634662,-5.882785151,
2481234622,-5.862684867,
2481834582,-5.894243775,
2482434542,-5.9194534,
2483034502,-5.879439983,
2483634462,-5.903929356,
2484234422,-5.882490697,
2484834382,-5.823803916,
2485434342,-5.823979073,
2486034302,-5.829895742,
2486634262,-5.77814879,
2487234222,-5.813809263,
2487834182,-5.873405991,
2488434142,-5.778361306,
2489034102,-5.905666989,
2489634062,-5.815390684,
2490234022,-5.852684471,
2490833982,-5.812339168,
2491433942,-5.836916811,
2492033902,-5.766439859,
2492633862,-5.864953025,
2493233822,-5.838284472,
2493833782,-5.812050514,
2494433742,-5.72313465,
2495033702,-5.910007761,
2495633662,-5.800708348,
2496233622,-5.849673631,
2496833582,-5.781405755,
2497433542,-5.712067225,
2498033502,-5.758212944,
2498633462,-5.769125358,
2499233422,-5.67092253,
2499833382,-5.75404574,
2500433342,-5.759542397,
2501033302,-5.855905153,
2501633262,-5.747006796,
2502233222,-5.660008083,
2502833182,-5.691549101,
2503433142,-5.748242047,
2504033102,-5.79304663,
2504633062,-5.613856649,
2505233022,-5.786378122,
2505832982,-5.677942946,
2506432942,-5.799576678,
2507032902,-5.684391543,
2507632862,-5.76917461,
2508232822,-5.782250246,
2508832782,-5.780674329,
2509432742,-5.660546214,
2510032702,-5.647893721,
2510632662,-5.775371595,
2511232622,-5.740922968,
2511832582,-5.767940558,
2512432542,-5.794180163,
2513032502,-5.717645559,
2513632462,-5.632284831,
2514232422,-5.733626305,
2514832382,-5.73557924,
2515432342,-5.728645076,
2516032302,-5.815367737,
2516632262,-5.737249138,
2517232222,-5.723655849,
2517832182,-5.667361642,
2518432142,-5.769812403,
2519032102,-5.773962414,
2519632062,-5.683529309,
2520232022,-5.629886098,
2520831982,-5.741132467,
2521431942,-5.665647431,
2522031902,-5.70713376,
2522631862,-5.763856502,
2523231822,-5.715836291,
2523831782,-5.516986052,
2524431742,-5.727108742,
2525031702,-5.739500576,
2525631662,-5.67638605,
2526231622,-5.736543919,
2526831582,-5.772754884,
2527431542,-5.832983098,
2528031502,-5.766180286,
2528631462,-5.643686592,
2529231422,-5.720474601,
2529831382,-5.663615392,
2530431342,-5.72575883,
2531031302,-5.675883964,
2531631262,-5.73626839,
2532231222,-5.711610722,
2532831182,-5.747273768,
2533431142,-5.81387995,
2534031102,-5.676712984,
2534631062,-5.768226849,
2535231022,-5.843754815,
2535830982,-5.764730174,
2536430942,-5.761442955,
2537030902,-5.751113664,
2537630862,-5.728890563,
2538230822,-5.835965177,
2538830782,-5.81348594,
2539430742,-5.670723679,
2540030702,-5.822063654,
2540630662,-5.72136261,
2541230622,-5.77685032,
2541830582,-5.79384005,
2542430542,-5.857998042,
2543030502,-5.819995235,
2543630462,-5.72815622,
2544230422,-5.752475483,
2544830382,-5.729914607,
2545430342,-5.811484817,
2546030302,-5.747014438,
2546630262,-5.731874236,
2547230222,-5.727187737,
2547830182,-5.852253575,
2548430142,-5.824101862,
2549030102,-5.848128981,
2549630062,-5.756286774,
2550230022,-5.846531243,
2550829982,-5.79092487,
2551429942,-5.706700134,
2552029902,-5.727510159,
2552629862,-5.802756318,
2553229822,-5.876460149,
2553829782,-5.858735713,
2554429742,-5.859230871,
2555029702,-5.868067537,
2555629662,-5.791424418,
2556229622,-5.864305157,
2556829582,-5.908488618,
2557429542,-5.871226287,
2558029502,-5.838796298,
2558629462,-5.880470335,
2559229422,-5.944643597,
2559829382,-5.831590289,
2560429342,-5.884867693,
2561029302,-5.91528126,
2561629262,-5.819190148,
2562229222,-5.962510866,
2562829182,-5.875050494,
2563429142,-5.807489864,
2564029102,-5.79190329,
2564629062,-5.921785396,
2565229022,-5.853002358,
2565828982,-5.775441764,
2566428942,-5.904922965,
2567028902,-5.932716579,
2567628862,-5.823417783,
2568228822,-5.87465386,
2568828782,-5.910750374,
2569428742,-5.984258764,
2570028702,-5.850928808,
2570628662,-5.892266859,
2571228622,-5.898500526,
2571828582,-5.965249887,
2572428542,-5.886237776,
2573028502,-6.013130594,
2573628462,-5.964137783,
2574228422,-5.901271596,
2574828382,-5.953483507,
2575428342,-5.968305442,
2576028302,-5.921939583,
2576628262,-5.971196212,
2577228222,-5.938146777,
2577828182,-5.97376195,
2578428142,-5.951031548,
2579028102,-5.965953743,
2579628062,-5.901016128,
2580228022,-5.943835833,
2580827982,-5.985107183,
2581427942,-5.976021148,
2582027902,-6.054722594,
2582627862,-5.875042514,
2583227822,-6.009578376,
2583827782,-5.909099414,
2584427742,-5.974419872,
2585027702,-5.854853465,
2585627662,-5.924863563,
2586227622,-6.050942139,
2586827582,-5.929413486,
2587427542,-6.037690836,
2588027502,-5.937926732,
2588627462,-5.898533802,
2589227422,-5.95068183,
2589827382,-5.874246537,
2590427342,-6.053796707,
2591027302,-5.880859282,
2591627262,-5.989506,
2592227222,-5.885908831,
2592827182,-5.952184767,
2593427142,-5.931062914,
2594027102,-6.011635932,
2594627062,-5.888533422,
2595227022,-5.933169866,
2595826982,-6.053869365,
2596426942,-5.932375522,
2597026902,-5.962750729,
2597626862,-6.032620172,
2598226822,-5.995865814,
2598826782,-5.976239531,
2599426742,-6.015501767,
2600026702,-5.927322077,
2600626662,-6.00620993,
2601226622,-5.867279058,
2601826582,-6.010829189,
2602426542,-6.033014536,
2603026502,-6.003731176,
2603626462,-5.94651561,
2604226422,-6.048476102,
2604826382,-6.023124851,
2605426342,-5.95412431,
2606026302,-6.005792799,
2606626262,-5.986347479,
2607226222,-6.015711365,
2607826182,-5.961494493,
2608426142,-6.004455516,
2609026102,-6.009559823,
2609626062,-6.000633748,
2610226022,-6.063938383,
2610825982,-5.889967655,
2611425942,-6.023866022,
2612025902,-6.029592765,
2612625862,-6.047999724,
2613225822,-6.069880005,
2613825782,-6.058712932,
2614425742,-6.055515035,
2615025702,-6.149525494,
2615625662,-6.004264069,
2616225622,-5.995717247,
2616825581,-6.017493758,
2617425541,-6.050085377,
2618025501,-5.996383339,
2618625461,-6.064587222,
2619225421,-6.139353239,
2619825381,-6.155485122,
2620425341,-5.970182559,
2621025301,-6.131363565,
2621625261,-6.099113815,
2622225221,-6.109043384,
2622825181,-6.048646155,
2623425141,-6.044094072,
2624025101,-6.01629532,
2624625061,-6.104566285,
2625225021,-6.101202623,
2625824981,-6.069215781,
2626424941,-6.038854272,
2627024901,-6.229869791,
2627624861,-6.262750982,
2628224821,-6.211076289,
2628824781,-6.207031264,
2629424741,-6.28257401,
2630024701,-6.114314705,
2630624661,-6.214070025,
2631224621,-6.157002664,
2631824581,-6.195427136,
2632424541,-6.129009619,
2633024501,-6.067481808,
2633624461,-6.229505583,
2634224421,-6.202080851,
2634824381,-6.222824004,
2635424341,-6.274995087,
2636024301,-6.330249988,
2636624261,-6.287483322,
2637224221,-6.224595765,
2637824181,-6.28504855,
2638424141,-6.370965611,
2639024101,-6.350929357,
2639624061,-6.237500851,
2640224021,-6.312696198,
2640823981,-6.33528748,
2641423941,-6.351678301,
2642023901,-6.323590869,
2642623861,-6.312549799,
2643223821,-6.328155586,
2643823781,-6.425878757,
2644423741,-6.425085545,
2645023701,-6.496532466,
2645623661,-6.429036602,
2646223621,-6.526874254,
2646823581,-6.499543986,
2647423541,-6.432212531,
2648023501,-6.503104783,
2648623461,-6.580784553,
2649223421,-6.519761234,
2649823381,-6.516138281,
2650423341,-6.679998843,
2651023301,-6.505575963,
2651623261,-6.654052916,
2652223221,-6.560739906,
2652823181,-6.676336552,
2653423141,-6.455858202,
2654023101,-6.724599823,
2654623061,-6.701927122,
2655223021,-6.664961353,
2655822981,-6.79008284,
2656422941,-6.651052522,
2657022901,-6.791778503,
2657622861,-6.724961679,
2658222821,-6.6337019,
2658822781,-6.697020824,
2659422741,-6.755240721,
2660022701,-6.830888641,
2660622661,-6.613551164,
2661222621,-6.881160658,
2661822581,-6.903293722,
2662422541,-6.86481686,
2663022501,-6.784662286,
2663622461,-6.940950667,
2664222421,-6.825849811,
2664822381,-6.985784507,
2665422341,-6.889609474,
2666022301,-7.001188018,
2666622261,-7.065342605,
2667222221,-6.940636524,
2667822181,-7.104509494,
2668422141,-6.999154547,
2669022101,-7.072617629,
2669622061,-7.134379774,
2670222021,-7.021193316,
2670821981,-7.132765191,
2671421941,-7.155208353,
2672021901,-7.204116609,
2672621861,-7.217131269,
2673221821,-7.246377727,
2673821781,-7.194931324,
2674421741,-7.305334466,
2675021701,-7.161296659,
2675621661,-7.291677734,
2676221621,-7.212549433,
2676821581,-7.240305202,
2677421541,-7.270955674,
2678021501,-7.283593607,
2678621461,-7.351106848,
2679221421,-7.380162529,
2679821381,-7.453913153,
2680421341,-7.473221177,
2681021301,-7.452333801,
2681621261,-7.497347327,
2682221221,-7.417063578,
2682821181,-7.369513819,
2683421141,-7.361354782,
2684021101,-7.325550547,
2684621061,-7.317283378,
2685221021,-7.474395869,
2685820981,-7.519331064,
2686420941,-7.387154426,
2687020901,-7.42421966,
2687620861,-7.620878313,
2688220821,-7.538574644,
2688820781,-7.500890939,
2689420741,-7.398576811,
2690020701,-7.598157885,
2690620661,-7.553100216,
2691220621,-7.537306289,
2691820581,-7.404289724,
2692420541,-7.466328944,
2693020501,-7.436890043,
2693620461,-7.616637297,
2694220421,-7.472717424,
2694820381,-7.505571889,
2695420341,-7.555617411,
2696020301,-7.540387717,
2696620261,-7.615981137,
2697220221,-7.57500221,
2697820181,-7.578642204,
2698420141,-7.545091602,
2699020101,-7.516926292,
2699620061,-7.537802893,
2700220021,-7.52846663,
2700819981,-7.659933367,
2701419941,-7.608688565,
2702019901,-7.52389106,
2702619861,-7.63182696,
2703219821,-7.772366637,
2703819781,-7.619053166,
2704419741,-7.554490725,
2705019701,-7.678299587,
2705619661,-7.562590035,
2706219621,-7.605094875,
2706819581,-7.635273429,
2707419541,-7.617073564,
2708019501,-7.650782822,
2708619461,-7.527372512,
2709219421,-7.670180013,
2709819381,-7.622505865,
2710419341,-7.672455894,
2711019301,-7.620324171,
2711619261,-7.72830048,
2712219221,-7.71245253,
2712819181,-7.611836626,
2713419141,-7.650752384,
2714019101,-7.514689336,
2714619061,-7.582197398,
2715219021,-7.613408823,
2715818981,-7.576889146,
2716418941,-7.623406651,
2717018901,-7.687851353,
2717618861,-7.680046236,
2718218821,-7.659636997,
2718818781,-7.660451192,
2719418741,-7.629681111,
2720018701,-7.696015842,
2720618661,-7.582973195,
2721218621,-7.583814733,
2721818581,-7.709954642,
2722418541,-7.691189142,
2723018501,-7.56349551,
2723618461,-7.635523355,
2724218421,-7.69574131,
2724818381,-7.612774784,
2725418341,-7.614484674,
2726018301,-7.563565875,
2726618261,-7.590104412,
2727218221,-7.553477685,
2727818181,-7.676009512,
2728418141,-7.70690343,
2729018101,-7.555409103,
2729618061,-7.627077401,
2730218021,-7.483005238,
2730817981,-7.6107405,
2731417941,-7.503208698,
2732017901,-7.540858427,
2732617861,-7.544100162,
2733217821,-7.622197662,
2733817781,-7.551856666,
2734417741,-7.693257704,
2735017701,-7.568194824,
2735617661,-7.606321238,
2736217621,-7.528801909,
2736817581,-7.497906132,
2737417541,-7.509702574,
2738017501,-7.479544698,
2738617461,-7.570011931,
2739217421,-7.542108675,
2739817381,-7.397175524,
2740417341,-7.455458237,
2741017301,-7.438893271,
2741617261,-7.340676122,
2742217221,-7.421340068,
2742817181,-7.426893682,
2743417141,-7.384514575,
2744017101,-7.361840901,
2744617061,-7.385147573,
2745217021,-7.333825665,
2745816981,-7.347003668,
2746416941,-7.358577282,
2747016901,-7.243069848,
2747616861,-7.204120179,
2748216821,-7.380047105,
2748816781,-7.317747075,
2749416741,-7.243259643,
2750016701,-7.325077853,
2750616661,-7.315006542,
2751216621,-7.265680863,
2751816581,-7.023957429,
2752416541,-7.316698889,
2753016501,-7.162005513,
2753616461,-7.15839967,
2754216421,-7.230277578,
2754816381,-7.200626313,
2755416341,-7.093970051,
2756016301,-7.192524603,
2756616261,-7.095139434,
2757216221,-7.098976161,
2757816181,-7.124105108,
2758416141,-7.215329644,
2759016101,-7.146372586,
2759616061,-7.218182955,
2760216021,-7.116432249,
2760815981,-7.066271134,
2761415941,-7.035527428,
2762015901,-7.150509933,
2762615861,-7.119585022,
2763215821,-6.881075933,
2763815781,-6.983489785,
2764415741,-7.012276131,
2765015701,-7.085223996,
2765615661,-7.045148657,
2766215621,-7.048831828,
2766815581,-7.009387343,
2767415541,-6.958898131,
2768015501,-7.05044289,
2768615461,-6.980834515,
2769215421,-7.051847768,
2769815381,-6.956708503,
2770415340,-6.98976287,
2771015300,-6.995353775,
2771615260,-7.052583965,
2772215220,-7.059870852,
2772815180,-7.088042959,
2773415140,-7.058760308,
2774015100,-6.991754451,
2774615060,-7.008511023,
2775215020,-6.960379408,
2775814980,-7.097720291,
2776414940,-6.931137756,
2777014900,-7.06178318,
2777614860,-6.993999313,
2778214820,-7.073890059,
2778814780,-7.008663525,
2779414740,-7.053493752,
2780014700,-6.939474482,
2780614660,-6.991843654,
2781214620,-7.040257579,
2781814580,-7.001599291,
2782414540,-6.988760435,
2783014500,-6.935242046,
2783614460,-6.968690748,
2784214420,-6.949545318,
2784814380,-6.950721733,
2785414340,-6.909504696,
2786014300,-6.857067054,
2786614260,-7.010942984,
2787214220,-6.945292752,
2787814180,-6.95331885,
2788414140,-6.925157594,
2789014100,-6.985004983,
2789614060,-7.026413411,
2790214020,-6.998644025,
2790813980,-6.938817637,
2791413940,-6.961298864,
2792013900,-6.945316523,
2792613860,-6.981733885,
2793213820,-6.996263172,
2793813780,-6.898332477,
2794413740,-6.910188835,
2795013700,-6.92909313,
2795613660,-6.89138983,
2796213620,-7.045798239,
2796813580,-6.950589495,
2797413540,-6.968272895,
2798013500,-6.941566895,
2798613460,-6.99932252,
2799213420,-6.968004197,
2799813380,-7.030657312,
2800413340,-6.950436015,
2801013300,-6.927201002,
2801613260,-6.870252842,
2802213220,-7.047316687,
2802813180,-6.953422477,
2803413140,-6.993348859,
2804013100,-6.93299499,
2804613060,-6.987335274,
2805213020,-6.978854125,
2805812980,-7.063905656,
2806412940,-6.913932537,
2807012900,-7.017143807,
2807612860,-6.961314006,
2808212820,-7.084219061,
2808812780,-6.974143736,
2809412740,-7.054307902,
2810012700,-6.864226144,
2810612660,-7.04222315,
2811212620,-6.910513623,
2811812580,-7.0400912,
2812412540,-7.004013755,
2813012500,-6.946835718,
2813612460,-6.988142464,
2814212420,-6.983220769,
2814812380,-7.02480393,
2815412340,-7.151098265,
2816012300,-7.094586523,
2816612260,-7.100484243,
2817212220,-7.055887414,
2817812180,-7.098506269,
2818412140,-7.041556707,
2819012100,-7.104460214,
2819612060,-6.99934372,
2820212020,-7.092273914,
2820811980,-7.06590891,
2821411940,-7.115169906,
2822011900,-7.024534298,
2822611860,-7.068783715,
2823211820,-7.143470802,
2823811780,-7.073953782,
2824411740,-7.110365067,
2825011700,-7.046746631,
2825611660,-7.200772367,
2826211620,-7.146489616,
2826811580,-7.081177984,
2827411540,-7.177840137,
2828011500,-6.988523143,
2828611460,-7.102191829,
2829211420,-7.160465512,
2829811380,-7.189264552,
2830411340,-7.106273917,
2831011300,-7.201696469,
2831611260,-7.169640495,
2832211220,-7.192594486,
2832811180,-7.101207458,
2833411140,-7.057834518,
2834011100,-7.141424675,
2834611060,-7.203293514,
2835211020,-7.165873581,
2835810980,-7.144340939,
2836410940,-7.160085313,
2837010900,-7.16646093,
2837610860,-7.187371001,
2838210820,-7.142945888,
2838810780,-7.228002387,
2839410740,-7.172792475,
2840010700,-7.127180338,
2840610660,-7.285103199,
2841210620,-7.157258743,
2841810580,-7.166821363,
2842410540,-7.158960023,
2843010500,-7.160872576,
2843610460,-7.243945931,
2844210420,-7.281175656,
2844810380,-7.202475976,
2845410340,-7.26349899,
2846010300,-7.190247057,
2846610260,-7.339273111,
2847210220,-7.248515392,
2847810180,-7.180840499,
2848410140,-7.300310463,
2849010100,-7.333959803,
2849610060,-7.241760886,
2850210020,-7.311703845,
2850809980,-7.264111499,
2851409940,-7.319747574,
2852009900,-7.371821592,
2852609860,-7.294359384,
2853209820,-7.332825799,
2853809780,-7.242668008,
2854409740,-7.300187136,
2855009700,-7.256690346,
2855609660,-7.363409567,
2856209620,-7.301938392,
2856809580,-7.284081208,
2857409540,-7.316021151,
2858009500,-7.34797924,
2858609460,-7.45115637,
2859209420,-7.417211247,
2859809380,-7.380132945,
2860409340,-7.447354926,
2861009300,-7.314212797,
2861609260,-7.352215283,
2862209220,-7.432422991,
2862809180,-7.575586906,
2863409140,-7.46789268,
2864009100,-7.431152761,
2864609060,-7.506982315,
2865209020,-7.582977455,
2865808980,-7.491301354,
2866408940,-7.454380411,
2867008900,-7.561653507,
2867608860,-7.534415599,
2868208820,-7.581376496,
2868808780,-7.524696691,
2869408740,-7.680205875,
2870008700,-7.612689327,
2870608660,-7.536946715,
2871208620,-7.773662108,
2871808580,-7.569301817,
2872408540,-7.610713451,
2873008500,-7.622736178,
2873608460,-7.541758339,
2874208420,-7.637778438,
2874808380,-7.708958409,
2875408340,-7.724687383,
2876008300,-7.673367303,
2876608260,-7.690472679,
2877208220,-7.843093484,
2877808180,-7.686978453,
2878408140,-7.773584812,
2879008100,-7.921132004,
2879608060,-7.731456008,
2880208020,-7.82028635,
2880807980,-7.949020122,
2881407940,-7.964756047,
2882007900,-7.956371517,
2882607860,-7.960106966,
2883207820,-7.95865622,
2883807780,-7.991291607,
2884407740,-7.970624503,
2885007700,-7.956163212,
2885607660,-7.930564311,
2886207620,-7.975237917,
2886807580,-7.983665321,
2887407540,-8.050919896,
2888007500,-7.990160464,
2888607460,-7.975999809,
2889207420,-7.961619659,
2889807380,-7.993379453,
2890407340,-8.007483459,
2891007300,-8.11824127,
2891607260,-8.17688789,
2892207220,-8.181282459,
2892807180,-8.187014718,
2893407140,-8.228903491,
2894007100,-8.314809171,
2894607060,-8.190615209,
2895207020,-8.232879746,
2895806980,-8.204275633,
2896406940,-8.228786477,
2897006900,-8.265942388,
2897606860,-8.259048955,
2898206820,-8.297971646,
2898806780,-8.325169607,
2899406740,-8.271920346,
2900006700,-8.299289592,
2900606660,-8.332118312,
2901206620,-8.301425654,
2901806580,-8.368525436,
2902406540,-8.425787571,
2903006500,-8.37079179,
2903606460,-8.438978786,
2904206420,-8.477699082,
2904806380,-8.372709508,
2905406340,-8.492831186,
2906006300,-8.467795654,
2906606260,-8.561513991,
2907206220,-8.510217116,
2907806180,-8.602484082,
2908406140,-8.658564489,
2909006100,-8.594788202,
2909606060,-8.538882729,
2910206020,-8.563391784,
2910805980,-8.665948799,
2911405940,-8.748422652,
2912005900,-8.771029334,
2912605860,-8.724874949,
2913205820,-8.622688931,
2913805780,-8.695935576,
2914405740,-8.836373656,
2915005700,-8.739635562,
2915605660,-8.801002282,
2916205620,-8.884010061,
2916805580,-8.753818739,
2917405540,-8.774337632,
2918005500,-8.786129454,
2918605460,-8.836002467,
2919205420,-8.89608948,
2919805380,-8.952855048,
2920405340,-8.952298353,
2921005300,-8.933237386,
2921605260,-8.953288492,
2922205220,-8.964263961,
2922805180,-8.765550982,
2923405140,-8.948899282,
2924005100,-8.929024436,
2924605059,-9.020323437,
2925205019,-9.014564113,
2925804979,-8.891199017,
2926404939,-9.007784315,
2927004899,-9.033503504,
2927604859,-9.060447306,
2928204819,-9.029959102,
2928804779,-9.156086914,
2929404739,-8.959999253,
2930004699,-8.987245751,
2930604659,-9.033586145,
2931204619,-9.076830288,
2931804579,-9.077284533,
2932404539,-9.069366541,
2933004499,-9.00251171,
2933604459,-8.974185078,
2934204419,-9.109696884,
2934804379,-9.099623693,
2935404339,-9.108848208,
2936004299,-9.252223399,
2936604259,-9.232541517,
2937204219,-9.031060584,
2937804179,-9.116138938,
2938404139,-9.204390469,
2939004099,-9.160187527,
2939604059,-9.406607714,
2940204019,-9.231212872,
2940803979,-9.245690576,
2941403939,-9.196914548,
2942003899,-9.275109277,
2942603859,-9.250353047,
2943203819,-9.272069234,
2943803779,-9.385699775,
2944403739,-9.181264503,
2945003699,-9.147976335,
2945603659,-9.272304243,
2946203619,-9.287367785,
2946803579,-9.344525839,
2947403539,-9.295641007,
2948003499,-9.228425534,
2948603459,-9.424837573,
2949203419,-9.360824288,
2949803379,-9.395848973,
2950403339,-9.33167317,
2951003299,-9.452795367,
2951603259,-9.379062947,
2952203219,-9.415397416,
2952803179,-9.362867989,
2953403139,-9.347401209,
2954003099,-9.383999214,
2954603059,-9.297329054,
2955203019,-9.304995765,
2955802979,-9.329927903,
2956402939,-9.337183153,
2957002899,-9.291557356,
2957602859,-9.208298362,
2958202819,-9.323233233,
2958802779,-9.364848448,
2959402739,-9.529872083,
2960002699,-9.401541153,
2960602659,-9.190016284,
2961202619,-9.346627346,
2961802579,-9.265289276,
2962402539,-9.279786496,
2963002499,-9.343832981,
2963602459,-9.233188467,
2964202419,-9.178378264,
2964802379,-9.291073814,
2965402339,-9.320873273,
2966002299,-9.310370643,
2966602259,-9.211847691,
2967202219,-9.31341805,
2967802179,-9.316459748,
2968402139,-9.134957532,
2969002099,-9.282725544,
2969602059,-9.242852104,
2970202019,-9.170568864,
2970801979,-9.126681211,
2971401939,-9.16435925,
2972001899,-9.106545797,
2972601859,-9.243714896,
2973201819,-9.08924748,
2973801779,-9.174192547,
2974401739,-9.17711833,
2975001699,-9.172303585,
2975601659,-9.187514163,
2976201619,-9.167558014,
2976801579,-9.095562648,
2977401539,-9.191147922,
2978001499,-9.240692011,
2978601459,-9.117675009,
2979201419,-9.030263562,
2979801379,-9.022802021,
2980401339,-9.205731804,
2981001299,-9.049284297,
2981601259,-9.222400061,
2982201219,-9.09634916,
2982801179,-9.127789835,
2983401139,-9.041000682,
2984001099,-9.268911642,
2984601059,-9.061899938,
2985201019,-9.185342477,
2985800979,-9.090517527,
2986400939,-9.079925305,
2987000899,-9.147999014,
2987600859,-8.931339971,
2988200819,-9.028795519,
2988800779,-8.843350998,
2989400739,-9.02371359,
2990000699,-9.101305957,
2990600659,-9.02336323,
2991200619,-9.01271736,
2991800579,-8.812427091,
2992400539,-8.872446497,
2993000499,-9.014731238,
2993600459,-8.926671426,
2994200419,-8.990034916,
2994800379,-8.895427055,
2995400339,-8.945268426,
2996000299,-8.81352635,
2996600259,-8.948815562,
2997200219,-8.827795597,
2997800179,-9.018780062,
2998400139,-8.834903188,
2999000099,-8.821638709,
2999600059,-8.844683507,
3000200019,-8.720134859,
3000799979,-8.740908713,
3001399939,-8.830735492,
3001999899,-8.824202999,
3002599859,-8.676254994,
3003199819,-8.85325121,
3003799779,-8.79074421,
3004399739,-8.808570629,
3004999699,-8.788303338,
3005599659,-8.693409191,
3006199619,-8.824092109,
3006799579,-8.692876542,
3007399539,-8.74221469,
3007999499,-8.746666444,
3008599459,-8.699903377,
3009199419,-8.670758414,
3009799379,-8.711929845,
3010399339,-8.716276292,
3010999299,-8.575564748,
3011599259,-8.656982836,
3012199219,-8.642493922,
3012799179,-8.69752223,
3013399139,-8.587755577,
3013999099,-8.730004952,
3014599059,-8.600467327,
3015199019,-8.649237001,
3015798979,-8.688886018,
3016398939,-8.679611353,
3016998899,-8.593558538,
3017598859,-8.638682485,
3018198819,-8.693769628,
3018798779,-8.453423369,
3019398739,-8.583232553,
3019998699,-8.550344181,
3020598659,-8.559702067,
3021198619,-8.525003078,
3021798579,-8.658792225,
3022398539,-8.478946344,
3022998499,-8.649149757,
3023598459,-8.515171849,
3024198419,-8.597673285,
3024798379,-8.648898747,
3025398339,-8.534008055,
3025998299,-8.537300297,
3026598259,-8.46170817,
3027198219,-8.465123384,
3027798179,-8.503060184,
3028398139,-8.52962107,
3028998099,-8.52768682,
3029598059,-8.438058833,
3030198019,-8.389293363,
3030797979,-8.456195901,
3031397939,-8.496679669,
3031997899,-8.53999677,
3032597859,-8.46665145,
3033197819,-8.45491319,
3033797779,-8.449379396,
3034397739,-8.526509969,
3034997699,-8.515097445,
3035597659,-8.43148709,
3036197619,-8.353834783,
3036797579,-8.496059815,
3037397539,-8.470367853,
3037997499,-8.446508119,
3038597459,-8.431525581,
3039197419,-8.433033236,
3039797379,-8.448739666,
3040397339,-8.465410344,
3040997299,-8.464288567,
3041597259,-8.402521851,
3042197219,-8.328866659,
3042797179,-8.523279022,
3043397139,-8.528626357,
3043997099,-8.406296511,
3044597059,-8.464214124,
3045197019,-8.433124358,
3045796979,-8.491140705,
3046396939,-8.397015532,
3046996899,-8.521768943,
3047596859,-8.406856219,
3048196819,-8.431148207,
3048796779,-8.459617962,
3049396739,-8.441831128,
3049996699,-8.399378867,
3050596659,-8.327790316,
3051196619,-8.552012018,
3051796579,-8.398737027,
3052396539,-8.387009379,
3052996499,-8.400985154,
3053596459,-8.393441638,
3054196419,-8.472178971,
3054796379,-8.458494972,
3055396339,-8.423692519,
3055996299,-8.474528247,
3056596259,-8.386314992,
3057196219,-8.35925465,
3057796179,-8.418517751,
3058396139,-8.343816978,
3058996099,-8.357769641,
3059596059,-8.43327,
3060196019,-8.470698552,
3060795979,-8.461511539,
3061395939,-8.397900731,
3061995899,-8.425059002,
3062595859,-8.41518445,
3063195819,-8.323195876,
3063795779,-8.432050778,
3064395739,-8.479159459,
3064995699,-8.374874116,
3065595659,-8.397176802,
3066195619,-8.40401682,
3066795579,-8.361105806,
3067395539,-8.595043928,
3067995499,-8.405631955,
3068595459,-8.485466982,
3069195419,-8.390733036,
3069795379,-8.483077478,
3070395339,-8.456604545,
3070995299,-8.398746349,
3071595259,-8.506679633,
3072195219,-8.50258054,
3072795179,-8.383173151,
3073395139,-8.395093701,
3073995099,-8.367419121,
3074595059,-8.485858334,
3075195019,-8.553884075,
3075794979,-8.357833752,
3076394939,-8.437507244,
3076994899,-8.456605005,
3077594859,-8.420318933,
3078194818,-8.478593527,
3078794778,-8.538473539,
3079394738,-8.459979553,
3079994698,-8.507422333,
3080594658,-8.489287106,
3081194618,-8.581865088,
3081794578,-8.451679816,
3082394538,-8.497705927,
3082994498,-8.505446668,
3083594458,-8.541810725,
3084194418,-8.529505645,
3084794378,-8.457712158,
3085394338,-8.560580104,
3085994298,-8.574010754,
3086594258,-8.493435066,
3087194218,-8.552371781,
3087794178,-8.418043942,
3088394138,-8.621512253,
3088994098,-8.60478825,
3089594058,-8.526335222,
3090194018,-8.550752598,
3090793978,-8.522551007,
3091393938,-8.593248186,
3091993898,-8.598301142,
3092593858,-8.501106352,
3093193818,-8.548943863,
3093793778,-8.591851007,
3094393738,-8.614327656,
3094993698,-8.524729259,
3095593658,-8.524625597,
3096193618,-8.521251777,
3096793578,-8.59063855,
3097393538,-8.664619945,
3097993498,-8.680898287,
3098593458,-8.670787924,
3099193418,-8.678889544,
3099793378,-8.680869836,
3100393338,-8.626644728,
3100993298,-8.59034885,
3101593258,-8.629558679,
3102193218,-8.609040856,
3102793178,-8.677247229,
3103393138,-8.64916092,
3103993098,-8.711801458,
3104593058,-8.702726086,
3105193018,-8.638732268,
3105792978,-8.768199365,
3106392938,-8.804460189,
3106992898,-8.800230552,
3107592858,-8.758061886,
3108192818,-8.74520442,
3108792778,-8.701025165,
3109392738,-8.663152449,
3109992698,-8.77980354,
3110592658,-8.761501541,
3111192618,-8.77598362,
3111792578,-8.828924715,
3112392538,-8.726331809,
3112992498,-8.855174668,
3113592458,-8.786358154,
3114192418,-8.815840392,
3114792378,-8.815128285,
3115392338,-8.875405632,
3115992298,-8.924937409,
3116592258,-8.891639049,
3117192218,-8.786646225,
3117792178,-8.887496613,
3118392138,-8.830296514,
3118992098,-8.867487907,
3119592058,-8.899869033,
3120192018,-8.880105922,
3120791978,-8.91898756,
3121391938,-8.915592643,
3121991898,-8.904892388,
3122591858,-9.035282358,
3123191818,-8.9110854,
3123791778,-9.083221252,
3124391738,-8.998537685,
3124991698,-8.841530769,
3125591658,-8.902964313,
3126191618,-8.885185999,
3126791578,-8.970748729,
3127391538,-9.02308419,
3127991498,-8.917670894,
3128591458,-9.093239376,
3129191418,-8.945261867,
3129791378,-9.073519104,
3130391338,-8.860031613,
3130991298,-9.116951034,
3131591258,-9.153019719,
3132191218,-9.109756401,
3132791178,-9.085043943,
3133391138,-9.185595498,
3133991098,-9.176729406,
3134591058,-9.143909288,
3135191018,-9.103191488,
3135790978,-9.185131698,
3136390938,-9.127705299,
3136990898,-9.061952778,
3137590858,-9.30486759,
3138190818,-9.2527199,
3138790778,-9.222133971,
3139390738,-9.354673695,
3139990698,-9.350781272,
3140590658,-9.428509901,
3141190618,-9.261819362,
3141790578,-9.410302936,
3142390538,-9.54490243,
3142990498,-9.56013003,
3143590458,-9.329674213,
3144190418,-9.428638155,
3144790378,-9.455198056,
3145390338,-9.689057432,
3145990298,-9.611350281,
3146590258,-9.538073904,
3147190218,-9.431223245,
3147790178,-9.718492622,
3148390138,-9.48725542,
3148990098,-9.498389989,
3149590058,-9.474313933,
3150190018,-9.448845659,
3150789978,-9.603845691,
3151389938,-9.92210429,
3151989898,-9.674586488,
3152589858,-9.448859775,
3153189818,-9.647829637,
3153789778,-9.461872156,
3154389738,-9.684434273,
3154989698,-9.689787578,
3155589658,-9.660887246,
3156189618,-9.587104364,
3156789578,-9.827514504,
3157389538,-9.793299387,
3157989498,-9.702224411,
3158589458,-9.75923952,
3159189418,-9.716965539,
3159789378,-9.69491319,
3160389338,-9.87231279,
3160989298,-9.862231709,
3161589258,-9.713369173,
3162189218,-9.725298497,
3162789178,-9.709420154,
3163389138,-9.700279703,
3163989098,-9.73951678,
3164589058,-9.773031891,
3165189018,-9.830764432,
3165788978,-9.927644036,
3166388938,-9.91454552,
3166988898,-9.805731144,
3167588858,-9.735394734,
3168188818,-9.734126611,
3168788778,-9.883755092,
3169388738,-9.940321919,
3169988698,-9.918599572,
3170588658,-9.950559589,
3171188618,-9.890128731,
3171788578,-9.89678829,
3172388538,-9.869921426,
3172988498,-9.797949559,
3173588458,-9.894486235,
3174188418,-9.963959173,
3174788378,-9.926448609,
3175388338,-9.902582675,
3175988298,-9.933664984,
3176588258,-9.992840436,
3177188218,-9.933331861,
3177788178,-10.01974849,
3178388138,-10.08731405,
3178988098,-9.980945406,
3179588058,-9.988694954,
3180188018,-9.94577643,
3180787978,-10.01928463,
3181387938,-9.946206419,
3181987898,-9.883542768,
3182587858,-10.06021843,
3183187818,-10.0409723,
3183787778,-9.968477827,
3184387738,-10.08917942,
3184987698,-9.916602001,
3185587658,-10.0639482,
3186187618,-10.11303765,
3186787578,-10.04052307,
3187387538,-9.99448811,
3187987498,-10.11438914,
3188587458,-10.01316428,
3189187418,-10.06805504,
3189787378,-10.07635283,
3190387338,-9.987466021,
3190987298,-9.899575216,
3191587258,-10.03328442,
3192187218,-10.09990539,
3192787178,-10.06275327,
3193387138,-10.0221407,
3193987098,-10.12906844,
3194587058,-10.0117563,
3195187018,-10.08063395,
3195786978,-10.07867337,
3196386938,-10.02530831,
3196986898,-10.17613375,
3197586858,-10.08839936,
3198186818,-10.04665902,
3198786778,-10.09046241,
3199386738,-10.11590387,
3199986698,-9.965745417,
3200586658,-10.01037631,
3201186618,-10.09691721,
3201786578,-10.0705289,
3202386538,-10.21632117,
3202986498,-10.17067659,
3203586458,-10.07266382,
3204186418,-10.06778518,
3204786378,-10.12864735,
3205386338,-10.03387452,
3205986298,-9.922911254,
3206586258,-10.18490541,
3207186218,-10.17151449,
3207786178,-10.04886627,
3208386138,-10.05030717,
3208986098,-10.03878815,
3209586058,-10.00258625,
3210186018,-10.05990927,
3210785978,-10.05125422,
3211385938,-10.01387051,
3211985898,-9.980163727,
3212585858,-9.950348815,
3213185818,-10.01954062,
3213785778,-10.00059548,
3214385738,-10.03722293,
3214985698,-9.996393679,
3215585658,-10.06693619,
3216185618,-10.00681076,
3216785578,-9.99479785,
3217385538,-9.963912258,
3217985498,-10.04143366,
3218585458,-9.92365597,
3219185418,-10.05361134,
3219785378,-9.948374886,
3220385338,-9.931505089,
3220985298,-9.955591395,
3221585258,-9.798870166,
3222185218,-9.937629105,
3222785178,-9.985410882,
3223385138,-9.973876696,
3223985098,-9.970076648,
3224585058,-9.860578711,
3225185018,-9.871226667,
3225784978,-9.941000358,
3226384938,-9.932476636,
3226984898,-10.01763155,
3227584858,-9.857090192,
3228184818,-9.869814197,
3228784778,-9.758787453,
3229384738,-9.897568859,
3229984698,-9.924340023,
3230584658,-9.712819515,
3231184618,-9.815044995,
3231784578,-9.697802398,
3232384537,-9.735188779,
3232984497,-9.701133631,
3233584457,-9.773605189,
3234184417,-9.825688144,
3234784377,-9.716868789,
3235384337,-9.704825506,
3235984297,-9.725400483,
3236584257,-9.675382097,
3237184217,-9.702169182,
3237784177,-9.690785218,
3238384137,-9.684687376,
3238984097,-9.769233373,
3239584057,-9.640832222,
3240184017,-9.672908757,
3240783977,-9.636708195,
3241383937,-9.711202796,
3241983897,-9.737373178,
3242583857,-9.614174999,
3243183817,-9.587890544,
3243783777,-9.696122519,
3244383737,-9.801085807,
3244983697,-9.586066074,
3245583657,-9.573181556,
3246183617,-9.66481972,
3246783577,-9.612310667,
3247383537,-9.606341267,
3247983497,-9.547669626,
3248583457,-9.593115401,
3249183417,-9.592818426,
3249783377,-9.390985964,
3250383337,-9.521490913,
3250983297,-9.528541783,
3251583257,-9.502769618,
3252183217,-9.471673843,
3252783177,-9.391274202,
3253383137,-9.591440528,
3253983097,-9.56098572,
3254583057,-9.461073623,
3255183017,-9.502425584,
3255782977,-9.364921226,
3256382937,-9.306339884,
3256982897,-9.431064547,
3257582857,-9.389321686,
3258182817,-9.509609618,
3258782777,-9.428305445,
3259382737,-9.467205947,
3259982697,-9.411558427,
3260582657,-9.458235992,
3261182617,-9.338315263,
3261782577,-9.299997385,
3262382537,-9.290396369,
3262982497,-9.487850445,
3263582457,-9.370377271,
3264182417,-9.290812558,
3264782377,-9.348447222,
3265382337,-9.423324056,
3265982297,-9.489300712,
3266582257,-9.382981645,
3267182217,-9.314244477,
3267782177,-9.396835348,
3268382137,-9.357725011,
3268982097,-9.396574605,
3269582057,-9.25578685,
3270182017,-9.285253643,
3270781977,-9.286320638,
3271381937,-9.319650616,
3271981897,-9.216891921,
3272581857,-9.110354436,
3273181817,-9.382904216,
3273781777,-9.298908204,
3274381737,-9.255868981,
3274981697,-9.224029703,
3275581657,-9.300814701,
3276181617,-9.266096033,
3276781577,-9.30062549,
3277381537,-9.231229026,
3277981497,-9.264793261,
3278581457,-9.29757825,
3279181417,-9.328307682,
3279781377,-9.337639278,
3280381337,-9.281909545,
3280981297,-9.208452984,
3281581257,-9.210465292,
3282181217,-9.242839302,
3282781177,-9.288409853,
3283381137,-9.246521048,
3283981097,-9.233915191,
3284581057,-9.207468696,
3285181017,-9.215949915,
3285780977,-9.326471962,
3286380937,-9.371315877,
3286980897,-9.234642398,
3287580857,-9.22891166,
3288180817,-9.26415096,
3288780777,-9.213569198,
3289380737,-9.406170253,
3289980697,-9.148151372,
3290580657,-9.305307236,
3291180617,-9.307658165,
3291780577,-9.211950886,
3292380537,-9.253112959,
3292980497,-9.20203482,
3293580457,-9.243693834,
3294180417,-9.149259024,
3294780377,-9.245156666,
3295380337,-9.197112466,
3295980297,-9.255186804,
3296580257,-9.239083676,
3297180217,-9.155704976,
3297780177,-9.166918349,
3298380137,-9.230004072,
3298980097,-9.100899986,
3299580057,-9.368000319,
3300180017,-9.090037423,
3300779977,-9.268560412,
3301379937,-9.191844701,
3301979897,-9.234187835,
3302579857,-9.234814637,
3303179817,-9.274870501,
3303779777,-9.132783224,
3304379737,-9.225598716,
3304979697,-9.35726199,
3305579657,-9.191530947,
3306179617,-9.253116074,
3306779577,-9.29761927,
3307379537,-9.187732888,
3307979497,-9.313455857,
3308579457,-9.196332092,
3309179417,-9.235113498,
3309779377,-9.278449651,
3310379337,-9.298541361,
3310979297,-9.302011328,
3311579257,-9.11969345,
3312179217,-9.180706851,
3312779177,-9.35036129,
3313379137,-9.323504877,
3313979097,-9.271950343,
3314579057,-9.299518969,
3315179017,-9.320265197,
3315778977,-9.261432967,
3316378937,-9.205342939,
3316978897,-9.20708054,
3317578857,-9.28456076,
3318178817,-9.315812282,
3318778777,-9.238629099,
3319378737,-9.261331323,
3319978697,-9.283481414,
3320578657,-9.269058412,
3321178617,-9.225232568,
3321778577,-9.301727462,
3322378537,-9.240085624,
3322978497,-9.223669484,
3323578457,-9.313004747,
3324178417,-9.316295562,
3324778377,-9.322518789,
3325378337,-9.268656637,
3325978297,-9.136051053,
3326578257,-9.322283402,
3327178217,-9.343450771,
3327778177,-9.381662682,
3328378137,-9.304857767,
3328978097,-9.308748781,
3329578057,-9.258722605,
3330178017,-9.260076124,
3330777977,-9.196944583,
3331377937,-9.326940093,
3331977897,-9.217524179,
3332577857,-9.336899297,
3333177817,-9.354088493,
3333777777,-9.264707309,
3334377737,-9.389534338,
3334977697,-9.227707016,
3335577657,-9.258020994,
3336177617,-9.424800879,
3336777577,-9.354500369,
3337377537,-9.377673895,
3337977497,-9.231627499,
3338577457,-9.312274302,
3339177417,-9.39692188,
3339777377,-9.272442519,
3340377337,-9.414614854,
3340977297,-9.386880618,
3341577257,-9.322494551,
3342177217,-9.320074806,
3342777177,-9.392611638,
3343377137,-9.33993906,
3343977097,-9.37880798,
3344577057,-9.223850405,
3345177017,-9.345101117,
3345776977,-9.440435175,
3346376937,-9.438269158,
3346976897,-9.373854533,
3347576857,-9.391774537,
3348176817,-9.498243412,
3348776777,-9.375683232,
3349376737,-9.376761881,
3349976697,-9.329508065,
3350576657,-9.361223345,
3351176617,-9.424649894,
3351776577,-9.338963868,
3352376537,-9.380665842,
3352976497,-9.44358927,
3353576457,-9.520846159,
3354176417,-9.391480734,
3354776377,-9.491885945,
3355376337,-9.505397466,
3355976297,-9.588571843,
3356576257,-9.465501945,
3357176217,-9.386618305,
3357776177,-9.451153356,
3358376137,-9.434332939,
3358976097,-9.577986514,
3359576057,-9.465703881,
3360176017,-9.488566553,
3360775977,-9.522352206,
3361375937,-9.372927338,
3361975897,-9.458502997,
3362575857,-9.416783154,
3363175817,-9.594031168,
3363775777,-9.549426026,
3364375737,-9.357265727,
3364975697,-9.578114201,
3365575657,-9.459258436,
3366175617,-9.772280547,
3366775577,-9.60019273,
3367375537,-9.557691938,
3367975497,-9.71945429,
3368575457,-9.401733762,
3369175417,-9.561790231,
3369775377,-9.704532184,
3370375337,-9.657495908,
3370975297,-9.590553986,
3371575257,-9.767913901,
3372175217,-9.489398027,
3372775177,-9.662932791,
3373375137,-9.547233677,
3373975097,-9.541203037,
3374575057,-9.628997748,
3375175017,-9.701041216,
3375774977,-9.494855044,
3376374937,-9.522906697,
3376974897,-9.497716841,
3377574857,-9.769631402,
3378174817,-9.839008881,
3378774777,-9.763118725,
3379374737,-9.683462103,
3379974697,-9.617538108,
3380574657,-9.776819002,
3381174617,-9.795380933,
3381774577,-9.616539756,
3382374537,-9.667871748,
3382974497,-9.798080095,
3383574457,-9.756483411,
3384174417,-9.692531737,
3384774377,-9.669500597,
3385374337,-9.555949303,
3385974296,-9.820119548,
3386574256,-9.613125242,
3387174216,-9.745958532,
3387774176,-9.742739928,
3388374136,-9.762140679,
3388974096,-9.989463776,
3389574056,-9.785326273,
3390174016,-9.655610396,
3390773976,-9.952536709,
3391373936,-10.00594243,
3391973896,-9.974493602,
3392573856,-9.894926139,
3393173816,-9.946245438,
3393773776,-9.74349835,
3394373736,-9.911474858,
3394973696,-9.941498646,
3395573656,-10.11184117,
3396173616,-10.13934154,
3396773576,-9.931504425,
3397373536,-10.12442914,
3397973496,-10.07693203,
3398573456,-10.02342284,
3399173416,-10.18053549,
3399773376,-10.13962686,
3400373336,-10.18921006,
3400973296,-10.1480364,
3401573256,-10.33628413,
3402173216,-10.16701188,
3402773176,-10.32609993,
3403373136,-10.24023322,
3403973096,-10.37425792,
3404573056,-10.33217078,
3405173016,-10.23758745,
3405772976,-10.26050953,
3406372936,-10.2067831,
3406972896,-10.26946636,
3407572856,-10.26677081,
3408172816,-10.39173423,
3408772776,-10.13108399,
3409372736,-10.26169757,
3409972696,-10.27977146,
3410572656,-10.40628346,
3411172616,-10.30179962,
3411772576,-10.45080046,
3412372536,-10.33313853,
3412972496,-10.19327497,
3413572456,-10.33826439,
3414172416,-10.28697647,
3414772376,-10.24894652,
3415372336,-10.36209047,
3415972296,-10.29719199,
3416572256,-10.5770426,
3417172216,-10.38364715,
3417772176,-10.49374224,
3418372136,-10.32472965,
3418972096,-10.47319905,
3419572056,-10.37402641,
3420172016,-10.32705508,
3420771976,-10.48306735,
3421371936,-10.35251834,
3421971896,-10.37334373,
3422571856,-10.34285335,
3423171816,-10.44700101,
3423771776,-10.39062578,
3424371736,-10.51025253,
3424971696,-10.38755423,
3425571656,-10.53943708,
3426171616,-10.6836824,
3426771576,-10.45322749,
3427371536,-10.37738936,
3427971496,-10.63655725,
3428571456,-10.41251364,
3429171416,-10.45538457,
3429771376,-10.40728874,
3430371336,-10.46245271,
3430971296,-10.33300817,
3431571256,-10.35950902,
3432171216,-10.43229705,
3432771176,-10.4454518,
3433371136,-10.36459898,
3433971096,-10.33773557,
3434571056,-10.45529845,
3435171016,-10.56692104,
3435770976,-10.53744916,
3436370936,-10.3718269,
3436970896,-10.44445078,
3437570856,-10.42264533,
3438170816,-10.45662228,
3438770776,-10.61694369,
3439370736,-10.60903675,
3439970696,-10.45816774,
3440570656,-10.39850975,
3441170616,-10.51194533,
3441770576,-10.47197271,
3442370536,-10.53511802,
3442970496,-10.57742213,
3443570456,-10.48944158,
3444170416,-10.45213453,
3444770376,-10.30991804,
3445370336,-10.44366648,
3445970296,-10.38334194,
3446570256,-10.50201582,
3447170216,-10.49480875,
3447770176,-10.40397194,
3448370136,-10.69089352,
3448970096,-10.41175534,
3449570056,-10.36187143,
3450170016,-10.51451778,
3450769976,-10.48092877,
3451369936,-10.42048058,
3451969896,-10.60922542,
3452569856,-10.44053248,
3453169816,-10.39886554,
3453769776,-10.42360069,
3454369736,-10.45161246,
3454969696,-10.40275623,
3455569656,-10.42675278,
3456169616,-10.50429012,
3456769576,-10.31630328,
3457369536,-10.48878637,
3457969496,-10.48634077,
3458569456,-10.28484116,
3459169416,-10.36998374,
3459769376,-10.48967644,
3460369336,-10.4959273,
3460969296,-10.41348694,
3461569256,-10.38746119,
3462169216,-10.61357095,
3462769176,-10.30956326,
3463369136,-10.46683186,
3463969096,-10.25697048,
3464569056,-10.31658723,
3465169016,-10.41238906,
3465768976,-10.37620223,
3466368936,-10.52018342,
3466968896,-10.34344666,
3467568856,-10.43748579,
3468168816,-10.46204851,
3468768776,-10.38562972,
3469368736,-10.3716393,
3469968696,-10.31559355,
3470568656,-10.39264188,
3471168616,-10.33300195,
3471768576,-10.32075903,
3472368536,-10.3106014,
3472968496,-10.31985021,
3473568456,-10.32410647,
3474168416,-10.38609154,
3474768376,-10.46228629,
3475368336,-10.19190994,
3475968296,-10.26074498,
3476568256,-10.15005978,
3477168216,-10.29604516,
3477768176,-10.34464755,
3478368136,-10.29195584,
3478968096,-10.15029263,
3479568056,-10.29944952,
3480168016,-10.19519429,
3480767976,-10.13125023,
3481367936,-10.25470372,
3481967896,-10.34180569,
3482567856,-10.37810769,
3483167816,-10.20120661,
3483767776,-10.12559182,
3484367736,-10.10195535,
3484967696,-10.19237798,
3485567656,-10.1480093,
3486167616,-10.17039012,
3486767576,-10.11852405,
3487367536,-10.24457868,
3487967496,-10.15171332,
3488567456,-10.0894316,
3489167416,-10.32292575,
3489767376,-10.07725353,
3490367336,-10.12613728,
3490967296,-10.13959716,
3491567256,-9.958512274,
3492167216,-9.913828047,
3492767176,-9.981264376,
3493367136,-9.971031217,
3493967096,-10.11316231,
3494567056,-9.985039016,
3495167016,-10.15683638,
3495766976,-10.01743482,
3496366936,-10.13887178,
3496966896,-9.975806894,
3497566856,-10.20348688,
3498166816,-10.110888,
3498766776,-9.839448251,
3499366736,-9.932179374,
3499966696,-9.968261626,
3500566656,-9.897005004,
3501166616,-9.89053554,
3501766576,-9.926237502,
3502366536,-9.963097072,
3502966496,-9.755031993,
3503566456,-9.883413864,
3504166416,-9.954903194,
3504766376,-9.978738006,
3505366336,-10.00282959,
3505966296,-9.937329307,
3506566256,-9.875113853,
3507166216,-9.817079459,
3507766176,-9.925237169,
3508366136,-9.878573171,
3508966096,-9.923544296,
3509566056,-9.785736116,
3510166016,-9.79352359,
3510765976,-9.796812381,
3511365936,-9.798431751,
3511965896,-9.623766154,
3512565856,-9.839819949,
3513165816,-9.840448698,
3513765776,-9.806365786,
3514365736,-9.776320583,
3514965696,-9.897144565,
3515565656,-9.762473483,
3516165616,-9.82177261,
3516765576,-9.795189021,
3517365536,-9.903019712,
3517965496,-9.896968661,
3518565456,-9.743220363,
3519165416,-9.779070419,
3519765376,-9.758253568,
3520365336,-9.673640489,
3520965296,-9.874252416,
3521565256,-9.76038198,
3522165216,-9.723114931,
3522765176,-9.774703759,
3523365136,-9.743011331,
3523965096,-9.929117669,
3524565056,-9.719090017,
3525165016,-9.771071909,
3525764976,-10.02067489,
3526364936,-9.723705148,
3526964896,-9.714590824,
3527564856,-9.842687758,
3528164816,-9.807117627,
3528764776,-9.89043202,
3529364736,-9.624188708,
3529964696,-9.717044065,
3530564656,-9.75200195,
3531164616,-9.826707615,
3531764576,-9.695413429,
3532364536,-9.752983846,
3532964496,-9.609064993,
3533564456,-9.640282846,
3534164416,-9.687982379,
3534764376,-9.702889618,
3535364336,-9.755576599,
3535964296,-9.663584512,
3536564256,-9.8038017,
3537164216,-9.698825774,
3537764176,-9.767778381,
3538364136,-9.635843894,
3538964096,-9.684545918,
3539564055,-9.671933855,
3540164015,-9.656299903,
3540763975,-9.846522868,
3541363935,-9.703332286,
3541963895,-9.833247249,
3542563855,-9.940300176,
3543163815,-9.738206302,
3543763775,-9.843701878,
3544363735,-9.619943423,
3544963695,-9.680492709,
3545563655,-9.704739288,
3546163615,-9.615579493,
3546763575,-9.607968157,
3547363535,-9.725716133,
3547963495,-9.660249405,
3548563455,-9.628149313,
3549163415,-9.812669343,
3549763375,-9.576379773,
3550363335,-9.569835269,
3550963295,-9.894244226,
3551563255,-9.7607694,
3552163215,-9.691044209,
3552763175,-9.692068191,
3553363135,-9.888178983,
3553963095,-9.633253987,
3554563055,-9.738514774,
3555163015,-9.665705621,
3555762975,-9.678091105,
3556362935,-9.738716576,
3556962895,-9.725476235,
3557562855,-9.672904125,
3558162815,-9.739769445,
3558762775,-9.76166225,
3559362735,-9.756314862,
3559962695,-9.757233022,
3560562655,-9.745572627,
3561162615,-9.669961123,
3561762575,-9.638319993,
3562362535,-9.745915945,
3562962495,-9.840520558,
3563562455,-9.771492183,
3564162415,-9.499456516,
3564762375,-9.784704127,
3565362335,-9.68211774,
3565962295,-9.700304737,
3566562255,-9.774986208,
3567162215,-9.620508585,
3567762175,-9.651447458,
3568362135,-9.829204285,
3568962095,-9.834843998,
3569562055,-9.716997006,
3570162015,-9.962852852,
3570761975,-9.863321685,
3571361935,-10.11915916,
3571961895,-9.731125915,
3572561855,-9.977483895,
3573161815,-9.815076289,
3573761775,-9.637413779,
3574361735,-9.770037197,
3574961695,-9.608858303,
3575561655,-9.860339855,
3576161615,-9.748025186,
3576761575,-9.964770968,
3577361535,-9.741238655,
3577961495,-9.877312654,
3578561455,-9.866667352,
3579161415,-9.802415601,
3579761375,-9.740450368,
3580361335,-9.866818727,
3580961295,-9.940858192,
3581561255,-9.954159362,
3582161215,-9.798635318,
3582761175,-9.832545692,
3583361135,-9.676810229,
3583961095,-9.888243028,
3584561055,-9.844529164,
3585161015,-9.861167881,
3585760975,-9.764811596,
3586360935,-9.672656629,
3586960895,-9.945387423,
3587560855,-10.16003202,
3588160815,-9.74818017,
3588760775,-9.698519474,
3589360735,-10.02531101,
3589960695,-9.717835105,
3590560655,-9.745859711,
3591160615,-9.975828903,
3591760575,-9.741635705,
3592360535,-9.821187937,
3592960495,-9.763819225,
3593560455,-9.955523866,
3594160415,-9.865425597,
3594760375,-9.815585253,
3595360335,-9.942307133,
3595960295,-10.00037815,
3596560255,-9.902254628,
3597160215,-9.938363319,
3597760175,-9.966124077,
3598360135,-10.04345045,
3598960095,-9.770378591,
3599560055,-10.01714328,
3600160015,-9.710046068,
3600759975,-10.05846241,
3601359935,-9.915600006,
3601959895,-9.93869281,
3602559855,-10.03658304,
3603159815,-10.13562136,
3603759775,-9.979720442,
3604359735,-9.946747996,
3604959695,-10.05434745,
3605559655,-9.939419152,
3606159615,-10.06071692,
3606759575,-9.861040205,
3607359535,-10.08969326,
3607959495,-10.12077054,
3608559455,-9.868570201,
3609159415,-10.00443006,
3609759375,-9.940037468,
3610359335,-9.916017348,
3610959295,-10.10394485,
3611559255,-10.069867,
3612159215,-10.01511979,
3612759175,-10.22589607,
3613359135,-10.14717507,
3613959095,-9.978865649,
3614559055,-10.01433139,
3615159015,-10.19498013,
3615758975,-10.13930371,
3616358935,-10.21138734,
3616958895,-10.12532367,
3617558855,-10.19012383,
3618158815,-10.18570905,
3618758775,-10.27815567,
3619358735,-10.33260317,
3619958695,-10.48723406,
3620558655,-10.27327358,
3621158615,-10.27032265,
3621758575,-10.31529669,
3622358535,-10.23416115,
3622958495,-10.4125889,
3623558455,-10.31755267,
3624158415,-10.37491591,
3624758375,-10.17478042,
3625358335,-10.24648934,
3625958295,-10.35631374,
3626558255,-10.39564511,
3627158215,-10.45272356,
3627758175,-10.25780325,
3628358135,-10.23428848,
3628958095,-10.5390123,
3629558055,-10.35528014,
3630158015,-10.33041799,
3630757975,-10.42746172,
3631357935,-10.20465753,
3631957895,-10.45121182,
3632557855,-10.45024354,
3633157815,-10.36238984,
3633757775,-10.52608942,
3634357735,-10.29320219,
3634957695,-10.36962948,
3635557655,-10.52905376,
3636157615,-10.53268699,
3636757575,-10.41974599,
3637357535,-10.48368743,
3637957495,-10.41523971,
3638557455,-10.51201331,
3639157415,-10.4092502,
3639757375,-10.5562259,
3640357335,-10.41389711,
3640957295,-10.56965439,
3641557255,-10.61528325,
3642157215,-10.406736,
3642757175,-10.5342059,
3643357135,-10.52074248,
3643957095,-10.50115174,
3644557055,-10.34414809,
3645157015,-10.47763126,
3645756975,-10.48403534,
3646356935,-10.65618533,
3646956895,-10.66900294,
3647556855,-10.50443856,
3648156815,-10.50090208,
3648756775,-10.48219469,
3649356735,-10.54950568,
3649956695,-10.63074964,
3650556655,-10.5889989,
3651156615,-10.58255829,
3651756575,-10.61406498,
3652356535,-10.61336204,
3652956495,-10.57675493,
3653556455,-10.65436421,
3654156415,-10.64582086,
3654756375,-10.67834334,
3655356335,-10.61525759,
3655956295,-10.77668443,
3656556255,-10.77810164,
3657156215,-10.72579619,
3657756175,-10.69657079,
3658356135,-10.8940277,
3658956095,-10.63622914,
3659556055,-10.70420301,
3660156015,-10.93125829,
3660755975,-10.84750906,
3661355935,-10.75910074,
3661955895,-10.95185995,
3662555855,-10.83897699,
3663155815,-10.929085,
3663755775,-10.73740144,
3664355735,-10.98642627,
3664955695,-10.8751404,
3665555655,-11.0087979,
3666155615,-10.95626348,
3666755575,-11.00048878,
3667355535,-10.91291558,
3667955495,-10.95923787,
3668555455,-11.01076762,
3669155415,-10.82643815,
3669755375,-10.86759285,
3670355335,-10.93357994,
3670955295,-10.86128147,
3671555255,-11.06354317,
3672155215,-11.12105583,
3672755175,-11.11159729,
3673355135,-10.96395178,
3673955095,-10.91518492,
3674555055,-10.97230593,
3675155015,-11.14690494,
3675754975,-11.0101518,
3676354935,-10.8959568,
3676954895,-10.99801928,
3677554855,-11.17331814,
3678154815,-11.11900835,
3678754775,-11.13792091,
3679354735,-11.26081847,
3679954695,-11.03369751,
3680554655,-11.11140711,
3681154615,-11.15557163,
3681754575,-11.23912621,
3682354535,-11.07667997,
3682954495,-11.26568171,
3683554455,-11.23540441,
3684154415,-11.18287733,
3684754375,-10.9451823,
3685354335,-11.16907691,
3685954295,-11.27946078,
3686554255,-11.08459332,
3687154215,-11.26185229,
3687754175,-11.14555721,
3688354135,-11.17776494,
3688954095,-11.15738503,
3689554055,-11.07031126,
3690154015,-11.12412165,
3690753975,-11.16017962,
3691353935,-11.19800476,
3691953895,-10.95747478,
3692553855,-11.33436023,
3693153815,-11.34741404,
3693753774,-11.38483774,
3694353734,-11.31073406,
3694953694,-11.21586907,
3695553654,-11.23303974,
3696153614,-11.279187,
3696753574,-11.2224557,
3697353534,-11.24408762,
3697953494,-11.35338079,
3698553454,-11.30996779,
3699153414,-11.35669393,
3699753374,-11.3048744,
3700353334,-11.45076322,
3700953294,-11.10177318,
3701553254,-11.58014143,
3702153214,-11.20515239,
3702753174,-11.39147388,
3703353134,-11.36557589,
3703953094,-11.15872306,
3704553054,-11.46678714,
3705153014,-11.24645958,
3705752974,-11.0874816,
3706352934,-11.36120596,
3706952894,-11.38344332,
3707552854,-11.44856069,
3708152814,-11.28267224,
3708752774,-11.52056649,
3709352734,-11.1304856,
3709952694,-11.26831715,
3710552654,-11.12241369,
3711152614,-11.20618096,
3711752574,-11.26453361,
3712352534,-11.41597925,
3712952494,-11.36536968,
3713552454,-11.27098273,
3714152414,-11.34613017,
3714752374,-11.30785543,
3715352334,-11.20843028,
3715952294,-11.25693149,
3716552254,-11.21561747,
3717152214,-11.19252921,
3717752174,-11.20920049,
3718352134,-11.14121422,
3718952094,-11.32983522,
3719552054,-11.35475333,
3720152014,-11.19356217,
3720751974,-11.32644068,
3721351934,-11.25417694,
3721951894,-11.12106219,
3722551854,-11.36151464,
3723151814,-11.25623406,
3723751774,-11.16278722,
3724351734,-11.16975952,
3724951694,-11.23637829,
3725551654,-11.28710759,
3726151614,-11.37190696,
3726751574,-11.39621229,
3727351534,-11.17488132,
3727951494,-11.08479321,
3728551454,-11.0327874,
3729151414,-11.29177932,
3729751374,-11.3287379,
3730351334,-11.29173854,
3730951294,-11.35551787,
3731551254,-11.24998401,
3732151214,-11.20206129,
3732751174,-11.26766497,
3733351134,-11.25038443,
3733951094,-11.12728977,
3734551054,-11.32747888,
3735151014,-11.30338626,
3735750974,-11.30251137,
3736350934,-11.23070751,
3736950894,-11.17897623,
3737550854,-11.16221958,
3738150814,-11.42756805,
3738750774,-11.11416794,
3739350734,-11.05731131,
3739950694,-11.18750135,
3740550654,-11.28532688,
3741150614,-11.14215471,
3741750574,-10.98991654,
3742350534,-11.15697118,
3742950494,-11.02974342,
3743550454,-11.1633641,
3744150414,-11.06222596,
3744750374,-11.05556859,
3745350334,-11.0800784,
3745950294,-11.1091805,
3746550254,-11.02140998,
3747150214,-11.21635014,
3747750174,-11.06585555,
3748350134,-10.94526262,
3748950094,-10.916286,
3749550054,-11.08950042,
3750150014,-11.11401568,
3750749974,-10.8430063,
3751349934,-10.85000398,
3751949894,-11.19562994,
3752549854,-10.98025239,
3753149814,-10.81177967,
3753749774,-11.05830467,
3754349734,-10.98779843,
3754949694,-11.07790391,
3755549654,-11.00621903,
3756149614,-10.88200415,
3756749574,-10.82321652,
3757349534,-10.91512867,
3757949494,-11.03855975,
3758549454,-11.08943678,
3759149414,-11.05041237,
3759749374,-10.91502322,
3760349334,-10.90984868,
3760949294,-10.98487541,
3761549254,-10.92080827,
3762149214,-10.71796668,
3762749174,-10.95875828,
3763349134,-10.88333418,
3763949094,-10.68065419,
3764549054,-11.05732851,
3765149014,-10.93696297,
3765748974,-11.02141507,
3766348934,-10.84398411,
3766948894,-10.9750749,
3767548854,-10.90305152,
3768148814,-10.82109176,
3768748774,-10.88242815,
3769348734,-10.82388256,
3769948694,-10.65579815,
3770548654,-10.76142154,
3771148614,-10.82249758,
3771748574,-10.93035406,
3772348534,-10.82561683,
3772948494,-10.91910335,
3773548454,-11.06857687,
3774148414,-10.78165944,
3774748374,-10.77820943,
3775348334,-10.68892325,
3775948294,-10.77129628,
3776548254,-10.79479079,
3777148214,-10.67876317,
3777748174,-10.77413313,
3778348134,-10.72100921,
3778948094,-10.71342316,
3779548054,-10.64657353,
3780148014,-10.87793475,
3780747974,-10.73276332,
3781347934,-10.61549897,
3781947894,-10.57029512,
3782547854,-10.57057942,
3783147814,-10.8206566,
3783747774,-10.64380636,
3784347734,-10.83763601,
3784947694,-10.79253403,
3785547654,-10.68401669,
3786147614,-10.70810806,
3786747574,-10.6228258,
3787347534,-10.81479365,
3787947494,-10.54812483,
3788547454,-10.66829907,
3789147414,-10.68685572,
3789747374,-10.82201644,
3790347334,-10.68542056,
3790947294,-10.65691644,
3791547254,-10.62707224,
3792147214,-10.59486718,
3792747174,-10.83602712,
3793347134,-10.65706391,
3793947094,-10.67704128,
3794547054,-10.81182734,
3795147014,-10.60176668,
3795746974,-10.7123835,
3796346934,-10.79969215,
3796946894,-10.53760676,
3797546854,-10.75873469,
3798146814,-10.73843846,
3798746774,-10.77747215,
3799346734,-10.69277647,
3799946694,-10.5817671,
3800546654,-10.64349626,
3801146614,-10.76084589,
3801746574,-10.71234416,
3802346534,-10.656878,
3802946494,-10.74630266,
3803546454,-10.4550862,
3804146414,-10.5902587,
3804746374,-10.73612468,
3805346334,-10.59601688,
3805946294,-10.72466194,
3806546254,-10.62424592,
3807146214,-10.63397492,
3807746174,-10.61871631,
3808346134,-10.76632443,
3808946094,-10.66940872,
3809546054,-10.51561231,
3810146014,-10.72872208,
3810745974,-10.74081354,
3811345934,-10.72433676,
3811945894,-10.47809361,
3812545854,-10.65734897,
3813145814,-10.87671268,
3813745774,-10.84939195,
3814345734,-10.67677826,
3814945694,-10.63984592,
3815545654,-10.74663681,
3816145614,-10.76349329,
3816745574,-10.85612443,
3817345534,-10.63175659,
3817945494,-10.74783077,
3818545454,-10.60341819,
3819145414,-10.76433649,
3819745374,-10.7958701,
3820345334,-10.73020571,
3820945294,-10.85252207,
3821545254,-10.7367231,
3822145214,-10.80181938,
3822745174,-10.62347462,
3823345134,-10.81338828,
3823945094,-10.95414123,
3824545054,-10.59750614,
3825145014,-10.81467628,
3825744974,-10.79454185,
3826344934,-10.67157847,
3826944894,-10.61304604,
3827544854,-10.84376994,
3828144814,-10.74588821,
3828744774,-10.78006762,
3829344734,-10.78790478,
3829944694,-10.78992643,
3830544654,-10.72241111,
3831144614,-10.84243896,
3831744574,-10.51532943,
3832344534,-10.73922159,
3832944494,-10.79110246,
3833544454,-10.78318173,
3834144414,-10.94647174,
3834744374,-10.87003996,
3835344334,-10.79313275,
3835944294,-10.78467585,
3836544254,-10.83046817,
3837144214,-10.78394715,
3837744174,-10.96122784,
3838344134,-10.86615375,
3838944094,-10.80221267,
3839544054,-10.77659764,
3840144014,-10.86596075,
3840743974,-10.93390392,
3841343934,-10.75429772,
3841943894,-10.93786469,
3842543854,-10.96076346,
3843143814,-10.81510695,
3843743774,-10.81062558,
3844343734,-10.79357533,
3844943694,-10.93702319,
3845543654,-10.82948303,
3846143614,-10.863894,
3846743574,-10.9016194,
3847343533,-10.8935123,
3847943493,-10.96423142,
3848543453,-10.84224608,
3849143413,-11.01186272,
3849743373,-11.04430817,
3850343333,-10.90016586,
3850943293,-10.85826628,
3851543253,-10.84037651,
3852143213,-10.84547794,
3852743173,-10.93906012,
3853343133,-10.86827004,
3853943093,-10.75410133,
3854543053,-10.88190354,
3855143013,-10.9603465,
3855742973,-10.76150681,
3856342933,-10.98578679,
3856942893,-10.82955028,
3857542853,-10.94265302,
3858142813,-10.95839942,
3858742773,-11.02598278,
3859342733,-10.9921974,
3859942693,-11.0057409,
3860542653,-11.16265476,
3861142613,-11.00326387,
3861742573,-10.97719435,
3862342533,-10.92684146,
3862942493,-10.99161614,
3863542453,-10.9699185,
3864142413,-11.09167928,
3864742373,-11.16336859,
3865342333,-11.1417662,
3865942293,-10.8796372,
3866542253,-11.1820728,
3867142213,-10.94434154,
3867742173,-11.21566086,
3868342133,-11.03953008,
3868942093,-10.94829963,
3869542053,-11.00125285,
3870142013,-10.97851865,
3870741973,-11.08044708,
3871341933,-10.98860363,
3871941893,-11.2344069,
3872541853,-11.04640004,
3873141813,-10.99370652,
3873741773,-11.22038027,
3874341733,-11.17661071,
3874941693,-11.18945706,
3875541653,-10.9271343,
3876141613,-11.1497288,
3876741573,-11.14702828,
3877341533,-11.20337674,
3877941493,-11.13602428,
3878541453,-10.96442093,
3879141413,-11.00565827,
3879741373,-11.03770968,
3880341333,-11.1583814,
3880941293,-11.1254605,
3881541253,-11.1504898,
3882141213,-11.2109768,
3882741173,-11.07073727,
3883341133,-11.2288491,
3883941093,-11.14848388,
3884541053,-11.03800232,
3885141013,-11.19355774,
3885740973,-11.47591941,
3886340933,-11.24571919,
3886940893,-11.29069006,
3887540853,-11.30897212,
3888140813,-11.08605931,
3888740773,-11.19818989,
3889340733,-11.31697917,
3889940693,-11.46594156,
3890540653,-11.50044556,
3891140613,-11.31462466,
3891740573,-11.54424699,
3892340533,-11.30044743,
3892940493,-11.51989281,
3893540453,-11.32908843,
3894140413,-11.20659296,
3894740373,-11.42038513,
3895340333,-11.39694393,
3895940293,-11.32239202,
3896540253,-11.49274751,
3897140213,-11.6860555,
3897740173,-11.41985231,
3898340133,-11.61325433,
3898940093,-11.42442722,
3899540053,-11.35664238,
3900140013,-11.51801938,
3900739973,-11.62570392,
3901339933,-11.46100809,
3901939893,-11.69226706,
3902539853,-11.78915794,
3903139813,-11.79607504,
3903739773,-11.93598623,
3904339733,-11.70198843,
3904939693,-11.85551067,
3905539653,-11.68147353,
3906139613,-11.89154683,
3906739573,-11.79075736,
3907339533,-11.80837319,
3907939493,-11.98032792,
3908539453,-12.01610621,
3909139413,-11.94143493,
3909739373,-11.86544157,
3910339333,-11.78287036,
3910939293,-12.14498959,
3911539253,-12.05707395,
3912139213,-12.03746174,
3912739173,-11.96495271,
3913339133,-12.17268854,
3913939093,-12.34095415,
3914539053,-12.2552642,
3915139013,-12.25164846,
3915738973,-11.98641421,
3916338933,-12.37307295,
3916938893,-12.15923944,
3917538853,-12.1874251,
3918138813,-12.31969627,
3918738773,-12.03105479,
3919338733,-12.14121408,
3919938693,-12.27875361,
3920538653,-12.31088685,
3921138613,-12.38530511,
3921738573,-12.11729717,
3922338533,-12.45735475,
3922938493,-12.17535761,
3923538453,-12.44491246,
3924138413,-12.46681012,
3924738373,-12.39816151,
3925338333,-12.38092479,
3925938293,-12.35326569,
3926538253,-12.38187215,
3927138213,-12.5363398,
3927738173,-12.62059239,
3928338133,-12.64593158,
3928938093,-12.54016849,
3929538053,-12.54809651,
3930138013,-12.40091494,
3930737973,-12.35037823,
3931337933,-12.48033074,
3931937893,-12.37272897,
3932537853,-12.6838114,
3933137813,-12.55999088,
3933737773,-12.49109103,
3934337733,-12.3823043,
3934937693,-12.37465748,
3935537653,-12.56744019,
3936137613,-12.56750096,
3936737573,-12.61990032,
3937337533,-12.62457477,
3937937493,-12.76604043,
3938537453,-12.43075975,
3939137413,-12.53195194,
3939737373,-12.56377661,
3940337333,-12.79181764,
3940937293,-12.65409939,
3941537253,-12.62264582,
3942137213,-12.61854859,
3942737173,-12.68517986,
3943337133,-12.75846092,
3943937093,-12.70696792,
3944537053,-12.74575661,
3945137013,-12.78863866,
3945736973,-12.69509083,
3946336933,-12.73498747,
3946936893,-12.97637549,
3947536853,-12.6381971,
3948136813,-12.85245114,
3948736773,-12.7770893,
3949336733,-12.95669066,
3949936693,-12.91833092,
3950536653,-12.83197623,
3951136613,-12.81505715,
3951736573,-12.93837492,
3952336533,-12.9416333,
3952936493,-12.90744347,
3953536453,-12.84109051,
3954136413,-13.04495796,
3954736373,-12.98032607,
3955336333,-12.77512174,
3955936293,-13.09868029,
3956536253,-13.12785982,
3957136213,-13.1493892,
3957736173,-13.03462357,
3958336133,-12.89167566,
3958936093,-12.98937753,
3959536053,-12.87043589,
3960136013,-13.04255655,
3960735973,-13.00820038,
3961335933,-12.90080404,
3961935893,-13.03299409,
3962535853,-12.90601589,
3963135813,-13.01468905,
3963735773,-13.25864962,
3964335733,-13.35198933,
3964935693,-13.08799035,
3965535653,-13.23909544,
3966135613,-12.98747789,
3966735573,-13.229778,
3967335533,-13.02337882,
3967935493,-13.2055795,
3968535453,-13.1122173,
3969135413,-13.20564826,
3969735373,-13.08955438,
3970335333,-13.24172158,
3970935293,-13.07195275,
3971535253,-13.14080712,
3972135213,-13.22486375,
3972735173,-13.14875555,
3973335133,-13.24719941,
3973935093,-13.03785726,
3974535053,-13.20421259,
3975135013,-13.16076766,
3975734973,-13.08587707,
3976334933,-13.08561419,
3976934893,-13.26110991,
3977534853,-13.3454038,
3978134813,-13.13499453,
3978734773,-13.0885794,
3979334733,-13.16264646,
3979934693,-13.07949325,
3980534653,-13.17157278,
3981134613,-13.30668625,
3981734573,-12.97311253,
3982334533,-13.05951926,
3982934493,-13.04626559,
3983534453,-13.17451045,
3984134413,-13.20535728,
3984734373,-13.23766339,
3985334333,-13.11514549,
3985934293,-13.19157374,
3986534253,-13.02827026,
3987134213,-13.31736238,
3987734173,-13.14404276,
3988334133,-13.04034432,
3988934093,-13.1217441,
3989534053,-13.19538837,
3990134013,-13.1136649,
3990733973,-13.24977796,
3991333933,-13.07358351,
3991933893,-13.18710165,
3992533853,-12.91734956,
3993133813,-13.15417307,
3993733773,-13.12841339,
3994333733,-12.90452228,
3994933693,-12.99350178,
3995533653,-13.13338587,
3996133613,-13.04023875,
3996733573,-13.01972432,
3997333533,-13.13021358,
3997933493,-13.12677864,
3998533453,-13.03407164,
3999133413,-13.03238469,
3999733373,-13.08670446,
4000333333,-12.91290966,
4000933293,-12.91462766,
4001533253,-12.89540618,
4002133212,-12.98434987,
4002733172,-13.01361559,
4003333132,-13.07743647,
4003933092,-12.88268706,
4004533052,-13.16459591,
4005133012,-12.92991474,
4005732972,-13.10052427,
4006332932,-12.98906325,
4006932892,-12.77423367,
4007532852,-12.87789559,
4008132812,-13.01084651,
4008732772,-12.88410202,
4009332732,-12.67525708,
4009932692,-12.87167667,
4010532652,-12.83331908,
4011132612,-12.83867243,
4011732572,-12.81701824,
4012332532,-12.83481569,
4012932492,-12.75240558,
4013532452,-12.85182321,
4014132412,-12.77306588,
4014732372,-12.90256142,
4015332332,-12.66943521,
4015932292,-12.77046135,
4016532252,-12.59261372,
4017132212,-12.79406884,
4017732172,-12.51685657,
4018332132,-12.80979735,
4018932092,-12.70972393,
4019532052,-12.69863746,
4020132012,-12.71834193,
4020731972,-12.64682408,
4021331932,-12.61613123,
4021931892,-12.70438272,
4022531852,-12.55185216,
4023131812,-12.58508867,
4023731772,-12.70392893,
4024331732,-12.56860689,
4024931692,-12.50344633,
4025531652,-12.66103536,
4026131612,-12.53357852,
4026731572,-12.59598013,
4027331532,-12.80534465,
4027931492,-12.60547397,
4028531452,-12.70710307,
4029131412,-12.54456331,
4029731372,-12.54073892,
4030331332,-12.64781837,
4030931292,-12.51204443,
4031531252,-12.64580096,
4032131212,-12.54446978,
4032731172,-12.36943322,
4033331132,-12.65150419,
4033931092,-12.44832132,
4034531052,-12.2816217,
4035131012,-12.50360141,
4035730972,-12.56806957,
4036330932,-12.58079771,
4036930892,-12.64612762,
4037530852,-12.67780533,
4038130812,-12.51873408,
4038730772,-12.35299586,
4039330732,-12.45859226,
4039930692,-12.57150552,
4040530652,-12.45138979,
4041130612,-12.36870926,
4041730572,-12.33996309,
4042330532,-12.37045424,
4042930492,-12.56223281,
4043530452,-12.53231839,
4044130412,-12.34925704,
4044730372,-12.33863644,
4045330332,-12.45080743,
4045930292,-12.51755674,
4046530252,-12.44477072,
4047130212,-12.31016724,
4047730172,-12.42483313,
4048330132,-12.11783344,
4048930092,-12.38686534,
4049530052,-12.53861402,
4050130012,-12.438022,
4050729972,-12.43274495,
4051329932,-12.45581442,
4051929892,-12.42080641,
4052529852,-12.31838561,
4053129812,-12.23225126,
4053729772,-12.30371176,
4054329732,-12.45600765,
4054929692,-12.00991669,
4055529652,-12.19403985,
4056129612,-12.41894407,
4056729572,-12.30100449,
4057329532,-12.20371596,
4057929492,-12.2396034,
4058529452,-12.33060699,
4059129412,-12.39702036,
4059729372,-12.3730815,
4060329332,-12.3348965,
4060929292,-12.29192761,
4061529252,-12.32795636,
4062129212,-12.2411683,
4062729172,-12.04612529,
4063329132,-12.10761868,
4063929092,-12.27569633,
4064529052,-12.14789971,
4065129012,-12.14753697,
4065728972,-12.18338982,
4066328932,-12.1007045,
4066928892,-12.2457721,
4067528852,-12.21617624,
4068128812,-12.16126699,
4068728772,-12.24875229,
4069328732,-12.40571262,
4069928692,-12.48135107,
4070528652,-12.39424142,
4071128612,-12.13523738,
4071728572,-12.11769864,
4072328532,-12.24351116,
4072928492,-12.20686205,
4073528452,-12.04681499,
4074128412,-12.34545866,
4074728372,-12.16967221,
4075328332,-12.00300822,
4075928292,-12.15738032,
4076528252,-12.15328079,
4077128212,-12.13365703,
4077728172,-12.09403862,
4078328132,-12.11233545,
4078928092,-12.08375351,
4079528052,-12.13793613,
4080128012,-11.99456364,
4080727972,-12.30237358,
4081327932,-12.33403044,
4081927892,-12.12382874,
4082527852,-12.1769841,
4083127812,-12.06977532,
4083727772,-12.21407056,
4084327732,-12.24327043,
4084927692,-12.24436786,
4085527652,-12.14847199,
4086127612,-12.06935368,
4086727572,-12.1851738,
4087327532,-12.18260227,
4087927492,-12.25550965,
4088527452,-12.19622589,
4089127412,-12.08243121,
4089727372,-12.03891587,
4090327332,-12.20412459,
4090927292,-12.39247336,
4091527252,-12.17009178,
4092127212,-12.33440421,
4092727172,-12.23349624,
4093327132,-12.22334661,
4093927092,-12.20037272,
4094527052,-12.35684386,
4095127012,-12.251173,
4095726972,-12.32314666,
4096326932,-12.06129784,
4096926892,-12.33350581,
4097526852,-12.14870341,
4098126812,-12.31790292,
4098726772,-12.16388186,
4099326732,-12.30176616,
4099926692,-12.09618432,
4100526652,-12.22621623,
4101126612,-12.20138625,
4101726572,-12.29258767,
4102326532,-12.39713448,
4102926492,-12.31570484,
4103526452,-12.30064122,
4104126412,-12.17515271,
4104726372,-12.52630481,
4105326332,-12.23664982,
4105926292,-12.030983,
4106526252,-12.23850954,
4107126212,-12.20467253,
4107726172,-12.23626729,
4108326132,-12.21650999,
4108926092,-12.27612882,
4109526052,-12.5831806,
4110126012,-12.43362393,
4110725972,-12.35994556,
4111325932,-12.28963013,
4111925892,-12.36962321,
4112525852,-12.5549828,
4113125812,-12.45871675,
4113725772,-12.27172597,
4114325732,-12.4022253,
4114925692,-12.47113947,
4115525652,-12.24421877,
4116125612,-12.39293023,
4116725572,-12.32169502,
4117325532,-12.41034797,
4117925492,-12.29196982,
4118525452,-12.18915752,
4119125412,-12.53809196,
4119725372,-12.23344595,
4120325332,-12.39104523,
4120925292,-12.45174897,
4121525252,-12.41065662,
4122125212,-12.4374388,
4122725172,-12.35232175,
4123325132,-12.43502049,
4123925092,-12.33360298,
4124525052,-12.29888212,
4125125012,-12.47854724,
4125724972,-12.27866551,
4126324932,-12.086614,
4126924892,-12.5835875,
4127524852,-12.42758851,
4128124812,-12.25704388,
4128724772,-12.44944903,
4129324732,-12.56343966,
4129924692,-12.5269251,
4130524652,-12.50777563,
4131124612,-12.30991621,
4131724572,-12.38126263,
4132324532,-12.44059627,
4132924492,-12.34353212,
4133524452,-12.40527996,
4134124412,-12.52109994,
4134724372,-12.59426256,
4135324332,-12.60335845,
4135924292,-12.27330613,
4136524252,-12.68339462,
4137124212,-12.4741129,
4137724172,-12.45430182,
4138324132,-12.54733848,
4138924092,-12.67866228,
4139524052,-12.68105107,
4140124012,-12.48761125,
4140723972,-12.41741861,
4141323932,-12.61129428,
4141923892,-12.64131004,
4142523852,-12.58735438,
4143123812,-12.54907669,
4143723772,-12.49822409,
4144323732,-12.76052539,
4144923692,-12.70288955,
4145523652,-12.40204917,
4146123612,-12.62417262,
4146723572,-12.46448997,
4147323532,-12.63696433,
4147923492,-12.81084411,
4148523452,-12.58214454,
4149123412,-12.6509913,
4149723372,-12.47770767,
4150323332,-12.78257518,
4150923292,-12.74216159,
4151523252,-12.79311267,
4152123212,-12.65279234,
4152723172,-12.55807199,
4153323132,-12.62854964,
4153923092,-12.79522575,
4154523052,-12.97237687,
4155123012,-12.85899877,
4155722971,-12.74776322,
4156322931,-12.80573095,
4156922891,-12.72101717,
4157522851,-12.85151713,
4158122811,-12.77266085,
4158722771,-12.82278137,
4159322731,-12.93671167,
4159922691,-12.88492373,
4160522651,-12.91015664,
4161122611,-12.79356286,
4161722571,-12.90503164,
4162322531,-12.89812452,
4162922491,-12.96084672,
4163522451,-12.76798865,
4164122411,-12.82674713,
4164722371,-12.78399922,
4165322331,-12.96371572,
4165922291,-13.28740142,
4166522251,-13.04221544,
4167122211,-13.15261896,
4167722171,-12.97201587,
4168322131,-12.96586908,
4168922091,-13.03905572,
4169522051,-13.21089582,
4170122011,-13.30344835,
4170721971,-13.18908463,
4171321931,-13.39136869,
4171921891,-13.50769092,
4172521851,-13.34932419,
4173121811,-13.2251985,
4173721771,-13.28343008,
4174321731,-13.45044904,
4174921691,-13.48603215,
4175521651,-13.46977494,
4176121611,-13.49598405,
4176721571,-13.54570863,
4177321531,-13.21381946,
4177921491,-13.34295537,
4178521451,-13.45781463,
4179121411,-13.5781321,
4179721371,-13.5228515,
4180321331,-13.42368221,
4180921291,-13.58793655,
4181521251,-13.6722171,
4182121211,-13.51186472,
4182721171,-13.49872449,
4183321131,-13.70364551,
4183921091,-13.82649964,
4184521051,-13.68534072,
4185121011,-13.72743645,
4185720971,-13.72721369,
4186320931,-13.58721414,
4186920891,-13.85317689,
4187520851,-13.90905241,
4188120811,-13.91297645,
4188720771,-13.98881475,
4189320731,-13.89303796,
4189920691,-13.85381757,
4190520651,-13.82685008,
4191120611,-14.04721737,
4191720571,-13.97249386,
4192320531,-14.01493846,
4192920491,-13.88552624,
4193520451,-14.08189239,
4194120411,-14.16660415,
4194720371,-14.34268287,
4195320331,-14.17219805,
4195920291,-14.33201114,
4196520251,-14.25517342,
4197120211,-14.32640686,
4197720171,-14.14227476,
4198320131,-14.32852858,
4198920091,-14.24247141,
4199520051,-14.22746981,
4200120011,-14.59345152,
4200719971,-13.93988482,
4201319931,-14.53622934,
4201919891,-14.18420754,
4202519851,-14.5888303,
4203119811,-14.11655254,
4203719771,-14.14570303,
4204319731,-14.78968825,
4204919691,-14.1955054,
4205519651,-14.25520178,
4206119611,-14.65266895,
4206719571,-14.32925371,
4207319531,-14.2794452,
4207919491,-14.76829172,
4208519451,-14.39124194,
4209119411,-14.52921376,
4209719371,-14.33148201,
4210319331,-14.56737105,
4210919291,-14.79360589,
4211519251,-14.32171155,
4212119211,-14.84256899,
4212719171,-14.59651984,
4213319131,-14.56803071,
4213919091,-14.54972211,
4214519051,-14.45292369,
4215119011,-14.82835611,
4215718971,-14.85202022,
4216318931,-14.99107273,
4216918891,-14.78348847,
4217518851,-14.81254099,
4218118811,-14.6491707,
4218718771,-14.67552617,
4219318731,-14.71331498,
4219918691,-14.82294068,
4220518651,-14.72534032,
4221118611,-15.06030928,
4221718571,-14.76703178,
4222318531,-14.73641962,
4222918491,-14.93299954,
4223518451,-14.72588386,
4224118411,-14.72590552,
4224718371,-14.88088588,
4225318331,-14.99811994,
4225918291,-15.22359606,
4226518251,-14.91381587,
4227118211,-14.67661885,
4227718171,-15.32507377,
4228318131,-14.85702787,
4228918091,-15.13567621,
4229518051,-15.11191586,
4230118011,-14.87826437,
4230717971,-15.13997381,
4231317931,-15.02136975,
4231917891,-15.07632417,
4232517851,-14.86917486,
4233117811,-15.10939914,
4233717771,-15.39160703,
4234317731,-15.05106896,
4234917691,-15.18805153,
4235517651,-15.35930727,
4236117611,-14.9162063,
4236717571,-15.03123665,
4237317531,-15.00946376,
4237917491,-15.34018565,
4238517451,-15.18410115,
4239117411,-15.24250046,
4239717371,-15.59867109,
4240317331,-15.20017785,
4240917291,-15.21802163,
4241517251,-15.51706222,
4242117211,-15.56170866,
4242717171,-15.16693526,
4243317131,-15.3277929,
4243917091,-14.9361396,
4244517051,-15.23410164,
4245117011,-15.41910469,
4245716971,-15.22743379,
4246316931,-15.21527761,
4246916891,-15.38214063,
4247516851,-15.3142889,
4248116811,-15.07544138,
4248716771,-15.07922844,
4249316731,-15.0270277,
4249916691,-15.17225768,
4250516651,-15.18786339,
4251116611,-15.03874179,
4251716571,-15.17888221,
4252316531,-15.22317592,
4252916491,-15.05271684,
4253516451,-15.08458304,
4254116411,-15.27689903,
4254716371,-15.13830413,
4255316331,-15.04019052,
4255916291,-14.9542504,
4256516251,-15.47901681,
4257116211,-15.46654786,
4257716171,-15.21971289,
4258316131,-14.7595023,
4258916091,-15.09952947,
4259516051,-14.7844149,
4260116011,-15.34327929,
4260715971,-15.23683556,
4261315931,-15.08797393,
4261915891,-15.31888217,
4262515851,-15.25688786,
4263115811,-15.07886787,
4263715771,-15.42756973,
4264315731,-15.00351376,
4264915691,-14.79241173,
4265515651,-14.71944868,
4266115611,-14.75727898,
4266715571,-14.84383741,
4267315531,-14.73791547,
4267915491,-14.52635189,
4268515451,-14.68768461,
4269115411,-14.86276921,
4269715371,-14.83309674,
4270315331,-14.7284426,
4270915291,-14.63952351,
4271515251,-14.68640067,
4272115211,-14.72134411,
4272715171,-14.55847446,
4273315131,-14.90205313,
4273915091,-14.53025483,
4274515051,-14.50416675,
4275115011,-14.46285419,
4275714971,-14.66110892,
4276314931,-14.70015783,
4276914891,-14.88913831,
4277514851,-14.52807684,
4278114811,-14.89358349,
4278714771,-14.42769137,
4279314731,-14.71266769,
4279914691,-14.31862081,
4280514651,-14.782997,
4281114611,-14.50630392,
4281714571,-14.41030454,
4282314531,-14.11384159,
4282914491,-14.35890918,
4283514451,-14.53053655,
4284114411,-14.52287737,
4284714371,-14.32802548,
4285314331,-14.2531991,
4285914291,-14.32224668,
4286514251,-14.50019714,
4287114211,-14.46850059,
4287714171,-14.10710118,
4288314131,-14.43435898,
4288914091,-14.20407807,
4289514051,-14.54706148,
4290114011,-14.251919,
4290713971,-14.34434719,
4291313931,-14.31847935,
4291913891,-14.13981975,
4292513851,-14.13823007,
4293113811,-14.25472625,
4293713771,-14.46719179,
4294313731,-14.14386716,
4294913691,-14.11827619,
4295513651,-14.24083962,
4296113611,-14.31441743,
4296713571,-14.11938066,
4297313531,-14.14244021,
4297913491,-14.12817242,
4298513451,-14.19400901,
4299113411,-14.15399428,
4299713371,-14.05794885,
4300313331,-14.01161415,
4300913291,-14.23675089,
4301513251,-14.11767252,
4302113211,-14.02669542,
4302713171,-13.9450659,
4303313131,-13.94524324,
4303913091,-14.12707163,
4304513051,-13.86717799,
4305113011,-14.09962585,
4305712971,-13.98323536,
4306312931,-13.9076649,
4306912891,-13.90372079,
4307512851,-13.86113141,
4308112811,-13.92335095,
4308712771,-13.87180535,
4309312730,-13.93794035,
4309912690,-13.90307452,
4310512650,-13.97029569,
4311112610,-13.85729448,
4311712570,-13.73426766,
4312312530,-13.74560345,
4312912490,-13.78802631,
4313512450,-13.81365634,
4314112410,-13.90685167,
4314712370,-14.0139159,
4315312330,-13.63902948,
4315912290,-13.7502689,
4316512250,-13.80033198,
4317112210,-13.62744337,
4317712170,-13.88579575,
4318312130,-13.70135268,
4318912090,-13.57355392,
4319512050,-13.8101085,
4320112010,-13.89475419,
4320711970,-13.67412524,
4321311930,-13.59295794,
4321911890,-13.72433566,
4322511850,-13.62440968,
4323111810,-13.43795554,
4323711770,-13.59960162,
4324311730,-13.48319901,
4324911690,-13.60164457,
4325511650,-13.58184542,
4326111610,-13.86017604,
4326711570,-13.60302126,
4327311530,-13.68835774,
4327911490,-13.63557759,
4328511450,-13.48095175,
4329111410,-13.62374447,
4329711370,-13.7096805,
4330311330,-13.68009916,
4330911290,-13.60355554,
4331511250,-13.64444255,
4332111210,-13.73531749,
4332711170,-13.69777146,
4333311130,-13.63226237,
4333911090,-13.52859684,
4334511050,-13.57898352,
4335111010,-13.42521667,
4335710970,-13.6619542,
4336310930,-13.5810379,
4336910890,-13.70993727,
4337510850,-13.40535196,
4338110810,-13.60720292,
4338710770,-13.41185693,
4339310730,-13.30900567,
4339910690,-13.44938077,
4340510650,-13.55310759,
4341110610,-13.62999593,
4341710570,-13.41242689,
4342310530,-13.49885307,
4342910490,-13.46604935,
4343510450,-13.33747101,
4344110410,-13.35489393,
4344710370,-13.42010867,
4345310330,-13.53008761,
4345910290,-13.24441261,
4346510250,-13.46487524,
4347110210,-13.52269615,
4347710170,-13.26674913,
4348310130,-13.53720481,
4348910090,-13.40369288,
4349510050,-13.39921458,
4350110010,-13.46804798,
4350709970,-13.44205504,
4351309930,-13.43563618,
4351909890,-13.36181269,
4352509850,-13.46897779,
4353109810,-13.51600217,
4353709770,-13.4310252,
4354309730,-13.25895365,
4354909690,-13.54065187,
4355509650,-13.6172728,
4356109610,-13.26528181,
4356709570,-13.50550436,
4357309530,-13.36974317,
4357909490,-13.38058258,
4358509450,-13.4654096,
4359109410,-13.45592926,
4359709370,-13.6474674,
4360309330,-13.54133798,
4360909290,-13.41491036,
4361509250,-13.36172817,
4362109210,-13.38497951,
4362709170,-13.55911728,
4363309130,-13.4128307,
4363909090,-13.38517666,
4364509050,-13.24360962,
4365109010,-13.265255,
4365708970,-13.50557173,
4366308930,-13.40210385,
4366908890,-13.32218393,
4367508850,-13.42200461,
4368108810,-13.21480757,
4368708770,-13.51780538,
4369308730,-13.4499237,
4369908690,-13.28407827,
4370508650,-13.53367794,
4371108610,-13.50829088,
4371708570,-13.29334159,
4372308530,-13.00616852,
4372908490,-13.30258771,
4373508450,-13.41112255,
4374108410,-13.39839247,
4374708370,-13.45964455,
4375308330,-13.36408804,
4375908290,-13.32945181,
4376508250,-13.4111063,
4377108210,-13.37506301,
4377708170,-13.33858204,
4378308130,-13.44006357,
4378908090,-13.36372701,
4379508050,-13.40298725,
4380108010,-13.23393522,
4380707970,-13.59431326,
4381307930,-13.72296944,
4381907890,-13.48063875,
4382507850,-13.37826765,
4383107810,-13.40421606,
4383707770,-13.2333902,
4384307730,-13.54929213,
4384907690,-13.54985849,
4385507650,-13.38127696,
4386107610,-13.37177633,
4386707570,-13.55725819,
4387307530,-13.21141104,
4387907490,-13.34312533,
4388507450,-13.36526903,
4389107410,-13.44493678,
4389707370,-13.58098811,
4390307330,-13.41362296,
4390907290,-13.3951089,
4391507250,-13.35336322,
4392107210,-13.59817976,
4392707170,-13.52799376,
4393307130,-13.41287234,
4393907090,-13.45167879,
4394507050,-13.32567214,
4395107010,-13.38478058,
4395706970,-13.34331041,
4396306930,-13.47890608,
4396906890,-13.53177667,
4397506850,-13.31930834,
4398106810,-13.34801572,
4398706770,-13.50949756,
4399306730,-13.57692199,
4399906690,-13.34424475,
4400506650,-13.59758563,
4401106610,-13.44258325,
4401706570,-13.54390733,
4402306530,-13.62995606,
4402906490,-13.56694931,
4403506450,-13.48158904,
4404106410,-13.46246902,
4404706370,-13.40097042,
4405306330,-13.65509732,
4405906290,-13.32398133,
4406506250,-13.27050709,
4407106210,-13.27423259,
4407706170,-13.60826268,
4408306130,-13.43835444,
4408906090,-13.44363369,
4409506050,-13.70574617,
4410106010,-13.71244445,
4410705970,-13.41753621,
4411305930,-13.39515327,
4411905890,-13.66374678,
4412505850,-13.66630421,
4413105810,-13.62143216,
4413705770,-13.58707852,
4414305730,-13.75049891,
4414905690,-13.64634409,
4415505650,-13.8708015,
4416105610,-13.63633199,
4416705570,-13.50780387,
4417305530,-13.79331577,
4417905490,-13.82559015,
4418505450,-13.91277636,
4419105410,-13.67157621,
4419705370,-13.80838266,
4420305330,-13.74112118,
4420905290,-13.82485783,
4421505250,-13.64677573,
4422105210,-13.79903985,
4422705170,-13.90094848,
4423305130,-13.79643949,
4423905090,-13.81324394,
4424505050,-13.88296021,
4425105010,-13.94650674,
4425704970,-13.85795369,
4426304930,-13.88568685,
4426904890,-14.07478848,
4427504850,-14.02082827,
4428104810,-14.01825658,
4428704770,-14.1333315,
4429304730,-13.9055735,
4429904690,-14.0752263,
4430504650,-14.32363983,
4431104610,-14.17637648,
4431704570,-14.31743557,
4432304530,-14.12023554,
4432904490,-14.11827839,
4433504450,-14.16119475,
4434104410,-14.27893137,
4434704370,-14.0988985,
4435304330,-14.13826294,
4435904290,-14.15554497,
4436504250,-14.18708606,
4437104210,-14.09042675,
4437704170,-14.13868326,
4438304130,-14.40699641,
4438904090,-14.20715476,
4439504050,-14.3880923,
4440104010,-14.3539862,
4440703970,-14.00783609,
4441303930,-14.56431721,
4441903890,-14.28824292,
4442503850,-14.46092509,
4443103810,-14.15610911,
4443703770,-14.71006616,
4444303730,-14.59640018,
4444903690,-14.39541162,
4445503650,-14.25110936,
4446103610,-14.37673492,
4446703570,-14.38157294,
4447303530,-14.68298144,
4447903490,-14.3698586,
4448503450,-14.68100252,
4449103410,-14.26016991,
4449703370,-14.73117701,
4450303330,-14.68549409,
4450903290,-14.46096421,
4451503250,-14.67287063,
4452103210,-14.5453865,
4452703170,-14.5069179,
4453303130,-14.94375773,
4453903090,-14.97613154,
4454503050,-14.41084856,
4455103010,-15.02779854,
4455702970,-15.03468393,
4456302930,-14.97791696,
4456902890,-15.34775661,
4457502850,-14.49243609,
4458102810,-14.97805271,
4458702770,-15.25051049,
4459302730,-14.88679839,
4459902690,-15.0045721,
4460502650,-14.84080134,
4461102610,-15.40821302,
4461702570,-15.06390325,
4462302530,-15.25469076,
4462902489,-15.46660071,
4463502449,-15.39337633,
4464102409,-15.17052477,
4464702369,-15.76605574,
4465302329,-15.4177325,
4465902289,-15.46691494,
4466502249,-15.64394765,
4467102209,-15.64866402,
4467702169,-15.70831244,
4468302129,-15.57624084,
4468902089,-15.46710095,
4469502049,-15.59878186,
4470102009,-15.9142772,
4470701969,-15.81766197,
4471301929,-16.11070527,
4471901889,-15.9598325,
4472501849,-16.13577545,
4473101809,-15.76950395,
4473701769,-15.77542126,
4474301729,-15.80385377,
4474901689,-15.69476818,
4475501649,-15.76731003,
4476101609,-16.06982826,
4476701569,-16.1517786,
4477301529,-15.88239767,
4477901489,-15.98972564,
4478501449,-16.16371678,
4479101409,-16.03930866,
4479701369,-15.95548158,
4480301329,-16.19874439,
4480901289,-16.39050943,
4481501249,-15.96090418,
4482101209,-16.19136884,
4482701169,-16.23551401,
4483301129,-16.36410554,
4483901089,-16.16746334,
4484501049,-15.98968389,
4485101009,-16.24371974,
4485700969,-16.38846696,
4486300929,-16.19315841,
4486900889,-16.25936531,
4487500849,-16.09720369,
4488100809,-16.07450031,
4488700769,-16.35194381,
4489300729,-16.34629897,
4489900689,-16.28114329,
4490500649,-15.49558064,
4491100609,-16.37697203,
4491700569,-16.26941947,
4492300529,-16.21339424,
4492900489,-16.35870915,
4493500449,-16.27663238,
4494100409,-15.98944966,
4494700369,-16.35796178,
4495300329,-16.15454819,
4495900289,-16.32608358,
4496500249,-16.07881343,
4497100209,-16.25285043,
4497700169,-16.35591113,
4498300129,-16.07100041,
4498900089,-16.35941862,
4499500049,-16.5074849,
4500100009,-16.33867095,
4500699969,-16.27899075,
4501299929,-16.43331245,
4501899889,-16.12762716,
4502499849,-16.36826111,
4503099809,-16.45361529,
4503699769,-16.36520401,
4504299729,-16.26960472,
4504899689,-16.37084284,
4505499649,-16.28581591,
4506099609,-16.37516554,
4506699569,-16.31024891,
4507299529,-16.36918913,
4507899489,-16.45338546,
4508499449,-16.42352114,
4509099409,-16.39308415,
4509699369,-16.3765231,
4510299329,-16.45312888,
4510899289,-16.50772722,
4511499249,-16.36877584,
4512099209,-16.41854571,
4512699169,-16.54297531,
4513299129,-16.48547993,
4513899089,-16.18923111,
4514499049,-16.38675895,
4515099009,-16.2899952,
4515698969,-16.62687341,
4516298929,-16.47616666,
4516898889,-16.5705703,
4517498849,-16.37413081,
4518098809,-16.42733381,
4518698769,-16.39838778,
4519298729,-16.29745542,
4519898689,-16.49937193,
4520498649,-16.45487209,
4521098609,-16.43644799,
4521698569,-16.48524944,
4522298529,-16.39323859,
4522898489,-16.3223477,
4523498449,-16.33663867,
4524098409,-16.46721571,
4524698369,-16.33873897,
4525298329,-16.44835455,
4525898289,-16.43474249,
4526498249,-16.2876671,
4527098209,-16.41578523,
4527698169,-16.39158403,
4528298129,-16.4494684,
4528898089,-16.45437699,
4529498049,-16.2481028,
4530098009,-16.44929905,
4530697969,-16.55714378,
4531297929,-16.35355776,
4531897889,-16.3884933,
4532497849,-16.40558576,
4533097809,-16.29993446,
4533697769,-16.43306708,
4534297729,-16.31155231,
4534897689,-16.36385953,
4535497649,-16.34869241,
4536097609,-16.40725336,
4536697569,-16.44805666,
4537297529,-16.35952079,
4537897489,-16.23848641,
4538497449,-16.46272728,
4539097409,-16.29204902,
4539697369,-16.42321006,
4540297329,-16.35028702,
4540897289,-16.30103083,
4541497249,-16.27881167,
4542097209,-16.32388814,
4542697169,-16.28528232,
4543297129,-16.38790608,
4543897089,-16.23775998,
4544497049,-16.42427418,
4545097009,-16.28050444,
4545696969,-16.33175661,
4546296929,-16.22496272,
4546896889,-16.31556382,
4547496849,-16.20415209,
4548096809,-16.19185484,
4548696769,-16.1985355,
4549296729,-16.21259198,
4549896689,-16.30132647,
4550496649,-16.3415194,
4551096609,-16.23369301,
4551696569,-16.17258071,
4552296529,-16.07707163,
4552896489,-16.25088509,
4553496449,-16.11019645,
4554096409,-16.22108949,
4554696369,-16.063564,
4555296329,-16.14669296,
4555896289,-16.095595,
4556496249,-16.24960427,
4557096209,-16.14254444,
4557696169,-16.167308,
4558296129,-15.97884832,
4558896089,-16.0795662,
4559496049,-16.15927477,
4560096009,-16.06307034,
4560695969,-16.12776279,
4561295929,-16.06917424,
4561895889,-16.16767591,
4562495849,-16.1530808,
4563095809,-16.05837764,
4563695769,-15.89306115,
4564295729,-15.94477795,
4564895689,-16.17167305,
4565495649,-16.04806385,
4566095609,-16.45284287,
4566695569,-16.01570444,
4567295529,-16.20503876,
4567895489,-15.94165404,
4568495449,-16.10013374,
4569095409,-15.75811165,
4569695369,-15.8861068,
4570295329,-15.90221965,
4570895289,-15.91005677,
4571495249,-15.88137495,
4572095209,-16.00749819,
4572695169,-15.92621748,
4573295129,-15.80690147,
4573895089,-15.72968399,
4574495049,-15.97408221,
4575095009,-15.97518189,
4575694969,-15.84713679,
4576294929,-15.73605762,
4576894889,-15.88378383,
4577494849,-16.23683924,
4578094809,-16.40551697,
4578694769,-16.06482836,
4579294729,-16.03859299,
4579894689,-16.17558881,
4580494649,-15.958019,
4581094609,-16.12243937,
4581694569,-16.31326094,
4582294529,-15.79813527,
4582894489,-16.18980079,
4583494449,-16.13342338,
4584094409,-15.98366165,
4584694369,-15.7236656,
4585294329,-15.95519771,
4585894289,-16.32797577,
4586494249,-15.87851715,
4587094209,-16.05936528,
4587694169,-15.98146873,
4588294129,-16.11807423,
4588894089,-16.13611116,
4589494049,-16.10566851,
4590094009,-16.08450895,
4590693969,-15.96001087,
4591293929,-16.06418744,
4591893889,-15.7713986,
4592493849,-15.97837679,
4593093809,-15.77510416,
4593693769,-16.00356588,
4594293729,-16.02292245,
4594893689,-15.93793382,
4595493649,-15.68775328,
4596093609,-16.24837372,
4596693569,-15.9215974,
4597293529,-15.91626921,
4597893489,-15.97005595,
4598493449,-15.73705167,
4599093409,-15.77565806,
4599693369,-15.61753277,
4600293329,-15.78119129,
4600893289,-16.06537903,
4601493249,-15.92711362,
4602093209,-15.78160651,
4602693169,-15.73075953,
4603293129,-16.19597958,
4603893089,-16.24872545,
4604493049,-16.11337262,
4605093009,-15.93756198,
4605692969,-15.86126766,
4606292929,-16.21483135,
4606892889,-16.03946347,
4607492849,-15.6887485,
4608092809,-15.9580627,
4608692769,-16.15152195,
4609292729,-15.83287371,
4609892689,-15.72925384,
4610492649,-15.63208418,
4611092609,-15.77005713,
4611692569,-15.72697001,
4612292529,-16.14111416,
4612892489,-15.79405897,
4613492449,-15.81993876,
4614092409,-15.9450572,
4614692369,-15.59460695,
4615292329,-15.89086919,
4615892289,-15.98337489,
4616492248,-15.3616185,
4617092208,-15.87924915,
4617692168,-15.93603222,
4618292128,-15.66657186,
4618892088,-16.11356387,
4619492048,-15.87183727,
4620092008,-15.76893097,
4620691968,-15.95897104,
4621291928,-15.85672766,
4621891888,-15.92591532,
4622491848,-16.26347579,
4623091808,-15.79629209,
4623691768,-16.00012271,
4624291728,-15.72179495,
4624891688,-15.44152157,
4625491648,-15.97805123,
4626091608,-15.96684994,
4626691568,-15.40407575,
4627291528,-15.8093174,
4627891488,-15.80802019,
4628491448,-15.98498185,
4629091408,-15.94976013,
4629691368,-15.81291695,
4630291328,-15.75353518,
4630891288,-15.74962682,
4631491248,-15.93904836,
4632091208,-16.08239769,
4632691168,-15.92383114,
4633291128,-16.29105665,
4633891088,-15.68369341,
4634491048,-15.62751709,
4635091008,-15.58268748,
4635690968,-15.68100579,
4636290928,-15.80225996,
4636890888,-15.57493464,
4637490848,-15.91509838,
4638090808,-15.91098307,
4638690768,-15.7157667,
4639290728,-15.9613497,
4639890688,-15.92590638,
4640490648,-15.970997,
4641090608,-15.57025421,
4641690568,-15.5491538,
4642290528,-15.6066088,
4642890488,-15.62548355,
4643490448,-15.50088214,
4644090408,-15.68251266,
4644690368,-16.05444451,
4645290328,-15.46474201,
4645890288,-15.7621884,
4646490248,-15.95054983,
4647090208,-15.69724017,
4647690168,-15.26758984,
4648290128,-15.53945345,
4648890088,-15.77428256,
4649490048,-15.3127444,
4650090008,-15.69942678,
4650689968,-15.81466308,
4651289928,-16.11875812,
4651889888,-15.70799798,
4652489848,-15.87792125,
4653089808,-15.77416742,
4653689768,-15.59671011,
4654289728,-15.64744555,
4654889688,-15.74698711,
4655489648,-15.76338412,
4656089608,-15.60428202,
4656689568,-15.76404055,
4657289528,-15.4338366,
4657889488,-15.41628147,
4658489448,-15.49728104,
4659089408,-15.54419482,
4659689368,-15.84626126,
4660289328,-15.44818223,
4660889288,-15.65337465,
4661489248,-15.85750867,
4662089208,-15.45257264,
4662689168,-15.53114566,
4663289128,-15.79089257,
4663889088,-15.65029851,
4664489048,-15.64516309,
4665089008,-15.65582721,
4665688968,-15.79418607,
4666288928,-15.72150779,
4666888888,-15.57711946,
4667488848,-15.62464458,
4668088808,-15.42192349,
4668688768,-15.63531536,
4669288728,-15.41165203,
4669888688,-15.435757,
4670488648,-15.55464384,
4671088608,-15.52578468,
4671688568,-15.72517984,
4672288528,-15.28877411,
4672888488,-15.57985525,
4673488448,-15.51204579,
4674088408,-15.38635879,
4674688368,-15.70557549,
4675288328,-15.85227683,
4675888288,-15.49397943,
4676488248,-15.35872808,
4677088208,-15.33680604,
4677688168,-15.36810911,
4678288128,-15.2739055,
4678888088,-15.22889719,
4679488048,-15.28745063,
4680088008,-15.23874774,
4680687968,-15.24224665,
4681287928,-15.42036138,
4681887888,-15.39433965,
4682487848,-15.28143124,
4683087808,-15.27471852,
4683687768,-15.58227912,
4684287728,-15.19347129,
4684887688,-15.44434557,
4685487648,-15.31318286,
4686087608,-15.39995608,
4686687568,-15.30557374,
4687287528,-15.10694479,
4687887488,-15.42548781,
4688487448,-15.53135764,
4689087408,-15.24497519,
4689687368,-15.26453797,
4690287328,-14.84646057,
4690887288,-15.44892421,
4691487248,-15.55328755,
4692087208,-15.29471045,
4692687168,-15.35382376,
4693287128,-15.6679651,
4693887088,-15.61819983,
4694487048,-15.45632108,
4695087008,-15.1266301,
4695686968,-15.42000748,
4696286928,-15.50040396,
4696886888,-15.61879539,
4697486848,-15.21424457,
4698086808,-15.28985446,
4698686768,-15.34664909,
4699286728,-15.39391709,
4699886688,-15.6185296,
4700486648,-15.44010276,
4701086608,-15.52000667,
4701686568,-15.55921653,
4702286528,-15.64116475,
4702886488,-15.63351852,
4703486448,-15.31106985,
4704086408,-15.46720747,
4704686368,-15.88046634,
4705286328,-15.41857709,
4705886288,-15.4033336,
4706486248,-15.80807225,
4707086208,-15.40601113,
4707686168,-15.47897151,
4708286128,-15.4724096,
4708886088,-15.72109533,
4709486048,-15.59095229,
4710086008,-15.70956435,
4710685968,-15.87672086,
4711285928,-15.64521094,
4711885888,-15.7045705,
4712485848,-15.44287295,
4713085808,-15.66786682,
4713685768,-15.80483054,
4714285728,-15.49323838,
4714885688,-15.55240561,
4715485648,-15.68754469,
4716085608,-15.6410918,
4716685568,-15.94644818,
4717285528,-15.58170192,
4717885488,-15.87975608,
4718485448,-15.49847675,
4719085408,-15.79922756,
4719685368,-15.7721284,
4720285328,-15.97442916,
4720885288,-15.96802733,
4721485248,-15.75402128,
4722085208,-15.84714399,
4722685168,-15.83837113,
4723285128,-15.62242848,
4723885088,-15.87321818,
4724485048,-15.90628833,
4725085008,-15.7041442,
4725684968,-16.13673909,
4726284928,-16.04672779,
4726884888,-16.04047166,
4727484848,-15.92500669,
4728084808,-16.03887037,
4728684768,-15.95031627,
4729284728,-16.02830776,
4729884688,-16.06265636,
4730484648,-16.33737655,
4731084608,-15.93799791,
4731684568,-16.12374046,
4732284528,-15.98609662,
4732884488,-16.10092903,
4733484448,-15.94498684,
4734084408,-16.08524373,
4734684368,-15.79754284,
4735284328,-16.29808928,
4735884288,-16.08493321,
4736484248,-16.25645844,
4737084208,-16.17140195,
4737684168,-16.00972925,
4738284128,-16.1690154,
4738884088,-15.97123059,
4739484048,-16.06410288,
4740084008,-16.13310098,
4740683968,-16.31796727,
4741283928,-16.13525952,
4741883888,-16.07959756,
4742483848,-16.30467616,
4743083808,-16.01296853,
4743683768,-16.3168433,
4744283728,-16.15435187,
4744883688,-16.42664794,
4745483648,-16.31844756,
4746083608,-16.46457996,
4746683568,-16.38137526,
4747283528,-16.4882315,
4747883488,-16.35591512,
4748483448,-16.42326373,
4749083408,-16.49009348,
4749683368,-16.45547543,
4750283328,-16.26012376,
4750883288,-16.48524816,
4751483248,-16.42295345,
4752083208,-16.52471019,
4752683168,-16.54094901,
4753283128,-16.62601436,
4753883088,-16.70614554,
4754483048,-16.67702203,
4755083008,-16.65166517,
4755682968,-16.71531586,
4756282928,-16.56261314,
4756882888,-16.7328852,
4757482848,-16.85884781,
4758082808,-16.7192354,
4758682768,-16.62819261,
4759282728,-16.81349946,
4759882688,-17.25048929,
4760482648,-16.64620847,
4761082608,-16.80427684,
4761682568,-16.84849428,
4762282528,-17.02334215,
4762882488,-16.7571305,
4763482448,-16.95322609,
4764082408,-16.79781764,
4764682368,-16.87793243,
4765282328,-16.7872837,
4765882288,-16.99135016,
4766482248,-17.16463857,
4767082208,-16.84051295,
4767682168,-16.92143959,
4768282128,-17.07825577,
4768882088,-17.0330599,
4769482048,-16.90810744,
4770082008,-16.95520187,
4770681967,-16.95250345,
4771281927,-17.44799928,
4771881887,-16.95056013,
4772481847,-16.66227556,
4773081807,-16.95055692,
4773681767,-17.22066247,
4774281727,-17.10862832,
4774881687,-17.16913253,
4775481647,-17.33810583,
4776081607,-17.49082027,
4776681567,-17.22560341,
4777281527,-17.06381563,
4777881487,-17.11555854,
4778481447,-17.38093396,
4779081407,-17.26611896,
4779681367,-17.43514582,
4780281327,-17.20772651,
4780881287,-17.31334598,
4781481247,-17.24543029,
4782081207,-17.24551125,
4782681167,-17.20555195,
4783281127,-17.3194247,
4783881087,-17.74510915,
4784481047,-17.2160834,
4785081007,-17.54285788,
4785680967,-17.34551382,
4786280927,-17.52332063,
4786880887,-17.6580788,
4787480847,-17.34261844,
4788080807,-17.57592472,
4788680767,-17.68446002,
4789280727,-17.38683213,
4789880687,-17.35329057,
4790480647,-17.61880654,
4791080607,-17.88774469,
4791680567,-17.8373779,
4792280527,-17.46241793,
4792880487,-17.58243336,
4793480447,-17.28061844,
4794080407,-17.84895241,
4794680367,-17.52863138,
4795280327,-17.78355835,
4795880287,-17.94539078,
4796480247,-17.35921881,
4797080207,-17.67983232,
4797680167,-17.94335024,
4798280127,-17.95337743,
4798880087,-17.54497094,
4799480047,-17.55831236,
4800080007,-18.04397257,
4800679967,-17.82550821,
4801279927,-17.06911032,
4801879887,-17.72580109,
4802479847,-17.91890637,
4803079807,-18.32133153,
4803679767,-17.95366908,
4804279727,-17.73114448,
4804879687,-17.78523983,
4805479647,-17.43695822,
4806079607,-17.9145372,
4806679567,-18.09271996,
4807279527,-18.04162573,
4807879487,-17.97740691,
4808479447,-17.46655974,
4809079407,-17.90810659,
4809679367,-17.51596636,
4810279327,-17.25921654,
4810879287,-17.5379016,
4811479247,-17.66750641,
4812079207,-18.00703978,
4812679167,-17.90370131,
4813279127,-17.9029099,
4813879087,-18.02678077,
4814479047,-17.60327815,
4815079007,-17.97530045,
4815678967,-18.05308275,
4816278927,-18.30177039,
4816878887,-18.13262225,
4817478847,-18.05074066,
4818078807,-17.78211136,
4818678767,-17.98280862,
4819278727,-18.13213128,
4819878687,-17.85923204,
4820478647,-17.91229607,
4821078607,-18.13270836,
4821678567,-18.82582478,
4822278527,-17.90785129,
4822878487,-17.95030901,
4823478447,-18.25886991,
4824078407,-17.9068321,
4824678367,-18.35510208,
4825278327,-18.07131512,
4825878287,-17.25188813,
4826478247,-17.78078556,
4827078207,-18.28575329,
4827678167,-18.25505507,
4828278127,-18.49600849,
4828878087,-18.84165508,
4829478047,-18.17791378,
4830078007,-18.5203439,
4830677967,-18.14704553,
4831277927,-18.57400645,
4831877887,-18.5799016,
4832477847,-18.1961537,
4833077807,-17.73642133,
4833677767,-18.22225418,
4834277727,-18.34232066,
4834877687,-18.60882432,
4835477647,-18.29651685,
4836077607,-18.62477892,
4836677567,-18.60974323,
4837277527,-18.82376391,
4837877487,-18.92284696,
4838477447,-18.90125095,
4839077407,-18.79966246,
4839677367,-18.13045077,
4840277327,-18.58884871,
4840877287,-18.60027975,
4841477247,-18.69864639,
4842077207,-18.49441597,
4842677167,-18.07691295,
4843277127,-19.05755453,
4843877087,-18.28729988,
4844477047,-18.69804175,
4845077007,-18.21645969,
4845676967,-18.85008184,
4846276927,-18.74751202,
4846876887,-18.40478511,
4847476847,-18.9050424,
4848076807,-18.82500033,
4848676767,-18.65523766,
4849276727,-18.86331976,
4849876687,-18.62570826,
4850476647,-18.98198348,
4851076607,-18.59192927,
4851676567,-18.87173865,
4852276527,-18.73582597,
4852876487,-18.97581157,
4853476447,-18.53154538,
4854076407,-19.19852895,
4854676367,-18.28420556,
4855276327,-18.98962019,
4855876287,-18.71511658,
4856476247,-18.93891587,
4857076207,-19.03196826,
4857676167,-18.85065746,
4858276127,-19.50423911,
4858876087,-18.67082208,
4859476047,-18.74870998,
4860076007,-18.97791163,
4860675967,-19.22747068,
4861275927,-19.08332124,
4861875887,-18.79835553,
4862475847,-18.65361705,
4863075807,-18.67172277,
4863675767,-19.06082618,
4864275727,-18.44129686,
4864875687,-19.81063914,
4865475647,-18.49203994,
4866075607,-18.96119332,
4866675567,-19.30686866,
4867275527,-19.07030983,
4867875487,-18.9045409,
4868475447,-19.1487799,
4869075407,-19.18225272,
4869675367,-19.08165383,
4870275327,-19.639476,
4870875287,-19.50514454,
4871475247,-19.45985721,
4872075207,-19.52763855,
4872675167,-19.56285407,
4873275127,-19.13451761,
4873875087,-19.37331798,
4874475047,-19.33720402,
4875075007,-19.26995569,
4875674967,-19.17811418,
4876274927,-19.69075758,
4876874887,-19.60254157,
4877474847,-19.34413266,
4878074807,-19.37044152,
4878674767,-18.90559042,
4879274727,-19.60915778,
4879874687,-18.92737065,
4880474647,-18.93510482,
4881074607,-18.82890775,
4881674567,-18.80987933,
4882274527,-19.24664375,
4882874487,-19.47568258,
4883474447,-19.11427263,
4884074407,-19.6454361,
4884674367,-19.35409749,
4885274327,-19.40594751,
4885874287,-19.78935848,
4886474247,-19.23613514,
4887074207,-19.70628717,
4887674167,-19.40447496,
4888274127,-19.59302698,
4888874087,-19.12456288,
4889474047,-19.59634763,
4890074007,-19.40760299,
4890673967,-19.34060936,
4891273927,-19.74748051,
4891873887,-19.83536028,
4892473847,-19.30153254,
4893073807,-19.35313029,
4893673767,-19.73614416,
4894273727,-19.1954986,
4894873687,-19.36799364,
4895473647,-19.28772667,
4896073607,-19.12292942,
4896673567,-19.19595086,
4897273527,-19.47614181,
4897873487,-19.10694789,
4898473447,-19.32036749,
4899073407,-19.33086185,
4899673367,-19.5217372,
4900273327,-19.20518455,
4900873287,-19.02114666,
4901473247,-19.1732969,
4902073207,-18.79791889,
4902673167,-19.16414213,
4903273127,-18.93726804,
4903873087,-19.31709693,
4904473047,-19.02107922,
4905073007,-19.27711796,
4905672967,-19.09291896,
4906272927,-18.79845615,
4906872887,-18.90330376,
4907472847,-19.62475012,
4908072807,-19.74138309,
4908672767,-19.06503289,
4909272727,-19.30052268,
4909872687,-19.34469272,
4910472647,-18.70709149,
4911072607,-19.09748502,
4911672567,-19.33317075,
4912272527,-19.29018984,
4912872487,-18.80096708,
4913472447,-19.3172306,
4914072407,-19.2629495,
4914672367,-18.48295644,
4915272327,-19.22179284,
4915872287,-19.14556339,
4916472247,-19.09204096,
4917072207,-19.29835796,
4917672167,-19.26145101,
4918272127,-18.73577016,
4918872087,-18.76887887,
4919472047,-19.06634208,
4920072007,-18.98953784,
4920671967,-19.18933054,
4921271927,-19.20025864,
4921871887,-19.22333378,
4922471847,-19.00828132,
4923071807,-19.0423963,
4923671767,-19.66485881,
4924271726,-18.9677692,
4924871686,-18.90786388,
4925471646,-18.86006607,
4926071606,-19.00773924,
4926671566,-18.54942409,
4927271526,-18.79745381,
4927871486,-18.93937286,
4928471446,-18.82813034,
4929071406,-17.85980957,
4929671366,-17.8673998,
4930271326,-18.24105522,
4930871286,-17.91602638,
4931471246,-18.30330699,
4932071206,-19.24718454,
4932671166,-18.77395468,
4933271126,-18.65032939,
4933871086,-19.00563998,
4934471046,-18.39947973,
4935071006,-18.66872064,
4935670966,-18.20632398,
4936270926,-18.78434465,
4936870886,-18.18619792,
4937470846,-18.62172582,
4938070806,-18.48598307,
4938670766,-18.52179165,
4939270726,-18.28375579,
4939870686,-18.54698074,
4940470646,-18.61438485,
4941070606,-17.89219184,
4941670566,-18.30910377,
4942270526,-17.81888136,
4942870486,-18.34659856,
4943470446,-18.29314695,
4944070406,-18.22582081,
4944670366,-18.06718223,
4945270326,-18.39564384,
4945870286,-18.11886321,
4946470246,-18.00258825,
4947070206,-18.45570867,
4947670166,-18.77265947,
4948270126,-18.55592345,
4948870086,-17.87002924,
4949470046,-17.69995745,
4950070006,-17.69658819,
4950669966,-18.0668887,
4951269926,-17.96829679,
4951869886,-17.91679999,
4952469846,-17.89493434,
4953069806,-17.69578567,
4953669766,-17.75206108,
4954269726,-17.56091792,
4954869686,-18.01493522,
4955469646,-18.12268091,
4956069606,-17.57775802,
4956669566,-18.05585326,
4957269526,-17.81474433,
4957869486,-17.78000386,
4958469446,-17.91839793,
4959069406,-18.04900947,
4959669366,-17.95166739,
4960269326,-17.85638444,
4960869286,-17.76821537,
4961469246,-17.83180502,
4962069206,-17.64796993,
4962669166,-17.73780431,
4963269126,-18.06230721,
4963869086,-17.63357163,
4964469046,-17.9867115,
4965069006,-18.06443701,
4965668966,-17.68077385,
4966268926,-18.02462598,
4966868886,-18.14890553,
4967468846,-17.91638357,
4968068806,-17.922073,
4968668766,-17.42155608,
4969268726,-17.52803746,
4969868686,-17.97576769,
4970468646,-17.66429783,
4971068606,-17.49694529,
4971668566,-17.52902049,
4972268526,-17.98268019,
4972868486,-17.55835071,
4973468446,-17.63151541,
4974068406,-17.81689834,
4974668366,-17.75194653,
4975268326,-17.36374893,
4975868286,-17.39824623,
4976468246,-17.24547976,
4977068206,-17.84910308,
4977668166,-17.46850287,
4978268126,-17.71970941,
4978868086,-17.80921923,
4979468046,-17.45306085,
4980068006,-17.73987217,
4980667966,-17.08645418,
4981267926,-17.51960945,
4981867886,-17.72209342,
4982467846,-17.42588735,
4983067806,-17.41804475,
4983667766,-17.57003746,
4984267726,-17.54912371,
4984867686,-17.36893295,
4985467646,-17.30243455,
4986067606,-17.41065198,
4986667566,-17.58037555,
4987267526,-17.74905943,
4987867486,-17.59175877,
4988467446,-17.39996143,
4989067406,-17.28151725,
4989667366,-17.50427994,
4990267326,-17.3236168,
4990867286,-17.74791327,
4991467246,-17.51535418,
4992067206,-17.52052945,
4992667166,-17.61049125,
4993267126,-17.69215336,
4993867086,-17.61584088,
4994467046,-17.53861567,
4995067006,-17.50918981,
4995666966,-17.69991009,
4996266926,-17.34740128,
4996866886,-17.22669329,
4997466846,-17.23721352,
4998066806,-17.0992822,
4998666766,-17.29468434,
4999266726,-17.4757322,
4999866686,-17.48425268,
5000466646,-17.54299895,
5001066606,-17.65249962,
5001666566,-17.64424619,
5002266526,-17.76648996,
5002866486,-17.52250033,
5003466446,-17.28981807,
5004066406,-17.51454193,
5004666366,-17.90905749,
5005266326,-17.60131406,
5005866286,-17.10095507,
5006466246,-17.73852622,
5007066206,-17.43429529,
5007666166,-17.68867985,
5008266126,-17.87813714,
5008866086,-17.96320695,
5009466046,-17.53872212,
5010066006,-17.53878453,
5010665966,-17.75776946,
5011265926,-17.2224772,
5011865886,-17.60661986,
5012465846,-17.57473452,
5013065806,-17.63956156,
5013665766,-17.34878749,
5014265726,-17.0655453,
5014865686,-17.56266787,
5015465646,-17.3933451,
5016065606,-17.75078719,
5016665566,-17.75772063,
5017265526,-17.53016551,
5017865486,-17.80448007,
5018465446,-18.06037131,
5019065406,-17.76577345,
5019665366,-18.30641725,
5020265326,-17.42342319,
5020865286,-17.74822265,
5021465246,-17.56153936,
5022065206,-17.6523933,
5022665166,-17.96906432,
5023265126,-18.16640088,
5023865086,-18.0970724,
5024465046,-17.91279311,
5025065006,-18.09159735,
5025664966,-17.71553555,
5026264926,-17.41742931,
5026864886,-17.62858244,
5027464846,-17.90807743,
5028064806,-17.87370843,
5028664766,-17.68764787,
5029264726,-18.22227887,
5029864686,-18.1142032,
5030464646,-18.21334949,
5031064606,-18.06312288,
5031664566,-17.72628581,
5032264526,-18.21277331,
5032864486,-17.91149683,
5033464446,-17.53097197,
5034064406,-18.35249201,
5034664366,-18.3172574,
5035264326,-18.25349753,
5035864286,-18.24439498,
5036464246,-18.84512903,
5037064206,-18.29931623,
5037664166,-18.34482437,
5038264126,-18.37442252,
5038864086,-18.03375363,
5039464046,-18.43504334,
5040064006,-17.88581293,
5040663966,-18.42432209,
5041263926,-18.75263001,
5041863886,-19.01920994,
5042463846,-18.67639222,
5043063806,-18.57753224,
5043663766,-18.95696068,
5044263726,-18.70201721,
5044863686,-18.51153488,
5045463646,-18.79558995,
5046063606,-18.61441507,
5046663566,-19.76936275,
5047263526,-18.90894847,
5047863486,-19.24405771,
5048463446,-19.03796949,
5049063406,-18.83949566,
5049663366,-19.01354948,
5050263326,-19.35468609,
5050863286,-19.75664286,
5051463246,-19.80653379,
5052063206,-19.441856,
5052663166,-19.36477629,
5053263126,-19.4927746,
5053863086,-20.24093709,
5054463046,-19.65823071,
5055063006,-20.21869822,
5055662966,-19.85131907,
5056262926,-20.21334267,
5056862886,-20.83416169,
5057462846,-20.59266601,
5058062806,-20.42339309,
5058662766,-20.27012162,
5059262726,-20.17731424,
5059862686,-20.38504003,
5060462646,-20.34336833,
5061062606,-20.24533149,
5061662566,-20.34254079,
5062262526,-20.52106549,
5062862486,-20.4352698,
5063462446,-21.03714067,
5064062406,-20.1822759,
5064662366,-20.78937789,
5065262326,-19.95999761,
5065862286,-20.36264572,
5066462246,-20.58677333,
5067062206,-20.31835093,
5067662166,-20.63301669,
5068262126,-20.70762141,
5068862086,-20.2830752,
5069462046,-20.80164998,
5070062006,-20.86106792,
5070661966,-21.01057788,
5071261926,-20.68733813,
5071861886,-20.51053813,
5072461846,-20.85749409,
5073061806,-20.84228263,
5073661766,-20.4877209,
5074261726,-20.48745971,
5074861686,-21.77585379,
5075461646,-20.81844647,
5076061606,-21.2752833,
5076661566,-20.85296607,
5077261526,-20.74130586,
5077861485,-20.37966805,
5078461445,-21.14053437,
5079061405,-20.74386005,
5079661365,-20.87482902,
5080261325,-20.69387914,
5080861285,-21.14186279,
5081461245,-21.04899535,
5082061205,-21.68982997,
5082661165,-21.23552315,
5083261125,-20.64150439,
5083861085,-20.98430686,
5084461045,-21.36935502,
5085061005,-20.90534223,
5085660965,-20.9142951,
5086260925,-21.0614614,
5086860885,-20.8230251,
5087460845,-20.75473842,
5088060805,-21.1436777,
5088660765,-21.23102339,
5089260725,-20.80934207,
5089860685,-21.33431934,
5090460645,-21.12824745,
5091060605,-21.39612386,
5091660565,-21.33978408,
5092260525,-21.26797395,
5092860485,-21.33630825,
5093460445,-21.3685215,
5094060405,-21.30674939,
5094660365,-20.99916174,
5095260325,-21.15299987,
5095860285,-21.43373982,
5096460245,-21.25049723,
5097060205,-21.42096288,
5097660165,-21.58243979,
5098260125,-21.34933397,
5098860085,-21.56329261,
5099460045,-21.35020465,
5100060005,-21.83030352,
5100659965,-21.43725951,
5101259925,-21.44341059,
5101859885,-21.79907493,
5102459845,-21.64102755,
5103059805,-21.36024509,
5103659765,-21.91134045,
5104259725,-21.54479606,
5104859685,-21.74563644,
5105459645,-21.90131383,
5106059605,-21.49099359,
5106659565,-21.99778488,
5107259525,-21.82457759,
5107859485,-21.96251441,
5108459445,-21.8725456,
5109059405,-22.20609065,
5109659365,-22.18339813,
5110259325,-21.97314363,
5110859285,-21.83453838,
5111459245,-22.15188355,
5112059205,-22.38717812,
5112659165,-22.05287211,
5113259125,-22.25604428,
5113859085,-21.998303,
5114459045,-22.30637821,
5115059005,-22.4556337,
5115658965,-22.02190161,
5116258925,-22.06491709,
5116858885,-22.34342445,
5117458845,-22.44054754,
5118058805,-22.32780601,
5118658765,-22.09958225,
5119258725,-21.91196381,
5119858685,-22.57298947,
5120458645,-22.26443542,
5121058605,-22.30011252,
5121658565,-22.11294671,
5122258525,-22.70347732,
5122858485,-22.58520205,
5123458445,-22.97173714,
5124058405,-22.02306683,
5124658365,-22.23087229,
5125258325,-22.5595567,
5125858285,-22.9781978,
5126458245,-22.89871175,
5127058205,-22.59998392,
5127658165,-22.73433525,
5128258125,-22.8883199,
5128858085,-22.29241586,
5129458045,-22.78838265,
5130058005,-22.71942515,
5130657965,-22.64629486,
5131257925,-22.79718074,
5131857885,-22.75169974,
5132457845,-22.89587664,
5133057805,-22.17223058,
5133657765,-22.17678539,
5134257725,-22.96662831,
5134857685,-22.56510498,
5135457645,-22.50471407,
5136057605,-22.65586817,
5136657565,-22.74430611,
5137257525,-22.87450883,
5137857485,-23.06903024,
5138457445,-22.74507153,
5139057405,-22.7579561,
5139657365,-22.52141391,
5140257325,-22.77528472,
5140857285,-22.90560139,
5141457245,-22.59079168,
5142057205,-22.5594281,
5142657165,-23.35388449,
5143257125,-23.09086959,
5143857085,-23.09118019,
5144457045,-23.37482075,
5145057005,-23.00504753,
5145656965,-22.74990269,
5146256925,-23.29815573,
5146856885,-23.2247053,
5147456845,-23.10580861,
5148056805,-23.15188343,
5148656765,-22.91207435,
5149256725,-22.99878931,
5149856685,-22.67367584,
5150456645,-22.88495954,
5151056605,-23.29150659,
5151656565,-23.31223338,
5152256525,-22.95669992,
5152856485,-23.46017192,
5153456445,-23.02494228,
5154056405,-23.45788797,
5154656365,-22.84281581,
5155256325,-23.19663516,
5155856285,-23.23268956,
5156456245,-22.85144239,
5157056205,-22.90320323,
5157656165,-23.50718321,
5158256125,-22.98990341,
5158856085,-23.31061674,
5159456045,-22.53866737,
5160056005,-23.04210749,
5160655965,-23.36170184,
5161255925,-23.09407606,
5161855885,-23.68632787,
5162455845,-23.28123248,
5163055805,-23.19929458,
5163655765,-22.78472333,
5164255725,-22.9601379,
5164855685,-22.8701484,
5165455645,-22.83669248,
5166055605,-23.47782819,
5166655565,-23.00011752,
5167255525,-23.04011515,
5167855485,-23.55488668,
5168455445,-23.38126795,
5169055405,-23.38712656,
5169655365,-23.63207525,
5170255325,-22.93440902,
5170855285,-22.4661529,
5171455245,-22.6644416,
5172055205,-23.0887107,
5172655165,-23.21250346,
5173255125,-23.08524733,
5173855085,-23.54131441,
5174455045,-22.98520541,
5175055005,-23.15599901,
5175654965,-22.43286544,
5176254925,-23.13425875,
5176854885,-23.10401028,
5177454845,-23.42908398,
5178054805,-22.62790719,
5178654765,-22.90691947,
5179254725,-23.65427076,
5179854685,-22.99726848,
5180454645,-22.52772198,
5181054605,-22.84585301,
5181654565,-23.10643905,
5182254525,-23.54147999,
5182854485,-23.47030767,
5183454445,-23.183412,
5184054405,-22.90950382,
5184654365,-23.56487226,
5185254325,-22.53123318,
5185854285,-23.52291092,
5186454245,-23.11373858,
5187054205,-22.88996286,
5187654165,-23.1568203,
5188254125,-22.61766505,
5188854085,-23.38024543,
5189454045,-22.69859788,
5190054005,-22.71446703,
5190653965,-23.23644589,
5191253925,-23.25792946,
5191853885,-22.48473832,
5192453845,-22.29290731,
5193053805,-22.61893735,
5193653765,-23.01304967,
5194253725,-22.62929987,
5194853685,-22.86178313,
5195453645,-23.15575776,
5196053605,-22.72048304,
5196653565,-22.36457625,
5197253525,-22.90113545,
5197853485,-22.53483906,
5198453445,-22.37680858,
5199053405,-22.10269767,
5199653365,-22.67120957,
5200253325,-22.8624827,
5200853285,-22.65328453,
5201453245,-22.61335082,
5202053205,-22.49216891,
5202653165,-22.16672958,
5203253125,-22.20482366,
5203853085,-22.60982251,
5204453045,-22.52305266,
5205053005,-22.76935825,
5205652965,-22.55104904,
5206252925,-22.52413941,
5206852885,-22.60214361,
5207452845,-22.2760804,
5208052805,-22.08887584,
5208652765,-22.67518077,
5209252725,-22.48861415,
5209852685,-22.17178489,
5210452645,-22.45780186,
5211052605,-22.54268853,
5211652565,-22.4837653,
5212252525,-22.01339735,
5212852485,-22.24962382,
5213452445,-22.45530998,
5214052405,-22.31990712,
5214652365,-22.34605491,
5215252325,-22.39810501,
5215852285,-22.05188717,
5216452245,-22.07231443,
5217052205,-22.19016522,
5217652165,-22.01876259,
5218252125,-21.55327321,
5218852085,-21.73607366,
5219452045,-21.68023887,
5220052005,-21.42646095,
5220651965,-22.01784796,
5221251925,-21.91647384,
5221851885,-21.9033972,
5222451845,-21.49466801,
5223051805,-22.14248584,
5223651765,-21.68596786,
5224251725,-21.81051346,
5224851685,-21.8723188,
5225451645,-21.66463051,
5226051605,-21.71186796,
5226651565,-21.36362175,
5227251525,-21.54942097,
5227851485,-21.59152154,
5228451445,-21.43698024,
5229051405,-21.47920296,
5229651365,-21.57391714,
5230251325,-21.4132608,
5230851285,-21.7588838,
5231451244,-21.6796605,
5232051204,-21.30340519,
5232651164,-21.25718789,
5233251124,-21.10926569,
5233851084,-21.21102984,
5234451044,-21.60223781,
5235051004,-21.19553974,
5235650964,-21.28389419,
5236250924,-21.06549932,
5236850884,-21.09928601,
5237450844,-21.11465512,
5238050804,-21.24988511,
5238650764,-21.14801339,
5239250724,-21.2630713,
5239850684,-20.58212095,
5240450644,-21.19905147,
5241050604,-20.98224291,
5241650564,-20.92359561,
5242250524,-21.11418655,
5242850484,-20.98103355,
5243450444,-21.08864741,
5244050404,-20.87258961,
5244650364,-20.95514418,
5245250324,-20.82046274,
5245850284,-20.86018267,
5246450244,-20.79728185,
5247050204,-20.65779919,
5247650164,-20.79933837,
5248250124,-20.88410991,
5248850084,-20.77370489,
5249450044,-20.65300257,
5250050004,-20.54486279,
5250649964,-20.53186593,
5251249924,-20.64605545,
5251849884,-20.18544037,
5252449844,-20.46288859,
5253049804,-20.75111606,
5253649764,-20.31040595,
5254249724,-20.64273036,
5254849684,-20.68056592,
5255449644,-20.60007414,
5256049604,-20.71623703,
5256649564,-20.50638619,
5257249524,-20.72783939,
5257849484,-20.81510721,
5258449444,-21.0665731,
5259049404,-20.0934251,
5259649364,-20.26387784,
5260249324,-20.18525058,
5260849284,-20.35725093,
5261449244,-19.88667803,
5262049204,-19.95480558,
5262649164,-20.17026856,
5263249124,-20.00243359,
5263849084,-20.30130573,
5264449044,-20.03680444,
5265049004,-20.84422414,
5265648964,-20.00739442,
5266248924,-20.36771118,
5266848884,-20.38072979,
5267448844,-20.11237827,
5268048804,-19.98787984,
5268648764,-20.35697048,
5269248724,-19.67979311,
5269848684,-20.21570486,
5270448644,-20.71221049,
5271048604,-20.33936767,
5271648564,-19.93489595,
5272248524,-19.55554227,
5272848484,-19.5116412,
5273448444,-19.94519945,
5274048404,-19.60537769,
5274648364,-20.07478139,
5275248324,-19.42083706,
5275848284,-19.76691366,
5276448244,-20.48752847,
5277048204,-19.55058146,
5277648164,-19.94335232,
5278248124,-20.22828653,
5278848084,-20.08475106,
5279448044,-19.50725737,
5280048004,-20.23831005,
5280647964,-20.1895572,
5281247924,-20.25720041,
5281847884,-19.68685486,
5282447844,-20.50362624,
5283047804,-20.3638851,
5283647764,-19.51882355,
5284247724,-19.44007193,
5284847684,-20.38416208,
5285447644,-20.14419946,
5286047604,-20.09077167,
5286647564,-20.24438759,
5287247524,-20.19817659,
5287847484,-19.39290919,
5288447444,-20.07302293,
5289047404,-19.35342722,
5289647364,-19.67608242,
5290247324,-19.86488874,
5290847284,-20.08162431,
5291447244,-19.82747323,
5292047204,-19.58005005,
5292647164,-19.80945854,
5293247124,-19.47109432,
5293847084,-19.97521927,
5294447044,-19.94260104,
5295047004,-19.36472454,
5295646964,-20.05560056,
5296246924,-20.35965484,
5296846884,-19.79097273,
5297446844,-19.59029184,
5298046804,-19.93167423,
5298646764,-19.76718859,
5299246724,-19.5790131,
5299846684,-20.19903602,
5300446644,-20.05303125,
5301046604,-20.49656527,
5301646564,-20.2223778,
5302246524,-19.80377976,
5302846484,-19.65339065,
5303446444,-19.62132165,
5304046404,-19.90470248,
5304646364,-19.71136109,
5305246324,-20.46661625,
5305846284,-20.29046041,
5306446244,-20.30622014,
5307046204,-20.13440312,
5307646164,-19.5355995,
5308246124,-19.74434086,
5308846084,-19.98134943,
5309446044,-20.11671568,
5310046004,-20.48323844,
5310645964,-19.75966568,
5311245924,-20.50453271,
5311845884,-20.38041304,
5312445844,-20.14758962,
5313045804,-20.26046124,
5313645764,-20.32790498,
5314245724,-19.73338766,
5314845684,-19.56679593,
5315445644,-20.67842306,
5316045604,-19.97103549,
5316645564,-20.23502435,
5317245524,-20.41222774,
5317845484,-20.55886028,
5318445444,-20.409856,
5319045404,-19.84823185,
5319645364,-20.19698329,
5320245324,-20.13991418,
5320845284,-19.60562359,
5321445244,-20.61851019,
5322045204,-20.1710636,
5322645164,-20.61299929,
5323245124,-20.41850048,
5323845084,-20.21171139,
5324445044,-20.53636081,
5325045004,-19.98857062,
5325644964,-20.47190688,
5326244924,-20.81401857,
5326844884,-20.1757684,
5327444844,-20.11621042,
5328044804,-20.44059793,
5328644764,-20.12419963,
5329244724,-20.21935395,
5329844684,-19.98766142,
5330444644,-20.4109926,
5331044604,-20.05205168,
5331644564,-20.50068093,
5332244524,-20.48103516,
5332844484,-20.39869647,
5333444444,-20.40629326,
5334044404,-20.88758182,
5334644364,-20.40045293,
5335244324,-20.6070701,
5335844284,-20.37020225,
5336444244,-20.61523496,
5337044204,-20.68827637,
5337644164,-20.59524106,
5338244124,-20.42501818,
5338844084,-20.67366287,
5339444044,-21.33372109,
5340044004,-20.79436986,
5340643964,-20.61951876,
5341243924,-20.88318867,
5341843884,-20.55703879,
5342443844,-21.11490464,
5343043804,-21.02413176,
5343643764,-20.88461755,
5344243724,-20.86557846,
5344843684,-21.06852081,
5345443644,-20.94823128,
5346043604,-21.18198101,
5346643564,-20.69580574,
5347243524,-21.37848598,
5347843484,-21.16064448,
5348443444,-21.335869,
5349043404,-21.25440927,
5349643364,-21.54298464,
5350243324,-21.46276852,
5350843284,-21.3553765,
5351443244,-21.33580248,
5352043204,-21.34371725,
5352643164,-21.57552804,
5353243124,-21.43799267,
5353843084,-21.39734247,
5354443044,-21.75621018,
5355043004,-21.29321774,
5355642964,-21.54975379,
5356242924,-21.65115641,
5356842884,-21.44613045,
5357442844,-21.81909166,
5358042804,-21.35480288,
5358642764,-21.92858831,
5359242724,-21.0246568,
5359842684,-21.93057768,
5360442644,-21.64444718,
5361042604,-22.14675833,
5361642564,-21.99069503,
5362242524,-21.67136186,
5362842484,-22.00913465,
5363442444,-22.10213913,
5364042404,-22.42133054,
5364642364,-21.88695292,
5365242324,-22.21060425,
5365842284,-21.55193537,
5366442244,-21.14324665,
5367042204,-22.53701734,
5367642164,-22.06491259,
5368242124,-22.2961922,
5368842084,-22.15097689,
5369442044,-22.35565384,
5370042004,-22.47962653,
5370641964,-22.29274474,
5371241924,-22.06076957,
5371841884,-22.28928258,
5372441844,-22.13428607,
5373041804,-22.56910595,
5373641764,-21.40036295,
5374241724,-21.77010456,
5374841684,-22.23368999,
5375441644,-23.17371016,
5376041604,-23.4736599,
5376641564,-22.77220947,
5377241524,-21.50731198,
5377841484,-22.82286238,
5378441444,-22.760681,
5379041404,-22.47898211,
5379641364,-22.46570514,
5380241324,-22.7583063,
5380841284,-22.82080655,
5381441244,-22.63005862,
5382041204,-22.76455682,
5382641164,-23.22068779,
5383241124,-22.42358191,
5383841084,-22.58841971,
5384441044,-22.42649734,
5385041004,-23.23342015,
5385640963,-22.57741469,
5386240923,-22.84212922,
5386840883,-23.09725365,
5387440843,-23.06985798,
5388040803,-22.74604023,
5388640763,-22.8412775,
5389240723,-22.56395901,
5389840683,-22.44693732,
5390440643,-23.22590423,
5391040603,-22.74701834,
5391640563,-23.03941042,
5392240523,-22.49845992,
5392840483,-22.68101717,
5393440443,-23.73303976,
5394040403,-23.65604038,
5394640363,-22.6662715,
5395240323,-22.73064416,
5395840283,-23.65715987,
5396440243,-22.95054504,
5397040203,-22.95379878,
5397640163,-23.38398499,
5398240123,-23.88895421,
5398840083,-22.57032797,
5399440043,-22.62050759,
5400040003,-23.02744929,
5400639963,-22.80414518,
5401239923,-23.20396575,
5401839883,-23.52225842,
5402439843,-23.31728763,
5403039803,-23.33552318,
5403639763,-22.66763868,
5404239723,-23.09982032,
5404839683,-22.74641605,
5405439643,-23.09301791,
5406039603,-23.49449089,
5406639563,-22.72003236,
5407239523,-22.51372906,
5407839483,-22.81166761,
5408439443,-22.34684464,
5409039403,-23.03713808,
5409639363,-23.04651792,
5410239323,-23.38417546,
5410839283,-23.25023703,
5411439243,-23.29803972,
5412039203,-22.61653263,
5412639163,-23.67089878,
5413239123,-23.09023457,
5413839083,-23.96083619,
5414439043,-22.60300392,
5415039003,-23.15701265,
5415638963,-22.7706296,
5416238923,-22.89488797,
5416838883,-23.10864433,
5417438843,-23.91073451,
5418038803,-23.21239707,
5418638763,-24.18863029,
5419238723,-22.88211456,
5419838683,-23.60303922,
5420438643,-23.68664117,
5421038603,-23.43246095,
5421638563,-24.11399214,
5422238523,-23.26921242,
5422838483,-23.29859117,
5423438443,-23.30532788,
5424038403,-24.28456953,
5424638363,-23.60868652,
5425238323,-23.9973283,
5425838283,-23.51689052,
5426438243,-23.54925108,
5427038203,-24.27846655,
5427638163,-24.28868941,
5428238123,-23.75935025,
5428838083,-23.36783425,
5429438043,-22.53351873,
5430038003,-24.5050123,
5430637963,-25.1488026,
5431237923,-23.58334727,
5431837883,-23.1627419,
5432437843,-23.97551838,
5433037803,-24.29836366,
5433637763,-23.85020773,
5434237723,-23.94077528,
5434837683,-24.57436838,
5435437643,-23.93575874,
5436037603,-23.74652374,
5436637563,-24.55316872,
5437237523,-23.696786,
5437837483,-23.63875425,
5438437443,-23.87849505,
5439037403,-23.47569475,
5439637363,-24.3744414,
5440237323,-23.03007785,
5440837283,-23.13547896,
5441437243,-24.62592819,
5442037203,-24.34635062,
5442637163,-23.47112989,
5443237123,-25.65081045,
5443837083,-23.40051504,
5444437043,-23.77618654,
5445037003,-24.52420676,
5445636963,-23.78998399,
5446236923,-24.12368952,
5446836883,-24.68127644,
5447436843,-24.35514778,
5448036803,-24.82434892,
5448636763,-23.61175309,
5449236723,-23.87118039,
5449836683,-24.33814356,
5450436643,-23.48192471,
5451036603,-23.43702762,
5451636563,-25.21346544,
5452236523,-23.93363248,
5452836483,-24.72489975,
5453436443,-23.78372056,
5454036403,-24.03244959,
5454636363,-24.17379283,
5455236323,-22.95723381,
5455836283,-24.16630821,
5456436243,-23.48288399,
5457036203,-23.93149734,
5457636163,-23.77955146,
5458236123,-24.78353661,
5458836083,-23.23677983,
5459436043,-23.97627156,
5460036003,-24.34428633,
5460635963,-23.6984191,
5461235923,-24.38731072,
5461835883,-23.74931466,
5462435843,-24.58850886,
5463035803,-24.55807227,
5463635763,-23.88501768,
5464235723,-24.64808212,
5464835683,-23.95623492,
5465435643,-23.14146066,
5466035603,-24.336919,
5466635563,-23.68723984,
5467235523,-23.73916057,
5467835483,-24.51815382,
5468435443,-23.49997981,
5469035403,-24.40074711,
5469635363,-24.59840012,
5470235323,-23.6126616,
5470835283,-23.60405182,
5471435243,-23.55700756,
5472035203,-22.78537053,
5472635163,-23.52859008,
5473235123,-24.34161871,
5473835083,-22.75414607,
5474435043,-23.33425313,
5475035003,-23.67483453,
5475634963,-23.39195464,
5476234923,-23.23200181,
5476834883,-23.10119531,
5477434843,-22.5068586,
5478034803,-22.88856637,
5478634763,-23.65420944,
5479234723,-24.15443043,
5479834683,-22.84441346,
5480434643,-24.05773231,
5481034603,-24.0991867,
5481634563,-23.04969059,
5482234523,-23.03133511,
5482834483,-24.13018051,
5483434443,-23.38694337,
5484034403,-23.06045321,
5484634363,-23.97112859,
5485234323,-23.11251489,
5485834283,-22.64867184,
5486434243,-23.21230559,
5487034203,-22.77355671,
5487634163,-23.10088891,
5488234123,-23.36599803,
5488834083,-22.84844543,
5489434043,-23.19822317,
5490034003,-23.77893466,
5490633963,-23.72863374,
5491233923,-23.58767494,
5491833883,-22.48401633,
5492433843,-21.75905184,
5493033803,-22.4964979,
5493633763,-22.48098728,
5494233723,-23.06189549,
5494833683,-23.37164626,
5495433643,-22.76601422,
5496033603,-22.94372106,
5496633563,-22.13795813,
5497233523,-23.29483295,
5497833483,-22.64018611,
5498433443,-22.72140145,
5499033403,-22.51518624,
5499633363,-22.01749259,
5500233323,-22.62698458,
5500833283,-22.2443783,
5501433243,-21.82540296,
5502033203,-23.26205705,
5502633163,-23.25779895,
5503233123,-22.14730772,
5503833083,-22.25553239,
5504433043,-22.30918717,
5505033003,-21.75972301,
5505632963,-22.6954841,
5506232923,-22.11621252,
5506832883,-23.12798503,
5507432843,-22.57415288,
5508032803,-22.84162814,
5508632763,-22.58760242,
5509232723,-22.75858473,
5509832683,-22.40415734,
5510432643,-22.82807434,
5511032603,-22.31531601,
5511632563,-22.91859109,
5512232523,-22.07528683,
5512832483,-22.28788051,
5513432443,-22.07062833,
5514032403,-23.08697429,
5514632363,-22.95718864,
5515232323,-22.05083823,
5515832283,-22.22179645,
5516432243,-22.18359697,
5517032203,-22.33302881,
5517632163,-22.4815771,
5518232123,-22.10633179,
5518832083,-22.08985716,
5519432043,-21.86973664,
5520032003,-22.28851832,
5520631963,-22.3845575,
5521231923,-22.61977951,
5521831883,-22.00263692,
5522431843,-21.17428304,
5523031803,-22.11438137,
5523631763,-22.06763963,
5524231723,-22.16925828,
5524831683,-22.26009317,
5525431643,-22.21417142,
5526031603,-21.8076093,
5526631563,-21.6561923,
5527231523,-22.15803249,
5527831483,-22.00927103,
5528431443,-21.600014,
5529031403,-21.58793921,
5529631363,-22.11645704,
5530231323,-21.30609134,
5530831283,-21.46755154,
5531431243,-22.59007995,
5532031203,-22.07725394,
5532631163,-22.29511222,
5533231123,-21.45032454,
5533831083,-21.84789969,
5534431043,-21.70890162,
5535031003,-21.60063218,
5535630963,-21.15462165,
5536230923,-20.77260646,
5536830883,-21.74274247,
5537430843,-21.69077625,
5538030803,-21.5140448,
5538630763,-21.94493554,
5539230722,-21.21770472,
5539830682,-21.58852391,
5540430642,-21.3448989,
5541030602,-21.15172652,
5541630562,-20.95944956,
5542230522,-21.38548986,
5542830482,-21.63752972,
5543430442,-20.81614658,
5544030402,-21.34573522,
5544630362,-21.32575401,
5545230322,-20.93051165,
5545830282,-21.64457675,
5546430242,-20.80451113,
5547030202,-20.50429162,
5547630162,-21.63669266,
5548230122,-21.03338295,
5548830082,-20.98022065,
5549430042,-21.14926856,
5550030002,-20.86045575,
5550629962,-20.68338846,
5551229922,-20.19393255,
5551829882,-20.69102059,
5552429842,-21.15072975,
5553029802,-20.43299179,
5553629762,-20.87621961,
5554229722,-20.7611662,
5554829682,-21.07678217,
5555429642,-21.00527788,
5556029602,-20.70618719,
5556629562,-20.65569851,
5557229522,-20.90742503,
5557829482,-20.18711548,
5558429442,-20.27638212,
5559029402,-20.4597033,
5559629362,-20.50216062,
5560229322,-20.70340635,
5560829282,-20.26957617,
5561429242,-20.48497568,
5562029202,-20.26770411,
5562629162,-20.30862281,
5563229122,-20.23508233,
5563829082,-20.30350113,
5564429042,-20.02772428,
5565029002,-20.54516952,
5565628962,-20.26254693,
5566228922,-20.17520691,
5566828882,-20.40756887,
5567428842,-20.40642871,
5568028802,-19.93175924,
5568628762,-20.2253832,
5569228722,-20.29052887,
5569828682,-20.36854707,
5570428642,-20.10948681,
5571028602,-20.28935169,
5571628562,-20.17649521,
5572228522,-20.05015109,
5572828482,-19.73321366,
5573428442,-20.17996209,
5574028402,-19.90557132,
5574628362,-19.87557622,
5575228322,-20.1734049,
5575828282,-20.17921252,
5576428242,-19.55658101,
5577028202,-19.8119222,
5577628162,-19.76176595,
5578228122,-19.70329199,
5578828082,-19.79256254,
5579428042,-19.91477515,
5580028002,-19.72723347,
5580627962,-19.4945323,
5581227922,-19.66761113,
5581827882,-19.93955902,
5582427842,-20.01859388,
5583027802,-19.78538504,
5583627762,-20.13535334,
5584227722,-19.50284014,
5584827682,-19.83238229,
5585427642,-19.29224223,
5586027602,-19.68563384,
5586627562,-19.74862052,
5587227522,-19.59151027,
5587827482,-19.72852183,
5588427442,-19.56024118,
5589027402,-19.97490644,
5589627362,-19.93012835,
5590227322,-19.43353499,
5590827282,-19.9633083,
5591427242,-19.72883305,
5592027202,-19.44125891,
5592627162,-19.89519295,
5593227122,-19.12494576,
5593827082,-19.98826713,
5594427042,-19.72484731,
5595027002,-19.64343827,
5595626962,-19.70603057,
5596226922,-20.01054127,
5596826882,-20.05650988,
5597426842,-19.60405565,
5598026802,-19.58961561,
5598626762,-19.54635142,
5599226722,-19.69335029,
5599826682,-19.59236297,
5600426642,-19.88643259,
5601026602,-19.89320359,
5601626562,-19.78824564,
5602226522,-19.26436711,
5602826482,-19.893305,
5603426442,-19.67884336,
5604026402,-19.5176689,
5604626362,-19.87198729,
5605226322,-19.49001656,
5605826282,-19.52759492,
5606426242,-20.01262035,
5607026202,-19.68998818,
5607626162,-19.95090123,
5608226122,-19.74842309,
5608826082,-20.12043704,
5609426042,-19.68035533,
5610026002,-19.95045436,
5610625962,-19.64881801,
5611225922,-19.6285202,
5611825882,-20.02264317,
5612425842,-20.03974388,
5613025802,-19.92176967,
5613625762,-19.78570174,
5614225722,-20.3861742,
5614825682,-20.20004227,
5615425642,-20.28440916,
5616025602,-20.37141777,
5616625562,-20.24942672,
5617225522,-20.32859817,
5617825482,-20.40083225,
5618425442,-20.27416316,
5619025402,-20.28651264,
5619625362,-19.67576187,
5620225322,-19.79853439,
5620825282,-20.45141506,
5621425242,-20.50001264,
5622025202,-20.58390996,
5622625162,-20.14010574,
5623225122,-20.21265222,
5623825082,-21.12300293,
5624425042,-20.29335778,
5625025002,-20.27363124,
5625624962,-20.75104326,
5626224922,-20.25572614,
5626824882,-20.90330944,
5627424842,-20.90311517,
5628024802,-19.9530683,
5628624762,-20.95560666,
5629224722,-20.68763602,
5629824682,-20.42736873,
5630424642,-20.9145721,
5631024602,-21.13450608,
5631624562,-20.67431829,
5632224522,-21.06188041,
5632824482,-20.07252732,
5633424442,-20.81258831,
5634024402,-21.23241872,
5634624362,-20.7857532,
5635224322,-21.26303243,
5635824282,-20.56315256,
5636424242,-21.0918229,
5637024202,-20.74822126,
5637624162,-21.09317937,
5638224122,-21.38948734,
5638824082,-20.81541709,
5639424042,-20.40712862,
5640024002,-20.54279393,
5640623962,-21.10826731,
5641223922,-20.55925731,
5641823882,-21.44303466,
5642423842,-19.82789391,
5643023802,-21.34092998,
5643623762,-21.56006104,
5644223722,-21.04118954,
5644823682,-21.04620053,
5645423642,-21.1757829,
5646023602,-21.46920259,
5646623562,-21.38581756,
5647223522,-21.39328704,
5647823482,-21.59124589,
5648423442,-21.60740485,
5649023402,-21.56850093,
5649623362,-22.20336425,
5650223322,-21.79474322,
5650823282,-21.24487911,
5651423242,-22.22359264,
5652023202,-22.14251314,
5652623162,-21.6685144,
5653223122,-22.55923334,
5653823082,-21.50903492,
5654423042,-21.52710187,
5655023002,-21.46089689,
5655622962,-22.3343828,
5656222922,-21.7981126,
5656822882,-21.49013922,
5657422842,-21.7063802,
5658022802,-21.61025427,
5658622762,-21.35248783,
5659222722,-22.36619713,
5659822682,-22.16613948,
5660422642,-20.92133265,
5661022602,-20.95158807,
5661622562,-21.93586431,
5662222522,-21.72516934,
5662822482,-22.37598981,
5663422442,-21.80982755,
5664022402,-21.24246985,
5664622362,-21.39498574,
5665222322,-21.36079539,
5665822282,-21.05876106,
5666422242,-21.35031113,
5667022202,-21.350201,
5667622162,-21.01010174,
5668222122,-21.00554748,
5668822082,-21.75499494,
5669422042,-21.71241833,
5670022002,-23.07514002,
5670621962,-23.05746966,
5671221922,-22.14634599,
5671821882,-22.47043692,
5672421842,-22.27205449,
5673021802,-22.53159596,
5673621762,-22.75087335,
5674221722,-22.15825096,
5674821682,-21.60213749,
5675421642,-21.97925787,
5676021602,-21.7036786,
5676621562,-21.87311016,
5677221522,-22.27193927,
5677821482,-22.48904263,
5678421442,-22.82749966,
5679021402,-22.28511406,
5679621362,-22.24343014,
5680221322,-22.798022,
5680821282,-22.9825125,
5681421242,-23.67205238,
5682021202,-23.89590783,
5682621162,-22.50044192,
5683221122,-22.43840637,
5683821082,-22.28972592,
5684421042,-22.84124085,
5685021002,-22.20607085,
5685620962,-22.14560812,
5686220922,-23.66165199,
5686820882,-23.01779642,
5687420842,-22.60055582,
5688020802,-22.95214002,
5688620762,-23.34686566,
5689220722,-23.19465428,
5689820682,-22.96430411,
5690420642,-22.48794273,
5691020602,-23.81736407,
5691620562,-23.58465173,
5692220522,-24.36539753,
5692820481,-24.0184127,
5693420441,-23.03069247,
5694020401,-23.37195137,
5694620361,-23.29882889,
5695220321,-24.12749249,
5695820281,-24.78093647,
5696420241,-25.00054526,
5697020201,-23.87738869,
5697620161,-24.30732873,
5698220121,-24.83028945,
5698820081,-25.11281225,
5699420041,-25.42532192,
5700020001,-23.4571305,
5700619961,-22.41260854,
5701219921,-24.34924522,
5701819881,-24.11874408,
5702419841,-23.94923924,
5703019801,-25.35893262,
5703619761,-25.08907457,
5704219721,-23.91978926,
5704819681,-25.90904271,
5705419641,-24.42204143,
5706019601,-24.49246395,
5706619561,-24.09136012,
5707219521,-23.75400567,
5707819481,-26.67319245,
5708419441,-25.5115067,
5709019401,-23.58308685,
5709619361,-23.38880687,
5710219321,-24.63708283,
5710819281,-25.15775028,
5711419241,-24.0482232,
5712019201,-25.83731593,
5712619161,-25.20654372,
5713219121,-24.74330283,
5713819081,-28.79981281,
5714419041,-25.96384004,
5715019001,-24.61691992,
5715618961,-26.45882799,
5716218921,-24.75375732,
5716818881,-23.79882725,
5717418841,-25.63441317,
5718018801,-25.69519475,
5718618761,-26.0379399,
5719218721,-25.10919231,
5719818681,-26.01104426,
5720418641,-25.44197561,
5721018601,-22.82836996,
5721618561,-24.77612157,
5722218521,-25.22581241,
5722818481,-27.67489318,
5723418441,-23.87870246,
5724018401,-25.67834317,
5724618361,-23.96712602,
5725218321,-24.44435879,
5725818281,-24.21133376,
5726418241,-25.63051553,
5727018201,-25.52225986,
5727618161,-25.21220632,
5728218121,-25.47186948,
5728818081,-23.84595338,
5729418041,-25.37727154,
5730018001,-26.16934996,
5730617961,-28.57554732,
5731217921,-24.81263035,
5731817881,-29.01241982,
5732417841,-28.04493777,
5733017801,-25.03335179,
5733617761,-26.39609087,
5734217721,-26.11968971,
5734817681,-25.48027594,
5735417641,-24.0278251,
5736017601,-25.87329951,
5736617561,-25.69211678,
5737217521,-25.51252499,
5737817481,-28.48898659,
5738417441,-27.34860188,
5739017401,-24.84798755,
5739617361,-26.33561322,
5740217321,-25.08563023,
5740817281,-26.64526818,
5741417241,-26.4979888,
5742017201,-25.2766044,
5742617161,-30.71223679,
5743217121,-26.59207524,
5743817081,-24.08152855,
5744417041,-26.56478744,
5745017001,-24.70099714,
5745616961,-25.89546172,
5746216921,-25.24121112,
5746816881,-25.9843625,
5747416841,-24.76590283,
5748016801,-25.92041061,
5748616761,-25.30197222,
5749216721,-25.39042012,
5749816681,-27.30766203,
5750416641,-26.83147117,
5751016601,-28.4233235,
5751616561,-27.90301218,
5752216521,-30.78602734,
5752816481,-29.48302602,
5753416441,-24.6492199,
5754016401,-25.87710193,
5754616361,-26.81786479,
5755216321,-25.97771963,
5755816281,-27.99754411,
5756416241,-26.40952917,
5757016201,-27.08955746,
5757616161,-27.29383958,
5758216121,-24.35601703,
5758816081,-24.24602648,
5759416041,-25.40283728,
5760016001,-26.02187753,
5760615961,-25.62917589,
5761215921,-26.99144062,
5761815881,-25.31930196,
5762415841,-27.33682422,
5763015801,-26.17299516,
5763615761,-28.092888,
5764215721,-25.69746133,
5764815681,-27.43748006,
5765415641,-24.25128964,
5766015601,-24.51806296,
5766615561,-25.0013139,
5767215521,-29.17701644,
5767815481,-25.12821036,
5768415441,-23.51602093,
5769015401,-26.38211455,
5769615361,-25.27085293,
5770215321,-24.12291298,
5770815281,-26.07799947,
5771415241,-25.18650742,
5772015201,-26.41202947,
5772615161,-25.91475975,
5773215121,-22.86651441,
5773815081,-27.27307654,
5774415041,-24.5746526,
5775015001,-26.06016095,
5775614961,-23.84739805,
5776214921,-25.51253437,
5776814881,-26.53843442,
5777414841,-24.6539055,
5778014801,-24.21137107,
5778614761,-25.32254962,
5779214721,-25.53995762,
5779814681,-29.12026643,
5780414641,-25.74716297,
5781014601,-24.70379751,
5781614561,-23.10152417,
5782214521,-25.65855074,
5782814481,-25.16475862,
5783414441,-23.71535767,
5784014401,-23.15148146,
5784614361,-24.79527779,
5785214321,-24.28842096,
5785814281,-25.86616922,
5786414241,-25.56423321,
5787014201,-22.73263512,
5787614161,-24.48013047,
5788214121,-25.28127158,
5788814081,-24.35751495,
5789414041,-23.84088817,
5790014001,-22.96580711,
5790613961,-23.75716633,
5791213921,-24.37237121,
5791813881,-24.57096553,
5792413841,-24.00048559,
5793013801,-24.89312428,
5793613761,-23.00984916,
5794213721,-24.0349474,
5794813681,-23.58372535,
5795413641,-24.73498125,
5796013601,-23.89202278,
5796613561,-23.25398567,
5797213521,-24.22985192,
5797813481,-24.49969431,
5798413441,-23.36302238,
5799013401,-23.49874018,
5799613361,-25.0778472,
5800213321,-24.63727117,
5800813281,-22.62103926,
5801413241,-23.49232005,
5802013201,-22.40808473,
5802613161,-23.0330517,
5803213121,-23.62764341,
5803813081,-22.94015343,
5804413041,-23.60222819,
5805013001,-23.26052967,
5805612961,-23.75992895,
5806212921,-22.29244961,
5806812881,-23.31775942,
5807412841,-23.16737326,
5808012801,-23.68698287,
5808612761,-23.22957427,
5809212721,-22.6539902,
5809812681,-23.07286336,
5810412641,-22.12988548,
5811012601,-23.97012226,
5811612561,-23.34799805,
5812212521,-22.54281188,
5812812481,-21.88987084,
5813412441,-21.89488112,
5814012401,-22.63828565,
5814612361,-23.09707378,
5815212321,-22.7868202,
5815812281,-22.62917013,
5816412241,-23.37983208,
5817012201,-22.71453741,
5817612161,-21.56171102,
5818212121,-22.80112017,
5818812081,-23.00240934,
5819412041,-22.7661411,
5820012001,-22.53581084,
5820611961,-21.57674761,
5821211921,-22.10378553,
5821811881,-22.19924404,
5822411841,-22.09077348,
5823011801,-22.8566273,
5823611761,-22.17210855,
5824211721,-21.66224463,
5824811681,-21.88009985,
5825411641,-21.3678231,
5826011601,-21.64641265,
5826611561,-21.34166051,
5827211521,-21.47374124,
5827811481,-22.22988311,
5828411441,-21.71381092,
5829011401,-21.41049124,
5829611361,-21.77500691,
5830211321,-21.33849224,
5830811281,-21.61404058,
5831411241,-21.79539139,
5832011201,-21.17832246,
5832611161,-21.64280909,
5833211121,-21.26365372,
5833811081,-21.7809174,
5834411041,-21.56063952,
5835011001,-21.48681239,
5835610961,-22.07031414,
5836210921,-22.01601934,
5836810881,-21.75445666,
5837410841,-21.98550019,
5838010801,-21.42034411,
5838610761,-21.38851008,
5839210721,-20.98992201,
5839810681,-21.54776563,
5840410641,-21.993155,
5841010601,-21.49716094,
5841610561,-20.82256646,
5842210521,-21.48431112,
5842810481,-21.49963614,
5843410441,-21.93208353,
5844010401,-21.60644937,
5844610361,-20.66349911,
5845210321,-20.74758329,
5845810281,-22.29532625,
5846410240,-21.13541042,
5847010200,-21.40275489,
5847610160,-21.24884605,
5848210120,-21.18305465,
5848810080,-21.56073146,
5849410040,-21.23784661,
5850010000,-21.27991872,
5850609960,-20.58412958,
5851209920,-21.09395652,
5851809880,-21.50439131,
5852409840,-21.36343061,
5853009800,-21.20625848,
5853609760,-21.36658133,
5854209720,-21.55872018,
5854809680,-21.69859426,
5855409640,-21.23563498,
5856009600,-21.41981631,
5856609560,-20.70501309,
5857209520,-21.26667201,
5857809480,-21.38346572,
5858409440,-20.51137791,
5859009400,-20.46656791,
5859609360,-20.56042739,
5860209320,-20.76649926,
5860809280,-21.27999918,
5861409240,-19.85487971,
5862009200,-21.06129663,
5862609160,-20.27710589,
5863209120,-20.24169047,
5863809080,-20.9320257,
5864409040,-20.30000373,
5865009000,-20.40159397,
5865608960,-20.30980246,
5866208920,-20.89986818,
5866808880,-19.92996194,
5867408840,-20.06259096,
5868008800,-20.26323153,
5868608760,-20.14681316,
5869208720,-20.43209099,
5869808680,-20.55207389,
5870408640,-20.42650602,
5871008600,-20.27529889,
5871608560,-20.33505542,
5872208520,-20.3930897,
5872808480,-20.6408629,
5873408440,-21.11687468,
5874008400,-19.99217238,
5874608360,-20.259727,
5875208320,-19.98498861,
5875808280,-20.20005693,
5876408240,-20.3810273,
5877008200,-20.37956305,
5877608160,-19.91266917,
5878208120,-19.83331362,
5878808080,-20.36921988,
5879408040,-20.083126,
5880008000,-19.94193663,
5880607960,-19.98653735,
5881207920,-20.0477125,
5881807880,-20.26296974,
5882407840,-19.9607392,
5883007800,-19.98744936,
5883607760,-19.92933021,
5884207720,-20.05811214,
5884807680,-20.1866491,
5885407640,-20.32671122,
5886007600,-20.38125441,
5886607560,-20.07350877,
5887207520,-19.81592578,
5887807480,-20.05013918,
5888407440,-19.64701214,
5889007400,-20.18422474,
5889607360,-20.09893993,
5890207320,-20.19360404,
5890807280,-19.83419517,
5891407240,-19.82586322,
5892007200,-19.73643488,
5892607160,-19.47996069,
5893207120,-19.3981121,
5893807080,-19.90703998,
5894407040,-20.49125421,
5895007000,-19.6925964,
5895606960,-20.09858225,
5896206920,-20.107375,
5896806880,-19.47436417,
5897406840,-19.84136854,
5898006800,-19.80947161,
5898606760,-20.42569285,
5899206720,-19.9954439,
5899806680,-19.43802908,
5900406640,-19.8489971,
5901006600,-20.24505661,
5901606560,-19.97599238,
5902206520,-20.39727508,
5902806480,-20.32050164,
5903406440,-19.67147504,
5904006400,-19.88343312,
5904606360,-19.9430545,
5905206320,-20.36672811,
5905806280,-20.46127206,
5906406240,-20.125371,
5907006200,-20.3386115,
5907606160,-20.21716728,
5908206120,-20.23196716,
5908806080,-20.43611263,
5909406040,-20.45029535,
5910006000,-20.71889952,
5910605960,-20.8046408,
5911205920,-19.98977686,
5911805880,-20.51879549,
5912405840,-20.12557008,
5913005800,-20.44384131,
5913605760,-20.45807549,
5914205720,-19.98414734,
5914805680,-19.55955835,
5915405640,-20.53092147,
5916005600,-20.75149732,
5916605560,-20.27299128,
5917205520,-20.14287364,
5917805480,-20.51207337,
5918405440,-20.67405322,
5919005400,-20.09270527,
5919605360,-20.6068021,
5920205320,-20.84578493,
5920805280,-20.7934947,
5921405240,-20.91599589,
5922005200,-20.70579416,
5922605160,-20.83510236,
5923205120,-20.76907542,
5923805080,-20.39373338,
5924405040,-20.89433348,
5925005000,-20.70176349,
5925604960,-20.14416177,
5926204920,-20.20188743,
5926804880,-20.06331757,
5927404840,-20.98607447,
5928004800,-21.18212151,
5928604760,-21.48495021,
5929204720,-21.78018824,
5929804680,-20.87351874,
5930404640,-20.24489252,
5931004600,-20.53579445,
5931604560,-21.18297985,
5932204520,-20.37040384,
5932804480,-21.70696555,
5933404440,-21.07885057,
5934004400,-20.8595118,
5934604360,-20.72869938,
5935204320,-21.81207733,
5935804280,-21.42633221,
5936404240,-21.62450025,
5937004200,-21.17943568,
5937604160,-21.68434853,
5938204120,-21.76564799,
5938804080,-21.75270739,
5939404040,-21.2548481,
5940004000,-20.95875,
5940603960,-21.29575584,
5941203920,-21.64632036,
5941803880,-21.76032605,
5942403840,-21.80586808,
5943003800,-21.59184731,
5943603760,-21.22793374,
5944203720,-20.8551446,
5944803680,-22.5997654,
5945403640,-21.03307722,
5946003600,-21.54721277,
5946603560,-21.44554273,
5947203520,-21.3686457,
5947803480,-21.44877057,
5948403440,-21.64081273,
5949003400,-21.561055,
5949603360,-20.83391132,
5950203320,-22.31916688,
5950803280,-22.28846472,
5951403240,-20.96580832,
5952003200,-21.24694653,
5952603160,-21.61392698,
5953203120,-21.77420237,
5953803080,-21.54318652,
5954403040,-21.60428792,
5955003000,-20.82440319,
5955602960,-21.52791402,
5956202920,-21.03485775,
5956802880,-21.32836539,
5957402840,-22.06318313,
5958002800,-22.18368306,
5958602760,-22.79071112,
5959202720,-21.56972658,
5959802680,-20.92759681,
5960402640,-21.64839248,
5961002600,-22.84458863,
5961602560,-21.9600079,
5962202520,-23.26585046,
5962802480,-23.06372249,
5963402440,-21.90776876,
5964002400,-21.74806589,
5964602360,-22.28051816,
5965202320,-21.70549212,
5965802280,-23.0452543,
5966402240,-21.65968078,
5967002200,-22.69182185,
5967602160,-21.81344971,
5968202120,-22.67101307,
5968802080,-22.47666815,
5969402040,-21.79099852,
5970002000,-22.65142257,
5970601960,-24.22475128,
5971201920,-22.8989484,
5971801880,-23.17065199,
5972401840,-23.21523483,
5973001800,-23.39901289,
5973601760,-23.59999495,
5974201720,-23.81154971,
5974801680,-23.47512419,
5975401640,-24.67650671,
5976001600,-22.76314441,
5976601560,-24.64263,
5977201520,-23.60383138,
5977801480,-23.16481781,
5978401440,-25.13958544,
5979001400,-24.89644333,
5979601360,-25.78136047,
5980201320,-22.9408471,
5980801280,-25.3943757,
5981401240,-23.74409019,
5982001200,-25.88460179,
5982601160,-23.35343853,
5983201120,-24.83264824,
5983801080,-24.93549605,
5984401040,-23.83884562,
5985001000,-25.66433415,
5985600960,-25.12097472,
5986200920,-25.33538589,
5986800880,-24.25844359,
5987400840,-24.1066134,
5988000800,-24.87939146,
5988600760,-24.91442377,
5989200720,-23.64000617,
5989800680,-26.20447524,
5990400640,-26.5763646,
5991000600,-26.16999287,
5991600560,-25.03236238,
5992200520,-23.78521413,
5992800480,-26.41837079,
5993400440,-26.56046906,
5994000400,-29.78271584,
5994600360,-23.76784864,
5995200320,-26.02637054,
5995800280,-26.42197238,
5996400240,-25.72188851,
5997000200,-26.91077724,
5997600160,-26.81267616,
5998200120,-26.30827553,
5998800080,-26.56773144,
5999400040,-25.0760758,
6000000000,-26.57016882,
