Frequency,S12_Magnitude,
1000000,-3.42607451,
1599959,-3.2018229,
2199919,-2.898646991,
2799879,-2.742520799,
3399839,-2.795776365,
3999799,-2.80200221,
4599759,-2.536220224,
5199719,-2.577549665,
5799679,-2.418520931,
6399639,-2.43260509,
6999599,-2.321566983,
7599559,-2.559904846,
8199519,-2.411448573,
8799479,-2.414591848,
9399439,-2.364965818,
9999399,-2.430638525,
10599359,-2.460992312,
11199319,-2.505454224,
11799279,-2.466188881,
12399239,-2.519065744,
12999199,-2.594477264,
13599159,-2.544224063,
14199119,-2.604539129,
14799079,-2.592903595,
15399039,-2.659757622,
15998999,-2.626073197,
16598959,-2.64731052,
17198919,-2.580655297,
17798879,-2.631166184,
18398839,-2.610854404,
18998799,-2.699891568,
19598759,-2.665504483,
20198719,-2.701727694,
20798679,-2.625794828,
21398639,-2.747879032,
21998599,-2.739667027,
22598559,-2.69919379,
23198519,-2.779669443,
23798479,-2.772302924,
24398439,-2.815530258,
24998399,-2.788474362,
25598359,-2.803413667,
26198319,-2.772344327,
26798279,-2.816790487,
27398239,-2.879661737,
27998199,-2.758071567,
28598159,-2.841082105,
29198119,-2.859197574,
29798079,-2.937889482,
30398039,-2.881741402,
30997999,-2.903104987,
31597959,-2.925789698,
32197919,-2.888541861,
32797879,-2.914567183,
33397839,-2.928100718,
33997799,-2.979874847,
34597759,-2.960450291,
35197719,-2.946049476,
35797679,-2.969104253,
36397639,-2.98884771,
36997599,-3.004417262,
37597559,-2.952676437,
38197519,-3.000212993,
38797479,-3.036780004,
39397439,-2.992719796,
39997399,-2.97631665,
40597359,-2.967613073,
41197319,-3.015751913,
41797279,-3.03326875,
42397239,-3.064901771,
42997199,-3.079191096,
43597159,-2.966055597,
44197119,-3.089045176,
44797079,-3.007864643,
45397039,-3.073217913,
45996999,-3.018372856,
46596959,-3.034116416,
47196919,-3.02773135,
47796879,-3.074801069,
48396839,-3.137288417,
48996799,-3.17500992,
49596759,-3.071226014,
50196719,-3.092059512,
50796679,-3.10129584,
51396639,-3.04003484,
51996599,-3.15562664,
52596559,-3.109277218,
53196519,-3.134432238,
53796479,-3.131946476,
54396439,-3.162755774,
54996399,-3.035875847,
55596359,-3.131079169,
56196319,-3.14097215,
56796279,-3.145003753,
57396239,-3.13849992,
57996199,-3.141633746,
58596159,-3.216634252,
59196119,-3.15952577,
59796079,-3.140405169,
60396039,-3.198900169,
60995999,-3.220858068,
61595959,-3.214543816,
62195919,-3.176707763,
62795879,-3.198384967,
63395839,-3.102476821,
63995799,-3.212497105,
64595759,-3.156040637,
65195719,-3.165542235,
65795679,-3.166195548,
66395639,-3.190351985,
66995599,-3.167079438,
67595559,-3.136131529,
68195519,-3.212037764,
68795479,-3.19922503,
69395439,-3.168709432,
69995399,-3.148157388,
70595359,-3.198990633,
71195319,-3.183343574,
71795279,-3.187914362,
72395239,-3.144131784,
72995199,-3.218027085,
73595159,-3.206379731,
74195119,-3.226435135,
74795079,-3.101167314,
75395039,-3.118157791,
75994999,-3.126358088,
76594959,-3.230213058,
77194919,-3.150181186,
77794879,-3.160692232,
78394839,-3.185763636,
78994799,-3.151921402,
79594759,-3.212202888,
80194719,-3.215182517,
80794679,-3.180651587,
81394639,-3.113518539,
81994599,-3.147126947,
82594559,-3.201701955,
83194519,-3.197026332,
83794479,-3.193215641,
84394439,-3.139812227,
84994399,-3.204872161,
85594359,-3.113216674,
86194319,-3.196872221,
86794279,-3.170650329,
87394239,-3.094995827,
87994199,-3.214624044,
88594159,-3.164946986,
89194119,-3.23818033,
89794079,-3.088825833,
90394039,-3.112042107,
90993999,-3.099209495,
91593959,-3.135060544,
92193919,-3.10362106,
92793879,-3.061033523,
93393839,-3.07230211,
93993799,-3.152353229,
94593759,-3.121972906,
95193719,-3.074710025,
95793679,-3.075024791,
96393639,-3.08841266,
96993599,-3.115969113,
97593559,-3.136213817,
98193519,-3.036094389,
98793479,-2.938462591,
99393439,-3.077684777,
99993399,-3.075443775,
100593359,-3.105095318,
101193319,-3.058648364,
101793279,-3.083893612,
102393239,-3.037567379,
102993199,-3.006531098,
103593159,-2.998303643,
104193119,-3.012813206,
104793079,-3.084333414,
105393039,-2.976089124,
105992999,-2.967202654,
106592959,-2.953410011,
107192919,-3.029804686,
107792879,-3.020146992,
108392839,-2.952228779,
108992799,-3.088443699,
109592759,-2.91817756,
110192719,-3.036946978,
110792679,-2.938960348,
111392639,-3.011931393,
111992599,-3.018015331,
112592559,-2.965439912,
113192519,-2.976332949,
113792479,-2.979786125,
114392439,-3.029948408,
114992399,-2.94410114,
115592359,-2.916838273,
116192319,-2.92357436,
116792279,-2.982526293,
117392239,-2.889771875,
117992199,-2.97630391,
118592159,-2.934889014,
119192119,-2.881653689,
119792079,-2.904645702,
120392039,-2.930648625,
120991999,-2.940245123,
121591959,-2.837658857,
122191919,-2.892265182,
122791879,-2.84721912,
123391839,-2.93495638,
123991799,-2.844169485,
124591759,-2.90304603,
125191719,-2.899236884,
125791679,-2.875817152,
126391639,-2.963700507,
126991599,-2.929271292,
127591559,-2.823758392,
128191519,-2.943626451,
128791479,-2.87076618,
129391439,-2.976935834,
129991399,-2.903820349,
130591359,-2.943534091,
131191319,-2.892437681,
131791279,-3.022221131,
132391239,-2.864878037,
132991199,-2.869735839,
133591159,-2.994498002,
134191119,-2.86584788,
134791079,-2.881348408,
135391039,-2.96653532,
135990999,-2.851335647,
136590959,-2.927927395,
137190919,-2.914216295,
137790879,-2.953925874,
138390839,-2.895170483,
138990799,-2.867639455,
139590759,-2.908028221,
140190719,-2.849980182,
140790679,-2.883968429,
141390639,-2.792378304,
141990599,-2.826634637,
142590559,-2.885785302,
143190519,-2.850141345,
143790479,-2.899552095,
144390438,-2.941436665,
144990398,-2.983768843,
145590358,-2.864754,
146190318,-2.925749556,
146790278,-2.833761961,
147390238,-2.908969831,
147990198,-2.849851439,
148590158,-2.840895316,
149190118,-2.86845568,
149790078,-2.907192828,
150390038,-2.915942265,
150989998,-2.863312934,
151589958,-2.9020624,
152189918,-2.882526118,
152789878,-2.85607421,
153389838,-2.86591531,
153989798,-2.873152999,
154589758,-3.016923395,
155189718,-3.016934963,
155789678,-2.915841189,
156389638,-2.933069758,
156989598,-2.915134763,
157589558,-3.010505544,
158189518,-2.891118972,
158789478,-2.944547303,
159389438,-2.918598102,
159989398,-2.937515225,
160589358,-2.941340937,
161189318,-2.850307444,
161789278,-2.955440201,
162389238,-2.9090093,
162989198,-2.868639459,
163589158,-2.977662082,
164189118,-2.864934447,
164789078,-2.943341447,
165389038,-3.006505803,
165988998,-2.790775923,
166588958,-2.95090199,
167188918,-2.860886246,
167788878,-2.932297582,
168388838,-2.991459434,
168988798,-2.986310547,
169588758,-2.95742116,
170188718,-2.953866927,
170788678,-2.907893514,
171388638,-2.89872079,
171988598,-2.947139151,
172588558,-3.024800412,
173188518,-2.894897159,
173788478,-2.954917408,
174388438,-2.910565746,
174988398,-2.980640139,
175588358,-3.051124528,
176188318,-2.946054934,
176788278,-2.913107149,
177388238,-2.948124439,
177988198,-2.953021901,
178588158,-2.979026267,
179188118,-2.963243347,
179788078,-3.006161829,
180388038,-3.007238638,
180987998,-3.011801792,
181587958,-3.02128832,
182187918,-3.128238498,
182787878,-2.912078578,
183387838,-2.89427355,
183987798,-2.976462254,
184587758,-2.882736165,
185187718,-2.972659692,
185787678,-3.032514685,
186387638,-2.935604028,
186987598,-2.982637146,
187587558,-2.950762227,
188187518,-2.911044316,
188787478,-2.999204843,
189387438,-2.837436629,
189987398,-2.939364378,
190587358,-2.952800564,
191187318,-2.969172689,
191787278,-2.931288316,
192387238,-2.98397533,
192987198,-2.910864375,
193587158,-2.895691363,
194187118,-2.904669132,
194787078,-2.973844932,
195387038,-2.906739566,
195986998,-3.050305439,
196586958,-2.936281385,
197186918,-2.920846754,
197786878,-2.970838214,
198386838,-3.001041531,
198986798,-2.969299265,
199586758,-2.882445309,
200186718,-2.890771032,
200786678,-3.038323752,
201386638,-2.872612755,
201986598,-2.924799565,
202586558,-2.945464736,
203186518,-2.95093228,
203786478,-2.924834121,
204386438,-2.989082429,
204986398,-3.021015674,
205586358,-2.932236069,
206186318,-3.035814881,
206786278,-3.00870524,
207386238,-2.997869548,
207986198,-3.055856722,
208586158,-2.960258922,
209186118,-2.997328992,
209786078,-2.937790451,
210386038,-3.00855962,
210985998,-3.020618132,
211585958,-3.012315771,
212185918,-3.053449893,
212785878,-2.972979273,
213385838,-3.019916381,
213985798,-2.998934379,
214585758,-2.965611283,
215185718,-2.996998446,
215785678,-3.038426022,
216385638,-2.921666534,
216985598,-3.117934793,
217585558,-2.991053271,
218185518,-3.114926637,
218785478,-3.085123774,
219385438,-2.975175031,
219985398,-3.093262906,
220585358,-3.027148067,
221185318,-3.030071119,
221785278,-3.034796886,
222385238,-3.067363679,
222985198,-3.066128701,
223585158,-3.054464349,
224185118,-3.056740495,
224785078,-3.040691304,
225385038,-3.03974173,
225984998,-3.020701081,
226584958,-3.05010555,
227184918,-3.015142013,
227784878,-2.978193291,
228384838,-3.114024776,
228984798,-3.09567761,
229584758,-3.005678958,
230184718,-3.066070537,
230784678,-3.09920623,
231384638,-3.071264514,
231984598,-3.074007475,
232584558,-3.160898079,
233184518,-3.009235539,
233784478,-3.084184128,
234384438,-3.053937812,
234984398,-3.117757783,
235584358,-3.108370719,
236184318,-3.079147942,
236784278,-3.044578258,
237384238,-3.069603657,
237984198,-3.097576749,
238584158,-3.170003839,
239184118,-3.149023285,
239784078,-3.158751334,
240384038,-3.139668716,
240983998,-3.128878305,
241583958,-3.073361596,
242183918,-3.154426095,
242783878,-3.146113923,
243383838,-3.251234501,
243983798,-3.145737328,
244583758,-3.203640755,
245183718,-3.200820279,
245783678,-3.160274601,
246383638,-3.221828292,
246983598,-3.254877775,
247583558,-3.238313032,
248183518,-3.265124875,
248783478,-3.241887069,
249383438,-3.205137999,
249983398,-3.276149764,
250583358,-3.266655579,
251183318,-3.312905439,
251783278,-3.311224731,
252383238,-3.308756093,
252983198,-3.296360095,
253583158,-3.264247681,
254183118,-3.31404311,
254783078,-3.343109296,
255383038,-3.446253991,
255982998,-3.361879253,
256582958,-3.277840633,
257182918,-3.390957551,
257782878,-3.363550207,
258382838,-3.407098789,
258982798,-3.411423703,
259582758,-3.438063954,
260182718,-3.357749635,
260782678,-3.374093652,
261382638,-3.434562508,
261982598,-3.422772461,
262582558,-3.490734403,
263182518,-3.444808017,
263782478,-3.399448342,
264382438,-3.467820513,
264982398,-3.428867472,
265582358,-3.519128398,
266182318,-3.541752227,
266782278,-3.478357541,
267382238,-3.53963458,
267982198,-3.548131244,
268582158,-3.596024966,
269182118,-3.525268869,
269782078,-3.560845558,
270382038,-3.606343414,
270981998,-3.576836527,
271581958,-3.570906904,
272181918,-3.584413123,
272781878,-3.565142412,
273381838,-3.592803774,
273981798,-3.568359786,
274581758,-3.685423747,
275181718,-3.626056632,
275781678,-3.69363023,
276381638,-3.642119067,
276981598,-3.696786093,
277581558,-3.625960791,
278181518,-3.745640304,
278781478,-3.646465685,
279381438,-3.736575267,
279981398,-3.752477637,
280581358,-3.624718097,
281181318,-3.741856369,
281781278,-3.830624672,
282381238,-3.788381815,
282981198,-3.744462411,
283581158,-3.843803622,
284181118,-3.887707668,
284781078,-3.806110751,
285381038,-3.791136907,
285980998,-3.806014897,
286580958,-3.922116794,
287180917,-3.936322278,
287780877,-3.819655673,
288380837,-3.928443174,
288980797,-3.927946302,
289580757,-3.959973792,
290180717,-3.937665631,
290780677,-3.920670845,
291380637,-3.979604194,
291980597,-3.900021372,
292580557,-3.886149215,
293180517,-3.852331897,
293780477,-3.965514692,
294380437,-3.961475564,
294980397,-3.952691469,
295580357,-3.973128952,
296180317,-3.98800663,
296780277,-3.941226443,
297380237,-3.942593672,
297980197,-3.910265961,
298580157,-3.954005667,
299180117,-3.936287565,
299780077,-3.971829442,
300380037,-4.007414229,
300979997,-3.94184045,
301579957,-4.021992083,
302179917,-3.898443503,
302779877,-3.993135937,
303379837,-4.084024486,
303979797,-4.015697445,
304579757,-3.972055857,
305179717,-3.986937067,
305779677,-3.997395995,
306379637,-4.050396721,
306979597,-3.999794862,
307579557,-4.036509916,
308179517,-4.057516054,
308779477,-4.024611407,
309379437,-4.067856693,
309979397,-4.024544751,
310579357,-4.065169967,
311179317,-4.032242461,
311779277,-4.017660834,
312379237,-4.068178595,
312979197,-4.063446971,
313579157,-4.096041756,
314179117,-4.059075789,
314779077,-4.029558895,
315379037,-4.010950584,
315978997,-4.100034874,
316578957,-4.023327257,
317178917,-4.092405563,
317778877,-4.068498967,
318378837,-3.989272675,
318978797,-4.051747176,
319578757,-4.035522881,
320178717,-4.114666353,
320778677,-3.985274366,
321378637,-4.041352968,
321978597,-3.978962929,
322578557,-4.054499904,
323178517,-4.078385927,
323778477,-4.006857677,
324378437,-3.979312422,
324978397,-3.984556891,
325578357,-4.088427461,
326178317,-4.068588457,
326778277,-4.095442076,
327378237,-4.040461238,
327978197,-3.958515994,
328578157,-4.085769037,
329178117,-4.015034288,
329778077,-4.036648762,
330378037,-4.033848369,
330977997,-4.029142627,
331577957,-3.947308988,
332177917,-3.963361841,
332777877,-4.008956813,
333377837,-4.003737392,
333977797,-3.948823695,
334577757,-3.917133716,
335177717,-3.986553249,
335777677,-3.931764671,
336377637,-3.876843107,
336977597,-3.94963029,
337577557,-4.049127305,
338177517,-3.945942217,
338777477,-4.046498105,
339377437,-3.96104793,
339977397,-3.92738837,
340577357,-3.926040111,
341177317,-3.901283439,
341777277,-3.896628014,
342377237,-3.953116534,
342977197,-3.923604549,
343577157,-3.929635805,
344177117,-3.896537555,
344777077,-3.963511701,
345377037,-3.876534415,
345976997,-3.864520922,
346576957,-3.9267339,
347176917,-3.840189171,
347776877,-3.909786993,
348376837,-3.815742053,
348976797,-3.860819987,
349576757,-3.867274431,
350176717,-3.867151288,
350776677,-3.857433075,
351376637,-3.906679522,
351976597,-3.819749935,
352576557,-3.864162787,
353176517,-3.810079687,
353776477,-3.792759526,
354376437,-3.817797901,
354976397,-3.854592225,
355576357,-3.736323498,
356176317,-3.761728402,
356776277,-3.795111149,
357376237,-3.815704886,
357976197,-3.750510149,
358576157,-3.799643172,
359176117,-3.756186366,
359776077,-3.729784731,
360376037,-3.78012401,
360975997,-3.674525914,
361575957,-3.709119321,
362175917,-3.851644794,
362775877,-3.742401341,
363375837,-3.83232994,
363975797,-3.72759704,
364575757,-3.732789983,
365175717,-3.687125888,
365775677,-3.761993749,
366375637,-3.668863012,
366975597,-3.742677355,
367575557,-3.723074864,
368175517,-3.627083132,
368775477,-3.722601922,
369375437,-3.529695553,
369975397,-3.660466684,
370575357,-3.664838327,
371175317,-3.61731176,
371775277,-3.661698898,
372375237,-3.614499919,
372975197,-3.675051637,
373575157,-3.669708932,
374175117,-3.592166363,
374775077,-3.584213168,
375375037,-3.57480213,
375974997,-3.544990145,
376574957,-3.559400566,
377174917,-3.528594953,
377774877,-3.583579841,
378374837,-3.453796619,
378974797,-3.635097732,
379574757,-3.549802575,
380174717,-3.457646109,
380774677,-3.493820618,
381374637,-3.512766718,
381974597,-3.561955066,
382574557,-3.583905522,
383174517,-3.513672146,
383774477,-3.501917954,
384374437,-3.4999225,
384974397,-3.521687241,
385574357,-3.487429147,
386174317,-3.498720724,
386774277,-3.399210132,
387374237,-3.509165052,
387974197,-3.391230719,
388574157,-3.423666025,
389174117,-3.53288067,
389774077,-3.438419588,
390374037,-3.438456767,
390973997,-3.452269339,
391573957,-3.42420431,
392173917,-3.439627279,
392773877,-3.417459706,
393373837,-3.361187615,
393973797,-3.456239495,
394573757,-3.368949476,
395173717,-3.468981247,
395773677,-3.414827803,
396373637,-3.35324959,
396973597,-3.353908218,
397573557,-3.343488174,
398173517,-3.381812039,
398773477,-3.353642438,
399373437,-3.324538146,
399973397,-3.387620724,
400573357,-3.371828735,
401173317,-3.305663063,
401773277,-3.329770448,
402373237,-3.38142451,
402973197,-3.313271909,
403573157,-3.305217675,
404173117,-3.387100058,
404773077,-3.20443231,
405373037,-3.320933881,
405972997,-3.353323963,
406572957,-3.325862799,
407172917,-3.300603542,
407772877,-3.224298661,
408372837,-3.307114545,
408972797,-3.349018194,
409572757,-3.230679223,
410172717,-3.234481834,
410772677,-3.326436462,
411372637,-3.288974476,
411972597,-3.319226823,
412572557,-3.200590634,
413172517,-3.281443479,
413772477,-3.245859174,
414372437,-3.219783212,
414972397,-3.281315865,
415572357,-3.242081615,
416172317,-3.184817549,
416772277,-3.211528905,
417372237,-3.287775952,
417972197,-3.200784978,
418572157,-3.192742153,
419172117,-3.229321916,
419772077,-3.203418796,
420372037,-3.255799038,
420971997,-3.12390813,
421571957,-3.191909133,
422171917,-3.314906039,
422771877,-3.260986192,
423371837,-3.221705262,
423971797,-3.233681423,
424571757,-3.09483048,
425171717,-3.294824466,
425771677,-3.138155914,
426371637,-3.221313623,
426971597,-3.164403538,
427571557,-3.129176142,
428171517,-3.199980075,
428771477,-3.185795369,
429371437,-3.170589263,
429971396,-3.196390656,
430571356,-3.211834113,
431171316,-3.166736251,
431771276,-3.231063122,
432371236,-3.114638799,
432971196,-3.191254642,
433571156,-3.173205677,
434171116,-3.146120695,
434771076,-3.082850698,
435371036,-3.119409371,
435970996,-3.15844458,
436570956,-3.154743219,
437170916,-3.180203664,
437770876,-3.145518507,
438370836,-3.226331361,
438970796,-3.235072945,
439570756,-3.175860005,
440170716,-3.124219409,
440770676,-3.111968066,
441370636,-3.233622969,
441970596,-3.123586772,
442570556,-3.147227063,
443170516,-3.192473646,
443770476,-3.19960599,
444370436,-3.143070987,
444970396,-3.105609512,
445570356,-3.185776913,
446170316,-3.056703649,
446770276,-3.061651557,
447370236,-3.151345869,
447970196,-3.091365052,
448570156,-3.155290916,
449170116,-3.214716689,
449770076,-3.163820212,
450370036,-3.043282617,
450969996,-3.149715658,
451569956,-3.208379217,
452169916,-3.160008948,
452769876,-3.239538227,
453369836,-3.16607289,
453969796,-3.215188459,
454569756,-3.164991406,
455169716,-3.185248613,
455769676,-3.131870584,
456369636,-3.195502829,
456969596,-3.182647525,
457569556,-3.132528636,
458169516,-3.169358211,
458769476,-3.037543123,
459369436,-3.14936065,
459969396,-3.185044283,
460569356,-3.14586468,
461169316,-3.244093856,
461769276,-3.166825461,
462369236,-3.138024182,
462969196,-3.126197471,
463569156,-3.135322355,
464169116,-3.196227489,
464769076,-3.1286401,
465369036,-3.173972085,
465968996,-3.114256865,
466568956,-3.119511734,
467168916,-3.136157376,
467768876,-3.210559768,
468368836,-3.192196435,
468968796,-3.237705255,
469568756,-3.214236321,
470168716,-3.135949377,
470768676,-3.141184985,
471368636,-3.163303823,
471968596,-3.204632414,
472568556,-3.166571313,
473168516,-3.174434222,
473768476,-3.188096633,
474368436,-3.137435193,
474968396,-3.219129469,
475568356,-3.315689766,
476168316,-3.31226488,
476768276,-3.232492429,
477368236,-3.201558433,
477968196,-3.29286026,
478568156,-3.27394639,
479168116,-3.296663714,
479768076,-3.256010939,
480368036,-3.228164594,
480967996,-3.241282628,
481567956,-3.243893862,
482167916,-3.278680353,
482767876,-3.254162388,
483367836,-3.258129448,
483967796,-3.30766093,
484567756,-3.280475919,
485167716,-3.254857489,
485767676,-3.297172434,
486367636,-3.22714143,
486967596,-3.262426564,
487567556,-3.389452752,
488167516,-3.399912142,
488767476,-3.353951712,
489367436,-3.353000967,
489967396,-3.290335706,
490567356,-3.381751619,
491167316,-3.306266499,
491767276,-3.430713121,
492367236,-3.447582371,
492967196,-3.350640623,
493567156,-3.436594592,
494167116,-3.357009172,
494767076,-3.397609577,
495367036,-3.423304283,
495966996,-3.440953438,
496566956,-3.460282106,
497166916,-3.494635274,
497766876,-3.447211734,
498366836,-3.390833603,
498966796,-3.469539978,
499566756,-3.493706561,
500166716,-3.443659809,
500766676,-3.449611952,
501366636,-3.498739761,
501966596,-3.499680844,
502566556,-3.441044174,
503166516,-3.388093251,
503766476,-3.439338675,
504366436,-3.477210733,
504966396,-3.454351796,
505566356,-3.443608715,
506166316,-3.503454561,
506766276,-3.490691622,
507366236,-3.513121965,
507966196,-3.520375887,
508566156,-3.543787759,
509166116,-3.484511439,
509766076,-3.537696451,
510366036,-3.458342343,
510965996,-3.505340771,
511565956,-3.512765391,
512165916,-3.530254381,
512765876,-3.595984973,
513365836,-3.556919565,
513965796,-3.671823806,
514565756,-3.623669063,
515165716,-3.644375672,
515765676,-3.657126771,
516365636,-3.687140641,
516965596,-3.590159753,
517565556,-3.575457175,
518165516,-3.647625606,
518765476,-3.625241358,
519365436,-3.645029736,
519965396,-3.604683518,
520565356,-3.682909594,
521165316,-3.670191386,
521765276,-3.666190255,
522365236,-3.600489124,
522965196,-3.734659842,
523565156,-3.685952989,
524165116,-3.707353858,
524765076,-3.711705941,
525365036,-3.633769036,
525964996,-3.734386373,
526564956,-3.733875049,
527164916,-3.779259061,
527764876,-3.745201079,
528364836,-3.787176163,
528964796,-3.756624866,
529564756,-3.811631169,
530164716,-3.866712216,
530764676,-3.789045187,
531364636,-3.725358181,
531964596,-3.748948854,
532564556,-3.794574984,
533164516,-3.857234231,
533764476,-3.907828824,
534364436,-3.791888424,
534964396,-3.871929342,
535564356,-3.899478917,
536164316,-3.834371466,
536764276,-3.931285865,
537364236,-3.84496522,
537964196,-3.848760858,
538564156,-3.831809132,
539164116,-3.933521133,
539764076,-4.009683995,
540364036,-3.93027866,
540963996,-3.95483653,
541563956,-3.873801496,
542163916,-3.918804989,
542763876,-3.932837328,
543363836,-3.958530253,
543963796,-3.97031209,
544563756,-3.957341533,
545163716,-3.934987903,
545763676,-3.934364203,
546363636,-3.925976137,
546963596,-4.020345478,
547563556,-4.027420972,
548163516,-4.051639187,
548763476,-4.031551905,
549363436,-4.128814162,
549963396,-4.10365967,
550563356,-4.169189255,
551163316,-4.115071433,
551763276,-4.073542389,
552363236,-4.16948314,
552963196,-4.153393587,
553563156,-4.168170928,
554163116,-4.115759186,
554763076,-4.13503442,
555363036,-4.110682316,
555962996,-4.269365224,
556562956,-4.107543617,
557162916,-4.14996317,
557762876,-4.083179998,
558362836,-4.213710908,
558962796,-4.137981327,
559562756,-4.249362573,
560162716,-4.177010666,
560762676,-4.213901244,
561362636,-4.191733306,
561962596,-4.262751768,
562562556,-4.213727913,
563162516,-4.212980882,
563762476,-4.21252565,
564362436,-4.252305942,
564962396,-4.239354805,
565562356,-4.228524401,
566162316,-4.195329383,
566762276,-4.224585747,
567362236,-4.238123668,
567962196,-4.27463581,
568562156,-4.219501811,
569162116,-4.233929999,
569762076,-4.171011933,
570362036,-4.255347235,
570961996,-4.292780298,
571561956,-4.194976638,
572161916,-4.252119052,
572761875,-4.259290523,
573361835,-4.212391215,
573961795,-4.23375045,
574561755,-4.241702756,
575161715,-4.168467857,
575761675,-4.218634842,
576361635,-4.33626227,
576961595,-4.300544593,
577561555,-4.329922592,
578161515,-4.318878879,
578761475,-4.308085474,
579361435,-4.258363094,
579961395,-4.280925599,
580561355,-4.294755563,
581161315,-4.294104078,
581761275,-4.37320528,
582361235,-4.357087124,
582961195,-4.322780392,
583561155,-4.361771065,
584161115,-4.205815651,
584761075,-4.350240589,
585361035,-4.341694182,
585960995,-4.3032661,
586560955,-4.32716427,
587160915,-4.299187307,
587760875,-4.345477081,
588360835,-4.356943705,
588960795,-4.385850466,
589560755,-4.332198548,
590160715,-4.25760335,
590760675,-4.324639039,
591360635,-4.2827379,
591960595,-4.290862043,
592560555,-4.271833995,
593160515,-4.328254197,
593760475,-4.336733018,
594360435,-4.404187655,
594960395,-4.327296738,
595560355,-4.362826204,
596160315,-4.484400556,
596760275,-4.320195262,
597360235,-4.279510018,
597960195,-4.318469082,
598560155,-4.269077702,
599160115,-4.354285302,
599760075,-4.270600049,
600360035,-4.344960857,
600959995,-4.311450611,
601559955,-4.375087105,
602159915,-4.326995257,
602759875,-4.307645895,
603359835,-4.347298267,
603959795,-4.338162824,
604559755,-4.309571076,
605159715,-4.252467869,
605759675,-4.317783295,
606359635,-4.254148789,
606959595,-4.359779885,
607559555,-4.21316861,
608159515,-4.319724293,
608759475,-4.256398668,
609359435,-4.296220477,
609959395,-4.315153778,
610559355,-4.297136078,
611159315,-4.281058515,
611759275,-4.232017554,
612359235,-4.278924873,
612959195,-4.294973726,
613559155,-4.291807605,
614159115,-4.21365077,
614759075,-4.32564195,
615359035,-4.276623714,
615958995,-4.176626935,
616558955,-4.278098451,
617158915,-4.241660503,
617758875,-4.296534583,
618358835,-4.240975273,
618958795,-4.25941068,
619558755,-4.25031561,
620158715,-4.198586078,
620758675,-4.243374291,
621358635,-4.225443959,
621958595,-4.173555394,
622558555,-4.161769282,
623158515,-4.132328558,
623758475,-4.197901513,
624358435,-4.131924235,
624958395,-4.108810495,
625558355,-4.203995155,
626158315,-4.169804708,
626758275,-4.208097197,
627358235,-4.077281007,
627958195,-4.018173688,
628558155,-4.171479655,
629158115,-4.139441619,
629758075,-4.126733018,
630358035,-4.113651703,
630957995,-4.186226374,
631557955,-4.128310527,
632157915,-4.109612643,
632757875,-4.201864954,
633357835,-4.173238071,
633957795,-4.084266284,
634557755,-4.097190451,
635157715,-4.086834951,
635757675,-4.037265628,
636357635,-4.075370854,
636957595,-4.120011613,
637557555,-4.031641516,
638157515,-4.066277342,
638757475,-4.02166185,
639357435,-4.038326503,
639957395,-4.097360475,
640557355,-4.012502474,
641157315,-4.017818484,
641757275,-4.060319209,
642357235,-3.973424076,
642957195,-4.00224142,
643557155,-3.952713272,
644157115,-3.856364191,
644757075,-3.954501115,
645357035,-4.004885573,
645956995,-3.998985162,
646556955,-3.988868092,
647156915,-3.844499149,
647756875,-3.939013101,
648356835,-3.961614873,
648956795,-3.816530955,
649556755,-3.876810049,
650156715,-3.851960402,
650756675,-3.936391399,
651356635,-3.826392375,
651956595,-3.811252287,
652556555,-3.757334472,
653156515,-3.769377853,
653756475,-3.762466779,
654356435,-3.847031562,
654956395,-3.759319899,
655556355,-3.640246703,
656156315,-3.756510561,
656756275,-3.848727927,
657356235,-3.750157019,
657956195,-3.710676972,
658556155,-3.730047211,
659156115,-3.753529391,
659756075,-3.763427737,
660356035,-3.708640489,
660955995,-3.752389744,
661555955,-3.691582234,
662155915,-3.68320436,
662755875,-3.644407133,
663355835,-3.712010233,
663955795,-3.697124209,
664555755,-3.607553719,
665155715,-3.677196555,
665755675,-3.668001295,
666355635,-3.62571668,
666955595,-3.651129759,
667555555,-3.669265225,
668155515,-3.549144092,
668755475,-3.577036643,
669355435,-3.599061397,
669955395,-3.589424715,
670555355,-3.558768004,
671155315,-3.524267863,
671755275,-3.576940185,
672355235,-3.574382929,
672955195,-3.518059747,
673555155,-3.469233435,
674155115,-3.53736351,
674755075,-3.508062434,
675355035,-3.631015176,
675954995,-3.492649936,
676554955,-3.470287618,
677154915,-3.529461328,
677754875,-3.535389203,
678354835,-3.39794495,
678954795,-3.450712085,
679554755,-3.527528084,
680154715,-3.42016992,
680754675,-3.512476338,
681354635,-3.423765074,
681954595,-3.538157201,
682554555,-3.460910814,
683154515,-3.432218727,
683754475,-3.46636507,
684354435,-3.440724022,
684954395,-3.392521223,
685554355,-3.469305432,
686154315,-3.391468754,
686754275,-3.354405919,
687354235,-3.435397149,
687954195,-3.418035241,
688554155,-3.419295938,
689154115,-3.347721654,
689754075,-3.454071274,
690354035,-3.383754584,
690953995,-3.416285645,
691553955,-3.384488165,
692153915,-3.390060397,
692753875,-3.352717349,
693353835,-3.322372712,
693953795,-3.346018244,
694553755,-3.27530028,
695153715,-3.29419361,
695753675,-3.325116378,
696353635,-3.359463889,
696953595,-3.360294767,
697553555,-3.416999409,
698153515,-3.26913335,
698753475,-3.254641839,
699353435,-3.387719063,
699953395,-3.246282104,
700553355,-3.261165676,
701153315,-3.33687744,
701753275,-3.26084795,
702353235,-3.326572302,
702953195,-3.263924656,
703553155,-3.192548729,
704153115,-3.298031988,
704753075,-3.285974104,
705353035,-3.251408617,
705952995,-3.201821929,
706552955,-3.32084163,
707152915,-3.198000096,
707752875,-3.267598888,
708352835,-3.260537194,
708952795,-3.218996761,
709552755,-3.173632309,
710152715,-3.169705632,
710752675,-3.231962625,
711352635,-3.223138103,
711952595,-3.233159541,
712552555,-3.135561715,
713152515,-3.20986578,
713752475,-3.174321993,
714352435,-3.230116896,
714952395,-3.208904977,
715552354,-3.273768828,
716152314,-3.18237337,
716752274,-3.23340142,
717352234,-3.190042347,
717952194,-3.177802136,
718552154,-3.136567804,
719152114,-3.206444419,
719752074,-3.200971528,
720352034,-3.251123771,
720951994,-3.200260846,
721551954,-3.167609806,
722151914,-3.203143423,
722751874,-3.213617119,
723351834,-3.220789377,
723951794,-3.131233129,
724551754,-3.270106407,
725151714,-3.172693492,
725751674,-3.231835659,
726351634,-3.170256116,
726951594,-3.185000997,
727551554,-3.235448526,
728151514,-3.122925525,
728751474,-3.113442703,
729351434,-3.148058837,
729951394,-3.210124721,
730551354,-3.160826447,
731151314,-3.123516266,
731751274,-3.133915845,
732351234,-3.220976824,
732951194,-3.148867544,
733551154,-3.082784,
734151114,-3.109223229,
734751074,-3.1877041,
735351034,-3.171900726,
735950994,-3.108057034,
736550954,-3.152378542,
737150914,-3.19055873,
737750874,-3.082509523,
738350834,-3.136632519,
738950794,-3.13194378,
739550754,-3.173321575,
740150714,-3.084532325,
740750674,-3.104391886,
741350634,-3.19189688,
741950594,-3.091945534,
742550554,-3.188576116,
743150514,-3.071128989,
743750474,-3.228100385,
744350434,-3.129848002,
744950394,-3.217909323,
745550354,-3.187690753,
746150314,-3.141576592,
746750274,-3.154604863,
747350234,-3.074142866,
747950194,-3.238770435,
748550154,-3.253313411,
749150114,-3.169113684,
749750074,-3.159881658,
750350034,-3.151654283,
750949994,-3.207224358,
751549954,-3.136287734,
752149914,-3.138806477,
752749874,-3.149354402,
753349834,-3.176022135,
753949794,-3.196873404,
754549754,-3.147386057,
755149714,-3.151523632,
755749674,-3.209877215,
756349634,-3.14805075,
756949594,-3.125715925,
757549554,-3.167118071,
758149514,-3.090477257,
758749474,-3.148871883,
759349434,-3.101024935,
759949394,-3.16277799,
760549354,-3.201676835,
761149314,-3.111329301,
761749274,-3.125593149,
762349234,-3.202022383,
762949194,-3.224014371,
763549154,-3.124488974,
764149114,-3.169869016,
764749074,-3.243435918,
765349034,-3.380953612,
765948994,-3.175022063,
766548954,-3.159361544,
767148914,-3.199326391,
767748874,-3.254821727,
768348834,-3.17148292,
768948794,-3.2586245,
769548754,-3.21387106,
770148714,-3.213071182,
770748674,-3.214845051,
771348634,-3.198249532,
771948594,-3.222393026,
772548554,-3.287896926,
773148514,-3.368153655,
773748474,-3.20286195,
774348434,-3.374285776,
774948394,-3.228397946,
775548354,-3.236973627,
776148314,-3.302013261,
776748274,-3.218211223,
777348234,-3.232486673,
777948194,-3.276906883,
778548154,-3.209540751,
779148114,-3.263051059,
779748074,-3.347934301,
780348034,-3.371171381,
780947994,-3.274965382,
781547954,-3.288072484,
782147914,-3.219519182,
782747874,-3.404237654,
783347834,-3.392463336,
783947794,-3.350612946,
784547754,-3.315732311,
785147714,-3.414220776,
785747674,-3.418471517,
786347634,-3.388971665,
786947594,-3.531260403,
787547554,-3.481716755,
788147514,-3.418376255,
788747474,-3.438747235,
789347434,-3.565848317,
789947394,-3.594941296,
790547354,-3.475571678,
791147314,-3.554222698,
791747274,-3.509282288,
792347234,-3.570859861,
792947194,-3.454378423,
793547154,-3.534161356,
794147114,-3.606914151,
794747074,-3.596684771,
795347034,-3.612043605,
795946994,-3.530500406,
796546954,-3.63441142,
797146914,-3.639373419,
797746874,-3.628637654,
798346834,-3.533748146,
798946794,-3.583887879,
799546754,-3.656727238,
800146714,-3.629998676,
800746674,-3.609623399,
801346634,-3.630877716,
801946594,-3.637838696,
802546554,-3.666164778,
803146514,-3.674097709,
803746474,-3.673439404,
804346434,-3.679288091,
804946394,-3.722052158,
805546354,-3.674057988,
806146314,-3.779910903,
806746274,-3.696019927,
807346234,-3.724133463,
807946194,-3.771713818,
808546154,-3.752570642,
809146114,-3.756378136,
809746074,-3.785100025,
810346034,-3.773607057,
810945994,-3.764046913,
811545954,-3.759143839,
812145914,-3.758053299,
812745874,-3.754500758,
813345834,-3.843032423,
813945794,-3.770239353,
814545754,-3.856306709,
815145714,-3.843914518,
815745674,-3.84711724,
816345634,-3.924576702,
816945594,-3.916500221,
817545554,-3.854075837,
818145514,-3.947554186,
818745474,-3.89746131,
819345434,-3.91942132,
819945394,-4.002986196,
820545354,-3.97508358,
821145314,-3.934068102,
821745274,-3.921495414,
822345234,-3.910175382,
822945194,-4.013436362,
823545154,-3.978363746,
824145114,-3.97281572,
824745074,-4.036441999,
825345034,-4.070590405,
825944994,-4.013122449,
826544954,-4.036354668,
827144914,-4.040976142,
827744874,-3.956518469,
828344834,-4.078621691,
828944794,-3.936818395,
829544754,-4.004135068,
830144714,-4.082349983,
830744674,-4.060656059,
831344634,-4.135834289,
831944594,-4.076335387,
832544554,-4.081151809,
833144514,-4.081280949,
833744474,-4.014018889,
834344434,-4.143552126,
834944394,-4.140655957,
835544354,-4.037874162,
836144314,-4.090635872,
836744274,-4.112103439,
837344234,-4.123212823,
837944194,-4.179477912,
838544154,-4.205873871,
839144114,-4.097405289,
839744074,-4.125824064,
840344034,-4.207397544,
840943994,-4.204530116,
841543954,-4.170222527,
842143914,-4.20174685,
842743874,-4.243085131,
843343834,-4.250233327,
843943794,-4.177916814,
844543754,-4.353955196,
845143714,-4.398524701,
845743674,-4.336271438,
846343634,-4.321817012,
846943594,-4.341737477,
847543554,-4.408988489,
848143514,-4.256520089,
848743474,-4.446939401,
849343434,-4.370864701,
849943394,-4.446945203,
850543354,-4.313420171,
851143314,-4.341640812,
851743274,-4.345353748,
852343234,-4.446442373,
852943194,-4.389424241,
853543154,-4.49178492,
854143114,-4.43049663,
854743074,-4.418443544,
855343034,-4.345037375,
855942994,-4.538349399,
856542954,-4.542183604,
857142914,-4.395588414,
857742874,-4.460199942,
858342833,-4.416254593,
858942793,-4.421900348,
859542753,-4.470193696,
860142713,-4.464417638,
860742673,-4.415937131,
861342633,-4.398028073,
861942593,-4.397300846,
862542553,-4.4481308,
863142513,-4.453436945,
863742473,-4.519683963,
864342433,-4.468845476,
864942393,-4.497546484,
865542353,-4.486067582,
866142313,-4.510487571,
866742273,-4.569093671,
867342233,-4.422094947,
867942193,-4.435032037,
868542153,-4.562975471,
869142113,-4.510563914,
869742073,-4.435042378,
870342033,-4.51663699,
870941993,-4.47997938,
871541953,-4.521750746,
872141913,-4.516400176,
872741873,-4.461587048,
873341833,-4.486829023,
873941793,-4.484642283,
874541753,-4.568672774,
875141713,-4.525929165,
875741673,-4.519252753,
876341633,-4.447261787,
876941593,-4.449040592,
877541553,-4.500538902,
878141513,-4.449921679,
878741473,-4.446374978,
879341433,-4.387151484,
879941393,-4.388840492,
880541353,-4.512427048,
881141313,-4.429928129,
881741273,-4.438167145,
882341233,-4.442026444,
882941193,-4.466457095,
883541153,-4.48941005,
884141113,-4.416734459,
884741073,-4.4160466,
885341033,-4.487151223,
885940993,-4.370190235,
886540953,-4.424618481,
887140913,-4.439601408,
887740873,-4.422523243,
888340833,-4.403485692,
888940793,-4.379030271,
889540753,-4.381412444,
890140713,-4.469421045,
890740673,-4.323149989,
891340633,-4.451416218,
891940593,-4.402171837,
892540553,-4.271338752,
893140513,-4.371473797,
893740473,-4.353629401,
894340433,-4.403991753,
894940393,-4.408577715,
895540353,-4.335109088,
896140313,-4.368811044,
896740273,-4.425081358,
897340233,-4.452396485,
897940193,-4.384764415,
898540153,-4.386743234,
899140113,-4.357226413,
899740073,-4.25990057,
900340033,-4.232916538,
900939993,-4.211263724,
901539953,-4.260336453,
902139913,-4.179522991,
902739873,-4.297970386,
903339833,-4.22320622,
903939793,-4.250205458,
904539753,-4.198801543,
905139713,-4.171424246,
905739673,-4.164826342,
906339633,-4.206951699,
906939593,-4.214060427,
907539553,-4.243329587,
908139513,-4.111229487,
908739473,-4.096067866,
909339433,-4.170890566,
909939393,-4.086439504,
910539353,-4.07362051,
911139313,-4.102915073,
911739273,-4.053638128,
912339233,-4.198406781,
912939193,-4.10843649,
913539153,-4.122449778,
914139113,-4.135030656,
914739073,-4.100193359,
915339033,-4.13325371,
915938993,-4.012416887,
916538953,-4.03369862,
917138913,-3.991154905,
917738873,-3.943946146,
918338833,-3.964895636,
918938793,-3.974628534,
919538753,-3.94660787,
920138713,-4.00226899,
920738673,-3.956142988,
921338633,-3.972043468,
921938593,-3.923091275,
922538553,-3.913185252,
923138513,-3.956990501,
923738473,-3.947217012,
924338433,-3.832415099,
924938393,-3.894106826,
925538353,-3.891111465,
926138313,-3.904954555,
926738273,-3.913689973,
927338233,-3.910690515,
927938193,-3.838449367,
928538153,-3.805011095,
929138113,-3.833410146,
929738073,-3.760427203,
930338033,-3.832288037,
930937993,-3.814525192,
931537953,-3.862173453,
932137913,-3.886092513,
932737873,-3.820181968,
933337833,-3.79913168,
933937793,-3.901169726,
934537753,-3.745009297,
935137713,-3.753254037,
935737673,-3.720660647,
936337633,-3.85954202,
936937593,-3.702624404,
937537553,-3.729000922,
938137513,-3.72168682,
938737473,-3.693801604,
939337433,-3.634906067,
939937393,-3.736455952,
940537353,-3.57042094,
941137313,-3.790570472,
941737273,-3.666105765,
942337233,-3.669425003,
942937193,-3.689341659,
943537153,-3.6458475,
944137113,-3.619439227,
944737073,-3.616796373,
945337033,-3.650046579,
945936993,-3.585454075,
946536953,-3.555961543,
947136913,-3.50884442,
947736873,-3.512552673,
948336833,-3.552141207,
948936793,-3.470218944,
949536753,-3.566041353,
950136713,-3.596874938,
950736673,-3.367515729,
951336633,-3.456859527,
951936593,-3.60385879,
952536553,-3.505335437,
953136513,-3.470722318,
953736473,-3.43104452,
954336433,-3.435958378,
954936393,-3.434780982,
955536353,-3.484313606,
956136313,-3.436668962,
956736273,-3.323903487,
957336233,-3.399750786,
957936193,-3.404655767,
958536153,-3.497042428,
959136113,-3.410822493,
959736073,-3.310894926,
960336033,-3.382545192,
960935993,-3.287745864,
961535953,-3.327721852,
962135913,-3.300905728,
962735873,-3.211528158,
963335833,-3.302335729,
963935793,-3.372669457,
964535753,-3.287569574,
965135713,-3.196264438,
965735673,-3.340640689,
966335633,-3.233827513,
966935593,-3.235357632,
967535553,-3.255749591,
968135513,-3.300531454,
968735473,-3.165776046,
969335433,-3.25231084,
969935393,-3.359794036,
970535353,-3.175577566,
971135313,-3.173379846,
971735273,-3.164165456,
972335233,-3.277244003,
972935193,-3.243735755,
973535153,-3.179442149,
974135113,-3.257544761,
974735073,-3.202159496,
975335033,-3.330343479,
975934993,-3.163404476,
976534953,-3.207981998,
977134913,-3.200237845,
977734873,-3.194300635,
978334833,-3.198306759,
978934793,-3.181160231,
979534753,-3.118510842,
980134713,-3.180593579,
980734673,-3.133563972,
981334633,-3.105221747,
981934593,-3.19803422,
982534553,-3.129481413,
983134513,-3.133807837,
983734473,-3.110543327,
984334433,-3.08182672,
984934393,-3.074798282,
985534353,-3.098948618,
986134313,-3.173786009,
986734273,-3.157616853,
987334233,-3.234711147,
987934193,-3.126102318,
988534153,-3.177507295,
989134113,-3.090922532,
989734073,-3.13512504,
990334033,-3.130625511,
990933993,-3.138119175,
991533953,-3.124887831,
992133913,-3.122902516,
992733873,-3.094604478,
993333833,-3.096027208,
993933793,-3.11926431,
994533753,-3.129175663,
995133713,-3.088605458,
995733673,-3.1332546,
996333633,-3.080227491,
996933593,-3.181596204,
997533553,-3.174877269,
998133513,-3.103915123,
998733473,-3.209009778,
999333433,-3.12276208,
999933393,-3.153320438,
1000533353,-3.176031877,
1001133312,-3.071918791,
1001733272,-3.013901118,
1002333232,-3.143258306,
1002933192,-3.153264535,
1003533152,-3.094108115,
1004133112,-3.129302344,
1004733072,-3.079548105,
1005333032,-3.131324762,
1005932992,-3.165434381,
1006532952,-3.07590016,
1007132912,-3.054769592,
1007732872,-3.195174248,
1008332832,-3.08526699,
1008932792,-3.072219825,
1009532752,-3.002430966,
1010132712,-3.153208005,
1010732672,-3.142305673,
1011332632,-3.084436785,
1011932592,-3.097777075,
1012532552,-3.11453875,
1013132512,-3.192580458,
1013732472,-3.155449403,
1014332432,-3.027414638,
1014932392,-3.091211057,
1015532352,-3.15173133,
1016132312,-3.108961807,
1016732272,-3.049720103,
1017332232,-3.105482758,
1017932192,-3.18183232,
1018532152,-3.093456067,
1019132112,-3.201610589,
1019732072,-3.160872605,
1020332032,-3.146708273,
1020931992,-3.16220307,
1021531952,-3.175269531,
1022131912,-3.131292477,
1022731872,-3.056786415,
1023331832,-3.133588266,
1023931792,-3.083326159,
1024531752,-3.124764857,
1025131712,-3.129264818,
1025731672,-3.189716674,
1026331632,-3.193167082,
1026931592,-3.191270209,
1027531552,-3.118074614,
1028131512,-3.180880468,
1028731472,-3.259440595,
1029331432,-3.149633777,
1029931392,-3.225553938,
1030531352,-3.125836366,
1031131312,-3.180290903,
1031731272,-3.229345711,
1032331232,-3.213498524,
1032931192,-3.185607543,
1033531152,-3.206886529,
1034131112,-3.207572195,
1034731072,-3.259260428,
1035331032,-3.223962051,
1035930992,-3.24152214,
1036530952,-3.114242285,
1037130912,-3.21860636,
1037730872,-3.14471053,
1038330832,-3.121507996,
1038930792,-3.211682117,
1039530752,-3.206776418,
1040130712,-3.221754316,
1040730672,-3.23177418,
1041330632,-3.205813765,
1041930592,-3.194616148,
1042530552,-3.361938831,
1043130512,-3.218358443,
1043730472,-3.264534243,
1044330432,-3.289640278,
1044930392,-3.165800014,
1045530352,-3.378950423,
1046130312,-3.216309208,
1046730272,-3.297789426,
1047330232,-3.347003463,
1047930192,-3.281553498,
1048530152,-3.272604395,
1049130112,-3.352168673,
1049730072,-3.266465588,
1050330032,-3.217193389,
1050929992,-3.243265529,
1051529952,-3.308540317,
1052129912,-3.273549555,
1052729872,-3.217099827,
1053329832,-3.266788582,
1053929792,-3.361761942,
1054529752,-3.287495982,
1055129712,-3.390309137,
1055729672,-3.28763136,
1056329632,-3.378167468,
1056929592,-3.358057155,
1057529552,-3.441243659,
1058129512,-3.386313229,
1058729472,-3.470428505,
1059329432,-3.335234234,
1059929392,-3.380906054,
1060529352,-3.39482798,
1061129312,-3.404441794,
1061729272,-3.406320853,
1062329232,-3.53501389,
1062929192,-3.429725336,
1063529152,-3.507380196,
1064129112,-3.44813319,
1064729072,-3.430312945,
1065329032,-3.371065074,
1065928992,-3.477949321,
1066528952,-3.423138821,
1067128912,-3.504208638,
1067728872,-3.446018098,
1068328832,-3.485922118,
1068928792,-3.489504556,
1069528752,-3.506194519,
1070128712,-3.612036712,
1070728672,-3.540772093,
1071328632,-3.546967976,
1071928592,-3.584330107,
1072528552,-3.530885359,
1073128512,-3.544037074,
1073728472,-3.492450627,
1074328432,-3.480766021,
1074928392,-3.634378889,
1075528352,-3.598860929,
1076128312,-3.64722417,
1076728272,-3.631402856,
1077328232,-3.684918913,
1077928192,-3.711251463,
1078528152,-3.677240357,
1079128112,-3.680850324,
1079728072,-3.658910534,
1080328032,-3.678153782,
1080927992,-3.633086487,
1081527952,-3.680549418,
1082127912,-3.739140675,
1082727872,-3.7121183,
1083327832,-3.662548164,
1083927792,-3.719167003,
1084527752,-3.756632697,
1085127712,-3.787122995,
1085727672,-3.721133336,
1086327632,-3.829064672,
1086927592,-3.792460685,
1087527552,-3.728802379,
1088127512,-3.821803677,
1088727472,-3.81653864,
1089327432,-3.811546268,
1089927392,-3.738152727,
1090527352,-3.779267108,
1091127312,-3.812878962,
1091727272,-3.87726887,
1092327232,-3.872226129,
1092927192,-3.87703091,
1093527152,-3.839289004,
1094127112,-3.862450222,
1094727072,-3.866762984,
1095327032,-3.914710874,
1095926992,-3.882598331,
1096526952,-3.912969496,
1097126912,-3.95048155,
1097726872,-3.863886655,
1098326832,-3.901478794,
1098926792,-3.910085005,
1099526752,-3.928051935,
1100126712,-3.968438896,
1100726672,-3.910136379,
1101326632,-3.96279427,
1101926592,-3.929964345,
1102526552,-3.970150697,
1103126512,-3.93902381,
1103726472,-3.942223288,
1104326432,-4.055859124,
1104926392,-3.934067579,
1105526352,-4.064963723,
1106126312,-3.984890506,
1106726272,-4.144775843,
1107326232,-4.108770541,
1107926192,-4.053297558,
1108526152,-4.130380983,
1109126112,-4.168052802,
1109726072,-4.047955714,
1110326032,-4.00013924,
1110925992,-4.042019934,
1111525952,-4.106780562,
1112125912,-4.211493273,
1112725872,-4.056686383,
1113325832,-4.047395204,
1113925792,-4.173845138,
1114525752,-4.221208529,
1115125712,-4.107253007,
1115725672,-4.203925883,
1116325632,-4.112422133,
1116925592,-4.079487626,
1117525552,-4.227763813,
1118125512,-4.267033522,
1118725472,-4.194368907,
1119325432,-4.194226579,
1119925392,-4.111202756,
1120525352,-4.128753108,
1121125312,-4.130334932,
1121725272,-4.191078786,
1122325232,-4.243957503,
1122925192,-4.21509344,
1123525152,-4.253184603,
1124125112,-4.231637635,
1124725072,-4.258061853,
1125325032,-4.230259557,
1125924992,-4.301985172,
1126524952,-4.345272974,
1127124912,-4.299025037,
1127724872,-4.244254701,
1128324832,-4.208272822,
1128924792,-4.232458266,
1129524752,-4.248973312,
1130124712,-4.241345061,
1130724672,-4.209134828,
1131324632,-4.265140875,
1131924592,-4.274269128,
1132524552,-4.301391149,
1133124512,-4.330037058,
1133724472,-4.378865477,
1134324432,-4.227371997,
1134924392,-4.271115644,
1135524352,-4.401891487,
1136124312,-4.31623311,
1136724272,-4.232754653,
1137324232,-4.332082398,
1137924192,-4.349720268,
1138524152,-4.303820864,
1139124112,-4.314461966,
1139724072,-4.321707417,
1140324032,-4.254830965,
1140923992,-4.348264887,
1141523952,-4.335766448,
1142123912,-4.416725151,
1142723872,-4.243194409,
1143323832,-4.359827611,
1143923791,-4.299517101,
1144523751,-4.386467169,
1145123711,-4.367807913,
1145723671,-4.347926546,
1146323631,-4.357336285,
1146923591,-4.317116217,
1147523551,-4.384343011,
1148123511,-4.359944994,
1148723471,-4.307474774,
1149323431,-4.272041991,
1149923391,-4.354163779,
1150523351,-4.240198349,
1151123311,-4.313945244,
1151723271,-4.273639872,
1152323231,-4.381417944,
1152923191,-4.316924529,
1153523151,-4.299855146,
1154123111,-4.263205502,
1154723071,-4.275479383,
1155323031,-4.282327119,
1155922991,-4.341479764,
1156522951,-4.227716733,
1157122911,-4.302678388,
1157722871,-4.356717984,
1158322831,-4.317408858,
1158922791,-4.301971618,
1159522751,-4.355849369,
1160122711,-4.239319855,
1160722671,-4.241375114,
1161322631,-4.227478734,
1161922591,-4.334237996,
1162522551,-4.268876279,
1163122511,-4.330203266,
1163722471,-4.228617968,
1164322431,-4.318576402,
1164922391,-4.313751109,
1165522351,-4.204741706,
1166122311,-4.225515465,
1166722271,-4.260657584,
1167322231,-4.231883643,
1167922191,-4.308193113,
1168522151,-4.202407712,
1169122111,-4.186724578,
1169722071,-4.274946858,
1170322031,-4.242440681,
1170921991,-4.233381162,
1171521951,-4.202901472,
1172121911,-4.212656914,
1172721871,-4.113036593,
1173321831,-4.179359794,
1173921791,-4.107200788,
1174521751,-4.248677141,
1175121711,-4.201329661,
1175721671,-4.268254119,
1176321631,-4.265466786,
1176921591,-4.130569402,
1177521551,-4.180932588,
1178121511,-4.170503896,
1178721471,-4.191310483,
1179321431,-4.134724206,
1179921391,-4.158251903,
1180521351,-4.084112993,
1181121311,-4.185656049,
1181721271,-4.117074898,
1182321231,-4.158274151,
1182921191,-4.074460885,
1183521151,-4.153001108,
1184121111,-4.107198023,
1184721071,-4.124560914,
1185321031,-4.096077385,
1185920991,-4.110921377,
1186520951,-4.063061006,
1187120911,-4.078714865,
1187720871,-4.052367334,
1188320831,-3.972546637,
1188920791,-4.079829448,
1189520751,-4.033975888,
1190120711,-3.995062813,
1190720671,-4.083907788,
1191320631,-4.036339985,
1191920591,-3.98794835,
1192520551,-3.960846165,
1193120511,-3.97977901,
1193720471,-3.982592012,
1194320431,-4.053032633,
1194920391,-4.027833262,
1195520351,-3.930984375,
1196120311,-3.993524653,
1196720271,-3.999430809,
1197320231,-4.025955871,
1197920191,-4.028424088,
1198520151,-3.919353599,
1199120111,-3.935651307,
1199720071,-3.92694294,
1200320031,-3.912348567,
1200919991,-3.965888107,
1201519951,-3.926546323,
1202119911,-3.985596793,
1202719871,-3.916975495,
1203319831,-3.842446529,
1203919791,-3.926348279,
1204519751,-3.968675176,
1205119711,-3.853926986,
1205719671,-3.909631228,
1206319631,-3.821896819,
1206919591,-3.944209467,
1207519551,-3.868735293,
1208119511,-3.926270335,
1208719471,-3.925301973,
1209319431,-3.846884259,
1209919391,-3.85514849,
1210519351,-3.899134781,
1211119311,-3.792123016,
1211719271,-3.883220582,
1212319231,-3.769742151,
1212919191,-3.865717589,
1213519151,-3.852230059,
1214119111,-3.807873831,
1214719071,-3.897341721,
1215319031,-3.750844903,
1215918991,-3.931593029,
1216518951,-3.911679127,
1217118911,-3.787341264,
1217718871,-3.865253066,
1218318831,-3.833903709,
1218918791,-3.857512441,
1219518751,-3.881349903,
1220118711,-3.81871387,
1220718671,-3.795418013,
1221318631,-3.86699153,
1221918591,-3.875559896,
1222518551,-3.792068762,
1223118511,-3.862480045,
1223718471,-3.928912457,
1224318431,-3.86589623,
1224918391,-3.780487673,
1225518351,-3.818571179,
1226118311,-3.846086443,
1226718271,-3.913759893,
1227318231,-3.813240674,
1227918191,-3.730279151,
1228518151,-3.777753905,
1229118111,-3.821977497,
1229718071,-3.811187194,
1230318031,-3.797452723,
1230917991,-3.847443872,
1231517951,-3.844900383,
1232117911,-3.817193852,
1232717871,-3.979110071,
1233317831,-3.80743434,
1233917791,-3.734431753,
1234517751,-3.79952637,
1235117711,-3.823718148,
1235717671,-3.866924331,
1236317631,-3.850813614,
1236917591,-3.889733742,
1237517551,-3.880831473,
1238117511,-3.906716676,
1238717471,-3.819554936,
1239317431,-3.883210968,
1239917391,-3.837216702,
1240517351,-3.777987603,
1241117311,-3.873712284,
1241717271,-3.874044919,
1242317231,-3.782992208,
1242917191,-3.867261938,
1243517151,-3.869492383,
1244117111,-3.884763193,
1244717071,-3.943059613,
1245317031,-3.944060637,
1245916991,-3.885338029,
1246516951,-3.941762063,
1247116911,-3.8043871,
1247716871,-3.909734525,
1248316831,-3.879550843,
1248916791,-3.878047381,
1249516751,-3.729366905,
1250116711,-3.904921835,
1250716671,-3.894157257,
1251316631,-3.887405126,
1251916591,-3.83894829,
1252516551,-3.877638891,
1253116511,-3.976316929,
1253716471,-3.954877066,
1254316431,-3.856685252,
1254916391,-3.925355439,
1255516351,-3.919740764,
1256116311,-3.828089783,
1256716271,-3.910333924,
1257316231,-3.913162668,
1257916191,-3.908854103,
1258516151,-3.883964222,
1259116111,-3.85417128,
1259716071,-3.918963837,
1260316031,-3.855013881,
1260915991,-3.876119173,
1261515951,-3.990629199,
1262115911,-3.911782243,
1262715871,-3.950913357,
1263315831,-3.917535697,
1263915791,-3.93656333,
1264515751,-3.976057809,
1265115711,-3.891492349,
1265715671,-3.970142624,
1266315631,-3.919237803,
1266915591,-3.903586639,
1267515551,-3.91174628,
1268115511,-3.989178561,
1268715471,-3.913216337,
1269315431,-4.100400672,
1269915391,-3.969101194,
1270515351,-3.9770267,
1271115311,-3.996974218,
1271715271,-3.929121353,
1272315231,-3.977620212,
1272915191,-4.037100323,
1273515151,-3.943509036,
1274115111,-3.966826038,
1274715071,-3.951867297,
1275315031,-4.037201579,
1275914991,-3.945938791,
1276514951,-4.023693154,
1277114911,-4.005873569,
1277714871,-4.030506647,
1278314831,-3.949921061,
1278914791,-4.009985068,
1279514751,-3.932099201,
1280114711,-4.023293514,
1280714671,-3.960720155,
1281314631,-3.951764339,
1281914591,-3.9654375,
1282514551,-3.959167236,
1283114511,-4.024346444,
1283714471,-4.027831445,
1284314431,-4.001723167,
1284914391,-3.984783755,
1285514351,-3.936961716,
1286114311,-3.922919959,
1286714270,-4.071428007,
1287314230,-4.064470546,
1287914190,-3.926848594,
1288514150,-4.060641247,
1289114110,-4.066863475,
1289714070,-3.975318218,
1290314030,-3.932957603,
1290913990,-4.074649246,
1291513950,-4.09049698,
1292113910,-3.98697777,
1292713870,-3.969849385,
1293313830,-4.029750344,
1293913790,-4.04414273,
1294513750,-4.04585973,
1295113710,-4.091399119,
1295713670,-4.083468444,
1296313630,-3.983223666,
1296913590,-4.027419262,
1297513550,-4.069447587,
1298113510,-4.041808471,
1298713470,-4.030624736,
1299313430,-3.984416288,
1299913390,-4.059192722,
1300513350,-3.986481398,
1301113310,-4.022929866,
1301713270,-4.14977776,
1302313230,-3.99373596,
1302913190,-4.003635667,
1303513150,-4.098176545,
1304113110,-3.928002474,
1304713070,-4.067742871,
1305313030,-4.092688897,
1305912990,-4.224138228,
1306512950,-4.118336354,
1307112910,-4.023272729,
1307712870,-4.02110341,
1308312830,-3.964954887,
1308912790,-4.047883378,
1309512750,-4.125390782,
1310112710,-4.038182382,
1310712670,-4.030994365,
1311312630,-4.048340084,
1311912590,-4.067072798,
1312512550,-4.011870891,
1313112510,-4.078146689,
1313712470,-4.042447843,
1314312430,-4.136985689,
1314912390,-4.090475986,
1315512350,-4.07021947,
1316112310,-4.109637645,
1316712270,-4.035840983,
1317312230,-4.131817339,
1317912190,-4.076338148,
1318512150,-4.064097283,
1319112110,-4.095424323,
1319712070,-4.005730539,
1320312030,-4.048784431,
1320911990,-4.033657806,
1321511950,-4.116641898,
1322111910,-4.196419705,
1322711870,-4.125165257,
1323311830,-3.991104144,
1323911790,-4.190209049,
1324511750,-4.013402335,
1325111710,-4.047183947,
1325711670,-4.066125673,
1326311630,-4.152061808,
1326911590,-4.114759647,
1327511550,-4.061896508,
1328111510,-4.138376777,
1328711470,-4.174555465,
1329311430,-4.085680662,
1329911390,-3.984753306,
1330511350,-4.059576422,
1331111310,-4.139462658,
1331711270,-4.130442853,
1332311230,-4.049667217,
1332911190,-4.100785189,
1333511150,-4.160453793,
1334111110,-4.076460531,
1334711070,-4.085129271,
1335311030,-4.106847447,
1335910990,-4.035705744,
1336510950,-4.097292447,
1337110910,-4.185261913,
1337710870,-4.054198527,
1338310830,-4.055032251,
1338910790,-4.086637941,
1339510750,-4.162026227,
1340110710,-4.098242272,
1340710670,-4.116337495,
1341310630,-4.123762276,
1341910590,-4.118166544,
1342510550,-4.099932236,
1343110510,-4.1430602,
1343710470,-4.052389732,
1344310430,-4.154791555,
1344910390,-4.241700499,
1345510350,-4.123394637,
1346110310,-4.071346162,
1346710270,-4.08177803,
1347310230,-4.13155738,
1347910190,-4.080350047,
1348510150,-4.113398383,
1349110110,-4.145047526,
1349710070,-4.15181386,
1350310030,-4.173608863,
1350909990,-4.112341542,
1351509950,-4.102457891,
1352109910,-4.203408759,
1352709870,-4.075153446,
1353309830,-4.130115628,
1353909790,-4.174357308,
1354509750,-4.162732261,
1355109710,-4.185557898,
1355709670,-4.153399706,
1356309630,-4.170142643,
1356909590,-4.15228715,
1357509550,-4.052404709,
1358109510,-4.103380204,
1358709470,-4.232395663,
1359309430,-4.255012088,
1359909390,-4.179468905,
1360509350,-4.177706035,
1361109310,-4.128981979,
1361709270,-4.11404254,
1362309230,-4.213726445,
1362909190,-4.212033277,
1363509150,-4.216964962,
1364109110,-4.219765481,
1364709070,-4.274941859,
1365309030,-4.235481436,
1365908990,-4.216525286,
1366508950,-4.149270293,
1367108910,-4.14812117,
1367708870,-4.184809857,
1368308830,-4.087679795,
1368908790,-4.222946957,
1369508750,-4.179774382,
1370108710,-4.161215555,
1370708670,-4.241963212,
1371308630,-4.265171801,
1371908590,-4.15051802,
1372508550,-4.287855895,
1373108510,-4.236291708,
1373708470,-4.198729992,
1374308430,-4.155864903,
1374908390,-4.170776705,
1375508350,-4.348290868,
1376108310,-4.309103663,
1376708270,-4.287365,
1377308230,-4.279832176,
1377908190,-4.27401288,
1378508150,-4.324466703,
1379108110,-4.234640888,
1379708070,-4.344376561,
1380308030,-4.178793545,
1380907990,-4.364169924,
1381507950,-4.265328848,
1382107910,-4.314853144,
1382707870,-4.387984534,
1383307830,-4.316686666,
1383907790,-4.413355748,
1384507750,-4.228401347,
1385107710,-4.316227799,
1385707670,-4.314144724,
1386307630,-4.226285793,
1386907590,-4.263003678,
1387507550,-4.292273452,
1388107510,-4.287913224,
1388707470,-4.403509094,
1389307430,-4.236635935,
1389907390,-4.404557071,
1390507350,-4.270084588,
1391107310,-4.364295957,
1391707270,-4.449696388,
1392307230,-4.307473352,
1392907190,-4.366503446,
1393507150,-4.3529182,
1394107110,-4.42444383,
1394707070,-4.401960404,
1395307030,-4.398018606,
1395906990,-4.324037386,
1396506950,-4.320312807,
1397106910,-4.323292732,
1397706870,-4.459209989,
1398306830,-4.300371893,
1398906790,-4.390877513,
1399506750,-4.356550986,
1400106710,-4.393807754,
1400706670,-4.374462225,
1401306630,-4.386526043,
1401906590,-4.382394038,
1402506550,-4.395141804,
1403106510,-4.406265474,
1403706470,-4.344952374,
1404306430,-4.292768328,
1404906390,-4.365093417,
1405506350,-4.369342777,
1406106310,-4.455107952,
1406706270,-4.45118473,
1407306230,-4.401764814,
1407906190,-4.437242325,
1408506150,-4.383680326,
1409106110,-4.487734049,
1409706070,-4.405636984,
1410306030,-4.470529976,
1410905990,-4.434456546,
1411505950,-4.423067136,
1412105910,-4.389480043,
1412705870,-4.418083887,
1413305830,-4.394935908,
1413905790,-4.494299783,
1414505750,-4.387893915,
1415105710,-4.398795172,
1415705670,-4.487903998,
1416305630,-4.41680617,
1416905590,-4.406978319,
1417505550,-4.496473715,
1418105510,-4.395084904,
1418705470,-4.516195861,
1419305430,-4.456838152,
1419905390,-4.527920902,
1420505350,-4.446377768,
1421105310,-4.464812887,
1421705270,-4.529239151,
1422305230,-4.493795794,
1422905190,-4.480231553,
1423505150,-4.450874351,
1424105110,-4.438607091,
1424705070,-4.504970135,
1425305030,-4.475857437,
1425904990,-4.510369182,
1426504950,-4.517438102,
1427104910,-4.567806037,
1427704870,-4.517760162,
1428304830,-4.484961396,
1428904790,-4.475814429,
1429504749,-4.519937363,
1430104709,-4.528916729,
1430704669,-4.519626787,
1431304629,-4.514894541,
1431904589,-4.514987148,
1432504549,-4.49792771,
1433104509,-4.513613424,
1433704469,-4.571000698,
1434304429,-4.525520129,
1434904389,-4.602409526,
1435504349,-4.502483162,
1436104309,-4.527462387,
1436704269,-4.51740099,
1437304229,-4.481092395,
1437904189,-4.582142453,
1438504149,-4.500141075,
1439104109,-4.539752707,
1439704069,-4.481355093,
1440304029,-4.525408484,
1440903989,-4.547485894,
1441503949,-4.535895186,
1442103909,-4.518980916,
1442703869,-4.60992466,
1443303829,-4.526182029,
1443903789,-4.535987228,
1444503749,-4.518783077,
1445103709,-4.581230333,
1445703669,-4.571742877,
1446303629,-4.618108692,
1446903589,-4.557744005,
1447503549,-4.639861516,
1448103509,-4.527441043,
1448703469,-4.576980685,
1449303429,-4.503974561,
1449903389,-4.620816903,
1450503349,-4.498145233,
1451103309,-4.587860115,
1451703269,-4.591362235,
1452303229,-4.578591425,
1452903189,-4.501221308,
1453503149,-4.595438146,
1454103109,-4.657408182,
1454703069,-4.537771834,
1455303029,-4.580144242,
1455902989,-4.609136379,
1456502949,-4.566950981,
1457102909,-4.613723074,
1457702869,-4.654974157,
1458302829,-4.638578063,
1458902789,-4.640264847,
1459502749,-4.537964715,
1460102709,-4.532140864,
1460702669,-4.549386158,
1461302629,-4.637143094,
1461902589,-4.527903761,
1462502549,-4.639747714,
1463102509,-4.597074871,
1463702469,-4.550900184,
1464302429,-4.55178739,
1464902389,-4.587854379,
1465502349,-4.610444014,
1466102309,-4.629067969,
1466702269,-4.638995167,
1467302229,-4.62792187,
1467902189,-4.545668678,
1468502149,-4.628203917,
1469102109,-4.61123341,
1469702069,-4.691304594,
1470302029,-4.550300115,
1470901989,-4.691713133,
1471501949,-4.594415491,
1472101909,-4.549751292,
1472701869,-4.6759233,
1473301829,-4.655487846,
1473901789,-4.719693218,
1474501749,-4.687399746,
1475101709,-4.6376781,
1475701669,-4.716880274,
1476301629,-4.661262809,
1476901589,-4.598257264,
1477501549,-4.711019407,
1478101509,-4.7215812,
1478701469,-4.755395327,
1479301429,-4.621733724,
1479901389,-4.708568603,
1480501349,-4.652886273,
1481101309,-4.75172957,
1481701269,-4.686392219,
1482301229,-4.664658139,
1482901189,-4.768323947,
1483501149,-4.721630526,
1484101109,-4.666557488,
1484701069,-4.640342271,
1485301029,-4.724999633,
1485900989,-4.699939444,
1486500949,-4.668868894,
1487100909,-4.764174739,
1487700869,-4.689402418,
1488300829,-4.680002705,
1488900789,-4.729876649,
1489500749,-4.758024988,
1490100709,-4.755528674,
1490700669,-4.734190168,
1491300629,-4.779288859,
1491900589,-4.763035173,
1492500549,-4.755394727,
1493100509,-4.821418217,
1493700469,-4.769060148,
1494300429,-4.706901055,
1494900389,-4.771332744,
1495500349,-4.815039845,
1496100309,-4.828179584,
1496700269,-4.839542207,
1497300229,-4.917213617,
1497900189,-4.862803633,
1498500149,-4.8687177,
1499100109,-4.876969173,
1499700069,-4.884472031,
1500300029,-4.9065278,
1500899989,-4.821048828,
1501499949,-4.869325079,
1502099909,-4.919754323,
1502699869,-4.819879941,
1503299829,-4.947927414,
1503899789,-4.929427632,
1504499749,-4.849640139,
1505099709,-4.96817601,
1505699669,-5.005796119,
1506299629,-5.002589696,
1506899589,-5.037342811,
1507499549,-4.982033769,
1508099509,-5.096185297,
1508699469,-4.958032863,
1509299429,-5.001356416,
1509899389,-5.03070637,
1510499349,-5.03150791,
1511099309,-5.026008437,
1511699269,-5.112179329,
1512299229,-4.969958953,
1512899189,-5.084993482,
1513499149,-5.040086082,
1514099109,-5.095462083,
1514699069,-5.076810873,
1515299029,-5.048078638,
1515898989,-5.069730176,
1516498949,-5.140924977,
1517098909,-5.081803984,
1517698869,-5.22921966,
1518298829,-5.19862705,
1518898789,-5.120691064,
1519498749,-5.264767522,
1520098709,-5.229047895,
1520698669,-5.132524595,
1521298629,-5.223455389,
1521898589,-5.141700454,
1522498549,-5.201455613,
1523098509,-5.219002292,
1523698469,-5.246173405,
1524298429,-5.268226309,
1524898389,-5.279789191,
1525498349,-5.277203234,
1526098309,-5.193395927,
1526698269,-5.264926044,
1527298229,-5.277337456,
1527898189,-5.319867769,
1528498149,-5.35069762,
1529098109,-5.257547747,
1529698069,-5.27735436,
1530298029,-5.451945888,
1530897989,-5.270134297,
1531497949,-5.32561181,
1532097909,-5.395604443,
1532697869,-5.465400244,
1533297829,-5.36421488,
1533897789,-5.372389479,
1534497749,-5.41917058,
1535097709,-5.459922597,
1535697669,-5.50400004,
1536297629,-5.477585297,
1536897589,-5.570240452,
1537497549,-5.507376749,
1538097509,-5.508286805,
1538697469,-5.484279432,
1539297429,-5.397027211,
1539897389,-5.501209048,
1540497349,-5.632133163,
1541097309,-5.497035964,
1541697269,-5.541373079,
1542297229,-5.686002944,
1542897189,-5.532436553,
1543497149,-5.675110068,
1544097109,-5.621661827,
1544697069,-5.557867683,
1545297029,-5.60563955,
1545896989,-5.601058677,
1546496949,-5.660036487,
1547096909,-5.709529772,
1547696869,-5.742141631,
1548296829,-5.663756169,
1548896789,-5.723796124,
1549496749,-5.627640258,
1550096709,-5.672011863,
1550696669,-5.773522986,
1551296629,-5.814749581,
1551896589,-5.834569108,
1552496549,-5.696067867,
1553096509,-5.754015442,
1553696469,-5.731032245,
1554296429,-5.672689281,
1554896389,-5.681624329,
1555496349,-5.744320204,
1556096309,-5.741479854,
1556696269,-5.670442014,
1557296229,-5.724729751,
1557896189,-5.694671981,
1558496149,-5.796072589,
1559096109,-5.744726829,
1559696069,-5.729364754,
1560296029,-5.780051628,
1560895989,-5.823490939,
1561495949,-5.783511908,
1562095909,-5.820426671,
1562695869,-5.870466824,
1563295829,-5.813585049,
1563895789,-5.886287261,
1564495749,-5.782070691,
1565095709,-5.83312751,
1565695669,-5.813962295,
1566295629,-5.777139172,
1566895589,-5.85394587,
1567495549,-5.823150375,
1568095509,-5.825740953,
1568695469,-5.75511537,
1569295429,-5.868832316,
1569895389,-5.79771161,
1570495349,-5.764903192,
1571095309,-5.881206552,
1571695269,-5.762733993,
1572295228,-5.835660406,
1572895188,-5.862573671,
1573495148,-5.870856699,
1574095108,-5.791622773,
1574695068,-5.839911744,
1575295028,-5.834441502,
1575894988,-5.857537109,
1576494948,-5.852216892,
1577094908,-5.775218382,
1577694868,-5.820822877,
1578294828,-5.829881633,
1578894788,-5.832432807,
1579494748,-5.897268918,
1580094708,-5.796536277,
1580694668,-5.867382097,
1581294628,-5.845769937,
1581894588,-5.88204819,
1582494548,-5.842840865,
1583094508,-5.893399732,
1583694468,-5.812123428,
1584294428,-5.818623174,
1584894388,-5.951247258,
1585494348,-5.886310976,
1586094308,-5.828820624,
1586694268,-5.820046727,
1587294228,-5.911761835,
1587894188,-5.880237692,
1588494148,-5.924035079,
1589094108,-5.935174198,
1589694068,-5.93359826,
1590294028,-5.801631743,
1590893988,-5.817928757,
1591493948,-5.930509472,
1592093908,-5.893968748,
1592693868,-5.834000351,
1593293828,-5.835423306,
1593893788,-5.881986727,
1594493748,-5.8763442,
1595093708,-5.950862954,
1595693668,-5.767098824,
1596293628,-5.877550703,
1596893588,-5.938425372,
1597493548,-5.932908197,
1598093508,-5.885015704,
1598693468,-5.98821748,
1599293428,-5.866120365,
1599893388,-5.897130996,
1600493348,-5.918638973,
1601093308,-5.881870151,
1601693268,-5.91813755,
1602293228,-5.855947423,
1602893188,-5.940367193,
1603493148,-5.895848073,
1604093108,-5.887018522,
1604693068,-5.916196517,
1605293028,-5.993519927,
1605892988,-5.904082465,
1606492948,-5.866364849,
1607092908,-5.913300768,
1607692868,-6.012762567,
1608292828,-5.934942674,
1608892788,-5.886276584,
1609492748,-5.937009262,
1610092708,-5.947637962,
1610692668,-5.952223754,
1611292628,-6.001892512,
1611892588,-5.987444794,
1612492548,-6.065389549,
1613092508,-6.054143184,
1613692468,-6.081999012,
1614292428,-5.947783748,
1614892388,-5.965049573,
1615492348,-6.036476808,
1616092308,-5.932210587,
1616692268,-6.033923949,
1617292228,-6.037341543,
1617892188,-6.070282857,
1618492148,-6.05516982,
1619092108,-5.998990919,
1619692068,-5.998839676,
1620292028,-6.037512037,
1620891988,-6.048081927,
1621491948,-6.097735008,
1622091908,-6.078166466,
1622691868,-6.118430871,
1623291828,-6.166167618,
1623891788,-6.17351296,
1624491748,-6.145545692,
1625091708,-6.113436044,
1625691668,-6.05604541,
1626291628,-6.162957825,
1626891588,-6.203724469,
1627491548,-6.235881288,
1628091508,-6.203592062,
1628691468,-6.215905478,
1629291428,-6.229048499,
1629891388,-6.131371156,
1630491348,-6.19719612,
1631091308,-6.243299102,
1631691268,-6.231697801,
1632291228,-6.22146643,
1632891188,-6.277656388,
1633491148,-6.267790654,
1634091108,-6.281756712,
1634691068,-6.296940315,
1635291028,-6.259674963,
1635890988,-6.318095203,
1636490948,-6.325438908,
1637090908,-6.394588571,
1637690868,-6.361447586,
1638290828,-6.312754862,
1638890788,-6.401314625,
1639490748,-6.376013895,
1640090708,-6.39331522,
1640690668,-6.306949442,
1641290628,-6.404669573,
1641890588,-6.49933086,
1642490548,-6.419935582,
1643090508,-6.52146993,
1643690468,-6.42842338,
1644290428,-6.478995349,
1644890388,-6.390718827,
1645490348,-6.469731835,
1646090308,-6.511362561,
1646690268,-6.669028312,
1647290228,-6.531560773,
1647890188,-6.452991651,
1648490148,-6.67055213,
1649090108,-6.59370159,
1649690068,-6.576939037,
1650290028,-6.629030738,
1650889988,-6.767613805,
1651489948,-6.786700919,
1652089908,-6.887474868,
1652689868,-6.81453071,
1653289828,-6.905626726,
1653889788,-6.776838406,
1654489748,-6.758598664,
1655089708,-6.881206302,
1655689668,-6.793754923,
1656289628,-6.913684709,
1656889588,-6.937732592,
1657489548,-6.91158643,
1658089508,-6.87003349,
1658689468,-6.934907769,
1659289428,-6.885542048,
1659889388,-6.945034492,
1660489348,-6.958067921,
1661089308,-7.001692043,
1661689268,-6.915492755,
1662289228,-6.858898876,
1662889188,-6.998996936,
1663489148,-7.076047935,
1664089108,-6.994517693,
1664689068,-7.010057013,
1665289028,-7.043344284,
1665888988,-7.069525361,
1666488948,-7.07343122,
1667088908,-7.041745783,
1667688868,-7.114389156,
1668288828,-7.166008212,
1668888788,-7.176004399,
1669488748,-7.093843366,
1670088708,-7.100987387,
1670688668,-7.15733454,
1671288628,-7.231373942,
1671888588,-7.195262952,
1672488548,-7.247389503,
1673088508,-7.203207478,
1673688468,-7.23317782,
1674288428,-7.292966963,
1674888388,-7.21492199,
1675488348,-7.313648653,
1676088308,-7.349528079,
1676688268,-7.278902301,
1677288228,-7.370199434,
1677888188,-7.333908604,
1678488148,-7.43258744,
1679088108,-7.346824859,
1679688068,-7.378853685,
1680288028,-7.368970572,
1680887988,-7.381507917,
1681487948,-7.396656754,
1682087908,-7.432164047,
1682687868,-7.556012155,
1683287828,-7.571558253,
1683887788,-7.398810104,
1684487748,-7.446054088,
1685087708,-7.506594832,
1685687668,-7.591660651,
1686287628,-7.502250006,
1686887588,-7.516437297,
1687487548,-7.658139215,
1688087508,-7.620801993,
1688687468,-7.644369448,
1689287428,-7.608310629,
1689887388,-7.695731291,
1690487348,-7.606568689,
1691087308,-7.566348106,
1691687268,-7.863586791,
1692287228,-7.748287262,
1692887188,-7.734633648,
1693487148,-7.805939074,
1694087108,-7.84775341,
1694687068,-7.762773964,
1695287028,-7.923985438,
1695886988,-7.835492652,
1696486948,-7.813401588,
1697086908,-7.792509252,
1697686868,-7.936570124,
1698286828,-7.90430879,
1698886788,-7.969170227,
1699486748,-8.100963135,
1700086708,-8.032014297,
1700686668,-7.95434839,
1701286628,-8.15401587,
1701886588,-8.010027245,
1702486548,-8.203366565,
1703086508,-8.112513427,
1703686468,-8.140909653,
1704286428,-8.188689566,
1704886388,-8.257755289,
1705486348,-8.154152014,
1706086308,-8.246362308,
1706686268,-8.230361945,
1707286228,-8.228588987,
1707886188,-8.312200053,
1708486148,-8.311199003,
1709086108,-8.392816642,
1709686068,-8.328459861,
1710286028,-8.389314075,
1710885988,-8.349445017,
1711485948,-8.420135072,
1712085908,-8.458878879,
1712685868,-8.50393422,
1713285828,-8.585008542,
1713885788,-8.501063293,
1714485748,-8.570586863,
1715085707,-8.70557563,
1715685667,-8.635923204,
1716285627,-8.548050528,
1716885587,-8.706413148,
1717485547,-8.934385684,
1718085507,-8.893667518,
1718685467,-8.781950435,
1719285427,-8.740311008,
1719885387,-8.860198664,
1720485347,-8.904513902,
1721085307,-8.987562517,
1721685267,-8.986724761,
1722285227,-8.909820715,
1722885187,-9.056141063,
1723485147,-9.11236537,
1724085107,-9.180985506,
1724685067,-9.38247253,
1725285027,-9.403334894,
1725884987,-9.444006142,
1726484947,-9.561714131,
1727084907,-9.506172106,
1727684867,-9.506138883,
1728284827,-9.61129092,
1728884787,-9.626518152,
1729484747,-9.720922812,
1730084707,-9.658600614,
1730684667,-9.920255667,
1731284627,-9.773901507,
1731884587,-9.980907133,
1732484547,-9.964376666,
1733084507,-9.970114471,
1733684467,-9.935417567,
1734284427,-10.20690276,
1734884387,-10.16642131,
1735484347,-10.18621813,
1736084307,-10.31989345,
1736684267,-10.37037594,
1737284227,-10.34203449,
1737884187,-10.43305941,
1738484147,-10.52419169,
1739084107,-10.53315038,
1739684067,-10.86343582,
1740284027,-10.86479473,
1740883987,-11.01836815,
1741483947,-10.99943242,
1742083907,-11.05226196,
1742683867,-11.23326482,
1743283827,-11.31391265,
1743883787,-11.35854986,
1744483747,-11.30543775,
1745083707,-11.4372387,
1745683667,-11.49744477,
1746283627,-11.37122763,
1746883587,-11.68244416,
1747483547,-11.56706015,
1748083507,-11.83064573,
1748683467,-11.79700539,
1749283427,-12.05456059,
1749883387,-12.06134559,
1750483347,-12.14563454,
1751083307,-12.0650156,
1751683267,-12.25721372,
1752283227,-12.45811562,
1752883187,-12.60705908,
1753483147,-12.70761941,
1754083107,-12.79289826,
1754683067,-12.80496528,
1755283027,-12.85669265,
1755882987,-13.29544061,
1756482947,-13.20993693,
1757082907,-13.56530039,
1757682867,-13.47575111,
1758282827,-13.56122606,
1758882787,-13.7318998,
1759482747,-13.76075129,
1760082707,-13.81229042,
1760682667,-13.83168732,
1761282627,-13.83815022,
1761882587,-14.16725797,
1762482547,-14.38770651,
1763082507,-14.2872282,
1763682467,-14.47830527,
1764282427,-14.63630739,
1764882387,-14.47271658,
1765482347,-14.7925429,
1766082307,-15.12036612,
1766682267,-15.17417787,
1767282227,-15.02120719,
1767882187,-15.61115566,
1768482147,-15.69677998,
1769082107,-15.89333749,
1769682067,-16.04887775,
1770282027,-16.78972163,
1770881987,-16.68965458,
1771481947,-16.96744594,
1772081907,-16.70464244,
1772681867,-16.86166353,
1773281827,-16.92833136,
1773881787,-17.04609072,
1774481747,-17.13604105,
1775081707,-17.35352595,
1775681667,-17.88691626,
1776281627,-17.70819303,
1776881587,-18.08135697,
1777481547,-18.10524788,
1778081507,-18.22394771,
1778681467,-18.53142291,
1779281427,-18.59484563,
1779881387,-18.75321232,
1780481347,-19.00565301,
1781081307,-19.23643387,
1781681267,-18.95425271,
1782281227,-19.88042013,
1782881187,-20.11446143,
1783481147,-19.96548605,
1784081107,-21.50963359,
1784681067,-21.73061794,
1785281027,-21.92155704,
1785880987,-21.76886595,
1786480947,-21.92092179,
1787080907,-22.03398104,
1787680867,-21.96235323,
1788280827,-22.19170327,
1788880787,-23.13993481,
1789480747,-22.84743277,
1790080707,-23.18487574,
1790680667,-23.72017295,
1791280627,-24.12643404,
1791880587,-24.02266964,
1792480547,-24.50326065,
1793080507,-24.77824699,
1793680467,-25.07053444,
1794280427,-26.03657347,
1794880387,-24.34974208,
1795480347,-26.13938313,
1796080307,-25.88758385,
1796680267,-26.67101849,
1797280227,-28.12686365,
1797880187,-29.46757276,
1798480147,-30.76695718,
1799080107,-35.84977023,
1799680067,-37.95230024,
1800280027,-38.46090314,
1800879987,-38.13618632,
1801479947,-38.18252379,
1802079907,-37.96445151,
1802679867,-38.62189861,
1803279827,-37.05943,
1803879787,-38.37781513,
1804479747,-39.78236186,
1805079707,-41.28388003,
1805679667,-42.49698585,
1806279627,-43.00972224,
1806879587,-42.57492952,
1807479547,-41.44671929,
1808079507,-39.98234809,
1808679467,-38.56063095,
1809279427,-37.2262427,
1809879387,-37.83044873,
1810479347,-40.76852022,
1811079307,-40.03240322,
1811679267,-38.97397767,
1812279227,-39.0308976,
1812879187,-35.86947728,
1813479147,-34.31581563,
1814079107,-30.60037587,
1814679067,-29.18850872,
1815279027,-27.78876405,
1815878987,-28.44017052,
1816478947,-26.16239677,
1817078907,-26.34199295,
1817678867,-25.74492953,
1818278827,-25.59549174,
1818878787,-25.58551259,
1819478747,-25.27853682,
1820078707,-25.5164295,
1820678667,-24.68122101,
1821278627,-24.47986456,
1821878587,-24.23040907,
1822478547,-23.64728496,
1823078507,-23.70625881,
1823678467,-23.56314349,
1824278427,-23.05752258,
1824878387,-22.40621308,
1825478347,-22.30067289,
1826078307,-22.28684029,
1826678267,-23.26236214,
1827278227,-22.46973941,
1827878187,-22.55338196,
1828478147,-21.89951346,
1829078107,-21.83520599,
1829678067,-21.63864535,
1830278027,-21.69200953,
1830877987,-21.58591545,
1831477947,-21.13575422,
1832077907,-21.09000892,
1832677867,-20.06817022,
1833277827,-19.63181227,
1833877787,-19.33227905,
1834477747,-19.30300137,
1835077707,-18.87299643,
1835677667,-19.47569035,
1836277627,-18.78476997,
1836877587,-19.13228252,
1837477547,-19.14681135,
1838077507,-18.64516151,
1838677467,-18.61562289,
1839277427,-18.6102179,
1839877387,-18.48063678,
1840477347,-18.39257733,
1841077307,-18.11435002,
1841677267,-18.42548029,
1842277227,-18.04009517,
1842877187,-18.11246313,
1843477147,-17.80193244,
1844077107,-18.04184205,
1844677067,-17.96562037,
1845277027,-17.67864916,
1845876987,-17.62195491,
1846476947,-17.6160929,
1847076907,-17.36311483,
1847676867,-17.3477595,
1848276827,-17.31390168,
1848876787,-17.47250254,
1849476747,-17.3367994,
1850076707,-17.3841768,
1850676667,-17.26532557,
1851276627,-17.23466395,
1851876587,-17.05436587,
1852476547,-17.34349303,
1853076507,-17.36589557,
1853676467,-17.43936935,
1854276427,-17.17735139,
1854876387,-17.41339596,
1855476347,-17.01837405,
1856076307,-16.86707593,
1856676267,-16.89975757,
1857276227,-17.14327894,
1857876186,-16.86380076,
1858476146,-16.63248822,
1859076106,-16.75347949,
1859676066,-16.813534,
1860276026,-16.77852259,
1860875986,-16.73536958,
1861475946,-16.72232679,
1862075906,-16.67032389,
1862675866,-16.48341061,
1863275826,-16.60315897,
1863875786,-16.48311704,
1864475746,-16.68992853,
1865075706,-16.5969839,
1865675666,-16.63597842,
1866275626,-16.92291574,
1866875586,-16.33744606,
1867475546,-16.25598714,
1868075506,-16.25755481,
1868675466,-16.23716225,
1869275426,-16.2904249,
1869875386,-16.63469089,
1870475346,-16.0330234,
1871075306,-16.17517918,
1871675266,-16.21951861,
1872275226,-16.46523672,
1872875186,-15.96228024,
1873475146,-16.13098426,
1874075106,-15.8760964,
1874675066,-15.88551846,
1875275026,-16.27428903,
1875874986,-15.69948201,
1876474946,-16.03289723,
1877074906,-15.93142502,
1877674866,-16.22091284,
1878274826,-15.65466525,
1878874786,-15.5224936,
1879474746,-15.96298104,
1880074706,-15.57704076,
1880674666,-15.65386583,
1881274626,-15.61085892,
1881874586,-15.68286369,
1882474546,-15.85706997,
1883074506,-15.91378659,
1883674466,-15.69762973,
1884274426,-15.80655501,
1884874386,-15.47495783,
1885474346,-15.67490528,
1886074306,-16.24912755,
1886674266,-15.94200935,
1887274226,-15.9609756,
1887874186,-15.86641651,
1888474146,-16.05337632,
1889074106,-15.83210465,
1889674066,-15.34125884,
1890274026,-15.57617583,
1890873986,-15.67692268,
1891473946,-15.783994,
1892073906,-15.38860696,
1892673866,-15.53548012,
1893273826,-15.50517787,
1893873786,-15.51922372,
1894473746,-15.15106832,
1895073706,-15.37237914,
1895673666,-15.42939475,
1896273626,-15.75293215,
1896873586,-15.35939665,
1897473546,-15.52839608,
1898073506,-15.08228849,
1898673466,-15.48525661,
1899273426,-15.41522795,
1899873386,-15.30875005,
1900473346,-15.35460881,
1901073306,-15.47385475,
1901673266,-15.18991475,
1902273226,-15.22475932,
1902873186,-15.45901523,
1903473146,-15.22566096,
1904073106,-15.0563992,
1904673066,-15.09376174,
1905273026,-15.27725741,
1905872986,-15.21226806,
1906472946,-15.26134577,
1907072906,-15.21860342,
1907672866,-15.13746722,
1908272826,-14.83509707,
1908872786,-15.2901761,
1909472746,-15.25546972,
1910072706,-15.11679448,
1910672666,-14.99945489,
1911272626,-14.93065799,
1911872586,-15.03643071,
1912472546,-14.99058171,
1913072506,-14.94866793,
1913672466,-14.68361418,
1914272426,-15.00847731,
1914872386,-14.71880007,
1915472346,-14.75674603,
1916072306,-14.95635282,
1916672266,-14.87254684,
1917272226,-14.89412062,
1917872186,-14.74147594,
1918472146,-14.62437981,
1919072106,-14.6592863,
1919672066,-14.85781011,
1920272026,-14.62002819,
1920871986,-14.56322164,
1921471946,-14.46610067,
1922071906,-14.46008064,
1922671866,-14.66597149,
1923271826,-14.69182759,
1923871786,-14.3873905,
1924471746,-14.6404795,
1925071706,-14.54495677,
1925671666,-14.60759053,
1926271626,-14.55824733,
1926871586,-14.46498587,
1927471546,-14.44884151,
1928071506,-14.29316844,
1928671466,-14.45750667,
1929271426,-14.17119505,
1929871386,-14.16616598,
1930471346,-14.3044006,
1931071306,-14.27742648,
1931671266,-14.3678836,
1932271226,-14.15456877,
1932871186,-14.15471801,
1933471146,-14.26281486,
1934071106,-14.30481438,
1934671066,-14.13671035,
1935271026,-14.28038953,
1935870986,-14.2241279,
1936470946,-13.91017823,
1937070906,-13.83542143,
1937670866,-13.97495594,
1938270826,-13.93875641,
1938870786,-14.02492512,
1939470746,-14.10483798,
1940070706,-13.91382003,
1940670666,-13.76075382,
1941270626,-13.84851037,
1941870586,-13.97132094,
1942470546,-13.77509862,
1943070506,-13.93101155,
1943670466,-13.83368478,
1944270426,-13.76669204,
1944870386,-13.60595914,
1945470346,-13.80987495,
1946070306,-13.70927825,
1946670266,-13.7217703,
1947270226,-13.67712826,
1947870186,-13.87327867,
1948470146,-13.67988418,
1949070106,-13.75966159,
1949670066,-13.80383788,
1950270026,-13.71301554,
1950869986,-13.76345125,
1951469946,-13.50693752,
1952069906,-13.54679278,
1952669866,-13.64212532,
1953269826,-13.69385069,
1953869786,-13.7113374,
1954469746,-13.66518555,
1955069706,-13.41708727,
1955669666,-13.80680287,
1956269626,-13.59811254,
1956869586,-13.47929521,
1957469546,-13.64855336,
1958069506,-13.83096024,
1958669466,-13.52982308,
1959269426,-13.42598504,
1959869386,-13.38002697,
1960469346,-13.35649123,
1961069306,-13.47632197,
1961669266,-13.44863724,
1962269226,-13.38249707,
1962869186,-13.53401147,
1963469146,-13.68211541,
1964069106,-13.73014026,
1964669066,-13.35372865,
1965269026,-13.31870393,
1965868986,-13.65633916,
1966468946,-13.35501522,
1967068906,-13.56950857,
1967668866,-13.47024509,
1968268826,-13.62077641,
1968868786,-13.37791522,
1969468746,-13.2989897,
1970068706,-13.36502504,
1970668666,-13.26478579,
1971268626,-13.5356741,
1971868586,-13.16935132,
1972468546,-13.55474653,
1973068506,-13.45507253,
1973668466,-13.28870277,
1974268426,-13.30907801,
1974868386,-13.52657643,
1975468346,-13.53613567,
1976068306,-13.76473646,
1976668266,-13.47549857,
1977268226,-13.59976668,
1977868186,-13.31454166,
1978468146,-13.4754883,
1979068106,-13.46560298,
1979668066,-13.45838623,
1980268026,-13.42776439,
1980867986,-13.54379581,
1981467946,-13.62590235,
1982067906,-13.39303464,
1982667866,-13.42106634,
1983267826,-13.53901976,
1983867786,-13.47942495,
1984467746,-13.67099208,
1985067706,-13.62564245,
1985667666,-13.65130779,
1986267626,-13.54435142,
1986867586,-13.60239932,
1987467546,-13.54058396,
1988067506,-13.66515468,
1988667466,-13.92710866,
1989267426,-13.70923427,
1989867386,-13.82264029,
1990467346,-13.72787189,
1991067306,-13.8099062,
1991667266,-13.64047131,
1992267226,-13.82909244,
1992867186,-13.88746193,
1993467146,-13.90794955,
1994067106,-14.07628734,
1994667066,-14.06392158,
1995267026,-14.02499764,
1995866986,-13.93787534,
1996466946,-14.38222579,
1997066906,-14.14073717,
1997666866,-14.24591948,
1998266826,-14.0823073,
1998866786,-14.23762662,
1999466746,-14.42433048,
2000066706,-14.42724715,
2000666666,-14.2713182,
2001266626,-14.67031895,
2001866585,-14.52574211,
2002466545,-14.56149917,
2003066505,-14.26538387,
2003666465,-14.53973496,
2004266425,-14.52029982,
2004866385,-14.44368393,
2005466345,-14.76728403,
2006066305,-14.70051932,
2006666265,-14.66387228,
2007266225,-15.10110559,
2007866185,-15.02272432,
2008466145,-15.25874091,
2009066105,-14.98405712,
2009666065,-15.26016304,
2010266025,-15.46151012,
2010865985,-15.51831084,
2011465945,-15.70415242,
2012065905,-15.53766809,
2012665865,-15.50453871,
2013265825,-16.26976597,
2013865785,-16.27572144,
2014465745,-16.22038394,
2015065705,-16.22495812,
2015665665,-16.3597981,
2016265625,-16.07283886,
2016865585,-16.44356943,
2017465545,-16.53218889,
2018065505,-16.53018498,
2018665465,-16.78086372,
2019265425,-16.77126663,
2019865385,-16.40816641,
2020465345,-16.75087998,
2021065305,-16.66319943,
2021665265,-16.67475711,
2022265225,-16.74737197,
2022865185,-16.79496139,
2023465145,-16.96778207,
2024065105,-16.91969496,
2024665065,-17.07321867,
2025265025,-17.18415939,
2025864985,-17.4175552,
2026464945,-17.41499509,
2027064905,-17.27072528,
2027664865,-17.53719147,
2028264825,-17.36568306,
2028864785,-17.47029249,
2029464745,-17.77660091,
2030064705,-17.55678355,
2030664665,-17.48258041,
2031264625,-17.96735781,
2031864585,-17.50769845,
2032464545,-17.86321341,
2033064505,-18.4269883,
2033664465,-18.34494411,
2034264425,-17.92296475,
2034864385,-18.4535806,
2035464345,-18.64330855,
2036064305,-18.41850322,
2036664265,-18.68834345,
2037264225,-18.89495562,
2037864185,-18.66633242,
2038464145,-18.54331772,
2039064105,-18.98135575,
2039664065,-18.94593879,
2040264025,-19.07838101,
2040863985,-19.5182845,
2041463945,-19.1103402,
2042063905,-19.25993116,
2042663865,-20.31530198,
2043263825,-19.96021538,
2043863785,-20.11861015,
2044463745,-20.51147628,
2045063705,-20.73832277,
2045663665,-20.99868495,
2046263625,-20.81293208,
2046863585,-20.57783945,
2047463545,-20.84797234,
2048063505,-21.38333289,
2048663465,-21.05906442,
2049263425,-21.89605089,
2049863385,-21.87995995,
2050463345,-21.31960367,
2051063305,-21.78773682,
2051663265,-21.51639332,
2052263225,-21.77568774,
2052863185,-22.02267177,
2053463145,-21.71315032,
2054063105,-22.31980849,
2054663065,-22.22671899,
2055263025,-21.76641751,
2055862985,-21.5493169,
2056462945,-21.99305148,
2057062905,-22.14158374,
2057662865,-22.13628505,
2058262825,-22.43338809,
2058862785,-22.12369175,
2059462745,-22.52085199,
2060062705,-22.79900497,
2060662665,-22.69522307,
2061262625,-23.11849923,
2061862585,-22.46548032,
2062462545,-23.0527225,
2063062505,-22.91795332,
2063662465,-23.25506345,
2064262425,-23.03013692,
2064862385,-23.37463794,
2065462345,-23.80032649,
2066062305,-24.07032408,
2066662265,-24.42501218,
2067262225,-24.39684361,
2067862185,-23.2994416,
2068462145,-23.73737952,
2069062105,-23.44705911,
2069662065,-24.0455396,
2070262025,-24.01011352,
2070861985,-24.08296125,
2071461945,-23.93114123,
2072061905,-24.93054446,
2072661865,-25.01956053,
2073261825,-24.69998742,
2073861785,-24.93272655,
2074461745,-24.84436733,
2075061705,-25.06423425,
2075661665,-25.5147926,
2076261625,-25.29367234,
2076861585,-24.50776281,
2077461545,-24.30246131,
2078061505,-25.73920183,
2078661465,-25.49136934,
2079261425,-25.53231728,
2079861385,-26.32048815,
2080461345,-25.91759965,
2081061305,-25.77701558,
2081661265,-26.15210199,
2082261225,-26.26031223,
2082861185,-26.25058406,
2083461145,-25.99008455,
2084061105,-26.53978174,
2084661065,-26.3323145,
2085261025,-27.05727688,
2085860985,-27.67155098,
2086460945,-27.50461191,
2087060905,-29.24232428,
2087660865,-28.26056403,
2088260825,-30.5982419,
2088860785,-28.89992857,
2089460745,-30.18431974,
2090060705,-34.86633229,
2090660665,-33.81007055,
2091260625,-35.26798261,
2091860585,-35.17975151,
2092460545,-34.68367061,
2093060505,-34.42011056,
2093660465,-36.0080475,
2094260425,-36.7412172,
2094860385,-34.38784509,
2095460345,-35.22276264,
2096060305,-37.81737206,
2096660265,-37.08294384,
2097260225,-37.49297239,
2097860185,-36.80828091,
2098460145,-35.20286629,
2099060105,-40.2440602,
2099660065,-37.44837762,
2100260025,-39.97447108,
2100859985,-36.78059447,
2101459945,-40.70843906,
2102059905,-38.61705373,
2102659865,-38.35363796,
2103259825,-40.10877596,
2103859785,-38.19102027,
2104459745,-35.5869993,
2105059705,-35.89561294,
2105659665,-36.28404125,
2106259625,-36.65991654,
2106859585,-37.04878409,
2107459545,-37.44192402,
2108059505,-37.82049978,
2108659465,-38.34824702,
2109259425,-38.75583997,
2109859385,-39.25245901,
2110459345,-39.83460996,
2111059305,-40.30149181,
2111659265,-40.92301175,
2112259225,-41.55846,
2112859185,-42.06792443,
2113459145,-42.8078414,
2114059105,-43.48219357,
2114659065,-44.16501782,
2115259025,-44.83883598,
2115858985,-45.43319185,
2116458945,-46.02291492,
2117058905,-46.41494974,
2117658865,-46.60779861,
2118258825,-46.62989811,
2118858785,-46.51338611,
2119458745,-46.10477397,
2120058705,-45.53403261,
2120658665,-44.92673179,
2121258625,-44.23008817,
2121858585,-43.50698025,
2122458545,-42.77806254,
2123058505,-42.19329762,
2123658465,-41.50933753,
2124258425,-40.89892686,
2124858385,-40.26136562,
2125458345,-39.63293098,
2126058305,-39.11220189,
2126658265,-38.54565571,
2127258225,-38.07928527,
2127858185,-37.4915526,
2128458145,-37.06757883,
2129058105,-36.66026719,
2129658065,-36.259391,
2130258025,-35.80131907,
2130857985,-36.31777228,
2131457945,-38.97345584,
2132057905,-38.20463006,
2132657865,-37.84856134,
2133257825,-40.90112996,
2133857785,-36.86603487,
2134457745,-38.14976835,
2135057705,-39.33852249,
2135657665,-42.43501022,
2136257625,-38.60546034,
2136857585,-33.80102806,
2137457545,-38.92963081,
2138057505,-36.68091352,
2138657465,-33.74926129,
2139257425,-35.17281048,
2139857385,-35.1701427,
2140457345,-34.30502633,
2141057305,-34.96357023,
2141657265,-35.78572862,
2142257225,-35.01522749,
2142857185,-33.34458292,
2143457145,-29.78341434,
2144057105,-30.27534486,
2144657065,-31.68538779,
2145257025,-29.81551482,
2145856985,-29.8388986,
2146456945,-27.05050714,
2147056905,-26.88945533,
2147656865,-26.28757973,
2148256825,-25.43220991,
2148856785,-26.92842457,
2149456745,-26.29829791,
2150056705,-26.33697846,
2150656665,-25.2078021,
2151256625,-25.52663899,
2151856585,-24.52833121,
2152456545,-24.78842045,
2153056505,-24.29354551,
2153656465,-24.26176853,
2154256425,-23.7435961,
2154856385,-23.85701734,
2155456344,-24.45386441,
2156056304,-25.14751774,
2156656264,-24.91383366,
2157256224,-24.33906689,
2157856184,-23.97436144,
2158456144,-23.8864638,
2159056104,-23.85555796,
2159656064,-23.77811586,
2160256024,-23.3563434,
2160855984,-23.91526435,
2161455944,-23.59333402,
2162055904,-23.48182815,
2162655864,-22.20463507,
2163255824,-22.9024076,
2163855784,-23.2768347,
2164455744,-22.56250967,
2165055704,-22.57628936,
2165655664,-21.70282011,
2166255624,-22.29015206,
2166855584,-22.18432828,
2167455544,-21.98618082,
2168055504,-21.70719251,
2168655464,-21.75321686,
2169255424,-21.57300404,
2169855384,-21.06687773,
2170455344,-21.24263407,
2171055304,-21.13763891,
2171655264,-20.87514651,
2172255224,-21.39165938,
2172855184,-21.06389869,
2173455144,-20.94530635,
2174055104,-20.99253872,
2174655064,-20.47983653,
2175255024,-20.75191834,
2175854984,-20.20565262,
2176454944,-20.55918681,
2177054904,-20.48031456,
2177654864,-20.23538534,
2178254824,-20.13845242,
2178854784,-19.96289493,
2179454744,-19.92094723,
2180054704,-19.30921048,
2180654664,-18.97015213,
2181254624,-18.61663025,
2181854584,-18.48406261,
2182454544,-18.83547017,
2183054504,-18.9466643,
2183654464,-18.39964741,
2184254424,-18.75227448,
2184854384,-17.7078478,
2185454344,-17.87976131,
2186054304,-17.63523525,
2186654264,-17.71668809,
2187254224,-17.76910222,
2187854184,-18.43130208,
2188454144,-17.35132692,
2189054104,-17.27220198,
2189654064,-17.32849224,
2190254024,-17.26059859,
2190853984,-17.24360718,
2191453944,-16.77567971,
2192053904,-16.7331445,
2192653864,-16.96150711,
2193253824,-16.65516569,
2193853784,-16.84910483,
2194453744,-16.65394044,
2195053704,-16.56260924,
2195653664,-16.28081226,
2196253624,-16.31713907,
2196853584,-16.08132032,
2197453544,-16.05480972,
2198053504,-16.12494628,
2198653464,-15.60343211,
2199253424,-16.10513566,
2199853384,-15.97044142,
2200453344,-16.03531587,
2201053304,-15.76120166,
2201653264,-16.14033909,
2202253224,-15.58403165,
2202853184,-15.50269062,
2203453144,-15.29609353,
2204053104,-15.42320797,
2204653064,-15.54228773,
2205253024,-15.4501553,
2205852984,-15.06034917,
2206452944,-14.83561465,
2207052904,-14.90801883,
2207652864,-14.57792367,
2208252824,-14.5398999,
2208852784,-14.35382396,
2209452744,-14.41261199,
2210052704,-14.48320688,
2210652664,-14.23684877,
2211252624,-14.20359771,
2211852584,-14.05941385,
2212452544,-14.2491008,
2213052504,-13.98643991,
2213652464,-14.05405764,
2214252424,-13.69817319,
2214852384,-13.69607197,
2215452344,-13.60814221,
2216052304,-13.61954863,
2216652264,-13.58110115,
2217252224,-13.69848517,
2217852184,-13.52932573,
2218452144,-13.44783854,
2219052104,-13.1347412,
2219652064,-13.35573927,
2220252024,-13.31305658,
2220851984,-13.12677251,
2221451944,-13.14997077,
2222051904,-13.19995612,
2222651864,-13.04881474,
2223251824,-12.93419299,
2223851784,-12.95310171,
2224451744,-12.86184669,
2225051704,-12.69311589,
2225651664,-12.85543802,
2226251624,-12.8613524,
2226851584,-12.82306102,
2227451544,-12.72736097,
2228051504,-12.86931312,
2228651464,-12.53191715,
2229251424,-12.61390079,
2229851384,-12.65867644,
2230451344,-12.70957364,
2231051304,-12.70197642,
2231651264,-12.58090049,
2232251224,-12.54457938,
2232851184,-12.20414387,
2233451144,-12.36330733,
2234051104,-12.07331216,
2234651064,-12.2154248,
2235251024,-12.02021482,
2235850984,-12.13123509,
2236450944,-12.00070934,
2237050904,-11.88154504,
2237650864,-11.97617117,
2238250824,-11.80370545,
2238850784,-11.69153283,
2239450744,-11.63228877,
2240050704,-11.58195705,
2240650664,-11.53943946,
2241250624,-11.82100379,
2241850584,-11.54823121,
2242450544,-11.6940237,
2243050504,-11.5891617,
2243650464,-11.32802077,
2244250424,-11.45724984,
2244850384,-11.43663124,
2245450344,-11.65027364,
2246050304,-11.31825311,
2246650264,-11.38092408,
2247250224,-11.28645499,
2247850184,-11.38646868,
2248450144,-11.33361731,
2249050104,-11.20642019,
2249650064,-11.10373495,
2250250024,-11.32960946,
2250849984,-11.37595332,
2251449944,-11.32423134,
2252049904,-11.27625158,
2252649864,-11.24559984,
2253249824,-11.26228691,
2253849784,-11.05385646,
2254449744,-11.07693379,
2255049704,-10.96127608,
2255649664,-11.23234277,
2256249624,-11.11700555,
2256849584,-11.03103237,
2257449544,-11.03471294,
2258049504,-11.1973837,
2258649464,-10.99456385,
2259249424,-11.06826279,
2259849384,-11.03358341,
2260449344,-11.27486086,
2261049304,-11.11080693,
2261649264,-11.09040483,
2262249224,-10.96472428,
2262849184,-10.7840732,
2263449144,-10.98064245,
2264049104,-10.98698138,
2264649064,-10.90771989,
2265249024,-10.98346737,
2265848984,-10.8230782,
2266448944,-10.91583718,
2267048904,-10.75870455,
2267648864,-10.71675361,
2268248824,-10.64559088,
2268848784,-10.71062101,
2269448744,-10.86730464,
2270048704,-10.743096,
2270648664,-10.71550368,
2271248624,-10.9489929,
2271848584,-10.63175984,
2272448544,-10.67589953,
2273048504,-10.72102079,
2273648464,-10.69577001,
2274248424,-10.77551039,
2274848384,-10.70257087,
2275448344,-10.56363567,
2276048304,-10.6441002,
2276648264,-10.75597617,
2277248224,-10.6702514,
2277848184,-10.77872371,
2278448144,-10.7925717,
2279048104,-10.68460437,
2279648064,-10.66620734,
2280248024,-10.65299428,
2280847984,-10.62632888,
2281447944,-10.64846455,
2282047904,-10.69771773,
2282647864,-10.74716301,
2283247824,-10.68997492,
2283847784,-10.53297365,
2284447744,-10.57404943,
2285047704,-10.54934293,
2285647664,-10.62162247,
2286247624,-10.41401852,
2286847584,-10.60343768,
2287447544,-10.57486131,
2288047504,-10.49613,
2288647464,-10.52642694,
2289247424,-10.60583301,
2289847384,-10.54704066,
2290447344,-10.67742464,
2291047304,-10.41626446,
2291647264,-10.49388097,
2292247224,-10.52025303,
2292847184,-10.34144714,
2293447144,-10.56563941,
2294047104,-10.65349769,
2294647064,-10.52487467,
2295247024,-10.44192488,
2295846984,-10.42469499,
2296446944,-10.53084078,
2297046904,-10.27062526,
2297646864,-10.38456787,
2298246824,-10.48506676,
2298846784,-10.40634643,
2299446744,-10.43755333,
2300046704,-10.25403095,
2300646664,-10.41453626,
2301246624,-10.43118311,
2301846584,-10.39251389,
2302446544,-10.42553043,
2303046504,-10.35941798,
2303646464,-10.44237794,
2304246424,-10.4179132,
2304846384,-10.29816155,
2305446344,-10.30702603,
2306046304,-10.31683003,
2306646264,-10.38176809,
2307246224,-10.40461175,
2307846184,-10.26323914,
2308446144,-10.2086853,
2309046103,-10.25108877,
2309646063,-10.16492807,
2310246023,-10.1809629,
2310845983,-10.26561477,
2311445943,-10.26498872,
2312045903,-10.21529564,
2312645863,-10.3452791,
2313245823,-10.15384178,
2313845783,-10.17242958,
2314445743,-10.25005455,
2315045703,-10.15949205,
2315645663,-10.18874153,
2316245623,-10.1588814,
2316845583,-10.10643778,
2317445543,-10.08751131,
2318045503,-10.21302225,
2318645463,-10.10463493,
2319245423,-9.992720547,
2319845383,-10.03351057,
2320445343,-10.12688115,
2321045303,-10.18048556,
2321645263,-9.953187089,
2322245223,-9.874502925,
2322845183,-9.885148947,
2323445143,-9.883692691,
2324045103,-9.823459038,
2324645063,-9.677096365,
2325245023,-9.786970727,
2325844983,-9.759819018,
2326444943,-9.791657901,
2327044903,-9.730063818,
2327644863,-9.675173385,
2328244823,-9.740409968,
2328844783,-9.732236929,
2329444743,-9.457694946,
2330044703,-9.596156562,
2330644663,-9.723441639,
2331244623,-9.638927383,
2331844583,-9.494333642,
2332444543,-9.537066773,
2333044503,-9.464979406,
2333644463,-9.549932708,
2334244423,-9.561112272,
2334844383,-9.636805972,
2335444343,-9.626263728,
2336044303,-9.420598761,
2336644263,-9.723837432,
2337244223,-9.253455775,
2337844183,-9.393152643,
2338444143,-9.386523836,
2339044103,-9.194849515,
2339644063,-9.390874584,
2340244023,-9.257695077,
2340843983,-9.371423865,
2341443943,-9.184872099,
2342043903,-9.024580035,
2342643863,-9.212237355,
2343243823,-9.174181904,
2343843783,-9.133150882,
2344443743,-9.222925052,
2345043703,-9.131776554,
2345643663,-9.200212666,
2346243623,-9.144689274,
2346843583,-9.068704416,
2347443543,-8.945010365,
2348043503,-9.173841848,
2348643463,-9.022759507,
2349243423,-9.155942567,
2349843383,-8.813650339,
2350443343,-8.898776515,
2351043303,-8.955654675,
2351643263,-8.929592532,
2352243223,-8.80909601,
2352843183,-8.869317155,
2353443143,-8.904345469,
2354043103,-8.839592936,
2354643063,-8.845132666,
2355243023,-8.587283043,
2355842983,-8.815040132,
2356442943,-8.694184468,
2357042903,-8.710325261,
2357642863,-8.593107112,
2358242823,-8.680004552,
2358842783,-8.442338304,
2359442743,-8.637813315,
2360042703,-8.588720251,
2360642663,-8.590747393,
2361242623,-8.502301475,
2361842583,-8.614831864,
2362442543,-8.387686872,
2363042503,-8.415059743,
2363642463,-8.39586498,
2364242423,-8.418116371,
2364842383,-8.449656249,
2365442343,-8.493971806,
2366042303,-8.221616442,
2366642263,-8.466996475,
2367242223,-8.400367034,
2367842183,-8.341428152,
2368442143,-8.383303042,
2369042103,-8.364551709,
2369642063,-8.181392583,
2370242023,-8.171803279,
2370841983,-8.031113201,
2371441943,-7.83069499,
2372041903,-8.003409832,
2372641863,-8.085382695,
2373241823,-8.000057439,
2373841783,-7.943608647,
2374441743,-7.888486861,
2375041703,-7.871170609,
2375641663,-7.73843674,
2376241623,-7.740288378,
2376841583,-7.567072616,
2377441543,-7.858894197,
2378041503,-7.634336275,
2378641463,-7.624074379,
2379241423,-7.677763579,
2379841383,-7.490795345,
2380441343,-7.61062255,
2381041303,-7.70716658,
2381641263,-7.612012753,
2382241223,-7.595787985,
2382841183,-7.537827347,
2383441143,-7.496163116,
2384041103,-7.288421045,
2384641063,-7.369050177,
2385241023,-7.320846313,
2385840983,-7.331447254,
2386440943,-7.375247595,
2387040903,-7.381945643,
2387640863,-7.252171367,
2388240823,-7.378405703,
2388840783,-7.254081829,
2389440743,-7.27320714,
2390040703,-7.198145216,
2390640663,-7.114859811,
2391240623,-7.184979,
2391840583,-7.215407208,
2392440543,-7.00411085,
2393040503,-7.169363016,
2393640463,-7.027664308,
2394240423,-6.998628836,
2394840383,-7.006779853,
2395440343,-6.88003642,
2396040303,-6.941466974,
2396640263,-7.047557435,
2397240223,-6.999608468,
2397840183,-6.983767965,
2398440143,-6.949453684,
2399040103,-6.944456831,
2399640063,-6.968891643,
2400240023,-6.962547864,
2400839983,-7.018746636,
2401439943,-6.946764068,
2402039903,-6.833455242,
2402639863,-6.844921133,
2403239823,-6.802746066,
2403839783,-6.637603926,
2404439743,-6.840307659,
2405039703,-6.661232115,
2405639663,-6.731963032,
2406239623,-6.633066697,
2406839583,-6.706243708,
2407439543,-6.671861306,
2408039503,-6.692618245,
2408639463,-6.428080731,
2409239423,-6.595738817,
2409839383,-6.565531301,
2410439343,-6.478756765,
2411039303,-6.46000801,
2411639263,-6.498404063,
2412239223,-6.620731895,
2412839183,-6.38426979,
2413439143,-6.51258316,
2414039103,-6.351908318,
2414639063,-6.405189072,
2415239023,-6.310565442,
2415838983,-6.281068606,
2416438943,-6.367323724,
2417038903,-6.343079894,
2417638863,-6.394396491,
2418238823,-6.378223269,
2418838783,-6.4219804,
2419438743,-6.365854996,
2420038703,-6.376566778,
2420638663,-6.191986955,
2421238623,-6.379608342,
2421838583,-6.236574068,
2422438543,-6.258795898,
2423038503,-6.209265134,
2423638463,-6.240536616,
2424238423,-6.11147449,
2424838383,-6.394203454,
2425438343,-6.311404467,
2426038303,-6.270333708,
2426638263,-6.287716051,
2427238223,-6.179981687,
2427838183,-6.21146274,
2428438143,-6.258861532,
2429038103,-6.170307229,
2429638063,-6.079787837,
2430238023,-6.140891803,
2430837983,-6.190853733,
2431437943,-6.161962766,
2432037903,-6.015957292,
2432637863,-6.170651369,
2433237823,-6.274738301,
2433837783,-6.21200899,
2434437743,-6.213396611,
2435037703,-6.233550471,
2435637663,-6.126572535,
2436237623,-6.209767744,
2436837583,-6.058280376,
2437437543,-6.1789406,
2438037503,-6.232546038,
2438637463,-6.183720221,
2439237423,-6.168568,
2439837383,-6.120030416,
2440437343,-6.171719809,
2441037303,-6.166621833,
2441637263,-6.053339411,
2442237223,-6.177104042,
2442837183,-5.998897778,
2443437143,-6.108749503,
2444037103,-6.072277655,
2444637063,-6.065574462,
2445237023,-6.130774065,
2445836983,-6.160979807,
2446436943,-6.108416187,
2447036903,-6.075862259,
2447636863,-6.031295122,
2448236823,-6.093388648,
2448836783,-6.062849349,
2449436743,-5.964100202,
2450036703,-6.148445992,
2450636663,-6.095460165,
2451236623,-6.069051472,
2451836583,-6.082615208,
2452436543,-5.987286173,
2453036503,-6.042511774,
2453636463,-6.050594888,
2454236423,-6.076822687,
2454836383,-6.028348529,
2455436343,-5.979322595,
2456036303,-6.005665113,
2456636263,-6.049475876,
2457236223,-5.947169386,
2457836183,-6.035236682,
2458436143,-6.046568841,
2459036103,-6.01482913,
2459636063,-6.06167693,
2460236023,-5.947847433,
2460835983,-6.003997938,
2461435943,-6.072651736,
2462035903,-6.006057954,
2462635863,-5.964030382,
2463235822,-6.008871726,
2463835782,-6.006476288,
2464435742,-6.08669508,
2465035702,-6.036322296,
2465635662,-5.97267497,
2466235622,-5.995970899,
2466835582,-5.974143385,
2467435542,-6.081741421,
2468035502,-5.976601472,
2468635462,-5.949404845,
2469235422,-5.889375899,
2469835382,-5.838674499,
2470435342,-6.054827824,
2471035302,-5.921544761,
2471635262,-5.968720274,
2472235222,-5.902998696,
2472835182,-5.840540967,
2473435142,-5.975305105,
2474035102,-5.892286149,
2474635062,-5.960605025,
2475235022,-6.04817796,
2475834982,-5.945868214,
2476434942,-5.865276193,
2477034902,-5.991499588,
2477634862,-5.865627702,
2478234822,-5.959069565,
2478834782,-6.00396625,
2479434742,-5.905775153,
2480034702,-5.940647607,
2480634662,-5.83844292,
2481234622,-5.854491814,
2481834582,-5.877217538,
2482434542,-5.903018955,
2483034502,-5.942715692,
2483634462,-5.952618438,
2484234422,-5.893452539,
2484834382,-5.882979936,
2485434342,-5.814385417,
2486034302,-5.965583321,
2486634262,-5.731477381,
2487234222,-5.803091446,
2487834182,-5.757243542,
2488434142,-5.933195479,
2489034102,-5.925753639,
2489634062,-5.908994094,
2490234022,-5.777561423,
2490833982,-5.72726939,
2491433942,-5.84987649,
2492033902,-5.797604623,
2492633862,-5.909522838,
2493233822,-5.823862516,
2493833782,-5.722915404,
2494433742,-5.893724714,
2495033702,-5.788052753,
2495633662,-5.925905214,
2496233622,-5.726019248,
2496833582,-5.741142101,
2497433542,-5.755336211,
2498033502,-5.767622372,
2498633462,-5.698250479,
2499233422,-5.686256005,
2499833382,-5.799972861,
2500433342,-5.699017618,
2501033302,-5.722852476,
2501633262,-5.779554501,
2502233222,-5.635243694,
2502833182,-5.674155602,
2503433142,-5.768200873,
2504033102,-5.739151075,
2504633062,-5.693766412,
2505233022,-5.809097621,
2505832982,-5.716468691,
2506432942,-5.72980886,
2507032902,-5.68132468,
2507632862,-5.69935781,
2508232822,-5.667170079,
2508832782,-5.544628795,
2509432742,-5.740311863,
2510032702,-5.680616044,
2510632662,-5.689331307,
2511232622,-5.694850505,
2511832582,-5.768666249,
2512432542,-5.712989299,
2513032502,-5.666600472,
2513632462,-5.640334378,
2514232422,-5.745721979,
2514832382,-5.74928607,
2515432342,-5.833850265,
2516032302,-5.720322425,
2516632262,-5.664521647,
2517232222,-5.802819001,
2517832182,-5.652313419,
2518432142,-5.676261595,
2519032102,-5.594124366,
2519632062,-5.679914442,
2520232022,-5.631065984,
2520831982,-5.710914735,
2521431942,-5.725880861,
2522031902,-5.668988549,
2522631862,-5.726445694,
2523231822,-5.841938925,
2523831782,-5.82295483,
2524431742,-5.722122048,
2525031702,-5.80750438,
2525631662,-5.691067253,
2526231622,-5.701084399,
2526831582,-5.620394082,
2527431542,-5.700410447,
2528031502,-5.708674735,
2528631462,-5.794304533,
2529231422,-5.655879003,
2529831382,-5.791458616,
2530431342,-5.656280815,
2531031302,-5.716308277,
2531631262,-5.819326353,
2532231222,-5.715413353,
2532831182,-5.712549741,
2533431142,-5.689691737,
2534031102,-5.806956251,
2534631062,-5.67055015,
2535231022,-5.694685093,
2535830982,-5.720743989,
2536430942,-5.619288069,
2537030902,-5.776663554,
2537630862,-5.705364118,
2538230822,-5.793101122,
2538830782,-5.775324421,
2539430742,-5.754254343,
2540030702,-5.713924031,
2540630662,-5.822423156,
2541230622,-5.782067918,
2541830582,-5.799756495,
2542430542,-5.737213694,
2543030502,-5.818920544,
2543630462,-5.753978521,
2544230422,-5.830445165,
2544830382,-5.874194135,
2545430342,-5.763832523,
2546030302,-5.767120996,
2546630262,-5.836446506,
2547230222,-5.864808105,
2547830182,-5.88256146,
2548430142,-5.804215165,
2549030102,-5.773971895,
2549630062,-5.902707629,
2550230022,-5.844593827,
2550829982,-5.785427431,
2551429942,-5.841663002,
2552029902,-5.86645189,
2552629862,-5.71200941,
2553229822,-5.947992613,
2553829782,-5.906588018,
2554429742,-5.830692838,
2555029702,-5.817622821,
2555629662,-5.826065703,
2556229622,-5.76554972,
2556829582,-5.985954065,
2557429542,-5.764155825,
2558029502,-5.817782749,
2558629462,-5.844344102,
2559229422,-5.89959086,
2559829382,-5.902339972,
2560429342,-5.959499874,
2561029302,-5.894817646,
2561629262,-5.802618107,
2562229222,-5.916061185,
2562829182,-5.950555512,
2563429142,-5.859828203,
2564029102,-5.908939842,
2564629062,-5.912329308,
2565229022,-5.867958598,
2565828982,-5.941898467,
2566428942,-5.901586405,
2567028902,-5.863953657,
2567628862,-5.856231311,
2568228822,-5.996612101,
2568828782,-5.872324043,
2569428742,-5.89717908,
2570028702,-5.814759512,
2570628662,-5.96833591,
2571228622,-5.976698109,
2571828582,-5.960943713,
2572428542,-5.990528517,
2573028502,-5.942994779,
2573628462,-5.937922907,
2574228422,-5.855502216,
2574828382,-5.894631738,
2575428342,-5.880796745,
2576028302,-5.898211139,
2576628262,-5.956003304,
2577228222,-5.907124879,
2577828182,-5.984677891,
2578428142,-5.974317231,
2579028102,-5.945494131,
2579628062,-5.962654994,
2580228022,-5.881603869,
2580827982,-5.915589439,
2581427942,-5.909388157,
2582027902,-5.944094673,
2582627862,-5.940881637,
2583227822,-5.955164634,
2583827782,-6.063281195,
2584427742,-5.867782951,
2585027702,-5.962551321,
2585627662,-5.923316007,
2586227622,-5.938344688,
2586827582,-5.912249613,
2587427542,-6.022209998,
2588027502,-5.955758886,
2588627462,-6.014203566,
2589227422,-5.927298001,
2589827382,-5.895232436,
2590427342,-6.012636552,
2591027302,-5.930337925,
2591627262,-6.002795134,
2592227222,-5.953315806,
2592827182,-6.005548642,
2593427142,-5.869231631,
2594027102,-5.904181848,
2594627062,-5.881898462,
2595227022,-5.919718474,
2595826982,-5.966384643,
2596426942,-5.978684166,
2597026902,-5.962425451,
2597626862,-6.016218529,
2598226822,-5.913926791,
2598826782,-5.950590836,
2599426742,-5.990145863,
2600026702,-5.920446782,
2600626662,-5.970097422,
2601226622,-5.957627575,
2601826582,-6.000697366,
2602426542,-6.000329099,
2603026502,-5.950020569,
2603626462,-6.01275057,
2604226422,-5.979881614,
2604826382,-6.046900311,
2605426342,-6.002851906,
2606026302,-6.010248789,
2606626262,-6.040972046,
2607226222,-5.998638874,
2607826182,-6.05831519,
2608426142,-6.0305601,
2609026102,-6.076536198,
2609626062,-6.099748422,
2610226022,-6.01114753,
2610825982,-5.956575714,
2611425942,-6.085968855,
2612025902,-6.005673152,
2612625862,-6.139440242,
2613225822,-5.971375318,
2613825782,-6.00905678,
2614425742,-6.034545903,
2615025702,-6.018166408,
2615625662,-5.971005068,
2616225622,-6.092813253,
2616825581,-5.921118478,
2617425541,-5.930421412,
2618025501,-6.049174953,
2618625461,-5.996710497,
2619225421,-6.086611748,
2619825381,-5.932183396,
2620425341,-6.077103818,
2621025301,-6.058756801,
2621625261,-5.994864399,
2622225221,-6.064088741,
2622825181,-6.014927531,
2623425141,-5.992685319,
2624025101,-6.015015514,
2624625061,-5.986584191,
2625225021,-5.966598939,
2625824981,-6.155557092,
2626424941,-6.087772558,
2627024901,-6.168492376,
2627624861,-6.09309673,
2628224821,-6.140119658,
2628824781,-6.225718091,
2629424741,-6.059100269,
2630024701,-6.134238541,
2630624661,-6.083790806,
2631224621,-6.253980352,
2631824581,-6.157729425,
2632424541,-6.110339465,
2633024501,-6.150243357,
2633624461,-6.219244226,
2634224421,-6.270591788,
2634824381,-6.25907398,
2635424341,-6.345326361,
2636024301,-6.180591345,
2636624261,-6.262885941,
2637224221,-6.190119753,
2637824181,-6.302710143,
2638424141,-6.321274005,
2639024101,-6.263915934,
2639624061,-6.287292028,
2640224021,-6.322268867,
2640823981,-6.32137085,
2641423941,-6.453714594,
2642023901,-6.341206716,
2642623861,-6.406116467,
2643223821,-6.282357235,
2643823781,-6.492545781,
2644423741,-6.276450753,
2645023701,-6.53626029,
2645623661,-6.398074263,
2646223621,-6.482632049,
2646823581,-6.438783008,
2647423541,-6.490105613,
2648023501,-6.566399298,
2648623461,-6.5030005,
2649223421,-6.484197663,
2649823381,-6.483904978,
2650423341,-6.588186606,
2651023301,-6.563758696,
2651623261,-6.699952155,
2652223221,-6.639403077,
2652823181,-6.691514104,
2653423141,-6.572526126,
2654023101,-6.60661815,
2654623061,-6.45818499,
2655223021,-6.575789534,
2655822981,-6.783022357,
2656422941,-6.712896229,
2657022901,-6.795285222,
2657622861,-6.730158876,
2658222821,-6.760888441,
2658822781,-6.654349176,
2659422741,-6.75880981,
2660022701,-6.759788711,
2660622661,-6.824269076,
2661222621,-6.841465934,
2661822581,-6.800224303,
2662422541,-6.72075607,
2663022501,-6.898428188,
2663622461,-6.964391383,
2664222421,-6.854873332,
2664822381,-7.032763029,
2665422341,-6.95530113,
2666022301,-6.847044034,
2666622261,-7.011506702,
2667222221,-7.189218887,
2667822181,-6.920287927,
2668422141,-7.049375555,
2669022101,-7.247258887,
2669622061,-7.0777664,
2670222021,-7.13604983,
2670821981,-7.192329079,
2671421941,-7.268940507,
2672021901,-7.276254986,
2672621861,-7.222023152,
2673221821,-7.178095729,
2673821781,-7.158540005,
2674421741,-7.29685307,
2675021701,-7.345705853,
2675621661,-7.319115231,
2676221621,-7.278116229,
2676821581,-7.346032927,
2677421541,-7.325465748,
2678021501,-7.406752595,
2678621461,-7.506872447,
2679221421,-7.320523871,
2679821381,-7.262496527,
2680421341,-7.336264317,
2681021301,-7.372003047,
2681621261,-7.385690813,
2682221221,-7.419605749,
2682821181,-7.355426842,
2683421141,-7.425506444,
2684021101,-7.321989439,
2684621061,-7.477997564,
2685221021,-7.40210307,
2685820981,-7.524624303,
2686420941,-7.345811775,
2687020901,-7.496513726,
2687620861,-7.447980534,
2688220821,-7.557681115,
2688820781,-7.543812124,
2689420741,-7.488691653,
2690020701,-7.456763866,
2690620661,-7.535373907,
2691220621,-7.57005722,
2691820581,-7.539685767,
2692420541,-7.460300518,
2693020501,-7.625584592,
2693620461,-7.41293974,
2694220421,-7.470853896,
2694820381,-7.481896663,
2695420341,-7.558754633,
2696020301,-7.468672542,
2696620261,-7.590164423,
2697220221,-7.582376185,
2697820181,-7.57309972,
2698420141,-7.53994233,
2699020101,-7.520481514,
2699620061,-7.5775788,
2700220021,-7.557226651,
2700819981,-7.573918226,
2701419941,-7.555454002,
2702019901,-7.555263143,
2702619861,-7.599640579,
2703219821,-7.547077758,
2703819781,-7.590045739,
2704419741,-7.596248078,
2705019701,-7.716580636,
2705619661,-7.660226933,
2706219621,-7.608671402,
2706819581,-7.690269131,
2707419541,-7.641261139,
2708019501,-7.618748237,
2708619461,-7.679939535,
2709219421,-7.617589825,
2709819381,-7.719343637,
2710419341,-7.621068195,
2711019301,-7.704270712,
2711619261,-7.651954958,
2712219221,-7.651776896,
2712819181,-7.753782097,
2713419141,-7.694054062,
2714019101,-7.682650527,
2714619061,-7.662198064,
2715219021,-7.612111916,
2715818981,-7.737858119,
2716418941,-7.583151654,
2717018901,-7.689529689,
2717618861,-7.649414048,
2718218821,-7.695574667,
2718818781,-7.64964285,
2719418741,-7.593166568,
2720018701,-7.693667781,
2720618661,-7.798763793,
2721218621,-7.733141054,
2721818581,-7.525650935,
2722418541,-7.611020127,
2723018501,-7.66129794,
2723618461,-7.696056633,
2724218421,-7.594772211,
2724818381,-7.5310114,
2725418341,-7.613888049,
2726018301,-7.570623038,
2726618261,-7.590378607,
2727218221,-7.773264666,
2727818181,-7.627287771,
2728418141,-7.591177151,
2729018101,-7.703137391,
2729618061,-7.579570392,
2730218021,-7.595385827,
2730817981,-7.684449117,
2731417941,-7.56849912,
2732017901,-7.606847817,
2732617861,-7.685474736,
2733217821,-7.618395447,
2733817781,-7.5666602,
2734417741,-7.460538376,
2735017701,-7.500647264,
2735617661,-7.618073548,
2736217621,-7.56989444,
2736817581,-7.551324758,
2737417541,-7.46908053,
2738017501,-7.520685845,
2738617461,-7.68973001,
2739217421,-7.401689957,
2739817381,-7.366281468,
2740417341,-7.401230849,
2741017301,-7.385635196,
2741617261,-7.448454659,
2742217221,-7.417110356,
2742817181,-7.33544861,
2743417141,-7.495867673,
2744017101,-7.456520617,
2744617061,-7.377948114,
2745217021,-7.337221023,
2745816981,-7.353633105,
2746416941,-7.32149125,
2747016901,-7.211800809,
2747616861,-7.31584072,
2748216821,-7.372207065,
2748816781,-7.281837687,
2749416741,-7.288401141,
2750016701,-7.290886809,
2750616661,-7.168569505,
2751216621,-7.283711175,
2751816581,-7.215135651,
2752416541,-7.199356151,
2753016501,-7.226600764,
2753616461,-7.140480771,
2754216421,-7.160221633,
2754816381,-7.182952671,
2755416341,-7.227998696,
2756016301,-7.254818232,
2756616261,-7.164418311,
2757216221,-7.142405876,
2757816181,-7.285902233,
2758416141,-7.114634042,
2759016101,-7.193760264,
2759616061,-7.186856204,
2760216021,-7.122787507,
2760815981,-7.028276058,
2761415941,-7.054806945,
2762015901,-7.037565011,
2762615861,-7.085746243,
2763215821,-7.157222111,
2763815781,-7.100148466,
2764415741,-7.098552944,
2765015701,-7.048229697,
2765615661,-7.075942068,
2766215621,-7.06478661,
2766815581,-6.997332223,
2767415541,-7.088969913,
2768015501,-7.04318939,
2768615461,-7.195818569,
2769215421,-7.031046305,
2769815381,-6.967918134,
2770415340,-7.061347653,
2771015300,-7.077254382,
2771615260,-7.017352797,
2772215220,-6.892513125,
2772815180,-6.90215612,
2773415140,-6.984661165,
2774015100,-6.961074749,
2774615060,-7.086200416,
2775215020,-7.037594637,
2775814980,-6.915319236,
2776414940,-6.963481877,
2777014900,-6.931410787,
2777614860,-6.883079216,
2778214820,-6.903269411,
2778814780,-7.050477697,
2779414740,-6.892096098,
2780014700,-6.972384535,
2780614660,-6.852480024,
2781214620,-6.928988828,
2781814580,-6.963308695,
2782414540,-6.912944167,
2783014500,-6.985793252,
2783614460,-6.925425641,
2784214420,-6.890535038,
2784814380,-6.895012948,
2785414340,-6.96491662,
2786014300,-7.07349987,
2786614260,-6.902707286,
2787214220,-6.899385206,
2787814180,-6.981507098,
2788414140,-7.061957589,
2789014100,-6.98584644,
2789614060,-6.904844798,
2790214020,-6.952706037,
2790813980,-7.047033631,
2791413940,-6.993060489,
2792013900,-6.902549233,
2792613860,-6.938649386,
2793213820,-6.978425508,
2793813780,-6.890983859,
2794413740,-6.987154117,
2795013700,-6.925498217,
2795613660,-6.960573414,
2796213620,-6.942956573,
2796813580,-6.960282715,
2797413540,-6.922672453,
2798013500,-6.924209083,
2798613460,-6.96980117,
2799213420,-7.012001905,
2799813380,-6.984740679,
2800413340,-6.922081873,
2801013300,-7.023715779,
2801613260,-7.022804513,
2802213220,-6.974539963,
2802813180,-6.923716945,
2803413140,-6.973155852,
2804013100,-6.949002282,
2804613060,-6.941888835,
2805213020,-6.989422395,
2805812980,-7.067955734,
2806412940,-6.999843807,
2807012900,-6.903163099,
2807612860,-7.080129358,
2808212820,-7.007079805,
2808812780,-7.038217041,
2809412740,-6.978182843,
2810012700,-6.996086463,
2810612660,-6.990095692,
2811212620,-7.158176051,
2811812580,-6.968702709,
2812412540,-6.976943662,
2813012500,-7.005376283,
2813612460,-6.983961577,
2814212420,-7.112377637,
2814812380,-7.056063157,
2815412340,-7.018408502,
2816012300,-7.107719345,
2816612260,-6.9823138,
2817212220,-7.002439408,
2817812180,-7.127359224,
2818412140,-7.128107614,
2819012100,-7.085827128,
2819612060,-7.159422922,
2820212020,-7.020733994,
2820811980,-7.016764232,
2821411940,-7.082518452,
2822011900,-7.026019223,
2822611860,-7.037593167,
2823211820,-7.227329949,
2823811780,-7.102148469,
2824411740,-7.108676645,
2825011700,-7.04909368,
2825611660,-7.023855446,
2826211620,-7.095620823,
2826811580,-7.110162355,
2827411540,-7.049764555,
2828011500,-7.144620417,
2828611460,-7.135461186,
2829211420,-7.065124482,
2829811380,-7.180633663,
2830411340,-7.102877492,
2831011300,-7.10397162,
2831611260,-7.141651905,
2832211220,-7.20772156,
2832811180,-7.131815484,
2833411140,-7.058620195,
2834011100,-7.156554388,
2834611060,-7.099344037,
2835211020,-7.184586955,
2835810980,-7.235422817,
2836410940,-7.097140254,
2837010900,-7.160961473,
2837610860,-7.133522777,
2838210820,-7.081162551,
2838810780,-7.140288774,
2839410740,-7.216245239,
2840010700,-7.132694736,
2840610660,-7.144016436,
2841210620,-7.109553518,
2841810580,-7.162881527,
2842410540,-7.1933903,
2843010500,-7.184361381,
2843610460,-7.259417871,
2844210420,-7.106702788,
2844810380,-7.194234141,
2845410340,-7.160533636,
2846010300,-7.225290126,
2846610260,-7.308417548,
2847210220,-7.198493177,
2847810180,-7.231643662,
2848410140,-7.325705332,
2849010100,-7.381696983,
2849610060,-7.210287351,
2850210020,-7.19238918,
2850809980,-7.259085372,
2851409940,-7.399197779,
2852009900,-7.382332018,
2852609860,-7.370510443,
2853209820,-7.33862465,
2853809780,-7.254812264,
2854409740,-7.408504827,
2855009700,-7.317007602,
2855609660,-7.375517467,
2856209620,-7.452562751,
2856809580,-7.339340124,
2857409540,-7.237509985,
2858009500,-7.387324895,
2858609460,-7.396561277,
2859209420,-7.299657497,
2859809380,-7.418302696,
2860409340,-7.382441791,
2861009300,-7.372229534,
2861609260,-7.427603564,
2862209220,-7.392638515,
2862809180,-7.408139891,
2863409140,-7.530283295,
2864009100,-7.415772332,
2864609060,-7.514835557,
2865209020,-7.48638318,
2865808980,-7.427418081,
2866408940,-7.437884915,
2867008900,-7.379772232,
2867608860,-7.441176088,
2868208820,-7.556129885,
2868808780,-7.498588546,
2869408740,-7.432011159,
2870008700,-7.520113796,
2870608660,-7.627983001,
2871208620,-7.607708918,
2871808580,-7.580781727,
2872408540,-7.616085209,
2873008500,-7.637095623,
2873608460,-7.608327789,
2874208420,-7.54232588,
2874808380,-7.596387133,
2875408340,-7.725956187,
2876008300,-7.737313478,
2876608260,-7.771326833,
2877208220,-7.780126849,
2877808180,-7.77420354,
2878408140,-7.897318678,
2879008100,-7.942821946,
2879608060,-7.892283145,
2880208020,-7.860430002,
2880807980,-7.857629855,
2881407940,-7.941462049,
2882007900,-7.956212784,
2882607860,-8.078640809,
2883207820,-8.00255636,
2883807780,-8.109910805,
2884407740,-7.925357551,
2885007700,-7.990598717,
2885607660,-7.928256812,
2886207620,-8.057484848,
2886807580,-7.907310097,
2887407540,-8.056998901,
2888007500,-8.125886305,
2888607460,-7.945639434,
2889207420,-8.051472658,
2889807380,-8.179952232,
2890407340,-8.064151423,
2891007300,-8.106348681,
2891607260,-8.243929397,
2892207220,-8.094473994,
2892807180,-8.267461254,
2893407140,-8.075562348,
2894007100,-8.213265185,
2894607060,-8.197584744,
2895207020,-8.201048149,
2895806980,-8.275841034,
2896406940,-8.161210903,
2897006900,-8.32190131,
2897606860,-8.232808768,
2898206820,-8.268419492,
2898806780,-8.404416621,
2899406740,-8.277936027,
2900006700,-8.24807519,
2900606660,-8.400189067,
2901206620,-8.424401492,
2901806580,-8.420395951,
2902406540,-8.460770306,
2903006500,-8.456924528,
2903606460,-8.479022352,
2904206420,-8.384906164,
2904806380,-8.480462212,
2905406340,-8.415782103,
2906006300,-8.480983804,
2906606260,-8.488299073,
2907206220,-8.615797531,
2907806180,-8.507864796,
2908406140,-8.635694243,
2909006100,-8.579030871,
2909606060,-8.544355188,
2910206020,-8.676431577,
2910805980,-8.679421911,
2911405940,-8.650643296,
2912005900,-8.662057879,
2912605860,-8.72019212,
2913205820,-8.655736867,
2913805780,-8.778684964,
2914405740,-8.616017846,
2915005700,-8.838106396,
2915605660,-8.691242723,
2916205620,-8.855395619,
2916805580,-8.768023746,
2917405540,-8.766914934,
2918005500,-8.815641089,
2918605460,-8.879645781,
2919205420,-8.999439733,
2919805380,-8.935593257,
2920405340,-8.913392082,
2921005300,-8.883796334,
2921605260,-8.748537207,
2922205220,-8.890514776,
2922805180,-9.047486514,
2923405140,-8.925473863,
2924005100,-8.940419149,
2924605059,-8.841065627,
2925205019,-9.068957895,
2925804979,-8.958771852,
2926404939,-9.088215355,
2927004899,-8.818245955,
2927604859,-9.052769759,
2928204819,-9.142169917,
2928804779,-8.994950182,
2929404739,-8.93896609,
2930004699,-9.072291407,
2930604659,-8.946327401,
2931204619,-9.018937064,
2931804579,-9.055585891,
2932404539,-9.119758904,
2933004499,-8.986882842,
2933604459,-9.09825475,
2934204419,-9.085564553,
2934804379,-9.142838409,
2935404339,-9.251543369,
2936004299,-9.137920791,
2936604259,-9.194725374,
2937204219,-9.111987988,
2937804179,-9.15833347,
2938404139,-9.102599699,
2939004099,-9.162920344,
2939604059,-9.378224374,
2940204019,-9.332253161,
2940803979,-9.260183138,
2941403939,-9.171509729,
2942003899,-9.130817963,
2942603859,-9.212454173,
2943203819,-9.220183874,
2943803779,-9.274659478,
2944403739,-9.142540582,
2945003699,-9.320474954,
2945603659,-9.342762506,
2946203619,-9.255024133,
2946803579,-9.208955423,
2947403539,-9.167646424,
2948003499,-9.425978296,
2948603459,-9.171206753,
2949203419,-9.482458288,
2949803379,-9.34478459,
2950403339,-9.321471609,
2951003299,-9.40442438,
2951603259,-9.291314767,
2952203219,-9.325754039,
2952803179,-9.455939763,
2953403139,-9.364763976,
2954003099,-9.272099392,
2954603059,-9.339199016,
2955203019,-9.303869433,
2955802979,-9.334216629,
2956402939,-9.268551821,
2957002899,-9.257381633,
2957602859,-9.246348017,
2958202819,-9.270717999,
2958802779,-9.542755362,
2959402739,-9.477699857,
2960002699,-9.289358947,
2960602659,-9.182705507,
2961202619,-9.46047002,
2961802579,-9.326461128,
2962402539,-9.300779996,
2963002499,-9.499101594,
2963602459,-9.399020979,
2964202419,-9.357430213,
2964802379,-9.211186392,
2965402339,-9.267064181,
2966002299,-9.315159882,
2966602259,-9.333743293,
2967202219,-9.335146037,
2967802179,-9.395257452,
2968402139,-9.328457847,
2969002099,-9.280471682,
2969602059,-9.144985333,
2970202019,-9.0747339,
2970801979,-9.224824938,
2971401939,-9.164078818,
2972001899,-9.316997541,
2972601859,-9.192460986,
2973201819,-9.217879744,
2973801779,-9.185378168,
2974401739,-9.119546882,
2975001699,-9.140763816,
2975601659,-9.223392969,
2976201619,-9.188702239,
2976801579,-9.105342967,
2977401539,-9.053835163,
2978001499,-9.13741644,
2978601459,-9.079454948,
2979201419,-9.136306388,
2979801379,-8.973605177,
2980401339,-9.113464627,
2981001299,-9.198600038,
2981601259,-9.013575032,
2982201219,-9.105606216,
2982801179,-9.014229169,
2983401139,-9.08341502,
2984001099,-9.082600741,
2984601059,-9.009936263,
2985201019,-9.00595892,
2985800979,-8.864071742,
2986400939,-8.96796289,
2987000899,-8.872934923,
2987600859,-8.994370575,
2988200819,-8.918347264,
2988800779,-9.012758771,
2989400739,-8.893048428,
2990000699,-9.03552407,
2990600659,-8.938100588,
2991200619,-8.865799151,
2991800579,-8.894120525,
2992400539,-8.908601424,
2993000499,-8.819044515,
2993600459,-9.123643744,
2994200419,-8.989425902,
2994800379,-8.716291846,
2995400339,-8.92980659,
2996000299,-8.831130804,
2996600259,-8.838802402,
2997200219,-8.964115984,
2997800179,-8.931820968,
2998400139,-8.838854527,
2999000099,-8.788752377,
2999600059,-8.866388127,
3000200019,-8.888884332,
3000799979,-8.876429965,
3001399939,-8.909957936,
3001999899,-8.870431431,
3002599859,-8.681991678,
3003199819,-8.777733934,
3003799779,-8.619594445,
3004399739,-8.910390502,
3004999699,-8.773294509,
3005599659,-8.734988622,
3006199619,-8.798321169,
3006799579,-8.707096336,
3007399539,-8.641458762,
3007999499,-8.953306849,
3008599459,-8.688170212,
3009199419,-8.654154762,
3009799379,-8.560601973,
3010399339,-8.559669892,
3010999299,-8.60592043,
3011599259,-8.68315578,
3012199219,-8.62563704,
3012799179,-8.759292454,
3013399139,-8.58118146,
3013999099,-8.580305567,
3014599059,-8.660215335,
3015199019,-8.632397785,
3015798979,-8.560071979,
3016398939,-8.616084516,
3016998899,-8.613606873,
3017598859,-8.64962097,
3018198819,-8.713555987,
3018798779,-8.57259947,
3019398739,-8.449303148,
3019998699,-8.580258869,
3020598659,-8.491482113,
3021198619,-8.55055767,
3021798579,-8.538994477,
3022398539,-8.537961288,
3022998499,-8.567105177,
3023598459,-8.578259555,
3024198419,-8.391189275,
3024798379,-8.448320576,
3025398339,-8.540103588,
3025998299,-8.47660571,
3026598259,-8.5817723,
3027198219,-8.530506679,
3027798179,-8.47996422,
3028398139,-8.448991202,
3028998099,-8.491424895,
3029598059,-8.568679917,
3030198019,-8.473405724,
3030797979,-8.544149294,
3031397939,-8.545747225,
3031997899,-8.471332334,
3032597859,-8.397513411,
3033197819,-8.390725401,
3033797779,-8.413504848,
3034397739,-8.450687539,
3034997699,-8.49848893,
3035597659,-8.572548096,
3036197619,-8.420990449,
3036797579,-8.394026062,
3037397539,-8.408821864,
3037997499,-8.447015755,
3038597459,-8.349124884,
3039197419,-8.373559535,
3039797379,-8.407143895,
3040397339,-8.405731696,
3040997299,-8.429140572,
3041597259,-8.487756273,
3042197219,-8.390656145,
3042797179,-8.334738426,
3043397139,-8.29202709,
3043997099,-8.450130524,
3044597059,-8.540904243,
3045197019,-8.383099241,
3045796979,-8.386580992,
3046396939,-8.387550401,
3046996899,-8.435305694,
3047596859,-8.484570423,
3048196819,-8.457827616,
3048796779,-8.434652003,
3049396739,-8.382669443,
3049996699,-8.45460811,
3050596659,-8.404296141,
3051196619,-8.412310419,
3051796579,-8.362884277,
3052396539,-8.294182436,
3052996499,-8.443143153,
3053596459,-8.297346926,
3054196419,-8.418666003,
3054796379,-8.425460652,
3055396339,-8.431330179,
3055996299,-8.485005623,
3056596259,-8.503286184,
3057196219,-8.438936616,
3057796179,-8.436024448,
3058396139,-8.411011712,
3058996099,-8.36007542,
3059596059,-8.448898204,
3060196019,-8.432682381,
3060795979,-8.477783838,
3061395939,-8.480119865,
3061995899,-8.464176294,
3062595859,-8.38550912,
3063195819,-8.527100613,
3063795779,-8.471934492,
3064395739,-8.392683845,
3064995699,-8.437030735,
3065595659,-8.406355986,
3066195619,-8.476939679,
3066795579,-8.530735985,
3067395539,-8.475233226,
3067995499,-8.413742149,
3068595459,-8.405391278,
3069195419,-8.371981013,
3069795379,-8.468407932,
3070395339,-8.470039927,
3070995299,-8.502788683,
3071595259,-8.54028166,
3072195219,-8.546723079,
3072795179,-8.461231216,
3073395139,-8.403739965,
3073995099,-8.355020592,
3074595059,-8.358974223,
3075195019,-8.428023774,
3075794979,-8.471247497,
3076394939,-8.554657218,
3076994899,-8.456620007,
3077594859,-8.423636559,
3078194818,-8.399869345,
3078794778,-8.466453325,
3079394738,-8.47484224,
3079994698,-8.493921622,
3080594658,-8.478093909,
3081194618,-8.44828446,
3081794578,-8.473019551,
3082394538,-8.495389969,
3082994498,-8.428794427,
3083594458,-8.471035606,
3084194418,-8.63303001,
3084794378,-8.422016538,
3085394338,-8.561119803,
3085994298,-8.570433027,
3086594258,-8.542715206,
3087194218,-8.620703673,
3087794178,-8.584494539,
3088394138,-8.688861517,
3088994098,-8.409445585,
3089594058,-8.550320773,
3090194018,-8.673672405,
3090793978,-8.542500383,
3091393938,-8.594112485,
3091993898,-8.536459612,
3092593858,-8.7006388,
3093193818,-8.567880546,
3093793778,-8.586117147,
3094393738,-8.534620044,
3094993698,-8.627557033,
3095593658,-8.609836127,
3096193618,-8.479299308,
3096793578,-8.598782655,
3097393538,-8.663338493,
3097993498,-8.645372731,
3098593458,-8.578715258,
3099193418,-8.736215436,
3099793378,-8.664360903,
3100393338,-8.526881247,
3100993298,-8.549731721,
3101593258,-8.639807324,
3102193218,-8.666036339,
3102793178,-8.68660059,
3103393138,-8.609390536,
3103993098,-8.707947114,
3104593058,-8.810816353,
3105193018,-8.695005877,
3105792978,-8.704756506,
3106392938,-8.723406708,
3106992898,-8.777338061,
3107592858,-8.73832238,
3108192818,-8.706554862,
3108792778,-8.67327298,
3109392738,-8.662686584,
3109992698,-8.855862873,
3110592658,-8.889758179,
3111192618,-8.72935703,
3111792578,-8.695278512,
3112392538,-8.770194284,
3112992498,-8.789365882,
3113592458,-8.683280925,
3114192418,-8.826304282,
3114792378,-8.794550779,
3115392338,-8.787127382,
3115992298,-8.823263879,
3116592258,-8.905555726,
3117192218,-8.8653642,
3117792178,-8.811400928,
3118392138,-8.834923128,
3118992098,-8.817076604,
3119592058,-8.887234905,
3120192018,-8.963237669,
3120791978,-8.921452261,
3121391938,-8.944179473,
3121991898,-8.88739553,
3122591858,-8.761076457,
3123191818,-8.989365443,
3123791778,-9.061420502,
3124391738,-8.900217745,
3124991698,-9.012033862,
3125591658,-8.907552741,
3126191618,-8.841274927,
3126791578,-8.957686552,
3127391538,-8.962149671,
3127991498,-8.97145693,
3128591458,-8.935114915,
3129191418,-9.030516663,
3129791378,-8.966978446,
3130391338,-8.955785849,
3130991298,-9.197271324,
3131591258,-9.069172915,
3132191218,-9.029530166,
3132791178,-9.130037816,
3133391138,-9.072932848,
3133991098,-9.233000088,
3134591058,-9.088072473,
3135191018,-9.165038598,
3135790978,-9.139974526,
3136390938,-9.098233264,
3136990898,-9.282298028,
3137590858,-9.314518839,
3138190818,-9.356436853,
3138790778,-9.324711797,
3139390738,-9.055673803,
3139990698,-9.30091081,
3140590658,-9.44421465,
3141190618,-9.521510449,
3141790578,-9.381999147,
3142390538,-9.30527512,
3142990498,-9.520732779,
3143590458,-9.515733666,
3144190418,-9.447435954,
3144790378,-9.524848959,
3145390338,-9.477412014,
3145990298,-9.456214456,
3146590258,-9.445767615,
3147190218,-9.674279605,
3147790178,-9.462268005,
3148390138,-9.594433745,
3148990098,-9.641978518,
3149590058,-9.503600911,
3150190018,-9.616266375,
3150789978,-9.609907475,
3151389938,-9.649975394,
3151989898,-9.669512235,
3152589858,-9.759613538,
3153189818,-9.564144191,
3153789778,-9.47256041,
3154389738,-9.625242174,
3154989698,-9.66126896,
3155589658,-9.573944403,
3156189618,-9.853291368,
3156789578,-9.840799055,
3157389538,-9.718294902,
3157989498,-9.761016779,
3158589458,-9.707236816,
3159189418,-9.688518364,
3159789378,-9.672944385,
3160389338,-9.866061254,
3160989298,-9.785152258,
3161589258,-9.854236626,
3162189218,-9.792923132,
3162789178,-9.737406208,
3163389138,-9.794026018,
3163989098,-9.819554034,
3164589058,-9.810170209,
3165189018,-9.648913445,
3165788978,-9.778336981,
3166388938,-9.815805647,
3166988898,-9.749743656,
3167588858,-9.687338791,
3168188818,-9.866495855,
3168788778,-9.978998547,
3169388738,-9.840411157,
3169988698,-9.888799276,
3170588658,-9.909178782,
3171188618,-9.847598046,
3171788578,-9.841472475,
3172388538,-9.917975469,
3172988498,-9.774284379,
3173588458,-9.794020381,
3174188418,-9.864039149,
3174788378,-9.9878355,
3175388338,-9.910348096,
3175988298,-10.03842381,
3176588258,-9.961451609,
3177188218,-9.759050255,
3177788178,-10.02744629,
3178388138,-10.03715342,
3178988098,-10.06396595,
3179588058,-9.95052458,
3180188018,-9.949086304,
3180787978,-9.992799832,
3181387938,-9.883050694,
3181987898,-10.07420215,
3182587858,-10.10014135,
3183187818,-10.02968145,
3183787778,-10.06492102,
3184387738,-9.892023027,
3184987698,-10.10307131,
3185587658,-10.11958995,
3186187618,-10.06785655,
3186787578,-10.07998541,
3187387538,-10.00986726,
3187987498,-9.99973788,
3188587458,-9.899662775,
3189187418,-10.00668953,
3189787378,-10.12039308,
3190387338,-10.00832692,
3190987298,-10.03510756,
3191587258,-9.995943234,
3192187218,-10.12504942,
3192787178,-9.927002802,
3193387138,-10.01738165,
3193987098,-10.17543628,
3194587058,-10.06251972,
3195187018,-10.06611355,
3195786978,-10.05705887,
3196386938,-10.07469288,
3196986898,-10.02339827,
3197586858,-10.15062922,
3198186818,-10.04284097,
3198786778,-10.05335149,
3199386738,-10.24581352,
3199986698,-10.02666015,
3200586658,-10.03137507,
3201186618,-10.20922625,
3201786578,-10.0621862,
3202386538,-10.10810172,
3202986498,-10.13051651,
3203586458,-10.07656561,
3204186418,-10.21569968,
3204786378,-10.18435512,
3205386338,-9.961077988,
3205986298,-9.945593877,
3206586258,-10.00725167,
3207186218,-10.04492917,
3207786178,-10.01537443,
3208386138,-9.989875806,
3208986098,-9.91344495,
3209586058,-9.964720476,
3210186018,-10.02795557,
3210785978,-10.13475649,
3211385938,-10.09395569,
3211985898,-10.07324738,
3212585858,-10.11537655,
3213185818,-10.02183494,
3213785778,-10.09481927,
3214385738,-9.919611461,
3214985698,-10.05958923,
3215585658,-10.04779392,
3216185618,-9.92294211,
3216785578,-10.06105743,
3217385538,-9.846924611,
3217985498,-10.02715543,
3218585458,-9.814040009,
3219185418,-9.874074242,
3219785378,-9.952273857,
3220385338,-9.849339374,
3220985298,-9.933556626,
3221585258,-9.91845968,
3222185218,-9.920617551,
3222785178,-9.960376778,
3223385138,-9.77308599,
3223985098,-10.11016333,
3224585058,-9.918922381,
3225185018,-9.947033988,
3225784978,-9.849450213,
3226384938,-9.970773045,
3226984898,-9.926303677,
3227584858,-9.876396797,
3228184818,-9.81229009,
3228784778,-9.806598513,
3229384738,-9.881269563,
3229984698,-9.936437258,
3230584658,-9.655804202,
3231184618,-9.9002779,
3231784578,-9.835390194,
3232384537,-9.705266687,
3232984497,-9.782733717,
3233584457,-9.726564172,
3234184417,-9.768050558,
3234784377,-9.759616526,
3235384337,-9.808460388,
3235984297,-9.647327707,
3236584257,-9.762866744,
3237184217,-9.693889274,
3237784177,-9.622866817,
3238384137,-9.719933786,
3238984097,-9.68902321,
3239584057,-9.704531867,
3240184017,-9.761484113,
3240783977,-9.638935694,
3241383937,-9.633680448,
3241983897,-9.75638794,
3242583857,-9.73140639,
3243183817,-9.530800366,
3243783777,-9.538808394,
3244383737,-9.523588026,
3244983697,-9.632211363,
3245583657,-9.591837708,
3246183617,-9.422456894,
3246783577,-9.457357321,
3247383537,-9.530992253,
3247983497,-9.623854817,
3248583457,-9.64123844,
3249183417,-9.578005426,
3249783377,-9.539926378,
3250383337,-9.53181031,
3250983297,-9.601879467,
3251583257,-9.448523643,
3252183217,-9.456352046,
3252783177,-9.453285691,
3253383137,-9.494903319,
3253983097,-9.402870643,
3254583057,-9.496143301,
3255183017,-9.38187933,
3255782977,-9.467905382,
3256382937,-9.499293204,
3256982897,-9.318606733,
3257582857,-9.44403971,
3258182817,-9.471743181,
3258782777,-9.266274712,
3259382737,-9.503199771,
3259982697,-9.412017633,
3260582657,-9.484399123,
3261182617,-9.350284267,
3261782577,-9.394750969,
3262382537,-9.408398127,
3262982497,-9.372388795,
3263582457,-9.439854643,
3264182417,-9.158886109,
3264782377,-9.282016614,
3265382337,-9.339775306,
3265982297,-9.35179644,
3266582257,-9.260129598,
3267182217,-9.344710957,
3267782177,-9.400741853,
3268382137,-9.431693946,
3268982097,-9.369075767,
3269582057,-9.242709052,
3270182017,-9.256006577,
3270781977,-9.420731697,
3271381937,-9.275808864,
3271981897,-9.307054901,
3272581857,-9.297228105,
3273181817,-9.31635883,
3273781777,-9.271049677,
3274381737,-9.260880719,
3274981697,-9.243903209,
3275581657,-9.297695565,
3276181617,-9.174249204,
3276781577,-9.256129207,
3277381537,-9.308256264,
3277981497,-9.301812691,
3278581457,-9.323256343,
3279181417,-9.174889118,
3279781377,-9.23926104,
3280381337,-9.26600245,
3280981297,-9.300767086,
3281581257,-9.313208152,
3282181217,-9.220746559,
3282781177,-9.293440938,
3283381137,-9.259283232,
3283981097,-9.229746118,
3284581057,-9.226556927,
3285181017,-9.210648105,
3285780977,-9.316324343,
3286380937,-9.251799015,
3286980897,-9.213149421,
3287580857,-9.254993767,
3288180817,-9.274996903,
3288780777,-9.15395767,
3289380737,-9.212103535,
3289980697,-9.142678755,
3290580657,-9.204214106,
3291180617,-9.193273103,
3291780577,-9.064816642,
3292380537,-9.229876657,
3292980497,-9.069257135,
3293580457,-9.233362663,
3294180417,-9.151347516,
3294780377,-9.302309324,
3295380337,-9.25932018,
3295980297,-9.327867658,
3296580257,-9.168242117,
3297180217,-9.145521272,
3297780177,-9.301899912,
3298380137,-9.124946777,
3298980097,-9.180580745,
3299580057,-9.206655558,
3300180017,-9.187418473,
3300779977,-9.163439198,
3301379937,-9.232857548,
3301979897,-9.240420531,
3302579857,-9.202406857,
3303179817,-9.307672318,
3303779777,-9.320518626,
3304379737,-9.345041371,
3304979697,-9.241243521,
3305579657,-9.232573931,
3306179617,-9.162437517,
3306779577,-9.164761831,
3307379537,-9.158203904,
3307979497,-9.193600168,
3308579457,-9.276870714,
3309179417,-9.136792929,
3309779377,-9.288724091,
3310379337,-9.262885088,
3310979297,-9.207785454,
3311579257,-9.221766149,
3312179217,-9.305374714,
3312779177,-9.229724539,
3313379137,-9.29865304,
3313979097,-9.274765645,
3314579057,-9.148977676,
3315179017,-9.092483696,
3315778977,-9.205495504,
3316378937,-9.37547098,
3316978897,-9.195074365,
3317578857,-9.354690959,
3318178817,-9.097161665,
3318778777,-9.182524248,
3319378737,-9.232630492,
3319978697,-9.262170034,
3320578657,-9.290795474,
3321178617,-9.183211815,
3321778577,-9.258079288,
3322378537,-9.217417595,
3322978497,-9.32153905,
3323578457,-9.246167024,
3324178417,-9.286527599,
3324778377,-9.352662098,
3325378337,-9.286642595,
3325978297,-9.250027673,
3326578257,-9.163261815,
3327178217,-9.087703686,
3327778177,-9.221956104,
3328378137,-9.277198636,
3328978097,-9.389972046,
3329578057,-9.20638125,
3330178017,-9.219688152,
3330777977,-9.325870055,
3331377937,-9.33025485,
3331977897,-9.277709309,
3332577857,-9.2574367,
3333177817,-9.31065632,
3333777777,-9.420830923,
3334377737,-9.177732459,
3334977697,-9.376748988,
3335577657,-9.337900141,
3336177617,-9.251855742,
3336777577,-9.271287942,
3337377537,-9.356446795,
3337977497,-9.327729513,
3338577457,-9.338642517,
3339177417,-9.487121962,
3339777377,-9.260666861,
3340377337,-9.301669365,
3340977297,-9.230893128,
3341577257,-9.212758952,
3342177217,-9.339831777,
3342777177,-9.49302874,
3343377137,-9.4411648,
3343977097,-9.376508504,
3344577057,-9.279737257,
3345177017,-9.340085728,
3345776977,-9.335328431,
3346376937,-9.337219163,
3346976897,-9.346486528,
3347576857,-9.331648045,
3348176817,-9.3628832,
3348776777,-9.281777832,
3349376737,-9.390233455,
3349976697,-9.341217902,
3350576657,-9.377519414,
3351176617,-9.456463195,
3351776577,-9.462827028,
3352376537,-9.534635368,
3352976497,-9.528002268,
3353576457,-9.497401183,
3354176417,-9.398188344,
3354776377,-9.501801983,
3355376337,-9.450019556,
3355976297,-9.358399633,
3356576257,-9.411450677,
3357176217,-9.441935341,
3357776177,-9.354304171,
3358376137,-9.530658294,
3358976097,-9.660427405,
3359576057,-9.375100861,
3360176017,-9.608578059,
3360775977,-9.411002937,
3361375937,-9.421332431,
3361975897,-9.46524158,
3362575857,-9.464339505,
3363175817,-9.552227199,
3363775777,-9.39791707,
3364375737,-9.595284275,
3364975697,-9.567498499,
3365575657,-9.619729767,
3366175617,-9.495006167,
3366775577,-9.518232303,
3367375537,-9.501345374,
3367975497,-9.511741114,
3368575457,-9.46978307,
3369175417,-9.52979949,
3369775377,-9.594240027,
3370375337,-9.749085804,
3370975297,-9.633264942,
3371575257,-9.514669103,
3372175217,-9.609733319,
3372775177,-9.646378974,
3373375137,-9.633821655,
3373975097,-9.633504314,
3374575057,-9.727395194,
3375175017,-9.565928366,
3375774977,-9.601272192,
3376374937,-9.683534143,
3376974897,-9.645439646,
3377574857,-9.556241119,
3378174817,-9.683880644,
3378774777,-9.469859859,
3379374737,-9.695285348,
3379974697,-9.731441711,
3380574657,-9.524912485,
3381174617,-9.610321344,
3381774577,-9.645206365,
3382374537,-9.610352943,
3382974497,-9.909338669,
3383574457,-9.760007618,
3384174417,-9.674349884,
3384774377,-9.9919219,
3385374337,-9.784123873,
3385974296,-9.511636446,
3386574256,-9.615457941,
3387174216,-9.776144825,
3387774176,-9.858242659,
3388374136,-9.925409044,
3388974096,-9.917935725,
3389574056,-9.818504816,
3390174016,-9.762816852,
3390773976,-9.985034017,
3391373936,-9.798087157,
3391973896,-10.1419641,
3392573856,-9.812563535,
3393173816,-10.15478366,
3393773776,-9.926834895,
3394373736,-9.992929057,
3394973696,-10.13612417,
3395573656,-10.09679561,
3396173616,-10.0013761,
3396773576,-10.05297924,
3397373536,-10.07647911,
3397973496,-10.17689523,
3398573456,-10.1197882,
3399173416,-10.14722691,
3399773376,-10.12216941,
3400373336,-10.26777455,
3400973296,-10.00794427,
3401573256,-10.2745372,
3402173216,-10.3090497,
3402773176,-10.09937318,
3403373136,-10.24763836,
3403973096,-10.20832612,
3404573056,-10.4318919,
3405173016,-10.28491651,
3405772976,-10.34783317,
3406372936,-10.22463257,
3406972896,-10.42933266,
3407572856,-10.48736435,
3408172816,-10.21166223,
3408772776,-10.43260432,
3409372736,-10.30144002,
3409972696,-10.46244743,
3410572656,-10.3014168,
3411172616,-10.28637153,
3411772576,-10.48996532,
3412372536,-10.42856223,
3412972496,-10.29014938,
3413572456,-10.32689763,
3414172416,-10.27672657,
3414772376,-10.34703115,
3415372336,-10.32605402,
3415972296,-10.32702764,
3416572256,-10.464562,
3417172216,-10.334601,
3417772176,-10.33459897,
3418372136,-10.41578035,
3418972096,-10.29138197,
3419572056,-10.32045799,
3420172016,-10.42059214,
3420771976,-10.44933422,
3421371936,-10.43670667,
3421971896,-10.46405065,
3422571856,-10.38112304,
3423171816,-10.45817252,
3423771776,-10.49765888,
3424371736,-10.36389793,
3424971696,-10.33383713,
3425571656,-10.43823087,
3426171616,-10.43520528,
3426771576,-10.4897276,
3427371536,-10.47682965,
3427971496,-10.40016134,
3428571456,-10.3109199,
3429171416,-10.3616962,
3429771376,-10.35241183,
3430371336,-10.43315208,
3430971296,-10.45881841,
3431571256,-10.47248681,
3432171216,-10.41665917,
3432771176,-10.44725602,
3433371136,-10.75004615,
3433971096,-10.45630529,
3434571056,-10.46340483,
3435171016,-10.59117106,
3435770976,-10.55049584,
3436370936,-10.61378816,
3436970896,-10.45299392,
3437570856,-10.56747614,
3438170816,-10.50572667,
3438770776,-10.55589465,
3439370736,-10.47953562,
3439970696,-10.73280296,
3440570656,-10.56769815,
3441170616,-10.49333259,
3441770576,-10.54614005,
3442370536,-10.54433301,
3442970496,-10.34630627,
3443570456,-10.42339746,
3444170416,-10.58540375,
3444770376,-10.49136413,
3445370336,-10.54419909,
3445970296,-10.76229086,
3446570256,-10.51429513,
3447170216,-10.41556706,
3447770176,-10.3878138,
3448370136,-10.5914303,
3448970096,-10.56954465,
3449570056,-10.46569449,
3450170016,-10.63210718,
3450769976,-10.52993508,
3451369936,-10.44890987,
3451969896,-10.64666046,
3452569856,-10.44735195,
3453169816,-10.51398764,
3453769776,-10.53253741,
3454369736,-10.57004447,
3454969696,-10.5232476,
3455569656,-10.34078961,
3456169616,-10.53515869,
3456769576,-10.4350622,
3457369536,-10.3207701,
3457969496,-10.4069687,
3458569456,-10.40465026,
3459169416,-10.44418005,
3459769376,-10.34662423,
3460369336,-10.59963834,
3460969296,-10.53724339,
3461569256,-10.41004972,
3462169216,-10.37429903,
3462769176,-10.40327268,
3463369136,-10.54317385,
3463969096,-10.30829058,
3464569056,-10.53049643,
3465169016,-10.38568889,
3465768976,-10.43499699,
3466368936,-10.40525034,
3466968896,-10.35795006,
3467568856,-10.35963147,
3468168816,-10.36161887,
3468768776,-10.33158983,
3469368736,-10.27002059,
3469968696,-10.26937997,
3470568656,-10.35160836,
3471168616,-10.3114745,
3471768576,-10.31263595,
3472368536,-10.197695,
3472968496,-10.33466592,
3473568456,-10.32239811,
3474168416,-10.22484339,
3474768376,-10.47804261,
3475368336,-10.32818562,
3475968296,-10.24971337,
3476568256,-10.31704566,
3477168216,-10.22356323,
3477768176,-10.18166217,
3478368136,-10.19937059,
3478968096,-10.40324103,
3479568056,-10.24941356,
3480168016,-10.22998795,
3480767976,-10.17772365,
3481367936,-10.17378037,
3481967896,-10.25748943,
3482567856,-10.16072945,
3483167816,-10.19575101,
3483767776,-10.23574139,
3484367736,-10.18874585,
3484967696,-10.15608078,
3485567656,-10.1167701,
3486167616,-10.08959534,
3486767576,-10.18264319,
3487367536,-10.11817355,
3487967496,-10.05674605,
3488567456,-10.06313416,
3489167416,-10.15114433,
3489767376,-10.09853935,
3490367336,-10.22454602,
3490967296,-10.22204349,
3491567256,-10.17076592,
3492167216,-10.11471053,
3492767176,-10.17322214,
3493367136,-10.06262023,
3493967096,-9.952134757,
3494567056,-10.07671374,
3495167016,-10.02244976,
3495766976,-9.920181745,
3496366936,-10.00912691,
3496966896,-10.0537402,
3497566856,-9.83789511,
3498166816,-10.0718506,
3498766776,-9.908855229,
3499366736,-10.05007823,
3499966696,-9.998874399,
3500566656,-10.10697727,
3501166616,-9.778811452,
3501766576,-9.94722367,
3502366536,-10.20712356,
3502966496,-9.970542123,
3503566456,-9.797364888,
3504166416,-10.10384151,
3504766376,-9.875708509,
3505366336,-10.04961038,
3505966296,-9.945449743,
3506566256,-9.991681867,
3507166216,-9.937702394,
3507766176,-9.654893579,
3508366136,-9.938507662,
3508966096,-9.772986594,
3509566056,-9.839275094,
3510166016,-9.938267921,
3510765976,-9.906227054,
3511365936,-9.837149333,
3511965896,-9.860529194,
3512565856,-9.722686789,
3513165816,-9.949717095,
3513765776,-9.788297429,
3514365736,-9.871637121,
3514965696,-9.851775789,
3515565656,-9.802587051,
3516165616,-9.868657653,
3516765576,-9.823666422,
3517365536,-9.913865113,
3517965496,-9.694061742,
3518565456,-9.821901606,
3519165416,-9.724717842,
3519765376,-9.797162436,
3520365336,-9.722408035,
3520965296,-9.666524287,
3521565256,-9.679429706,
3522165216,-9.781209499,
3522765176,-9.813883888,
3523365136,-9.819387464,
3523965096,-9.723772487,
3524565056,-9.67069824,
3525165016,-9.731963224,
3525764976,-9.765981872,
3526364936,-9.610118862,
3526964896,-9.788506703,
3527564856,-9.710641537,
3528164816,-9.847825532,
3528764776,-9.740967178,
3529364736,-9.903343951,
3529964696,-9.6381894,
3530564656,-9.668064777,
3531164616,-9.708253598,
3531764576,-9.726252434,
3532364536,-9.601972144,
3532964496,-9.679973137,
3533564456,-9.649166805,
3534164416,-9.784526697,
3534764376,-9.547437726,
3535364336,-9.84224866,
3535964296,-9.708455659,
3536564256,-9.877307181,
3537164216,-9.701095114,
3537764176,-9.724467105,
3538364136,-9.626740539,
3538964096,-9.682780448,
3539564055,-9.647441816,
3540164015,-9.80071064,
3540763975,-9.814958852,
3541363935,-9.692265264,
3541963895,-9.768462361,
3542563855,-9.711662801,
3543163815,-9.813467913,
3543763775,-9.785727335,
3544363735,-9.737840848,
3544963695,-9.708802154,
3545563655,-9.855534999,
3546163615,-9.628257101,
3546763575,-9.668707018,
3547363535,-9.722934914,
3547963495,-9.726908312,
3548563455,-9.82427307,
3549163415,-9.755019658,
3549763375,-9.656863309,
3550363335,-9.520020032,
3550963295,-9.514371114,
3551563255,-9.73921096,
3552163215,-9.835101185,
3552763175,-9.750942216,
3553363135,-9.606554879,
3553963095,-9.830222591,
3554563055,-9.542601524,
3555163015,-9.574857285,
3555762975,-9.568593761,
3556362935,-9.748037928,
3556962895,-9.731809281,
3557562855,-9.536581576,
3558162815,-9.742806429,
3558762775,-9.580396096,
3559362735,-9.770730477,
3559962695,-9.672079883,
3560562655,-9.738059728,
3561162615,-9.60846216,
3561762575,-9.779609374,
3562362535,-9.66974236,
3562962495,-9.802206261,
3563562455,-9.818617959,
3564162415,-9.730266608,
3564762375,-9.718100559,
3565362335,-9.965547858,
3565962295,-9.754637248,
3566562255,-9.648235286,
3567162215,-9.613605881,
3567762175,-9.722393451,
3568362135,-9.744907261,
3568962095,-9.757801912,
3569562055,-9.799762247,
3570162015,-9.747519524,
3570761975,-9.788151542,
3571361935,-9.748001994,
3571961895,-9.642878422,
3572561855,-9.780257233,
3573161815,-9.773317051,
3573761775,-9.687485113,
3574361735,-9.739649114,
3574961695,-9.857502679,
3575561655,-9.781429407,
3576161615,-9.752090176,
3576761575,-9.671632593,
3577361535,-9.802391262,
3577961495,-10.00398582,
3578561455,-9.701742902,
3579161415,-9.732484702,
3579761375,-9.664556622,
3580361335,-9.815337763,
3580961295,-9.825198877,
3581561255,-9.608807915,
3582161215,-9.76324767,
3582761175,-9.853822424,
3583361135,-9.732617687,
3583961095,-9.749558871,
3584561055,-9.917956289,
3585161015,-9.841846115,
3585760975,-9.90833054,
3586360935,-9.730980012,
3586960895,-9.66405041,
3587560855,-9.966299608,
3588160815,-9.92090754,
3588760775,-9.727731132,
3589360735,-9.951696514,
3589960695,-10.03009029,
3590560655,-9.835606881,
3591160615,-9.7959011,
3591760575,-10.1145418,
3592360535,-10.0948902,
3592960495,-9.981969754,
3593560455,-9.707359302,
3594160415,-9.912113588,
3594760375,-9.905065751,
3595360335,-9.894198018,
3595960295,-9.871422382,
3596560255,-9.877237765,
3597160215,-10.10172862,
3597760175,-9.991592581,
3598360135,-9.930125231,
3598960095,-9.784205868,
3599560055,-9.972613851,
3600160015,-9.988988679,
3600759975,-10.03955787,
3601359935,-9.776152051,
3601959895,-10.01989347,
3602559855,-10.07082775,
3603159815,-9.834342123,
3603759775,-10.04414081,
3604359735,-9.98099283,
3604959695,-10.17534661,
3605559655,-10.14599579,
3606159615,-10.23719046,
3606759575,-10.12965051,
3607359535,-9.997898342,
3607959495,-9.993340532,
3608559455,-10.04580109,
3609159415,-9.956413432,
3609759375,-10.18472352,
3610359335,-9.911098888,
3610959295,-10.19812144,
3611559255,-10.31450225,
3612159215,-10.01834079,
3612759175,-10.27239149,
3613359135,-10.21277369,
3613959095,-10.18809447,
3614559055,-10.2360477,
3615159015,-10.27828856,
3615758975,-10.1704397,
3616358935,-10.24705699,
3616958895,-10.22517276,
3617558855,-10.25577603,
3618158815,-10.32644635,
3618758775,-10.37324387,
3619358735,-10.36885408,
3619958695,-10.12431506,
3620558655,-10.13144982,
3621158615,-10.26584328,
3621758575,-10.51476327,
3622358535,-10.07993369,
3622958495,-10.08356182,
3623558455,-10.18770349,
3624158415,-10.37003703,
3624758375,-10.21820954,
3625358335,-10.25451366,
3625958295,-10.40115941,
3626558255,-10.29279419,
3627158215,-10.44100626,
3627758175,-10.41272015,
3628358135,-10.34655631,
3628958095,-10.38114549,
3629558055,-10.28922497,
3630158015,-10.34293338,
3630757975,-10.48671727,
3631357935,-10.37970881,
3631957895,-10.39786572,
3632557855,-10.35217227,
3633157815,-10.71148321,
3633757775,-10.42595395,
3634357735,-10.53105006,
3634957695,-10.4107044,
3635557655,-10.62563463,
3636157615,-10.40063074,
3636757575,-10.47423665,
3637357535,-10.51959305,
3637957495,-10.43075179,
3638557455,-10.40477406,
3639157415,-10.57731603,
3639757375,-10.30273759,
3640357335,-10.65563816,
3640957295,-10.49511027,
3641557255,-10.53132501,
3642157215,-10.38421741,
3642757175,-10.4713512,
3643357135,-10.50554745,
3643957095,-10.4822831,
3644557055,-10.5364717,
3645157015,-10.52897616,
3645756975,-10.44167885,
3646356935,-10.67511368,
3646956895,-10.49010946,
3647556855,-10.45188512,
3648156815,-10.61658757,
3648756775,-10.61225044,
3649356735,-10.60668452,
3649956695,-10.70702824,
3650556655,-10.62403512,
3651156615,-10.64693911,
3651756575,-10.59674163,
3652356535,-10.65552672,
3652956495,-10.63985073,
3653556455,-10.72027012,
3654156415,-10.88654696,
3654756375,-10.73705019,
3655356335,-10.72794721,
3655956295,-10.77023382,
3656556255,-10.77469125,
3657156215,-10.78846929,
3657756175,-10.58989977,
3658356135,-10.71535139,
3658956095,-10.70219171,
3659556055,-10.61557542,
3660156015,-10.69999927,
3660755975,-10.77545776,
3661355935,-10.69302868,
3661955895,-10.94582683,
3662555855,-10.82130602,
3663155815,-10.88559174,
3663755775,-10.98760374,
3664355735,-10.79739951,
3664955695,-10.86313058,
3665555655,-10.71501604,
3666155615,-10.86728958,
3666755575,-10.97941923,
3667355535,-10.89335182,
3667955495,-11.07641961,
3668555455,-10.83094781,
3669155415,-11.16817213,
3669755375,-10.93272827,
3670355335,-10.79102545,
3670955295,-11.02800331,
3671555255,-11.02229872,
3672155215,-10.92483898,
3672755175,-10.90543496,
3673355135,-11.01707936,
3673955095,-10.9219872,
3674555055,-11.02763541,
3675155015,-11.07638856,
3675754975,-10.96159602,
3676354935,-11.10581264,
3676954895,-10.9770363,
3677554855,-10.79093401,
3678154815,-11.16405802,
3678754775,-11.17224598,
3679354735,-11.01864468,
3679954695,-11.1414365,
3680554655,-11.09206039,
3681154615,-11.07928579,
3681754575,-11.13123401,
3682354535,-11.20886361,
3682954495,-11.12535974,
3683554455,-11.18858997,
3684154415,-11.18693653,
3684754375,-11.00744274,
3685354335,-11.12294118,
3685954295,-11.3053559,
3686554255,-11.24109673,
3687154215,-11.41214158,
3687754175,-11.06886791,
3688354135,-11.23479117,
3688954095,-11.28038494,
3689554055,-11.30151829,
3690154015,-11.20257517,
3690753975,-11.3461475,
3691353935,-11.19717955,
3691953895,-11.33782775,
3692553855,-11.15951654,
3693153815,-11.45766656,
3693753774,-11.18264223,
3694353734,-11.13822513,
3694953694,-11.22134358,
3695553654,-11.49031272,
3696153614,-11.23884233,
3696753574,-11.43519553,
3697353534,-11.25945282,
3697953494,-11.28551708,
3698553454,-11.35889024,
3699153414,-11.38970831,
3699753374,-11.27568026,
3700353334,-11.48698403,
3700953294,-11.04804936,
3701553254,-11.15916227,
3702153214,-11.39905076,
3702753174,-11.55616033,
3703353134,-11.27681808,
3703953094,-11.3211135,
3704553054,-11.3159157,
3705153014,-10.98327001,
3705752974,-11.35893091,
3706352934,-11.2522197,
3706952894,-11.25556523,
3707552854,-11.36698683,
3708152814,-11.29643204,
3708752774,-11.43394808,
3709352734,-11.36304438,
3709952694,-11.31940776,
3710552654,-11.33220748,
3711152614,-11.1181223,
3711752574,-11.34240926,
3712352534,-11.27714893,
3712952494,-11.21802602,
3713552454,-11.10237426,
3714152414,-11.07079125,
3714752374,-11.32010218,
3715352334,-11.26599943,
3715952294,-11.2214348,
3716552254,-11.34468347,
3717152214,-11.30145877,
3717752174,-11.29164789,
3718352134,-11.20561636,
3718952094,-11.22366942,
3719552054,-11.28789768,
3720152014,-11.25615444,
3720751974,-11.17616935,
3721351934,-11.26370656,
3721951894,-11.15347458,
3722551854,-11.32899781,
3723151814,-11.23850765,
3723751774,-11.14469936,
3724351734,-11.22215733,
3724951694,-11.04896815,
3725551654,-11.06636821,
3726151614,-11.45395271,
3726751574,-11.22201715,
3727351534,-11.09320073,
3727951494,-11.28887165,
3728551454,-10.92689716,
3729151414,-11.30604309,
3729751374,-11.25674308,
3730351334,-11.1831113,
3730951294,-11.26993504,
3731551254,-11.17786896,
3732151214,-11.08351476,
3732751174,-11.2169727,
3733351134,-11.15523415,
3733951094,-11.06339935,
3734551054,-11.23139827,
3735151014,-11.17037643,
3735750974,-11.28971394,
3736350934,-11.27016517,
3736950894,-11.17301822,
3737550854,-11.23111009,
3738150814,-10.97476048,
3738750774,-11.14224563,
3739350734,-11.11055165,
3739950694,-11.2446245,
3740550654,-11.15976032,
3741150614,-11.08312804,
3741750574,-11.03301037,
3742350534,-11.21632108,
3742950494,-11.11119438,
3743550454,-11.16583459,
3744150414,-11.00799461,
3744750374,-11.33870093,
3745350334,-11.14735347,
3745950294,-11.10728836,
3746550254,-11.03860796,
3747150214,-11.01334851,
3747750174,-10.91318738,
3748350134,-11.16385387,
3748950094,-11.20131794,
3749550054,-11.12449842,
3750150014,-10.8264634,
3750749974,-11.02199793,
3751349934,-10.9157827,
3751949894,-11.03840694,
3752549854,-10.85744259,
3753149814,-11.1011162,
3753749774,-11.03278102,
3754349734,-10.85655129,
3754949694,-11.08325701,
3755549654,-10.87208079,
3756149614,-10.82302248,
3756749574,-10.80526246,
3757349534,-10.90195615,
3757949494,-11.13500942,
3758549454,-11.16968809,
3759149414,-10.91666203,
3759749374,-10.98152632,
3760349334,-11.08246257,
3760949294,-10.81014953,
3761549254,-10.96700563,
3762149214,-10.95453628,
3762749174,-10.86041783,
3763349134,-10.8133437,
3763949094,-11.01698537,
3764549054,-10.95022378,
3765149014,-10.80333848,
3765748974,-10.73786237,
3766348934,-10.90670723,
3766948894,-10.9398121,
3767548854,-10.84580874,
3768148814,-10.87800589,
3768748774,-10.85651509,
3769348734,-10.94377918,
3769948694,-10.80941538,
3770548654,-10.80774064,
3771148614,-10.83966814,
3771748574,-10.80928471,
3772348534,-10.84393795,
3772948494,-10.84040337,
3773548454,-10.79196303,
3774148414,-11.00213328,
3774748374,-10.87671786,
3775348334,-10.91824624,
3775948294,-10.85587516,
3776548254,-10.91556576,
3777148214,-10.81272348,
3777748174,-10.71536312,
3778348134,-10.70605274,
3778948094,-10.71945085,
3779548054,-10.77562604,
3780148014,-10.83904348,
3780747974,-10.79067368,
3781347934,-10.83238758,
3781947894,-10.68074091,
3782547854,-10.67257316,
3783147814,-10.5208705,
3783747774,-10.69812013,
3784347734,-10.68279018,
3784947694,-10.61456329,
3785547654,-10.64976315,
3786147614,-10.78774682,
3786747574,-10.80067367,
3787347534,-10.74494867,
3787947494,-10.68721558,
3788547454,-10.74175636,
3789147414,-10.58482624,
3789747374,-10.63326415,
3790347334,-10.87357729,
3790947294,-10.59037295,
3791547254,-10.7508794,
3792147214,-10.65264171,
3792747174,-10.8382502,
3793347134,-10.70141437,
3793947094,-10.7372305,
3794547054,-10.81275187,
3795147014,-10.73486597,
3795746974,-10.70758771,
3796346934,-10.5979119,
3796946894,-10.60793506,
3797546854,-10.70482755,
3798146814,-10.66438835,
3798746774,-10.77652124,
3799346734,-10.62092745,
3799946694,-10.62916392,
3800546654,-10.75582485,
3801146614,-10.60165546,
3801746574,-10.62800921,
3802346534,-10.62709575,
3802946494,-10.62948536,
3803546454,-10.75901195,
3804146414,-10.64827119,
3804746374,-10.74685834,
3805346334,-10.6467723,
3805946294,-10.77537099,
3806546254,-10.83623521,
3807146214,-10.75400974,
3807746174,-10.75030884,
3808346134,-10.75683776,
3808946094,-10.88774914,
3809546054,-10.49059138,
3810146014,-10.71265447,
3810745974,-10.87443492,
3811345934,-10.62278171,
3811945894,-10.6478669,
3812545854,-10.76292589,
3813145814,-10.63910031,
3813745774,-10.69357792,
3814345734,-10.6401917,
3814945694,-10.65795678,
3815545654,-10.96939109,
3816145614,-10.61803004,
3816745574,-10.55757046,
3817345534,-10.72091957,
3817945494,-10.89603405,
3818545454,-10.71002115,
3819145414,-10.71084385,
3819745374,-10.7800207,
3820345334,-10.90959704,
3820945294,-10.91631225,
3821545254,-10.78612543,
3822145214,-10.72957095,
3822745174,-10.80785565,
3823345134,-10.69051127,
3823945094,-10.80658851,
3824545054,-10.85333125,
3825145014,-10.71153308,
3825744974,-10.78660674,
3826344934,-10.7743145,
3826944894,-10.86997205,
3827544854,-10.70367536,
3828144814,-10.96069741,
3828744774,-10.90362935,
3829344734,-10.77167914,
3829944694,-10.90348122,
3830544654,-10.62683671,
3831144614,-10.93761832,
3831744574,-10.88404941,
3832344534,-10.87792402,
3832944494,-10.75772253,
3833544454,-10.84926711,
3834144414,-10.78968461,
3834744374,-10.84272416,
3835344334,-10.821315,
3835944294,-10.78456425,
3836544254,-10.91562068,
3837144214,-10.95339969,
3837744174,-10.91331266,
3838344134,-10.80417598,
3838944094,-10.80813891,
3839544054,-10.93958289,
3840144014,-10.84516222,
3840743974,-10.61089955,
3841343934,-10.89818185,
3841943894,-10.72790054,
3842543854,-10.93414459,
3843143814,-10.67521201,
3843743774,-10.84789764,
3844343734,-10.85443641,
3844943694,-11.14411297,
3845543654,-10.91852247,
3846143614,-10.94867899,
3846743574,-10.90598701,
3847343533,-10.85689524,
3847943493,-10.77218173,
3848543453,-10.864126,
3849143413,-10.8615687,
3849743373,-10.8099395,
3850343333,-10.76564074,
3850943293,-11.00828863,
3851543253,-11.08997162,
3852143213,-11.02544388,
3852743173,-10.86972602,
3853343133,-10.98835031,
3853943093,-10.89372382,
3854543053,-11.06276054,
3855143013,-10.841678,
3855742973,-11.04585331,
3856342933,-10.93182548,
3856942893,-11.02030296,
3857542853,-10.7294803,
3858142813,-11.09466469,
3858742773,-10.93176363,
3859342733,-11.01466297,
3859942693,-11.05840866,
3860542653,-11.15850576,
3861142613,-10.92267204,
3861742573,-10.9321245,
3862342533,-10.93420111,
3862942493,-11.03356204,
3863542453,-10.97033417,
3864142413,-10.9863606,
3864742373,-11.02521245,
3865342333,-11.17075526,
3865942293,-11.04037956,
3866542253,-10.82330467,
3867142213,-11.12183379,
3867742173,-11.04330152,
3868342133,-11.1959969,
3868942093,-11.16217399,
3869542053,-11.06360403,
3870142013,-10.9116575,
3870741973,-11.09223514,
3871341933,-10.91162346,
3871941893,-11.08840639,
3872541853,-10.91876948,
3873141813,-11.11659351,
3873741773,-11.11698542,
3874341733,-11.23837866,
3874941693,-11.03861384,
3875541653,-11.15034823,
3876141613,-11.17308119,
3876741573,-11.06210381,
3877341533,-11.20034726,
3877941493,-11.14381315,
3878541453,-11.03812101,
3879141413,-11.10530821,
3879741373,-11.45077071,
3880341333,-11.30093242,
3880941293,-10.83547536,
3881541253,-11.45986341,
3882141213,-11.056923,
3882741173,-11.54901459,
3883341133,-11.16223161,
3883941093,-11.25167847,
3884541053,-11.15583943,
3885141013,-10.92173879,
3885740973,-11.22503505,
3886340933,-11.22133821,
3886940893,-11.38451241,
3887540853,-11.27950033,
3888140813,-11.27477754,
3888740773,-11.60637733,
3889340733,-11.09705374,
3889940693,-11.27794918,
3890540653,-11.46497236,
3891140613,-11.44995768,
3891740573,-11.37177829,
3892340533,-11.27250972,
3892940493,-11.34005529,
3893540453,-11.64440113,
3894140413,-11.31422782,
3894740373,-11.42178552,
3895340333,-11.41009067,
3895940293,-11.26236608,
3896540253,-11.5364258,
3897140213,-11.65177206,
3897740173,-11.55197024,
3898340133,-11.66619167,
3898940093,-11.67202007,
3899540053,-11.27775419,
3900140013,-11.54409312,
3900739973,-11.73022659,
3901339933,-11.7363596,
3901939893,-11.78829512,
3902539853,-11.70905805,
3903139813,-11.60592949,
3903739773,-11.61677333,
3904339733,-11.6839837,
3904939693,-12.00224861,
3905539653,-11.84013648,
3906139613,-11.83265513,
3906739573,-12.13845946,
3907339533,-11.57095229,
3907939493,-12.1456624,
3908539453,-11.97564914,
3909139413,-12.12870748,
3909739373,-12.14247119,
3910339333,-11.93657444,
3910939293,-11.97612401,
3911539253,-12.18867471,
3912139213,-12.06617031,
3912739173,-12.18853664,
3913339133,-12.10792674,
3913939093,-12.08320145,
3914539053,-12.16113117,
3915139013,-12.37381866,
3915738973,-12.19239345,
3916338933,-12.16710114,
3916938893,-12.21740604,
3917538853,-12.34918323,
3918138813,-12.21417631,
3918738773,-12.07418377,
3919338733,-12.043735,
3919938693,-12.47522967,
3920538653,-12.34993423,
3921138613,-12.1304066,
3921738573,-12.41703255,
3922338533,-12.10433779,
3922938493,-12.32068898,
3923538453,-12.26540595,
3924138413,-12.2039488,
3924738373,-12.44977639,
3925338333,-12.48283534,
3925938293,-12.24794673,
3926538253,-12.36742494,
3927138213,-12.28227103,
3927738173,-12.55435826,
3928338133,-12.17032642,
3928938093,-12.42491411,
3929538053,-12.29770926,
3930138013,-12.40873251,
3930737973,-12.4742298,
3931337933,-12.54844781,
3931937893,-12.42694439,
3932537853,-12.52008876,
3933137813,-12.62366512,
3933737773,-12.60355301,
3934337733,-12.50334145,
3934937693,-12.56920253,
3935537653,-12.55371852,
3936137613,-12.55826053,
3936737573,-12.60711886,
3937337533,-12.71511945,
3937937493,-12.75487863,
3938537453,-12.44120807,
3939137413,-12.65718121,
3939737373,-12.70073632,
3940337333,-12.57273573,
3940937293,-12.62391186,
3941537253,-12.82873659,
3942137213,-12.53165941,
3942737173,-12.88318359,
3943337133,-12.97045838,
3943937093,-12.81917849,
3944537053,-12.68161711,
3945137013,-12.87992356,
3945736973,-12.83127582,
3946336933,-12.65865961,
3946936893,-12.79267809,
3947536853,-12.8448436,
3948136813,-12.92375873,
3948736773,-12.79765348,
3949336733,-12.6666061,
3949936693,-13.10345961,
3950536653,-12.70617196,
3951136613,-12.97168937,
3951736573,-12.8421657,
3952336533,-12.8258259,
3952936493,-13.0158751,
3953536453,-12.97839569,
3954136413,-12.97997116,
3954736373,-12.84996007,
3955336333,-13.01098811,
3955936293,-13.05383167,
3956536253,-13.07326259,
3957136213,-12.99083492,
3957736173,-12.95836716,
3958336133,-13.08275972,
3958936093,-13.19209634,
3959536053,-12.95816144,
3960136013,-13.09343522,
3960735973,-13.16295953,
3961335933,-13.05527985,
3961935893,-12.87859371,
3962535853,-13.04587862,
3963135813,-12.94408267,
3963735773,-12.78166642,
3964335733,-13.25483908,
3964935693,-13.03581223,
3965535653,-13.06025913,
3966135613,-13.10333516,
3966735573,-13.16210269,
3967335533,-13.15998513,
3967935493,-13.00582384,
3968535453,-13.13943635,
3969135413,-13.37477366,
3969735373,-13.22014396,
3970335333,-13.1467594,
3970935293,-13.2586289,
3971535253,-13.07764225,
3972135213,-13.17537435,
3972735173,-13.14700844,
3973335133,-13.42643968,
3973935093,-13.17678783,
3974535053,-13.18947991,
3975135013,-13.0364117,
3975734973,-13.15380605,
3976334933,-13.13606185,
3976934893,-13.31605368,
3977534853,-13.09097692,
3978134813,-13.15975628,
3978734773,-13.14891077,
3979334733,-12.99258836,
3979934693,-13.10629847,
3980534653,-13.17930114,
3981134613,-13.17663,
3981734573,-13.11151085,
3982334533,-13.19000451,
3982934493,-13.06493315,
3983534453,-13.16953893,
3984134413,-13.19208567,
3984734373,-13.26213584,
3985334333,-13.14260727,
3985934293,-13.01436626,
3986534253,-13.21010178,
3987134213,-13.30997542,
3987734173,-13.20962626,
3988334133,-13.12768074,
3988934093,-13.15946838,
3989534053,-13.06757095,
3990134013,-13.18555209,
3990733973,-13.22977293,
3991333933,-13.13467708,
3991933893,-13.07625114,
3992533853,-13.1597386,
3993133813,-13.13334594,
3993733773,-13.20856956,
3994333733,-13.19218375,
3994933693,-13.11656171,
3995533653,-12.88439064,
3996133613,-13.07641708,
3996733573,-13.0546125,
3997333533,-13.10466499,
3997933493,-13.09851546,
3998533453,-13.08064543,
3999133413,-13.07933092,
3999733373,-12.96180744,
4000333333,-12.99703924,
4000933293,-13.11794043,
4001533253,-13.15709791,
4002133212,-13.03121103,
4002733172,-13.10522896,
4003333132,-12.86785382,
4003933092,-12.95188066,
4004533052,-12.85523799,
4005133012,-12.92716063,
4005732972,-12.99838076,
4006332932,-12.96356204,
4006932892,-12.93458551,
4007532852,-13.20243172,
4008132812,-12.82398055,
4008732772,-12.85410237,
4009332732,-12.89974795,
4009932692,-12.96741459,
4010532652,-12.85957488,
4011132612,-12.7907226,
4011732572,-12.90323565,
4012332532,-12.69588393,
4012932492,-12.92108045,
4013532452,-12.9100105,
4014132412,-12.91720438,
4014732372,-12.88147934,
4015332332,-12.78117158,
4015932292,-12.80092875,
4016532252,-12.7362014,
4017132212,-12.70382688,
4017732172,-12.67611632,
4018332132,-12.8744603,
4018932092,-12.67535215,
4019532052,-12.85587429,
4020132012,-12.72946278,
4020731972,-12.61534779,
4021331932,-12.62845087,
4021931892,-12.648992,
4022531852,-12.68144133,
4023131812,-12.53153246,
4023731772,-12.56796073,
4024331732,-12.81392497,
4024931692,-12.53819358,
4025531652,-12.7099833,
4026131612,-12.54087645,
4026731572,-12.62809744,
4027331532,-12.55349705,
4027931492,-12.64828456,
4028531452,-12.60791663,
4029131412,-12.57238606,
4029731372,-12.61142471,
4030331332,-12.6184502,
4030931292,-12.57072885,
4031531252,-12.56284992,
4032131212,-12.64541814,
4032731172,-12.60012533,
4033331132,-12.50503141,
4033931092,-12.71462541,
4034531052,-12.57252975,
4035131012,-12.57224467,
4035730972,-12.73913719,
4036330932,-12.59452037,
4036930892,-12.57484057,
4037530852,-12.71190981,
4038130812,-12.61108484,
4038730772,-12.58467695,
4039330732,-12.39000653,
4039930692,-12.33052106,
4040530652,-12.36448885,
4041130612,-12.27733009,
4041730572,-12.33318746,
4042330532,-12.31067554,
4042930492,-12.27611553,
4043530452,-12.25332882,
4044130412,-12.5093252,
4044730372,-12.06594704,
4045330332,-12.50943707,
4045930292,-12.32092973,
4046530252,-12.40811339,
4047130212,-12.40796412,
4047730172,-12.35370215,
4048330132,-12.38856659,
4048930092,-12.11902713,
4049530052,-12.54587163,
4050130012,-12.44497491,
4050729972,-12.20633293,
4051329932,-12.51624201,
4051929892,-12.38481264,
4052529852,-12.257156,
4053129812,-12.26608611,
4053729772,-12.10041887,
4054329732,-12.47430514,
4054929692,-12.45646534,
4055529652,-12.20020431,
4056129612,-12.32819471,
4056729572,-12.26342657,
4057329532,-12.25955212,
4057929492,-12.38931376,
4058529452,-12.37433135,
4059129412,-12.32684753,
4059729372,-12.41757359,
4060329332,-12.38989192,
4060929292,-12.58251989,
4061529252,-12.28051774,
4062129212,-12.22529629,
4062729172,-12.27811937,
4063329132,-12.2835489,
4063929092,-12.28541687,
4064529052,-12.22143272,
4065129012,-12.12246666,
4065728972,-12.28822339,
4066328932,-12.42386646,
4066928892,-12.29522642,
4067528852,-12.18844769,
4068128812,-12.38104523,
4068728772,-12.18867159,
4069328732,-12.43178799,
4069928692,-12.33431031,
4070528652,-12.25826507,
4071128612,-12.14272546,
4071728572,-12.40924848,
4072328532,-12.57160723,
4072928492,-12.01073871,
4073528452,-12.31770473,
4074128412,-12.28918745,
4074728372,-12.09836002,
4075328332,-12.29466484,
4075928292,-12.14993605,
4076528252,-12.42511759,
4077128212,-12.38194614,
4077728172,-12.28948483,
4078328132,-12.39064447,
4078928092,-12.33973121,
4079528052,-12.19681261,
4080128012,-12.19735841,
4080727972,-12.14301317,
4081327932,-12.28954572,
4081927892,-12.02413141,
4082527852,-12.23502531,
4083127812,-12.36510433,
4083727772,-12.36590493,
4084327732,-12.14870392,
4084927692,-12.18316344,
4085527652,-12.07474013,
4086127612,-12.22889703,
4086727572,-12.30869202,
4087327532,-12.27800538,
4087927492,-12.59206063,
4088527452,-12.41095091,
4089127412,-12.22269844,
4089727372,-12.39121608,
4090327332,-12.19478342,
4090927292,-12.04737495,
4091527252,-12.31207977,
4092127212,-12.23116752,
4092727172,-12.18220924,
4093327132,-12.32807444,
4093927092,-12.24809135,
4094527052,-12.06703323,
4095127012,-12.29188464,
4095726972,-12.27915228,
4096326932,-12.3658102,
4096926892,-12.1152633,
4097526852,-12.2177243,
4098126812,-12.34571084,
4098726772,-12.41770668,
4099326732,-12.40492426,
4099926692,-12.1886229,
4100526652,-12.561261,
4101126612,-12.10876804,
4101726572,-12.36007469,
4102326532,-12.3549817,
4102926492,-12.46168459,
4103526452,-12.52939063,
4104126412,-12.48539981,
4104726372,-12.37302965,
4105326332,-12.6193839,
4105926292,-12.33380404,
4106526252,-12.37757392,
4107126212,-12.37457184,
4107726172,-12.21314303,
4108326132,-12.28097776,
4108926092,-12.25764899,
4109526052,-12.24844094,
4110126012,-12.40699982,
4110725972,-12.48224759,
4111325932,-12.39936576,
4111925892,-12.41557135,
4112525852,-12.28392843,
4113125812,-12.41684597,
4113725772,-12.46448356,
4114325732,-12.31435655,
4114925692,-12.52061007,
4115525652,-12.44555483,
4116125612,-12.29004662,
4116725572,-12.50294455,
4117325532,-12.41095712,
4117925492,-12.57348551,
4118525452,-12.51461577,
4119125412,-12.58026652,
4119725372,-12.51198605,
4120325332,-12.3588505,
4120925292,-12.40495058,
4121525252,-12.42013366,
4122125212,-12.43999747,
4122725172,-12.36189416,
4123325132,-12.54600912,
4123925092,-12.52624725,
4124525052,-12.42181493,
4125125012,-12.4451672,
4125724972,-12.24370819,
4126324932,-12.42470364,
4126924892,-12.48199205,
4127524852,-12.387321,
4128124812,-12.45135434,
4128724772,-12.65422123,
4129324732,-12.33557824,
4129924692,-12.65435995,
4130524652,-12.41424136,
4131124612,-12.49256057,
4131724572,-12.54324679,
4132324532,-12.81970213,
4132924492,-12.47752206,
4133524452,-12.55861499,
4134124412,-12.60878345,
4134724372,-12.66460535,
4135324332,-12.47035268,
4135924292,-12.52707185,
4136524252,-12.65641448,
4137124212,-12.52620904,
4137724172,-12.78390968,
4138324132,-12.82081851,
4138924092,-12.31188618,
4139524052,-12.49431626,
4140124012,-12.46920284,
4140723972,-12.65699654,
4141323932,-12.52219908,
4141923892,-12.53854274,
4142523852,-12.40395717,
4143123812,-12.49129616,
4143723772,-12.68124318,
4144323732,-13.08000244,
4144923692,-12.53444848,
4145523652,-12.61361301,
4146123612,-12.65823877,
4146723572,-12.55582522,
4147323532,-12.62271159,
4147923492,-12.58337952,
4148523452,-12.68692704,
4149123412,-12.79404135,
4149723372,-12.55927403,
4150323332,-12.59703047,
4150923292,-12.79025929,
4151523252,-12.61944644,
4152123212,-12.82235138,
4152723172,-12.71812404,
4153323132,-12.86552461,
4153923092,-12.69047415,
4154523052,-12.86382007,
4155123012,-12.86757853,
4155722971,-12.79600215,
4156322931,-12.88880575,
4156922891,-12.70792533,
4157522851,-12.66241595,
4158122811,-12.87355982,
4158722771,-12.88396613,
4159322731,-12.89401975,
4159922691,-12.72978606,
4160522651,-12.9727479,
4161122611,-12.93027081,
4161722571,-12.84489615,
4162322531,-13.0566778,
4162922491,-13.01502287,
4163522451,-12.83932849,
4164122411,-13.00701959,
4164722371,-13.18589803,
4165322331,-13.21708859,
4165922291,-13.0668299,
4166522251,-13.09083338,
4167122211,-13.42962986,
4167722171,-13.00553244,
4168322131,-13.12050464,
4168922091,-13.10546851,
4169522051,-13.18778495,
4170122011,-13.28736818,
4170721971,-13.14169516,
4171321931,-13.38294362,
4171921891,-13.20487359,
4172521851,-13.32793619,
4173121811,-13.2878663,
4173721771,-13.26048536,
4174321731,-13.35228,
4174921691,-13.33361657,
4175521651,-13.48177181,
4176121611,-13.39998617,
4176721571,-13.47700158,
4177321531,-13.4127843,
4177921491,-13.62498432,
4178521451,-13.5994713,
4179121411,-13.44990625,
4179721371,-13.49151579,
4180321331,-13.55221389,
4180921291,-13.55396252,
4181521251,-13.62101159,
4182121211,-13.68130875,
4182721171,-13.65915197,
4183321131,-13.70467166,
4183921091,-13.70052254,
4184521051,-13.62692739,
4185121011,-13.90102395,
4185720971,-13.63894148,
4186320931,-13.70505184,
4186920891,-13.80308964,
4187520851,-13.79663253,
4188120811,-14.0497582,
4188720771,-13.90379238,
4189320731,-13.89053152,
4189920691,-13.86065876,
4190520651,-13.87694128,
4191120611,-14.02760086,
4191720571,-13.76008875,
4192320531,-13.9193924,
4192920491,-14.01602362,
4193520451,-14.01014749,
4194120411,-14.18788578,
4194720371,-14.27124781,
4195320331,-14.16735639,
4195920291,-14.38216829,
4196520251,-14.12966865,
4197120211,-14.40586635,
4197720171,-14.14539301,
4198320131,-14.34477123,
4198920091,-14.38040728,
4199520051,-14.05772689,
4200120011,-14.10970949,
4200719971,-14.37789444,
4201319931,-14.06244393,
4201919891,-14.18255991,
4202519851,-14.48136988,
4203119811,-14.32889232,
4203719771,-14.1716987,
4204319731,-14.09200018,
4204919691,-14.61663457,
4205519651,-14.34536162,
4206119611,-14.09141236,
4206719571,-14.2356165,
4207319531,-14.36653727,
4207919491,-14.91316873,
4208519451,-14.75501739,
4209119411,-14.42977572,
4209719371,-15.06179179,
4210319331,-14.74033093,
4210919291,-14.4629075,
4211519251,-14.32349949,
4212119211,-14.59080912,
4212719171,-14.62032597,
4213319131,-14.89335595,
4213919091,-14.87058357,
4214519051,-14.775688,
4215119011,-14.71982376,
4215718971,-14.57581742,
4216318931,-14.75140812,
4216918891,-14.62899515,
4217518851,-14.90147588,
4218118811,-15.11883366,
4218718771,-14.98085363,
4219318731,-14.39031144,
4219918691,-14.62418577,
4220518651,-14.70945939,
4221118611,-14.76054088,
4221718571,-14.71420677,
4222318531,-15.30349008,
4222918491,-14.82653574,
4223518451,-14.87918362,
4224118411,-15.38256129,
4224718371,-14.9056218,
4225318331,-14.9460374,
4225918291,-15.09741287,
4226518251,-15.23663158,
4227118211,-14.97832128,
4227718171,-14.77018719,
4228318131,-14.93589938,
4228918091,-15.29609798,
4229518051,-15.04470143,
4230118011,-15.16380395,
4230717971,-15.11190475,
4231317931,-15.30474484,
4231917891,-14.8318895,
4232517851,-14.79359599,
4233117811,-15.10966137,
4233717771,-15.31068027,
4234317731,-15.15152919,
4234917691,-15.05944937,
4235517651,-15.38489558,
4236117611,-15.3714773,
4236717571,-15.38478344,
4237317531,-15.38519525,
4237917491,-15.64590066,
4238517451,-15.092778,
4239117411,-15.00620387,
4239717371,-14.92576182,
4240317331,-15.06692611,
4240917291,-15.2061415,
4241517251,-15.34319541,
4242117211,-15.35615148,
4242717171,-15.17528565,
4243317131,-15.66461434,
4243917091,-15.10657805,
4244517051,-15.78237856,
4245117011,-15.28827447,
4245716971,-15.15255488,
4246316931,-14.77255015,
4246916891,-15.21025527,
4247516851,-15.48542641,
4248116811,-15.10793947,
4248716771,-15.36279924,
4249316731,-15.27982818,
4249916691,-15.13215968,
4250516651,-15.22639776,
4251116611,-14.98671877,
4251716571,-15.31996518,
4252316531,-15.28932094,
4252916491,-15.02103358,
4253516451,-15.35543564,
4254116411,-15.28939057,
4254716371,-15.16955652,
4255316331,-15.43392795,
4255916291,-14.88777153,
4256516251,-15.15272437,
4257116211,-15.33473633,
4257716171,-14.83012705,
4258316131,-14.99700817,
4258916091,-14.98220657,
4259516051,-14.91627045,
4260116011,-14.93485515,
4260715971,-14.82545801,
4261315931,-15.1371871,
4261915891,-14.83821843,
4262515851,-15.3215514,
4263115811,-14.8209792,
4263715771,-14.92342443,
4264315731,-14.94392236,
4264915691,-14.89312247,
4265515651,-15.02635811,
4266115611,-14.87840032,
4266715571,-14.61614523,
4267315531,-14.6552657,
4267915491,-15.18827498,
4268515451,-15.03730908,
4269115411,-14.96077127,
4269715371,-15.16946157,
4270315331,-14.44703517,
4270915291,-14.8536406,
4271515251,-15.26835268,
4272115211,-14.82260149,
4272715171,-14.92203165,
4273315131,-14.64178292,
4273915091,-14.62774326,
4274515051,-15.03108162,
4275115011,-14.83191484,
4275714971,-14.34187382,
4276314931,-14.75359528,
4276914891,-14.59893307,
4277514851,-14.4862989,
4278114811,-14.58324891,
4278714771,-14.49961909,
4279314731,-14.76361145,
4279914691,-14.62020459,
4280514651,-14.5401257,
4281114611,-14.49748139,
4281714571,-14.77873645,
4282314531,-14.58326664,
4282914491,-14.2657852,
4283514451,-14.34910034,
4284114411,-14.48752165,
4284714371,-14.46793998,
4285314331,-14.1767124,
4285914291,-14.39651526,
4286514251,-14.49286731,
4287114211,-14.24750773,
4287714171,-14.34946027,
4288314131,-14.44514221,
4288914091,-14.28894996,
4289514051,-14.36928723,
4290114011,-14.46576051,
4290713971,-14.25794761,
4291313931,-14.28792038,
4291913891,-14.32638498,
4292513851,-14.54066482,
4293113811,-14.01728931,
4293713771,-14.49482059,
4294313731,-14.18885796,
4294913691,-14.31515732,
4295513651,-14.72736993,
4296113611,-14.05108909,
4296713571,-14.39531897,
4297313531,-14.13337328,
4297913491,-14.24670646,
4298513451,-13.97221137,
4299113411,-13.89077614,
4299713371,-14.39014943,
4300313331,-14.14258758,
4300913291,-14.14315499,
4301513251,-14.19519331,
4302113211,-14.27641232,
4302713171,-14.1817195,
4303313131,-13.89882093,
4303913091,-13.75180335,
4304513051,-14.0827726,
4305113011,-14.00390951,
4305712971,-13.95734923,
4306312931,-14.08602615,
4306912891,-14.22444942,
4307512851,-14.019848,
4308112811,-14.09677345,
4308712771,-13.90417508,
4309312730,-13.78570018,
4309912690,-14.12520483,
4310512650,-13.85660249,
4311112610,-13.81616419,
4311712570,-13.9332449,
4312312530,-13.66471494,
4312912490,-13.85037781,
4313512450,-13.82426687,
4314112410,-13.88439427,
4314712370,-13.86492458,
4315312330,-13.8121434,
4315912290,-13.81181009,
4316512250,-13.81070176,
4317112210,-13.83036418,
4317712170,-14.01635803,
4318312130,-13.85811144,
4318912090,-13.71431056,
4319512050,-13.74227065,
4320112010,-13.67964078,
4320711970,-13.74684569,
4321311930,-13.8485556,
4321911890,-13.6758211,
4322511850,-13.65443517,
4323111810,-13.8810978,
4323711770,-13.68513983,
4324311730,-13.91171435,
4324911690,-13.64661776,
4325511650,-13.74577177,
4326111610,-13.70192965,
4326711570,-13.53337075,
4327311530,-13.75056364,
4327911490,-13.48567469,
4328511450,-13.70470408,
4329111410,-13.53852255,
4329711370,-13.64949365,
4330311330,-13.79451826,
4330911290,-13.60252757,
4331511250,-13.33983561,
4332111210,-13.60313483,
4332711170,-13.52954534,
4333311130,-13.79515027,
4333911090,-13.58196058,
4334511050,-13.39624426,
4335111010,-13.52056077,
4335710970,-13.63270014,
4336310930,-13.44427089,
4336910890,-13.54237462,
4337510850,-13.55050344,
4338110810,-13.58311994,
4338710770,-13.53993371,
4339310730,-13.47311421,
4339910690,-13.66051123,
4340510650,-13.3829942,
4341110610,-13.31656484,
4341710570,-13.35572092,
4342310530,-13.61211419,
4342910490,-13.48794434,
4343510450,-13.68904025,
4344110410,-13.60154498,
4344710370,-13.55108422,
4345310330,-13.40822914,
4345910290,-13.46195708,
4346510250,-13.44982757,
4347110210,-13.53602268,
4347710170,-13.50677427,
4348310130,-13.51316759,
4348910090,-13.48437033,
4349510050,-13.43145431,
4350110010,-13.68250618,
4350709970,-13.4131103,
4351309930,-13.5843808,
4351909890,-13.60476084,
4352509850,-13.49365591,
4353109810,-13.51051097,
4353709770,-13.45639652,
4354309730,-13.33304781,
4354909690,-13.44141372,
4355509650,-13.41076295,
4356109610,-13.42456958,
4356709570,-13.4652908,
4357309530,-13.43726247,
4357909490,-13.50609669,
4358509450,-13.56499678,
4359109410,-13.40688588,
4359709370,-13.4498262,
4360309330,-13.62100495,
4360909290,-13.30311645,
4361509250,-13.45078818,
4362109210,-13.31321778,
4362709170,-13.50183781,
4363309130,-13.5079744,
4363909090,-13.41751873,
4364509050,-13.67496538,
4365109010,-13.48230369,
4365708970,-13.57045251,
4366308930,-13.39881426,
4366908890,-13.53529239,
4367508850,-13.22901345,
4368108810,-13.4824723,
4368708770,-13.55476964,
4369308730,-13.35590318,
4369908690,-13.46610061,
4370508650,-13.60551211,
4371108610,-13.50450512,
4371708570,-13.40839061,
4372308530,-13.37021984,
4372908490,-13.28003501,
4373508450,-13.63596334,
4374108410,-13.33812013,
4374708370,-13.661873,
4375308330,-13.35485231,
4375908290,-13.31421544,
4376508250,-13.44037072,
4377108210,-13.41627614,
4377708170,-13.50614115,
4378308130,-13.50471116,
4378908090,-13.42439199,
4379508050,-13.58362606,
4380108010,-13.42847916,
4380707970,-13.37620274,
4381307930,-13.21291628,
4381907890,-13.58294364,
4382507850,-13.41221809,
4383107810,-13.34215741,
4383707770,-13.30084741,
4384307730,-13.24661303,
4384907690,-13.26309949,
4385507650,-13.55654037,
4386107610,-13.28060886,
4386707570,-13.48800338,
4387307530,-13.4963983,
4387907490,-13.53870679,
4388507450,-13.47075898,
4389107410,-13.4905688,
4389707370,-13.50314044,
4390307330,-13.35323769,
4390907290,-13.4605473,
4391507250,-13.46881438,
4392107210,-13.48424925,
4392707170,-13.4183428,
4393307130,-13.46615062,
4393907090,-13.51540074,
4394507050,-13.54663933,
4395107010,-13.39532725,
4395706970,-13.5451822,
4396306930,-13.23823545,
4396906890,-13.60717157,
4397506850,-13.47319909,
4398106810,-13.59083451,
4398706770,-13.58496954,
4399306730,-13.63155591,
4399906690,-13.58841795,
4400506650,-13.54912235,
4401106610,-13.56033848,
4401706570,-13.43718137,
4402306530,-13.52417511,
4402906490,-13.56610673,
4403506450,-13.36648884,
4404106410,-13.51215468,
4404706370,-13.47253096,
4405306330,-13.00772265,
4405906290,-13.64539005,
4406506250,-13.62761581,
4407106210,-13.4729381,
4407706170,-13.52691469,
4408306130,-13.52638603,
4408906090,-13.37704232,
4409506050,-13.26479917,
4410106010,-13.51959862,
4410705970,-13.73034811,
4411305930,-13.4094857,
4411905890,-13.68302191,
4412505850,-13.77262987,
4413105810,-13.69522098,
4413705770,-13.5937165,
4414305730,-13.69488725,
4414905690,-13.82525179,
4415505650,-13.74077993,
4416105610,-13.70916112,
4416705570,-13.79740952,
4417305530,-13.60055092,
4417905490,-13.78204985,
4418505450,-13.92711802,
4419105410,-13.80044339,
4419705370,-13.84150254,
4420305330,-13.79361557,
4420905290,-13.74044807,
4421505250,-13.5678831,
4422105210,-13.9284696,
4422705170,-13.9075371,
4423305130,-13.92101036,
4423905090,-13.97996602,
4424505050,-13.84591127,
4425105010,-13.87610606,
4425704970,-13.80773899,
4426304930,-13.90327495,
4426904890,-13.97305025,
4427504850,-14.0080073,
4428104810,-14.02687333,
4428704770,-14.06898456,
4429304730,-13.95586284,
4429904690,-13.96285085,
4430504650,-14.06386867,
4431104610,-14.11726854,
4431704570,-14.12760478,
4432304530,-14.11867601,
4432904490,-14.27428048,
4433504450,-14.07678454,
4434104410,-14.26042765,
4434704370,-14.23109917,
4435304330,-14.42605556,
4435904290,-14.1535412,
4436504250,-14.03610599,
4437104210,-14.56589475,
4437704170,-14.30738135,
4438304130,-14.202406,
4438904090,-14.36330296,
4439504050,-14.61001824,
4440104010,-14.14392295,
4440703970,-14.47848747,
4441303930,-14.50046291,
4441903890,-14.43257477,
4442503850,-14.46012501,
4443103810,-14.40572509,
4443703770,-14.45183577,
4444303730,-14.52507347,
4444903690,-14.56100223,
4445503650,-14.90142878,
4446103610,-14.47482322,
4446703570,-14.81128254,
4447303530,-14.72703933,
4447903490,-14.68712751,
4448503450,-14.6071296,
4449103410,-14.46178013,
4449703370,-14.81466343,
4450303330,-14.99949255,
4450903290,-14.92474405,
4451503250,-14.70759008,
4452103210,-14.95812927,
4452703170,-14.69889489,
4453303130,-14.74805275,
4453903090,-15.04259567,
4454503050,-15.01674546,
4455103010,-14.94913307,
4455702970,-15.1036307,
4456302930,-15.22625209,
4456902890,-15.15603486,
4457502850,-15.2345232,
4458102810,-14.90560928,
4458702770,-15.39605304,
4459302730,-15.24336288,
4459902690,-15.36655079,
4460502650,-14.92494171,
4461102610,-15.16114148,
4461702570,-14.97566726,
4462302530,-15.43307894,
4462902489,-15.25315924,
4463502449,-15.68465878,
4464102409,-15.22462694,
4464702369,-15.3473216,
4465302329,-15.74406949,
4465902289,-15.90973888,
4466502249,-15.79154149,
4467102209,-15.74736518,
4467702169,-15.95106445,
4468302129,-15.81279297,
4468902089,-15.85168418,
4469502049,-15.74026894,
4470102009,-15.71367144,
4470701969,-15.88114391,
4471301929,-15.72557001,
4471901889,-15.75384155,
4472501849,-16.06676711,
4473101809,-15.79300047,
4473701769,-16.05386249,
4474301729,-16.03159085,
4474901689,-16.10009876,
4475501649,-16.32614674,
4476101609,-16.26193684,
4476701569,-16.39231009,
4477301529,-16.03875859,
4477901489,-16.0728634,
4478501449,-15.94444215,
4479101409,-16.3366439,
4479701369,-16.45093003,
4480301329,-16.03488983,
4480901289,-15.99127199,
4481501249,-15.84531147,
4482101209,-16.19156162,
4482701169,-16.07608653,
4483301129,-16.22698304,
4483901089,-16.18865527,
4484501049,-16.24927169,
4485101009,-16.47138527,
4485700969,-16.26507561,
4486300929,-16.32176314,
4486900889,-16.25475193,
4487500849,-16.04019535,
4488100809,-16.3507969,
4488700769,-16.15942519,
4489300729,-16.41354644,
4489900689,-16.26572852,
4490500649,-16.2601426,
4491100609,-15.96969002,
4491700569,-16.72618358,
4492300529,-16.11441081,
4492900489,-16.18708868,
4493500449,-16.25002838,
4494100409,-16.61102658,
4494700369,-16.25327892,
4495300329,-16.4442437,
4495900289,-16.35795919,
4496500249,-16.20012387,
4497100209,-16.18370313,
4497700169,-16.2389965,
4498300129,-16.40294666,
4498900089,-16.15489446,
4499500049,-16.4554449,
4500100009,-16.41083863,
4500699969,-16.24964955,
4501299929,-16.357329,
4501899889,-16.42570351,
4502499849,-16.18925831,
4503099809,-16.37927447,
4503699769,-16.39753602,
4504299729,-16.31813101,
4504899689,-16.32913457,
4505499649,-16.25277911,
4506099609,-16.60803992,
4506699569,-16.5411845,
4507299529,-16.36354659,
4507899489,-16.23727109,
4508499449,-16.51962076,
4509099409,-16.36267912,
4509699369,-16.44182775,
4510299329,-16.40681688,
4510899289,-16.19038954,
4511499249,-16.47674575,
4512099209,-16.58617098,
4512699169,-16.48552652,
4513299129,-16.5839244,
4513899089,-16.43206521,
4514499049,-16.46051843,
4515099009,-16.53587545,
4515698969,-16.57190916,
4516298929,-16.34043259,
4516898889,-16.41321839,
4517498849,-16.31681565,
4518098809,-16.43899503,
4518698769,-16.351243,
4519298729,-16.4623466,
4519898689,-16.41752352,
4520498649,-16.39399866,
4521098609,-16.41664476,
4521698569,-16.43439636,
4522298529,-16.48082226,
4522898489,-16.47664157,
4523498449,-16.23089263,
4524098409,-16.46305179,
4524698369,-16.43105393,
4525298329,-16.45166715,
4525898289,-16.47583214,
4526498249,-16.49437118,
4527098209,-16.37381601,
4527698169,-16.49100875,
4528298129,-16.40113571,
4528898089,-16.25406924,
4529498049,-16.37494082,
4530098009,-16.35862269,
4530697969,-16.397172,
4531297929,-16.37304511,
4531897889,-16.38713392,
4532497849,-16.2605285,
4533097809,-16.38887607,
4533697769,-16.33325399,
4534297729,-16.4112945,
4534897689,-16.39881315,
4535497649,-16.38912717,
4536097609,-16.4201258,
4536697569,-16.41615217,
4537297529,-16.34767472,
4537897489,-16.42919975,
4538497449,-16.13089734,
4539097409,-16.3926306,
4539697369,-16.23590254,
4540297329,-16.38531018,
4540897289,-16.33438999,
4541497249,-16.45416276,
4542097209,-16.37669156,
4542697169,-16.3463346,
4543297129,-16.37130359,
4543897089,-16.32494827,
4544497049,-16.44124912,
4545097009,-16.34476435,
4545696969,-16.37745619,
4546296929,-16.28484906,
4546896889,-16.15022944,
4547496849,-16.20031237,
4548096809,-16.15807144,
4548696769,-16.26170522,
4549296729,-16.4581259,
4549896689,-16.22553736,
4550496649,-16.19952141,
4551096609,-16.361942,
4551696569,-16.25169082,
4552296529,-16.34774576,
4552896489,-16.39523578,
4553496449,-16.16078527,
4554096409,-16.25984296,
4554696369,-16.23454758,
4555296329,-16.06553803,
4555896289,-16.37328063,
4556496249,-16.16423081,
4557096209,-16.15856259,
4557696169,-16.13250995,
4558296129,-16.26782703,
4558896089,-15.92826748,
4559496049,-16.29396209,
4560096009,-16.04772244,
4560695969,-16.0976387,
4561295929,-16.12374507,
4561895889,-16.07595898,
4562495849,-16.17853178,
4563095809,-15.97862009,
4563695769,-16.21275839,
4564295729,-16.12537713,
4564895689,-15.86798731,
4565495649,-16.19592564,
4566095609,-16.18950078,
4566695569,-16.12769,
4567295529,-16.04453495,
4567895489,-15.87637361,
4568495449,-15.96724929,
4569095409,-16.1128277,
4569695369,-16.02607812,
4570295329,-15.92887795,
4570895289,-15.79388556,
4571495249,-16.00476104,
4572095209,-15.92817971,
4572695169,-16.02245631,
4573295129,-15.96875537,
4573895089,-15.88648862,
4574495049,-16.20585574,
4575095009,-15.98430305,
4575694969,-15.87250821,
4576294929,-16.00573656,
4576894889,-15.77186844,
4577494849,-16.40989122,
4578094809,-16.10756192,
4578694769,-16.24208048,
4579294729,-16.04790871,
4579894689,-16.0916999,
4580494649,-15.90177912,
4581094609,-15.99344368,
4581694569,-16.00621937,
4582294529,-15.82427812,
4582894489,-16.34928245,
4583494449,-16.51103393,
4584094409,-16.07219198,
4584694369,-16.23895252,
4585294329,-15.72035102,
4585894289,-16.38657168,
4586494249,-15.86040029,
4587094209,-16.23389546,
4587694169,-16.05106439,
4588294129,-15.94092049,
4588894089,-16.10615151,
4589494049,-15.95192194,
4590094009,-16.31607469,
4590693969,-15.90016463,
4591293929,-16.1212648,
4591893889,-15.90018311,
4592493849,-15.89847611,
4593093809,-16.26647637,
4593693769,-16.15404848,
4594293729,-15.8125619,
4594893689,-16.12831332,
4595493649,-15.52359636,
4596093609,-15.80620143,
4596693569,-16.03817715,
4597293529,-15.72688602,
4597893489,-15.92928732,
4598493449,-16.26957566,
4599093409,-16.04839893,
4599693369,-16.11319353,
4600293329,-16.19661131,
4600893289,-15.87664218,
4601493249,-16.43497894,
4602093209,-16.02925536,
4602693169,-16.19008905,
4603293129,-15.70856413,
4603893089,-15.84259257,
4604493049,-15.78580619,
4605093009,-16.03685235,
4605692969,-16.07343067,
4606292929,-15.97051708,
4606892889,-16.01861767,
4607492849,-16.04548251,
4608092809,-16.15659317,
4608692769,-15.82017592,
4609292729,-15.78983695,
4609892689,-16.27439269,
4610492649,-15.92283837,
4611092609,-16.04660772,
4611692569,-16.35099359,
4612292529,-15.81607625,
4612892489,-15.60144098,
4613492449,-15.90014216,
4614092409,-16.09656834,
4614692369,-15.82387855,
4615292329,-15.92549641,
4615892289,-15.65837039,
4616492248,-16.12835405,
4617092208,-15.89070368,
4617692168,-15.78763587,
4618292128,-15.91620531,
4618892088,-16.07822555,
4619492048,-15.57021842,
4620092008,-15.57007353,
4620691968,-15.78468263,
4621291928,-16.13102994,
4621891888,-15.83956037,
4622491848,-15.93968972,
4623091808,-16.17976719,
4623691768,-15.68195761,
4624291728,-15.8124066,
4624891688,-15.59830179,
4625491648,-15.99963047,
4626091608,-15.73052936,
4626691568,-16.04470694,
4627291528,-15.76531319,
4627891488,-15.910833,
4628491448,-15.69361231,
4629091408,-15.68131231,
4629691368,-15.83512149,
4630291328,-15.9287296,
4630891288,-15.62385003,
4631491248,-16.15245514,
4632091208,-15.75810546,
4632691168,-15.75689359,
4633291128,-15.96998958,
4633891088,-15.80096006,
4634491048,-15.71659806,
4635091008,-16.08877644,
4635690968,-15.7680287,
4636290928,-15.60139132,
4636890888,-15.88031302,
4637490848,-15.75667379,
4638090808,-15.98006215,
4638690768,-15.65715271,
4639290728,-15.79141828,
4639890688,-16.20465428,
4640490648,-15.8251623,
4641090608,-15.98972151,
4641690568,-16.12164769,
4642290528,-15.86713863,
4642890488,-15.92946096,
4643490448,-16.03398147,
4644090408,-15.92721536,
4644690368,-15.7853902,
4645290328,-15.77334911,
4645890288,-15.92820114,
4646490248,-15.84708757,
4647090208,-15.9248706,
4647690168,-16.01413877,
4648290128,-15.61117266,
4648890088,-15.89096383,
4649490048,-15.45118218,
4650090008,-15.68292514,
4650689968,-15.54503785,
4651289928,-15.72668944,
4651889888,-15.71631141,
4652489848,-15.76570217,
4653089808,-15.80288277,
4653689768,-15.62092975,
4654289728,-15.83583973,
4654889688,-15.52803414,
4655489648,-15.46950903,
4656089608,-15.19745421,
4656689568,-15.50316873,
4657289528,-15.3851391,
4657889488,-15.46176561,
4658489448,-15.59189555,
4659089408,-15.58593507,
4659689368,-15.38721283,
4660289328,-15.46768211,
4660889288,-15.66644069,
4661489248,-15.54564748,
4662089208,-15.66282229,
4662689168,-15.67080234,
4663289128,-15.6565621,
4663889088,-15.60275678,
4664489048,-15.36528908,
4665089008,-15.62116912,
4665688968,-15.79114653,
4666288928,-15.48734398,
4666888888,-15.73277895,
4667488848,-15.55917399,
4668088808,-15.60528106,
4668688768,-15.72008412,
4669288728,-15.52309936,
4669888688,-15.43516603,
4670488648,-15.55431398,
4671088608,-15.83358612,
4671688568,-15.25147991,
4672288528,-15.24935909,
4672888488,-15.45094995,
4673488448,-15.33623623,
4674088408,-15.62729621,
4674688368,-15.39533457,
4675288328,-15.77349964,
4675888288,-15.57227929,
4676488248,-15.54069604,
4677088208,-15.43043291,
4677688168,-15.8761167,
4678288128,-15.2412017,
4678888088,-15.48009509,
4679488048,-15.60534873,
4680088008,-15.16892794,
4680687968,-15.75964208,
4681287928,-15.25415766,
4681887888,-15.4549138,
4682487848,-15.4691648,
4683087808,-15.74398924,
4683687768,-15.48692187,
4684287728,-15.21480677,
4684887688,-15.20994732,
4685487648,-15.48327819,
4686087608,-15.44980868,
4686687568,-15.35152037,
4687287528,-15.66840143,
4687887488,-15.78663917,
4688487448,-15.61890751,
4689087408,-15.38392606,
4689687368,-15.63938405,
4690287328,-15.7740253,
4690887288,-15.70426102,
4691487248,-15.46750381,
4692087208,-15.33865289,
4692687168,-15.51482409,
4693287128,-15.3411388,
4693887088,-15.42322496,
4694487048,-15.23939514,
4695087008,-15.4989261,
4695686968,-15.59191549,
4696286928,-15.45581239,
4696886888,-15.62273149,
4697486848,-15.49008267,
4698086808,-15.63869493,
4698686768,-15.58946541,
4699286728,-15.23184996,
4699886688,-15.22081082,
4700486648,-15.52689445,
4701086608,-15.38750495,
4701686568,-15.62965936,
4702286528,-15.65894229,
4702886488,-15.86027105,
4703486448,-15.64156901,
4704086408,-15.55541707,
4704686368,-15.62301617,
4705286328,-15.43298749,
4705886288,-15.59727868,
4706486248,-15.5962577,
4707086208,-15.52629713,
4707686168,-15.67804518,
4708286128,-15.70931884,
4708886088,-15.58736143,
4709486048,-15.76845499,
4710086008,-15.5420347,
4710685968,-15.79817241,
4711285928,-15.42365434,
4711885888,-15.88738501,
4712485848,-15.70229826,
4713085808,-15.74263233,
4713685768,-15.34951314,
4714285728,-15.45223471,
4714885688,-15.68112358,
4715485648,-15.86937009,
4716085608,-15.9442885,
4716685568,-15.49980154,
4717285528,-15.88793418,
4717885488,-15.82568195,
4718485448,-15.76491266,
4719085408,-15.8939991,
4719685368,-15.52865882,
4720285328,-15.60273604,
4720885288,-16.23048443,
4721485248,-15.5017287,
4722085208,-15.62715479,
4722685168,-15.88732345,
4723285128,-15.85225736,
4723885088,-15.91076407,
4724485048,-15.79454795,
4725085008,-15.86861969,
4725684968,-15.90829159,
4726284928,-15.6246169,
4726884888,-16.03662217,
4727484848,-15.63603318,
4728084808,-15.99029636,
4728684768,-16.24216167,
4729284728,-15.98401434,
4729884688,-15.65998066,
4730484648,-16.0193344,
4731084608,-15.98139925,
4731684568,-16.08553295,
4732284528,-16.29115246,
4732884488,-16.13772957,
4733484448,-15.7356409,
4734084408,-16.04796172,
4734684368,-16.18264975,
4735284328,-15.92815071,
4735884288,-16.26565662,
4736484248,-16.15241405,
4737084208,-15.94649907,
4737684168,-15.91531095,
4738284128,-15.96153533,
4738884088,-15.90288039,
4739484048,-15.99455835,
4740084008,-16.14096462,
4740683968,-16.05112392,
4741283928,-16.20836533,
4741883888,-16.06711042,
4742483848,-16.23813431,
4743083808,-16.3029403,
4743683768,-16.31237065,
4744283728,-16.34555153,
4744883688,-16.45704025,
4745483648,-16.39861754,
4746083608,-16.3906826,
4746683568,-16.41834205,
4747283528,-16.55848933,
4747883488,-16.40613715,
4748483448,-16.4440243,
4749083408,-16.41324054,
4749683368,-16.4545444,
4750283328,-16.39342487,
4750883288,-16.48730407,
4751483248,-16.43101914,
4752083208,-16.55372747,
4752683168,-16.61284743,
4753283128,-16.5539612,
4753883088,-16.69686153,
4754483048,-16.7668737,
4755083008,-16.55480186,
4755682968,-16.66104887,
4756282928,-16.60806394,
4756882888,-16.81424175,
4757482848,-16.60490682,
4758082808,-16.84163464,
4758682768,-16.62878266,
4759282728,-16.85561501,
4759882688,-16.70183416,
4760482648,-17.06437107,
4761082608,-16.73943263,
4761682568,-17.09127353,
4762282528,-16.90152823,
4762882488,-16.79557339,
4763482448,-16.89007654,
4764082408,-16.7695926,
4764682368,-16.91793894,
4765282328,-16.87758356,
4765882288,-16.96622636,
4766482248,-16.89937298,
4767082208,-17.05777207,
4767682168,-16.87789895,
4768282128,-16.86608008,
4768882088,-17.01831497,
4769482048,-17.32773286,
4770082008,-17.17011295,
4770681967,-16.95134058,
4771281927,-17.0068421,
4771881887,-17.0897023,
4772481847,-17.19340919,
4773081807,-17.58507119,
4773681767,-17.03808145,
4774281727,-17.09175607,
4774881687,-17.51424282,
4775481647,-17.41565717,
4776081607,-17.37569369,
4776681567,-17.02147218,
4777281527,-17.0474822,
4777881487,-17.62809288,
4778481447,-17.71909775,
4779081407,-17.51948645,
4779681367,-17.23243224,
4780281327,-16.75301025,
4780881287,-17.36025766,
4781481247,-17.48904606,
4782081207,-17.37327552,
4782681167,-17.24028278,
4783281127,-17.37203106,
4783881087,-17.31986998,
4784481047,-17.32297939,
4785081007,-17.13996696,
4785680967,-17.72498751,
4786280927,-17.15249175,
4786880887,-17.455793,
4787480847,-17.29158124,
4788080807,-17.31076975,
4788680767,-17.49063399,
4789280727,-17.86722204,
4789880687,-17.41271575,
4790480647,-18.15554836,
4791080607,-17.32584005,
4791680567,-17.62156875,
4792280527,-17.24775636,
4792880487,-17.75432863,
4793480447,-17.88642005,
4794080407,-17.74853146,
4794680367,-17.33196666,
4795280327,-17.762838,
4795880287,-17.89549284,
4796480247,-17.63414197,
4797080207,-17.47179461,
4797680167,-17.49625036,
4798280127,-18.00359313,
4798880087,-17.87732545,
4799480047,-17.57017031,
4800080007,-17.97255923,
4800679967,-17.77161683,
4801279927,-17.36616934,
4801879887,-17.63636965,
4802479847,-17.56436017,
4803079807,-17.86303027,
4803679767,-17.44294304,
4804279727,-17.85059783,
4804879687,-17.73373932,
4805479647,-17.66082119,
4806079607,-18.27658347,
4806679567,-17.74407603,
4807279527,-17.55759085,
4807879487,-17.88939997,
4808479447,-17.78275975,
4809079407,-17.52456613,
4809679367,-17.38278707,
4810279327,-17.99646438,
4810879287,-18.31570029,
4811479247,-17.95047559,
4812079207,-17.64446741,
4812679167,-18.34146755,
4813279127,-17.6046384,
4813879087,-17.63533972,
4814479047,-17.78085111,
4815079007,-17.55880404,
4815678967,-18.03902326,
4816278927,-18.11740528,
4816878887,-17.92211805,
4817478847,-17.80362926,
4818078807,-17.84088604,
4818678767,-18.37617168,
4819278727,-17.97901152,
4819878687,-18.15712594,
4820478647,-18.48717927,
4821078607,-18.38824711,
4821678567,-17.96230458,
4822278527,-17.77795294,
4822878487,-18.13419073,
4823478447,-17.86323809,
4824078407,-17.93800342,
4824678367,-18.36243011,
4825278327,-18.41006793,
4825878287,-18.06723499,
4826478247,-17.58488468,
4827078207,-18.1679064,
4827678167,-17.87092288,
4828278127,-18.31561009,
4828878087,-18.40212739,
4829478047,-18.02815415,
4830078007,-17.9286245,
4830677967,-18.41202818,
4831277927,-18.63027992,
4831877887,-18.25311871,
4832477847,-18.97980125,
4833077807,-17.97488709,
4833677767,-18.02827692,
4834277727,-18.10169926,
4834877687,-18.56823931,
4835477647,-17.86523054,
4836077607,-18.33265113,
4836677567,-18.29130739,
4837277527,-18.15440164,
4837877487,-18.43326069,
4838477447,-18.47584125,
4839077407,-18.04826732,
4839677367,-18.01133017,
4840277327,-18.15685304,
4840877287,-18.83681835,
4841477247,-19.12832561,
4842077207,-18.90737116,
4842677167,-19.12649979,
4843277127,-18.660809,
4843877087,-18.67168658,
4844477047,-18.34730677,
4845077007,-18.54964385,
4845676967,-18.31784705,
4846276927,-19.03797716,
4846876887,-18.94101631,
4847476847,-18.64203083,
4848076807,-19.14581905,
4848676767,-18.88790414,
4849276727,-18.5216783,
4849876687,-18.64663473,
4850476647,-19.02253963,
4851076607,-19.06109712,
4851676567,-19.08277391,
4852276527,-18.88520006,
4852876487,-19.3251456,
4853476447,-18.63023241,
4854076407,-19.1862694,
4854676367,-19.30185256,
4855276327,-19.10358551,
4855876287,-18.85379848,
4856476247,-18.7899264,
4857076207,-19.20223856,
4857676167,-18.70753814,
4858276127,-19.66679577,
4858876087,-18.82175201,
4859476047,-19.11075959,
4860076007,-18.8877775,
4860675967,-18.47081059,
4861275927,-18.99786964,
4861875887,-18.78783024,
4862475847,-18.83989937,
4863075807,-19.23253511,
4863675767,-18.93319385,
4864275727,-19.32062184,
4864875687,-19.12882009,
4865475647,-19.0299634,
4866075607,-19.22534368,
4866675567,-19.54306834,
4867275527,-18.9510657,
4867875487,-19.00322885,
4868475447,-19.25827004,
4869075407,-18.90069943,
4869675367,-19.92489432,
4870275327,-19.2783281,
4870875287,-19.58115915,
4871475247,-19.54671067,
4872075207,-19.0144034,
4872675167,-19.45571641,
4873275127,-19.69338951,
4873875087,-19.53615791,
4874475047,-19.24436097,
4875075007,-18.89551978,
4875674967,-19.05988516,
4876274927,-18.99142527,
4876874887,-18.94605703,
4877474847,-19.30934825,
4878074807,-19.3888769,
4878674767,-19.51257916,
4879274727,-19.06258021,
4879874687,-19.96497017,
4880474647,-19.03900556,
4881074607,-19.35293324,
4881674567,-19.00780702,
4882274527,-19.64564006,
4882874487,-18.90794245,
4883474447,-19.52584019,
4884074407,-19.56230423,
4884674367,-19.13573265,
4885274327,-19.20655917,
4885874287,-19.11587567,
4886474247,-19.4782946,
4887074207,-19.55950548,
4887674167,-19.26106927,
4888274127,-18.68779997,
4888874087,-19.69550538,
4889474047,-19.23300051,
4890074007,-19.24163379,
4890673967,-19.45865793,
4891273927,-19.62432966,
4891873887,-19.03125077,
4892473847,-19.18510905,
4893073807,-19.37009735,
4893673767,-19.22852167,
4894273727,-19.23157525,
4894873687,-19.52445079,
4895473647,-18.95907689,
4896073607,-19.20743237,
4896673567,-19.18255491,
4897273527,-19.46424695,
4897873487,-18.86067289,
4898473447,-19.35896276,
4899073407,-19.16207613,
4899673367,-19.02300909,
4900273327,-19.67569237,
4900873287,-19.27701698,
4901473247,-18.90411868,
4902073207,-19.47452058,
4902673167,-19.65440155,
4903273127,-19.48727544,
4903873087,-19.31528409,
4904473047,-19.49090161,
4905073007,-19.068785,
4905672967,-19.78737396,
4906272927,-18.78318384,
4906872887,-19.09013754,
4907472847,-19.25185783,
4908072807,-19.56090483,
4908672767,-19.21317086,
4909272727,-19.1726013,
4909872687,-19.24786821,
4910472647,-18.93490323,
4911072607,-18.51398399,
4911672567,-18.96353824,
4912272527,-19.19653704,
4912872487,-19.35783597,
4913472447,-19.18010266,
4914072407,-19.1089461,
4914672367,-19.04318506,
4915272327,-18.76224288,
4915872287,-19.12123591,
4916472247,-19.02187218,
4917072207,-18.80480772,
4917672167,-19.17887597,
4918272127,-18.84165344,
4918872087,-18.98222814,
4919472047,-19.10617364,
4920072007,-18.96752241,
4920671967,-19.50283616,
4921271927,-18.69907509,
4921871887,-18.64252441,
4922471847,-19.36905067,
4923071807,-18.52802258,
4923671767,-18.80544389,
4924271726,-19.2029221,
4924871686,-18.79522754,
4925471646,-18.79421619,
4926071606,-19.03210472,
4926671566,-18.80229184,
4927271526,-18.67757501,
4927871486,-18.85518208,
4928471446,-18.75698261,
4929071406,-18.84890319,
4929671366,-18.59309178,
4930271326,-19.19723709,
4930871286,-18.7434762,
4931471246,-18.05974399,
4932071206,-18.21544318,
4932671166,-18.40180024,
4933271126,-18.59897908,
4933871086,-18.64526717,
4934471046,-18.48690726,
4935071006,-18.61368144,
4935670966,-18.54733105,
4936270926,-18.42747235,
4936870886,-18.54976567,
4937470846,-18.16083734,
4938070806,-18.34790042,
4938670766,-18.10200054,
4939270726,-18.02157622,
4939870686,-18.12219091,
4940470646,-18.22662901,
4941070606,-18.29754397,
4941670566,-18.44320776,
4942270526,-18.59751684,
4942870486,-18.60199121,
4943470446,-18.2746186,
4944070406,-18.31490835,
4944670366,-18.50796472,
4945270326,-18.66160395,
4945870286,-18.15906944,
4946470246,-18.36800659,
4947070206,-17.81112877,
4947670166,-18.21237913,
4948270126,-17.89094571,
4948870086,-17.96322827,
4949470046,-18.33284995,
4950070006,-18.3266459,
4950669966,-17.99524702,
4951269926,-17.83970857,
4951869886,-18.2195412,
4952469846,-17.47495803,
4953069806,-18.27198136,
4953669766,-17.87961692,
4954269726,-17.81609715,
4954869686,-18.08017837,
4955469646,-17.82478623,
4956069606,-17.83607496,
4956669566,-18.05043959,
4957269526,-17.98176513,
4957869486,-18.21636549,
4958469446,-17.71259738,
4959069406,-17.67300661,
4959669366,-18.0674246,
4960269326,-18.14529482,
4960869286,-17.95111874,
4961469246,-17.55278891,
4962069206,-17.68187881,
4962669166,-17.72221148,
4963269126,-17.84490536,
4963869086,-17.57654844,
4964469046,-17.82453395,
4965069006,-17.3442792,
4965668966,-17.84746353,
4966268926,-17.65003842,
4966868886,-18.09993171,
4967468846,-17.47563592,
4968068806,-18.0074551,
4968668766,-17.44363965,
4969268726,-17.52780185,
4969868686,-17.91166976,
4970468646,-17.8826924,
4971068606,-17.57855974,
4971668566,-17.49723674,
4972268526,-17.83119521,
4972868486,-17.59923777,
4973468446,-17.86426129,
4974068406,-17.40743559,
4974668366,-17.93974241,
4975268326,-17.7429277,
4975868286,-17.73203719,
4976468246,-17.92091197,
4977068206,-17.52713448,
4977668166,-17.45451267,
4978268126,-17.52260489,
4978868086,-18.04644104,
4979468046,-17.60744603,
4980068006,-17.50092294,
4980667966,-17.35610865,
4981267926,-17.63978558,
4981867886,-17.72317179,
4982467846,-17.4204952,
4983067806,-17.5935565,
4983667766,-17.25576114,
4984267726,-17.6809517,
4984867686,-17.30207895,
4985467646,-17.7387813,
4986067606,-17.3572181,
4986667566,-17.60008372,
4987267526,-17.70029195,
4987867486,-17.5570875,
4988467446,-17.55659606,
4989067406,-17.85635529,
4989667366,-17.71700727,
4990267326,-17.58480237,
4990867286,-17.93347269,
4991467246,-17.17155827,
4992067206,-17.8138072,
4992667166,-17.34088784,
4993267126,-17.3866765,
4993867086,-17.90554859,
4994467046,-17.91190343,
4995067006,-18.02269523,
4995666966,-17.58903607,
4996266926,-17.65588686,
4996866886,-17.25439889,
4997466846,-17.35758231,
4998066806,-17.51675638,
4998666766,-17.60246008,
4999266726,-17.4740318,
4999866686,-17.75219915,
5000466646,-17.66298299,
5001066606,-17.92098242,
5001666566,-17.65994559,
5002266526,-17.48044734,
5002866486,-17.79538067,
5003466446,-17.84817378,
5004066406,-17.41118927,
5004666366,-17.44018516,
5005266326,-17.55593549,
5005866286,-17.43138999,
5006466246,-17.33988714,
5007066206,-17.8837434,
5007666166,-17.23304882,
5008266126,-17.6720326,
5008866086,-17.18162031,
5009466046,-17.59087409,
5010066006,-17.48243636,
5010665966,-17.75662436,
5011265926,-17.65581277,
5011865886,-17.29305192,
5012465846,-17.97225341,
5013065806,-17.7307623,
5013665766,-17.52379534,
5014265726,-17.70866237,
5014865686,-17.81407448,
5015465646,-17.5016555,
5016065606,-17.70413534,
5016665566,-17.4427685,
5017265526,-17.34986375,
5017865486,-17.45026376,
5018465446,-18.07380927,
5019065406,-17.84004831,
5019665366,-17.77748846,
5020265326,-17.71313161,
5020865286,-17.95477348,
5021465246,-17.71359532,
5022065206,-17.50798925,
5022665166,-17.81399565,
5023265126,-17.63442913,
5023865086,-18.02747173,
5024465046,-17.88378024,
5025065006,-17.79411796,
5025664966,-18.27401393,
5026264926,-17.91925944,
5026864886,-17.83471476,
5027464846,-18.15973077,
5028064806,-18.41355754,
5028664766,-18.26363419,
5029264726,-18.11865738,
5029864686,-17.79212649,
5030464646,-17.71427115,
5031064606,-18.07220006,
5031664566,-17.87513621,
5032264526,-18.43732201,
5032864486,-18.13143077,
5033464446,-18.44755895,
5034064406,-18.43513719,
5034664366,-17.91019347,
5035264326,-18.3777034,
5035864286,-18.45370523,
5036464246,-18.45437767,
5037064206,-18.07157739,
5037664166,-18.64754738,
5038264126,-18.70020154,
5038864086,-18.85859049,
5039464046,-18.19301532,
5040064006,-18.52345294,
5040663966,-18.6216533,
5041263926,-18.72507181,
5041863886,-18.99543553,
5042463846,-18.39735449,
5043063806,-19.34518981,
5043663766,-18.53548004,
5044263726,-19.03908661,
5044863686,-18.81976799,
5045463646,-18.82286555,
5046063606,-19.15117514,
5046663566,-19.21382247,
5047263526,-19.35862452,
5047863486,-18.78451545,
5048463446,-19.47734111,
5049063406,-19.06727288,
5049663366,-19.25218822,
5050263326,-19.35396249,
5050863286,-18.76845548,
5051463246,-19.26769916,
5052063206,-19.82281647,
5052663166,-19.42664893,
5053263126,-19.82197038,
5053863086,-19.82204568,
5054463046,-19.72289463,
5055063006,-20.31057772,
5055662966,-20.24741148,
5056262926,-20.32326079,
5056862886,-20.23885469,
5057462846,-20.5669399,
5058062806,-20.35278973,
5058662766,-20.91222582,
5059262726,-20.61319008,
5059862686,-20.3542902,
5060462646,-20.36957017,
5061062606,-20.87713449,
5061662566,-20.2553789,
5062262526,-20.75262975,
5062862486,-20.21641414,
5063462446,-20.07453711,
5064062406,-20.71716658,
5064662366,-20.39774158,
5065262326,-20.87928327,
5065862286,-20.82069079,
5066462246,-20.47515124,
5067062206,-20.47369553,
5067662166,-20.2197327,
5068262126,-20.56568332,
5068862086,-20.58286464,
5069462046,-20.83814017,
5070062006,-20.73915721,
5070661966,-20.27724082,
5071261926,-20.70760352,
5071861886,-21.66138192,
5072461846,-21.16754066,
5073061806,-20.56791741,
5073661766,-20.47052957,
5074261726,-21.21393814,
5074861686,-20.5079317,
5075461646,-20.59795527,
5076061606,-20.14444987,
5076661566,-21.38180262,
5077261526,-21.190091,
5077861485,-21.06918361,
5078461445,-20.9324711,
5079061405,-20.80240762,
5079661365,-21.3837085,
5080261325,-20.56417975,
5080861285,-20.77871488,
5081461245,-20.78951745,
5082061205,-20.88119512,
5082661165,-21.29523295,
5083261125,-20.67479559,
5083861085,-21.31728423,
5084461045,-20.80577241,
5085061005,-20.83178405,
5085660965,-21.22989003,
5086260925,-21.08700081,
5086860885,-20.73274447,
5087460845,-21.34529466,
5088060805,-21.22203834,
5088660765,-21.12896478,
5089260725,-20.96448122,
5089860685,-21.19407987,
5090460645,-21.27044401,
5091060605,-20.97547074,
5091660565,-21.19492606,
5092260525,-21.18415117,
5092860485,-21.32046422,
5093460445,-21.45938659,
5094060405,-21.51441741,
5094660365,-21.37612586,
5095260325,-21.35508771,
5095860285,-21.24853732,
5096460245,-21.14259752,
5097060205,-21.62856373,
5097660165,-21.49510849,
5098260125,-21.31430146,
5098860085,-21.836328,
5099460045,-21.32385221,
5100060005,-21.91588849,
5100659965,-21.60518338,
5101259925,-21.71563018,
5101859885,-21.4727355,
5102459845,-21.45342722,
5103059805,-21.54477809,
5103659765,-21.64235614,
5104259725,-21.87059162,
5104859685,-21.94901473,
5105459645,-21.65456505,
5106059605,-21.79850136,
5106659565,-22.11013098,
5107259525,-21.95099097,
5107859485,-22.12158593,
5108459445,-21.7473059,
5109059405,-22.08731117,
5109659365,-22.06752547,
5110259325,-22.06403997,
5110859285,-21.86761231,
5111459245,-22.13788558,
5112059205,-21.9192779,
5112659165,-22.05606852,
5113259125,-21.93996973,
5113859085,-22.22845011,
5114459045,-22.25487005,
5115059005,-22.6135235,
5115658965,-21.69468813,
5116258925,-22.30805703,
5116858885,-22.09938275,
5117458845,-22.04471749,
5118058805,-22.69960342,
5118658765,-22.23730958,
5119258725,-22.33662454,
5119858685,-21.97748986,
5120458645,-22.10760721,
5121058605,-22.0159437,
5121658565,-22.17494002,
5122258525,-22.43732385,
5122858485,-22.68644275,
5123458445,-22.62689937,
5124058405,-22.35546743,
5124658365,-22.14014245,
5125258325,-22.35041981,
5125858285,-22.50224896,
5126458245,-22.4206998,
5127058205,-22.70394421,
5127658165,-22.64016631,
5128258125,-23.06819493,
5128858085,-22.76855473,
5129458045,-22.98640863,
5130058005,-22.60015523,
5130657965,-22.68622626,
5131257925,-22.59588901,
5131857885,-22.60687994,
5132457845,-22.92771653,
5133057805,-23.00487823,
5133657765,-23.07190867,
5134257725,-22.65521667,
5134857685,-22.38586041,
5135457645,-22.47992087,
5136057605,-22.49925601,
5136657565,-23.04317069,
5137257525,-22.87002364,
5137857485,-22.93790932,
5138457445,-22.51778855,
5139057405,-22.57182727,
5139657365,-23.08428582,
5140257325,-22.34350326,
5140857285,-22.52647141,
5141457245,-22.6117764,
5142057205,-22.78925592,
5142657165,-22.87882161,
5143257125,-22.62881935,
5143857085,-22.3654933,
5144457045,-23.20693479,
5145057005,-22.96610822,
5145656965,-23.10806859,
5146256925,-23.21987763,
5146856885,-22.6824386,
5147456845,-22.51406885,
5148056805,-23.21379137,
5148656765,-22.70369595,
5149256725,-22.79387073,
5149856685,-23.15831772,
5150456645,-22.43890438,
5151056605,-23.20968644,
5151656565,-22.89377505,
5152256525,-23.1482486,
5152856485,-22.8014222,
5153456445,-23.39612691,
5154056405,-23.20356586,
5154656365,-22.95812838,
5155256325,-23.54278678,
5155856285,-23.05888038,
5156456245,-21.90648139,
5157056205,-22.55631515,
5157656165,-22.4236181,
5158256125,-23.26697079,
5158856085,-22.31005308,
5159456045,-22.39706347,
5160056005,-22.89042735,
5160655965,-22.32409247,
5161255925,-23.12396573,
5161855885,-23.01606308,
5162455845,-22.90907542,
5163055805,-23.23337016,
5163655765,-23.26792102,
5164255725,-22.72397996,
5164855685,-22.82945249,
5165455645,-23.21227584,
5166055605,-23.37956956,
5166655565,-22.73623956,
5167255525,-23.40129079,
5167855485,-22.73464521,
5168455445,-23.08994625,
5169055405,-22.5573881,
5169655365,-23.07845912,
5170255325,-23.32127705,
5170855285,-23.26344269,
5171455245,-23.09588648,
5172055205,-23.25765285,
5172655165,-23.01507362,
5173255125,-23.1509359,
5173855085,-23.087643,
5174455045,-22.77636983,
5175055005,-23.27226064,
5175654965,-22.80269961,
5176254925,-22.99298907,
5176854885,-23.45459077,
5177454845,-22.93198556,
5178054805,-23.11276032,
5178654765,-22.93583002,
5179254725,-22.95217959,
5179854685,-22.88419642,
5180454645,-23.25529762,
5181054605,-21.83472981,
5181654565,-23.53109684,
5182254525,-22.94186258,
5182854485,-23.30594185,
5183454445,-22.63641158,
5184054405,-22.78598502,
5184654365,-23.26580856,
5185254325,-22.48919632,
5185854285,-23.39425711,
5186454245,-23.15183545,
5187054205,-22.66032145,
5187654165,-22.96545022,
5188254125,-22.90033677,
5188854085,-22.67326306,
5189454045,-22.4681107,
5190054005,-22.5393424,
5190653965,-22.37568339,
5191253925,-23.0997351,
5191853885,-22.93048265,
5192453845,-23.00016385,
5193053805,-23.06817476,
5193653765,-22.39153377,
5194253725,-22.38134712,
5194853685,-22.70694489,
5195453645,-22.15563938,
5196053605,-22.65710023,
5196653565,-22.70837568,
5197253525,-22.51680498,
5197853485,-23.26194986,
5198453445,-22.92873773,
5199053405,-22.40159773,
5199653365,-22.43271774,
5200253325,-22.58769936,
5200853285,-22.68235569,
5201453245,-22.33974823,
5202053205,-22.41360802,
5202653165,-22.55567141,
5203253125,-21.71313974,
5203853085,-22.28451649,
5204453045,-22.81967122,
5205053005,-22.17323698,
5205652965,-22.64266993,
5206252925,-22.5254,
5206852885,-22.48891138,
5207452845,-21.62384177,
5208052805,-22.60356702,
5208652765,-22.46668075,
5209252725,-22.4305274,
5209852685,-22.45995819,
5210452645,-22.41870717,
5211052605,-22.43263258,
5211652565,-22.11263948,
5212252525,-22.62885241,
5212852485,-22.19017239,
5213452445,-22.18167978,
5214052405,-21.84892523,
5214652365,-22.24365384,
5215252325,-22.24141907,
5215852285,-21.82400346,
5216452245,-22.25686839,
5217052205,-22.28895801,
5217652165,-21.78604289,
5218252125,-21.93524288,
5218852085,-21.73023262,
5219452045,-21.61304975,
5220052005,-22.13842101,
5220651965,-21.77907617,
5221251925,-22.08816688,
5221851885,-21.68445268,
5222451845,-21.53354317,
5223051805,-21.47059994,
5223651765,-21.41264589,
5224251725,-21.74701133,
5224851685,-22.02895899,
5225451645,-21.57638004,
5226051605,-21.94774126,
5226651565,-21.53149176,
5227251525,-21.61611634,
5227851485,-21.64039616,
5228451445,-21.5985099,
5229051405,-21.45312417,
5229651365,-21.40260299,
5230251325,-21.63462139,
5230851285,-21.53179728,
5231451244,-21.53522788,
5232051204,-21.72008873,
5232651164,-21.40160629,
5233251124,-21.56251849,
5233851084,-21.63989367,
5234451044,-21.13268425,
5235051004,-21.79131289,
5235650964,-21.24001421,
5236250924,-21.08810153,
5236850884,-21.18480833,
5237450844,-20.95005401,
5238050804,-21.13029149,
5238650764,-21.40450267,
5239250724,-20.94105606,
5239850684,-21.00301634,
5240450644,-21.06183828,
5241050604,-21.25583522,
5241650564,-21.00880622,
5242250524,-20.81242752,
5242850484,-20.69557091,
5243450444,-20.67180518,
5244050404,-20.90933458,
5244650364,-20.64742926,
5245250324,-20.73520536,
5245850284,-20.57709084,
5246450244,-20.72716807,
5247050204,-20.7549974,
5247650164,-20.55181262,
5248250124,-20.69930968,
5248850084,-20.42462542,
5249450044,-20.65060968,
5250050004,-20.44343441,
5250649964,-20.4244683,
5251249924,-20.64415081,
5251849884,-20.34189245,
5252449844,-20.51128067,
5253049804,-20.26968401,
5253649764,-20.2146199,
5254249724,-20.53280422,
5254849684,-20.22360558,
5255449644,-20.24069546,
5256049604,-20.76501058,
5256649564,-20.37235207,
5257249524,-20.52835064,
5257849484,-20.66701822,
5258449444,-20.54304613,
5259049404,-19.87855819,
5259649364,-20.49822218,
5260249324,-20.41819372,
5260849284,-20.39721897,
5261449244,-20.33367392,
5262049204,-19.92189344,
5262649164,-20.44690187,
5263249124,-20.03387042,
5263849084,-20.45191979,
5264449044,-20.62101946,
5265049004,-20.4859487,
5265648964,-20.53207988,
5266248924,-20.05964402,
5266848884,-19.99590876,
5267448844,-21.1603243,
5268048804,-19.95983026,
5268648764,-20.13309523,
5269248724,-20.51459868,
5269848684,-19.76367107,
5270448644,-20.046573,
5271048604,-20.10560973,
5271648564,-20.24666201,
5272248524,-20.28890664,
5272848484,-20.07351595,
5273448444,-20.20953994,
5274048404,-20.07032498,
5274648364,-19.65359433,
5275248324,-19.80847472,
5275848284,-20.05874587,
5276448244,-20.05510805,
5277048204,-19.7815202,
5277648164,-19.68711622,
5278248124,-20.21836308,
5278848084,-20.59766496,
5279448044,-19.70440335,
5280048004,-20.05903352,
5280647964,-20.11587531,
5281247924,-19.89380948,
5281847884,-19.7168605,
5282447844,-19.75326211,
5283047804,-20.05653386,
5283647764,-20.26659038,
5284247724,-20.10316592,
5284847684,-20.46163405,
5285447644,-19.68543918,
5286047604,-20.24110276,
5286647564,-19.81796595,
5287247524,-19.94712415,
5287847484,-20.35119859,
5288447444,-19.89285544,
5289047404,-20.14001981,
5289647364,-19.71707874,
5290247324,-19.93884959,
5290847284,-20.04803376,
5291447244,-19.23993139,
5292047204,-19.2932133,
5292647164,-19.77947513,
5293247124,-19.82661217,
5293847084,-19.92684492,
5294447044,-19.8560886,
5295047004,-19.79501155,
5295646964,-20.2787084,
5296246924,-20.30189981,
5296846884,-19.98922018,
5297446844,-19.5149531,
5298046804,-20.51912066,
5298646764,-19.82726954,
5299246724,-20.16932226,
5299846684,-20.578657,
5300446644,-19.80513147,
5301046604,-19.58948979,
5301646564,-19.69409962,
5302246524,-19.8002284,
5302846484,-20.22251709,
5303446444,-19.7305054,
5304046404,-19.65393211,
5304646364,-19.94119246,
5305246324,-19.93277689,
5305846284,-20.3141712,
5306446244,-19.94040468,
5307046204,-19.69067791,
5307646164,-20.6848683,
5308246124,-19.80270926,
5308846084,-20.48758732,
5309446044,-20.08951407,
5310046004,-19.43691454,
5310645964,-20.01227424,
5311245924,-20.19890553,
5311845884,-20.41445371,
5312445844,-20.2052151,
5313045804,-20.2873939,
5313645764,-19.9140184,
5314245724,-19.90044927,
5314845684,-20.39525523,
5315445644,-19.99466464,
5316045604,-20.06389631,
5316645564,-20.12226552,
5317245524,-20.25434812,
5317845484,-19.740793,
5318445444,-20.45309269,
5319045404,-19.96827071,
5319645364,-20.89192311,
5320245324,-20.76415805,
5320845284,-19.89362289,
5321445244,-20.20663995,
5322045204,-19.77993673,
5322645164,-20.11651322,
5323245124,-19.97391906,
5323845084,-20.46904595,
5324445044,-20.44992362,
5325045004,-20.15022949,
5325644964,-20.59746485,
5326244924,-20.11333203,
5326844884,-20.30534256,
5327444844,-19.91593227,
5328044804,-19.91282987,
5328644764,-20.26074033,
5329244724,-20.20805689,
5329844684,-19.90362297,
5330444644,-20.15389559,
5331044604,-20.40459863,
5331644564,-20.30492729,
5332244524,-20.45245747,
5332844484,-20.41469715,
5333444444,-20.52191198,
5334044404,-20.46378811,
5334644364,-20.4251604,
5335244324,-20.62803912,
5335844284,-20.10308364,
5336444244,-20.55847823,
5337044204,-20.59553705,
5337644164,-20.75759426,
5338244124,-21.11592993,
5338844084,-20.83669798,
5339444044,-20.63943675,
5340044004,-20.53761046,
5340643964,-20.9048779,
5341243924,-20.9513662,
5341843884,-20.71186252,
5342443844,-21.07275344,
5343043804,-21.24673526,
5343643764,-21.39093669,
5344243724,-20.95770993,
5344843684,-20.78912857,
5345443644,-20.86432107,
5346043604,-21.04558244,
5346643564,-21.18563775,
5347243524,-20.7938455,
5347843484,-21.19461412,
5348443444,-21.52978739,
5349043404,-21.12757384,
5349643364,-21.28744039,
5350243324,-21.43469317,
5350843284,-21.48575251,
5351443244,-21.52480409,
5352043204,-21.83362562,
5352643164,-21.31740909,
5353243124,-21.9806307,
5353843084,-21.34831819,
5354443044,-21.38449665,
5355043004,-21.46654961,
5355642964,-21.28004567,
5356242924,-21.87396893,
5356842884,-21.31525503,
5357442844,-21.43834895,
5358042804,-21.3673244,
5358642764,-21.92172327,
5359242724,-21.75994532,
5359842684,-22.00903251,
5360442644,-21.65294192,
5361042604,-21.93812024,
5361642564,-21.94949955,
5362242524,-22.31235368,
5362842484,-21.74898881,
5363442444,-21.66370436,
5364042404,-21.96264875,
5364642364,-21.58359149,
5365242324,-21.67832156,
5365842284,-22.13089518,
5366442244,-22.29415494,
5367042204,-21.89841056,
5367642164,-22.13181185,
5368242124,-22.45192017,
5368842084,-22.46464353,
5369442044,-22.09420933,
5370042004,-21.85574526,
5370641964,-22.55389523,
5371241924,-21.65566449,
5371841884,-21.68096073,
5372441844,-22.09932368,
5373041804,-22.62262912,
5373641764,-21.52602988,
5374241724,-22.25986635,
5374841684,-22.31965904,
5375441644,-23.20012164,
5376041604,-21.85803833,
5376641564,-22.90231568,
5377241524,-22.856229,
5377841484,-22.74737162,
5378441444,-22.58934389,
5379041404,-22.78592814,
5379641364,-22.67493274,
5380241324,-21.38020799,
5380841284,-22.88310536,
5381441244,-22.78742536,
5382041204,-22.76609936,
5382641164,-22.11691428,
5383241124,-22.16019727,
5383841084,-22.91147538,
5384441044,-22.6384133,
5385041004,-22.73992366,
5385640963,-22.68724342,
5386240923,-22.09754637,
5386840883,-22.46415215,
5387440843,-23.10771347,
5388040803,-23.32358455,
5388640763,-22.95068716,
5389240723,-23.2152317,
5389840683,-22.9099831,
5390440643,-22.68461145,
5391040603,-23.22287694,
5391640563,-22.22691456,
5392240523,-22.13603202,
5392840483,-23.16097425,
5393440443,-23.05856861,
5394040403,-22.53574578,
5394640363,-23.05723347,
5395240323,-23.20496793,
5395840283,-22.98150597,
5396440243,-23.23629482,
5397040203,-22.69166689,
5397640163,-23.44100461,
5398240123,-23.22618522,
5398840083,-22.64343644,
5399440043,-23.55029753,
5400040003,-22.50730402,
5400639963,-23.12145342,
5401239923,-23.23196677,
5401839883,-23.05380378,
5402439843,-23.52525269,
5403039803,-22.75567126,
5403639763,-22.7062185,
5404239723,-23.02741071,
5404839683,-22.75403082,
5405439643,-22.94598668,
5406039603,-22.38407644,
5406639563,-22.45455552,
5407239523,-23.25867669,
5407839483,-22.60731748,
5408439443,-22.04431232,
5409039403,-23.40986921,
5409639363,-22.3000946,
5410239323,-22.81382929,
5410839283,-22.65628698,
5411439243,-22.91999657,
5412039203,-23.1969635,
5412639163,-22.80148478,
5413239123,-22.8917632,
5413839083,-22.95051599,
5414439043,-22.91769865,
5415039003,-23.86439452,
5415638963,-23.59687359,
5416238923,-23.26395568,
5416838883,-23.27418421,
5417438843,-23.8264306,
5418038803,-22.94313295,
5418638763,-23.74140521,
5419238723,-23.03139308,
5419838683,-23.23795596,
5420438643,-23.06843982,
5421038603,-23.06993946,
5421638563,-23.48487263,
5422238523,-22.989187,
5422838483,-23.58557202,
5423438443,-23.27793448,
5424038403,-22.85566836,
5424638363,-23.25572596,
5425238323,-23.58063713,
5425838283,-23.47425489,
5426438243,-23.26327503,
5427038203,-23.4148695,
5427638163,-23.01937582,
5428238123,-23.81395656,
5428838083,-24.15040019,
5429438043,-23.20702077,
5430038003,-23.07607481,
5430637963,-24.4059186,
5431237923,-23.419105,
5431837883,-23.42285631,
5432437843,-24.34626821,
5433037803,-25.15409708,
5433637763,-23.51642679,
5434237723,-23.4931108,
5434837683,-23.80833574,
5435437643,-23.75046064,
5436037603,-23.7774746,
5436637563,-23.86783129,
5437237523,-24.3922787,
5437837483,-23.54406769,
5438437443,-23.69378595,
5439037403,-25.20224373,
5439637363,-23.14178783,
5440237323,-24.32545853,
5440837283,-23.56512788,
5441437243,-24.73981418,
5442037203,-23.42147894,
5442637163,-23.42084727,
5443237123,-24.23089889,
5443837083,-23.64750205,
5444437043,-24.48227302,
5445037003,-23.05111921,
5445636963,-23.66843439,
5446236923,-23.50026216,
5446836883,-23.40592382,
5447436843,-24.35153572,
5448036803,-23.82200167,
5448636763,-23.97715462,
5449236723,-23.87194279,
5449836683,-24.20752304,
5450436643,-23.8245848,
5451036603,-24.06877001,
5451636563,-23.614008,
5452236523,-23.59886272,
5452836483,-23.88998559,
5453436443,-23.48456691,
5454036403,-24.24615258,
5454636363,-24.06756366,
5455236323,-24.13423948,
5455836283,-23.71272047,
5456436243,-24.67518076,
5457036203,-23.86944043,
5457636163,-23.54221582,
5458236123,-24.48275778,
5458836083,-24.33488623,
5459436043,-23.95378151,
5460036003,-23.52185941,
5460635963,-24.04597403,
5461235923,-24.07221746,
5461835883,-23.80411285,
5462435843,-23.57454218,
5463035803,-23.97099885,
5463635763,-22.99537507,
5464235723,-24.18364705,
5464835683,-23.01856715,
5465435643,-24.28579451,
5466035603,-24.16733187,
5466635563,-24.36016152,
5467235523,-22.94184924,
5467835483,-23.37839019,
5468435443,-24.27410296,
5469035403,-23.42090338,
5469635363,-23.35248813,
5470235323,-24.14615717,
5470835283,-23.2897604,
5471435243,-23.36502851,
5472035203,-23.8947144,
5472635163,-23.69904115,
5473235123,-24.23565922,
5473835083,-23.87487432,
5474435043,-24.22172093,
5475035003,-23.47437859,
5475634963,-23.77352923,
5476234923,-23.50110579,
5476834883,-22.65373919,
5477434843,-23.07419941,
5478034803,-23.58334244,
5478634763,-23.99923208,
5479234723,-22.33691253,
5479834683,-23.4781109,
5480434643,-23.71810686,
5481034603,-23.57259634,
5481634563,-23.66649404,
5482234523,-23.12980643,
5482834483,-23.26792522,
5483434443,-23.93181568,
5484034403,-22.99445983,
5484634363,-23.32904298,
5485234323,-23.81079101,
5485834283,-23.20355399,
5486434243,-22.51973829,
5487034203,-23.89446712,
5487634163,-22.654272,
5488234123,-22.76865031,
5488834083,-23.77782488,
5489434043,-22.6993357,
5490034003,-22.4821981,
5490633963,-22.55464055,
5491233923,-22.94114539,
5491833883,-22.92815072,
5492433843,-23.12030675,
5493033803,-22.6232379,
5493633763,-22.91999138,
5494233723,-22.66256687,
5494833683,-23.12076795,
5495433643,-23.00361313,
5496033603,-22.56547261,
5496633563,-22.4902622,
5497233523,-22.96689562,
5497833483,-22.93075876,
5498433443,-22.45729811,
5499033403,-21.95500297,
5499633363,-22.68005476,
5500233323,-22.44017272,
5500833283,-22.23771069,
5501433243,-22.93703016,
5502033203,-21.97702957,
5502633163,-22.46847812,
5503233123,-22.22693382,
5503833083,-21.90306934,
5504433043,-22.66453439,
5505033003,-21.92652372,
5505632963,-21.97496401,
5506232923,-22.47443524,
5506832883,-21.71260098,
5507432843,-22.25920531,
5508032803,-22.73545377,
5508632763,-22.43909453,
5509232723,-22.41516668,
5509832683,-22.32459699,
5510432643,-21.29619335,
5511032603,-22.45448992,
5511632563,-22.86413765,
5512232523,-22.32265342,
5512832483,-22.24317694,
5513432443,-22.24822695,
5514032403,-22.0106717,
5514632363,-22.16812639,
5515232323,-22.20715284,
5515832283,-21.81064161,
5516432243,-22.3696843,
5517032203,-22.13938538,
5517632163,-21.91603451,
5518232123,-22.22750386,
5518832083,-21.68523534,
5519432043,-22.1659715,
5520032003,-22.27326038,
5520631963,-22.13343708,
5521231923,-22.80137121,
5521831883,-22.5507502,
5522431843,-21.66942362,
5523031803,-21.33586757,
5523631763,-22.32832481,
5524231723,-21.95726137,
5524831683,-21.80432408,
5525431643,-21.68210585,
5526031603,-21.77317656,
5526631563,-22.24199676,
5527231523,-22.53106428,
5527831483,-22.28037758,
5528431443,-21.72711445,
5529031403,-22.20708608,
5529631363,-22.49250855,
5530231323,-21.92820898,
5530831283,-21.09600745,
5531431243,-21.31401789,
5532031203,-21.19263524,
5532631163,-22.10979708,
5533231123,-22.1010633,
5533831083,-21.86063423,
5534431043,-21.09084476,
5535031003,-22.00091305,
5535630963,-21.73201797,
5536230923,-21.7553503,
5536830883,-21.63636669,
5537430843,-21.31272962,
5538030803,-21.99683817,
5538630763,-21.78715238,
5539230722,-21.45107537,
5539830682,-22.05007493,
5540430642,-20.85844829,
5541030602,-20.66043275,
5541630562,-21.00763491,
5542230522,-21.31931282,
5542830482,-21.57802886,
5543430442,-20.75614775,
5544030402,-20.78516853,
5544630362,-20.9978123,
5545230322,-20.83766343,
5545830282,-20.75863156,
5546430242,-21.61956784,
5547030202,-21.65589792,
5547630162,-21.3318447,
5548230122,-20.59122852,
5548830082,-20.89044722,
5549430042,-21.00422726,
5550030002,-21.32003809,
5550629962,-20.81763231,
5551229922,-21.49670828,
5551829882,-20.67092899,
5552429842,-20.82616824,
5553029802,-21.14975521,
5553629762,-20.24196029,
5554229722,-20.58579974,
5554829682,-20.85841821,
5555429642,-20.29028236,
5556029602,-20.66780301,
5556629562,-20.73087937,
5557229522,-20.8386431,
5557829482,-20.42672717,
5558429442,-20.58990902,
5559029402,-20.50055997,
5559629362,-20.20013476,
5560229322,-20.64948973,
5560829282,-20.48804527,
5561429242,-20.55554722,
5562029202,-20.41149673,
5562629162,-20.5133514,
5563229122,-20.45214633,
5563829082,-20.16251311,
5564429042,-20.14078341,
5565029002,-20.68658003,
5565628962,-20.13077939,
5566228922,-20.01083648,
5566828882,-20.3141871,
5567428842,-20.17515984,
5568028802,-20.0512063,
5568628762,-20.43444588,
5569228722,-19.79115063,
5569828682,-19.92074675,
5570428642,-20.02806722,
5571028602,-19.73484065,
5571628562,-20.28935973,
5572228522,-20.22942398,
5572828482,-19.53410429,
5573428442,-19.78646504,
5574028402,-19.85984263,
5574628362,-19.72502464,
5575228322,-19.92512424,
5575828282,-19.99051582,
5576428242,-20.02714226,
5577028202,-19.92241891,
5577628162,-19.84986913,
5578228122,-19.49523122,
5578828082,-20.07853637,
5579428042,-20.03870745,
5580028002,-19.69928455,
5580627962,-19.78447844,
5581227922,-19.53913138,
5581827882,-19.64319859,
5582427842,-19.79620488,
5583027802,-19.88546233,
5583627762,-19.45056419,
5584227722,-19.53692638,
5584827682,-19.5020102,
5585427642,-19.7904894,
5586027602,-19.75662752,
5586627562,-19.77954683,
5587227522,-20.04827837,
5587827482,-19.31185993,
5588427442,-19.73259985,
5589027402,-19.83183063,
5589627362,-19.84917181,
5590227322,-19.79303809,
5590827282,-19.69533986,
5591427242,-19.80166071,
5592027202,-19.42138,
5592627162,-19.80256382,
5593227122,-19.72785448,
5593827082,-19.79522019,
5594427042,-19.6488773,
5595027002,-19.60314571,
5595626962,-19.98751845,
5596226922,-19.94824795,
5596826882,-19.51356282,
5597426842,-19.64329541,
5598026802,-19.1649238,
5598626762,-19.77469301,
5599226722,-19.67719443,
5599826682,-19.6549073,
5600426642,-19.75347452,
5601026602,-19.7872109,
5601626562,-19.7475155,
5602226522,-20.03400788,
5602826482,-19.7892243,
5603426442,-19.92090575,
5604026402,-19.7160179,
5604626362,-20.13773951,
5605226322,-19.59302506,
5605826282,-20.01123375,
5606426242,-19.68879219,
5607026202,-19.89404115,
5607626162,-20.0323774,
5608226122,-20.0266677,
5608826082,-19.57471258,
5609426042,-20.05934838,
5610026002,-19.79136536,
5610625962,-20.15569427,
5611225922,-20.18502742,
5611825882,-19.56707663,
5612425842,-19.82173816,
5613025802,-20.41828206,
5613625762,-20.14449068,
5614225722,-20.17991256,
5614825682,-20.0461519,
5615425642,-19.95233561,
5616025602,-20.01411119,
5616625562,-19.91086162,
5617225522,-20.20157466,
5617825482,-20.66722657,
5618425442,-20.01554595,
5619025402,-20.15612091,
5619625362,-20.35085203,
5620225322,-20.02330898,
5620825282,-20.39230577,
5621425242,-20.42355197,
5622025202,-20.20134649,
5622625162,-20.53660977,
5623225122,-20.25811819,
5623825082,-19.86440757,
5624425042,-20.7499512,
5625025002,-20.8881451,
5625624962,-20.78684305,
5626224922,-20.18947911,
5626824882,-20.03214695,
5627424842,-20.37991635,
5628024802,-20.05156262,
5628624762,-20.44189819,
5629224722,-20.81405348,
5629824682,-20.61420971,
5630424642,-21.09254998,
5631024602,-20.74019752,
5631624562,-20.96286669,
5632224522,-20.63134794,
5632824482,-20.34318708,
5633424442,-20.99151702,
5634024402,-21.22596431,
5634624362,-21.0658078,
5635224322,-21.05857991,
5635824282,-21.46471142,
5636424242,-20.91954653,
5637024202,-21.05028084,
5637624162,-20.44549167,
5638224122,-21.50209015,
5638824082,-20.76532706,
5639424042,-21.27170806,
5640024002,-21.03740266,
5640623962,-20.85652151,
5641223922,-21.17407159,
5641823882,-20.51189654,
5642423842,-20.91234315,
5643023802,-21.0949335,
5643623762,-22.24701348,
5644223722,-20.74518844,
5644823682,-21.33249107,
5645423642,-21.6242568,
5646023602,-21.25427759,
5646623562,-21.17727973,
5647223522,-21.461251,
5647823482,-20.4347007,
5648423442,-21.3322977,
5649023402,-20.65626465,
5649623362,-21.69896376,
5650223322,-20.58879785,
5650823282,-21.69465304,
5651423242,-21.37106447,
5652023202,-21.73881222,
5652623162,-21.32496702,
5653223122,-20.89542333,
5653823082,-22.18393039,
5654423042,-21.93901251,
5655023002,-22.33023015,
5655622962,-21.13147951,
5656222922,-21.64631105,
5656822882,-21.94648467,
5657422842,-22.15591021,
5658022802,-21.89629951,
5658622762,-21.36160815,
5659222722,-20.73743309,
5659822682,-21.6786022,
5660422642,-22.37401879,
5661022602,-22.00019386,
5661622562,-21.75374578,
5662222522,-21.54999692,
5662822482,-21.6544455,
5663422442,-21.81611079,
5664022402,-21.64017601,
5664622362,-21.27734097,
5665222322,-21.5943008,
5665822282,-21.32470439,
5666422242,-21.18021398,
5667022202,-21.88342399,
5667622162,-21.21492473,
5668222122,-22.00402301,
5668822082,-21.49225919,
5669422042,-22.35408108,
5670022002,-21.68883794,
5670621962,-21.85685786,
5671221922,-21.87939852,
5671821882,-21.76677573,
5672421842,-22.43995464,
5673021802,-21.76939239,
5673621762,-21.9732191,
5674221722,-22.71238664,
5674821682,-22.26841148,
5675421642,-21.75223291,
5676021602,-22.64553232,
5676621562,-21.66969027,
5677221522,-21.49426613,
5677821482,-22.23011257,
5678421442,-22.38758321,
5679021402,-21.70133505,
5679621362,-22.40911081,
5680221322,-22.57041204,
5680821282,-22.99300078,
5681421242,-22.21423339,
5682021202,-22.79910928,
5682621162,-22.247056,
5683221122,-22.99250932,
5683821082,-22.69277672,
5684421042,-22.86315464,
5685021002,-22.32671048,
5685620962,-22.4704834,
5686220922,-22.228318,
5686820882,-22.57924023,
5687420842,-23.33103589,
5688020802,-23.22229124,
5688620762,-23.51895577,
5689220722,-22.91406576,
5689820682,-24.10303039,
5690420642,-24.05696104,
5691020602,-23.64087509,
5691620562,-24.39718874,
5692220522,-22.59967337,
5692820481,-23.23182588,
5693420441,-23.3539167,
5694020401,-25.68638352,
5694620361,-23.87586074,
5695220321,-24.36187182,
5695820281,-23.22206082,
5696420241,-24.44967669,
5697020201,-23.93687201,
5697620161,-24.14278786,
5698220121,-23.40139994,
5698820081,-25.08127445,
5699420041,-23.87149837,
5700020001,-23.36093835,
5700619961,-24.70464322,
5701219921,-25.20293731,
5701819881,-23.83179922,
5702419841,-25.25974029,
5703019801,-26.26059219,
5703619761,-23.80235977,
5704219721,-22.75975895,
5704819681,-25.23118112,
5705419641,-24.0755055,
5706019601,-24.6361089,
5706619561,-25.50338421,
5707219521,-25.63201673,
5707819481,-24.56620762,
5708419441,-25.03431048,
5709019401,-24.37752708,
5709619361,-23.97090759,
5710219321,-24.63561305,
5710819281,-26.59019367,
5711419241,-24.83565445,
5712019201,-24.9582707,
5712619161,-24.70982378,
5713219121,-23.7254575,
5713819081,-26.24111012,
5714419041,-24.39860006,
5715019001,-25.43700734,
5715618961,-23.26625459,
5716218921,-26.82171436,
5716818881,-23.97793839,
5717418841,-24.90171482,
5718018801,-23.71233551,
5718618761,-25.45242862,
5719218721,-25.343881,
5719818681,-26.23091279,
5720418641,-24.63622561,
5721018601,-27.43850699,
5721618561,-27.9553506,
5722218521,-25.10546338,
5722818481,-24.9901109,
5723418441,-23.93996452,
5724018401,-25.76168578,
5724618361,-24.44645047,
5725218321,-26.32734764,
5725818281,-24.09005691,
5726418241,-26.20230913,
5727018201,-24.13726085,
5727618161,-26.0203553,
5728218121,-26.08788217,
5728818081,-26.16416926,
5729418041,-25.74743909,
5730018001,-25.41686591,
5730617961,-26.6911071,
5731217921,-26.44751484,
5731817881,-31.17639354,
5732417841,-26.8317918,
5733017801,-24.8045809,
5733617761,-26.73933927,
5734217721,-27.86118348,
5734817681,-26.39732148,
5735417641,-24.47383028,
5736017601,-26.52414971,
5736617561,-26.36814735,
5737217521,-27.35648877,
5737817481,-24.8795493,
5738417441,-24.04686927,
5739017401,-26.9475357,
5739617361,-26.36517672,
5740217321,-26.76079043,
5740817281,-28.19527494,
5741417241,-27.56121815,
5742017201,-25.8016658,
5742617161,-24.76414988,
5743217121,-25.00106166,
5743817081,-28.31495063,
5744417041,-30.19319548,
5745017001,-28.00883225,
5745616961,-28.51426972,
5746216921,-27.26189421,
5746816881,-26.37386752,
5747416841,-26.57909878,
5748016801,-26.24601612,
5748616761,-24.53421152,
5749216721,-28.7984152,
5749816681,-25.86278594,
5750416641,-27.34491072,
5751016601,-26.58726154,
5751616561,-27.19558137,
5752216521,-25.57139779,
5752816481,-26.51762298,
5753416441,-29.77249969,
5754016401,-28.32826032,
5754616361,-24.17177332,
5755216321,-25.09765874,
5755816281,-27.20789848,
5756416241,-26.02724429,
5757016201,-27.03369065,
5757616161,-24.2922431,
5758216121,-27.40496522,
5758816081,-27.84591587,
5759416041,-28.01063158,
5760016001,-25.3628188,
5760615961,-28.37155833,
5761215921,-25.66377897,
5761815881,-27.00214325,
5762415841,-24.55049229,
5763015801,-25.39162718,
5763615761,-27.68570969,
5764215721,-25.51382393,
5764815681,-26.90563843,
5765415641,-26.30378551,
5766015601,-28.63699719,
5766615561,-25.82200974,
5767215521,-25.32567547,
5767815481,-25.26467345,
5768415441,-25.75796758,
5769015401,-25.10208839,
5769615361,-26.81532904,
5770215321,-23.98093144,
5770815281,-24.42248485,
5771415241,-27.37295804,
5772015201,-24.01966973,
5772615161,-26.72668089,
5773215121,-26.79432722,
5773815081,-26.49902559,
5774415041,-25.5720292,
5775015001,-27.395324,
5775614961,-23.85510754,
5776214921,-24.63159727,
5776814881,-24.87516687,
5777414841,-23.63858584,
5778014801,-25.1525929,
5778614761,-24.41277299,
5779214721,-25.12178224,
5779814681,-25.02560551,
5780414641,-26.17852788,
5781014601,-27.25941875,
5781614561,-24.08746568,
5782214521,-25.54024542,
5782814481,-27.22970822,
5783414441,-23.93903281,
5784014401,-25.43684984,
5784614361,-25.50396092,
5785214321,-23.14052531,
5785814281,-23.85208607,
5786414241,-24.36181882,
5787014201,-23.73835576,
5787614161,-23.83704882,
5788214121,-23.92969811,
5788814081,-24.16642193,
5789414041,-24.31646579,
5790014001,-25.34276479,
5790613961,-23.62717198,
5791213921,-24.20891879,
5791813881,-25.66035357,
5792413841,-24.3867164,
5793013801,-24.18205395,
5793613761,-22.73174955,
5794213721,-24.85204245,
5794813681,-23.76836491,
5795413641,-23.85402283,
5796013601,-24.79723996,
5796613561,-22.97613662,
5797213521,-22.51865068,
5797813481,-25.32616779,
5798413441,-22.85954035,
5799013401,-23.90445942,
5799613361,-21.61846021,
5800213321,-23.69754006,
5800813281,-22.97000663,
5801413241,-22.37876129,
5802013201,-23.38227951,
5802613161,-22.87155622,
5803213121,-23.68201897,
5803813081,-23.61618207,
5804413041,-22.95752115,
5805013001,-22.80598745,
5805612961,-24.15966751,
5806212921,-23.17019072,
5806812881,-23.25330475,
5807412841,-22.4358107,
5808012801,-23.23993385,
5808612761,-24.61811413,
5809212721,-23.06430801,
5809812681,-22.99031292,
5810412641,-23.06822596,
5811012601,-23.32956231,
5811612561,-22.68835441,
5812212521,-21.47433793,
5812812481,-22.05644316,
5813412441,-22.96986391,
5814012401,-21.9967223,
5814612361,-22.82074559,
5815212321,-23.26108443,
5815812281,-22.00188236,
5816412241,-22.89312736,
5817012201,-22.0297562,
5817612161,-21.42465068,
5818212121,-22.1024806,
5818812081,-23.06762701,
5819412041,-22.11451228,
5820012001,-21.93341215,
5820611961,-22.31448298,
5821211921,-22.00279177,
5821811881,-22.23208434,
5822411841,-22.26852309,
5823011801,-21.28590866,
5823611761,-21.64349117,
5824211721,-21.60126123,
5824811681,-21.76628848,
5825411641,-22.30028191,
5826011601,-21.96482335,
5826611561,-21.52280453,
5827211521,-22.17534511,
5827811481,-21.46968287,
5828411441,-21.62666047,
5829011401,-21.56253851,
5829611361,-21.3558031,
5830211321,-21.158362,
5830811281,-20.65645175,
5831411241,-22.72907311,
5832011201,-21.16975232,
5832611161,-21.23408422,
5833211121,-21.87241421,
5833811081,-21.73941121,
5834411041,-21.51359367,
5835011001,-21.12428498,
5835610961,-21.58520026,
5836210921,-21.41905913,
5836810881,-21.47330366,
5837410841,-21.64884391,
5838010801,-22.03987404,
5838610761,-21.24109157,
5839210721,-20.67169002,
5839810681,-21.0986034,
5840410641,-21.90171768,
5841010601,-21.60049909,
5841610561,-21.05998925,
5842210521,-21.75584804,
5842810481,-20.90676772,
5843410441,-20.70418275,
5844010401,-20.84038443,
5844610361,-21.24942334,
5845210321,-21.02873151,
5845810281,-21.74720332,
5846410240,-21.32959006,
5847010200,-21.25408073,
5847610160,-21.16008272,
5848210120,-21.48714808,
5848810080,-20.79018557,
5849410040,-21.02127578,
5850010000,-20.74163724,
5850609960,-21.04555435,
5851209920,-21.433443,
5851809880,-20.29663727,
5852409840,-21.38965626,
5853009800,-21.71125629,
5853609760,-20.81879755,
5854209720,-21.14371655,
5854809680,-20.9648259,
5855409640,-20.83740793,
5856009600,-20.39605402,
5856609560,-21.24299688,
5857209520,-20.89219707,
5857809480,-20.68022872,
5858409440,-20.00094818,
5859009400,-20.375251,
5859609360,-20.63147878,
5860209320,-19.96283125,
5860809280,-21.07160341,
5861409240,-20.10727377,
5862009200,-20.64622754,
5862609160,-20.20557913,
5863209120,-21.07207533,
5863809080,-19.90237699,
5864409040,-20.42710569,
5865009000,-20.24483407,
5865608960,-20.9816291,
5866208920,-20.38252664,
5866808880,-20.73483715,
5867408840,-20.17165444,
5868008800,-20.64840818,
5868608760,-20.28102187,
5869208720,-19.98164661,
5869808680,-20.49077803,
5870408640,-20.01642968,
5871008600,-19.79524437,
5871608560,-19.87948044,
5872208520,-20.34478317,
5872808480,-19.85688033,
5873408440,-20.39683343,
5874008400,-20.30850042,
5874608360,-20.14424782,
5875208320,-20.47341317,
5875808280,-20.38658794,
5876408240,-20.4031024,
5877008200,-19.50036813,
5877608160,-20.49445566,
5878208120,-20.02373251,
5878808080,-19.21964673,
5879408040,-20.37901667,
5880008000,-20.1918976,
5880607960,-20.78700781,
5881207920,-20.29383708,
5881807880,-20.22754121,
5882407840,-20.20382672,
5883007800,-20.35510606,
5883607760,-19.83120862,
5884207720,-19.9359738,
5884807680,-19.73146781,
5885407640,-19.70733857,
5886007600,-20.38974257,
5886607560,-19.4651748,
5887207520,-20.14346611,
5887807480,-19.9457598,
5888407440,-19.43006886,
5889007400,-19.99020282,
5889607360,-19.90204205,
5890207320,-20.11112272,
5890807280,-19.67920884,
5891407240,-20.03599805,
5892007200,-19.42956502,
5892607160,-19.48458894,
5893207120,-19.60324046,
5893807080,-19.40001684,
5894407040,-20.14624603,
5895007000,-19.96797451,
5895606960,-19.94372678,
5896206920,-20.04900799,
5896806880,-19.76667849,
5897406840,-20.2695436,
5898006800,-20.46528735,
5898606760,-20.32651851,
5899206720,-19.86431029,
5899806680,-20.11130415,
5900406640,-20.20928653,
5901006600,-20.42983748,
5901606560,-20.22770843,
5902206520,-20.2052323,
5902806480,-19.5573904,
5903406440,-20.18636403,
5904006400,-20.15643114,
5904606360,-19.99799929,
5905206320,-20.25444667,
5905806280,-20.29131651,
5906406240,-20.33203612,
5907006200,-19.72149763,
5907606160,-20.28638176,
5908206120,-20.02159997,
5908806080,-20.79446265,
5909406040,-19.99441222,
5910006000,-19.8814918,
5910605960,-20.63392676,
5911205920,-19.96221475,
5911805880,-20.21258269,
5912405840,-19.44009257,
5913005800,-20.02475397,
5913605760,-19.91653219,
5914205720,-19.82476268,
5914805680,-19.65991322,
5915405640,-20.01820618,
5916005600,-20.89959105,
5916605560,-19.57485168,
5917205520,-20.62337141,
5917805480,-20.62959398,
5918405440,-20.35083827,
5919005400,-20.831439,
5919605360,-21.16660466,
5920205320,-19.75776767,
5920805280,-21.56769474,
5921405240,-20.27086244,
5922005200,-20.76698087,
5922605160,-20.94948349,
5923205120,-21.01401659,
5923805080,-20.95791566,
5924405040,-20.80745698,
5925005000,-20.64532751,
5925604960,-19.92986579,
5926204920,-21.23085125,
5926804880,-21.32771197,
5927404840,-21.15914882,
5928004800,-20.95008523,
5928604760,-20.52609794,
5929204720,-20.29616179,
5929804680,-21.57524449,
5930404640,-21.05151739,
5931004600,-20.96198989,
5931604560,-20.66211284,
5932204520,-20.79073839,
5932804480,-21.33349529,
5933404440,-21.05712866,
5934004400,-20.98317047,
5934604360,-20.90371032,
5935204320,-20.92564225,
5935804280,-21.13822445,
5936404240,-21.52058337,
5937004200,-21.78399578,
5937604160,-20.88058959,
5938204120,-21.15292344,
5938804080,-20.86157303,
5939404040,-21.02984787,
5940004000,-21.90546821,
5940603960,-20.77986832,
5941203920,-21.53417282,
5941803880,-21.09638468,
5942403840,-21.2006561,
5943003800,-21.08212453,
5943603760,-21.05674068,
5944203720,-21.16326106,
5944803680,-21.16918236,
5945403640,-20.73365738,
5946003600,-21.30705848,
5946603560,-20.56727238,
5947203520,-21.18791573,
5947803480,-21.74731257,
5948403440,-21.05772772,
5949003400,-21.21904047,
5949603360,-21.2302518,
5950203320,-21.30488342,
5950803280,-20.45304598,
5951403240,-21.22398467,
5952003200,-20.90614449,
5952603160,-21.01673499,
5953203120,-21.8550823,
5953803080,-20.99936536,
5954403040,-21.88141067,
5955003000,-21.16410123,
5955602960,-21.02729734,
5956202920,-22.07572359,
5956802880,-21.99689458,
5957402840,-21.99553061,
5958002800,-21.63139838,
5958602760,-21.4495672,
5959202720,-21.2076246,
5959802680,-21.57633095,
5960402640,-22.0866952,
5961002600,-22.88240886,
5961602560,-21.87505328,
5962202520,-21.86965253,
5962802480,-21.59244273,
5963402440,-22.53147329,
5964002400,-22.58172744,
5964602360,-22.63926356,
5965202320,-22.23450983,
5965802280,-22.67800714,
5966402240,-23.74388488,
5967002200,-22.49399641,
5967602160,-22.19210562,
5968202120,-23.14027094,
5968802080,-23.83857679,
5969402040,-23.05684457,
5970002000,-21.67046722,
5970601960,-23.14604506,
5971201920,-22.81763123,
5971801880,-22.54300048,
5972401840,-24.23116532,
5973001800,-23.04880991,
5973601760,-22.37534564,
5974201720,-24.26398997,
5974801680,-23.52407251,
5975401640,-25.27288729,
5976001600,-25.14980896,
5976601560,-23.61289344,
5977201520,-23.04622187,
5977801480,-25.95252235,
5978401440,-23.7213186,
5979001400,-23.70833099,
5979601360,-25.08746487,
5980201320,-24.26295636,
5980801280,-23.1026791,
5981401240,-22.5229668,
5982001200,-24.76375477,
5982601160,-22.34057924,
5983201120,-23.1580054,
5983801080,-23.31053945,
5984401040,-25.1146485,
5985001000,-23.80459037,
5985600960,-23.65135108,
5986200920,-22.4150496,
5986800880,-27.66468091,
5987400840,-24.80453411,
5988000800,-25.936209,
5988600760,-23.96321735,
5989200720,-25.55551169,
5989800680,-24.96843283,
5990400640,-27.53223412,
5991000600,-25.16907316,
5991600560,-26.86328348,
5992200520,-23.35191067,
5992800480,-23.83078348,
5993400440,-26.28502657,
5994000400,-29.83660012,
5994600360,-24.40554045,
5995200320,-24.35273431,
5995800280,-28.70961415,
5996400240,-27.36825017,
5997000200,-24.63999499,
5997600160,-25.17549851,
5998200120,-25.76952906,
5998800080,-29.48906941,
5999400040,-26.61026466,
6000000000,-29.7640175,
