Frequency,S12_Magnitude,
1000000,-3.420295484,
1599959,-3.2769738,
2199919,-3.075347439,
2799879,-3.005114696,
3399839,-2.951750457,
3999799,-2.902832029,
4599759,-2.925816467,
5199719,-2.916016217,
5799679,-2.939169344,
6399639,-3.123359667,
6999599,-3.256190665,
7599559,-3.29982497,
8199519,-3.468032107,
8799479,-3.531252023,
9399439,-3.755444051,
9999399,-3.881417616,
10599359,-3.988026864,
11199319,-4.227490156,
11799279,-4.302070912,
12399239,-4.551707718,
12999199,-4.698979718,
13599159,-4.839245458,
14199119,-5.071938016,
14799079,-5.382390511,
15399039,-5.441708585,
15998999,-5.803772691,
16598959,-5.848576074,
17198919,-6.175237127,
17798879,-6.410226448,
18398839,-6.564663527,
18998799,-6.784155439,
19598759,-7.037303281,
20198719,-7.312827782,
20798679,-7.591360043,
21398639,-7.889147995,
21998599,-8.017707164,
22598559,-8.286395411,
23198519,-8.453371453,
23798479,-8.913520991,
24398439,-9.193012549,
24998399,-9.389780703,
25598359,-9.652608033,
26198319,-9.997086922,
26798279,-10.32011344,
27398239,-10.52926076,
27998199,-10.8729604,
28598159,-11.24262787,
29198119,-11.75093385,
29798079,-12.11113814,
30398039,-12.48020664,
30997999,-12.65454833,
31597959,-12.89184339,
32197919,-13.21877665,
32797879,-13.72152219,
33397839,-14.23409821,
33997799,-14.62139777,
34597759,-15.0696442,
35197719,-15.66465855,
35797679,-16.15224576,
36397639,-16.68145916,
36997599,-17.42502769,
37597559,-18.01598182,
38197519,-18.62891008,
38797479,-19.37409391,
39397439,-20.24075972,
39997399,-21.37997406,
40597359,-22.85112162,
41197319,-23.51872457,
41797279,-24.68631122,
42397239,-26.0125517,
42997199,-28.26334365,
43597159,-32.73017787,
44197119,-39.22176283,
44797079,-43.34515701,
45397039,-46.74342009,
45996999,-36.88158613,
46596959,-35.73821457,
47196919,-27.98200949,
47796879,-25.75863708,
48396839,-25.35619581,
48996799,-23.67145167,
49596759,-22.68496294,
50196719,-21.48141073,
50796679,-20.70204929,
51396639,-19.58536981,
51996599,-19.14479824,
52596559,-18.16149046,
53196519,-17.64294952,
53796479,-17.05938702,
54396439,-16.11074749,
54996399,-15.75392937,
55596359,-15.38775633,
56196319,-14.80776121,
56796279,-14.21415209,
57396239,-14.0989111,
57996199,-13.39466892,
58596159,-13.02228006,
59196119,-12.72337575,
59796079,-12.33875508,
60396039,-12.07189324,
60995999,-11.74582424,
61595959,-11.49720425,
62195919,-11.23380487,
62795879,-10.99637399,
63395839,-10.5549038,
63995799,-10.28408706,
64595759,-10.11662797,
65195719,-9.916265073,
65795679,-9.609267429,
66395639,-9.422360767,
66995599,-9.179617623,
67595559,-8.967000261,
68195519,-8.716080656,
68795479,-8.513692838,
69395439,-8.33275429,
69995399,-8.196226895,
70595359,-7.988039084,
71195319,-7.793208205,
71795279,-7.705969859,
72395239,-7.492238011,
72995199,-7.419230764,
73595159,-7.290877893,
74195119,-7.064550352,
74795079,-7.004965983,
75395039,-6.884853933,
75994999,-6.650516657,
76594959,-6.61929114,
77194919,-6.425942988,
77794879,-6.352023868,
78394839,-6.296842282,
78994799,-6.207575921,
79594759,-6.108815672,
80194719,-6.037140575,
80794679,-5.928001902,
81394639,-5.86046986,
81994599,-5.650035251,
82594559,-5.634374383,
83194519,-5.545109761,
83794479,-5.488436484,
84394439,-5.343892567,
84994399,-5.378894953,
85594359,-5.299987089,
86194319,-5.192197563,
86794279,-5.124623649,
87394239,-5.062103269,
87994199,-5.00391264,
88594159,-5.04265801,
89194119,-4.890822205,
89794079,-4.896941335,
90394039,-4.835955113,
90993999,-4.778357278,
91593959,-4.71674668,
92193919,-4.591537034,
92793879,-4.66769005,
93393839,-4.593493261,
93993799,-4.519118577,
94593759,-4.456960546,
95193719,-4.419209054,
95793679,-4.412666083,
96393639,-4.408611737,
96993599,-4.382180965,
97593559,-4.349341316,
98193519,-4.335027398,
98793479,-4.297857916,
99393439,-4.231982361,
99993399,-4.217751593,
100593359,-4.205057569,
101193319,-4.233925611,
101793279,-4.196516843,
102393239,-4.116527827,
102993199,-4.107763414,
103593159,-4.159499377,
104193119,-4.121931955,
104793079,-4.086199752,
105393039,-4.172090204,
105992999,-4.102503905,
106592959,-4.062855206,
107192919,-4.01905359,
107792879,-3.991957406,
108392839,-3.974972941,
108992799,-3.955265354,
109592759,-3.995595513,
110192719,-3.955068731,
110792679,-3.9514439,
111392639,-3.957549082,
111992599,-3.909985468,
112592559,-3.882128704,
113192519,-3.913018671,
113792479,-3.869871752,
114392439,-3.907268562,
114992399,-3.808506687,
115592359,-3.897286781,
116192319,-3.825173008,
116792279,-3.838339661,
117392239,-3.915240201,
117992199,-3.847712006,
118592159,-3.88882135,
119192119,-3.837857337,
119792079,-3.885933484,
120392039,-3.832553789,
120991999,-3.798504497,
121591959,-3.835373113,
122191919,-3.848925721,
122791879,-3.823531077,
123391839,-3.803635664,
123991799,-3.79746014,
124591759,-3.791999242,
125191719,-3.84604328,
125791679,-3.849936122,
126391639,-3.84452575,
126991599,-3.84730355,
127591559,-3.797321952,
128191519,-3.829862964,
128791479,-3.87140623,
129391439,-3.779044918,
129991399,-3.817703486,
130591359,-3.84946032,
131191319,-3.838583032,
131791279,-3.789527791,
132391239,-3.851068519,
132991199,-3.798589019,
133591159,-3.785190387,
134191119,-3.795624036,
134791079,-3.791228248,
135391039,-3.775924393,
135990999,-3.822501423,
136590959,-3.801924951,
137190919,-3.765248238,
137790879,-3.730689279,
138390839,-3.764241332,
138990799,-3.830982092,
139590759,-3.829432516,
140190719,-3.784351396,
140790679,-3.828718574,
141390639,-3.764559784,
141990599,-3.799248647,
142590559,-3.774078575,
143190519,-3.737882016,
143790479,-3.813209125,
144390438,-3.800809868,
144990398,-3.840922864,
145590358,-3.811713508,
146190318,-3.809376322,
146790278,-3.802933243,
147390238,-3.789807818,
147990198,-3.790980682,
148590158,-3.759155757,
149190118,-3.850699645,
149790078,-3.816790359,
150390038,-3.799641475,
150989998,-3.771633225,
151589958,-3.762256398,
152189918,-3.821724623,
152789878,-3.817709305,
153389838,-3.784974453,
153989798,-3.866346373,
154589758,-3.797147277,
155189718,-3.761620348,
155789678,-3.769974176,
156389638,-3.739278335,
156989598,-3.8164834,
157589558,-3.731222742,
158189518,-3.766155609,
158789478,-3.800214848,
159389438,-3.824493927,
159989398,-3.829174994,
160589358,-3.79197676,
161189318,-3.836664217,
161789278,-3.822095792,
162389238,-3.835239655,
162989198,-3.8313108,
163589158,-3.813384301,
164189118,-3.837686773,
164789078,-3.850246586,
165389038,-3.924477101,
165988998,-3.7805473,
166588958,-3.825284874,
167188918,-3.858996263,
167788878,-3.924942545,
168388838,-3.883268359,
168988798,-3.78711901,
169588758,-3.778611698,
170188718,-3.758877698,
170788678,-3.832403708,
171388638,-3.833816262,
171988598,-3.822590183,
172588558,-3.899945364,
173188518,-3.784322959,
173788478,-3.800868105,
174388438,-3.816203439,
174988398,-3.781156303,
175588358,-3.82518684,
176188318,-3.852436052,
176788278,-3.777141766,
177388238,-3.80773003,
177988198,-3.833530253,
178588158,-3.764579765,
179188118,-3.912274219,
179788078,-3.847925962,
180388038,-3.787794666,
180987998,-3.802414202,
181587958,-3.791190764,
182187918,-3.691113877,
182787878,-3.802624572,
183387838,-3.744721306,
183987798,-3.77446639,
184587758,-3.726710748,
185187718,-3.823887145,
185787678,-3.761742454,
186387638,-3.714794729,
186987598,-3.74715135,
187587558,-3.754681793,
188187518,-3.710382607,
188787478,-3.707303044,
189387438,-3.717036732,
189987398,-3.70038456,
190587358,-3.708176809,
191187318,-3.744621227,
191787278,-3.726973397,
192387238,-3.655004304,
192987198,-3.677609023,
193587158,-3.682670772,
194187118,-3.710554601,
194787078,-3.685861341,
195387038,-3.658547161,
195986998,-3.616564335,
196586958,-3.673354752,
197186918,-3.663153793,
197786878,-3.628625578,
198386838,-3.636158111,
198986798,-3.653858301,
199586758,-3.688486257,
200186718,-3.656804813,
200786678,-3.69105357,
201386638,-3.617352518,
201986598,-3.647602265,
202586558,-3.59817961,
203186518,-3.610521828,
203786478,-3.554679902,
204386438,-3.564431424,
204986398,-3.590282874,
205586358,-3.561421132,
206186318,-3.568108151,
206786278,-3.577794998,
207386238,-3.455347935,
207986198,-3.542632329,
208586158,-3.519918831,
209186118,-3.490762703,
209786078,-3.503576046,
210386038,-3.555533508,
210985998,-3.476096276,
211585958,-3.489300342,
212185918,-3.479668379,
212785878,-3.467371676,
213385838,-3.416766923,
213985798,-3.421723015,
214585758,-3.421649882,
215185718,-3.369510196,
215785678,-3.426741818,
216385638,-3.461330491,
216985598,-3.440456056,
217585558,-3.364403267,
218185518,-3.407398715,
218785478,-3.32707128,
219385438,-3.412652473,
219985398,-3.318623502,
220585358,-3.35256487,
221185318,-3.367325818,
221785278,-3.364437714,
222385238,-3.328717805,
222985198,-3.335577054,
223585158,-3.333036714,
224185118,-3.301767496,
224785078,-3.348988978,
225385038,-3.332692789,
225984998,-3.370018661,
226584958,-3.311160029,
227184918,-3.340206423,
227784878,-3.310427976,
228384838,-3.312058716,
228984798,-3.320221453,
229584758,-3.333520605,
230184718,-3.27780571,
230784678,-3.27087725,
231384638,-3.358055238,
231984598,-3.298069422,
232584558,-3.280685894,
233184518,-3.295297449,
233784478,-3.250618469,
234384438,-3.243387438,
234984398,-3.188842508,
235584358,-3.253265149,
236184318,-3.285900713,
236784278,-3.307093728,
237384238,-3.183842258,
237984198,-3.225076266,
238584158,-3.21011527,
239184118,-3.202345684,
239784078,-3.237219945,
240384038,-3.178468717,
240983998,-3.233584833,
241583958,-3.200555683,
242183918,-3.190877583,
242783878,-3.155347208,
243383838,-3.200116309,
243983798,-3.186408144,
244583758,-3.235873347,
245183718,-3.174057224,
245783678,-3.171335074,
246383638,-3.155680558,
246983598,-3.17267086,
247583558,-3.182318674,
248183518,-3.121047826,
248783478,-3.200989176,
249383438,-3.129780443,
249983398,-3.10317334,
250583358,-3.17799219,
251183318,-3.121284869,
251783278,-3.160228342,
252383238,-3.140739874,
252983198,-3.189015409,
253583158,-3.156597484,
254183118,-3.130819886,
254783078,-3.133446885,
255383038,-3.128064035,
255982998,-3.120098245,
256582958,-3.153379664,
257182918,-3.105064487,
257782878,-3.18111316,
258382838,-3.112627978,
258982798,-3.146589826,
259582758,-3.132130466,
260182718,-3.201463224,
260782678,-3.106514603,
261382638,-3.111113921,
261982598,-3.107415884,
262582558,-3.168405687,
263182518,-3.177589763,
263782478,-3.219321026,
264382438,-3.167183436,
264982398,-3.121696636,
265582358,-3.170638577,
266182318,-3.180845524,
266782278,-3.17241353,
267382238,-3.184988259,
267982198,-3.152038824,
268582158,-3.153789444,
269182118,-3.179518443,
269782078,-3.154662209,
270382038,-3.182799336,
270981998,-3.170014884,
271581958,-3.167228092,
272181918,-3.206875468,
272781878,-3.216103125,
273381838,-3.171877301,
273981798,-3.220781144,
274581758,-3.225669641,
275181718,-3.263520715,
275781678,-3.211155423,
276381638,-3.225335874,
276981598,-3.302729261,
277581558,-3.292215223,
278181518,-3.252408773,
278781478,-3.308268131,
279381438,-3.272698496,
279981398,-3.308027432,
280581358,-3.275120881,
281181318,-3.370325427,
281781278,-3.343391322,
282381238,-3.329974257,
282981198,-3.302798483,
283581158,-3.308356563,
284181118,-3.28572541,
284781078,-3.393812905,
285381038,-3.310580854,
285980998,-3.315685809,
286580958,-3.393279093,
287180917,-3.348187674,
287780877,-3.364895451,
288380837,-3.438068526,
288980797,-3.379379779,
289580757,-3.362473095,
290180717,-3.380646042,
290780677,-3.384661194,
291380637,-3.388790008,
291980597,-3.430061268,
292580557,-3.447414965,
293180517,-3.421688751,
293780477,-3.439409757,
294380437,-3.437620013,
294980397,-3.429861934,
295580357,-3.465186585,
296180317,-3.474120075,
296780277,-3.439063141,
297380237,-3.480110352,
297980197,-3.51098834,
298580157,-3.443114945,
299180117,-3.481598669,
299780077,-3.491201216,
300380037,-3.525488099,
300979997,-3.502471239,
301579957,-3.557764222,
302179917,-3.565150354,
302779877,-3.541988407,
303379837,-3.529814747,
303979797,-3.497595721,
304579757,-3.576708395,
305179717,-3.521844216,
305779677,-3.549304042,
306379637,-3.514694793,
306979597,-3.571185838,
307579557,-3.637415664,
308179517,-3.54285547,
308779477,-3.543290963,
309379437,-3.579506921,
309979397,-3.605393893,
310579357,-3.623778983,
311179317,-3.585723755,
311779277,-3.638526696,
312379237,-3.661773084,
312979197,-3.59987111,
313579157,-3.627506017,
314179117,-3.628034816,
314779077,-3.610661745,
315379037,-3.682457668,
315978997,-3.634566331,
316578957,-3.627413594,
317178917,-3.708685947,
317778877,-3.600137859,
318378837,-3.634761483,
318978797,-3.687695928,
319578757,-3.610939375,
320178717,-3.681247336,
320778677,-3.662006666,
321378637,-3.645783709,
321978597,-3.696784931,
322578557,-3.683345606,
323178517,-3.631906928,
323778477,-3.641845975,
324378437,-3.668462659,
324978397,-3.640533377,
325578357,-3.696615198,
326178317,-3.692187478,
326778277,-3.68111085,
327378237,-3.681310549,
327978197,-3.693115741,
328578157,-3.660618643,
329178117,-3.752145007,
329778077,-3.707040328,
330378037,-3.70480735,
330977997,-3.700521753,
331577957,-3.686235411,
332177917,-3.715361372,
332777877,-3.707462686,
333377837,-3.726297448,
333977797,-3.743892418,
334577757,-3.620357552,
335177717,-3.705663513,
335777677,-3.685641383,
336377637,-3.730708865,
336977597,-3.693121608,
337577557,-3.717007972,
338177517,-3.683921811,
338777477,-3.671332306,
339377437,-3.690556175,
339977397,-3.674476536,
340577357,-3.689285819,
341177317,-3.684221343,
341777277,-3.679923195,
342377237,-3.749639742,
342977197,-3.673163116,
343577157,-3.666727317,
344177117,-3.680890487,
344777077,-3.634756643,
345377037,-3.629736756,
345976997,-3.637329661,
346576957,-3.670751779,
347176917,-3.68834689,
347776877,-3.696979928,
348376837,-3.694667329,
348976797,-3.681545148,
349576757,-3.707963214,
350176717,-3.647713071,
350776677,-3.634086863,
351376637,-3.559800009,
351976597,-3.67938857,
352576557,-3.681650209,
353176517,-3.584804755,
353776477,-3.654934257,
354376437,-3.605822612,
354976397,-3.669846057,
355576357,-3.62395537,
356176317,-3.6176183,
356776277,-3.607806174,
357376237,-3.597418861,
357976197,-3.618848759,
358576157,-3.603693846,
359176117,-3.622606044,
359776077,-3.582160692,
360376037,-3.55296746,
360975997,-3.567355993,
361575957,-3.541006191,
362175917,-3.590140645,
362775877,-3.544071603,
363375837,-3.649513091,
363975797,-3.602040449,
364575757,-3.53647213,
365175717,-3.57533059,
365775677,-3.513071083,
366375637,-3.512139249,
366975597,-3.517165287,
367575557,-3.479274487,
368175517,-3.561604677,
368775477,-3.494867362,
369375437,-3.494799791,
369975397,-3.587574081,
370575357,-3.483360888,
371175317,-3.513585217,
371775277,-3.499009918,
372375237,-3.465887194,
372975197,-3.458390745,
373575157,-3.401885092,
374175117,-3.488974903,
374775077,-3.463431635,
375375037,-3.49885935,
375974997,-3.509618567,
376574957,-3.41896776,
377174917,-3.468591872,
377774877,-3.47630136,
378374837,-3.472443272,
378974797,-3.468412908,
379574757,-3.422058694,
380174717,-3.461610576,
380774677,-3.450788336,
381374637,-3.418313276,
381974597,-3.450105088,
382574557,-3.399301421,
383174517,-3.418447612,
383774477,-3.45764631,
384374437,-3.343510969,
384974397,-3.408924833,
385574357,-3.408401337,
386174317,-3.374737763,
386774277,-3.380689029,
387374237,-3.408329978,
387974197,-3.410785699,
388574157,-3.357943731,
389174117,-3.430120056,
389774077,-3.37143883,
390374037,-3.352211903,
390973997,-3.371339848,
391573957,-3.301927343,
392173917,-3.31328623,
392773877,-3.312807672,
393373837,-3.362902381,
393973797,-3.33156134,
394573757,-3.31902008,
395173717,-3.307003374,
395773677,-3.327939253,
396373637,-3.329418502,
396973597,-3.344798518,
397573557,-3.342558572,
398173517,-3.334867243,
398773477,-3.333472056,
399373437,-3.294646346,
399973397,-3.277724417,
400573357,-3.321085884,
401173317,-3.308234335,
401773277,-3.314145482,
402373237,-3.322162943,
402973197,-3.333298927,
403573157,-3.255106899,
404173117,-3.249798842,
404773077,-3.308028766,
405373037,-3.271581341,
405972997,-3.261278431,
406572957,-3.305947672,
407172917,-3.274393473,
407772877,-3.314547021,
408372837,-3.232836142,
408972797,-3.257832077,
409572757,-3.311718667,
410172717,-3.243250336,
410772677,-3.233813824,
411372637,-3.231972088,
411972597,-3.247857516,
412572557,-3.321598772,
413172517,-3.241550332,
413772477,-3.308513557,
414372437,-3.247607831,
414972397,-3.219882444,
415572357,-3.233297297,
416172317,-3.265664417,
416772277,-3.226294085,
417372237,-3.190322506,
417972197,-3.290007684,
418572157,-3.251361785,
419172117,-3.21804768,
419772077,-3.204369528,
420372037,-3.25071312,
420971997,-3.162252338,
421571957,-3.15033359,
422171917,-3.186438079,
422771877,-3.209043872,
423371837,-3.23547017,
423971797,-3.156392212,
424571757,-3.138457579,
425171717,-3.099101553,
425771677,-3.112259296,
426371637,-3.129867456,
426971597,-3.14335784,
427571557,-3.096937865,
428171517,-3.126326204,
428771477,-3.083404146,
429371437,-3.089525463,
429971396,-3.132575443,
430571356,-3.187517163,
431171316,-3.120133077,
431771276,-3.08255286,
432371236,-3.135508929,
432971196,-3.132191998,
433571156,-3.139175423,
434171116,-3.182669078,
434771076,-3.128616908,
435371036,-3.131091285,
435970996,-3.126080836,
436570956,-3.129554805,
437170916,-3.094850051,
437770876,-3.139630555,
438370836,-3.15256524,
438970796,-3.058583858,
439570756,-3.076526991,
440170716,-3.09793049,
440770676,-3.111156998,
441370636,-3.118226906,
441970596,-3.178399181,
442570556,-3.190865958,
443170516,-3.13643326,
443770476,-3.100152611,
444370436,-3.084003162,
444970396,-3.112645056,
445570356,-3.083717546,
446170316,-3.136563502,
446770276,-3.174745815,
447370236,-3.124802859,
447970196,-3.106524728,
448570156,-3.112518829,
449170116,-3.112668209,
449770076,-3.073840347,
450370036,-3.09978459,
450969996,-3.167214501,
451569956,-3.068513704,
452169916,-3.131821073,
452769876,-3.160138825,
453369836,-3.09561939,
453969796,-3.122727804,
454569756,-3.094272596,
455169716,-3.121708083,
455769676,-3.073930928,
456369636,-3.135475787,
456969596,-3.12318097,
457569556,-3.127726224,
458169516,-3.122997452,
458769476,-3.115985983,
459369436,-3.087782101,
459969396,-3.120040711,
460569356,-3.135945084,
461169316,-3.061756493,
461769276,-3.094724958,
462369236,-3.145981997,
462969196,-3.112397501,
463569156,-3.124313,
464169116,-3.062831603,
464769076,-3.161294724,
465369036,-3.151547296,
465968996,-3.170986379,
466568956,-3.188477183,
467168916,-3.165588443,
467768876,-3.12293061,
468368836,-3.160197593,
468968796,-3.160192402,
469568756,-3.151920104,
470168716,-3.115552707,
470768676,-3.093211458,
471368636,-3.167705127,
471968596,-3.216161621,
472568556,-3.170186551,
473168516,-3.180193369,
473768476,-3.204100962,
474368436,-3.239154804,
474968396,-3.1518835,
475568356,-3.133771163,
476168316,-3.116632575,
476768276,-3.196650375,
477368236,-3.188116347,
477968196,-3.231056623,
478568156,-3.220958949,
479168116,-3.205429452,
479768076,-3.218205141,
480368036,-3.226769357,
480967996,-3.191660287,
481567956,-3.259756275,
482167916,-3.14063801,
482767876,-3.186094677,
483367836,-3.195376702,
483967796,-3.184774369,
484567756,-3.206829234,
485167716,-3.274586283,
485767676,-3.228966604,
486367636,-3.322477943,
486967596,-3.284670011,
487567556,-3.225892042,
488167516,-3.249277728,
488767476,-3.238183839,
489367436,-3.278437184,
489967396,-3.322396581,
490567356,-3.327149267,
491167316,-3.342172545,
491767276,-3.421797895,
492367236,-3.323788094,
492967196,-3.358346529,
493567156,-3.385720464,
494167116,-3.337728574,
494767076,-3.366955453,
495367036,-3.328105685,
495966996,-3.356975759,
496566956,-3.444348696,
497166916,-3.422542525,
497766876,-3.42691389,
498366836,-3.43629741,
498966796,-3.359750075,
499566756,-3.407822886,
500166716,-3.436516316,
500766676,-3.379731043,
501366636,-3.408926501,
501966596,-3.431736514,
502566556,-3.484466551,
503166516,-3.438767332,
503766476,-3.475986686,
504366436,-3.47588052,
504966396,-3.475202619,
505566356,-3.477831615,
506166316,-3.45008062,
506766276,-3.439129643,
507366236,-3.485014455,
507966196,-3.508624846,
508566156,-3.489201364,
509166116,-3.633988421,
509766076,-3.433912539,
510366036,-3.535647196,
510965996,-3.528920705,
511565956,-3.51096792,
512165916,-3.541477556,
512765876,-3.53697845,
513365836,-3.563999499,
513965796,-3.540261501,
514565756,-3.505459575,
515165716,-3.564582624,
515765676,-3.599821657,
516365636,-3.602411082,
516965596,-3.617337762,
517565556,-3.604155572,
518165516,-3.63205726,
518765476,-3.581310095,
519365436,-3.627455945,
519965396,-3.640849365,
520565356,-3.673265083,
521165316,-3.616767252,
521765276,-3.665049979,
522365236,-3.65235321,
522965196,-3.655264975,
523565156,-3.669329035,
524165116,-3.676196515,
524765076,-3.648214097,
525365036,-3.684059709,
525964996,-3.728225636,
526564956,-3.716117727,
527164916,-3.666568907,
527764876,-3.730426773,
528364836,-3.737878387,
528964796,-3.744302386,
529564756,-3.750289276,
530164716,-3.745221383,
530764676,-3.751839408,
531364636,-3.782554953,
531964596,-3.808987691,
532564556,-3.810130023,
533164516,-3.858355726,
533764476,-3.856236263,
534364436,-3.802650144,
534964396,-3.848717594,
535564356,-3.843897279,
536164316,-3.841607614,
536764276,-3.802772183,
537364236,-3.866030705,
537964196,-3.924737692,
538564156,-3.904701075,
539164116,-3.930363623,
539764076,-3.921377079,
540364036,-3.880128189,
540963996,-3.941837133,
541563956,-3.97922434,
542163916,-3.944964511,
542763876,-3.973768904,
543363836,-3.967650391,
543963796,-3.941983566,
544563756,-4.001927256,
545163716,-3.962419516,
545763676,-3.983192115,
546363636,-4.03054534,
546963596,-4.014701552,
547563556,-4.085253593,
548163516,-4.035366706,
548763476,-4.032599671,
549363436,-4.102474646,
549963396,-4.075283714,
550563356,-4.067493435,
551163316,-4.090326081,
551763276,-4.107317714,
552363236,-4.171584949,
552963196,-4.144172725,
553563156,-4.18134375,
554163116,-4.121420018,
554763076,-4.10628111,
555363036,-4.130684237,
555962996,-4.224520234,
556562956,-4.17181143,
557162916,-4.111264872,
557762876,-4.125479875,
558362836,-4.161246292,
558962796,-4.25258171,
559562756,-4.176040012,
560162716,-4.205823151,
560762676,-4.187030908,
561362636,-4.238236241,
561962596,-4.174599078,
562562556,-4.229669781,
563162516,-4.235937422,
563762476,-4.236683339,
564362436,-4.259527273,
564962396,-4.259028905,
565562356,-4.27179682,
566162316,-4.309520681,
566762276,-4.273360615,
567362236,-4.263164526,
567962196,-4.291167873,
568562156,-4.344680219,
569162116,-4.328616279,
569762076,-4.320035632,
570362036,-4.337753947,
570961996,-4.344472085,
571561956,-4.290837907,
572161916,-4.336400063,
572761875,-4.378663727,
573361835,-4.406113994,
573961795,-4.343353565,
574561755,-4.342522665,
575161715,-4.351167886,
575761675,-4.372727979,
576361635,-4.33216741,
576961595,-4.391985756,
577561555,-4.340977178,
578161515,-4.339516497,
578761475,-4.409280135,
579361435,-4.344613596,
579961395,-4.463334822,
580561355,-4.426424688,
581161315,-4.406792193,
581761275,-4.41427841,
582361235,-4.347691969,
582961195,-4.430261947,
583561155,-4.43595874,
584161115,-4.408515884,
584761075,-4.425950278,
585361035,-4.431452713,
585960995,-4.436335523,
586560955,-4.37619191,
587160915,-4.454872914,
587760875,-4.437452671,
588360835,-4.482830365,
588960795,-4.477198276,
589560755,-4.421812837,
590160715,-4.472313494,
590760675,-4.466503119,
591360635,-4.457860487,
591960595,-4.412413103,
592560555,-4.468089386,
593160515,-4.409209748,
593760475,-4.444617526,
594360435,-4.483417817,
594960395,-4.45673196,
595560355,-4.461944672,
596160315,-4.527017789,
596760275,-4.472305616,
597360235,-4.499614321,
597960195,-4.490612403,
598560155,-4.494429977,
599160115,-4.47729255,
599760075,-4.44947201,
600360035,-4.390519076,
600959995,-4.476252918,
601559955,-4.526006601,
602159915,-4.488470418,
602759875,-4.468789957,
603359835,-4.446709104,
603959795,-4.434805618,
604559755,-4.482935349,
605159715,-4.504100751,
605759675,-4.446238625,
606359635,-4.479015277,
606959595,-4.44010231,
607559555,-4.471728427,
608159515,-4.545295867,
608759475,-4.469587485,
609359435,-4.476362089,
609959395,-4.440949271,
610559355,-4.47272092,
611159315,-4.466541595,
611759275,-4.534675367,
612359235,-4.448526441,
612959195,-4.472008265,
613559155,-4.430246457,
614159115,-4.389267609,
614759075,-4.486721444,
615359035,-4.466496127,
615958995,-4.409518821,
616558955,-4.453094752,
617158915,-4.511501071,
617758875,-4.490974532,
618358835,-4.401616004,
618958795,-4.405141333,
619558755,-4.405272701,
620158715,-4.449585073,
620758675,-4.399644156,
621358635,-4.386756196,
621958595,-4.477439426,
622558555,-4.435865203,
623158515,-4.406687184,
623758475,-4.437815182,
624358435,-4.485989922,
624958395,-4.390095888,
625558355,-4.356378396,
626158315,-4.323444239,
626758275,-4.421867289,
627358235,-4.348168985,
627958195,-4.356135329,
628558155,-4.320270159,
629158115,-4.290900125,
629758075,-4.377318932,
630358035,-4.326132329,
630957995,-4.330233558,
631557955,-4.327457553,
632157915,-4.35275921,
632757875,-4.297876221,
633357835,-4.373698789,
633957795,-4.313630169,
634557755,-4.298828305,
635157715,-4.318850506,
635757675,-4.284632643,
636357635,-4.329635644,
636957595,-4.260590766,
637557555,-4.273203329,
638157515,-4.267713562,
638757475,-4.269702009,
639357435,-4.265267445,
639957395,-4.274926056,
640557355,-4.311546181,
641157315,-4.277840531,
641757275,-4.223171695,
642357235,-4.241536588,
642957195,-4.227997909,
643557155,-4.240060774,
644157115,-4.21027651,
644757075,-4.175228467,
645357035,-4.231470139,
645956995,-4.174263174,
646556955,-4.172540688,
647156915,-4.122968232,
647756875,-4.150415547,
648356835,-4.14377835,
648956795,-4.190717254,
649556755,-4.205987375,
650156715,-4.160235205,
650756675,-4.192546238,
651356635,-4.116404227,
651956595,-4.125000019,
652556555,-4.111735604,
653156515,-4.074376374,
653756475,-4.174058743,
654356435,-4.090925452,
654956395,-4.158572535,
655556355,-4.102534496,
656156315,-4.039220274,
656756275,-4.153755756,
657356235,-4.108998104,
657956195,-4.013256021,
658556155,-4.070242731,
659156115,-4.124401648,
659756075,-4.065376059,
660356035,-4.024058029,
660955995,-3.978352084,
661555955,-4.040311328,
662155915,-4.065793551,
662755875,-3.974754704,
663355835,-3.991597259,
663955795,-3.988049925,
664555755,-3.966677119,
665155715,-3.979899109,
665755675,-3.944638904,
666355635,-3.953077718,
666955595,-3.920178869,
667555555,-3.937017523,
668155515,-3.91105801,
668755475,-3.907514852,
669355435,-3.871006527,
669955395,-3.863541068,
670555355,-3.834066039,
671155315,-3.856005493,
671755275,-3.930371532,
672355235,-3.82013714,
672955195,-3.771470392,
673555155,-3.757445218,
674155115,-3.828370611,
674755075,-3.850368052,
675355035,-3.829240556,
675954995,-3.80967172,
676554955,-3.801993168,
677154915,-3.82090767,
677754875,-3.751090755,
678354835,-3.802365075,
678954795,-3.789400112,
679554755,-3.719197703,
680154715,-3.753317589,
680754675,-3.725784979,
681354635,-3.717716356,
681954595,-3.716477906,
682554555,-3.721131019,
683154515,-3.683090896,
683754475,-3.685801914,
684354435,-3.717495747,
684954395,-3.713100562,
685554355,-3.649158346,
686154315,-3.67425259,
686754275,-3.733935046,
687354235,-3.71332449,
687954195,-3.641894549,
688554155,-3.629276958,
689154115,-3.641477409,
689754075,-3.664759816,
690354035,-3.657512316,
690953995,-3.617328045,
691553955,-3.598675689,
692153915,-3.694288333,
692753875,-3.643701202,
693353835,-3.537061765,
693953795,-3.572668268,
694553755,-3.576660158,
695153715,-3.571090255,
695753675,-3.552422402,
696353635,-3.554491166,
696953595,-3.531696503,
697553555,-3.502702307,
698153515,-3.579263365,
698753475,-3.528614421,
699353435,-3.582110432,
699953395,-3.474617031,
700553355,-3.521385133,
701153315,-3.528482847,
701753275,-3.514319333,
702353235,-3.533054992,
702953195,-3.549494033,
703553155,-3.491920641,
704153115,-3.50906616,
704753075,-3.454086277,
705353035,-3.515346243,
705952995,-3.489870299,
706552955,-3.44911066,
707152915,-3.411205255,
707752875,-3.421986489,
708352835,-3.449039973,
708952795,-3.399656975,
709552755,-3.435259373,
710152715,-3.44371255,
710752675,-3.425386289,
711352635,-3.424258786,
711952595,-3.39453773,
712552555,-3.4089884,
713152515,-3.401416421,
713752475,-3.399516469,
714352435,-3.391014539,
714952395,-3.371883947,
715552354,-3.419446212,
716152314,-3.363161103,
716752274,-3.33800504,
717352234,-3.359533852,
717952194,-3.4086134,
718552154,-3.350999792,
719152114,-3.349894301,
719752074,-3.396991486,
720352034,-3.360702728,
720951994,-3.360669455,
721551954,-3.323197345,
722151914,-3.342757901,
722751874,-3.359436324,
723351834,-3.334093163,
723951794,-3.352444376,
724551754,-3.334771428,
725151714,-3.361169378,
725751674,-3.367863436,
726351634,-3.28023454,
726951594,-3.342795377,
727551554,-3.342367045,
728151514,-3.260706343,
728751474,-3.315844056,
729351434,-3.302421767,
729951394,-3.352137963,
730551354,-3.319403622,
731151314,-3.310263125,
731751274,-3.33428892,
732351234,-3.293983961,
732951194,-3.273027352,
733551154,-3.240497639,
734151114,-3.335109126,
734751074,-3.284144185,
735351034,-3.325585375,
735950994,-3.285464967,
736550954,-3.324596803,
737150914,-3.271313755,
737750874,-3.28520165,
738350834,-3.289621768,
738950794,-3.31827715,
739550754,-3.283712551,
740150714,-3.341068127,
740750674,-3.316439372,
741350634,-3.321406093,
741950594,-3.247184905,
742550554,-3.240711412,
743150514,-3.310232239,
743750474,-3.292456954,
744350434,-3.282519425,
744950394,-3.27648959,
745550354,-3.282647472,
746150314,-3.301347302,
746750274,-3.305809186,
747350234,-3.267041895,
747950194,-3.296883089,
748550154,-3.26938739,
749150114,-3.284222948,
749750074,-3.290426488,
750350034,-3.291006852,
750949994,-3.225400381,
751549954,-3.337142953,
752149914,-3.25946993,
752749874,-3.229627212,
753349834,-3.303107265,
753949794,-3.26340489,
754549754,-3.326570706,
755149714,-3.305278586,
755749674,-3.294838098,
756349634,-3.256404982,
756949594,-3.29152085,
757549554,-3.253535667,
758149514,-3.340008339,
758749474,-3.326633917,
759349434,-3.343226397,
759949394,-3.324295334,
760549354,-3.345238066,
761149314,-3.348135175,
761749274,-3.370975449,
762349234,-3.326136746,
762949194,-3.320986933,
763549154,-3.343328016,
764149114,-3.356143152,
764749074,-3.366197537,
765349034,-3.32065149,
765948994,-3.324814879,
766548954,-3.323061585,
767148914,-3.33759262,
767748874,-3.315205617,
768348834,-3.381829834,
768948794,-3.348855498,
769548754,-3.333884756,
770148714,-3.372348033,
770748674,-3.320584695,
771348634,-3.345775304,
771948594,-3.347104001,
772548554,-3.410572513,
773148514,-3.397469433,
773748474,-3.364863236,
774348434,-3.409604746,
774948394,-3.441262897,
775548354,-3.402076874,
776148314,-3.361105653,
776748274,-3.487921616,
777348234,-3.425413009,
777948194,-3.421647285,
778548154,-3.462859992,
779148114,-3.406327687,
779748074,-3.457978053,
780348034,-3.438268993,
780947994,-3.44869392,
781547954,-3.495071829,
782147914,-3.553141116,
782747874,-3.466682944,
783347834,-3.467068735,
783947794,-3.509720479,
784547754,-3.450530224,
785147714,-3.531702901,
785747674,-3.514393068,
786347634,-3.566469925,
786947594,-3.480098979,
787547554,-3.565895337,
788147514,-3.588926157,
788747474,-3.623450241,
789347434,-3.594995776,
789947394,-3.603847711,
790547354,-3.563061051,
791147314,-3.64229844,
791747274,-3.626840046,
792347234,-3.627197059,
792947194,-3.611536062,
793547154,-3.70218378,
794147114,-3.648158328,
794747074,-3.622343083,
795347034,-3.668592798,
795946994,-3.711732576,
796546954,-3.676394132,
797146914,-3.718373353,
797746874,-3.669670962,
798346834,-3.696730119,
798946794,-3.689672308,
799546754,-3.768290501,
800146714,-3.732034185,
800746674,-3.73945307,
801346634,-3.769039465,
801946594,-3.715467795,
802546554,-3.830572439,
803146514,-3.746644238,
803746474,-3.811177142,
804346434,-3.810105129,
804946394,-3.813669469,
805546354,-3.855867599,
806146314,-3.825105126,
806746274,-3.821956097,
807346234,-3.828497981,
807946194,-3.873057692,
808546154,-3.906997796,
809146114,-3.896363734,
809746074,-3.904920537,
810346034,-3.861037848,
810945994,-3.885771879,
811545954,-3.938224478,
812145914,-3.964119023,
812745874,-3.943261074,
813345834,-3.964860866,
813945794,-3.951845683,
814545754,-3.962370118,
815145714,-4.001095862,
815745674,-4.040370457,
816345634,-4.024444344,
816945594,-4.069911931,
817545554,-4.061342056,
818145514,-4.053584484,
818745474,-4.052852138,
819345434,-4.05065874,
819945394,-4.111363966,
820545354,-4.082956241,
821145314,-4.117654888,
821745274,-4.039447907,
822345234,-4.077965479,
822945194,-4.15419096,
823545154,-4.202079724,
824145114,-4.194799035,
824745074,-4.188812421,
825345034,-4.172806032,
825944994,-4.185630193,
826544954,-4.205619534,
827144914,-4.215375338,
827744874,-4.23562924,
828344834,-4.257324634,
828944794,-4.288757184,
829544754,-4.272790236,
830144714,-4.252211173,
830744674,-4.320485312,
831344634,-4.330070421,
831944594,-4.377172719,
832544554,-4.310565071,
833144514,-4.401792423,
833744474,-4.320079015,
834344434,-4.424865306,
834944394,-4.35623998,
835544354,-4.431311654,
836144314,-4.391274143,
836744274,-4.432875393,
837344234,-4.405999717,
837944194,-4.508444214,
838544154,-4.506595606,
839144114,-4.429075729,
839744074,-4.400860955,
840344034,-4.440141839,
840943994,-4.454016789,
841543954,-4.520958993,
842143914,-4.382986343,
842743874,-4.496666584,
843343834,-4.590909913,
843943794,-4.502975211,
844543754,-4.587965421,
845143714,-4.479291518,
845743674,-4.527509582,
846343634,-4.570166584,
846943594,-4.532720716,
847543554,-4.550449551,
848143514,-4.55733989,
848743474,-4.607766886,
849343434,-4.528474706,
849943394,-4.619969711,
850543354,-4.606338989,
851143314,-4.640819153,
851743274,-4.588531644,
852343234,-4.660233115,
852943194,-4.645405244,
853543154,-4.608611003,
854143114,-4.712203036,
854743074,-4.58108972,
855343034,-4.668945839,
855942994,-4.593972847,
856542954,-4.72728823,
857142914,-4.580525448,
857742874,-4.692110972,
858342833,-4.699136551,
858942793,-4.745495428,
859542753,-4.712519322,
860142713,-4.715198651,
860742673,-4.661013443,
861342633,-4.683540857,
861942593,-4.71662948,
862542553,-4.722846345,
863142513,-4.687848192,
863742473,-4.704730507,
864342433,-4.799443729,
864942393,-4.70204335,
865542353,-4.709242871,
866142313,-4.730459392,
866742273,-4.740766432,
867342233,-4.769351849,
867942193,-4.804840158,
868542153,-4.751981216,
869142113,-4.782598555,
869742073,-4.823314888,
870342033,-4.776218217,
870941993,-4.755688202,
871541953,-4.88521997,
872141913,-4.731787302,
872741873,-4.775100433,
873341833,-4.810932678,
873941793,-4.790609681,
874541753,-4.733512809,
875141713,-4.729452748,
875741673,-4.741648218,
876341633,-4.795629331,
876941593,-4.817327263,
877541553,-4.846079152,
878141513,-4.789585804,
878741473,-4.856252986,
879341433,-4.851581059,
879941393,-4.710467558,
880541353,-4.813805538,
881141313,-4.834253228,
881741273,-4.783898187,
882341233,-4.809938666,
882941193,-4.811114714,
883541153,-4.745701696,
884141113,-4.799322117,
884741073,-4.770017654,
885341033,-4.754987236,
885940993,-4.743342993,
886540953,-4.82080744,
887140913,-4.719333165,
887740873,-4.728499714,
888340833,-4.748691057,
888940793,-4.754164009,
889540753,-4.815464123,
890140713,-4.718485303,
890740673,-4.779708739,
891340633,-4.664660132,
891940593,-4.748549621,
892540553,-4.752038548,
893140513,-4.733505751,
893740473,-4.70720631,
894340433,-4.749777305,
894940393,-4.827842573,
895540353,-4.719733416,
896140313,-4.737474636,
896740273,-4.68701796,
897340233,-4.710396919,
897940193,-4.779847349,
898540153,-4.663610475,
899140113,-4.693301454,
899740073,-4.712460839,
900340033,-4.705171476,
900939993,-4.69211182,
901539953,-4.68677611,
902139913,-4.676758897,
902739873,-4.697016355,
903339833,-4.661324162,
903939793,-4.651209018,
904539753,-4.655110246,
905139713,-4.665696099,
905739673,-4.61179431,
906339633,-4.591199278,
906939593,-4.610643452,
907539553,-4.578486733,
908139513,-4.637739694,
908739473,-4.553963095,
909339433,-4.580598956,
909939393,-4.587313147,
910539353,-4.551236761,
911139313,-4.589178244,
911739273,-4.539379878,
912339233,-4.523394526,
912939193,-4.484263134,
913539153,-4.511626504,
914139113,-4.490193842,
914739073,-4.466314213,
915339033,-4.471965947,
915938993,-4.470526673,
916538953,-4.488614438,
917138913,-4.422245974,
917738873,-4.459201798,
918338833,-4.366514693,
918938793,-4.417248554,
919538753,-4.425213024,
920138713,-4.440602897,
920738673,-4.371901409,
921338633,-4.39505427,
921938593,-4.373544572,
922538553,-4.383563083,
923138513,-4.300242802,
923738473,-4.339487775,
924338433,-4.322845738,
924938393,-4.283294957,
925538353,-4.275318589,
926138313,-4.279657061,
926738273,-4.280689221,
927338233,-4.267404036,
927938193,-4.276328908,
928538153,-4.235970294,
929138113,-4.21866041,
929738073,-4.203037409,
930338033,-4.194257422,
930937993,-4.150663391,
931537953,-4.195840866,
932137913,-4.182053203,
932737873,-4.140924093,
933337833,-4.171628857,
933937793,-4.133491644,
934537753,-4.160941471,
935137713,-4.067493862,
935737673,-4.060463192,
936337633,-4.079367081,
936937593,-4.081192397,
937537553,-4.065092754,
938137513,-4.067799482,
938737473,-4.026245957,
939337433,-4.023113458,
939937393,-4.069582446,
940537353,-4.062202646,
941137313,-3.997839649,
941737273,-3.965926537,
942337233,-3.947315477,
942937193,-3.914145976,
943537153,-3.98162078,
944137113,-3.9160981,
944737073,-3.960479333,
945337033,-3.889380124,
945936993,-3.872566236,
946536953,-3.864595478,
947136913,-3.876576215,
947736873,-3.838582791,
948336833,-3.894948254,
948936793,-3.872877537,
949536753,-3.814591335,
950136713,-3.804143864,
950736673,-3.841197821,
951336633,-3.818934402,
951936593,-3.734811033,
952536553,-3.766050173,
953136513,-3.747447035,
953736473,-3.741527697,
954336433,-3.704492067,
954936393,-3.745960301,
955536353,-3.747347624,
956136313,-3.722204808,
956736273,-3.733725879,
957336233,-3.765995112,
957936193,-3.661795831,
958536153,-3.699997439,
959136113,-3.632160122,
959736073,-3.672512249,
960336033,-3.632605374,
960935993,-3.640008488,
961535953,-3.618766131,
962135913,-3.685730253,
962735873,-3.62198448,
963335833,-3.582544617,
963935793,-3.602658408,
964535753,-3.646456874,
965135713,-3.583264839,
965735673,-3.578986903,
966335633,-3.57268487,
966935593,-3.571869781,
967535553,-3.598243068,
968135513,-3.562379796,
968735473,-3.538609673,
969335433,-3.502504673,
969935393,-3.527770807,
970535353,-3.504939573,
971135313,-3.49695364,
971735273,-3.518055109,
972335233,-3.414740545,
972935193,-3.432000206,
973535153,-3.478301161,
974135113,-3.428685168,
974735073,-3.452831088,
975335033,-3.422864157,
975934993,-3.432377832,
976534953,-3.436824123,
977134913,-3.473437264,
977734873,-3.397535143,
978334833,-3.44026028,
978934793,-3.339279234,
979534753,-3.291471115,
980134713,-3.281994134,
980734673,-3.398778902,
981334633,-3.327455506,
981934593,-3.36290238,
982534553,-3.344663429,
983134513,-3.333347705,
983734473,-3.30789283,
984334433,-3.279883313,
984934393,-3.378229346,
985534353,-3.292840381,
986134313,-3.321686219,
986734273,-3.28190083,
987334233,-3.304323793,
987934193,-3.30004129,
988534153,-3.269257439,
989134113,-3.31142212,
989734073,-3.326744966,
990334033,-3.301590871,
990933993,-3.320329986,
991533953,-3.317594869,
992133913,-3.286091476,
992733873,-3.290142152,
993333833,-3.254272291,
993933793,-3.266654703,
994533753,-3.255033681,
995133713,-3.293682983,
995733673,-3.196337298,
996333633,-3.26171529,
996933593,-3.253028432,
997533553,-3.222787737,
998133513,-3.191859927,
998733473,-3.265269865,
999333433,-3.260824727,
999933393,-3.250000984,
1000533353,-3.231177346,
1001133312,-3.225793509,
1001733272,-3.188192228,
1002333232,-3.311243618,
1002933192,-3.280980411,
1003533152,-3.21650736,
1004133112,-3.132855115,
1004733072,-3.197456857,
1005333032,-3.210123828,
1005932992,-3.162749101,
1006532952,-3.228228183,
1007132912,-3.173485574,
1007732872,-3.232725327,
1008332832,-3.218291391,
1008932792,-3.222232544,
1009532752,-3.234699882,
1010132712,-3.255532069,
1010732672,-3.126672954,
1011332632,-3.208870145,
1011932592,-3.223406071,
1012532552,-3.20918487,
1013132512,-3.174485265,
1013732472,-3.220524456,
1014332432,-3.181684099,
1014932392,-3.220866065,
1015532352,-3.219820254,
1016132312,-3.201902307,
1016732272,-3.289729844,
1017332232,-3.19242519,
1017932192,-3.16498109,
1018532152,-3.183319306,
1019132112,-3.171870043,
1019732072,-3.185965625,
1020332032,-3.254331152,
1020931992,-3.226229702,
1021531952,-3.147661343,
1022131912,-3.269433929,
1022731872,-3.248597101,
1023331832,-3.319539182,
1023931792,-3.173031297,
1024531752,-3.270861148,
1025131712,-3.21342303,
1025731672,-3.303596464,
1026331632,-3.24135543,
1026931592,-3.292062704,
1027531552,-3.200258045,
1028131512,-3.172452426,
1028731472,-3.246993365,
1029331432,-3.341990747,
1029931392,-3.301401278,
1030531352,-3.335231428,
1031131312,-3.286020357,
1031731272,-3.285043544,
1032331232,-3.269371393,
1032931192,-3.261878175,
1033531152,-3.328838301,
1034131112,-3.270573437,
1034731072,-3.32101193,
1035331032,-3.281128343,
1035930992,-3.34352698,
1036530952,-3.268520993,
1037130912,-3.328605968,
1037730872,-3.270771123,
1038330832,-3.325329507,
1038930792,-3.32151769,
1039530752,-3.353211565,
1040130712,-3.331600526,
1040730672,-3.256830643,
1041330632,-3.372265059,
1041930592,-3.364778039,
1042530552,-3.378230781,
1043130512,-3.347453405,
1043730472,-3.337585631,
1044330432,-3.363249831,
1044930392,-3.377794988,
1045530352,-3.390908539,
1046130312,-3.407458776,
1046730272,-3.356278962,
1047330232,-3.413098998,
1047930192,-3.404053947,
1048530152,-3.404335542,
1049130112,-3.398361973,
1049730072,-3.415793527,
1050330032,-3.457523883,
1050929992,-3.447995001,
1051529952,-3.411571385,
1052129912,-3.452242452,
1052729872,-3.462212958,
1053329832,-3.43431762,
1053929792,-3.448572883,
1054529752,-3.453851729,
1055129712,-3.457665944,
1055729672,-3.444677905,
1056329632,-3.492653387,
1056929592,-3.503171805,
1057529552,-3.507837312,
1058129512,-3.565899411,
1058729472,-3.509791309,
1059329432,-3.48705657,
1059929392,-3.49753567,
1060529352,-3.527235828,
1061129312,-3.559423436,
1061729272,-3.507574774,
1062329232,-3.492810389,
1062929192,-3.572811114,
1063529152,-3.541378158,
1064129112,-3.557107656,
1064729072,-3.562223006,
1065329032,-3.529429214,
1065928992,-3.643325637,
1066528952,-3.582693655,
1067128912,-3.545518819,
1067728872,-3.656938619,
1068328832,-3.64522691,
1068928792,-3.656433971,
1069528752,-3.618187353,
1070128712,-3.632494311,
1070728672,-3.724099617,
1071328632,-3.606973577,
1071928592,-3.643087324,
1072528552,-3.740356361,
1073128512,-3.636425643,
1073728472,-3.673271876,
1074328432,-3.700903272,
1074928392,-3.72078032,
1075528352,-3.690084368,
1076128312,-3.763445196,
1076728272,-3.695910493,
1077328232,-3.747715147,
1077928192,-3.746990827,
1078528152,-3.736488009,
1079128112,-3.754476171,
1079728072,-3.757253211,
1080328032,-3.806733857,
1080927992,-3.751065942,
1081527952,-3.767915332,
1082127912,-3.810600486,
1082727872,-3.695261888,
1083327832,-3.853755992,
1083927792,-3.769117649,
1084527752,-3.845028914,
1085127712,-3.803916811,
1085727672,-3.808618714,
1086327632,-3.871180173,
1086927592,-3.874452635,
1087527552,-3.838726982,
1088127512,-3.831260514,
1088727472,-3.868996267,
1089327432,-3.914648142,
1089927392,-3.841423353,
1090527352,-3.865380703,
1091127312,-3.931492588,
1091727272,-3.897959145,
1092327232,-3.949536611,
1092927192,-4.015982501,
1093527152,-3.941775272,
1094127112,-3.980851722,
1094727072,-3.987249889,
1095327032,-4.026819736,
1095926992,-3.988838697,
1096526952,-4.022315696,
1097126912,-3.973740539,
1097726872,-4.036224644,
1098326832,-4.053280972,
1098926792,-4.050165288,
1099526752,-4.050075146,
1100126712,-4.092422731,
1100726672,-4.136306515,
1101326632,-4.116613984,
1101926592,-4.146651179,
1102526552,-4.173444078,
1103126512,-4.126505868,
1103726472,-4.094294347,
1104326432,-4.137352699,
1104926392,-4.056348778,
1105526352,-4.196973912,
1106126312,-4.090846647,
1106726272,-4.196079074,
1107326232,-4.15207132,
1107926192,-4.161979368,
1108526152,-4.157583278,
1109126112,-4.185122488,
1109726072,-4.204699016,
1110326032,-4.241337515,
1110925992,-4.265915633,
1111525952,-4.237317405,
1112125912,-4.186439569,
1112725872,-4.295458249,
1113325832,-4.230506345,
1113925792,-4.180437884,
1114525752,-4.261041508,
1115125712,-4.311385511,
1115725672,-4.28733645,
1116325632,-4.305812262,
1116925592,-4.216728119,
1117525552,-4.24796091,
1118125512,-4.290746935,
1118725472,-4.27799585,
1119325432,-4.268163121,
1119925392,-4.32289969,
1120525352,-4.301720214,
1121125312,-4.305422345,
1121725272,-4.346867661,
1122325232,-4.343976302,
1122925192,-4.355674962,
1123525152,-4.301757623,
1124125112,-4.374292918,
1124725072,-4.416461443,
1125325032,-4.353356214,
1125924992,-4.299113962,
1126524952,-4.370223061,
1127124912,-4.313866678,
1127724872,-4.375942467,
1128324832,-4.401388185,
1128924792,-4.412582512,
1129524752,-4.324941047,
1130124712,-4.425529578,
1130724672,-4.381272214,
1131324632,-4.413277606,
1131924592,-4.432314089,
1132524552,-4.401201586,
1133124512,-4.383797606,
1133724472,-4.371009646,
1134324432,-4.439971385,
1134924392,-4.464905367,
1135524352,-4.4428525,
1136124312,-4.432796708,
1136724272,-4.41623287,
1137324232,-4.42766659,
1137924192,-4.427367429,
1138524152,-4.464050316,
1139124112,-4.460486123,
1139724072,-4.430858308,
1140324032,-4.44541889,
1140923992,-4.372285103,
1141523952,-4.401921454,
1142123912,-4.448783384,
1142723872,-4.440619636,
1143323832,-4.486518859,
1143923791,-4.418327918,
1144523751,-4.437083249,
1145123711,-4.470701597,
1145723671,-4.542088618,
1146323631,-4.425320889,
1146923591,-4.428206845,
1147523551,-4.409221054,
1148123511,-4.466136135,
1148723471,-4.454768946,
1149323431,-4.407131962,
1149923391,-4.482486047,
1150523351,-4.409670388,
1151123311,-4.452902516,
1151723271,-4.420101053,
1152323231,-4.462667634,
1152923191,-4.451109247,
1153523151,-4.462451085,
1154123111,-4.436192478,
1154723071,-4.403032101,
1155323031,-4.39320766,
1155922991,-4.510264443,
1156522951,-4.446879385,
1157122911,-4.51717233,
1157722871,-4.438316225,
1158322831,-4.3728147,
1158922791,-4.435501679,
1159522751,-4.350194339,
1160122711,-4.451283895,
1160722671,-4.370860025,
1161322631,-4.336564397,
1161922591,-4.372874511,
1162522551,-4.389494592,
1163122511,-4.385846198,
1163722471,-4.371303496,
1164322431,-4.397548132,
1164922391,-4.328857855,
1165522351,-4.339515088,
1166122311,-4.421220489,
1166722271,-4.400975243,
1167322231,-4.406164678,
1167922191,-4.349759313,
1168522151,-4.38672678,
1169122111,-4.358648629,
1169722071,-4.330316255,
1170322031,-4.398627155,
1170921991,-4.319231545,
1171521951,-4.36148059,
1172121911,-4.29088581,
1172721871,-4.235263606,
1173321831,-4.374642272,
1173921791,-4.277879532,
1174521751,-4.355539761,
1175121711,-4.328007352,
1175721671,-4.34482226,
1176321631,-4.317791945,
1176921591,-4.310562202,
1177521551,-4.286777355,
1178121511,-4.23424384,
1178721471,-4.24868739,
1179321431,-4.265150132,
1179921391,-4.218015467,
1180521351,-4.249625541,
1181121311,-4.247854525,
1181721271,-4.230761695,
1182321231,-4.225545634,
1182921191,-4.288313437,
1183521151,-4.167450167,
1184121111,-4.216384605,
1184721071,-4.169787417,
1185321031,-4.191797243,
1185920991,-4.18740288,
1186520951,-4.17345826,
1187120911,-4.235301317,
1187720871,-4.108403127,
1188320831,-4.241860325,
1188920791,-4.190466497,
1189520751,-4.210552975,
1190120711,-4.182591232,
1190720671,-4.173528697,
1191320631,-4.159703859,
1191920591,-4.166640283,
1192520551,-4.130327155,
1193120511,-4.096932237,
1193720471,-4.102742837,
1194320431,-4.105810662,
1194920391,-4.087718215,
1195520351,-4.015301457,
1196120311,-4.092031116,
1196720271,-4.044736321,
1197320231,-4.065128284,
1197920191,-4.063999427,
1198520151,-4.068896635,
1199120111,-4.061880098,
1199720071,-4.114031303,
1200320031,-4.075738654,
1200919991,-4.018199555,
1201519951,-4.087071743,
1202119911,-4.088849739,
1202719871,-4.039029505,
1203319831,-3.924651902,
1203919791,-3.999498855,
1204519751,-3.92764427,
1205119711,-3.973510763,
1205719671,-4.006123392,
1206319631,-3.976767913,
1206919591,-3.959892079,
1207519551,-3.944955788,
1208119511,-3.966757268,
1208719471,-3.959897174,
1209319431,-3.94064256,
1209919391,-3.945208585,
1210519351,-3.995475427,
1211119311,-3.939655166,
1211719271,-3.905684966,
1212319231,-3.925675469,
1212919191,-3.941432926,
1213519151,-3.94423475,
1214119111,-3.885993487,
1214719071,-3.94624621,
1215319031,-3.871755766,
1215918991,-3.90058757,
1216518951,-3.945189325,
1217118911,-3.822735418,
1217718871,-3.93582518,
1218318831,-3.861679008,
1218918791,-3.908529611,
1219518751,-3.919717662,
1220118711,-3.821066713,
1220718671,-3.892680166,
1221318631,-3.88390078,
1221918591,-3.857006679,
1222518551,-3.891640689,
1223118511,-3.816520367,
1223718471,-3.842576817,
1224318431,-3.84415369,
1224918391,-3.843977664,
1225518351,-3.884306013,
1226118311,-3.842972298,
1226718271,-3.905066483,
1227318231,-3.850934241,
1227918191,-3.877050161,
1228518151,-3.790865431,
1229118111,-3.844261314,
1229718071,-3.873473045,
1230318031,-3.802384364,
1230917991,-3.836202641,
1231517951,-3.842615494,
1232117911,-3.871776854,
1232717871,-3.878011712,
1233317831,-3.846828107,
1233917791,-3.830769439,
1234517751,-3.846222115,
1235117711,-3.83234528,
1235717671,-3.824211665,
1236317631,-3.847976829,
1236917591,-3.848188576,
1237517551,-3.879440938,
1238117511,-3.800406088,
1238717471,-3.860523013,
1239317431,-3.819698029,
1239917391,-3.783659946,
1240517351,-3.801874311,
1241117311,-3.872037088,
1241717271,-3.849600983,
1242317231,-3.795502746,
1242917191,-3.843404657,
1243517151,-3.906712679,
1244117111,-3.837942372,
1244717071,-3.857136129,
1245317031,-3.829133459,
1245916991,-3.862368077,
1246516951,-3.842804532,
1247116911,-3.822300749,
1247716871,-3.850417364,
1248316831,-3.81974779,
1248916791,-3.86445537,
1249516751,-3.900976471,
1250116711,-3.838999481,
1250716671,-3.839300549,
1251316631,-3.885532296,
1251916591,-3.867143719,
1252516551,-3.913933155,
1253116511,-3.93503896,
1253716471,-3.817837194,
1254316431,-3.872222648,
1254916391,-3.827043535,
1255516351,-3.867737128,
1256116311,-3.940289473,
1256716271,-3.811297374,
1257316231,-3.846223784,
1257916191,-3.851230371,
1258516151,-3.907865096,
1259116111,-3.871069198,
1259716071,-3.878439779,
1260316031,-3.941957098,
1260915991,-3.866825883,
1261515951,-3.903588118,
1262115911,-3.905854007,
1262715871,-3.953779619,
1263315831,-3.973018979,
1263915791,-3.872318869,
1264515751,-3.958315305,
1265115711,-3.917442372,
1265715671,-3.902508378,
1266315631,-3.915082395,
1266915591,-3.921599837,
1267515551,-3.88495721,
1268115511,-3.902606956,
1268715471,-3.88288435,
1269315431,-3.932040817,
1269915391,-3.95862722,
1270515351,-3.941504377,
1271115311,-3.914131322,
1271715271,-3.944817948,
1272315231,-3.91352233,
1272915191,-3.89696936,
1273515151,-3.872776446,
1274115111,-3.928244411,
1274715071,-3.906035974,
1275315031,-3.920201767,
1275914991,-3.942673093,
1276514951,-3.96298129,
1277114911,-3.94966673,
1277714871,-3.889687448,
1278314831,-3.954363633,
1278914791,-3.971150064,
1279514751,-3.968653653,
1280114711,-3.932597571,
1280714671,-3.959635778,
1281314631,-3.892910429,
1281914591,-3.982487921,
1282514551,-3.973045067,
1283114511,-3.977448678,
1283714471,-3.968514248,
1284314431,-3.970649208,
1284914391,-3.960381227,
1285514351,-3.949380957,
1286114311,-3.933255336,
1286714270,-3.931246488,
1287314230,-3.981755958,
1287914190,-3.972176482,
1288514150,-3.988972453,
1289114110,-3.995025431,
1289714070,-3.903876026,
1290314030,-3.898334714,
1290913990,-3.935022702,
1291513950,-3.95857219,
1292113910,-4.013877967,
1292713870,-3.980774194,
1293313830,-3.990655311,
1293913790,-3.948288086,
1294513750,-3.991063654,
1295113710,-3.954173892,
1295713670,-4.001423968,
1296313630,-3.994695696,
1296913590,-4.041379,
1297513550,-4.04307159,
1298113510,-3.940010822,
1298713470,-4.020221283,
1299313430,-3.996161519,
1299913390,-4.056023206,
1300513350,-4.037461622,
1301113310,-4.057006565,
1301713270,-3.986093305,
1302313230,-4.012488551,
1302913190,-3.97032966,
1303513150,-4.063979974,
1304113110,-4.012240905,
1304713070,-4.015538539,
1305313030,-3.978398053,
1305912990,-3.98642296,
1306512950,-4.018266401,
1307112910,-4.027505893,
1307712870,-4.046149165,
1308312830,-3.986965444,
1308912790,-3.967279424,
1309512750,-3.99425859,
1310112710,-4.034314898,
1310712670,-4.033439664,
1311312630,-4.001088343,
1311912590,-4.042690787,
1312512550,-4.058335333,
1313112510,-3.952563806,
1313712470,-3.978744188,
1314312430,-4.030534162,
1314912390,-3.988858229,
1315512350,-4.072199037,
1316112310,-4.0604376,
1316712270,-4.030731997,
1317312230,-4.008053626,
1317912190,-4.046755754,
1318512150,-4.047512071,
1319112110,-4.034863172,
1319712070,-4.057892677,
1320312030,-4.011767324,
1320911990,-4.052954397,
1321511950,-4.058225983,
1322111910,-4.062345428,
1322711870,-4.081733798,
1323311830,-4.037730233,
1323911790,-4.009777821,
1324511750,-4.0444084,
1325111710,-4.02907623,
1325711670,-4.018016034,
1326311630,-4.050269675,
1326911590,-4.100732259,
1327511550,-4.021537077,
1328111510,-4.096984555,
1328711470,-4.09376155,
1329311430,-4.040804134,
1329911390,-3.987011124,
1330511350,-4.075688337,
1331111310,-4.09011303,
1331711270,-4.032651876,
1332311230,-3.968746684,
1332911190,-4.046560466,
1333511150,-4.012837059,
1334111110,-3.995590585,
1334711070,-4.065233106,
1335311030,-4.069696155,
1335910990,-3.999311903,
1336510950,-4.03110136,
1337110910,-4.044708527,
1337710870,-3.995751255,
1338310830,-4.003023203,
1338910790,-3.982105004,
1339510750,-4.06101858,
1340110710,-4.074755969,
1340710670,-4.08311067,
1341310630,-4.033218825,
1341910590,-4.049188413,
1342510550,-4.085954587,
1343110510,-4.122995641,
1343710470,-4.085450584,
1344310430,-4.021675713,
1344910390,-4.063780406,
1345510350,-4.021710664,
1346110310,-4.065764932,
1346710270,-4.051288812,
1347310230,-4.062228201,
1347910190,-4.022502973,
1348510150,-4.079348701,
1349110110,-4.107041437,
1349710070,-4.019147376,
1350310030,-4.081865452,
1350909990,-4.007529224,
1351509950,-3.982102277,
1352109910,-4.069414459,
1352709870,-4.067367726,
1353309830,-4.053427002,
1353909790,-4.129196581,
1354509750,-4.123481822,
1355109710,-3.989160795,
1355709670,-4.086402753,
1356309630,-4.105182407,
1356909590,-4.107222843,
1357509550,-4.0671795,
1358109510,-4.123060711,
1358709470,-4.085545724,
1359309430,-4.138732769,
1359909390,-4.052115421,
1360509350,-4.098775068,
1361109310,-4.084950465,
1361709270,-4.10123086,
1362309230,-4.137337225,
1362909190,-4.094905702,
1363509150,-4.130150973,
1364109110,-4.086527646,
1364709070,-4.086081798,
1365309030,-4.139096707,
1365908990,-4.095522432,
1366508950,-4.151958472,
1367108910,-4.182862448,
1367708870,-4.056381566,
1368308830,-4.11025461,
1368908790,-4.15969017,
1369508750,-4.191565673,
1370108710,-4.179202962,
1370708670,-4.170024093,
1371308630,-4.132494119,
1371908590,-4.223323663,
1372508550,-4.159801365,
1373108510,-4.124300911,
1373708470,-4.147779359,
1374308430,-4.122078633,
1374908390,-4.182708777,
1375508350,-4.147215763,
1376108310,-4.143166457,
1376708270,-4.138634671,
1377308230,-4.167418925,
1377908190,-4.181258708,
1378508150,-4.226340106,
1379108110,-4.136205435,
1379708070,-4.23395169,
1380308030,-4.213158486,
1380907990,-4.243181586,
1381507950,-4.141605311,
1382107910,-4.205799864,
1382707870,-4.207596042,
1383307830,-4.172355723,
1383907790,-4.185584824,
1384507750,-4.267342459,
1385107710,-4.208794618,
1385707670,-4.220417206,
1386307630,-4.245881448,
1386907590,-4.242867547,
1387507550,-4.217596339,
1388107510,-4.247270426,
1388707470,-4.152086218,
1389307430,-4.272507841,
1389907390,-4.219441781,
1390507350,-4.205239582,
1391107310,-4.222861802,
1391707270,-4.234886487,
1392307230,-4.271457548,
1392907190,-4.203036841,
1393507150,-4.257221365,
1394107110,-4.238951186,
1394707070,-4.226381846,
1395307030,-4.200958376,
1395906990,-4.26158226,
1396506950,-4.335765059,
1397106910,-4.286911498,
1397706870,-4.242832764,
1398306830,-4.279138307,
1398906790,-4.288372684,
1399506750,-4.302694593,
1400106710,-4.279850122,
1400706670,-4.358360492,
1401306630,-4.269433622,
1401906590,-4.277291559,
1402506550,-4.253349433,
1403106510,-4.297604728,
1403706470,-4.309603252,
1404306430,-4.31574475,
1404906390,-4.244681542,
1405506350,-4.330495714,
1406106310,-4.306390129,
1406706270,-4.357235524,
1407306230,-4.334992859,
1407906190,-4.355374517,
1408506150,-4.318012481,
1409106110,-4.361429481,
1409706070,-4.407726487,
1410306030,-4.318598831,
1410905990,-4.291817275,
1411505950,-4.340447631,
1412105910,-4.299496432,
1412705870,-4.320409014,
1413305830,-4.374706767,
1413905790,-4.377734175,
1414505750,-4.327397912,
1415105710,-4.341865017,
1415705670,-4.381683217,
1416305630,-4.359855596,
1416905590,-4.373881653,
1417505550,-4.367673421,
1418105510,-4.344267449,
1418705470,-4.408024963,
1419305430,-4.353168915,
1419905390,-4.317604246,
1420505350,-4.366844706,
1421105310,-4.358683051,
1421705270,-4.383912783,
1422305230,-4.342840894,
1422905190,-4.4216398,
1423505150,-4.425142661,
1424105110,-4.351682562,
1424705070,-4.384501014,
1425305030,-4.463452741,
1425904990,-4.426126804,
1426504950,-4.420102124,
1427104910,-4.418873369,
1427704870,-4.41892691,
1428304830,-4.359507309,
1428904790,-4.394969582,
1429504749,-4.339072574,
1430104709,-4.423399851,
1430704669,-4.438964911,
1431304629,-4.408220985,
1431904589,-4.447833316,
1432504549,-4.446181688,
1433104509,-4.430481776,
1433704469,-4.406251239,
1434304429,-4.458400463,
1434904389,-4.429477108,
1435504349,-4.451447981,
1436104309,-4.526811188,
1436704269,-4.469454784,
1437304229,-4.509331245,
1437904189,-4.455280142,
1438504149,-4.455973283,
1439104109,-4.469871234,
1439704069,-4.448611347,
1440304029,-4.421177692,
1440903989,-4.441315773,
1441503949,-4.461842179,
1442103909,-4.429617617,
1442703869,-4.40051309,
1443303829,-4.435002512,
1443903789,-4.479964404,
1444503749,-4.503293329,
1445103709,-4.437255474,
1445703669,-4.57545685,
1446303629,-4.417161041,
1446903589,-4.457938089,
1447503549,-4.465340283,
1448103509,-4.453834112,
1448703469,-4.454418155,
1449303429,-4.442456557,
1449903389,-4.414370481,
1450503349,-4.497019187,
1451103309,-4.491770446,
1451703269,-4.492989122,
1452303229,-4.455714746,
1452903189,-4.528282447,
1453503149,-4.436117366,
1454103109,-4.525400309,
1454703069,-4.503241431,
1455303029,-4.521579874,
1455902989,-4.489924461,
1456502949,-4.460070433,
1457102909,-4.448513159,
1457702869,-4.549410969,
1458302829,-4.447580805,
1458902789,-4.548887472,
1459502749,-4.550510254,
1460102709,-4.537466244,
1460702669,-4.501866792,
1461302629,-4.486686349,
1461902589,-4.469621539,
1462502549,-4.489322237,
1463102509,-4.474374746,
1463702469,-4.43399403,
1464302429,-4.4488866,
1464902389,-4.543616053,
1465502349,-4.526926867,
1466102309,-4.456651466,
1466702269,-4.470040759,
1467302229,-4.526577082,
1467902189,-4.560742596,
1468502149,-4.498630687,
1469102109,-4.512759363,
1469702069,-4.53946461,
1470302029,-4.551919168,
1470901989,-4.586263146,
1471501949,-4.603377954,
1472101909,-4.563765174,
1472701869,-4.575895425,
1473301829,-4.608427875,
1473901789,-4.569319917,
1474501749,-4.602529572,
1475101709,-4.543649112,
1475701669,-4.613045564,
1476301629,-4.623431543,
1476901589,-4.543726561,
1477501549,-4.570877628,
1478101509,-4.592473796,
1478701469,-4.605796756,
1479301429,-4.61278332,
1479901389,-4.654149992,
1480501349,-4.523237601,
1481101309,-4.55949593,
1481701269,-4.545932435,
1482301229,-4.580902881,
1482901189,-4.642516609,
1483501149,-4.637180143,
1484101109,-4.619526772,
1484701069,-4.620018379,
1485301029,-4.658051526,
1485900989,-4.672629653,
1486500949,-4.608463308,
1487100909,-4.678218811,
1487700869,-4.609255296,
1488300829,-4.670537284,
1488900789,-4.695062098,
1489500749,-4.678498493,
1490100709,-4.720045016,
1490700669,-4.718992638,
1491300629,-4.715853587,
1491900589,-4.698598968,
1492500549,-4.644684088,
1493100509,-4.708507952,
1493700469,-4.690475397,
1494300429,-4.724016821,
1494900389,-4.727478002,
1495500349,-4.701438194,
1496100309,-4.722860091,
1496700269,-4.726911214,
1497300229,-4.742462385,
1497900189,-4.690056402,
1498500149,-4.735145755,
1499100109,-4.759921948,
1499700069,-4.758725068,
1500300029,-4.771483229,
1500899989,-4.793286838,
1501499949,-4.724724356,
1502099909,-4.867378086,
1502699869,-4.833291271,
1503299829,-4.858334534,
1503899789,-4.844869165,
1504499749,-4.863871501,
1505099709,-4.883488231,
1505699669,-4.881079848,
1506299629,-4.829269434,
1506899589,-4.84490114,
1507499549,-4.918960895,
1508099509,-4.898896697,
1508699469,-4.948518583,
1509299429,-4.963313609,
1509899389,-4.926754447,
1510499349,-4.995388544,
1511099309,-4.953434151,
1511699269,-4.983589643,
1512299229,-4.95861238,
1512899189,-4.966602773,
1513499149,-4.972756477,
1514099109,-4.98808008,
1514699069,-5.060881436,
1515299029,-5.06363093,
1515898989,-5.03622759,
1516498949,-5.056488546,
1517098909,-5.037509212,
1517698869,-5.046302506,
1518298829,-5.076398562,
1518898789,-5.067422341,
1519498749,-5.120369267,
1520098709,-5.111917028,
1520698669,-5.162392638,
1521298629,-5.114663824,
1521898589,-5.179685628,
1522498549,-5.125923138,
1523098509,-5.231358573,
1523698469,-5.197937817,
1524298429,-5.169921885,
1524898389,-5.216238308,
1525498349,-5.232419933,
1526098309,-5.199300945,
1526698269,-5.209277281,
1527298229,-5.191591792,
1527898189,-5.222714484,
1528498149,-5.371056396,
1529098109,-5.312649336,
1529698069,-5.316487061,
1530298029,-5.345680572,
1530897989,-5.311698967,
1531497949,-5.356793036,
1532097909,-5.300293377,
1532697869,-5.394197241,
1533297829,-5.416049129,
1533897789,-5.438842883,
1534497749,-5.429199829,
1535097709,-5.480682287,
1535697669,-5.401021162,
1536297629,-5.46048956,
1536897589,-5.417094228,
1537497549,-5.455058588,
1538097509,-5.517004209,
1538697469,-5.441717222,
1539297429,-5.493333878,
1539897389,-5.572845723,
1540497349,-5.447367441,
1541097309,-5.599754832,
1541697269,-5.579702959,
1542297229,-5.58920735,
1542897189,-5.582690432,
1543497149,-5.6061467,
1544097109,-5.62120945,
1544697069,-5.589078504,
1545297029,-5.737937915,
1545896989,-5.613750489,
1546496949,-5.65009288,
1547096909,-5.609132715,
1547696869,-5.672648922,
1548296829,-5.586695259,
1548896789,-5.626446568,
1549496749,-5.652908843,
1550096709,-5.614741143,
1550696669,-5.672829996,
1551296629,-5.762036929,
1551896589,-5.593409387,
1552496549,-5.765148047,
1553096509,-5.740178566,
1553696469,-5.72537703,
1554296429,-5.659059681,
1554896389,-5.718122406,
1555496349,-5.702960023,
1556096309,-5.809436478,
1556696269,-5.701055432,
1557296229,-5.729790222,
1557896189,-5.840005244,
1558496149,-5.78547217,
1559096109,-5.814549399,
1559696069,-5.814118573,
1560296029,-5.771522803,
1560895989,-5.82911917,
1561495949,-5.801801533,
1562095909,-5.856671979,
1562695869,-5.803628338,
1563295829,-5.771387458,
1563895789,-5.784553922,
1564495749,-5.854427581,
1565095709,-5.797031021,
1565695669,-5.844372194,
1566295629,-5.812974287,
1566895589,-5.85515281,
1567495549,-5.869959667,
1568095509,-5.891387558,
1568695469,-5.876573048,
1569295429,-5.898646586,
1569895389,-5.879289767,
1570495349,-5.894113223,
1571095309,-5.896558619,
1571695269,-5.920998213,
1572295228,-5.875452552,
1572895188,-5.830990214,
1573495148,-5.857988466,
1574095108,-5.915912328,
1574695068,-5.896612581,
1575295028,-5.899769851,
1575894988,-5.885770335,
1576494948,-5.873098941,
1577094908,-5.899158533,
1577694868,-5.947477975,
1578294828,-5.898138532,
1578894788,-5.978692582,
1579494748,-5.92039578,
1580094708,-5.90524007,
1580694668,-5.924214287,
1581294628,-5.898417148,
1581894588,-5.881146615,
1582494548,-5.962228786,
1583094508,-5.969987686,
1583694468,-5.904592453,
1584294428,-5.943275206,
1584894388,-5.913309352,
1585494348,-5.971134716,
1586094308,-5.890789936,
1586694268,-5.97840753,
1587294228,-5.951789856,
1587894188,-5.971043665,
1588494148,-5.936803707,
1589094108,-5.946962482,
1589694068,-5.893749097,
1590294028,-5.970085408,
1590893988,-5.923445369,
1591493948,-5.940036923,
1592093908,-5.917700425,
1592693868,-5.924719945,
1593293828,-5.884211674,
1593893788,-5.961539044,
1594493748,-5.957791183,
1595093708,-5.979638879,
1595693668,-5.923279364,
1596293628,-5.899287652,
1596893588,-5.873753248,
1597493548,-5.918260254,
1598093508,-5.963036403,
1598693468,-5.89900454,
1599293428,-5.925468156,
1599893388,-6.001547002,
1600493348,-5.871662479,
1601093308,-5.874947185,
1601693268,-5.885818306,
1602293228,-5.885387987,
1602893188,-5.884899371,
1603493148,-5.87379877,
1604093108,-5.924691053,
1604693068,-5.885628736,
1605293028,-5.873812291,
1605892988,-5.896088876,
1606492948,-5.890927425,
1607092908,-5.994602136,
1607692868,-5.863868286,
1608292828,-5.93720328,
1608892788,-5.936648875,
1609492748,-5.897086335,
1610092708,-5.89239515,
1610692668,-5.900543925,
1611292628,-5.899538366,
1611892588,-5.928537911,
1612492548,-5.923675458,
1613092508,-5.876401354,
1613692468,-5.861202947,
1614292428,-5.854171911,
1614892388,-5.83602844,
1615492348,-5.843340206,
1616092308,-5.912574224,
1616692268,-5.851019695,
1617292228,-5.916272164,
1617892188,-5.91909987,
1618492148,-5.862413318,
1619092108,-5.86831133,
1619692068,-5.959735282,
1620292028,-5.911341653,
1620891988,-5.87998488,
1621491948,-5.925435144,
1622091908,-5.859598765,
1622691868,-5.865259349,
1623291828,-5.864929863,
1623891788,-5.840597266,
1624491748,-5.834475714,
1625091708,-5.810497603,
1625691668,-5.841213005,
1626291628,-5.850178125,
1626891588,-5.884315157,
1627491548,-5.893976221,
1628091508,-5.882917836,
1628691468,-5.869449738,
1629291428,-5.915608544,
1629891388,-5.841908051,
1630491348,-5.89181787,
1631091308,-5.864001495,
1631691268,-5.91854518,
1632291228,-5.828930838,
1632891188,-5.898838791,
1633491148,-5.858142226,
1634091108,-5.870487505,
1634691068,-5.865637741,
1635291028,-5.901854658,
1635890988,-5.947971657,
1636490948,-5.941933917,
1637090908,-5.912784574,
1637690868,-5.92173739,
1638290828,-5.970949219,
1638890788,-5.890725977,
1639490748,-5.917589975,
1640090708,-5.953980961,
1640690668,-5.927330559,
1641290628,-5.908431916,
1641890588,-5.973294833,
1642490548,-5.945104229,
1643090508,-5.943277543,
1643690468,-5.989267848,
1644290428,-5.99417832,
1644890388,-5.940092106,
1645490348,-5.99008039,
1646090308,-5.964099461,
1646690268,-5.972141582,
1647290228,-5.98923908,
1647890188,-5.986606762,
1648490148,-5.960010197,
1649090108,-5.976599591,
1649690068,-5.986467258,
1650290028,-6.025338421,
1650889988,-6.096015192,
1651489948,-6.059679903,
1652089908,-5.981163224,
1652689868,-6.106472881,
1653289828,-6.021877795,
1653889788,-6.022093498,
1654489748,-6.02901221,
1655089708,-6.091233384,
1655689668,-6.131066334,
1656289628,-6.08568177,
1656889588,-6.095723136,
1657489548,-6.121291701,
1658089508,-6.112042479,
1658689468,-6.151881269,
1659289428,-6.215300662,
1659889388,-6.118264461,
1660489348,-6.200255595,
1661089308,-6.185261825,
1661689268,-6.150757125,
1662289228,-6.213938726,
1662889188,-6.200518296,
1663489148,-6.15305169,
1664089108,-6.204869608,
1664689068,-6.209130012,
1665289028,-6.279468151,
1665888988,-6.240739807,
1666488948,-6.23854627,
1667088908,-6.292625697,
1667688868,-6.231901407,
1668288828,-6.35328255,
1668888788,-6.281575428,
1669488748,-6.292904966,
1670088708,-6.340322934,
1670688668,-6.25029561,
1671288628,-6.324079819,
1671888588,-6.343401818,
1672488548,-6.383529951,
1673088508,-6.322971581,
1673688468,-6.362930958,
1674288428,-6.422312762,
1674888388,-6.463195529,
1675488348,-6.331092047,
1676088308,-6.426863892,
1676688268,-6.401738237,
1677288228,-6.433938203,
1677888188,-6.519681246,
1678488148,-6.465287225,
1679088108,-6.49159566,
1679688068,-6.477025151,
1680288028,-6.470445879,
1680887988,-6.445759366,
1681487948,-6.544209325,
1682087908,-6.51567773,
1682687868,-6.51903765,
1683287828,-6.517832201,
1683887788,-6.529543863,
1684487748,-6.578301192,
1685087708,-6.602170627,
1685687668,-6.650365061,
1686287628,-6.632111087,
1686887588,-6.637333938,
1687487548,-6.668542111,
1688087508,-6.635312966,
1688687468,-6.700097105,
1689287428,-6.731543438,
1689887388,-6.763057263,
1690487348,-6.749203842,
1691087308,-6.783735543,
1691687268,-6.79590909,
1692287228,-6.902947913,
1692887188,-6.782664798,
1693487148,-6.820868008,
1694087108,-6.784945095,
1694687068,-6.860746359,
1695287028,-6.839039766,
1695886988,-6.827856209,
1696486948,-6.831687272,
1697086908,-6.866953695,
1697686868,-6.890683971,
1698286828,-6.928466178,
1698886788,-6.932023318,
1699486748,-6.895389335,
1700086708,-6.924452192,
1700686668,-6.920723867,
1701286628,-6.891626347,
1701886588,-7.016846368,
1702486548,-6.991229058,
1703086508,-7.063274467,
1703686468,-7.031923602,
1704286428,-7.084957937,
1704886388,-7.064242461,
1705486348,-7.048459585,
1706086308,-7.177689006,
1706686268,-7.133380931,
1707286228,-7.102119571,
1707886188,-7.169050794,
1708486148,-7.194288381,
1709086108,-7.196409558,
1709686068,-7.214729389,
1710286028,-7.221106223,
1710885988,-7.256490167,
1711485948,-7.305308187,
1712085908,-7.2670188,
1712685868,-7.337405038,
1713285828,-7.296826141,
1713885788,-7.372080356,
1714485748,-7.309611498,
1715085707,-7.425049676,
1715685667,-7.416923037,
1716285627,-7.434979167,
1716885587,-7.413712235,
1717485547,-7.5303019,
1718085507,-7.538135822,
1718685467,-7.396132908,
1719285427,-7.563464815,
1719885387,-7.586031961,
1720485347,-7.54509622,
1721085307,-7.581902089,
1721685267,-7.742382661,
1722285227,-7.724460311,
1722885187,-7.674432121,
1723485147,-7.773269394,
1724085107,-7.878815243,
1724685067,-7.8112651,
1725285027,-7.877866031,
1725884987,-7.95045629,
1726484947,-7.890676811,
1727084907,-7.97282722,
1727684867,-7.988253193,
1728284827,-7.992713765,
1728884787,-8.020678692,
1729484747,-8.171965679,
1730084707,-8.019812478,
1730684667,-8.167463311,
1731284627,-8.127100101,
1731884587,-8.138574589,
1732484547,-8.276648392,
1733084507,-8.245047046,
1733684467,-8.276341076,
1734284427,-8.343333455,
1734884387,-8.270650291,
1735484347,-8.435504436,
1736084307,-8.476944771,
1736684267,-8.414683915,
1737284227,-8.579123605,
1737884187,-8.56020489,
1738484147,-8.452098661,
1739084107,-8.65547078,
1739684067,-8.641319409,
1740284027,-8.753402859,
1740883987,-8.70510727,
1741483947,-8.800214056,
1742083907,-8.754778875,
1742683867,-8.74625943,
1743283827,-8.888840213,
1743883787,-8.95088883,
1744483747,-9.040830064,
1745083707,-9.032830283,
1745683667,-9.307679406,
1746283627,-9.235418991,
1746883587,-9.208124002,
1747483547,-9.305923137,
1748083507,-9.314368772,
1748683467,-9.388033831,
1749283427,-9.403975561,
1749883387,-9.484968996,
1750483347,-9.52025113,
1751083307,-9.651710882,
1751683267,-9.701370425,
1752283227,-9.667648648,
1752883187,-9.747665399,
1753483147,-9.742407932,
1754083107,-9.785359541,
1754683067,-9.901211112,
1755283027,-9.983243619,
1755882987,-9.97344248,
1756482947,-10.02984416,
1757082907,-10.00384726,
1757682867,-10.14450978,
1758282827,-10.23267884,
1758882787,-10.28997216,
1759482747,-10.21685502,
1760082707,-10.36636253,
1760682667,-10.36199241,
1761282627,-10.49404001,
1761882587,-10.67176961,
1762482547,-10.65283881,
1763082507,-10.65888453,
1763682467,-10.65538987,
1764282427,-10.72583622,
1764882387,-10.8398096,
1765482347,-10.92843916,
1766082307,-11.10043594,
1766682267,-11.09540879,
1767282227,-11.13436257,
1767882187,-11.18546657,
1768482147,-11.26351663,
1769082107,-11.37969207,
1769682067,-11.47926531,
1770282027,-11.52101726,
1770881987,-11.53041964,
1771481947,-11.5867405,
1772081907,-11.70322643,
1772681867,-11.67177161,
1773281827,-11.94834738,
1773881787,-11.78715009,
1774481747,-12.02780369,
1775081707,-12.04570561,
1775681667,-12.15481754,
1776281627,-12.16303176,
1776881587,-12.24612298,
1777481547,-12.42811177,
1778081507,-12.38315373,
1778681467,-12.62490058,
1779281427,-12.70057803,
1779881387,-12.90239611,
1780481347,-12.77109903,
1781081307,-12.91156276,
1781681267,-13.12978997,
1782281227,-13.26982544,
1782881187,-13.30508212,
1783481147,-13.36378354,
1784081107,-13.36142886,
1784681067,-13.52482714,
1785281027,-13.57012722,
1785880987,-13.6060276,
1786480947,-13.82956294,
1787080907,-13.85465083,
1787680867,-14.03031865,
1788280827,-14.10378423,
1788880787,-14.40863651,
1789480747,-14.46408163,
1790080707,-14.46796082,
1790680667,-14.56104152,
1791280627,-14.6820276,
1791880587,-14.73879409,
1792480547,-14.88099646,
1793080507,-14.98996452,
1793680467,-15.10474687,
1794280427,-15.08274284,
1794880387,-15.31379315,
1795480347,-15.75072215,
1796080307,-15.66249838,
1796680267,-15.78274813,
1797280227,-16.12809244,
1797880187,-16.20935704,
1798480147,-16.47801608,
1799080107,-16.62972397,
1799680067,-16.64773775,
1800280027,-16.8796765,
1800879987,-16.99328633,
1801479947,-17.19875584,
1802079907,-17.26776432,
1802679867,-17.51487051,
1803279827,-17.4574302,
1803879787,-17.68871673,
1804479747,-17.92794483,
1805079707,-18.05898573,
1805679667,-18.25773743,
1806279627,-18.71609431,
1806879587,-18.76336273,
1807479547,-19.0721363,
1808079507,-19.11048181,
1808679467,-19.23954364,
1809279427,-19.53768151,
1809879387,-19.67188621,
1810479347,-20.15923105,
1811079307,-20.0479105,
1811679267,-21.50869935,
1812279227,-21.30311123,
1812879187,-21.19458424,
1813479147,-21.95118073,
1814079107,-21.8941085,
1814679067,-21.8698808,
1815279027,-22.33382934,
1815878987,-22.66558613,
1816478947,-22.95744708,
1817078907,-23.15761822,
1817678867,-23.73175459,
1818278827,-24.06409432,
1818878787,-24.53881988,
1819478747,-25.15116471,
1820078707,-25.51219353,
1820678667,-25.9986912,
1821278627,-25.59745401,
1821878587,-26.02623177,
1822478547,-26.78592661,
1823078507,-28.09093403,
1823678467,-28.84249596,
1824278427,-30.1759847,
1824878387,-31.79145938,
1825478347,-32.43406854,
1826078307,-33.00492207,
1826678267,-37.35963146,
1827278227,-35.47249046,
1827878187,-36.43170376,
1828478147,-37.14839884,
1829078107,-39.06118299,
1829678067,-41.41003183,
1830278027,-44.59111693,
1830877987,-48.899589,
1831477947,-52.52368156,
1832077907,-48.83921846,
1832677867,-44.61380976,
1833277827,-41.59766146,
1833877787,-39.32324092,
1834477747,-37.5479312,
1835077707,-37.94362306,
1835677667,-37.21241565,
1836277627,-34.33703827,
1836877587,-34.79642493,
1837477547,-32.8297232,
1838077507,-32.57001865,
1838677467,-32.48897469,
1839277427,-29.39461369,
1839877387,-30.05456277,
1840477347,-27.9692323,
1841077307,-28.80768907,
1841677267,-26.8416943,
1842277227,-26.5523305,
1842877187,-26.27750132,
1843477147,-26.73804486,
1844077107,-25.47955212,
1844677067,-25.88043712,
1845277027,-25.18137372,
1845876987,-24.98779568,
1846476947,-24.53337033,
1847076907,-24.93205171,
1847676867,-24.24795479,
1848276827,-24.20509471,
1848876787,-23.83769642,
1849476747,-23.63781106,
1850076707,-23.57725956,
1850676667,-23.02977402,
1851276627,-22.73557136,
1851876587,-22.97937407,
1852476547,-22.63368554,
1853076507,-22.64222358,
1853676467,-22.3334309,
1854276427,-21.99372568,
1854876387,-22.46944894,
1855476347,-22.08726453,
1856076307,-22.17765451,
1856676267,-21.82961309,
1857276227,-22.07060187,
1857876186,-21.36537119,
1858476146,-21.50809156,
1859076106,-21.21086386,
1859676066,-21.34117109,
1860276026,-21.33427842,
1860875986,-20.7687189,
1861475946,-21.28914261,
1862075906,-21.08087057,
1862675866,-21.06881017,
1863275826,-20.88637575,
1863875786,-21.04898718,
1864475746,-20.82200349,
1865075706,-20.20664578,
1865675666,-20.55247477,
1866275626,-20.33297463,
1866875586,-20.10817507,
1867475546,-20.46400592,
1868075506,-20.37632784,
1868675466,-19.98977157,
1869275426,-20.04662888,
1869875386,-19.65120848,
1870475346,-19.82228565,
1871075306,-19.43470004,
1871675266,-19.81890276,
1872275226,-19.75873576,
1872875186,-19.62785292,
1873475146,-19.39197797,
1874075106,-19.31939976,
1874675066,-19.17396033,
1875275026,-19.30986315,
1875874986,-19.03435642,
1876474946,-19.23921571,
1877074906,-19.12301493,
1877674866,-19.21724201,
1878274826,-19.19201431,
1878874786,-18.81807654,
1879474746,-19.06055175,
1880074706,-19.2866781,
1880674666,-19.24025599,
1881274626,-18.75475828,
1881874586,-19.02604778,
1882474546,-19.19761435,
1883074506,-18.82067128,
1883674466,-18.79278349,
1884274426,-19.05223066,
1884874386,-18.69719773,
1885474346,-19.03560152,
1886074306,-18.60046233,
1886674266,-18.50330333,
1887274226,-18.60694302,
1887874186,-18.69297701,
1888474146,-18.80443735,
1889074106,-18.72091915,
1889674066,-18.76689783,
1890274026,-18.54498319,
1890873986,-18.72468778,
1891473946,-18.80346696,
1892073906,-18.67666817,
1892673866,-18.46681657,
1893273826,-18.58389348,
1893873786,-18.56046841,
1894473746,-18.43312822,
1895073706,-18.63649267,
1895673666,-18.41129519,
1896273626,-18.42058332,
1896873586,-18.16495804,
1897473546,-18.46348976,
1898073506,-18.63489355,
1898673466,-18.38214233,
1899273426,-18.31785882,
1899873386,-18.03478637,
1900473346,-18.39704249,
1901073306,-17.98565136,
1901673266,-18.20573087,
1902273226,-18.20832232,
1902873186,-18.03023221,
1903473146,-18.25945101,
1904073106,-18.12200023,
1904673066,-18.07225744,
1905273026,-18.04850548,
1905872986,-18.04028447,
1906472946,-18.0514632,
1907072906,-17.98448815,
1907672866,-18.05526568,
1908272826,-18.09749672,
1908872786,-17.91499616,
1909472746,-17.77566747,
1910072706,-17.85323194,
1910672666,-17.93291095,
1911272626,-17.78265001,
1911872586,-17.91527804,
1912472546,-17.62781786,
1913072506,-17.76196495,
1913672466,-17.65292978,
1914272426,-17.45447435,
1914872386,-17.65509939,
1915472346,-17.64899336,
1916072306,-17.67396827,
1916672266,-17.6695714,
1917272226,-17.58902051,
1917872186,-17.51484789,
1918472146,-17.61629624,
1919072106,-17.45312771,
1919672066,-17.53242028,
1920272026,-17.2973694,
1920871986,-17.39626922,
1921471946,-17.44991792,
1922071906,-17.30975872,
1922671866,-17.39250126,
1923271826,-17.32834845,
1923871786,-17.35494955,
1924471746,-17.29187591,
1925071706,-17.22448233,
1925671666,-17.1930726,
1926271626,-17.19873829,
1926871586,-17.08896614,
1927471546,-17.1955239,
1928071506,-17.12491621,
1928671466,-17.01775449,
1929271426,-17.11676173,
1929871386,-17.1273864,
1930471346,-17.02583092,
1931071306,-17.20065704,
1931671266,-17.07625998,
1932271226,-17.05486239,
1932871186,-17.02345122,
1933471146,-16.98882157,
1934071106,-17.15890549,
1934671066,-16.80733648,
1935271026,-16.7420887,
1935870986,-16.7719393,
1936470946,-16.72070114,
1937070906,-16.66785472,
1937670866,-16.89840066,
1938270826,-16.64475413,
1938870786,-16.54506216,
1939470746,-16.71912963,
1940070706,-16.5461962,
1940670666,-16.6195526,
1941270626,-16.525488,
1941870586,-16.69540076,
1942470546,-16.86345739,
1943070506,-16.54344443,
1943670466,-16.550878,
1944270426,-16.58605406,
1944870386,-16.45136772,
1945470346,-16.55647044,
1946070306,-16.33050628,
1946670266,-16.46487545,
1947270226,-16.68198041,
1947870186,-16.43417581,
1948470146,-16.4078331,
1949070106,-16.50630507,
1949670066,-16.37029122,
1950270026,-16.26311925,
1950869986,-16.28667275,
1951469946,-16.32605561,
1952069906,-16.36848283,
1952669866,-16.25819258,
1953269826,-16.03738856,
1953869786,-16.3397895,
1954469746,-15.97655337,
1955069706,-16.06569631,
1955669666,-15.93014584,
1956269626,-16.09016423,
1956869586,-15.96920032,
1957469546,-16.00976399,
1958069506,-15.58496593,
1958669466,-15.99557169,
1959269426,-15.78854097,
1959869386,-15.93299399,
1960469346,-15.79106527,
1961069306,-15.85420731,
1961669266,-15.44215395,
1962269226,-15.63695548,
1962869186,-15.62086875,
1963469146,-15.62431865,
1964069106,-15.64236586,
1964669066,-15.62893918,
1965269026,-15.54492116,
1965868986,-15.55130739,
1966468946,-15.58214098,
1967068906,-15.68708185,
1967668866,-15.75238303,
1968268826,-15.7139551,
1968868786,-15.70697686,
1969468746,-15.61782116,
1970068706,-15.56853846,
1970668666,-15.6000432,
1971268626,-15.63071968,
1971868586,-15.70251181,
1972468546,-15.68433148,
1973068506,-15.75362737,
1973668466,-15.59519847,
1974268426,-15.34067844,
1974868386,-15.52086545,
1975468346,-15.83034693,
1976068306,-15.60604721,
1976668266,-15.58259036,
1977268226,-15.37396446,
1977868186,-15.76965716,
1978468146,-15.57981659,
1979068106,-15.63555333,
1979668066,-15.69842497,
1980268026,-15.70621541,
1980867986,-15.89696405,
1981467946,-15.85111821,
1982067906,-15.72723987,
1982667866,-15.69076194,
1983267826,-15.87556858,
1983867786,-15.78785548,
1984467746,-15.97974399,
1985067706,-15.89651897,
1985667666,-16.0028986,
1986267626,-15.92140212,
1986867586,-16.09598708,
1987467546,-15.85231432,
1988067506,-16.10857967,
1988667466,-16.18828706,
1989267426,-16.07822658,
1989867386,-15.92706329,
1990467346,-16.05423811,
1991067306,-16.10896568,
1991667266,-16.02580094,
1992267226,-16.07101752,
1992867186,-16.48392185,
1993467146,-16.2370517,
1994067106,-16.09327243,
1994667066,-16.48509297,
1995267026,-16.19026371,
1995866986,-16.29580226,
1996466946,-16.26989172,
1997066906,-16.45245183,
1997666866,-16.58636682,
1998266826,-16.36333883,
1998866786,-16.27917475,
1999466746,-16.50109649,
2000066706,-16.6150918,
2000666666,-16.71569526,
2001266626,-16.63058951,
2001866585,-16.7483939,
2002466545,-16.72775447,
2003066505,-16.78437736,
2003666465,-16.83134095,
2004266425,-16.7993977,
2004866385,-16.90684304,
2005466345,-16.89917247,
2006066305,-16.91381496,
2006666265,-17.10059029,
2007266225,-17.09640244,
2007866185,-17.1656429,
2008466145,-17.32353199,
2009066105,-17.22972469,
2009666065,-17.32249891,
2010266025,-17.38892956,
2010865985,-17.39275237,
2011465945,-17.47617191,
2012065905,-17.49889956,
2012665865,-17.66769347,
2013265825,-17.71713293,
2013865785,-17.95091772,
2014465745,-17.9526002,
2015065705,-17.94150392,
2015665665,-17.71984997,
2016265625,-18.0185575,
2016865585,-18.17006496,
2017465545,-18.04991553,
2018065505,-18.03470734,
2018665465,-18.38291772,
2019265425,-18.64152818,
2019865385,-18.56576099,
2020465345,-18.48504776,
2021065305,-18.18183601,
2021665265,-18.6401677,
2022265225,-18.7552565,
2022865185,-18.81760545,
2023465145,-18.65493921,
2024065105,-18.90861872,
2024665065,-18.91114457,
2025265025,-19.20834333,
2025864985,-18.64277753,
2026464945,-19.63475407,
2027064905,-19.10210131,
2027664865,-19.54869565,
2028264825,-19.75220507,
2028864785,-19.78215972,
2029464745,-19.83289387,
2030064705,-19.7044174,
2030664665,-20.28955349,
2031264625,-20.30623369,
2031864585,-20.28790793,
2032464545,-20.24906638,
2033064505,-20.54526532,
2033664465,-20.98911004,
2034264425,-20.78034484,
2034864385,-21.22394207,
2035464345,-20.90895683,
2036064305,-21.03152096,
2036664265,-21.43480516,
2037264225,-21.36625555,
2037864185,-20.97514279,
2038464145,-21.24128042,
2039064105,-21.2761954,
2039664065,-21.30781289,
2040264025,-21.93374616,
2040863985,-21.68337676,
2041463945,-22.10096233,
2042063905,-21.66444971,
2042663865,-21.72479821,
2043263825,-21.76602239,
2043863785,-22.01051212,
2044463745,-21.89900558,
2045063705,-22.20089059,
2045663665,-21.87684459,
2046263625,-22.42253152,
2046863585,-22.22567675,
2047463545,-22.25837388,
2048063505,-22.6691945,
2048663465,-22.56970317,
2049263425,-22.57899662,
2049863385,-22.93865393,
2050463345,-22.91967474,
2051063305,-23.06051433,
2051663265,-22.90366801,
2052263225,-23.3061954,
2052863185,-23.11028698,
2053463145,-23.26550524,
2054063105,-23.38798587,
2054663065,-23.36155487,
2055263025,-23.46144632,
2055862985,-23.29775948,
2056462945,-23.94984418,
2057062905,-24.00388993,
2057662865,-23.6840925,
2058262825,-24.11711288,
2058862785,-24.18669403,
2059462745,-24.12738436,
2060062705,-24.6554202,
2060662665,-24.41878281,
2061262625,-24.52291024,
2061862585,-24.43198146,
2062462545,-24.9565479,
2063062505,-24.81102293,
2063662465,-24.49677853,
2064262425,-24.74823802,
2064862385,-24.34678977,
2065462345,-25.47520203,
2066062305,-25.24578105,
2066662265,-25.45164983,
2067262225,-24.85915598,
2067862185,-25.76197911,
2068462145,-25.27079275,
2069062105,-25.67269562,
2069662065,-25.61237245,
2070262025,-25.52953004,
2070861985,-25.55042343,
2071461945,-25.91828903,
2072061905,-25.37348033,
2072661865,-26.6731228,
2073261825,-25.95412247,
2073861785,-26.83606307,
2074461745,-25.7100563,
2075061705,-26.22364396,
2075661665,-26.42939706,
2076261625,-26.61569514,
2076861585,-25.55417486,
2077461545,-26.81258559,
2078061505,-27.65947778,
2078661465,-27.26846529,
2079261425,-26.88677365,
2079861385,-27.63791268,
2080461345,-27.31147007,
2081061305,-27.86880525,
2081661265,-28.13631441,
2082261225,-28.94007992,
2082861185,-29.07098393,
2083461145,-27.61654487,
2084061105,-27.16139819,
2084661065,-28.86470821,
2085261025,-28.16960655,
2085860985,-29.12407517,
2086460945,-28.64017952,
2087060905,-29.59080356,
2087660865,-29.29667649,
2088260825,-31.09731252,
2088860785,-30.12994691,
2089460745,-30.265769,
2090060705,-30.03784655,
2090660665,-30.23363028,
2091260625,-31.71310164,
2091860585,-31.14952885,
2092460545,-31.69949256,
2093060505,-31.30791079,
2093660465,-32.7827717,
2094260425,-30.54887216,
2094860385,-32.83063331,
2095460345,-32.30390498,
2096060305,-32.33678873,
2096660265,-33.88690926,
2097260225,-33.70269287,
2097860185,-33.25485948,
2098460145,-34.94774025,
2099060105,-33.56786753,
2099660065,-33.15759983,
2100260025,-33.24208975,
2100859985,-33.07913001,
2101459945,-34.42058614,
2102059905,-32.96162296,
2102659865,-33.025571,
2103259825,-33.53716046,
2103859785,-32.63520293,
2104459745,-33.72144677,
2105059705,-32.7426702,
2105659665,-36.1533029,
2106259625,-32.8723723,
2106859585,-33.35568538,
2107459545,-35.44466665,
2108059505,-34.44987665,
2108659465,-35.12192166,
2109259425,-34.72500498,
2109859385,-35.11821226,
2110459345,-35.76846723,
2111059305,-33.16312961,
2111659265,-36.17878506,
2112259225,-33.25328428,
2112859185,-33.19938297,
2113459145,-32.0940165,
2114059105,-34.459947,
2114659065,-34.64463441,
2115259025,-33.16502653,
2115858985,-34.19066424,
2116458945,-33.82999955,
2117058905,-33.73621285,
2117658865,-35.12208314,
2118258825,-32.97238472,
2118858785,-34.81878181,
2119458745,-33.48814653,
2120058705,-33.85066196,
2120658665,-33.42182989,
2121258625,-35.70568531,
2121858585,-33.2767867,
2122458545,-33.52848129,
2123058505,-31.88098254,
2123658465,-33.42844291,
2124258425,-33.81180939,
2124858385,-31.18027884,
2125458345,-33.18849947,
2126058305,-31.52105656,
2126658265,-32.53628365,
2127258225,-34.55779757,
2127858185,-31.970024,
2128458145,-31.43461251,
2129058105,-31.90869908,
2129658065,-34.08735569,
2130258025,-32.38799012,
2130857985,-32.03671191,
2131457945,-31.69856396,
2132057905,-32.01095023,
2132657865,-30.72788653,
2133257825,-31.01376397,
2133857785,-30.8747965,
2134457745,-31.13215969,
2135057705,-31.55255124,
2135657665,-30.85935836,
2136257625,-30.3672104,
2136857585,-30.48543857,
2137457545,-30.78642947,
2138057505,-29.20756545,
2138657465,-28.46193991,
2139257425,-28.29899141,
2139857385,-27.64069278,
2140457345,-27.72386555,
2141057305,-28.90983086,
2141657265,-26.69395079,
2142257225,-27.3955483,
2142857185,-26.80655994,
2143457145,-27.0269033,
2144057105,-27.72472326,
2144657065,-26.06243877,
2145257025,-26.96769591,
2145856985,-27.4928529,
2146456945,-26.29963491,
2147056905,-26.35127937,
2147656865,-27.13233403,
2148256825,-26.69734381,
2148856785,-26.24749853,
2149456745,-25.87672681,
2150056705,-26.06141424,
2150656665,-25.58372426,
2151256625,-25.41692764,
2151856585,-25.6784317,
2152456545,-25.00595103,
2153056505,-25.55548983,
2153656465,-25.48657256,
2154256425,-25.20122336,
2154856385,-24.72389827,
2155456344,-24.61380371,
2156056304,-24.30368406,
2156656264,-25.09518915,
2157256224,-24.58663333,
2157856184,-23.64433808,
2158456144,-24.61823632,
2159056104,-24.29557734,
2159656064,-23.91557061,
2160256024,-23.90072131,
2160855984,-23.98515879,
2161455944,-23.70900456,
2162055904,-23.18017584,
2162655864,-23.07960497,
2163255824,-23.41731694,
2163855784,-23.42744223,
2164455744,-23.11165441,
2165055704,-22.95717103,
2165655664,-22.98967806,
2166255624,-22.75462513,
2166855584,-22.80633386,
2167455544,-22.73005536,
2168055504,-22.52539051,
2168655464,-22.22754576,
2169255424,-22.14222226,
2169855384,-22.04505459,
2170455344,-21.96578385,
2171055304,-21.44739496,
2171655264,-21.77026709,
2172255224,-21.50147793,
2172855184,-21.43784906,
2173455144,-21.18071081,
2174055104,-21.26252266,
2174655064,-21.06617305,
2175255024,-21.16717579,
2175854984,-21.28677289,
2176454944,-20.85517611,
2177054904,-20.53106095,
2177654864,-20.9772343,
2178254824,-20.66283464,
2178854784,-20.8971063,
2179454744,-20.34198043,
2180054704,-20.61421912,
2180654664,-20.52017152,
2181254624,-20.31340883,
2181854584,-19.92419515,
2182454544,-19.73964961,
2183054504,-20.04190121,
2183654464,-19.52884509,
2184254424,-19.13969034,
2184854384,-19.20990019,
2185454344,-19.31872236,
2186054304,-18.91793765,
2186654264,-18.73252666,
2187254224,-18.44267534,
2187854184,-18.43298286,
2188454144,-18.74222023,
2189054104,-18.71018427,
2189654064,-17.95787826,
2190254024,-17.86664455,
2190853984,-18.29701814,
2191453944,-17.72816122,
2192053904,-17.65165337,
2192653864,-17.58899184,
2193253824,-17.42123621,
2193853784,-17.47183991,
2194453744,-17.50803841,
2195053704,-17.44099489,
2195653664,-17.015347,
2196253624,-17.31626526,
2196853584,-17.31255426,
2197453544,-16.88200323,
2198053504,-16.62905215,
2198653464,-16.85039519,
2199253424,-16.34783047,
2199853384,-16.55319431,
2200453344,-16.56480897,
2201053304,-16.45756468,
2201653264,-16.22205497,
2202253224,-16.07391641,
2202853184,-16.07553033,
2203453144,-15.83037042,
2204053104,-16.00715948,
2204653064,-15.91029565,
2205253024,-15.82677196,
2205852984,-15.81754962,
2206452944,-15.70329871,
2207052904,-15.78365905,
2207652864,-15.65837993,
2208252824,-15.36470413,
2208852784,-15.43645985,
2209452744,-15.28855264,
2210052704,-15.28615161,
2210652664,-15.01098329,
2211252624,-15.06717071,
2211852584,-15.02749403,
2212452544,-14.7919379,
2213052504,-14.76270444,
2213652464,-14.68557684,
2214252424,-14.75066416,
2214852384,-14.41101142,
2215452344,-14.35723759,
2216052304,-14.38036693,
2216652264,-14.35675156,
2217252224,-14.13233542,
2217852184,-14.09887205,
2218452144,-14.17813158,
2219052104,-14.14921395,
2219652064,-13.95969302,
2220252024,-13.99222622,
2220851984,-13.82314224,
2221451944,-13.72985971,
2222051904,-13.82389962,
2222651864,-13.63211462,
2223251824,-13.60697993,
2223851784,-13.62104541,
2224451744,-13.53243952,
2225051704,-13.45467735,
2225651664,-13.43276438,
2226251624,-13.24459812,
2226851584,-13.37983008,
2227451544,-13.1273321,
2228051504,-13.14988475,
2228651464,-13.11723492,
2229251424,-13.06093545,
2229851384,-13.15163461,
2230451344,-12.98458466,
2231051304,-12.95119093,
2231651264,-12.84213645,
2232251224,-12.75805508,
2232851184,-12.7410684,
2233451144,-12.75399057,
2234051104,-13.01620862,
2234651064,-12.8100979,
2235251024,-12.59221441,
2235850984,-12.67021694,
2236450944,-12.62845084,
2237050904,-12.4709069,
2237650864,-12.55642176,
2238250824,-12.53626002,
2238850784,-12.45888081,
2239450744,-12.32414803,
2240050704,-12.34947934,
2240650664,-12.14040677,
2241250624,-12.2419259,
2241850584,-12.09558554,
2242450544,-12.19032688,
2243050504,-12.02261539,
2243650464,-12.00212645,
2244250424,-11.8657699,
2244850384,-11.84939076,
2245450344,-12.08160738,
2246050304,-11.8741309,
2246650264,-12.04434087,
2247250224,-11.73808789,
2247850184,-11.82647805,
2248450144,-11.9008782,
2249050104,-11.7040433,
2249650064,-11.80289118,
2250250024,-11.84639077,
2250849984,-11.74560734,
2251449944,-11.56762964,
2252049904,-11.74491367,
2252649864,-11.57914462,
2253249824,-11.88850378,
2253849784,-11.67918999,
2254449744,-11.75413004,
2255049704,-11.70922388,
2255649664,-11.65110547,
2256249624,-11.66667305,
2256849584,-11.58081917,
2257449544,-11.3866809,
2258049504,-11.47831598,
2258649464,-11.51840771,
2259249424,-11.42569556,
2259849384,-11.41451618,
2260449344,-11.40966737,
2261049304,-11.29330641,
2261649264,-11.40646004,
2262249224,-11.40909053,
2262849184,-11.42000758,
2263449144,-11.26579338,
2264049104,-11.40879844,
2264649064,-11.33806606,
2265249024,-11.33122784,
2265848984,-11.286363,
2266448944,-11.34425994,
2267048904,-11.19270732,
2267648864,-11.23547192,
2268248824,-11.21562173,
2268848784,-11.28853489,
2269448744,-11.26554074,
2270048704,-11.24026632,
2270648664,-11.21971012,
2271248624,-11.35393481,
2271848584,-11.22002219,
2272448544,-11.18515558,
2273048504,-11.22418593,
2273648464,-11.16829879,
2274248424,-11.14512655,
2274848384,-11.16025523,
2275448344,-11.16661193,
2276048304,-11.12645086,
2276648264,-11.02504365,
2277248224,-11.06998151,
2277848184,-11.037161,
2278448144,-11.08771328,
2279048104,-11.05024364,
2279648064,-10.90700376,
2280248024,-11.02892057,
2280847984,-10.97910173,
2281447944,-10.97958994,
2282047904,-10.94574814,
2282647864,-10.95134175,
2283247824,-11.09830417,
2283847784,-10.95338833,
2284447744,-11.07480684,
2285047704,-10.972395,
2285647664,-11.04204797,
2286247624,-10.99811006,
2286847584,-10.88496594,
2287447544,-11.02257075,
2288047504,-10.88390978,
2288647464,-10.94759262,
2289247424,-11.00307158,
2289847384,-10.97387758,
2290447344,-10.90760244,
2291047304,-10.76934726,
2291647264,-10.88143936,
2292247224,-10.79164216,
2292847184,-10.87946437,
2293447144,-10.81153206,
2294047104,-10.83198056,
2294647064,-10.93898263,
2295247024,-10.82926163,
2295846984,-10.91139301,
2296446944,-10.84327908,
2297046904,-10.75341397,
2297646864,-10.76455058,
2298246824,-10.77491424,
2298846784,-10.86988595,
2299446744,-10.74998514,
2300046704,-10.71740394,
2300646664,-10.77337964,
2301246624,-10.70903415,
2301846584,-10.7010462,
2302446544,-10.77469289,
2303046504,-10.67115717,
2303646464,-10.68624586,
2304246424,-10.75968662,
2304846384,-10.68620218,
2305446344,-10.68554683,
2306046304,-10.68103108,
2306646264,-10.62587223,
2307246224,-10.66461374,
2307846184,-10.62960736,
2308446144,-10.5546928,
2309046103,-10.63552105,
2309646063,-10.54498186,
2310246023,-10.63872062,
2310845983,-10.55468903,
2311445943,-10.58406323,
2312045903,-10.60579368,
2312645863,-10.48354258,
2313245823,-10.42801355,
2313845783,-10.55194288,
2314445743,-10.52510888,
2315045703,-10.55122798,
2315645663,-10.43803665,
2316245623,-10.49909353,
2316845583,-10.50884702,
2317445543,-10.45160768,
2318045503,-10.51875738,
2318645463,-10.48328194,
2319245423,-10.40963365,
2319845383,-10.44295442,
2320445343,-10.4568774,
2321045303,-10.3316712,
2321645263,-10.37641605,
2322245223,-10.35636496,
2322845183,-10.2663935,
2323445143,-10.27467376,
2324045103,-10.36809664,
2324645063,-10.19941588,
2325245023,-10.30182228,
2325844983,-10.4470942,
2326444943,-10.22316138,
2327044903,-10.25600515,
2327644863,-10.22311011,
2328244823,-10.21020543,
2328844783,-10.30768546,
2329444743,-10.17465851,
2330044703,-10.10608696,
2330644663,-10.11352151,
2331244623,-10.20277793,
2331844583,-10.05171514,
2332444543,-10.15728477,
2333044503,-10.12381166,
2333644463,-10.0167062,
2334244423,-10.04978086,
2334844383,-10.10814594,
2335444343,-10.1320579,
2336044303,-9.930413155,
2336644263,-10.0913817,
2337244223,-9.907675531,
2337844183,-9.808626018,
2338444143,-9.788032371,
2339044103,-9.764653607,
2339644063,-9.881760597,
2340244023,-9.716596922,
2340843983,-9.820290251,
2341443943,-9.78198116,
2342043903,-9.591929512,
2342643863,-9.867098349,
2343243823,-9.745564408,
2343843783,-9.750956474,
2344443743,-9.513185256,
2345043703,-9.630392738,
2345643663,-9.678173399,
2346243623,-9.518408349,
2346843583,-9.609941438,
2347443543,-9.485225929,
2348043503,-9.508213598,
2348643463,-9.43700761,
2349243423,-9.355283125,
2349843383,-9.35948953,
2350443343,-9.346346623,
2351043303,-9.329159142,
2351643263,-9.321784858,
2352243223,-9.284959292,
2352843183,-9.299706021,
2353443143,-9.245730552,
2354043103,-9.18950304,
2354643063,-9.228241864,
2355243023,-9.109525116,
2355842983,-9.143846488,
2356442943,-9.137607711,
2357042903,-9.07456255,
2357642863,-8.983489407,
2358242823,-9.040505834,
2358842783,-8.909378824,
2359442743,-8.971005162,
2360042703,-8.918964299,
2360642663,-8.84794901,
2361242623,-8.88821858,
2361842583,-8.870963461,
2362442543,-8.759406252,
2363042503,-8.799877017,
2363642463,-8.789477221,
2364242423,-8.729724943,
2364842383,-8.646760222,
2365442343,-8.677865745,
2366042303,-8.694531885,
2366642263,-8.635841494,
2367242223,-8.559341554,
2367842183,-8.527986357,
2368442143,-8.474015302,
2369042103,-8.478146395,
2369642063,-8.494947973,
2370242023,-8.476374443,
2370841983,-8.478679268,
2371441943,-8.446999209,
2372041903,-8.392311835,
2372641863,-8.343230606,
2373241823,-8.276805816,
2373841783,-8.319940476,
2374441743,-8.271547568,
2375041703,-8.221121751,
2375641663,-8.170835465,
2376241623,-8.188023749,
2376841583,-8.136948357,
2377441543,-8.162005838,
2378041503,-8.092670196,
2378641463,-8.095963673,
2379241423,-7.975171525,
2379841383,-7.947810035,
2380441343,-7.946422852,
2381041303,-7.833857029,
2381641263,-7.74491851,
2382241223,-7.902091345,
2382841183,-7.802079778,
2383441143,-7.70786117,
2384041103,-7.813795548,
2384641063,-7.719139887,
2385241023,-7.645464828,
2385840983,-7.66687612,
2386440943,-7.573845266,
2387040903,-7.547868511,
2387640863,-7.514138823,
2388240823,-7.566819751,
2388840783,-7.547987317,
2389440743,-7.494045243,
2390040703,-7.431939389,
2390640663,-7.274757036,
2391240623,-7.419682234,
2391840583,-7.404933828,
2392440543,-7.329335317,
2393040503,-7.329327101,
2393640463,-7.323360183,
2394240423,-7.209193194,
2394840383,-7.241069211,
2395440343,-7.1161079,
2396040303,-7.110704264,
2396640263,-7.081654222,
2397240223,-7.109096421,
2397840183,-7.065577267,
2398440143,-7.033281491,
2399040103,-6.979406997,
2399640063,-7.042201036,
2400240023,-7.077957512,
2400839983,-6.950428895,
2401439943,-6.91817415,
2402039903,-6.992373264,
2402639863,-6.912774917,
2403239823,-6.921380559,
2403839783,-6.866120368,
2404439743,-6.824679537,
2405039703,-6.799244495,
2405639663,-6.800151831,
2406239623,-6.7581032,
2406839583,-6.735098218,
2407439543,-6.73565051,
2408039503,-6.736515322,
2408639463,-6.661168802,
2409239423,-6.649192008,
2409839383,-6.778296918,
2410439343,-6.606221946,
2411039303,-6.611771579,
2411639263,-6.534606343,
2412239223,-6.470250101,
2412839183,-6.540334388,
2413439143,-6.496665162,
2414039103,-6.555452522,
2414639063,-6.433976238,
2415239023,-6.426612831,
2415838983,-6.383632341,
2416438943,-6.412307084,
2417038903,-6.42252443,
2417638863,-6.338122588,
2418238823,-6.426974641,
2418838783,-6.330163008,
2419438743,-6.272276056,
2420038703,-6.266894658,
2420638663,-6.292606977,
2421238623,-6.152848917,
2421838583,-6.242649645,
2422438543,-6.255046278,
2423038503,-6.22963422,
2423638463,-6.232772652,
2424238423,-6.201303285,
2424838383,-6.138271241,
2425438343,-6.202543236,
2426038303,-6.115629125,
2426638263,-6.149101222,
2427238223,-6.17086865,
2427838183,-6.166396222,
2428438143,-6.130900924,
2429038103,-6.119296497,
2429638063,-6.142490627,
2430238023,-6.160022007,
2430837983,-6.062266887,
2431437943,-5.994658724,
2432037903,-6.006356114,
2432637863,-6.07854593,
2433237823,-6.086567312,
2433837783,-6.060534367,
2434437743,-5.991746837,
2435037703,-5.976984989,
2435637663,-6.054115607,
2436237623,-6.011209313,
2436837583,-6.011034838,
2437437543,-5.931252953,
2438037503,-5.972853454,
2438637463,-6.005757897,
2439237423,-5.986376905,
2439837383,-6.010848044,
2440437343,-5.951726848,
2441037303,-5.961102455,
2441637263,-5.964704186,
2442237223,-5.950563015,
2442837183,-5.996785601,
2443437143,-5.9413656,
2444037103,-6.004806852,
2444637063,-5.922373604,
2445237023,-5.908865761,
2445836983,-5.871236379,
2446436943,-5.911832162,
2447036903,-5.888013989,
2447636863,-5.838941878,
2448236823,-5.891332484,
2448836783,-5.92454866,
2449436743,-5.809739069,
2450036703,-5.892939026,
2450636663,-5.865680229,
2451236623,-5.770002829,
2451836583,-5.971952487,
2452436543,-5.851871308,
2453036503,-5.816137889,
2453636463,-5.791622369,
2454236423,-5.88550862,
2454836383,-5.868233777,
2455436343,-5.861763628,
2456036303,-5.831432179,
2456636263,-5.852831196,
2457236223,-5.894811791,
2457836183,-5.834084394,
2458436143,-5.876671891,
2459036103,-5.925203082,
2459636063,-5.863631791,
2460236023,-5.805543918,
2460835983,-5.841900208,
2461435943,-5.743201971,
2462035903,-5.774770178,
2462635863,-5.812874391,
2463235822,-5.783950112,
2463835782,-5.809624009,
2464435742,-5.809639836,
2465035702,-5.770017116,
2465635662,-5.751852899,
2466235622,-5.738486177,
2466835582,-5.737624343,
2467435542,-5.867978514,
2468035502,-5.763726314,
2468635462,-5.769000621,
2469235422,-5.734836453,
2469835382,-5.725237452,
2470435342,-5.732242749,
2471035302,-5.76533901,
2471635262,-5.686929153,
2472235222,-5.655191414,
2472835182,-5.73627565,
2473435142,-5.681225515,
2474035102,-5.712249648,
2474635062,-5.60060873,
2475235022,-5.627868958,
2475834982,-5.702876122,
2476434942,-5.716752576,
2477034902,-5.679491556,
2477634862,-5.663251471,
2478234822,-5.632979559,
2478834782,-5.688970193,
2479434742,-5.601785983,
2480034702,-5.620631319,
2480634662,-5.734490808,
2481234622,-5.640993525,
2481834582,-5.622650956,
2482434542,-5.675021117,
2483034502,-5.72941252,
2483634462,-5.615556423,
2484234422,-5.720510633,
2484834382,-5.65939325,
2485434342,-5.566912415,
2486034302,-5.563306557,
2486634262,-5.621842865,
2487234222,-5.571013182,
2487834182,-5.614829391,
2488434142,-5.607429377,
2489034102,-5.61909985,
2489634062,-5.534899398,
2490234022,-5.532394642,
2490833982,-5.627491668,
2491433942,-5.610799873,
2492033902,-5.62678098,
2492633862,-5.542016028,
2493233822,-5.556373982,
2493833782,-5.612778323,
2494433742,-5.51626012,
2495033702,-5.602024088,
2495633662,-5.466167102,
2496233622,-5.536477812,
2496833582,-5.515003859,
2497433542,-5.45991373,
2498033502,-5.52540381,
2498633462,-5.509461597,
2499233422,-5.513442001,
2499833382,-5.605490672,
2500433342,-5.53168091,
2501033302,-5.584466919,
2501633262,-5.553666273,
2502233222,-5.500659894,
2502833182,-5.579685664,
2503433142,-5.569062699,
2504033102,-5.515362425,
2504633062,-5.501775078,
2505233022,-5.532557088,
2505832982,-5.563848235,
2506432942,-5.40823006,
2507032902,-5.493959771,
2507632862,-5.505726629,
2508232822,-5.450737561,
2508832782,-5.504254147,
2509432742,-5.481584776,
2510032702,-5.491480277,
2510632662,-5.434650855,
2511232622,-5.443579335,
2511832582,-5.50518446,
2512432542,-5.458638157,
2513032502,-5.528008649,
2513632462,-5.525499383,
2514232422,-5.506942938,
2514832382,-5.505433842,
2515432342,-5.529161794,
2516032302,-5.444345623,
2516632262,-5.465057026,
2517232222,-5.505571594,
2517832182,-5.535413158,
2518432142,-5.510828215,
2519032102,-5.524588417,
2519632062,-5.497420805,
2520232022,-5.47458783,
2520831982,-5.477431869,
2521431942,-5.568086058,
2522031902,-5.540364124,
2522631862,-5.539507513,
2523231822,-5.543378781,
2523831782,-5.49649995,
2524431742,-5.576277926,
2525031702,-5.484704951,
2525631662,-5.520704469,
2526231622,-5.59073769,
2526831582,-5.539863929,
2527431542,-5.582317317,
2528031502,-5.566851971,
2528631462,-5.513242013,
2529231422,-5.589698193,
2529831382,-5.612462192,
2530431342,-5.630086889,
2531031302,-5.533483349,
2531631262,-5.550890177,
2532231222,-5.569398231,
2532831182,-5.552980587,
2533431142,-5.560588451,
2534031102,-5.625234353,
2534631062,-5.602320661,
2535231022,-5.661524911,
2535830982,-5.622819038,
2536430942,-5.64331039,
2537030902,-5.677916598,
2537630862,-5.653498996,
2538230822,-5.622347489,
2538830782,-5.679987322,
2539430742,-5.623458073,
2540030702,-5.619815877,
2540630662,-5.640438302,
2541230622,-5.634383341,
2541830582,-5.676372219,
2542430542,-5.728867514,
2543030502,-5.689733482,
2543630462,-5.613332598,
2544230422,-5.669767543,
2544830382,-5.716352403,
2545430342,-5.665724281,
2546030302,-5.71341543,
2546630262,-5.846627923,
2547230222,-5.784685759,
2547830182,-5.67580896,
2548430142,-5.692079102,
2549030102,-5.69472804,
2549630062,-5.723298887,
2550230022,-5.746390133,
2550829982,-5.738822473,
2551429942,-5.777474719,
2552029902,-5.775066652,
2552629862,-5.721370793,
2553229822,-5.723276858,
2553829782,-5.736415651,
2554429742,-5.79166672,
2555029702,-5.810743537,
2555629662,-5.82803175,
2556229622,-5.806598394,
2556829582,-5.772018489,
2557429542,-5.866545109,
2558029502,-5.773692452,
2558629462,-5.817632488,
2559229422,-5.776278433,
2559829382,-5.785845045,
2560429342,-5.77615392,
2561029302,-5.854709566,
2561629262,-5.818534447,
2562229222,-5.753135049,
2562829182,-5.833281961,
2563429142,-5.839608838,
2564029102,-5.814595914,
2564629062,-5.820221307,
2565229022,-5.821257464,
2565828982,-5.826167893,
2566428942,-5.90016236,
2567028902,-5.894055243,
2567628862,-5.859166729,
2568228822,-5.86276298,
2568828782,-5.859484527,
2569428742,-5.880869762,
2570028702,-5.904007058,
2570628662,-5.909898598,
2571228622,-5.909145555,
2571828582,-5.885503243,
2572428542,-5.808360333,
2573028502,-5.840544287,
2573628462,-5.908477291,
2574228422,-5.917066361,
2574828382,-5.878302537,
2575428342,-5.889361551,
2576028302,-5.894702797,
2576628262,-5.90713733,
2577228222,-5.87174787,
2577828182,-5.866242215,
2578428142,-5.858930374,
2579028102,-5.900629454,
2579628062,-5.882066396,
2580228022,-5.892523477,
2580827982,-5.903623193,
2581427942,-5.888183233,
2582027902,-5.887285715,
2582627862,-5.874187442,
2583227822,-5.984389234,
2583827782,-5.907125307,
2584427742,-5.917231626,
2585027702,-5.890556733,
2585627662,-5.877550511,
2586227622,-5.990409486,
2586827582,-5.877388916,
2587427542,-5.965727718,
2588027502,-5.903152441,
2588627462,-5.977692037,
2589227422,-5.914942597,
2589827382,-5.952528333,
2590427342,-5.939699377,
2591027302,-5.931781648,
2591627262,-5.937468256,
2592227222,-5.922689846,
2592827182,-5.882586097,
2593427142,-5.931386487,
2594027102,-5.873964735,
2594627062,-5.892448461,
2595227022,-5.962843125,
2595826982,-5.892890257,
2596426942,-5.831355692,
2597026902,-5.929510137,
2597626862,-5.950499545,
2598226822,-5.982880304,
2598826782,-5.909966728,
2599426742,-5.899196134,
2600026702,-5.957613864,
2600626662,-5.905675701,
2601226622,-5.92162871,
2601826582,-5.954556823,
2602426542,-5.949389833,
2603026502,-5.960844992,
2603626462,-5.974484521,
2604226422,-5.924758681,
2604826382,-6.033949056,
2605426342,-5.967481793,
2606026302,-5.998116176,
2606626262,-5.897459881,
2607226222,-5.921173535,
2607826182,-5.937657118,
2608426142,-6.001007924,
2609026102,-5.983291427,
2609626062,-5.979560487,
2610226022,-6.033984397,
2610825982,-5.971199112,
2611425942,-5.943639719,
2612025902,-5.980890268,
2612625862,-5.961280705,
2613225822,-5.914804436,
2613825782,-5.962069285,
2614425742,-5.931468482,
2615025702,-5.998858988,
2615625662,-5.980912869,
2616225622,-6.072266345,
2616825581,-5.953730943,
2617425541,-5.997994853,
2618025501,-6.016017664,
2618625461,-6.018885131,
2619225421,-6.025606974,
2619825381,-5.987890682,
2620425341,-6.018621638,
2621025301,-5.998813574,
2621625261,-5.963053028,
2622225221,-6.026924838,
2622825181,-6.070246997,
2623425141,-6.096326693,
2624025101,-6.047277905,
2624625061,-6.005417247,
2625225021,-6.084240733,
2625824981,-6.085137906,
2626424941,-6.055821935,
2627024901,-6.058756824,
2627624861,-6.050669829,
2628224821,-6.040344698,
2628824781,-6.080266858,
2629424741,-6.120828216,
2630024701,-6.094235083,
2630624661,-6.037891448,
2631224621,-6.118557765,
2631824581,-6.133528966,
2632424541,-6.164191049,
2633024501,-6.086126532,
2633624461,-6.204940545,
2634224421,-6.199924383,
2634824381,-6.14924518,
2635424341,-6.199669287,
2636024301,-6.218409257,
2636624261,-6.256863002,
2637224221,-6.261959017,
2637824181,-6.198983639,
2638424141,-6.297978574,
2639024101,-6.273824496,
2639624061,-6.240956633,
2640224021,-6.286866876,
2640823981,-6.20099137,
2641423941,-6.300190219,
2642023901,-6.353648656,
2642623861,-6.407310982,
2643223821,-6.31824507,
2643823781,-6.341658293,
2644423741,-6.389254412,
2645023701,-6.398061302,
2645623661,-6.487175647,
2646223621,-6.373540781,
2646823581,-6.472928365,
2647423541,-6.494430714,
2648023501,-6.510568552,
2648623461,-6.490826841,
2649223421,-6.479451034,
2649823381,-6.575532974,
2650423341,-6.598541202,
2651023301,-6.563783568,
2651623261,-6.562108072,
2652223221,-6.622098761,
2652823181,-6.696284194,
2653423141,-6.659987914,
2654023101,-6.619340291,
2654623061,-6.677059585,
2655223021,-6.566636855,
2655822981,-6.732269905,
2656422941,-6.622214922,
2657022901,-6.683755005,
2657622861,-6.631897262,
2658222821,-6.665200794,
2658822781,-6.696855342,
2659422741,-6.845587341,
2660022701,-6.810266308,
2660622661,-6.822588939,
2661222621,-6.808856267,
2661822581,-6.814990148,
2662422541,-6.804510437,
2663022501,-6.77581938,
2663622461,-6.968821245,
2664222421,-6.804644237,
2664822381,-6.967175946,
2665422341,-7.00044014,
2666022301,-6.957639175,
2666622261,-6.969796109,
2667222221,-7.039566481,
2667822181,-6.95517602,
2668422141,-6.958081488,
2669022101,-7.13915707,
2669622061,-7.019033765,
2670222021,-7.180705684,
2670821981,-7.120684092,
2671421941,-7.146643861,
2672021901,-7.192072836,
2672621861,-7.189036243,
2673221821,-7.120890639,
2673821781,-7.299098902,
2674421741,-7.252415336,
2675021701,-7.170214724,
2675621661,-7.200087899,
2676221621,-7.249159887,
2676821581,-7.321669291,
2677421541,-7.244379879,
2678021501,-7.274132277,
2678621461,-7.370151987,
2679221421,-7.306374233,
2679821381,-7.388705881,
2680421341,-7.390587131,
2681021301,-7.39691978,
2681621261,-7.369197534,
2682221221,-7.442053004,
2682821181,-7.309206464,
2683421141,-7.399833071,
2684021101,-7.395190609,
2684621061,-7.423666308,
2685221021,-7.516247297,
2685820981,-7.422620276,
2686420941,-7.429818863,
2687020901,-7.44905128,
2687620861,-7.478913551,
2688220821,-7.524901184,
2688820781,-7.478003445,
2689420741,-7.536840457,
2690020701,-7.569023188,
2690620661,-7.449141155,
2691220621,-7.547010783,
2691820581,-7.489346336,
2692420541,-7.540770062,
2693020501,-7.472904213,
2693620461,-7.606210956,
2694220421,-7.538710195,
2694820381,-7.598464368,
2695420341,-7.598293762,
2696020301,-7.573905099,
2696620261,-7.611014592,
2697220221,-7.694569981,
2697820181,-7.684389747,
2698420141,-7.65002683,
2699020101,-7.604726186,
2699620061,-7.70561786,
2700220021,-7.665028677,
2700819981,-7.745818002,
2701419941,-7.698297103,
2702019901,-7.646047883,
2702619861,-7.646712277,
2703219821,-7.658314977,
2703819781,-7.639527903,
2704419741,-7.633574414,
2705019701,-7.662756405,
2705619661,-7.666328315,
2706219621,-7.6890745,
2706819581,-7.669502833,
2707419541,-7.653406406,
2708019501,-7.654783212,
2708619461,-7.660039913,
2709219421,-7.665615224,
2709819381,-7.618869519,
2710419341,-7.641287439,
2711019301,-7.687299734,
2711619261,-7.745804958,
2712219221,-7.709871977,
2712819181,-7.67845179,
2713419141,-7.719737845,
2714019101,-7.725746069,
2714619061,-7.63622004,
2715219021,-7.590210873,
2715818981,-7.705301666,
2716418941,-7.667287755,
2717018901,-7.68687568,
2717618861,-7.668134551,
2718218821,-7.662332046,
2718818781,-7.682620451,
2719418741,-7.633777281,
2720018701,-7.695378805,
2720618661,-7.767945616,
2721218621,-7.668649376,
2721818581,-7.67899368,
2722418541,-7.733612018,
2723018501,-7.536919999,
2723618461,-7.581932145,
2724218421,-7.61634921,
2724818381,-7.692029232,
2725418341,-7.6183644,
2726018301,-7.574450246,
2726618261,-7.506038478,
2727218221,-7.602521711,
2727818181,-7.633228401,
2728418141,-7.546516234,
2729018101,-7.598430646,
2729618061,-7.548299856,
2730218021,-7.559733609,
2730817981,-7.537506861,
2731417941,-7.60547462,
2732017901,-7.459518058,
2732617861,-7.56723476,
2733217821,-7.516306344,
2733817781,-7.493544402,
2734417741,-7.512863594,
2735017701,-7.466377836,
2735617661,-7.440727995,
2736217621,-7.500766196,
2736817581,-7.529476027,
2737417541,-7.492216484,
2738017501,-7.430050956,
2738617461,-7.413664102,
2739217421,-7.371662666,
2739817381,-7.415203927,
2740417341,-7.338182984,
2741017301,-7.334355996,
2741617261,-7.400888208,
2742217221,-7.280253219,
2742817181,-7.358342999,
2743417141,-7.398781467,
2744017101,-7.366798314,
2744617061,-7.363202746,
2745217021,-7.272199815,
2745816981,-7.410051628,
2746416941,-7.349411237,
2747016901,-7.313655858,
2747616861,-7.231668961,
2748216821,-7.178574873,
2748816781,-7.221898841,
2749416741,-7.257007632,
2750016701,-7.16001128,
2750616661,-7.139834627,
2751216621,-7.233200983,
2751816581,-7.11757708,
2752416541,-7.164116452,
2753016501,-7.26337804,
2753616461,-7.139198616,
2754216421,-7.140717376,
2754816381,-7.108217616,
2755416341,-7.143274045,
2756016301,-7.170488548,
2756616261,-7.056275163,
2757216221,-7.099700334,
2757816181,-7.110420136,
2758416141,-7.096629054,
2759016101,-7.061597147,
2759616061,-7.118454611,
2760216021,-6.963386069,
2760815981,-7.143457074,
2761415941,-7.11200789,
2762015901,-6.9203778,
2762615861,-6.929781115,
2763215821,-7.00053765,
2763815781,-7.061317271,
2764415741,-6.985479729,
2765015701,-7.001937842,
2765615661,-6.979973359,
2766215621,-6.993885473,
2766815581,-6.939831863,
2767415541,-6.943565435,
2768015501,-6.959313824,
2768615461,-6.917215815,
2769215421,-6.958517056,
2769815381,-6.882172558,
2770415340,-6.942965685,
2771015300,-6.906808739,
2771615260,-6.910253583,
2772215220,-7.005177618,
2772815180,-6.917040975,
2773415140,-6.987398725,
2774015100,-6.903085261,
2774615060,-6.960157861,
2775215020,-6.903770132,
2775814980,-6.905425,
2776414940,-6.920214268,
2777014900,-6.923388844,
2777614860,-6.895830513,
2778214820,-6.850913217,
2778814780,-6.832287249,
2779414740,-6.904779052,
2780014700,-6.864968191,
2780614660,-6.855268644,
2781214620,-6.88051096,
2781814580,-6.792977339,
2782414540,-6.797195742,
2783014500,-6.874006077,
2783614460,-6.862055646,
2784214420,-6.818742704,
2784814380,-6.865417951,
2785414340,-6.875455016,
2786014300,-6.818302596,
2786614260,-6.827211083,
2787214220,-6.882478214,
2787814180,-6.861329941,
2788414140,-6.859214916,
2789014100,-6.867918113,
2789614060,-6.84271369,
2790214020,-6.899615744,
2790813980,-6.837422183,
2791413940,-6.888519159,
2792013900,-6.901036537,
2792613860,-6.831637943,
2793213820,-6.851646819,
2793813780,-6.877505513,
2794413740,-6.89172942,
2795013700,-6.877300256,
2795613660,-6.808200223,
2796213620,-6.855639861,
2796813580,-6.817163832,
2797413540,-6.859467748,
2798013500,-6.859008334,
2798613460,-6.860087515,
2799213420,-6.90171253,
2799813380,-6.879905523,
2800413340,-6.885079048,
2801013300,-6.815705699,
2801613260,-6.897042043,
2802213220,-6.877629681,
2802813180,-6.873695391,
2803413140,-6.857614172,
2804013100,-6.864927746,
2804613060,-6.906090554,
2805213020,-6.889268992,
2805812980,-6.919442664,
2806412940,-6.849476407,
2807012900,-6.879976177,
2807612860,-6.914326882,
2808212820,-6.944520128,
2808812780,-6.891958724,
2809412740,-6.858294027,
2810012700,-6.916530685,
2810612660,-6.881077081,
2811212620,-6.903801306,
2811812580,-6.902262928,
2812412540,-6.95820084,
2813012500,-6.918199035,
2813612460,-6.848667761,
2814212420,-6.909981562,
2814812380,-6.935713484,
2815412340,-6.903859738,
2816012300,-7.002031686,
2816612260,-6.94209244,
2817212220,-6.920169473,
2817812180,-6.972557308,
2818412140,-6.968203696,
2819012100,-6.943949502,
2819612060,-7.066399472,
2820212020,-6.999869074,
2820811980,-6.939205967,
2821411940,-6.974183142,
2822011900,-6.997987193,
2822611860,-6.955856477,
2823211820,-6.926804293,
2823811780,-6.952581003,
2824411740,-6.990422992,
2825011700,-6.967158916,
2825611660,-6.957855766,
2826211620,-6.991556473,
2826811580,-7.028917801,
2827411540,-7.015350869,
2828011500,-6.958799798,
2828611460,-7.048982024,
2829211420,-7.008901342,
2829811380,-6.956960554,
2830411340,-6.954385795,
2831011300,-7.072766749,
2831611260,-7.063765919,
2832211220,-7.057387915,
2832811180,-7.051076615,
2833411140,-7.04467209,
2834011100,-7.078658397,
2834611060,-7.035903765,
2835211020,-7.065296523,
2835810980,-7.111273718,
2836410940,-7.052556085,
2837010900,-7.076263804,
2837610860,-7.14306947,
2838210820,-7.021138677,
2838810780,-7.108488281,
2839410740,-7.082228008,
2840010700,-7.078306861,
2840610660,-7.12281559,
2841210620,-7.087442493,
2841810580,-7.089111236,
2842410540,-7.111356334,
2843010500,-7.069832146,
2843610460,-7.136939781,
2844210420,-7.087632605,
2844810380,-7.135055324,
2845410340,-7.209962598,
2846010300,-7.197710461,
2846610260,-7.125560981,
2847210220,-7.15516605,
2847810180,-7.13657249,
2848410140,-7.154453312,
2849010100,-7.173879552,
2849610060,-7.109348185,
2850210020,-7.173543302,
2850809980,-7.203395369,
2851409940,-7.152142158,
2852009900,-7.168824592,
2852609860,-7.120435015,
2853209820,-7.14120312,
2853809780,-7.251900732,
2854409740,-7.218509362,
2855009700,-7.200093256,
2855609660,-7.218249528,
2856209620,-7.182182307,
2856809580,-7.210774488,
2857409540,-7.215098031,
2858009500,-7.184236903,
2858609460,-7.247736048,
2859209420,-7.153380387,
2859809380,-7.340794639,
2860409340,-7.325990061,
2861009300,-7.301230777,
2861609260,-7.238391065,
2862209220,-7.281014175,
2862809180,-7.301034611,
2863409140,-7.333936072,
2864009100,-7.260754888,
2864609060,-7.281698324,
2865209020,-7.360492094,
2865808980,-7.372103003,
2866408940,-7.35172005,
2867008900,-7.263881582,
2867608860,-7.358276793,
2868208820,-7.4844735,
2868808780,-7.363519558,
2869408740,-7.501455792,
2870008700,-7.423656244,
2870608660,-7.421231271,
2871208620,-7.420016754,
2871808580,-7.42892612,
2872408540,-7.396938775,
2873008500,-7.434249349,
2873608460,-7.416285786,
2874208420,-7.485749867,
2874808380,-7.442477092,
2875408340,-7.553061929,
2876008300,-7.448343785,
2876608260,-7.530033102,
2877208220,-7.545873071,
2877808180,-7.559762265,
2878408140,-7.612624465,
2879008100,-7.563698231,
2879608060,-7.607867714,
2880208020,-7.645427553,
2880807980,-7.596958786,
2881407940,-7.666773101,
2882007900,-7.679600403,
2882607860,-7.666613755,
2883207820,-7.714307079,
2883807780,-7.848375821,
2884407740,-7.766868111,
2885007700,-7.755352976,
2885607660,-7.856484348,
2886207620,-7.91294862,
2886807580,-7.817518184,
2887407540,-7.911943233,
2888007500,-7.892793911,
2888607460,-8.023099679,
2889207420,-7.904716951,
2889807380,-7.94556128,
2890407340,-7.93605988,
2891007300,-7.923377382,
2891607260,-8.159706868,
2892207220,-7.935779388,
2892807180,-8.071186074,
2893407140,-7.997192895,
2894007100,-7.991493762,
2894607060,-8.094842249,
2895207020,-8.058101533,
2895806980,-8.145198717,
2896406940,-8.080159687,
2897006900,-8.082489771,
2897606860,-8.117515167,
2898206820,-8.243406741,
2898806780,-8.154541247,
2899406740,-8.170799153,
2900006700,-8.167926136,
2900606660,-8.211100214,
2901206620,-8.23223397,
2901806580,-8.293846706,
2902406540,-8.281971953,
2903006500,-8.333319119,
2903606460,-8.315690613,
2904206420,-8.321341272,
2904806380,-8.36802534,
2905406340,-8.418082107,
2906006300,-8.280323235,
2906606260,-8.421613733,
2907206220,-8.443940927,
2907806180,-8.503621025,
2908406140,-8.536364147,
2909006100,-8.463908225,
2909606060,-8.538306604,
2910206020,-8.485234249,
2910805980,-8.449542086,
2911405940,-8.485146863,
2912005900,-8.52231126,
2912605860,-8.540776626,
2913205820,-8.595780759,
2913805780,-8.635278264,
2914405740,-8.640192264,
2915005700,-8.603084599,
2915605660,-8.680883572,
2916205620,-8.662695046,
2916805580,-8.66230005,
2917405540,-8.775932629,
2918005500,-8.709514574,
2918605460,-8.673418478,
2919205420,-8.764306747,
2919805380,-8.776261979,
2920405340,-8.80478527,
2921005300,-8.766047458,
2921605260,-8.873174043,
2922205220,-8.842821836,
2922805180,-8.821320259,
2923405140,-8.85501798,
2924005100,-8.952789847,
2924605059,-8.938747367,
2925205019,-8.989119376,
2925804979,-8.938038028,
2926404939,-8.837608696,
2927004899,-8.959607434,
2927604859,-8.959235189,
2928204819,-8.930144204,
2928804779,-8.985162968,
2929404739,-8.99211215,
2930004699,-8.892976479,
2930604659,-8.897253623,
2931204619,-8.953781406,
2931804579,-8.97421207,
2932404539,-8.99830336,
2933004499,-9.178077724,
2933604459,-9.052594675,
2934204419,-9.034961262,
2934804379,-9.075200407,
2935404339,-9.112083771,
2936004299,-9.080348425,
2936604259,-9.124930972,
2937204219,-9.142564232,
2937804179,-9.115589154,
2938404139,-9.14510222,
2939004099,-9.112739249,
2939604059,-9.091559536,
2940204019,-9.164760516,
2940803979,-9.052605432,
2941403939,-9.138824067,
2942003899,-9.145708258,
2942603859,-9.272126502,
2943203819,-9.197691888,
2943803779,-9.257846652,
2944403739,-9.266943413,
2945003699,-9.147612361,
2945603659,-9.251872774,
2946203619,-9.27756639,
2946803579,-9.29296451,
2947403539,-9.30890898,
2948003499,-9.16627252,
2948603459,-9.213548624,
2949203419,-9.161681002,
2949803379,-9.331701417,
2950403339,-9.197889433,
2951003299,-9.256405168,
2951603259,-9.186091823,
2952203219,-9.282755828,
2952803179,-9.199637236,
2953403139,-9.202298184,
2954003099,-9.322803783,
2954603059,-9.300200307,
2955203019,-9.250308616,
2955802979,-9.197145869,
2956402939,-9.263580787,
2957002899,-9.243714371,
2957602859,-9.208208047,
2958202819,-9.322493552,
2958802779,-9.274636456,
2959402739,-9.265591637,
2960002699,-9.270915973,
2960602659,-9.374133836,
2961202619,-9.295215412,
2961802579,-9.184556191,
2962402539,-9.243539719,
2963002499,-9.240261632,
2963602459,-9.277272957,
2964202419,-9.265409239,
2964802379,-9.2330048,
2965402339,-9.221491403,
2966002299,-9.242483082,
2966602259,-9.212895857,
2967202219,-9.177592426,
2967802179,-9.120161049,
2968402139,-9.302190241,
2969002099,-9.250883775,
2969602059,-9.194820082,
2970202019,-9.309504492,
2970801979,-9.146392936,
2971401939,-9.164331027,
2972001899,-9.200977573,
2972601859,-9.075163355,
2973201819,-9.075829762,
2973801779,-9.27371209,
2974401739,-9.104889126,
2975001699,-9.177887841,
2975601659,-9.087506569,
2976201619,-9.106217144,
2976801579,-9.06307298,
2977401539,-9.144869838,
2978001499,-9.102656862,
2978601459,-9.056787863,
2979201419,-9.169678124,
2979801379,-9.069440177,
2980401339,-9.067406327,
2981001299,-9.000605167,
2981601259,-9.056632096,
2982201219,-9.191866444,
2982801179,-9.120537214,
2983401139,-8.987440668,
2984001099,-8.979956729,
2984601059,-8.895001309,
2985201019,-8.948507377,
2985800979,-9.04618749,
2986400939,-8.927084811,
2987000899,-8.935116159,
2987600859,-8.912533623,
2988200819,-8.870488509,
2988800779,-8.954652771,
2989400739,-8.868450851,
2990000699,-8.869489262,
2990600659,-8.900167992,
2991200619,-8.776956944,
2991800579,-8.848192096,
2992400539,-8.869139176,
2993000499,-8.774164636,
2993600459,-8.851247271,
2994200419,-8.752829871,
2994800379,-8.821326226,
2995400339,-8.821582471,
2996000299,-8.709934967,
2996600259,-8.900801686,
2997200219,-8.651462981,
2997800179,-8.698687807,
2998400139,-8.668668532,
2999000099,-8.639201937,
2999600059,-8.711048208,
3000200019,-8.684890672,
3000799979,-8.753114054,
3001399939,-8.628188833,
3001999899,-8.609427142,
3002599859,-8.639479653,
3003199819,-8.636626937,
3003799779,-8.615702802,
3004399739,-8.63535541,
3004999699,-8.580886156,
3005599659,-8.500856741,
3006199619,-8.510110908,
3006799579,-8.570273535,
3007399539,-8.526414584,
3007999499,-8.566780961,
3008599459,-8.520476635,
3009199419,-8.523428153,
3009799379,-8.510800818,
3010399339,-8.461703127,
3010999299,-8.505025627,
3011599259,-8.478500745,
3012199219,-8.444993456,
3012799179,-8.410316768,
3013399139,-8.380426009,
3013999099,-8.464636167,
3014599059,-8.41068799,
3015199019,-8.440117098,
3015798979,-8.361754421,
3016398939,-8.365061083,
3016998899,-8.362180679,
3017598859,-8.34363274,
3018198819,-8.276499011,
3018798779,-8.346749927,
3019398739,-8.324752147,
3019998699,-8.334096506,
3020598659,-8.332938475,
3021198619,-8.317259419,
3021798579,-8.317109343,
3022398539,-8.260928118,
3022998499,-8.194555705,
3023598459,-8.274420675,
3024198419,-8.247038801,
3024798379,-8.318581339,
3025398339,-8.293305176,
3025998299,-8.262417135,
3026598259,-8.276466632,
3027198219,-8.187564535,
3027798179,-8.2445051,
3028398139,-8.249219126,
3028998099,-8.246464138,
3029598059,-8.250102565,
3030198019,-8.210943473,
3030797979,-8.192156323,
3031397939,-8.235153592,
3031997899,-8.165405395,
3032597859,-8.156196955,
3033197819,-8.24690989,
3033797779,-8.233515631,
3034397739,-8.168696131,
3034997699,-8.265010717,
3035597659,-8.178503747,
3036197619,-8.194446891,
3036797579,-8.211875625,
3037397539,-8.205231561,
3037997499,-8.163201866,
3038597459,-8.139891469,
3039197419,-8.180850326,
3039797379,-8.171420696,
3040397339,-8.263533836,
3040997299,-8.166225425,
3041597259,-8.138326999,
3042197219,-8.128374168,
3042797179,-8.166941186,
3043397139,-8.131635311,
3043997099,-8.116335526,
3044597059,-8.122805191,
3045197019,-8.208920832,
3045796979,-8.110277529,
3046396939,-8.116153577,
3046996899,-8.190554074,
3047596859,-8.215356479,
3048196819,-8.109755121,
3048796779,-8.099507172,
3049396739,-8.226473351,
3049996699,-8.159904373,
3050596659,-8.087739968,
3051196619,-8.171220091,
3051796579,-8.125168789,
3052396539,-8.152419742,
3052996499,-8.159817911,
3053596459,-8.145923388,
3054196419,-8.145455533,
3054796379,-8.170908229,
3055396339,-8.239720987,
3055996299,-8.165272103,
3056596259,-8.129454478,
3057196219,-8.161682217,
3057796179,-8.117759929,
3058396139,-8.157332188,
3058996099,-8.170572943,
3059596059,-8.129035058,
3060196019,-8.205146111,
3060795979,-8.129919228,
3061395939,-8.095484653,
3061995899,-8.165728541,
3062595859,-8.152055442,
3063195819,-8.098251041,
3063795779,-8.192186402,
3064395739,-8.148142969,
3064995699,-8.13399096,
3065595659,-8.234663346,
3066195619,-8.069481287,
3066795579,-8.204910283,
3067395539,-8.138568112,
3067995499,-8.264224864,
3068595459,-8.160934103,
3069195419,-8.166381994,
3069795379,-8.152724093,
3070395339,-8.215138999,
3070995299,-8.257771087,
3071595259,-8.153551274,
3072195219,-8.206576301,
3072795179,-8.203173987,
3073395139,-8.237754886,
3073995099,-8.169986154,
3074595059,-8.151119122,
3075195019,-8.161457826,
3075794979,-8.124866768,
3076394939,-8.200272977,
3076994899,-8.19869665,
3077594859,-8.212742495,
3078194818,-8.134193974,
3078794778,-8.161316497,
3079394738,-8.227344765,
3079994698,-8.165084391,
3080594658,-8.210904795,
3081194618,-8.234435137,
3081794578,-8.197997746,
3082394538,-8.195991835,
3082994498,-8.194898531,
3083594458,-8.185976054,
3084194418,-8.252588343,
3084794378,-8.186311849,
3085394338,-8.213123505,
3085994298,-8.253540089,
3086594258,-8.181520614,
3087194218,-8.214897743,
3087794178,-8.218008108,
3088394138,-8.252633491,
3088994098,-8.172681425,
3089594058,-8.260998626,
3090194018,-8.278116384,
3090793978,-8.245292365,
3091393938,-8.310409787,
3091993898,-8.272469867,
3092593858,-8.193676975,
3093193818,-8.241427844,
3093793778,-8.243882321,
3094393738,-8.204928484,
3094993698,-8.273984311,
3095593658,-8.307463668,
3096193618,-8.278553186,
3096793578,-8.265348174,
3097393538,-8.26740028,
3097993498,-8.25772634,
3098593458,-8.236059281,
3099193418,-8.264096643,
3099793378,-8.249935341,
3100393338,-8.294397366,
3100993298,-8.244801928,
3101593258,-8.323171114,
3102193218,-8.332835754,
3102793178,-8.309208076,
3103393138,-8.373975887,
3103993098,-8.293816346,
3104593058,-8.323487414,
3105193018,-8.237025459,
3105792978,-8.237971503,
3106392938,-8.304521415,
3106992898,-8.332992764,
3107592858,-8.368352835,
3108192818,-8.319016956,
3108792778,-8.353991304,
3109392738,-8.286671603,
3109992698,-8.35974473,
3110592658,-8.35872639,
3111192618,-8.377965537,
3111792578,-8.441676116,
3112392538,-8.350903427,
3112992498,-8.369228836,
3113592458,-8.40357245,
3114192418,-8.480420293,
3114792378,-8.361974576,
3115392338,-8.439625464,
3115992298,-8.390775405,
3116592258,-8.461319252,
3117192218,-8.43606916,
3117792178,-8.435550971,
3118392138,-8.490233043,
3118992098,-8.452194868,
3119592058,-8.462436852,
3120192018,-8.477863937,
3120791978,-8.492027233,
3121391938,-8.402861685,
3121991898,-8.499954803,
3122591858,-8.547647711,
3123191818,-8.461147739,
3123791778,-8.527566901,
3124391738,-8.445641647,
3124991698,-8.473183604,
3125591658,-8.540301009,
3126191618,-8.466455721,
3126791578,-8.575672784,
3127391538,-8.581816478,
3127991498,-8.569461258,
3128591458,-8.597803242,
3129191418,-8.569793138,
3129791378,-8.619262392,
3130391338,-8.534986886,
3130991298,-8.668945449,
3131591258,-8.646310415,
3132191218,-8.53152165,
3132791178,-8.664686816,
3133391138,-8.635397068,
3133991098,-8.751510062,
3134591058,-8.686236311,
3135191018,-8.705596425,
3135790978,-8.660256872,
3136390938,-8.649095672,
3136990898,-8.719917628,
3137590858,-8.735321042,
3138190818,-8.764330951,
3138790778,-8.754149559,
3139390738,-8.779149634,
3139990698,-8.768848653,
3140590658,-8.853878974,
3141190618,-8.865051149,
3141790578,-8.762484148,
3142390538,-8.827394985,
3142990498,-8.829586232,
3143590458,-8.885390751,
3144190418,-8.842880064,
3144790378,-8.884475059,
3145390338,-8.860975433,
3145990298,-8.90843314,
3146590258,-8.956648971,
3147190218,-8.981905908,
3147790178,-8.876215718,
3148390138,-8.872132949,
3148990098,-8.965333508,
3149590058,-8.935526418,
3150190018,-9.038987307,
3150789978,-8.954435445,
3151389938,-8.956086762,
3151989898,-8.965776903,
3152589858,-9.084621883,
3153189818,-9.126775707,
3153789778,-9.077249184,
3154389738,-8.989981652,
3154989698,-8.926790252,
3155589658,-9.0857861,
3156189618,-9.08434248,
3156789578,-9.101937194,
3157389538,-9.116045817,
3157989498,-9.212855101,
3158589458,-9.154145345,
3159189418,-9.236758894,
3159789378,-9.363288649,
3160389338,-9.178602659,
3160989298,-9.287420047,
3161589258,-9.293782495,
3162189218,-9.247417213,
3162789178,-9.426624917,
3163389138,-9.267520949,
3163989098,-9.327483962,
3164589058,-9.419584544,
3165189018,-9.350315443,
3165788978,-9.422461023,
3166388938,-9.363894815,
3166988898,-9.411923106,
3167588858,-9.402164798,
3168188818,-9.482215746,
3168788778,-9.423956438,
3169388738,-9.468627847,
3169988698,-9.444270242,
3170588658,-9.475046519,
3171188618,-9.483914072,
3171788578,-9.489072205,
3172388538,-9.493685224,
3172988498,-9.395975757,
3173588458,-9.54196977,
3174188418,-9.628445316,
3174788378,-9.644554064,
3175388338,-9.598925372,
3175988298,-9.461827898,
3176588258,-9.557872852,
3177188218,-9.573859689,
3177788178,-9.59389897,
3178388138,-9.604903132,
3178988098,-9.684243789,
3179588058,-9.628810741,
3180188018,-9.612999134,
3180787978,-9.54999787,
3181387938,-9.604035084,
3181987898,-9.484265183,
3182587858,-9.597147225,
3183187818,-9.672697581,
3183787778,-9.731046492,
3184387738,-9.626329863,
3184987698,-9.644651679,
3185587658,-9.70865776,
3186187618,-9.695293199,
3186787578,-9.689227332,
3187387538,-9.611311004,
3187987498,-9.630498859,
3188587458,-9.660179029,
3189187418,-9.619292861,
3189787378,-9.687495038,
3190387338,-9.71604872,
3190987298,-9.715409629,
3191587258,-9.655148806,
3192187218,-9.726927618,
3192787178,-9.704922323,
3193387138,-9.678026268,
3193987098,-9.684651497,
3194587058,-9.643897555,
3195187018,-9.701941554,
3195786978,-9.668120617,
3196386938,-9.750099778,
3196986898,-9.70951354,
3197586858,-9.795019246,
3198186818,-9.811090219,
3198786778,-9.761620529,
3199386738,-9.758968857,
3199986698,-9.781490559,
3200586658,-9.727392077,
3201186618,-9.780172188,
3201786578,-9.76752426,
3202386538,-9.786353434,
3202986498,-9.786231941,
3203586458,-9.828645049,
3204186418,-9.806203073,
3204786378,-9.711087529,
3205386338,-9.703772817,
3205986298,-9.646305567,
3206586258,-9.709222259,
3207186218,-9.788229311,
3207786178,-9.749118026,
3208386138,-9.8123552,
3208986098,-9.744865907,
3209586058,-9.721697618,
3210186018,-9.747858254,
3210785978,-9.769041625,
3211385938,-9.815890889,
3211985898,-9.728309904,
3212585858,-9.689624752,
3213185818,-9.663691626,
3213785778,-9.712049033,
3214385738,-9.720763549,
3214985698,-9.658912831,
3215585658,-9.76870189,
3216185618,-9.721038811,
3216785578,-9.707064761,
3217385538,-9.794561089,
3217985498,-9.625755139,
3218585458,-9.751191308,
3219185418,-9.694239837,
3219785378,-9.686766439,
3220385338,-9.602617367,
3220985298,-9.585008442,
3221585258,-9.644791259,
3222185218,-9.652904869,
3222785178,-9.639233942,
3223385138,-9.595358454,
3223985098,-9.646915456,
3224585058,-9.588125438,
3225185018,-9.562323458,
3225784978,-9.623537842,
3226384938,-9.623599485,
3226984898,-9.582513069,
3227584858,-9.522269013,
3228184818,-9.568011847,
3228784778,-9.581808402,
3229384738,-9.600521309,
3229984698,-9.622411862,
3230584658,-9.5318212,
3231184618,-9.583436525,
3231784578,-9.460596794,
3232384537,-9.543957558,
3232984497,-9.574622381,
3233584457,-9.540222082,
3234184417,-9.483334098,
3234784377,-9.444796189,
3235384337,-9.468243277,
3235984297,-9.506657821,
3236584257,-9.497043327,
3237184217,-9.457111261,
3237784177,-9.454565422,
3238384137,-9.353346548,
3238984097,-9.368412534,
3239584057,-9.302267985,
3240184017,-9.351385721,
3240783977,-9.347119854,
3241383937,-9.444081853,
3241983897,-9.38912269,
3242583857,-9.435011711,
3243183817,-9.375777764,
3243783777,-9.394088328,
3244383737,-9.33291457,
3244983697,-9.2888042,
3245583657,-9.37772842,
3246183617,-9.275682656,
3246783577,-9.340239418,
3247383537,-9.420319383,
3247983497,-9.409466083,
3248583457,-9.253137741,
3249183417,-9.311721964,
3249783377,-9.281728086,
3250383337,-9.171977501,
3250983297,-9.153845118,
3251583257,-9.235453528,
3252183217,-9.252793562,
3252783177,-9.197703627,
3253383137,-9.23202708,
3253983097,-9.136475416,
3254583057,-9.185940159,
3255183017,-9.144059393,
3255782977,-9.096084479,
3256382937,-9.11598497,
3256982897,-9.155055209,
3257582857,-9.213719967,
3258182817,-9.186386902,
3258782777,-9.126904511,
3259382737,-9.12717324,
3259982697,-9.095759181,
3260582657,-9.039176136,
3261182617,-8.936730204,
3261782577,-9.241030488,
3262382537,-9.09004197,
3262982497,-9.090705377,
3263582457,-8.961400188,
3264182417,-9.099856502,
3264782377,-8.97909987,
3265382337,-8.999869868,
3265982297,-9.059191468,
3266582257,-8.994524393,
3267182217,-9.089411968,
3267782177,-8.990922821,
3268382137,-9.108389196,
3268982097,-8.978524905,
3269582057,-8.901016998,
3270182017,-8.907999386,
3270781977,-8.918218776,
3271381937,-8.895032307,
3271981897,-9.035148729,
3272581857,-8.989620478,
3273181817,-8.865553285,
3273781777,-8.89109013,
3274381737,-8.884840522,
3274981697,-8.929117365,
3275581657,-8.855453555,
3276181617,-8.923000032,
3276781577,-8.940382776,
3277381537,-8.776577205,
3277981497,-8.952863791,
3278581457,-8.923268452,
3279181417,-8.932206326,
3279781377,-8.863577933,
3280381337,-8.853071088,
3280981297,-8.825547975,
3281581257,-8.840134963,
3282181217,-8.771576924,
3282781177,-8.930562278,
3283381137,-8.779281215,
3283981097,-8.812424074,
3284581057,-8.690432549,
3285181017,-8.837262923,
3285780977,-8.876489776,
3286380937,-8.702660716,
3286980897,-8.861120095,
3287580857,-8.743451879,
3288180817,-8.767344327,
3288780777,-8.768497785,
3289380737,-8.685836903,
3289980697,-8.795921078,
3290580657,-8.864217061,
3291180617,-8.721744718,
3291780577,-8.646160577,
3292380537,-8.888568089,
3292980497,-8.829308261,
3293580457,-8.777137786,
3294180417,-8.682183221,
3294780377,-8.732972659,
3295380337,-8.706381993,
3295980297,-8.722216892,
3296580257,-8.695255223,
3297180217,-8.701030349,
3297780177,-8.78758586,
3298380137,-8.763557703,
3298980097,-8.644365046,
3299580057,-8.708815294,
3300180017,-8.632932034,
3300779977,-8.764755014,
3301379937,-8.710476407,
3301979897,-8.686727107,
3302579857,-8.800540864,
3303179817,-8.640657972,
3303779777,-8.75913021,
3304379737,-8.65011069,
3304979697,-8.707912719,
3305579657,-8.693583652,
3306179617,-8.794984967,
3306779577,-8.697729548,
3307379537,-8.763103623,
3307979497,-8.723973847,
3308579457,-8.79828247,
3309179417,-8.792317448,
3309779377,-8.716787255,
3310379337,-8.749150201,
3310979297,-8.697084634,
3311579257,-8.684778721,
3312179217,-8.767517141,
3312779177,-8.770887561,
3313379137,-8.701633369,
3313979097,-8.777534027,
3314579057,-8.68595323,
3315179017,-8.814420752,
3315778977,-8.750369203,
3316378937,-8.792156037,
3316978897,-8.689570264,
3317578857,-8.772239655,
3318178817,-8.85008637,
3318778777,-8.771546597,
3319378737,-8.731126833,
3319978697,-8.742415889,
3320578657,-8.766475706,
3321178617,-8.772421737,
3321778577,-8.62284202,
3322378537,-8.759094144,
3322978497,-8.843774117,
3323578457,-8.799457656,
3324178417,-8.769007245,
3324778377,-8.626848426,
3325378337,-8.695709769,
3325978297,-8.739818746,
3326578257,-8.864620379,
3327178217,-8.851097079,
3327778177,-8.788835,
3328378137,-8.719417571,
3328978097,-8.795307921,
3329578057,-8.794670437,
3330178017,-8.659910624,
3330777977,-8.797378805,
3331377937,-8.832610512,
3331977897,-8.75976174,
3332577857,-8.798748542,
3333177817,-8.711066495,
3333777777,-8.780457685,
3334377737,-8.828630569,
3334977697,-8.742681757,
3335577657,-8.691572971,
3336177617,-8.751795208,
3336777577,-8.786386239,
3337377537,-8.808855951,
3337977497,-8.879857258,
3338577457,-8.930908047,
3339177417,-8.790277263,
3339777377,-8.790333653,
3340377337,-8.80551903,
3340977297,-8.67189705,
3341577257,-8.653904141,
3342177217,-8.726370989,
3342777177,-8.806412535,
3343377137,-8.701590464,
3343977097,-8.809867252,
3344577057,-8.74234702,
3345177017,-8.745042341,
3345776977,-8.740062854,
3346376937,-8.891450517,
3346976897,-8.761775019,
3347576857,-8.805685662,
3348176817,-8.766850108,
3348776777,-8.747750189,
3349376737,-8.789951057,
3349976697,-8.762424438,
3350576657,-8.758446059,
3351176617,-8.793147216,
3351776577,-8.959775313,
3352376537,-8.794787819,
3352976497,-8.724299012,
3353576457,-8.84670487,
3354176417,-8.917150546,
3354776377,-8.86627921,
3355376337,-8.814956128,
3355976297,-8.798977899,
3356576257,-8.737666606,
3357176217,-8.779701636,
3357776177,-8.847303433,
3358376137,-8.873671567,
3358976097,-8.810505836,
3359576057,-8.863682224,
3360176017,-8.73015379,
3360775977,-8.848872098,
3361375937,-8.800388526,
3361975897,-8.763836216,
3362575857,-8.804903227,
3363175817,-8.814641848,
3363775777,-8.781152776,
3364375737,-8.812091258,
3364975697,-8.893779732,
3365575657,-8.887531538,
3366175617,-8.83890812,
3366775577,-8.80880946,
3367375537,-8.811058189,
3367975497,-8.825959135,
3368575457,-8.857561017,
3369175417,-8.82181249,
3369775377,-8.860322677,
3370375337,-8.859212915,
3370975297,-8.805625083,
3371575257,-8.864343358,
3372175217,-8.875811018,
3372775177,-8.890696612,
3373375137,-8.828983602,
3373975097,-8.85267766,
3374575057,-8.913675299,
3375175017,-8.885058613,
3375774977,-8.937311313,
3376374937,-8.819339526,
3376974897,-8.903698276,
3377574857,-8.935503364,
3378174817,-8.81688214,
3378774777,-8.943173042,
3379374737,-8.935753529,
3379974697,-8.919744868,
3380574657,-8.967387868,
3381174617,-8.953988514,
3381774577,-8.960217858,
3382374537,-8.966155499,
3382974497,-8.928421179,
3383574457,-8.931336748,
3384174417,-8.920219151,
3384774377,-8.974798678,
3385374337,-8.997800779,
3385974296,-9.011423154,
3386574256,-8.925339705,
3387174216,-9.076461525,
3387774176,-9.008175342,
3388374136,-9.067970182,
3388974096,-9.162201747,
3389574056,-8.962963679,
3390174016,-9.089414932,
3390773976,-8.996459539,
3391373936,-8.954049347,
3391973896,-9.020318914,
3392573856,-9.128388422,
3393173816,-9.118321501,
3393773776,-9.026651206,
3394373736,-9.187244965,
3394973696,-9.109477478,
3395573656,-9.120424316,
3396173616,-9.065127274,
3396773576,-9.132610131,
3397373536,-9.131669274,
3397973496,-9.079377309,
3398573456,-9.120386457,
3399173416,-9.213698161,
3399773376,-9.182751894,
3400373336,-9.24703656,
3400973296,-9.193761169,
3401573256,-9.186373377,
3402173216,-9.142427452,
3402773176,-9.23025649,
3403373136,-9.225730972,
3403973096,-9.290185554,
3404573056,-9.269107263,
3405173016,-9.281792958,
3405772976,-9.346380716,
3406372936,-9.352882172,
3406972896,-9.210130768,
3407572856,-9.350930168,
3408172816,-9.265485642,
3408772776,-9.402846113,
3409372736,-9.276070946,
3409972696,-9.404124764,
3410572656,-9.354969599,
3411172616,-9.351705722,
3411772576,-9.402519655,
3412372536,-9.399025882,
3412972496,-9.412596015,
3413572456,-9.402905682,
3414172416,-9.286287962,
3414772376,-9.38011354,
3415372336,-9.410558977,
3415972296,-9.391958696,
3416572256,-9.402779731,
3417172216,-9.36573392,
3417772176,-9.322103949,
3418372136,-9.473732187,
3418972096,-9.383621394,
3419572056,-9.591301704,
3420172016,-9.429018207,
3420771976,-9.531630473,
3421371936,-9.494536103,
3421971896,-9.47101409,
3422571856,-9.428224377,
3423171816,-9.448603733,
3423771776,-9.55551657,
3424371736,-9.523378408,
3424971696,-9.593533657,
3425571656,-9.583047274,
3426171616,-9.586031217,
3426771576,-9.659631588,
3427371536,-9.621078622,
3427971496,-9.574092366,
3428571456,-9.587842884,
3429171416,-9.717506986,
3429771376,-9.682137541,
3430371336,-9.700692362,
3430971296,-9.66312811,
3431571256,-9.649367494,
3432171216,-9.677524927,
3432771176,-9.678579097,
3433371136,-9.848449282,
3433971096,-9.579822253,
3434571056,-9.550114453,
3435171016,-9.745869345,
3435770976,-9.673526092,
3436370936,-9.721088002,
3436970896,-9.815297738,
3437570856,-9.881875624,
3438170816,-9.780846956,
3438770776,-9.747259885,
3439370736,-9.840634442,
3439970696,-9.760026729,
3440570656,-9.773743368,
3441170616,-9.606138294,
3441770576,-9.774945411,
3442370536,-9.755607104,
3442970496,-9.63016507,
3443570456,-9.760324528,
3444170416,-9.809625736,
3444770376,-9.869468995,
3445370336,-9.745339806,
3445970296,-9.976750071,
3446570256,-9.793377217,
3447170216,-9.796493495,
3447770176,-9.70661671,
3448370136,-9.958660887,
3448970096,-9.799946838,
3449570056,-9.875133348,
3450170016,-9.799544057,
3450769976,-9.927526467,
3451369936,-9.826889289,
3451969896,-9.913438953,
3452569856,-9.787865931,
3453169816,-9.720169729,
3453769776,-9.963811333,
3454369736,-9.699433359,
3454969696,-9.946334787,
3455569656,-9.854308084,
3456169616,-9.838109226,
3456769576,-9.869670361,
3457369536,-9.907125307,
3457969496,-9.881755669,
3458569456,-9.725854497,
3459169416,-9.885744338,
3459769376,-9.793494348,
3460369336,-9.834392209,
3460969296,-9.787671004,
3461569256,-9.939941791,
3462169216,-9.761596473,
3462769176,-9.912436188,
3463369136,-9.802225865,
3463969096,-9.820629879,
3464569056,-9.84739468,
3465169016,-9.809993755,
3465768976,-9.84841503,
3466368936,-9.791401336,
3466968896,-9.878274359,
3467568856,-9.96024719,
3468168816,-9.761479911,
3468768776,-9.910683055,
3469368736,-9.908123952,
3469968696,-9.735500708,
3470568656,-9.852412568,
3471168616,-9.749779788,
3471768576,-9.876671323,
3472368536,-9.827414171,
3472968496,-9.751135088,
3473568456,-9.810525535,
3474168416,-9.713411944,
3474768376,-9.75019161,
3475368336,-9.7789123,
3475968296,-9.628837758,
3476568256,-9.761108046,
3477168216,-9.800106442,
3477768176,-9.811372834,
3478368136,-9.782613553,
3478968096,-9.714897477,
3479568056,-9.796806974,
3480168016,-9.665364397,
3480767976,-9.702200727,
3481367936,-9.70897099,
3481967896,-9.646737804,
3482567856,-9.558080255,
3483167816,-9.929850999,
3483767776,-9.905640284,
3484367736,-9.607152984,
3484967696,-9.597494466,
3485567656,-9.6567222,
3486167616,-9.611100629,
3486767576,-9.754815985,
3487367536,-9.684131779,
3487967496,-9.670577883,
3488567456,-9.590316573,
3489167416,-9.591438564,
3489767376,-9.616931338,
3490367336,-9.668938553,
3490967296,-9.520728191,
3491567256,-9.53761422,
3492167216,-9.547082573,
3492767176,-9.659347461,
3493367136,-9.574403824,
3493967096,-9.496137241,
3494567056,-9.498000637,
3495167016,-9.393745857,
3495766976,-9.504981333,
3496366936,-9.532550151,
3496966896,-9.447161002,
3497566856,-9.556827382,
3498166816,-9.498540043,
3498766776,-9.430706944,
3499366736,-9.604064588,
3499966696,-9.518483692,
3500566656,-9.387081288,
3501166616,-9.444231682,
3501766576,-9.482079323,
3502366536,-9.319894031,
3502966496,-9.365411487,
3503566456,-9.342961454,
3504166416,-9.22249679,
3504766376,-9.424561034,
3505366336,-9.362192567,
3505966296,-9.293235051,
3506566256,-9.388523716,
3507166216,-9.33463343,
3507766176,-9.310657692,
3508366136,-9.324531005,
3508966096,-9.34869337,
3509566056,-9.336539277,
3510166016,-9.352405414,
3510765976,-9.221091053,
3511365936,-9.280101475,
3511965896,-9.312183431,
3512565856,-9.291996021,
3513165816,-9.253278866,
3513765776,-9.253058792,
3514365736,-9.239527258,
3514965696,-9.221854569,
3515565656,-9.164258534,
3516165616,-9.220907508,
3516765576,-9.227840018,
3517365536,-9.274322668,
3517965496,-9.198638782,
3518565456,-9.211873382,
3519165416,-9.174177934,
3519765376,-9.123056685,
3520365336,-9.191427876,
3520965296,-9.191323186,
3521565256,-9.206107194,
3522165216,-9.146904146,
3522765176,-9.160473284,
3523365136,-9.196750611,
3523965096,-9.039482882,
3524565056,-9.1821877,
3525165016,-9.146866162,
3525764976,-9.207252531,
3526364936,-9.136824235,
3526964896,-9.162480812,
3527564856,-9.146486155,
3528164816,-9.07329312,
3528764776,-9.177521102,
3529364736,-9.009397736,
3529964696,-9.060178796,
3530564656,-9.064878856,
3531164616,-9.030569299,
3531764576,-9.083411477,
3532364536,-9.014241921,
3532964496,-8.964039085,
3533564456,-9.021454611,
3534164416,-8.981075188,
3534764376,-9.136602907,
3535364336,-8.977563817,
3535964296,-9.022876789,
3536564256,-9.050832351,
3537164216,-9.069717043,
3537764176,-9.049672283,
3538364136,-9.018268862,
3538964096,-9.057301641,
3539564055,-8.996583309,
3540164015,-9.116348794,
3540763975,-9.06242219,
3541363935,-8.971253168,
3541963895,-9.03382236,
3542563855,-9.025672492,
3543163815,-9.003738046,
3543763775,-9.096511621,
3544363735,-9.049554227,
3544963695,-9.082693969,
3545563655,-8.955367248,
3546163615,-8.941428841,
3546763575,-8.931356192,
3547363535,-9.020749364,
3547963495,-8.98826582,
3548563455,-8.988127192,
3549163415,-8.963122775,
3549763375,-8.962469038,
3550363335,-9.000916587,
3550963295,-9.071067763,
3551563255,-8.953070123,
3552163215,-8.983042426,
3552763175,-8.944565126,
3553363135,-9.00297224,
3553963095,-8.983994304,
3554563055,-8.895499301,
3555163015,-8.944099857,
3555762975,-8.945455402,
3556362935,-9.015689276,
3556962895,-9.019399018,
3557562855,-9.009748154,
3558162815,-8.85003709,
3558762775,-9.002746475,
3559362735,-8.998922738,
3559962695,-8.996413231,
3560562655,-8.940779355,
3561162615,-8.936723276,
3561762575,-8.969183784,
3562362535,-8.955252238,
3562962495,-8.996035338,
3563562455,-8.919718554,
3564162415,-9.035182507,
3564762375,-8.962273471,
3565362335,-8.867629329,
3565962295,-8.975140293,
3566562255,-8.971225506,
3567162215,-9.0332157,
3567762175,-8.925457398,
3568362135,-8.945742541,
3568962095,-8.97547135,
3569562055,-9.016226654,
3570162015,-8.928429162,
3570761975,-8.894321223,
3571361935,-8.936372112,
3571961895,-8.965155638,
3572561855,-8.978002906,
3573161815,-8.97505135,
3573761775,-8.963766519,
3574361735,-8.946643655,
3574961695,-8.966824892,
3575561655,-9.000332381,
3576161615,-8.990982048,
3576761575,-9.003226835,
3577361535,-9.03237882,
3577961495,-8.910984418,
3578561455,-8.937364911,
3579161415,-8.92087238,
3579761375,-8.914903107,
3580361335,-8.981878406,
3580961295,-9.085104509,
3581561255,-8.995837066,
3582161215,-9.064741516,
3582761175,-9.111113814,
3583361135,-9.012141259,
3583961095,-9.061056464,
3584561055,-8.939249654,
3585161015,-9.011434222,
3585760975,-9.067154057,
3586360935,-8.947497698,
3586960895,-8.95960109,
3587560855,-9.028135111,
3588160815,-9.001207804,
3588760775,-9.134692735,
3589360735,-8.98649652,
3589960695,-8.960878302,
3590560655,-9.071078679,
3591160615,-9.037839242,
3591760575,-9.007906979,
3592360535,-9.018147477,
3592960495,-9.037457318,
3593560455,-9.011413824,
3594160415,-8.936823607,
3594760375,-9.067554005,
3595360335,-8.997418688,
3595960295,-8.98663352,
3596560255,-9.059741896,
3597160215,-9.017660803,
3597760175,-8.979787271,
3598360135,-9.101460684,
3598960095,-9.035381312,
3599560055,-9.072054451,
3600160015,-9.055351243,
3600759975,-9.079544164,
3601359935,-9.00778732,
3601959895,-9.045110323,
3602559855,-9.050851127,
3603159815,-9.084201569,
3603759775,-8.960796382,
3604359735,-9.138610946,
3604959695,-8.964719202,
3605559655,-9.1051876,
3606159615,-9.075283795,
3606759575,-9.079282344,
3607359535,-9.102446812,
3607959495,-9.071324947,
3608559455,-9.011392505,
3609159415,-9.040266444,
3609759375,-9.01791485,
3610359335,-9.101947312,
3610959295,-9.14030128,
3611559255,-9.10623868,
3612159215,-9.075395207,
3612759175,-9.11790359,
3613359135,-9.105780435,
3613959095,-9.062620969,
3614559055,-9.118256786,
3615159015,-9.058107046,
3615758975,-9.105277749,
3616358935,-9.178823219,
3616958895,-9.049065733,
3617558855,-9.153915241,
3618158815,-9.182734847,
3618758775,-9.181754976,
3619358735,-9.213428949,
3619958695,-9.100212664,
3620558655,-9.246255514,
3621158615,-9.068251123,
3621758575,-9.159855629,
3622358535,-9.160082982,
3622958495,-9.136424283,
3623558455,-9.325970787,
3624158415,-9.164622241,
3624758375,-9.088929015,
3625358335,-9.214717528,
3625958295,-9.246348954,
3626558255,-9.141447559,
3627158215,-9.17676034,
3627758175,-9.260800536,
3628358135,-9.149464203,
3628958095,-9.120012239,
3629558055,-9.198013226,
3630158015,-9.256456526,
3630757975,-9.223185305,
3631357935,-9.194541729,
3631957895,-9.196325198,
3632557855,-9.262527462,
3633157815,-9.173833684,
3633757775,-9.333582949,
3634357735,-9.234713427,
3634957695,-9.374548689,
3635557655,-9.323832706,
3636157615,-9.268553853,
3636757575,-9.256423397,
3637357535,-9.351685393,
3637957495,-9.342377179,
3638557455,-9.285943374,
3639157415,-9.318096925,
3639757375,-9.370226349,
3640357335,-9.379266534,
3640957295,-9.285382652,
3641557255,-9.324632707,
3642157215,-9.253432153,
3642757175,-9.410409122,
3643357135,-9.350507405,
3643957095,-9.308136424,
3644557055,-9.393827256,
3645157015,-9.32369839,
3645756975,-9.445780193,
3646356935,-9.467820106,
3646956895,-9.405153741,
3647556855,-9.287280114,
3648156815,-9.407231993,
3648756775,-9.402995947,
3649356735,-9.468955652,
3649956695,-9.452530978,
3650556655,-9.352369896,
3651156615,-9.498781405,
3651756575,-9.428777951,
3652356535,-9.390743185,
3652956495,-9.390781765,
3653556455,-9.476176173,
3654156415,-9.624534424,
3654756375,-9.607780325,
3655356335,-9.474745308,
3655956295,-9.463342594,
3656556255,-9.514739671,
3657156215,-9.608245045,
3657756175,-9.494203533,
3658356135,-9.586620272,
3658956095,-9.726821175,
3659556055,-9.466654988,
3660156015,-9.650906794,
3660755975,-9.64799076,
3661355935,-9.663353396,
3661955895,-9.498983781,
3662555855,-9.643812442,
3663155815,-9.658193446,
3663755775,-9.713509325,
3664355735,-9.738351593,
3664955695,-9.702205656,
3665555655,-9.720533232,
3666155615,-9.852380778,
3666755575,-9.832148847,
3667355535,-9.781752725,
3667955495,-9.765822604,
3668555455,-9.681138239,
3669155415,-9.855126922,
3669755375,-9.867490773,
3670355335,-9.812514326,
3670955295,-9.771160484,
3671555255,-9.92689043,
3672155215,-9.902076137,
3672755175,-9.934179662,
3673355135,-9.86582963,
3673955095,-9.872809133,
3674555055,-9.952121536,
3675155015,-9.776253854,
3675754975,-9.869374477,
3676354935,-9.969138784,
3676954895,-10.04686294,
3677554855,-9.974354163,
3678154815,-10.01734327,
3678754775,-10.02359242,
3679354735,-10.12530062,
3679954695,-10.11546102,
3680554655,-10.03817196,
3681154615,-10.09910902,
3681754575,-10.22412426,
3682354535,-10.18045053,
3682954495,-10.21100206,
3683554455,-10.0690608,
3684154415,-10.12754188,
3684754375,-10.05772513,
3685354335,-10.03424011,
3685954295,-9.966106405,
3686554255,-10.2735455,
3687154215,-10.16432856,
3687754175,-10.21082695,
3688354135,-10.1578601,
3688954095,-10.26188618,
3689554055,-10.23628161,
3690154015,-10.28300609,
3690753975,-10.27338049,
3691353935,-10.27457955,
3691953895,-10.34719316,
3692553855,-10.24000241,
3693153815,-10.2804256,
3693753774,-10.30627083,
3694353734,-10.2452676,
3694953694,-10.32507019,
3695553654,-10.30155412,
3696153614,-10.51875905,
3696753574,-10.31950791,
3697353534,-10.29549912,
3697953494,-10.31328502,
3698553454,-10.37342788,
3699153414,-10.35987173,
3699753374,-10.31450206,
3700353334,-10.20412531,
3700953294,-10.40046068,
3701553254,-10.37364968,
3702153214,-10.23462696,
3702753174,-10.35554828,
3703353134,-10.38258857,
3703953094,-10.4006078,
3704553054,-10.3501841,
3705153014,-10.33927753,
3705752974,-10.35060877,
3706352934,-10.31394892,
3706952894,-10.39531265,
3707552854,-10.4500128,
3708152814,-10.44249719,
3708752774,-10.4091524,
3709352734,-10.35247503,
3709952694,-10.35202416,
3710552654,-10.40384189,
3711152614,-10.38660155,
3711752574,-10.47120778,
3712352534,-10.4364534,
3712952494,-10.39371274,
3713552454,-10.28627007,
3714152414,-10.49877167,
3714752374,-10.52056726,
3715352334,-10.37847696,
3715952294,-10.59450986,
3716552254,-10.37392176,
3717152214,-10.40989899,
3717752174,-10.43919099,
3718352134,-10.50340026,
3718952094,-10.48576205,
3719552054,-10.36058569,
3720152014,-10.48962112,
3720751974,-10.51317999,
3721351934,-10.41368665,
3721951894,-10.50579102,
3722551854,-10.44655293,
3723151814,-10.40301671,
3723751774,-10.43740931,
3724351734,-10.4684558,
3724951694,-10.5031083,
3725551654,-10.47085468,
3726151614,-10.49052102,
3726751574,-10.52778512,
3727351534,-10.47494727,
3727951494,-10.48252607,
3728551454,-10.43065682,
3729151414,-10.37461661,
3729751374,-10.41741521,
3730351334,-10.5302722,
3730951294,-10.38067653,
3731551254,-10.39343362,
3732151214,-10.36105455,
3732751174,-10.4306622,
3733351134,-10.40215334,
3733951094,-10.45308263,
3734551054,-10.41398284,
3735151014,-10.38510793,
3735750974,-10.35245013,
3736350934,-10.45141936,
3736950894,-10.44393255,
3737550854,-10.33364668,
3738150814,-10.39578167,
3738750774,-10.46942133,
3739350734,-10.36168279,
3739950694,-10.44327518,
3740550654,-10.33647863,
3741150614,-10.42235882,
3741750574,-10.31432104,
3742350534,-10.45548885,
3742950494,-10.34563478,
3743550454,-10.36106879,
3744150414,-10.29114041,
3744750374,-10.34507315,
3745350334,-10.22850737,
3745950294,-10.37561948,
3746550254,-10.33136056,
3747150214,-10.35203481,
3747750174,-10.38017478,
3748350134,-10.26350592,
3748950094,-10.23661813,
3749550054,-10.24727429,
3750150014,-10.29647771,
3750749974,-10.2172726,
3751349934,-10.43566368,
3751949894,-10.23664445,
3752549854,-10.26949003,
3753149814,-10.28730487,
3753749774,-10.28346556,
3754349734,-10.24332686,
3754949694,-10.26756542,
3755549654,-10.20896367,
3756149614,-10.21574316,
3756749574,-10.21622907,
3757349534,-10.17410962,
3757949494,-10.2079032,
3758549454,-10.13254105,
3759149414,-10.27708499,
3759749374,-10.24838215,
3760349334,-10.18948077,
3760949294,-10.12755987,
3761549254,-10.09399151,
3762149214,-10.20891834,
3762749174,-10.11652894,
3763349134,-10.0221053,
3763949094,-10.23047382,
3764549054,-10.01195175,
3765149014,-10.22505858,
3765748974,-10.07121765,
3766348934,-10.15431508,
3766948894,-10.11460567,
3767548854,-10.07666737,
3768148814,-10.13533507,
3768748774,-10.05380095,
3769348734,-10.0488073,
3769948694,-10.11181436,
3770548654,-10.07827241,
3771148614,-10.09793486,
3771748574,-9.953534789,
3772348534,-10.03969988,
3772948494,-10.19723948,
3773548454,-10.01455527,
3774148414,-9.977201173,
3774748374,-10.08715739,
3775348334,-9.976941136,
3775948294,-10.02495022,
3776548254,-9.959955156,
3777148214,-9.871854637,
3777748174,-9.984581166,
3778348134,-9.967611219,
3778948094,-9.954801361,
3779548054,-9.924481272,
3780148014,-10.03420135,
3780747974,-9.889964905,
3781347934,-10.00305198,
3781947894,-9.955416148,
3782547854,-9.96038568,
3783147814,-9.785513266,
3783747774,-9.981437474,
3784347734,-10.02069207,
3784947694,-9.916377302,
3785547654,-9.851592238,
3786147614,-9.738150757,
3786747574,-9.876374411,
3787347534,-9.683088294,
3787947494,-9.833478755,
3788547454,-9.81069471,
3789147414,-9.920789139,
3789747374,-9.882130476,
3790347334,-9.734788005,
3790947294,-9.804218754,
3791547254,-9.856715643,
3792147214,-9.840367865,
3792747174,-9.730921884,
3793347134,-9.751207124,
3793947094,-9.90428473,
3794547054,-9.895626618,
3795147014,-9.688037398,
3795746974,-9.766145374,
3796346934,-9.671696309,
3796946894,-9.722169334,
3797546854,-9.718268414,
3798146814,-9.839935242,
3798746774,-9.64212227,
3799346734,-9.748370852,
3799946694,-9.690016331,
3800546654,-9.718220062,
3801146614,-9.712105082,
3801746574,-9.747590836,
3802346534,-9.786398111,
3802946494,-9.69989423,
3803546454,-9.857090945,
3804146414,-9.677926155,
3804746374,-9.727407692,
3805346334,-9.745647288,
3805946294,-9.776618232,
3806546254,-9.678586071,
3807146214,-9.79524362,
3807746174,-9.798111969,
3808346134,-9.708162105,
3808946094,-9.693850627,
3809546054,-9.820276445,
3810146014,-9.731879458,
3810745974,-9.729756057,
3811345934,-9.67208111,
3811945894,-9.715243422,
3812545854,-9.855893229,
3813145814,-9.738746418,
3813745774,-9.561799003,
3814345734,-9.789297619,
3814945694,-9.746443651,
3815545654,-9.690834905,
3816145614,-9.841586967,
3816745574,-9.593770979,
3817345534,-9.742400178,
3817945494,-9.706729467,
3818545454,-9.768376366,
3819145414,-9.810280878,
3819745374,-9.853713184,
3820345334,-9.67456152,
3820945294,-9.708269971,
3821545254,-9.721942243,
3822145214,-9.62717597,
3822745174,-9.712112457,
3823345134,-9.613720334,
3823945094,-9.758809193,
3824545054,-9.669489273,
3825145014,-9.79700496,
3825744974,-9.750141881,
3826344934,-9.861129859,
3826944894,-9.750371791,
3827544854,-9.761686319,
3828144814,-9.709391427,
3828744774,-9.707557563,
3829344734,-9.739991973,
3829944694,-9.785355411,
3830544654,-9.738636795,
3831144614,-9.801988636,
3831744574,-9.660299325,
3832344534,-9.725466212,
3832944494,-9.872747603,
3833544454,-9.80132496,
3834144414,-9.790757847,
3834744374,-9.705305321,
3835344334,-9.625476009,
3835944294,-9.823596176,
3836544254,-9.78559047,
3837144214,-9.721929364,
3837744174,-9.779350924,
3838344134,-9.72063434,
3838944094,-9.898177549,
3839544054,-9.768889786,
3840144014,-9.804171797,
3840743974,-9.800762141,
3841343934,-9.822147522,
3841943894,-9.725063527,
3842543854,-9.816596215,
3843143814,-9.731550096,
3843743774,-9.930675281,
3844343734,-9.755663126,
3844943694,-9.740957686,
3845543654,-9.75693487,
3846143614,-9.912470199,
3846743574,-9.905302774,
3847343533,-9.809040706,
3847943493,-9.908735174,
3848543453,-9.793163781,
3849143413,-9.887539484,
3849743373,-9.851054366,
3850343333,-9.953324007,
3850943293,-9.667367788,
3851543253,-9.950557428,
3852143213,-9.824012819,
3852743173,-9.956430756,
3853343133,-9.927385717,
3853943093,-9.869700314,
3854543053,-9.93014574,
3855143013,-9.86587442,
3855742973,-9.876457232,
3856342933,-9.88063177,
3856942893,-9.91663363,
3857542853,-9.748786553,
3858142813,-9.97664195,
3858742773,-10.0473537,
3859342733,-9.930493815,
3859942693,-9.852745512,
3860542653,-9.910026755,
3861142613,-9.961211328,
3861742573,-9.929353033,
3862342533,-10.04155282,
3862942493,-9.920352611,
3863542453,-9.859861295,
3864142413,-10.04458792,
3864742373,-10.0305212,
3865342333,-9.927529115,
3865942293,-10.04692349,
3866542253,-9.917703563,
3867142213,-10.09190974,
3867742173,-10.02824674,
3868342133,-9.920244287,
3868942093,-10.01852,
3869542053,-10.0682766,
3870142013,-9.952360314,
3870741973,-9.934514105,
3871341933,-9.968594371,
3871941893,-9.992399297,
3872541853,-9.978334332,
3873141813,-9.999436737,
3873741773,-9.881321972,
3874341733,-10.04171369,
3874941693,-10.06417256,
3875541653,-10.1897549,
3876141613,-9.978611472,
3876741573,-10.01363601,
3877341533,-10.19253401,
3877941493,-10.07577819,
3878541453,-10.13600876,
3879141413,-9.979522324,
3879741373,-10.02490852,
3880341333,-10.16944078,
3880941293,-10.08025257,
3881541253,-10.07682712,
3882141213,-10.1010549,
3882741173,-10.06243248,
3883341133,-10.01884747,
3883941093,-10.06490206,
3884541053,-10.07368913,
3885141013,-10.29312559,
3885740973,-10.12573858,
3886340933,-10.17017355,
3886940893,-10.02081155,
3887540853,-10.16858504,
3888140813,-10.07423711,
3888740773,-10.11917942,
3889340733,-10.20827271,
3889940693,-10.11499249,
3890540653,-10.09638585,
3891140613,-10.15127266,
3891740573,-10.1579115,
3892340533,-10.16707054,
3892940493,-10.19452952,
3893540453,-10.20668075,
3894140413,-10.21930483,
3894740373,-10.21970336,
3895340333,-10.20015652,
3895940293,-10.25343407,
3896540253,-10.18311575,
3897140213,-10.16833045,
3897740173,-10.28068782,
3898340133,-10.18058522,
3898940093,-10.28103723,
3899540053,-10.32556405,
3900140013,-10.31622831,
3900739973,-10.27994465,
3901339933,-10.31540934,
3901939893,-10.34279418,
3902539853,-10.27634356,
3903139813,-10.36973975,
3903739773,-10.37629265,
3904339733,-10.4192121,
3904939693,-10.30977862,
3905539653,-10.45480373,
3906139613,-10.36364529,
3906739573,-10.41571961,
3907339533,-10.46369567,
3907939493,-10.40210446,
3908539453,-10.58848011,
3909139413,-10.5024974,
3909739373,-10.51494053,
3910339333,-10.55854677,
3910939293,-10.60624083,
3911539253,-10.49855465,
3912139213,-10.67653291,
3912739173,-10.57768815,
3913339133,-10.69195945,
3913939093,-10.69620385,
3914539053,-10.76021461,
3915139013,-10.5787601,
3915738973,-10.69190543,
3916338933,-10.75162204,
3916938893,-10.58228679,
3917538853,-10.7796237,
3918138813,-10.78157041,
3918738773,-10.75174557,
3919338733,-10.76583836,
3919938693,-10.82491144,
3920538653,-10.75137216,
3921138613,-10.70376782,
3921738573,-10.79545478,
3922338533,-10.97522946,
3922938493,-10.81737493,
3923538453,-10.96874847,
3924138413,-10.87163784,
3924738373,-10.90803283,
3925338333,-10.99191721,
3925938293,-10.91804514,
3926538253,-10.94143397,
3927138213,-10.87710698,
3927738173,-11.02324766,
3928338133,-11.00804432,
3928938093,-11.09278721,
3929538053,-11.07617485,
3930138013,-11.09800222,
3930737973,-10.92599548,
3931337933,-10.93319694,
3931937893,-11.00902892,
3932537853,-11.21469397,
3933137813,-11.12436623,
3933737773,-11.24764647,
3934337733,-10.86374209,
3934937693,-11.11301796,
3935537653,-11.18536955,
3936137613,-11.15511845,
3936737573,-11.28611625,
3937337533,-11.33694654,
3937937493,-11.25723095,
3938537453,-11.25039391,
3939137413,-11.36043718,
3939737373,-11.30158516,
3940337333,-11.43509858,
3940937293,-11.50715825,
3941537253,-11.57919434,
3942137213,-11.50288216,
3942737173,-11.32894862,
3943337133,-11.51660068,
3943937093,-11.32026199,
3944537053,-11.51177024,
3945137013,-11.34663071,
3945736973,-11.48190173,
3946336933,-11.50972751,
3946936893,-11.47207746,
3947536853,-11.58216654,
3948136813,-11.58766445,
3948736773,-11.31452719,
3949336733,-11.58253227,
3949936693,-11.55417687,
3950536653,-11.61272629,
3951136613,-11.65170079,
3951736573,-11.66047989,
3952336533,-11.73612666,
3952936493,-11.58199886,
3953536453,-11.60513912,
3954136413,-11.57505979,
3954736373,-11.82859858,
3955336333,-11.82529759,
3955936293,-11.79769141,
3956536253,-11.69379878,
3957136213,-11.81092216,
3957736173,-11.86490415,
3958336133,-11.76586045,
3958936093,-11.84311583,
3959536053,-11.87907889,
3960136013,-11.91883663,
3960735973,-11.99598464,
3961335933,-12.0034722,
3961935893,-11.82298716,
3962535853,-11.98853382,
3963135813,-11.81023856,
3963735773,-12.09772805,
3964335733,-11.8785715,
3964935693,-11.96244903,
3965535653,-12.13262966,
3966135613,-11.9282268,
3966735573,-11.98371218,
3967335533,-12.02805381,
3967935493,-12.03378024,
3968535453,-12.05223803,
3969135413,-12.0818853,
3969735373,-12.07141487,
3970335333,-11.99308743,
3970935293,-11.95331381,
3971535253,-11.93856422,
3972135213,-12.02107288,
3972735173,-12.0950435,
3973335133,-12.01788566,
3973935093,-12.13288308,
3974535053,-12.10730015,
3975135013,-12.12483834,
3975734973,-11.9815292,
3976334933,-12.12960867,
3976934893,-12.10647057,
3977534853,-12.09518487,
3978134813,-12.19805831,
3978734773,-12.09154474,
3979334733,-12.10271526,
3979934693,-12.11487466,
3980534653,-12.16227034,
3981134613,-12.26438804,
3981734573,-12.09195937,
3982334533,-12.18784887,
3982934493,-12.11480886,
3983534453,-12.1565932,
3984134413,-12.15285171,
3984734373,-12.20270121,
3985334333,-12.08088176,
3985934293,-12.10697029,
3986534253,-12.18011477,
3987134213,-12.25793553,
3987734173,-12.02815926,
3988334133,-12.10932932,
3988934093,-12.11377292,
3989534053,-12.04188385,
3990134013,-12.04196152,
3990733973,-12.01277429,
3991333933,-12.01617317,
3991933893,-12.11560323,
3992533853,-12.15715302,
3993133813,-11.98639397,
3993733773,-12.00320518,
3994333733,-12.06798029,
3994933693,-12.19436958,
3995533653,-12.08164413,
3996133613,-12.07097145,
3996733573,-12.15651507,
3997333533,-12.09765259,
3997933493,-12.2773453,
3998533453,-12.10861915,
3999133413,-12.21749915,
3999733373,-11.90575739,
4000333333,-11.90863668,
4000933293,-12.24652128,
4001533253,-12.0359753,
4002133212,-12.10279456,
4002733172,-11.84141711,
4003333132,-12.00163067,
4003933092,-11.79485244,
4004533052,-11.93157706,
4005133012,-11.90607765,
4005732972,-12.03317577,
4006332932,-11.88250543,
4006932892,-11.94173873,
4007532852,-11.72930877,
4008132812,-11.92224506,
4008732772,-11.74393816,
4009332732,-11.88124157,
4009932692,-11.78262817,
4010532652,-11.67053291,
4011132612,-11.90642179,
4011732572,-11.73462043,
4012332532,-11.72226644,
4012932492,-11.85171553,
4013532452,-11.6366881,
4014132412,-11.79877608,
4014732372,-11.93711652,
4015332332,-11.82021701,
4015932292,-11.76142354,
4016532252,-11.6633926,
4017132212,-11.73899209,
4017732172,-11.65768924,
4018332132,-11.87010426,
4018932092,-11.76499201,
4019532052,-11.60012335,
4020132012,-11.66763056,
4020731972,-11.63073425,
4021331932,-11.54275078,
4021931892,-11.61611324,
4022531852,-11.62459973,
4023131812,-11.62362835,
4023731772,-11.4352779,
4024331732,-11.50239549,
4024931692,-11.44353367,
4025531652,-11.48598033,
4026131612,-11.49788086,
4026731572,-11.54325909,
4027331532,-11.28829133,
4027931492,-11.4058779,
4028531452,-11.44177284,
4029131412,-11.40086098,
4029731372,-11.31678495,
4030331332,-11.34981698,
4030931292,-11.4355136,
4031531252,-11.32512793,
4032131212,-11.32336651,
4032731172,-11.32923951,
4033331132,-11.33548024,
4033931092,-11.34213979,
4034531052,-11.41962534,
4035131012,-11.35339377,
4035730972,-11.27931164,
4036330932,-11.37960446,
4036930892,-11.19456628,
4037530852,-11.24461949,
4038130812,-11.2760488,
4038730772,-11.26280916,
4039330732,-11.30163805,
4039930692,-11.2013658,
4040530652,-11.40259852,
4041130612,-11.36851923,
4041730572,-11.23432568,
4042330532,-11.25451867,
4042930492,-11.17836485,
4043530452,-11.25503006,
4044130412,-11.20400809,
4044730372,-11.15190521,
4045330332,-11.11373724,
4045930292,-11.1555022,
4046530252,-11.11263225,
4047130212,-11.12092764,
4047730172,-11.30050326,
4048330132,-11.02903878,
4048930092,-11.10232532,
4049530052,-11.13161795,
4050130012,-11.05815044,
4050729972,-11.04491027,
4051329932,-10.96944252,
4051929892,-10.95058749,
4052529852,-11.04427236,
4053129812,-11.16535333,
4053729772,-10.87427549,
4054329732,-11.10559104,
4054929692,-11.06269772,
4055529652,-10.93651697,
4056129612,-11.04422948,
4056729572,-10.96147107,
4057329532,-11.0230831,
4057929492,-11.05664574,
4058529452,-10.97948963,
4059129412,-10.93486722,
4059729372,-10.95363205,
4060329332,-10.97019817,
4060929292,-10.91089376,
4061529252,-10.88432478,
4062129212,-10.9634087,
4062729172,-10.97311134,
4063329132,-10.83379942,
4063929092,-10.72814634,
4064529052,-10.92774415,
4065129012,-10.92859455,
4065728972,-10.91352375,
4066328932,-10.84433957,
4066928892,-10.90892068,
4067528852,-10.8172771,
4068128812,-10.88672929,
4068728772,-10.94905484,
4069328732,-10.76488435,
4069928692,-10.92375789,
4070528652,-10.80045217,
4071128612,-10.94420047,
4071728572,-10.92520534,
4072328532,-10.87399741,
4072928492,-10.64662043,
4073528452,-11.05024201,
4074128412,-10.97206787,
4074728372,-10.90412977,
4075328332,-10.88060195,
4075928292,-10.88037373,
4076528252,-10.85696825,
4077128212,-10.84618753,
4077728172,-10.80005199,
4078328132,-10.92546055,
4078928092,-10.87808313,
4079528052,-10.87869965,
4080128012,-10.9202865,
4080727972,-10.8772455,
4081327932,-10.93354027,
4081927892,-10.9000929,
4082527852,-10.91323442,
4083127812,-10.93151513,
4083727772,-10.77211783,
4084327732,-10.77472313,
4084927692,-10.95638849,
4085527652,-10.83395865,
4086127612,-10.91547,
4086727572,-10.92304484,
4087327532,-10.85276521,
4087927492,-10.86531891,
4088527452,-10.76198167,
4089127412,-10.75861598,
4089727372,-10.8317944,
4090327332,-10.8484311,
4090927292,-10.83017399,
4091527252,-10.91733583,
4092127212,-10.98251444,
4092727172,-10.83831912,
4093327132,-10.94156361,
4093927092,-10.77528938,
4094527052,-10.75211926,
4095127012,-10.86494681,
4095726972,-10.8242599,
4096326932,-10.77244056,
4096926892,-10.94645942,
4097526852,-10.86286296,
4098126812,-10.91446622,
4098726772,-10.66007668,
4099326732,-11.05865418,
4099926692,-10.83733985,
4100526652,-10.93245374,
4101126612,-10.79675338,
4101726572,-11.08818715,
4102326532,-10.79346544,
4102926492,-10.93870646,
4103526452,-10.90257829,
4104126412,-10.97052038,
4104726372,-10.93137048,
4105326332,-10.90000942,
4105926292,-10.89495088,
4106526252,-10.8442457,
4107126212,-10.96297285,
4107726172,-10.88685952,
4108326132,-10.96691224,
4108926092,-10.81679932,
4109526052,-10.905863,
4110126012,-11.00736682,
4110725972,-10.96632646,
4111325932,-10.97333643,
4111925892,-10.99443629,
4112525852,-10.95642423,
4113125812,-10.88542267,
4113725772,-11.01520847,
4114325732,-10.89501823,
4114925692,-10.93747721,
4115525652,-10.95196293,
4116125612,-10.98321035,
4116725572,-10.82851258,
4117325532,-11.112807,
4117925492,-10.99310279,
4118525452,-11.06425192,
4119125412,-11.06293974,
4119725372,-10.99436297,
4120325332,-11.12052847,
4120925292,-11.1039225,
4121525252,-10.98739722,
4122125212,-11.11687192,
4122725172,-11.07949403,
4123325132,-11.03320638,
4123925092,-10.86679747,
4124525052,-10.99081055,
4125125012,-11.01991396,
4125724972,-11.03132157,
4126324932,-11.04075999,
4126924892,-11.01631184,
4127524852,-10.97498228,
4128124812,-11.10608803,
4128724772,-11.00550947,
4129324732,-11.05273059,
4129924692,-11.13965077,
4130524652,-10.9523457,
4131124612,-11.13616172,
4131724572,-11.08956652,
4132324532,-11.049258,
4132924492,-10.9896783,
4133524452,-11.14946719,
4134124412,-11.06932931,
4134724372,-11.24408894,
4135324332,-11.07826826,
4135924292,-11.1188571,
4136524252,-11.04398709,
4137124212,-11.07645406,
4137724172,-11.11843409,
4138324132,-11.23102563,
4138924092,-11.16629941,
4139524052,-11.10274545,
4140124012,-11.12759329,
4140723972,-11.10255218,
4141323932,-11.16804119,
4141923892,-11.12047228,
4142523852,-11.10419532,
4143123812,-11.16259853,
4143723772,-11.19254723,
4144323732,-11.18528793,
4144923692,-11.21218599,
4145523652,-11.25414375,
4146123612,-11.09556255,
4146723572,-11.09570473,
4147323532,-11.16111915,
4147923492,-11.23002147,
4148523452,-11.24247472,
4149123412,-11.28539461,
4149723372,-11.27446534,
4150323332,-11.35150789,
4150923292,-11.27548153,
4151523252,-11.43892559,
4152123212,-11.34684422,
4152723172,-11.45082109,
4153323132,-11.36597251,
4153923092,-11.55078954,
4154523052,-11.46343047,
4155123012,-11.55229957,
4155722971,-11.55008813,
4156322931,-11.46324991,
4156922891,-11.35962174,
4157522851,-11.55314461,
4158122811,-11.49864688,
4158722771,-11.45657465,
4159322731,-11.55866345,
4159922691,-11.55213045,
4160522651,-11.43037603,
4161122611,-11.55579556,
4161722571,-11.65019861,
4162322531,-11.45333637,
4162922491,-11.42276888,
4163522451,-11.63337859,
4164122411,-11.75510447,
4164722371,-11.7297822,
4165322331,-11.57928896,
4165922291,-11.7560627,
4166522251,-11.73724952,
4167122211,-11.57444795,
4167722171,-11.7114875,
4168322131,-11.74951764,
4168922091,-11.6107489,
4169522051,-11.87253715,
4170122011,-11.81368413,
4170721971,-11.87523369,
4171321931,-11.87456232,
4171921891,-12.02340293,
4172521851,-11.89962065,
4173121811,-11.90026852,
4173721771,-11.91774558,
4174321731,-11.88375261,
4174921691,-11.84791518,
4175521651,-12.06944619,
4176121611,-11.97725039,
4176721571,-12.09106546,
4177321531,-12.15749556,
4177921491,-12.24442121,
4178521451,-12.05931296,
4179121411,-12.17704173,
4179721371,-12.19784307,
4180321331,-12.12706054,
4180921291,-11.968708,
4181521251,-12.38352868,
4182121211,-12.38128217,
4182721171,-12.37744661,
4183321131,-12.34714204,
4183921091,-12.4492303,
4184521051,-12.27380796,
4185121011,-12.46384665,
4185720971,-12.34967909,
4186320931,-12.38799215,
4186920891,-12.43048486,
4187520851,-12.55695547,
4188120811,-12.56758143,
4188720771,-12.72667977,
4189320731,-12.60346363,
4189920691,-12.63480177,
4190520651,-12.53698133,
4191120611,-12.64319489,
4191720571,-12.64854496,
4192320531,-12.64842651,
4192920491,-12.68605434,
4193520451,-12.62964084,
4194120411,-12.75151642,
4194720371,-12.67162117,
4195320331,-12.85640923,
4195920291,-12.85033637,
4196520251,-12.7652748,
4197120211,-12.89529756,
4197720171,-12.80482611,
4198320131,-12.77586272,
4198920091,-12.95291613,
4199520051,-12.95863446,
4200120011,-12.95672334,
4200719971,-12.85582391,
4201319931,-12.79157248,
4201919891,-12.95572854,
4202519851,-13.09267557,
4203119811,-13.00800436,
4203719771,-12.92462196,
4204319731,-13.00287384,
4204919691,-13.01849671,
4205519651,-13.08255755,
4206119611,-13.12553669,
4206719571,-13.02932709,
4207319531,-13.06173974,
4207919491,-13.15359675,
4208519451,-13.13039126,
4209119411,-13.18458688,
4209719371,-13.25450928,
4210319331,-13.21632184,
4210919291,-13.18126656,
4211519251,-13.23150957,
4212119211,-13.1738285,
4212719171,-13.2754237,
4213319131,-13.23356128,
4213919091,-13.35674995,
4214519051,-13.42793087,
4215119011,-13.25375532,
4215718971,-13.16900524,
4216318931,-13.29576913,
4216918891,-13.34246216,
4217518851,-13.35849429,
4218118811,-13.40286024,
4218718771,-13.41631676,
4219318731,-13.57828967,
4219918691,-13.37424997,
4220518651,-13.4288132,
4221118611,-13.38923104,
4221718571,-13.63239477,
4222318531,-13.5087009,
4222918491,-13.49896801,
4223518451,-13.56914702,
4224118411,-13.46475801,
4224718371,-13.53984528,
4225318331,-13.52610077,
4225918291,-13.58475999,
4226518251,-13.5741487,
4227118211,-13.6832279,
4227718171,-13.5495693,
4228318131,-13.59429934,
4228918091,-13.58053753,
4229518051,-13.57026138,
4230118011,-13.61961534,
4230717971,-13.68778224,
4231317931,-13.76400186,
4231917891,-13.63639639,
4232517851,-13.67524715,
4233117811,-13.60900458,
4233717771,-13.64435154,
4234317731,-13.74040117,
4234917691,-13.78469623,
4235517651,-13.71998891,
4236117611,-13.64808162,
4236717571,-13.66118993,
4237317531,-13.60655847,
4237917491,-13.60538374,
4238517451,-13.76446852,
4239117411,-13.78873987,
4239717371,-13.73642073,
4240317331,-13.71378938,
4240917291,-13.72794209,
4241517251,-13.7821665,
4242117211,-13.82227005,
4242717171,-13.82216146,
4243317131,-13.75364808,
4243917091,-13.66053859,
4244517051,-13.75400714,
4245117011,-13.70271544,
4245716971,-13.73542284,
4246316931,-13.7805587,
4246916891,-13.90562649,
4247516851,-13.81440871,
4248116811,-13.78403629,
4248716771,-13.84293191,
4249316731,-13.73140097,
4249916691,-13.75878105,
4250516651,-13.63574199,
4251116611,-13.7413988,
4251716571,-13.75167156,
4252316531,-13.70458114,
4252916491,-13.78333644,
4253516451,-13.73930861,
4254116411,-13.61477702,
4254716371,-13.64659385,
4255316331,-13.65180583,
4255916291,-13.49711424,
4256516251,-13.6414895,
4257116211,-13.74664389,
4257716171,-13.6933019,
4258316131,-13.67212548,
4258916091,-13.72708347,
4259516051,-13.75418898,
4260116011,-13.6811411,
4260715971,-13.55617391,
4261315931,-13.70626669,
4261915891,-13.60759307,
4262515851,-13.58528639,
4263115811,-13.56301662,
4263715771,-13.44402499,
4264315731,-13.51286865,
4264915691,-13.6020745,
4265515651,-13.57449811,
4266115611,-13.56261763,
4266715571,-13.45875854,
4267315531,-13.62705443,
4267915491,-13.44951938,
4268515451,-13.52742132,
4269115411,-13.52643646,
4269715371,-13.45025623,
4270315331,-13.68523724,
4270915291,-13.40998664,
4271515251,-13.51408192,
4272115211,-13.61533926,
4272715171,-13.44124437,
4273315131,-13.49780841,
4273915091,-13.51295814,
4274515051,-13.5002073,
4275115011,-13.40590682,
4275714971,-13.19795679,
4276314931,-13.52550191,
4276914891,-13.36837967,
4277514851,-13.40859446,
4278114811,-13.42471057,
4278714771,-13.30427671,
4279314731,-13.39815418,
4279914691,-13.31522789,
4280514651,-13.30054436,
4281114611,-13.35109862,
4281714571,-13.39298841,
4282314531,-13.27871259,
4282914491,-13.23752059,
4283514451,-13.12099737,
4284114411,-13.20445949,
4284714371,-13.18735147,
4285314331,-13.23008358,
4285914291,-13.26332825,
4286514251,-13.22345328,
4287114211,-13.02913412,
4287714171,-13.2242859,
4288314131,-13.18421353,
4288914091,-13.06533231,
4289514051,-13.08491987,
4290114011,-13.15982654,
4290713971,-13.01996529,
4291313931,-13.00513298,
4291913891,-13.04576857,
4292513851,-12.97872038,
4293113811,-12.97492063,
4293713771,-13.11624244,
4294313731,-13.05789025,
4294913691,-13.09558867,
4295513651,-13.0252019,
4296113611,-13.13881975,
4296713571,-13.17321982,
4297313531,-13.01466801,
4297913491,-12.85430408,
4298513451,-12.89408233,
4299113411,-12.92961934,
4299713371,-13.01876107,
4300313331,-12.85847561,
4300913291,-12.98941752,
4301513251,-12.76496977,
4302113211,-12.96899296,
4302713171,-12.94193742,
4303313131,-12.82487723,
4303913091,-12.78040064,
4304513051,-12.98310452,
4305113011,-12.74294654,
4305712971,-12.75918596,
4306312931,-12.8069808,
4306912891,-12.85571114,
4307512851,-12.71665982,
4308112811,-12.75160854,
4308712771,-12.64133707,
4309312730,-12.716841,
4309912690,-12.6629368,
4310512650,-12.66866157,
4311112610,-12.62276177,
4311712570,-12.6563764,
4312312530,-12.78433318,
4312912490,-12.77223305,
4313512450,-12.58983231,
4314112410,-12.64235907,
4314712370,-12.54874597,
4315312330,-12.67495421,
4315912290,-12.71799507,
4316512250,-12.56933438,
4317112210,-12.63129945,
4317712170,-12.57046268,
4318312130,-12.71936107,
4318912090,-12.63623274,
4319512050,-12.47165179,
4320112010,-12.63591011,
4320711970,-12.46695336,
4321311930,-12.61402818,
4321911890,-12.54323735,
4322511850,-12.47760557,
4323111810,-12.4518299,
4323711770,-12.51384352,
4324311730,-12.61021479,
4324911690,-12.4808773,
4325511650,-12.38084526,
4326111610,-12.60165809,
4326711570,-12.40328993,
4327311530,-12.29983257,
4327911490,-12.39302784,
4328511450,-12.31757824,
4329111410,-12.53598772,
4329711370,-12.39630786,
4330311330,-12.23662914,
4330911290,-12.32308128,
4331511250,-12.28796677,
4332111210,-12.40096754,
4332711170,-12.37083916,
4333311130,-12.28816373,
4333911090,-12.26546171,
4334511050,-12.3894514,
4335111010,-12.32550223,
4335710970,-12.31069078,
4336310930,-12.40533987,
4336910890,-12.19310154,
4337510850,-12.32105777,
4338110810,-12.43536512,
4338710770,-12.21313208,
4339310730,-12.2533305,
4339910690,-12.13447751,
4340510650,-12.29158744,
4341110610,-12.31104739,
4341710570,-12.18358208,
4342310530,-12.1977041,
4342910490,-12.23312405,
4343510450,-12.11646886,
4344110410,-12.28566091,
4344710370,-12.28510005,
4345310330,-12.28318855,
4345910290,-12.30658702,
4346510250,-12.25156879,
4347110210,-12.25633248,
4347710170,-12.29220077,
4348310130,-12.21046334,
4348910090,-12.39926334,
4349510050,-12.25982377,
4350110010,-12.32925893,
4350709970,-12.16495791,
4351309930,-12.21504318,
4351909890,-12.36311642,
4352509850,-12.23045701,
4353109810,-12.41089076,
4353709770,-12.04248337,
4354309730,-12.18375495,
4354909690,-12.25463469,
4355509650,-12.23589116,
4356109610,-12.02688875,
4356709570,-12.18374573,
4357309530,-12.14378584,
4357909490,-12.37472272,
4358509450,-12.21755196,
4359109410,-12.16922167,
4359709370,-12.15252229,
4360309330,-12.24335106,
4360909290,-12.31470739,
4361509250,-12.25343776,
4362109210,-12.38352964,
4362709170,-12.23641825,
4363309130,-12.17897297,
4363909090,-12.21550711,
4364509050,-12.19384478,
4365109010,-12.23697163,
4365708970,-12.09787096,
4366308930,-12.34247861,
4366908890,-12.18022715,
4367508850,-12.22666361,
4368108810,-12.2805529,
4368708770,-12.17179584,
4369308730,-12.17063357,
4369908690,-12.18458213,
4370508650,-12.20192611,
4371108610,-12.11686637,
4371708570,-12.37448957,
4372308530,-12.32714577,
4372908490,-12.05785082,
4373508450,-12.09610157,
4374108410,-12.15303215,
4374708370,-12.31030151,
4375308330,-12.26662689,
4375908290,-12.17283202,
4376508250,-12.2316163,
4377108210,-12.22743169,
4377708170,-12.24135962,
4378308130,-12.21480779,
4378908090,-12.17373088,
4379508050,-12.28820112,
4380108010,-12.24277913,
4380707970,-12.1210759,
4381307930,-12.26552554,
4381907890,-12.26937581,
4382507850,-12.27890914,
4383107810,-12.31736884,
4383707770,-12.06089017,
4384307730,-12.32678821,
4384907690,-11.93727594,
4385507650,-12.06446128,
4386107610,-12.01534162,
4386707570,-12.19053899,
4387307530,-12.06444461,
4387907490,-12.28706931,
4388507450,-12.34658334,
4389107410,-12.20551171,
4389707370,-12.22318066,
4390307330,-12.38000138,
4390907290,-12.19860705,
4391507250,-12.08507848,
4392107210,-12.18640927,
4392707170,-12.30513934,
4393307130,-12.25802998,
4393907090,-12.1076843,
4394507050,-12.35340938,
4395107010,-12.26738365,
4395706970,-12.17716184,
4396306930,-12.21018932,
4396906890,-12.19710825,
4397506850,-12.03097885,
4398106810,-12.14857239,
4398706770,-12.02791226,
4399306730,-12.3686018,
4399906690,-12.10649282,
4400506650,-12.3420774,
4401106610,-12.35720791,
4401706570,-12.41843018,
4402306530,-12.21573671,
4402906490,-12.37997094,
4403506450,-12.27245551,
4404106410,-12.32206496,
4404706370,-12.34505637,
4405306330,-12.29039701,
4405906290,-12.34102362,
4406506250,-12.3331139,
4407106210,-12.29703028,
4407706170,-12.34515736,
4408306130,-12.36865683,
4408906090,-12.22949463,
4409506050,-12.36913287,
4410106010,-12.34501768,
4410705970,-12.42065114,
4411305930,-12.35271356,
4411905890,-12.37842924,
4412505850,-12.48384695,
4413105810,-12.55410606,
4413705770,-12.42417368,
4414305730,-12.43963882,
4414905690,-12.3544009,
4415505650,-12.50035252,
4416105610,-12.35718987,
4416705570,-12.47195902,
4417305530,-12.4961112,
4417905490,-12.57965638,
4418505450,-12.57483025,
4419105410,-12.42731598,
4419705370,-12.49277176,
4420305330,-12.53793375,
4420905290,-12.68174666,
4421505250,-12.6355425,
4422105210,-12.58098154,
4422705170,-12.79505404,
4423305130,-12.64797934,
4423905090,-12.70643997,
4424505050,-12.80339022,
4425105010,-12.66238365,
4425704970,-12.69071233,
4426304930,-12.65595418,
4426904890,-12.85887352,
4427504850,-12.61207355,
4428104810,-12.72200204,
4428704770,-12.71326867,
4429304730,-12.90215543,
4429904690,-12.81371448,
4430504650,-12.79850327,
4431104610,-12.8571949,
4431704570,-12.90864983,
4432304530,-12.67816187,
4432904490,-12.96016722,
4433504450,-12.96641358,
4434104410,-12.9031704,
4434704370,-12.98634552,
4435304330,-13.00853884,
4435904290,-13.10589302,
4436504250,-12.98256996,
4437104210,-13.08033036,
4437704170,-12.96321776,
4438304130,-13.03569806,
4438904090,-13.10131519,
4439504050,-13.18148478,
4440104010,-13.03981345,
4440703970,-12.9968361,
4441303930,-12.98021962,
4441903890,-13.11497467,
4442503850,-13.03668273,
4443103810,-13.07062109,
4443703770,-13.08005198,
4444303730,-13.14331835,
4444903690,-13.26925904,
4445503650,-13.17552842,
4446103610,-13.24939453,
4446703570,-13.17911193,
4447303530,-13.11613367,
4447903490,-13.39054331,
4448503450,-13.23863144,
4449103410,-13.29612071,
4449703370,-13.37418482,
4450303330,-13.27769425,
4450903290,-13.34916535,
4451503250,-13.39137455,
4452103210,-13.46015102,
4452703170,-13.48424774,
4453303130,-13.42702251,
4453903090,-13.42611881,
4454503050,-13.52999948,
4455103010,-13.4126011,
4455702970,-13.47671982,
4456302930,-13.59691885,
4456902890,-13.49002479,
4457502850,-13.39216677,
4458102810,-13.50185957,
4458702770,-13.5333879,
4459302730,-13.64980257,
4459902690,-13.65519763,
4460502650,-13.72870113,
4461102610,-13.6291765,
4461702570,-13.6184959,
4462302530,-13.62856539,
4462902489,-13.71202575,
4463502449,-13.73547321,
4464102409,-13.57894758,
4464702369,-13.63951578,
4465302329,-13.73535276,
4465902289,-13.79679736,
4466502249,-13.87288359,
4467102209,-13.87307669,
4467702169,-13.9491877,
4468302129,-13.77674934,
4468902089,-13.89873144,
4469502049,-13.7870199,
4470102009,-13.99666614,
4470701969,-14.0079386,
4471301929,-14.02837015,
4471901889,-14.05680462,
4472501849,-13.84447825,
4473101809,-14.03773044,
4473701769,-14.02257065,
4474301729,-13.98999341,
4474901689,-14.02023713,
4475501649,-14.24743857,
4476101609,-14.15715652,
4476701569,-14.07741737,
4477301529,-14.25996957,
4477901489,-14.09415066,
4478501449,-14.15553261,
4479101409,-14.1103331,
4479701369,-14.31218018,
4480301329,-14.26445765,
4480901289,-14.12372075,
4481501249,-14.25539138,
4482101209,-14.16374424,
4482701169,-14.32476857,
4483301129,-14.37631946,
4483901089,-14.29825435,
4484501049,-14.33260501,
4485101009,-14.24503661,
4485700969,-14.41128698,
4486300929,-14.4054131,
4486900889,-14.48042091,
4487500849,-14.44564131,
4488100809,-14.46711083,
4488700769,-14.46534941,
4489300729,-14.43790442,
4489900689,-14.26132816,
4490500649,-14.35065809,
4491100609,-14.518051,
4491700569,-14.62004081,
4492300529,-14.39057317,
4492900489,-14.36017821,
4493500449,-14.6445106,
4494100409,-14.46247638,
4494700369,-14.3369138,
4495300329,-14.26635363,
4495900289,-14.53722969,
4496500249,-14.27476799,
4497100209,-14.37503431,
4497700169,-14.48921942,
4498300129,-14.52573871,
4498900089,-14.73193187,
4499500049,-14.39931052,
4500100009,-14.39826539,
4500699969,-14.45131629,
4501299929,-14.8418876,
4501899889,-14.5979051,
4502499849,-14.67485835,
4503099809,-14.5934371,
4503699769,-14.46099187,
4504299729,-14.49756316,
4504899689,-14.62798303,
4505499649,-14.66935389,
4506099609,-14.56372293,
4506699569,-14.66064788,
4507299529,-14.62336179,
4507899489,-14.82758378,
4508499449,-14.48169247,
4509099409,-14.80990211,
4509699369,-14.77708432,
4510299329,-14.70415502,
4510899289,-14.68094564,
4511499249,-14.60565705,
4512099209,-14.48610089,
4512699169,-14.79998361,
4513299129,-14.66795597,
4513899089,-14.82841075,
4514499049,-14.68844967,
4515099009,-14.54883466,
4515698969,-14.77461089,
4516298929,-14.6074778,
4516898889,-14.58154691,
4517498849,-14.62254166,
4518098809,-15.03245681,
4518698769,-15.00340325,
4519298729,-14.86842402,
4519898689,-14.9204114,
4520498649,-14.6808916,
4521098609,-14.93105121,
4521698569,-14.54593308,
4522298529,-14.5692028,
4522898489,-14.7410024,
4523498449,-14.87204217,
4524098409,-14.86115996,
4524698369,-14.97735911,
4525298329,-14.56589384,
4525898289,-14.44143809,
4526498249,-14.70753204,
4527098209,-14.68739475,
4527698169,-14.6660629,
4528298129,-14.58927438,
4528898089,-14.77942312,
4529498049,-14.57449152,
4530098009,-14.53555915,
4530697969,-14.6457077,
4531297929,-14.77095012,
4531897889,-14.68541661,
4532497849,-14.85523088,
4533097809,-14.65568891,
4533697769,-14.70217746,
4534297729,-14.69652763,
4534897689,-14.77570359,
4535497649,-14.51620136,
4536097609,-14.62839262,
4536697569,-14.60859548,
4537297529,-14.7430224,
4537897489,-14.42164046,
4538497449,-14.66586274,
4539097409,-14.7516322,
4539697369,-14.66159633,
4540297329,-14.5996576,
4540897289,-14.7350906,
4541497249,-14.56304972,
4542097209,-14.47454578,
4542697169,-14.47598811,
4543297129,-14.55023278,
4543897089,-14.53071496,
4544497049,-14.57506025,
4545097009,-14.37430368,
4545696969,-14.43058202,
4546296929,-14.50634026,
4546896889,-14.5339082,
4547496849,-14.66838921,
4548096809,-14.6621496,
4548696769,-14.37297337,
4549296729,-14.2823152,
4549896689,-14.61433314,
4550496649,-14.51422366,
4551096609,-14.46974004,
4551696569,-14.58234246,
4552296529,-14.40108993,
4552896489,-14.50783632,
4553496449,-14.44015699,
4554096409,-14.26590258,
4554696369,-14.56144583,
4555296329,-14.72214008,
4555896289,-14.60438522,
4556496249,-14.4054057,
4557096209,-14.66287882,
4557696169,-14.58980179,
4558296129,-14.62018877,
4558896089,-14.53564627,
4559496049,-14.35547476,
4560096009,-14.51416013,
4560695969,-14.68863161,
4561295929,-14.45048015,
4561895889,-14.52264063,
4562495849,-14.42845139,
4563095809,-14.44555208,
4563695769,-14.39442009,
4564295729,-14.49017902,
4564895689,-14.38900029,
4565495649,-14.50701993,
4566095609,-14.38755865,
4566695569,-14.54910474,
4567295529,-14.41330154,
4567895489,-14.71611249,
4568495449,-14.25266325,
4569095409,-14.46059343,
4569695369,-14.01004336,
4570295329,-14.52379752,
4570895289,-14.22199722,
4571495249,-14.22563195,
4572095209,-14.36729242,
4572695169,-14.20002952,
4573295129,-14.27551421,
4573895089,-14.07060526,
4574495049,-14.28462455,
4575095009,-14.25881906,
4575694969,-14.15818167,
4576294929,-14.08928976,
4576894889,-14.02330438,
4577494849,-14.32446782,
4578094809,-14.15947804,
4578694769,-14.17822078,
4579294729,-14.24117785,
4579894689,-14.13954926,
4580494649,-14.18369474,
4581094609,-14.26616928,
4581694569,-14.26362558,
4582294529,-14.19115158,
4582894489,-14.24709398,
4583494449,-14.3210448,
4584094409,-14.47478606,
4584694369,-14.14594497,
4585294329,-14.20387107,
4585894289,-14.32745198,
4586494249,-14.3539156,
4587094209,-14.11037737,
4587694169,-14.24722127,
4588294129,-14.21036344,
4588894089,-14.32734227,
4589494049,-14.15569481,
4590094009,-14.15799317,
4590693969,-14.03971891,
4591293929,-13.97727465,
4591893889,-14.26733741,
4592493849,-14.16130977,
4593093809,-14.27713753,
4593693769,-14.2616236,
4594293729,-14.01010952,
4594893689,-14.24853542,
4595493649,-14.23029228,
4596093609,-14.17776727,
4596693569,-14.12772935,
4597293529,-14.15712496,
4597893489,-14.18425617,
4598493449,-14.34871008,
4599093409,-14.15671685,
4599693369,-14.20619576,
4600293329,-14.20593555,
4600893289,-14.43453262,
4601493249,-14.11980891,
4602093209,-14.14652016,
4602693169,-14.28800658,
4603293129,-14.05460664,
4603893089,-14.15650745,
4604493049,-14.24850246,
4605093009,-14.33475632,
4605692969,-14.47166815,
4606292929,-14.34562639,
4606892889,-13.97200822,
4607492849,-14.10850709,
4608092809,-14.26578476,
4608692769,-14.16872754,
4609292729,-14.22177241,
4609892689,-14.23883169,
4610492649,-14.22617116,
4611092609,-14.33665321,
4611692569,-14.20449726,
4612292529,-14.26822227,
4612892489,-14.1814372,
4613492449,-14.26292643,
4614092409,-14.1352997,
4614692369,-14.048479,
4615292329,-14.12265069,
4615892289,-14.00450321,
4616492248,-14.24410096,
4617092208,-14.19426537,
4617692168,-14.1783328,
4618292128,-14.25737778,
4618892088,-14.2920503,
4619492048,-13.943329,
4620092008,-14.45772283,
4620691968,-14.23236524,
4621291928,-14.04661497,
4621891888,-14.16235883,
4622491848,-14.1499959,
4623091808,-14.31551006,
4623691768,-14.1769335,
4624291728,-14.15957364,
4624891688,-14.18063333,
4625491648,-14.16157807,
4626091608,-14.21413863,
4626691568,-14.31872108,
4627291528,-14.24241999,
4627891488,-14.1872327,
4628491448,-14.17787836,
4629091408,-14.36117295,
4629691368,-14.23364308,
4630291328,-14.01965268,
4630891288,-14.35935357,
4631491248,-14.19383383,
4632091208,-14.01512307,
4632691168,-14.28106102,
4633291128,-14.32478344,
4633891088,-14.03592469,
4634491048,-14.06405369,
4635091008,-14.31557725,
4635690968,-14.06725457,
4636290928,-14.082822,
4636890888,-14.25768948,
4637490848,-14.13257302,
4638090808,-14.05320735,
4638690768,-14.19467896,
4639290728,-14.09302262,
4639890688,-14.20790087,
4640490648,-14.17972259,
4641090608,-14.19293348,
4641690568,-14.12422265,
4642290528,-14.05268943,
4642890488,-14.00882795,
4643490448,-14.11180812,
4644090408,-14.35625805,
4644690368,-14.14123759,
4645290328,-14.10296702,
4645890288,-14.06265802,
4646490248,-13.95949661,
4647090208,-14.261262,
4647690168,-13.97565529,
4648290128,-14.01719649,
4648890088,-14.06604976,
4649490048,-14.08429086,
4650090008,-13.91326381,
4650689968,-13.95305094,
4651289928,-14.14315353,
4651889888,-14.05565292,
4652489848,-14.11056569,
4653089808,-13.95652078,
4653689768,-14.10655479,
4654289728,-14.26634046,
4654889688,-14.06850151,
4655489648,-14.09337555,
4656089608,-14.09468041,
4656689568,-14.09277913,
4657289528,-14.12452417,
4657889488,-14.104883,
4658489448,-14.07879398,
4659089408,-13.98980654,
4659689368,-14.27678235,
4660289328,-14.06148694,
4660889288,-14.05235783,
4661489248,-13.9675176,
4662089208,-13.87342882,
4662689168,-14.2500721,
4663289128,-14.10932459,
4663889088,-14.04848074,
4664489048,-13.97652882,
4665089008,-13.92881772,
4665688968,-13.9450964,
4666288928,-13.88590366,
4666888888,-13.933186,
4667488848,-13.88097229,
4668088808,-14.15073404,
4668688768,-13.95083974,
4669288728,-14.09999987,
4669888688,-13.93968922,
4670488648,-13.88786633,
4671088608,-13.92386553,
4671688568,-13.99406383,
4672288528,-14.07194889,
4672888488,-13.81836181,
4673488448,-13.98348952,
4674088408,-14.05808221,
4674688368,-13.98883697,
4675288328,-13.99050544,
4675888288,-14.04580695,
4676488248,-14.01566675,
4677088208,-13.96633936,
4677688168,-14.11098379,
4678288128,-13.93327373,
4678888088,-13.87923062,
4679488048,-13.94992621,
4680088008,-13.94787808,
4680687968,-13.95013374,
4681287928,-13.77267924,
4681887888,-13.96516817,
4682487848,-14.01198828,
4683087808,-14.00965303,
4683687768,-13.95397328,
4684287728,-13.97047485,
4684887688,-14.0407649,
4685487648,-13.91864371,
4686087608,-14.02245878,
4686687568,-13.96912712,
4687287528,-13.89795004,
4687887488,-13.93936505,
4688487448,-13.9840195,
4689087408,-13.79919057,
4689687368,-13.9642114,
4690287328,-13.77208896,
4690887288,-13.73217824,
4691487248,-13.93486697,
4692087208,-13.92838506,
4692687168,-14.03092223,
4693287128,-13.98733653,
4693887088,-14.07761922,
4694487048,-13.94462786,
4695087008,-14.10100413,
4695686968,-13.84219906,
4696286928,-14.01492644,
4696886888,-13.86088636,
4697486848,-14.04162247,
4698086808,-13.94098291,
4698686768,-13.90108881,
4699286728,-13.90047312,
4699886688,-14.01912959,
4700486648,-13.97438128,
4701086608,-14.10959278,
4701686568,-14.09478314,
4702286528,-14.00887692,
4702886488,-13.86913797,
4703486448,-14.00548472,
4704086408,-13.89463226,
4704686368,-13.95439016,
4705286328,-14.05133325,
4705886288,-13.92018547,
4706486248,-14.11200221,
4707086208,-14.09962075,
4707686168,-14.04739354,
4708286128,-14.0792141,
4708886088,-14.03876435,
4709486048,-14.22729502,
4710086008,-14.03687873,
4710685968,-14.12320428,
4711285928,-13.89431687,
4711885888,-14.02846107,
4712485848,-13.94949781,
4713085808,-14.18631249,
4713685768,-14.23649592,
4714285728,-14.27892823,
4714885688,-14.1611928,
4715485648,-14.27189444,
4716085608,-14.08466708,
4716685568,-14.27252215,
4717285528,-14.10134641,
4717885488,-14.04214197,
4718485448,-14.43583014,
4719085408,-14.15798971,
4719685368,-14.27380254,
4720285328,-14.13905473,
4720885288,-14.16638837,
4721485248,-14.18272348,
4722085208,-14.28408097,
4722685168,-14.35235754,
4723285128,-14.21759962,
4723885088,-14.23098075,
4724485048,-14.49393746,
4725085008,-14.37989542,
4725684968,-14.17939103,
4726284928,-14.37373745,
4726884888,-14.23500578,
4727484848,-14.22279509,
4728084808,-14.37473597,
4728684768,-14.28553456,
4729284728,-14.33920913,
4729884688,-14.40631662,
4730484648,-14.37993733,
4731084608,-14.62051466,
4731684568,-14.75935032,
4732284528,-14.58267506,
4732884488,-14.58254257,
4733484448,-14.50794989,
4734084408,-14.50651395,
4734684368,-14.46398603,
4735284328,-14.40897159,
4735884288,-14.77440146,
4736484248,-14.57840969,
4737084208,-14.9143076,
4737684168,-14.52918842,
4738284128,-14.69496293,
4738884088,-14.9265056,
4739484048,-14.62424867,
4740084008,-14.54151948,
4740683968,-14.56313998,
4741283928,-14.94163997,
4741883888,-14.73037795,
4742483848,-14.92706702,
4743083808,-14.80635386,
4743683768,-14.6439022,
4744283728,-14.83028624,
4744883688,-14.96700226,
4745483648,-15.20243316,
4746083608,-14.98587358,
4746683568,-15.06547061,
4747283528,-15.00035326,
4747883488,-15.26149683,
4748483448,-15.29592338,
4749083408,-14.98390044,
4749683368,-15.06988842,
4750283328,-15.28180254,
4750883288,-15.0554821,
4751483248,-15.31817459,
4752083208,-15.28229476,
4752683168,-15.18533174,
4753283128,-15.2194852,
4753883088,-15.45054306,
4754483048,-15.27372071,
4755083008,-15.34510509,
4755682968,-15.30674471,
4756282928,-15.60765506,
4756882888,-15.44047564,
4757482848,-15.30051243,
4758082808,-15.27338952,
4758682768,-15.42018092,
4759282728,-15.34549257,
4759882688,-15.52429936,
4760482648,-15.48674932,
4761082608,-15.41440857,
4761682568,-15.53435864,
4762282528,-15.43793268,
4762882488,-15.65614492,
4763482448,-15.69106871,
4764082408,-15.6041493,
4764682368,-15.7632124,
4765282328,-15.5774226,
4765882288,-15.47562618,
4766482248,-15.5183273,
4767082208,-15.5861281,
4767682168,-15.72611106,
4768282128,-15.59485374,
4768882088,-15.71378635,
4769482048,-15.5516349,
4770082008,-15.70080199,
4770681967,-15.69895023,
4771281927,-15.74825064,
4771881887,-15.72700331,
4772481847,-15.56340311,
4773081807,-15.79680161,
4773681767,-15.70629375,
4774281727,-15.89654352,
4774881687,-15.63451142,
4775481647,-15.79022762,
4776081607,-15.90501961,
4776681567,-15.68078186,
4777281527,-15.87415598,
4777881487,-15.69944903,
4778481447,-15.92085926,
4779081407,-15.86350679,
4779681367,-15.7303013,
4780281327,-15.88710604,
4780881287,-15.92051971,
4781481247,-16.05893814,
4782081207,-15.86896757,
4782681167,-15.96665176,
4783281127,-16.15219234,
4783881087,-15.96119922,
4784481047,-15.98739363,
4785081007,-16.04492651,
4785680967,-16.12330136,
4786280927,-16.02771203,
4786880887,-16.01022172,
4787480847,-15.99096558,
4788080807,-16.16724675,
4788680767,-16.14237859,
4789280727,-16.07456702,
4789880687,-16.18383799,
4790480647,-16.13252154,
4791080607,-16.10934458,
4791680567,-16.1710622,
4792280527,-16.11611094,
4792880487,-16.15966092,
4793480447,-16.22684972,
4794080407,-16.21374658,
4794680367,-16.17533676,
4795280327,-16.20928419,
4795880287,-16.39393148,
4796480247,-16.09655239,
4797080207,-16.26897639,
4797680167,-16.4275704,
4798280127,-16.2488683,
4798880087,-16.32339111,
4799480047,-16.22235231,
4800080007,-16.1756683,
4800679967,-16.18394236,
4801279927,-16.54057502,
4801879887,-16.36493845,
4802479847,-16.39129813,
4803079807,-16.51536293,
4803679767,-16.47293285,
4804279727,-16.40790119,
4804879687,-16.380612,
4805479647,-16.35876285,
4806079607,-16.48478054,
4806679567,-16.4980658,
4807279527,-16.32414763,
4807879487,-16.58436706,
4808479447,-16.54449142,
4809079407,-16.82851192,
4809679367,-16.6441754,
4810279327,-16.47470856,
4810879287,-16.57713694,
4811479247,-16.46662046,
4812079207,-16.56855955,
4812679167,-16.60405299,
4813279127,-16.68757998,
4813879087,-16.53886659,
4814479047,-16.54825511,
4815079007,-16.62588853,
4815678967,-16.75689845,
4816278927,-16.63679857,
4816878887,-16.70855598,
4817478847,-16.57517133,
4818078807,-16.69939412,
4818678767,-16.74387665,
4819278727,-16.95708265,
4819878687,-16.59496307,
4820478647,-16.79960706,
4821078607,-16.80650251,
4821678567,-16.93919577,
4822278527,-16.81154777,
4822878487,-16.85319629,
4823478447,-16.72678001,
4824078407,-16.71865095,
4824678367,-16.8526163,
4825278327,-16.9213227,
4825878287,-16.96540896,
4826478247,-16.85930262,
4827078207,-16.93195674,
4827678167,-16.78295016,
4828278127,-17.05994509,
4828878087,-16.82105459,
4829478047,-16.93021395,
4830078007,-16.92487498,
4830677967,-16.94483688,
4831277927,-16.92022656,
4831877887,-17.05356829,
4832477847,-17.17322849,
4833077807,-16.95543042,
4833677767,-16.95040313,
4834277727,-17.23540012,
4834877687,-17.06002354,
4835477647,-17.19543064,
4836077607,-17.10542506,
4836677567,-17.12783818,
4837277527,-16.92204681,
4837877487,-17.05695994,
4838477447,-17.09168752,
4839077407,-17.22505184,
4839677367,-17.07866844,
4840277327,-17.0406191,
4840877287,-17.11025219,
4841477247,-17.08606659,
4842077207,-17.11258723,
4842677167,-17.12071416,
4843277127,-17.24056233,
4843877087,-17.09893283,
4844477047,-17.41069796,
4845077007,-17.22077747,
4845676967,-17.40393858,
4846276927,-17.2513024,
4846876887,-17.24394774,
4847476847,-17.11320877,
4848076807,-17.16804278,
4848676767,-17.25711741,
4849276727,-17.21010864,
4849876687,-17.2300428,
4850476647,-17.43865635,
4851076607,-17.28526026,
4851676567,-17.45934702,
4852276527,-17.36968822,
4852876487,-17.10535277,
4853476447,-17.41626869,
4854076407,-17.47810849,
4854676367,-17.51714413,
4855276327,-17.48954569,
4855876287,-17.61930579,
4856476247,-17.19968812,
4857076207,-17.15279362,
4857676167,-17.54480994,
4858276127,-17.40081906,
4858876087,-17.54367916,
4859476047,-17.42488705,
4860076007,-17.64561765,
4860675967,-17.18413081,
4861275927,-17.50224691,
4861875887,-17.72045494,
4862475847,-17.49308476,
4863075807,-17.60882219,
4863675767,-17.61713215,
4864275727,-17.45109055,
4864875687,-17.49564833,
4865475647,-17.61058903,
4866075607,-17.40918525,
4866675567,-17.67922909,
4867275527,-17.68457939,
4867875487,-17.65410394,
4868475447,-17.96071427,
4869075407,-17.64708194,
4869675367,-17.81840376,
4870275327,-17.61090374,
4870875287,-17.65915944,
4871475247,-17.8610624,
4872075207,-17.80124249,
4872675167,-17.43830434,
4873275127,-17.25623501,
4873875087,-17.87973981,
4874475047,-17.87970999,
4875075007,-17.67060018,
4875674967,-17.75195145,
4876274927,-17.8140258,
4876874887,-17.83960764,
4877474847,-17.61513895,
4878074807,-17.53688961,
4878674767,-17.4627036,
4879274727,-17.81244453,
4879874687,-17.8220292,
4880474647,-17.666859,
4881074607,-17.80984156,
4881674567,-17.60879606,
4882274527,-17.94251113,
4882874487,-17.75187442,
4883474447,-17.7407436,
4884074407,-17.6591429,
4884674367,-18.16629549,
4885274327,-17.85498443,
4885874287,-17.55740863,
4886474247,-18.07243119,
4887074207,-17.89162851,
4887674167,-17.91157002,
4888274127,-17.57382302,
4888874087,-17.45777773,
4889474047,-17.70721871,
4890074007,-17.69489274,
4890673967,-17.76349008,
4891273927,-18.02396703,
4891873887,-17.62865692,
4892473847,-17.84243141,
4893073807,-17.68008819,
4893673767,-17.71664521,
4894273727,-17.74408912,
4894873687,-17.71664425,
4895473647,-17.91230824,
4896073607,-17.77874715,
4896673567,-17.7862284,
4897273527,-17.60491084,
4897873487,-18.04747779,
4898473447,-17.93184365,
4899073407,-17.90471431,
4899673367,-17.88599738,
4900273327,-17.78267576,
4900873287,-17.29554794,
4901473247,-18.04291891,
4902073207,-17.89355762,
4902673167,-17.87371668,
4903273127,-17.80099884,
4903873087,-17.7437467,
4904473047,-18.09985571,
4905073007,-17.91962882,
4905672967,-17.52203177,
4906272927,-17.80803975,
4906872887,-17.78692324,
4907472847,-17.87701167,
4908072807,-17.79231803,
4908672767,-17.96361958,
4909272727,-17.77239162,
4909872687,-17.78387553,
4910472647,-17.68138355,
4911072607,-17.80302389,
4911672567,-17.8671683,
4912272527,-18.03328025,
4912872487,-17.50130739,
4913472447,-18.09162583,
4914072407,-17.84609814,
4914672367,-17.46054458,
4915272327,-17.67005774,
4915872287,-17.80934476,
4916472247,-17.74465888,
4917072207,-17.69339282,
4917672167,-17.57937508,
4918272127,-17.67418074,
4918872087,-17.72178844,
4919472047,-17.50269489,
4920072007,-17.44252924,
4920671967,-17.76046492,
4921271927,-17.5369852,
4921871887,-17.63774017,
4922471847,-17.62845506,
4923071807,-17.52184485,
4923671767,-17.56218296,
4924271726,-17.63198107,
4924871686,-17.76284096,
4925471646,-17.28722461,
4926071606,-17.68127741,
4926671566,-17.59409151,
4927271526,-17.44371227,
4927871486,-17.54883139,
4928471446,-17.49593189,
4929071406,-17.36507528,
4929671366,-17.62657637,
4930271326,-17.61453476,
4930871286,-17.66824061,
4931471246,-17.59512683,
4932071206,-17.56758835,
4932671166,-17.67115151,
4933271126,-17.27109384,
4933871086,-17.4696679,
4934471046,-17.68063833,
4935071006,-17.7819629,
4935670966,-17.31396812,
4936270926,-17.33643278,
4936870886,-17.32995869,
4937470846,-17.42504009,
4938070806,-17.39499518,
4938670766,-17.71867765,
4939270726,-17.23196441,
4939870686,-17.47720062,
4940470646,-17.50449249,
4941070606,-17.48562424,
4941670566,-17.46719565,
4942270526,-17.2705428,
4942870486,-17.64856074,
4943470446,-17.24677178,
4944070406,-17.1744728,
4944670366,-17.12841485,
4945270326,-17.45525671,
4945870286,-17.29350524,
4946470246,-17.14081081,
4947070206,-17.17267695,
4947670166,-17.08212522,
4948270126,-17.14895631,
4948870086,-17.23025286,
4949470046,-17.42154895,
4950070006,-17.27082217,
4950669966,-17.61177067,
4951269926,-17.20982233,
4951869886,-17.24175313,
4952469846,-17.10738067,
4953069806,-17.0846473,
4953669766,-17.15340527,
4954269726,-17.13582928,
4954869686,-17.29853491,
4955469646,-16.9453258,
4956069606,-17.0940774,
4956669566,-17.12031267,
4957269526,-16.90067085,
4957869486,-16.94276964,
4958469446,-17.29165351,
4959069406,-16.89317895,
4959669366,-16.94053268,
4960269326,-16.97779598,
4960869286,-17.06989308,
4961469246,-17.01235226,
4962069206,-16.95716966,
4962669166,-16.97745344,
4963269126,-16.99295858,
4963869086,-16.90585326,
4964469046,-16.8682223,
4965069006,-16.89403569,
4965668966,-16.70899462,
4966268926,-16.89334096,
4966868886,-16.81326069,
4967468846,-16.81403702,
4968068806,-16.92328208,
4968668766,-16.78970315,
4969268726,-17.01976068,
4969868686,-16.67345229,
4970468646,-16.70324227,
4971068606,-16.84108623,
4971668566,-16.82896446,
4972268526,-16.78848819,
4972868486,-16.81704031,
4973468446,-16.90255312,
4974068406,-17.12019758,
4974668366,-16.7058051,
4975268326,-16.79964743,
4975868286,-16.76381744,
4976468246,-16.73846442,
4977068206,-16.81269839,
4977668166,-16.7737856,
4978268126,-16.66677466,
4978868086,-16.79800068,
4979468046,-16.69460941,
4980068006,-16.69857689,
4980667966,-16.55998506,
4981267926,-16.92060627,
4981867886,-16.75767738,
4982467846,-16.68113697,
4983067806,-16.73366821,
4983667766,-16.63606589,
4984267726,-16.64065036,
4984867686,-16.74477994,
4985467646,-16.71732265,
4986067606,-16.67342763,
4986667566,-16.62730506,
4987267526,-16.79456991,
4987867486,-16.79941669,
4988467446,-16.68535608,
4989067406,-16.57019505,
4989667366,-16.59161171,
4990267326,-16.7023867,
4990867286,-16.57903963,
4991467246,-16.66085813,
4992067206,-16.56458166,
4992667166,-16.66215188,
4993267126,-16.88124919,
4993867086,-16.56324309,
4994467046,-16.84188917,
4995067006,-16.82871503,
4995666966,-16.77518216,
4996266926,-16.7666136,
4996866886,-16.76806108,
4997466846,-16.71730185,
4998066806,-16.72110003,
4998666766,-16.68478281,
4999266726,-16.72707702,
4999866686,-16.51537642,
5000466646,-16.79769763,
5001066606,-16.71773175,
5001666566,-16.72189159,
5002266526,-16.73592996,
5002866486,-16.7764406,
5003466446,-16.82987173,
5004066406,-16.84278225,
5004666366,-16.65908048,
5005266326,-16.85574645,
5005866286,-16.83309683,
5006466246,-16.61910634,
5007066206,-16.84136576,
5007666166,-16.74126556,
5008266126,-16.82885818,
5008866086,-17.05463964,
5009466046,-16.80296492,
5010066006,-16.88759836,
5010665966,-16.91321375,
5011265926,-16.90906641,
5011865886,-16.86559007,
5012465846,-16.96096489,
5013065806,-16.88849923,
5013665766,-16.69264545,
5014265726,-17.14889125,
5014865686,-17.02437507,
5015465646,-17.06355272,
5016065606,-17.11201542,
5016665566,-16.91130171,
5017265526,-16.85421137,
5017865486,-16.89798724,
5018465446,-17.19093704,
5019065406,-16.93394232,
5019665366,-17.15632237,
5020265326,-17.25326012,
5020865286,-17.28196706,
5021465246,-17.10498785,
5022065206,-17.16645524,
5022665166,-17.15551975,
5023265126,-17.28884894,
5023865086,-17.30580446,
5024465046,-17.18299742,
5025065006,-17.4007014,
5025664966,-17.20725897,
5026264926,-17.18227931,
5026864886,-17.36207138,
5027464846,-17.39664306,
5028064806,-17.36816625,
5028664766,-17.28510814,
5029264726,-17.27552616,
5029864686,-17.50180796,
5030464646,-17.32738639,
5031064606,-17.50785417,
5031664566,-17.43317426,
5032264526,-17.34274113,
5032864486,-17.29864549,
5033464446,-17.73337408,
5034064406,-17.4521645,
5034664366,-17.43224873,
5035264326,-17.68162763,
5035864286,-17.66047458,
5036464246,-17.62001552,
5037064206,-17.74099641,
5037664166,-17.69201982,
5038264126,-17.8112357,
5038864086,-17.58080242,
5039464046,-17.57028389,
5040064006,-17.67816002,
5040663966,-17.77743184,
5041263926,-17.56893827,
5041863886,-18.06174045,
5042463846,-17.75179514,
5043063806,-17.65294883,
5043663766,-17.88550271,
5044263726,-17.75411596,
5044863686,-17.61294965,
5045463646,-17.77974551,
5046063606,-18.09592218,
5046663566,-17.82583377,
5047263526,-17.57618995,
5047863486,-17.99102613,
5048463446,-17.71844342,
5049063406,-18.02880726,
5049663366,-18.16323553,
5050263326,-18.13904794,
5050863286,-18.32376423,
5051463246,-18.14845644,
5052063206,-18.41058141,
5052663166,-18.21329025,
5053263126,-18.24973703,
5053863086,-18.35133781,
5054463046,-18.38934643,
5055063006,-18.2204989,
5055662966,-18.67062778,
5056262926,-18.22697504,
5056862886,-18.31416957,
5057462846,-18.61807998,
5058062806,-18.53058874,
5058662766,-18.25390703,
5059262726,-18.74269871,
5059862686,-18.60550112,
5060462646,-18.39785124,
5061062606,-18.38842411,
5061662566,-18.67443722,
5062262526,-18.72184731,
5062862486,-18.59415847,
5063462446,-18.88752081,
5064062406,-18.42610446,
5064662366,-18.77181153,
5065262326,-18.84882593,
5065862286,-18.80765563,
5066462246,-19.02738826,
5067062206,-18.94583763,
5067662166,-18.99574356,
5068262126,-19.02408144,
5068862086,-18.69142698,
5069462046,-19.16697828,
5070062006,-19.40042343,
5070661966,-19.41843653,
5071261926,-19.15374861,
5071861886,-19.05012818,
5072461846,-18.81166679,
5073061806,-19.47864325,
5073661766,-19.04232316,
5074261726,-19.11894424,
5074861686,-19.41872699,
5075461646,-19.56407333,
5076061606,-19.69957866,
5076661566,-19.58089857,
5077261526,-19.83306363,
5077861485,-19.88271891,
5078461445,-19.92519379,
5079061405,-20.20995921,
5079661365,-19.57962694,
5080261325,-19.88021004,
5080861285,-20.12075543,
5081461245,-20.05135344,
5082061205,-20.09634972,
5082661165,-19.86741671,
5083261125,-20.03021062,
5083861085,-19.96039639,
5084461045,-20.00860511,
5085061005,-20.11937417,
5085660965,-19.94580978,
5086260925,-19.85390486,
5086860885,-20.43361354,
5087460845,-20.06252122,
5088060805,-20.33641479,
5088660765,-20.63241145,
5089260725,-20.0967716,
5089860685,-20.37089774,
5090460645,-20.32988826,
5091060605,-20.0592785,
5091660565,-20.34050345,
5092260525,-20.46139866,
5092860485,-19.99998506,
5093460445,-20.2604283,
5094060405,-20.43832447,
5094660365,-20.57100466,
5095260325,-20.69201116,
5095860285,-20.27737528,
5096460245,-20.76010641,
5097060205,-20.46766355,
5097660165,-21.41172548,
5098260125,-20.49120683,
5098860085,-20.44968286,
5099460045,-20.54282102,
5100060005,-21.00345882,
5100659965,-20.59755714,
5101259925,-20.78440003,
5101859885,-20.59032533,
5102459845,-20.58381087,
5103059805,-20.44265068,
5103659765,-20.86127115,
5104259725,-20.65215653,
5104859685,-20.77898856,
5105459645,-20.51277671,
5106059605,-20.98509454,
5106659565,-20.66295011,
5107259525,-20.71253587,
5107859485,-21.11196325,
5108459445,-20.92842046,
5109059405,-20.87309056,
5109659365,-21.04052489,
5110259325,-20.86534262,
5110859285,-20.79775512,
5111459245,-20.89183389,
5112059205,-20.99261394,
5112659165,-20.97660971,
5113259125,-20.86892608,
5113859085,-20.87425797,
5114459045,-21.07549629,
5115059005,-20.72370447,
5115658965,-20.93956577,
5116258925,-20.84050899,
5116858885,-20.97942905,
5117458845,-20.77041786,
5118058805,-21.25810371,
5118658765,-21.21962652,
5119258725,-21.25389225,
5119858685,-21.16941987,
5120458645,-21.20087104,
5121058605,-21.2466674,
5121658565,-21.25443445,
5122258525,-21.25167413,
5122858485,-21.08808304,
5123458445,-21.15702356,
5124058405,-21.31154062,
5124658365,-21.29670716,
5125258325,-21.63749737,
5125858285,-21.48364883,
5126458245,-21.33486304,
5127058205,-21.38994906,
5127658165,-21.21497703,
5128258125,-21.52840739,
5128858085,-21.46442836,
5129458045,-21.40748628,
5130058005,-21.46192116,
5130657965,-21.44301646,
5131257925,-21.57833253,
5131857885,-21.43281513,
5132457845,-21.77905266,
5133057805,-21.60097216,
5133657765,-21.69972787,
5134257725,-21.71303406,
5134857685,-21.64105953,
5135457645,-21.56611912,
5136057605,-21.4862911,
5136657565,-21.36657045,
5137257525,-21.61197389,
5137857485,-21.68715965,
5138457445,-21.67011585,
5139057405,-21.65669729,
5139657365,-21.80078522,
5140257325,-21.62378316,
5140857285,-21.79860247,
5141457245,-21.74605895,
5142057205,-21.82382836,
5142657165,-21.51748058,
5143257125,-21.66196037,
5143857085,-21.51858693,
5144457045,-22.01097893,
5145057005,-21.90340957,
5145656965,-21.49833608,
5146256925,-22.09114296,
5146856885,-21.99043281,
5147456845,-21.99372751,
5148056805,-21.87539547,
5148656765,-21.81975166,
5149256725,-22.02879633,
5149856685,-21.97471925,
5150456645,-21.97278786,
5151056605,-21.88103245,
5151656565,-21.91101794,
5152256525,-22.15019989,
5152856485,-21.93005157,
5153456445,-22.00777403,
5154056405,-21.96741195,
5154656365,-22.0888763,
5155256325,-21.91560297,
5155856285,-21.99157373,
5156456245,-22.02434706,
5157056205,-22.11186745,
5157656165,-21.99940189,
5158256125,-22.10600328,
5158856085,-21.89452037,
5159456045,-22.021889,
5160056005,-22.21817395,
5160655965,-22.02507063,
5161255925,-21.98518446,
5161855885,-22.07561016,
5162455845,-21.99206362,
5163055805,-21.70897165,
5163655765,-22.26775091,
5164255725,-21.73055247,
5164855685,-22.14362888,
5165455645,-22.18041275,
5166055605,-21.90342701,
5166655565,-22.18150485,
5167255525,-21.96882583,
5167855485,-22.07733048,
5168455445,-22.10637215,
5169055405,-21.87508936,
5169655365,-22.03548708,
5170255325,-22.14893232,
5170855285,-22.12711683,
5171455245,-22.00004774,
5172055205,-21.75203709,
5172655165,-22.27279287,
5173255125,-22.12591359,
5173855085,-21.83297281,
5174455045,-22.07622283,
5175055005,-21.93093614,
5175654965,-21.89652784,
5176254925,-21.97746266,
5176854885,-22.0821985,
5177454845,-21.84782804,
5178054805,-21.90664942,
5178654765,-22.09435689,
5179254725,-21.75187269,
5179854685,-21.94609496,
5180454645,-21.96626917,
5181054605,-22.05192118,
5181654565,-21.93741584,
5182254525,-21.99477371,
5182854485,-21.99424249,
5183454445,-21.92631432,
5184054405,-22.0022843,
5184654365,-21.88554305,
5185254325,-21.8847257,
5185854285,-21.61085439,
5186454245,-21.74088508,
5187054205,-21.72260014,
5187654165,-22.01858197,
5188254125,-21.87792517,
5188854085,-21.75089221,
5189454045,-21.92319055,
5190054005,-21.4511873,
5190653965,-22.06725137,
5191253925,-21.68985502,
5191853885,-21.78402173,
5192453845,-21.76000073,
5193053805,-21.63109633,
5193653765,-21.76618083,
5194253725,-21.63556491,
5194853685,-21.637186,
5195453645,-21.58071852,
5196053605,-21.84233054,
5196653565,-21.75042465,
5197253525,-21.87118946,
5197853485,-21.82912722,
5198453445,-21.7478364,
5199053405,-21.70303239,
5199653365,-21.55641872,
5200253325,-21.70354335,
5200853285,-21.72190381,
5201453245,-21.605028,
5202053205,-21.6093664,
5202653165,-21.60028931,
5203253125,-21.68920876,
5203853085,-21.60205441,
5204453045,-21.45343521,
5205053005,-21.57321987,
5205652965,-21.27092607,
5206252925,-21.40301372,
5206852885,-21.52909764,
5207452845,-21.276073,
5208052805,-21.50916975,
5208652765,-21.5429948,
5209252725,-21.22234666,
5209852685,-21.34567044,
5210452645,-21.27770568,
5211052605,-21.31440368,
5211652565,-21.30468158,
5212252525,-21.35138163,
5212852485,-21.34182754,
5213452445,-21.25519739,
5214052405,-21.27981404,
5214652365,-21.14996591,
5215252325,-21.1452289,
5215852285,-21.04378112,
5216452245,-21.12603477,
5217052205,-21.16209338,
5217652165,-21.20974533,
5218252125,-21.01356892,
5218852085,-20.94811443,
5219452045,-21.01499157,
5220052005,-20.91079772,
5220651965,-20.93394649,
5221251925,-20.90391196,
5221851885,-20.9654358,
5222451845,-20.83672845,
5223051805,-20.79457657,
5223651765,-20.74851413,
5224251725,-20.91064448,
5224851685,-20.92633871,
5225451645,-20.70640853,
5226051605,-20.77428519,
5226651565,-20.86651146,
5227251525,-20.59239586,
5227851485,-20.67918098,
5228451445,-20.76374407,
5229051405,-20.49127725,
5229651365,-20.58916302,
5230251325,-20.60186881,
5230851285,-20.60862586,
5231451244,-20.92203059,
5232051204,-20.51279551,
5232651164,-20.53862033,
5233251124,-20.55687042,
5233851084,-20.46975387,
5234451044,-20.76229241,
5235051004,-20.59395506,
5235650964,-20.45553615,
5236250924,-20.14370516,
5236850884,-20.71388486,
5237450844,-20.25861509,
5238050804,-20.38431017,
5238650764,-20.505208,
5239250724,-20.199837,
5239850684,-20.65038916,
5240450644,-20.27930547,
5241050604,-20.68729121,
5241650564,-20.40505891,
5242250524,-20.50813069,
5242850484,-20.43472254,
5243450444,-20.2339473,
5244050404,-20.17993033,
5244650364,-20.11771305,
5245250324,-19.8191288,
5245850284,-20.7864524,
5246450244,-20.19381539,
5247050204,-19.75802303,
5247650164,-20.27534125,
5248250124,-20.19333053,
5248850084,-20.16873942,
5249450044,-20.27663397,
5250050004,-20.1169789,
5250649964,-19.87116933,
5251249924,-19.78461546,
5251849884,-19.72181291,
5252449844,-20.21210894,
5253049804,-19.71517925,
5253649764,-19.84856191,
5254249724,-20.04508061,
5254849684,-20.15612152,
5255449644,-19.24540894,
5256049604,-19.79403244,
5256649564,-19.70172438,
5257249524,-19.69002359,
5257849484,-19.89090123,
5258449444,-19.51211086,
5259049404,-19.45185331,
5259649364,-19.80792751,
5260249324,-20.04634232,
5260849284,-19.61114922,
5261449244,-19.68023818,
5262049204,-19.89275507,
5262649164,-19.80161366,
5263249124,-19.40739617,
5263849084,-19.31193722,
5264449044,-19.404127,
5265049004,-19.79450023,
5265648964,-19.24065253,
5266248924,-19.59447912,
5266848884,-19.27549864,
5267448844,-19.47594806,
5268048804,-19.2131405,
5268648764,-19.4898055,
5269248724,-19.30193476,
5269848684,-19.84085207,
5270448644,-19.49385697,
5271048604,-19.52551577,
5271648564,-19.54766213,
5272248524,-19.13019101,
5272848484,-19.49700965,
5273448444,-19.68076887,
5274048404,-19.23458028,
5274648364,-19.18042322,
5275248324,-19.38692882,
5275848284,-19.32356418,
5276448244,-19.09507104,
5277048204,-19.0956942,
5277648164,-19.45045651,
5278248124,-19.41503401,
5278848084,-19.08665188,
5279448044,-19.19994823,
5280048004,-19.19417151,
5280647964,-19.25930568,
5281247924,-19.45663563,
5281847884,-19.24411703,
5282447844,-19.38366517,
5283047804,-19.07886716,
5283647764,-19.21324305,
5284247724,-19.33396241,
5284847684,-19.54433633,
5285447644,-19.69298117,
5286047604,-19.21569926,
5286647564,-19.22398938,
5287247524,-19.18349677,
5287847484,-19.0013518,
5288447444,-19.38159502,
5289047404,-19.10746285,
5289647364,-18.9969619,
5290247324,-18.98937918,
5290847284,-19.46456565,
5291447244,-18.90231569,
5292047204,-19.06327437,
5292647164,-19.39087522,
5293247124,-19.25052924,
5293847084,-19.46919692,
5294447044,-18.92117724,
5295047004,-19.27746364,
5295646964,-19.6069843,
5296246924,-19.27679012,
5296846884,-19.29456145,
5297446844,-19.66651818,
5298046804,-19.72309638,
5298646764,-19.49169275,
5299246724,-19.22884697,
5299846684,-19.25521139,
5300446644,-19.33764047,
5301046604,-19.19482895,
5301646564,-19.11980904,
5302246524,-19.56069366,
5302846484,-19.48424144,
5303446444,-19.77301514,
5304046404,-19.65214463,
5304646364,-19.21952983,
5305246324,-19.52401782,
5305846284,-19.83555521,
5306446244,-19.36275705,
5307046204,-19.44559256,
5307646164,-19.67090168,
5308246124,-20.32524461,
5308846084,-19.39389802,
5309446044,-19.90992954,
5310046004,-19.47225396,
5310645964,-19.74816718,
5311245924,-19.69304187,
5311845884,-19.52877004,
5312445844,-19.52112318,
5313045804,-19.5330491,
5313645764,-19.24704151,
5314245724,-19.86915595,
5314845684,-19.23837928,
5315445644,-19.51482482,
5316045604,-19.63171271,
5316645564,-19.88810909,
5317245524,-19.98466051,
5317845484,-20.0393211,
5318445444,-19.62560979,
5319045404,-19.58106829,
5319645364,-20.30122199,
5320245324,-20.12452508,
5320845284,-19.97809667,
5321445244,-19.66283726,
5322045204,-19.76557327,
5322645164,-19.69462656,
5323245124,-19.63728086,
5323845084,-20.15719132,
5324445044,-19.83160014,
5325045004,-19.68798841,
5325644964,-19.77466136,
5326244924,-20.25922559,
5326844884,-20.08242504,
5327444844,-20.45401439,
5328044804,-20.22259258,
5328644764,-19.69241042,
5329244724,-19.91793569,
5329844684,-20.199526,
5330444644,-19.5946248,
5331044604,-19.77174852,
5331644564,-20.27157122,
5332244524,-20.30400205,
5332844484,-20.1369875,
5333444444,-20.25431372,
5334044404,-20.15613816,
5334644364,-20.17724342,
5335244324,-20.34123022,
5335844284,-20.34638237,
5336444244,-20.17440677,
5337044204,-20.35131162,
5337644164,-20.39704023,
5338244124,-20.17388879,
5338844084,-20.54889274,
5339444044,-20.42350792,
5340044004,-20.42455948,
5340643964,-20.45026101,
5341243924,-20.45099294,
5341843884,-20.52217059,
5342443844,-20.60172485,
5343043804,-20.74338683,
5343643764,-20.73104043,
5344243724,-20.76407286,
5344843684,-20.61228057,
5345443644,-20.73862808,
5346043604,-20.91386747,
5346643564,-20.52282028,
5347243524,-20.85150318,
5347843484,-20.69420671,
5348443444,-20.75914104,
5349043404,-21.04316304,
5349643364,-20.82926744,
5350243324,-20.83766566,
5350843284,-21.05058777,
5351443244,-20.83321608,
5352043204,-21.12303562,
5352643164,-21.13695986,
5353243124,-20.92952918,
5353843084,-21.28703825,
5354443044,-21.13394301,
5355043004,-21.41311306,
5355642964,-20.92654638,
5356242924,-21.36862498,
5356842884,-21.30656898,
5357442844,-21.24022161,
5358042804,-21.3395782,
5358642764,-21.39242626,
5359242724,-21.43299119,
5359842684,-21.40348864,
5360442644,-21.36838615,
5361042604,-21.60518385,
5361642564,-21.686772,
5362242524,-21.19384634,
5362842484,-21.37539102,
5363442444,-21.42274587,
5364042404,-21.56086316,
5364642364,-21.37697812,
5365242324,-21.67374128,
5365842284,-21.84686217,
5366442244,-21.8273525,
5367042204,-21.8406456,
5367642164,-21.67556692,
5368242124,-21.7711547,
5368842084,-21.88529003,
5369442044,-21.73057509,
5370042004,-21.92605417,
5370641964,-21.89172011,
5371241924,-21.9268884,
5371841884,-21.98824033,
5372441844,-22.05007559,
5373041804,-22.33710104,
5373641764,-22.07696256,
5374241724,-22.04687874,
5374841684,-21.90989713,
5375441644,-22.25356878,
5376041604,-22.1402458,
5376641564,-21.97778155,
5377241524,-22.31956073,
5377841484,-22.17701648,
5378441444,-22.23866149,
5379041404,-22.62253335,
5379641364,-22.11702149,
5380241324,-22.2628122,
5380841284,-22.74224047,
5381441244,-22.50524393,
5382041204,-22.32828506,
5382641164,-22.64808112,
5383241124,-22.28587424,
5383841084,-22.55043033,
5384441044,-22.43392959,
5385041004,-22.24081966,
5385640963,-22.42577575,
5386240923,-22.50744335,
5386840883,-22.13744904,
5387440843,-22.23351407,
5388040803,-22.75064137,
5388640763,-22.75673364,
5389240723,-22.54286024,
5389840683,-22.84704446,
5390440643,-22.43996625,
5391040603,-23.0521298,
5391640563,-23.30290857,
5392240523,-23.3564174,
5392840483,-22.59556739,
5393440443,-22.54022958,
5394040403,-22.87387147,
5394640363,-22.9014125,
5395240323,-22.86176848,
5395840283,-22.84637912,
5396440243,-22.98426908,
5397040203,-23.30931326,
5397640163,-23.31114383,
5398240123,-23.24973354,
5398840083,-23.26204987,
5399440043,-22.94579324,
5400040003,-22.77796612,
5400639963,-23.12019035,
5401239923,-23.03696468,
5401839883,-22.84533237,
5402439843,-23.50862739,
5403039803,-22.88042556,
5403639763,-22.85531467,
5404239723,-23.10872699,
5404839683,-22.73182106,
5405439643,-23.16129603,
5406039603,-22.95642916,
5406639563,-23.25046071,
5407239523,-23.77822149,
5407839483,-23.196863,
5408439443,-23.43474145,
5409039403,-23.4254982,
5409639363,-23.7274233,
5410239323,-23.05111261,
5410839283,-23.29847196,
5411439243,-23.23828548,
5412039203,-23.63573221,
5412639163,-23.50241603,
5413239123,-23.40010463,
5413839083,-23.51501343,
5414439043,-23.91463601,
5415039003,-23.62404258,
5415638963,-23.71372879,
5416238923,-23.45241732,
5416838883,-23.35825936,
5417438843,-23.64465544,
5418038803,-23.74287298,
5418638763,-23.70974806,
5419238723,-23.38645986,
5419838683,-22.61145987,
5420438643,-22.91102397,
5421038603,-23.465902,
5421638563,-23.55461796,
5422238523,-23.2824441,
5422838483,-23.02409209,
5423438443,-22.70509379,
5424038403,-23.67108393,
5424638363,-23.58856318,
5425238323,-23.01925888,
5425838283,-23.53901595,
5426438243,-23.88740045,
5427038203,-23.25720616,
5427638163,-23.83887092,
5428238123,-23.80564987,
5428838083,-24.15439922,
5429438043,-23.43452176,
5430038003,-23.68676102,
5430637963,-23.76078837,
5431237923,-23.33023012,
5431837883,-23.8848294,
5432437843,-24.33833373,
5433037803,-22.79697294,
5433637763,-24.19297164,
5434237723,-23.35505518,
5434837683,-23.32266435,
5435437643,-23.53062355,
5436037603,-23.70090833,
5436637563,-23.66654989,
5437237523,-23.43070343,
5437837483,-23.54215972,
5438437443,-23.11314511,
5439037403,-23.42843784,
5439637363,-23.13505178,
5440237323,-22.82264788,
5440837283,-23.64812201,
5441437243,-24.35521968,
5442037203,-23.71064822,
5442637163,-23.33664412,
5443237123,-23.93121461,
5443837083,-23.88109501,
5444437043,-23.59042801,
5445037003,-23.39290683,
5445636963,-23.65242923,
5446236923,-24.33327411,
5446836883,-23.45474775,
5447436843,-23.27528095,
5448036803,-23.58072984,
5448636763,-23.74898932,
5449236723,-23.52477465,
5449836683,-22.72162872,
5450436643,-23.45057481,
5451036603,-23.48159586,
5451636563,-23.58156006,
5452236523,-22.38218014,
5452836483,-23.79543278,
5453436443,-23.1545406,
5454036403,-23.48943924,
5454636363,-23.3538845,
5455236323,-23.21516799,
5455836283,-23.6980722,
5456436243,-23.36712972,
5457036203,-24.14929058,
5457636163,-24.22601593,
5458236123,-23.50321155,
5458836083,-23.84728664,
5459436043,-23.54071868,
5460036003,-22.89570709,
5460635963,-23.65155787,
5461235923,-23.67875584,
5461835883,-23.29793169,
5462435843,-23.38304551,
5463035803,-23.44876426,
5463635763,-22.90485177,
5464235723,-23.71680211,
5464835683,-23.77733301,
5465435643,-22.88716999,
5466035603,-23.33139977,
5466635563,-23.22525326,
5467235523,-23.78065521,
5467835483,-23.22453466,
5468435443,-23.14055621,
5469035403,-23.51953021,
5469635363,-23.18444314,
5470235323,-22.98902441,
5470835283,-23.82568517,
5471435243,-23.57125979,
5472035203,-23.24124348,
5472635163,-22.58687387,
5473235123,-23.43422631,
5473835083,-22.76176462,
5474435043,-23.56373274,
5475035003,-23.70345205,
5475634963,-22.67999913,
5476234923,-23.31810222,
5476834883,-22.78978622,
5477434843,-23.17347155,
5478034803,-22.84874004,
5478634763,-22.55320391,
5479234723,-23.05797762,
5479834683,-23.37792332,
5480434643,-22.6852273,
5481034603,-22.68625344,
5481634563,-22.48417862,
5482234523,-23.34590874,
5482834483,-23.61350866,
5483434443,-22.92687741,
5484034403,-23.24008154,
5484634363,-22.43452085,
5485234323,-22.74664127,
5485834283,-23.28625764,
5486434243,-22.8368131,
5487034203,-23.72834071,
5487634163,-22.86703153,
5488234123,-23.22501585,
5488834083,-22.86574304,
5489434043,-23.4549838,
5490034003,-22.89908637,
5490633963,-22.29306211,
5491233923,-22.78091584,
5491833883,-23.01922372,
5492433843,-22.32494034,
5493033803,-22.61668091,
5493633763,-23.57773684,
5494233723,-22.59749034,
5494833683,-22.88503084,
5495433643,-23.02779611,
5496033603,-22.62692397,
5496633563,-23.57864543,
5497233523,-22.72480041,
5497833483,-22.9360057,
5498433443,-23.11126647,
5499033403,-22.98367441,
5499633363,-22.22418418,
5500233323,-22.56525274,
5500833283,-22.97725863,
5501433243,-22.98186447,
5502033203,-23.30489656,
5502633163,-22.46902718,
5503233123,-22.89002468,
5503833083,-22.64344223,
5504433043,-22.84967554,
5505033003,-22.5955594,
5505632963,-22.64591028,
5506232923,-22.8237828,
5506832883,-22.24255544,
5507432843,-22.84094708,
5508032803,-22.50285374,
5508632763,-22.4888839,
5509232723,-22.44698765,
5509832683,-22.1574272,
5510432643,-22.68997903,
5511032603,-22.24506458,
5511632563,-22.62737798,
5512232523,-22.38075616,
5512832483,-21.96545688,
5513432443,-22.1194292,
5514032403,-22.5206551,
5514632363,-22.34548523,
5515232323,-22.30593617,
5515832283,-22.07874123,
5516432243,-22.74714653,
5517032203,-22.18204067,
5517632163,-22.52501933,
5518232123,-22.28793739,
5518832083,-21.80415539,
5519432043,-22.43101926,
5520032003,-21.62254986,
5520631963,-22.37758951,
5521231923,-22.15930907,
5521831883,-21.93552003,
5522431843,-22.30086179,
5523031803,-22.06614362,
5523631763,-21.91752022,
5524231723,-21.57273946,
5524831683,-22.17472903,
5525431643,-21.93879565,
5526031603,-21.2257091,
5526631563,-21.91586939,
5527231523,-22.22826087,
5527831483,-21.64390459,
5528431443,-21.49860721,
5529031403,-21.52879277,
5529631363,-20.9512122,
5530231323,-21.77979324,
5530831283,-21.43220672,
5531431243,-21.29965605,
5532031203,-21.78507406,
5532631163,-21.5890166,
5533231123,-21.51886844,
5533831083,-21.571622,
5534431043,-21.52786635,
5535031003,-21.5352014,
5535630963,-20.96770015,
5536230923,-21.41424061,
5536830883,-21.35147939,
5537430843,-21.05334597,
5538030803,-21.27311852,
5538630763,-21.0060882,
5539230722,-21.16795467,
5539830682,-20.86917665,
5540430642,-20.97060645,
5541030602,-21.47861233,
5541630562,-21.01438567,
5542230522,-21.34272791,
5542830482,-21.14442119,
5543430442,-21.00407453,
5544030402,-21.08740278,
5544630362,-20.92374292,
5545230322,-21.14982728,
5545830282,-21.01915615,
5546430242,-20.89517376,
5547030202,-20.72777869,
5547630162,-21.10504371,
5548230122,-20.66826542,
5548830082,-20.5834073,
5549430042,-20.8327257,
5550030002,-20.88031992,
5550629962,-20.57051721,
5551229922,-20.40687509,
5551829882,-20.71062712,
5552429842,-20.47951999,
5553029802,-20.65835687,
5553629762,-20.61253498,
5554229722,-20.12925367,
5554829682,-20.68770675,
5555429642,-20.65819697,
5556029602,-20.12861038,
5556629562,-20.69253454,
5557229522,-20.56148692,
5557829482,-20.4117761,
5558429442,-20.53536494,
5559029402,-20.39907953,
5559629362,-20.50863316,
5560229322,-20.39406725,
5560829282,-20.43303098,
5561429242,-20.46990687,
5562029202,-20.39946492,
5562629162,-20.26590421,
5563229122,-20.35389358,
5563829082,-20.41867808,
5564429042,-20.38233565,
5565029002,-20.51297522,
5565628962,-20.37580506,
5566228922,-20.23329553,
5566828882,-19.99506136,
5567428842,-20.49332851,
5568028802,-20.28611619,
5568628762,-20.33762603,
5569228722,-20.12666377,
5569828682,-20.32557447,
5570428642,-20.16196827,
5571028602,-20.1199139,
5571628562,-20.28106503,
5572228522,-20.16786173,
5572828482,-20.27661593,
5573428442,-19.99468067,
5574028402,-20.19905593,
5574628362,-20.17747586,
5575228322,-20.0713405,
5575828282,-20.35634865,
5576428242,-20.11494103,
5577028202,-19.89052741,
5577628162,-20.03373844,
5578228122,-19.71485537,
5578828082,-19.99791127,
5579428042,-19.98541289,
5580028002,-19.7598945,
5580627962,-19.93331601,
5581227922,-20.11028331,
5581827882,-20.06959622,
5582427842,-20.17977786,
5583027802,-19.74135367,
5583627762,-20.20329974,
5584227722,-20.03345763,
5584827682,-20.08343434,
5585427642,-20.07597133,
5586027602,-20.08210566,
5586627562,-19.88347292,
5587227522,-20.13446265,
5587827482,-19.97225616,
5588427442,-20.0939234,
5589027402,-20.17817642,
5589627362,-19.98298684,
5590227322,-20.01883433,
5590827282,-20.12330004,
5591427242,-20.13347404,
5592027202,-19.99403141,
5592627162,-20.14296046,
5593227122,-20.06851818,
5593827082,-20.21169669,
5594427042,-19.84376534,
5595027002,-20.3138474,
5595626962,-20.10556807,
5596226922,-19.9630779,
5596826882,-20.12968746,
5597426842,-20.01249432,
5598026802,-20.17063052,
5598626762,-20.05247866,
5599226722,-20.31493497,
5599826682,-20.02296861,
5600426642,-20.19744782,
5601026602,-20.27457206,
5601626562,-20.27224451,
5602226522,-20.28840815,
5602826482,-20.17217,
5603426442,-20.06895496,
5604026402,-20.20056866,
5604626362,-20.14716188,
5605226322,-20.54206171,
5605826282,-20.49520032,
5606426242,-20.32581557,
5607026202,-20.1341016,
5607626162,-20.37218407,
5608226122,-20.52653131,
5608826082,-20.39991572,
5609426042,-20.45675261,
5610026002,-20.46611963,
5610625962,-20.51740162,
5611225922,-20.43634471,
5611825882,-20.51773674,
5612425842,-20.52460892,
5613025802,-20.28138306,
5613625762,-20.57110697,
5614225722,-20.75841274,
5614825682,-20.44721821,
5615425642,-20.78222953,
5616025602,-20.12836905,
5616625562,-20.35755977,
5617225522,-20.68433559,
5617825482,-20.60265073,
5618425442,-20.72952244,
5619025402,-20.74719236,
5619625362,-20.73886555,
5620225322,-20.91599502,
5620825282,-21.16071115,
5621425242,-20.99375399,
5622025202,-20.89502375,
5622625162,-20.81227248,
5623225122,-21.26894555,
5623825082,-21.20619269,
5624425042,-20.4815682,
5625025002,-20.75394116,
5625624962,-21.15386209,
5626224922,-21.20837523,
5626824882,-20.80603991,
5627424842,-21.05038623,
5628024802,-21.2196418,
5628624762,-20.9490941,
5629224722,-20.92363134,
5629824682,-21.38267885,
5630424642,-20.63542329,
5631024602,-21.54897479,
5631624562,-20.99657568,
5632224522,-21.31031733,
5632824482,-21.5269737,
5633424442,-21.11747168,
5634024402,-21.10856704,
5634624362,-21.67378109,
5635224322,-21.66518167,
5635824282,-21.15752954,
5636424242,-21.39884767,
5637024202,-21.88400805,
5637624162,-21.16262183,
5638224122,-21.17606489,
5638824082,-21.37275212,
5639424042,-21.41281293,
5640024002,-21.19574214,
5640623962,-21.96415216,
5641223922,-21.8385573,
5641823882,-22.00165364,
5642423842,-22.02917457,
5643023802,-21.58383112,
5643623762,-22.14029214,
5644223722,-22.1440069,
5644823682,-20.54502293,
5645423642,-21.87130923,
5646023602,-22.09962559,
5646623562,-22.05604874,
5647223522,-22.21544706,
5647823482,-22.02016527,
5648423442,-22.1116841,
5649023402,-21.83761909,
5649623362,-21.89279211,
5650223322,-21.5214954,
5650823282,-22.25610765,
5651423242,-22.04285173,
5652023202,-22.2265395,
5652623162,-22.15341406,
5653223122,-22.45706984,
5653823082,-22.16017102,
5654423042,-22.47633971,
5655023002,-22.61537497,
5655622962,-22.52587442,
5656222922,-22.04641257,
5656822882,-22.16098385,
5657422842,-22.48379397,
5658022802,-22.85899516,
5658622762,-22.48972144,
5659222722,-22.70677144,
5659822682,-22.76628197,
5660422642,-21.90848325,
5661022602,-22.32583394,
5661622562,-22.57978116,
5662222522,-22.32189438,
5662822482,-22.65998393,
5663422442,-22.61584626,
5664022402,-21.71791118,
5664622362,-22.80591975,
5665222322,-22.93496214,
5665822282,-21.98513203,
5666422242,-22.22561012,
5667022202,-22.66711559,
5667622162,-23.46325881,
5668222122,-21.68567756,
5668822082,-21.99850826,
5669422042,-22.36364988,
5670022002,-22.87883618,
5670621962,-22.58455195,
5671221922,-22.61954846,
5671821882,-22.5845637,
5672421842,-22.94290275,
5673021802,-23.3917199,
5673621762,-22.79354453,
5674221722,-23.49010303,
5674821682,-22.74851478,
5675421642,-22.62024656,
5676021602,-22.21710023,
5676621562,-22.91545626,
5677221522,-22.37631501,
5677821482,-23.3671727,
5678421442,-22.74865354,
5679021402,-22.51890989,
5679621362,-23.84944338,
5680221322,-23.40652892,
5680821282,-23.14894263,
5681421242,-23.21963218,
5682021202,-22.31473356,
5682621162,-23.48287313,
5683221122,-22.95904239,
5683821082,-22.86752076,
5684421042,-23.53378377,
5685021002,-23.01642104,
5685620962,-23.28810383,
5686220922,-23.01909831,
5686820882,-24.0383572,
5687420842,-23.59173666,
5688020802,-23.25783407,
5688620762,-23.54176717,
5689220722,-23.52911128,
5689820682,-23.68460197,
5690420642,-23.80504786,
5691020602,-22.77069839,
5691620562,-24.01185132,
5692220522,-24.04121206,
5692820481,-23.99206274,
5693420441,-23.26504551,
5694020401,-23.00004626,
5694620361,-24.60450402,
5695220321,-25.50250165,
5695820281,-24.63877434,
5696420241,-23.92095231,
5697020201,-23.88740743,
5697620161,-23.82783433,
5698220121,-24.45917819,
5698820081,-24.46044387,
5699420041,-24.59754161,
5700020001,-23.99671915,
5700619961,-24.66052018,
5701219921,-23.66135647,
5701819881,-24.39893745,
5702419841,-24.06655078,
5703019801,-24.48294054,
5703619761,-23.93731578,
5704219721,-25.05292369,
5704819681,-23.89679883,
5705419641,-24.67314012,
5706019601,-24.53815793,
5706619561,-23.9447833,
5707219521,-24.82411941,
5707819481,-25.49162946,
5708419441,-24.63637483,
5709019401,-25.4917156,
5709619361,-24.49726237,
5710219321,-24.2707719,
5710819281,-24.4222353,
5711419241,-24.84705207,
5712019201,-24.87079983,
5712619161,-24.44001233,
5713219121,-24.56713228,
5713819081,-24.48905791,
5714419041,-23.51339322,
5715019001,-24.48793238,
5715618961,-23.64673939,
5716218921,-26.26822388,
5716818881,-24.67084897,
5717418841,-24.42338364,
5718018801,-24.56826087,
5718618761,-24.33065579,
5719218721,-25.24770484,
5719818681,-25.04722193,
5720418641,-24.94447989,
5721018601,-25.06624174,
5721618561,-25.16398866,
5722218521,-26.69214687,
5722818481,-25.35746846,
5723418441,-26.14462879,
5724018401,-25.26368982,
5724618361,-24.96984943,
5725218321,-26.59248582,
5725818281,-24.69836889,
5726418241,-23.87747988,
5727018201,-24.76539001,
5727618161,-23.68070331,
5728218121,-25.92017775,
5728818081,-25.41923988,
5729418041,-25.14691613,
5730018001,-26.67511223,
5730617961,-26.37033374,
5731217921,-24.08071354,
5731817881,-27.12802962,
5732417841,-26.36082339,
5733017801,-26.55425788,
5733617761,-25.65732702,
5734217721,-25.69929654,
5734817681,-24.4192635,
5735417641,-29.30542691,
5736017601,-24.76397102,
5736617561,-24.92902248,
5737217521,-25.13758819,
5737817481,-26.37326794,
5738417441,-24.43767001,
5739017401,-24.71610804,
5739617361,-24.41633595,
5740217321,-25.42751628,
5740817281,-26.18340568,
5741417241,-25.49790098,
5742017201,-25.5508592,
5742617161,-24.97675059,
5743217121,-24.82172676,
5743817081,-24.08251754,
5744417041,-26.14400556,
5745017001,-24.76419706,
5745616961,-25.14683312,
5746216921,-25.74678946,
5746816881,-26.3828628,
5747416841,-25.40393211,
5748016801,-24.53561638,
5748616761,-25.50855552,
5749216721,-26.71680971,
5749816681,-24.27105715,
5750416641,-26.40427351,
5751016601,-25.2331187,
5751616561,-25.58780929,
5752216521,-24.40136689,
5752816481,-25.5241969,
5753416441,-26.51401881,
5754016401,-24.23718394,
5754616361,-24.61488847,
5755216321,-24.80117213,
5755816281,-25.28592372,
5756416241,-23.88237765,
5757016201,-25.53253282,
5757616161,-26.27332641,
5758216121,-24.7278128,
5758816081,-26.55958503,
5759416041,-26.26334783,
5760016001,-26.50119688,
5760615961,-25.72763246,
5761215921,-25.34691978,
5761815881,-24.65235316,
5762415841,-25.10138226,
5763015801,-25.65129081,
5763615761,-24.61475503,
5764215721,-25.6392134,
5764815681,-25.98715722,
5765415641,-25.07269478,
5766015601,-25.16633051,
5766615561,-25.19968109,
5767215521,-25.86597678,
5767815481,-25.42592671,
5768415441,-24.93010365,
5769015401,-25.10754022,
5769615361,-24.41188014,
5770215321,-24.80851865,
5770815281,-25.15122423,
5771415241,-24.52875629,
5772015201,-25.8453332,
5772615161,-24.89981906,
5773215121,-24.84512617,
5773815081,-27.43397763,
5774415041,-23.91962385,
5775015001,-24.11412661,
5775614961,-24.11352527,
5776214921,-24.85174659,
5776814881,-26.25810168,
5777414841,-25.37962037,
5778014801,-26.17015757,
5778614761,-23.45970022,
5779214721,-25.64176006,
5779814681,-25.58349464,
5780414641,-24.71033205,
5781014601,-25.08333583,
5781614561,-24.24701542,
5782214521,-24.52260506,
5782814481,-24.80590148,
5783414441,-24.10734404,
5784014401,-24.9945037,
5784614361,-25.02380879,
5785214321,-24.38633656,
5785814281,-25.15577369,
5786414241,-23.1810854,
5787014201,-23.7581652,
5787614161,-25.91007494,
5788214121,-24.23043936,
5788814081,-23.24157114,
5789414041,-22.9315284,
5790014001,-23.89656663,
5790613961,-23.93958111,
5791213921,-23.87263134,
5791813881,-24.00894289,
5792413841,-24.9011136,
5793013801,-23.3869104,
5793613761,-24.98118837,
5794213721,-24.02233518,
5794813681,-24.46965624,
5795413641,-23.49269352,
5796013601,-23.66699464,
5796613561,-23.87237598,
5797213521,-24.88102122,
5797813481,-24.62203693,
5798413441,-23.36043649,
5799013401,-23.89539548,
5799613361,-23.18600482,
5800213321,-24.10766181,
5800813281,-23.33540804,
5801413241,-23.18905884,
5802013201,-23.4921103,
5802613161,-23.31368415,
5803213121,-23.4306377,
5803813081,-22.51345661,
5804413041,-23.3710823,
5805013001,-24.26722747,
5805612961,-22.68682561,
5806212921,-22.65609581,
5806812881,-22.82275818,
5807412841,-23.32604673,
5808012801,-22.34998355,
5808612761,-23.30597683,
5809212721,-22.83856506,
5809812681,-23.09650507,
5810412641,-23.89327609,
5811012601,-22.78067886,
5811612561,-23.47517393,
5812212521,-22.69874833,
5812812481,-23.08885744,
5813412441,-23.43538755,
5814012401,-22.44157886,
5814612361,-23.88100736,
5815212321,-22.87377255,
5815812281,-23.08560493,
5816412241,-21.53739474,
5817012201,-22.30293369,
5817612161,-22.34518834,
5818212121,-22.02579031,
5818812081,-22.38553281,
5819412041,-20.88092981,
5820012001,-22.10168593,
5820611961,-22.53959439,
5821211921,-21.46383167,
5821811881,-21.94216274,
5822411841,-22.53575344,
5823011801,-22.39520451,
5823611761,-21.91822949,
5824211721,-22.19633057,
5824811681,-22.34286093,
5825411641,-22.01821213,
5826011601,-22.35343379,
5826611561,-22.20746901,
5827211521,-22.36632069,
5827811481,-22.07465804,
5828411441,-21.621924,
5829011401,-22.16825509,
5829611361,-22.4109646,
5830211321,-22.33087792,
5830811281,-22.06277014,
5831411241,-22.2280177,
5832011201,-22.37122561,
5832611161,-22.58022942,
5833211121,-22.13465736,
5833811081,-22.25138073,
5834411041,-22.2796074,
5835011001,-21.82666073,
5835610961,-21.56609801,
5836210921,-21.60894849,
5836810881,-22.2495564,
5837410841,-21.76507596,
5838010801,-21.67028698,
5838610761,-21.81359319,
5839210721,-21.85019034,
5839810681,-21.49616214,
5840410641,-21.52653797,
5841010601,-21.1527142,
5841610561,-21.63401133,
5842210521,-22.04052655,
5842810481,-22.07642769,
5843410441,-21.31383287,
5844010401,-21.93557743,
5844610361,-21.14591112,
5845210321,-21.47893066,
5845810281,-21.98002293,
5846410240,-21.71419155,
5847010200,-21.66199202,
5847610160,-21.43773917,
5848210120,-21.55427469,
5848810080,-21.9564375,
5849410040,-21.77652264,
5850010000,-20.69174153,
5850609960,-20.94380855,
5851209920,-21.36728911,
5851809880,-21.11543434,
5852409840,-21.38270113,
5853009800,-20.77770974,
5853609760,-21.48589459,
5854209720,-21.08937798,
5854809680,-21.45134566,
5855409640,-21.56192986,
5856009600,-21.34041198,
5856609560,-20.8778568,
5857209520,-20.95585487,
5857809480,-21.38223779,
5858409440,-21.05932689,
5859009400,-21.27018842,
5859609360,-21.1317627,
5860209320,-20.75204518,
5860809280,-20.61080934,
5861409240,-20.76196515,
5862009200,-20.85905816,
5862609160,-20.82460281,
5863209120,-21.10512634,
5863809080,-21.07927254,
5864409040,-20.71308855,
5865009000,-21.1087013,
5865608960,-20.91877543,
5866208920,-20.66335971,
5866808880,-20.95527182,
5867408840,-20.84518311,
5868008800,-20.75779295,
5868608760,-20.65072262,
5869208720,-20.81460726,
5869808680,-20.07972667,
5870408640,-20.95919135,
5871008600,-20.97715253,
5871608560,-20.57967953,
5872208520,-20.24411349,
5872808480,-20.47327998,
5873408440,-20.80482465,
5874008400,-20.09689351,
5874608360,-20.43350027,
5875208320,-20.11634216,
5875808280,-20.76113635,
5876408240,-20.78981642,
5877008200,-20.54173303,
5877608160,-20.9506902,
5878208120,-20.54205211,
5878808080,-20.60188236,
5879408040,-20.50585349,
5880008000,-20.89890375,
5880607960,-20.82085012,
5881207920,-20.70287854,
5881807880,-20.67104025,
5882407840,-20.54244881,
5883007800,-20.47118743,
5883607760,-20.74099164,
5884207720,-20.890402,
5884807680,-19.99720623,
5885407640,-20.40426346,
5886007600,-20.92132673,
5886607560,-20.72305404,
5887207520,-20.3528831,
5887807480,-20.64977906,
5888407440,-20.5971193,
5889007400,-20.51679132,
5889607360,-20.23462134,
5890207320,-20.79528102,
5890807280,-20.64309169,
5891407240,-20.73921533,
5892007200,-20.71474205,
5892607160,-20.7485739,
5893207120,-20.59701131,
5893807080,-20.74084534,
5894407040,-20.74477012,
5895007000,-21.06241112,
5895606960,-20.77367909,
5896206920,-20.61192367,
5896806880,-20.88521576,
5897406840,-20.89147689,
5898006800,-20.68311606,
5898606760,-21.20872234,
5899206720,-20.7213703,
5899806680,-20.93549142,
5900406640,-20.83657022,
5901006600,-20.84968287,
5901606560,-20.9357953,
5902206520,-20.43381003,
5902806480,-20.444899,
5903406440,-21.02952823,
5904006400,-20.6274418,
5904606360,-21.31829866,
5905206320,-20.78821287,
5905806280,-20.54294845,
5906406240,-20.91411299,
5907006200,-20.2052463,
5907606160,-20.92779189,
5908206120,-21.23934847,
5908806080,-20.81162767,
5909406040,-21.05952145,
5910006000,-21.17701037,
5910605960,-21.00163115,
5911205920,-20.77923657,
5911805880,-21.06063233,
5912405840,-20.98746965,
5913005800,-20.76102019,
5913605760,-21.07599693,
5914205720,-20.8255154,
5914805680,-20.83753248,
5915405640,-20.39058453,
5916005600,-20.91915502,
5916605560,-21.48214475,
5917205520,-21.44778264,
5917805480,-21.38477093,
5918405440,-21.57018094,
5919005400,-21.0250151,
5919605360,-21.81342948,
5920205320,-21.10748022,
5920805280,-21.25228706,
5921405240,-21.47591064,
5922005200,-21.37828069,
5922605160,-21.76706973,
5923205120,-21.04612683,
5923805080,-21.51825132,
5924405040,-21.11276795,
5925005000,-20.86910998,
5925604960,-21.67805278,
5926204920,-21.82943013,
5926804880,-21.92073208,
5927404840,-21.54505546,
5928004800,-21.50484752,
5928604760,-21.55014405,
5929204720,-21.52149101,
5929804680,-21.30235618,
5930404640,-21.69926603,
5931004600,-21.8071959,
5931604560,-21.24062815,
5932204520,-21.80532208,
5932804480,-21.71236098,
5933404440,-21.91171025,
5934004400,-21.51872216,
5934604360,-21.78220412,
5935204320,-21.55943985,
5935804280,-21.91904419,
5936404240,-21.24678059,
5937004200,-21.66370013,
5937604160,-22.24518353,
5938204120,-22.29916114,
5938804080,-21.68875961,
5939404040,-21.70525572,
5940004000,-21.29174178,
5940603960,-22.82031882,
5941203920,-21.93902905,
5941803880,-22.58081745,
5942403840,-21.5348744,
5943003800,-22.5326384,
5943603760,-22.21250449,
5944203720,-22.59605707,
5944803680,-22.29721382,
5945403640,-22.49449185,
5946003600,-22.52189789,
5946603560,-23.12677643,
5947203520,-22.19908988,
5947803480,-22.94765434,
5948403440,-22.94256951,
5949003400,-22.70566954,
5949603360,-22.38566565,
5950203320,-22.57613182,
5950803280,-22.64124073,
5951403240,-22.5280606,
5952003200,-22.21193815,
5952603160,-23.88618879,
5953203120,-23.12667172,
5953803080,-23.23233105,
5954403040,-22.59380564,
5955003000,-23.97700828,
5955602960,-22.71198068,
5956202920,-23.17715711,
5956802880,-23.39930438,
5957402840,-23.59945084,
5958002800,-24.40597167,
5958602760,-23.94069198,
5959202720,-22.94309655,
5959802680,-23.96624284,
5960402640,-23.39986414,
5961002600,-23.78604666,
5961602560,-23.11289135,
5962202520,-23.1097504,
5962802480,-23.71408336,
5963402440,-23.49895107,
5964002400,-22.6401748,
5964602360,-23.28237629,
5965202320,-23.55668233,
5965802280,-24.0285662,
5966402240,-23.83989352,
5967002200,-24.04712767,
5967602160,-24.93926424,
5968202120,-23.59451355,
5968802080,-24.79428435,
5969402040,-24.60772692,
5970002000,-23.85063704,
5970601960,-24.3909751,
5971201920,-24.43357666,
5971801880,-24.64631918,
5972401840,-23.49125188,
5973001800,-25.20713423,
5973601760,-24.33304155,
5974201720,-23.55923449,
5974801680,-23.43530719,
5975401640,-25.30701565,
5976001600,-23.91396478,
5976601560,-24.12024527,
5977201520,-25.79749978,
5977801480,-25.07688707,
5978401440,-24.05773031,
5979001400,-24.69664827,
5979601360,-24.6364984,
5980201320,-24.2987807,
5980801280,-24.72592911,
5981401240,-23.51087459,
5982001200,-25.02035637,
5982601160,-25.32817593,
5983201120,-24.5254815,
5983801080,-25.14707495,
5984401040,-25.60609658,
5985001000,-27.02559865,
5985600960,-26.86339109,
5986200920,-26.00099558,
5986800880,-25.02260538,
5987400840,-26.10035163,
5988000800,-25.21187412,
5988600760,-24.90167386,
5989200720,-26.10877049,
5989800680,-24.67878327,
5990400640,-25.88118894,
5991000600,-25.7109349,
5991600560,-26.71256845,
5992200520,-25.53170785,
5992800480,-26.3413382,
5993400440,-26.43540745,
5994000400,-26.04079182,
5994600360,-26.28343964,
5995200320,-25.81905515,
5995800280,-29.2496092,
5996400240,-26.08060238,
5997000200,-28.71012874,
5997600160,-26.34370146,
5998200120,-26.61379011,
5998800080,-28.55004871,
5999400040,-26.75607639,
6000000000,-26.42051092,
