Frequency,S12_Magnitude,
1000000,-3.433275095,
1599959,-3.195752374,
2199919,-3.285220811,
2799879,-3.03988928,
3399839,-2.953353051,
3999799,-2.936790687,
4599759,-2.902396402,
5199719,-2.9129335,
5799679,-2.958491014,
6399639,-3.085287452,
6999599,-3.212654475,
7599559,-3.319853546,
8199519,-3.384668327,
8799479,-3.582694333,
9399439,-3.68572696,
9999399,-3.875590592,
10599359,-4.046099619,
11199319,-4.183693181,
11799279,-4.352804913,
12399239,-4.524160496,
12999199,-4.646948578,
13599159,-4.879850323,
14199119,-5.078598245,
14799079,-5.228572914,
15399039,-5.479787492,
15998999,-5.673490094,
16598959,-5.849384448,
17198919,-6.067079238,
17798879,-6.263260891,
18398839,-6.463885851,
18998799,-6.682024663,
19598759,-6.912127147,
20198719,-7.116228009,
20798679,-7.139537252,
21398639,-7.556644377,
21998599,-7.776032522,
22598559,-8.053905841,
23198519,-8.180245808,
23798479,-8.484465067,
24398439,-8.591908845,
24998399,-8.978156033,
25598359,-9.181411212,
26198319,-9.432308966,
26798279,-9.763972327,
27398239,-10.04105474,
27998199,-10.16814511,
28598159,-10.50647044,
29198119,-10.67788723,
29798079,-10.97664574,
30398039,-11.28694674,
30997999,-11.70304494,
31597959,-12.02170672,
32197919,-12.16264325,
32797879,-12.39947922,
33397839,-12.84869722,
33997799,-13.1526223,
34597759,-13.37495323,
35197719,-13.85847972,
35797679,-14.29706951,
36397639,-14.56109711,
36997599,-14.93327304,
37597559,-15.35860803,
38197519,-15.78403513,
38797479,-16.33514665,
39397439,-16.76291806,
39997399,-17.11617858,
40597359,-17.73827904,
41197319,-18.01623367,
41797279,-18.58437159,
42397239,-18.90958823,
42997199,-19.29762285,
43597159,-20.24085393,
44197119,-21.23639786,
44797079,-22.26616573,
45397039,-22.31249415,
45996999,-23.11701966,
46596959,-23.83811689,
47196919,-24.04281433,
47796879,-25.37442835,
48396839,-26.17510313,
48996799,-26.58434446,
49596759,-26.24306907,
50196719,-27.05065166,
50796679,-26.48837301,
51396639,-26.59421953,
51996599,-26.70804154,
52596559,-25.83621368,
53196519,-25.1669896,
53796479,-24.61069869,
54396439,-23.78630524,
54996399,-22.90957771,
55596359,-22.58920935,
56196319,-21.93800533,
56796279,-21.25593566,
57396239,-20.41072857,
57996199,-19.44052724,
58596159,-19.29002865,
59196119,-18.87163403,
59796079,-18.10022838,
60396039,-17.8784367,
60995999,-17.63565727,
61595959,-16.99719941,
62195919,-16.93212756,
62795879,-16.4670552,
63395839,-15.96550019,
63995799,-15.74179715,
64595759,-15.31393857,
65195719,-15.03794577,
65795679,-14.80494279,
66395639,-14.37360544,
66995599,-14.26632997,
67595559,-13.98192103,
68195519,-13.67499819,
68795479,-13.36318498,
69395439,-13.26194748,
69995399,-13.00336047,
70595359,-12.84171306,
71195319,-12.4896909,
71795279,-12.24099769,
72395239,-12.12183387,
72995199,-11.96503318,
73595159,-11.72125066,
74195119,-11.61022008,
74795079,-11.32455351,
75395039,-11.25895255,
75994999,-11.02554185,
76594959,-10.79802239,
77194919,-10.85512944,
77794879,-10.46465387,
78394839,-10.42744831,
78994799,-10.24046251,
79594759,-10.10786771,
80194719,-10.00718364,
80794679,-9.856077058,
81394639,-9.795573542,
81994599,-9.675117241,
82594559,-9.473862951,
83194519,-9.420568125,
83794479,-9.293328904,
84394439,-9.104577764,
84994399,-9.027150824,
85594359,-8.974624839,
86194319,-8.892814722,
86794279,-8.748977473,
87394239,-8.701762538,
87994199,-8.676069687,
88594159,-8.541152525,
89194119,-8.424924332,
89794079,-8.326568826,
90394039,-8.33897339,
90993999,-8.157673988,
91593959,-8.08373232,
92193919,-8.049348846,
92793879,-8.063759863,
93393839,-7.85082667,
93993799,-7.962229994,
94593759,-7.788294317,
95193719,-7.76296423,
95793679,-7.671142865,
96393639,-7.615425153,
96993599,-7.489889324,
97593559,-7.501825988,
98193519,-7.448982156,
98793479,-7.394042029,
99393439,-7.31548233,
99993399,-7.311416114,
100593359,-7.254906651,
101193319,-7.24764453,
101793279,-7.16115857,
102393239,-7.091399389,
102993199,-7.102458739,
103593159,-7.025596715,
104193119,-6.999487891,
104793079,-6.986394743,
105393039,-6.868183535,
105992999,-6.880307341,
106592959,-6.795229121,
107192919,-6.762494175,
107792879,-6.837737533,
108392839,-6.721009321,
108992799,-6.669882672,
109592759,-6.667057146,
110192719,-6.623448044,
110792679,-6.58112834,
111392639,-6.569293618,
111992599,-6.572740759,
112592559,-6.523378384,
113192519,-6.479215638,
113792479,-6.493607553,
114392439,-6.469719424,
114992399,-6.399883354,
115592359,-6.352193041,
116192319,-6.358763105,
116792279,-6.314958754,
117392239,-6.334692226,
117992199,-6.369678323,
118592159,-6.217164703,
119192119,-6.221818183,
119792079,-6.22876509,
120392039,-6.212656767,
120991999,-6.220743025,
121591959,-6.208339271,
122191919,-6.11917388,
122791879,-6.206787197,
123391839,-6.145151677,
123991799,-6.092763192,
124591759,-6.07655912,
125191719,-6.080867495,
125791679,-6.078056388,
126391639,-6.094279515,
126991599,-6.05928259,
127591559,-6.088312669,
128191519,-6.069991612,
128791479,-6.059165338,
129391439,-6.00940164,
129991399,-5.985274097,
130591359,-5.996342496,
131191319,-6.022238213,
131791279,-5.977977168,
132391239,-5.973918781,
132991199,-6.012310561,
133591159,-5.97272862,
134191119,-5.944808235,
134791079,-5.983759514,
135391039,-5.914699822,
135990999,-5.996279165,
136590959,-5.927045374,
137190919,-5.990326564,
137790879,-5.95090893,
138390839,-5.888849939,
138990799,-5.966782245,
139590759,-5.964934363,
140190719,-5.869249858,
140790679,-5.82525609,
141390639,-5.946927821,
141990599,-5.913655078,
142590559,-5.952243269,
143190519,-5.887699767,
143790479,-5.96918997,
144390438,-5.962441788,
144990398,-5.901926351,
145590358,-5.867800438,
146190318,-5.913813399,
146790278,-5.907966567,
147390238,-5.819400645,
147990198,-5.828682379,
148590158,-5.854108912,
149190118,-5.860815186,
149790078,-5.807438853,
150390038,-5.822084686,
150989998,-5.781093053,
151589958,-5.780362076,
152189918,-5.83780278,
152789878,-5.792957547,
153389838,-5.729651385,
153989798,-5.78927811,
154589758,-5.721660845,
155189718,-5.823992182,
155789678,-5.817707432,
156389638,-5.815660121,
156989598,-5.855040361,
157589558,-5.853337152,
158189518,-5.949966574,
158789478,-5.78126131,
159389438,-5.808519089,
159989398,-5.772399295,
160589358,-5.821435046,
161189318,-5.932191175,
161789278,-5.84776575,
162389238,-5.85113617,
162989198,-5.796141619,
163589158,-5.865169267,
164189118,-5.775137036,
164789078,-5.832397981,
165389038,-5.75547952,
165988998,-5.841445353,
166588958,-5.741339242,
167188918,-5.781705388,
167788878,-5.745701384,
168388838,-5.792399722,
168988798,-5.768205259,
169588758,-5.82737098,
170188718,-5.728895258,
170788678,-5.849950479,
171388638,-5.791388087,
171988598,-5.80435803,
172588558,-5.878104723,
173188518,-5.824312829,
173788478,-5.843619839,
174388438,-5.78237588,
174988398,-5.810243856,
175588358,-5.824102715,
176188318,-5.747272396,
176788278,-5.793698137,
177388238,-5.822849292,
177988198,-5.842173245,
178588158,-5.82443915,
179188118,-5.803113702,
179788078,-5.80782,
180388038,-5.825523856,
180987998,-5.75373146,
181587958,-5.794047877,
182187918,-5.793236008,
182787878,-5.777535632,
183387838,-5.808822735,
183987798,-5.777791699,
184587758,-5.79301559,
185187718,-5.774033978,
185787678,-5.803179377,
186387638,-5.793906004,
186987598,-5.809099909,
187587558,-5.760110161,
188187518,-5.755963342,
188787478,-5.742050996,
189387438,-5.769913417,
189987398,-5.790596874,
190587358,-5.72133912,
191187318,-5.683437916,
191787278,-5.803858074,
192387238,-5.672432444,
192987198,-5.735378631,
193587158,-5.690638986,
194187118,-5.764303779,
194787078,-5.674939986,
195387038,-5.724780559,
195986998,-5.767735315,
196586958,-5.709878696,
197186918,-5.672073097,
197786878,-5.66267004,
198386838,-5.638415677,
198986798,-5.693469529,
199586758,-5.640482812,
200186718,-5.637924702,
200786678,-5.708413014,
201386638,-5.640283568,
201986598,-5.715345536,
202586558,-5.622457636,
203186518,-5.536849198,
203786478,-5.623201578,
204386438,-5.686276237,
204986398,-5.600954241,
205586358,-5.631334235,
206186318,-5.650425507,
206786278,-5.621222766,
207386238,-5.642534921,
207986198,-5.579257015,
208586158,-5.537928508,
209186118,-5.568092032,
209786078,-5.612754721,
210386038,-5.56648842,
210985998,-5.550441356,
211585958,-5.538077722,
212185918,-5.53614521,
212785878,-5.485624507,
213385838,-5.491588555,
213985798,-5.597646486,
214585758,-5.543777902,
215185718,-5.480824546,
215785678,-5.44810032,
216385638,-5.448578073,
216985598,-5.421369528,
217585558,-5.420936557,
218185518,-5.453418127,
218785478,-5.430932207,
219385438,-5.439945067,
219985398,-5.481229047,
220585358,-5.343799094,
221185318,-5.396433987,
221785278,-5.380833568,
222385238,-5.374156462,
222985198,-5.420369338,
223585158,-5.326765107,
224185118,-5.371150962,
224785078,-5.324821422,
225385038,-5.321294674,
225984998,-5.347126035,
226584958,-5.248604896,
227184918,-5.250572436,
227784878,-5.259682395,
228384838,-5.213757124,
228984798,-5.180709299,
229584758,-5.189781913,
230184718,-5.262298293,
230784678,-5.187350466,
231384638,-5.212776755,
231984598,-5.125488661,
232584558,-5.146363046,
233184518,-5.1179395,
233784478,-5.112275383,
234384438,-5.051241317,
234984398,-5.10341696,
235584358,-5.116403282,
236184318,-5.127650848,
236784278,-5.042411654,
237384238,-5.047888038,
237984198,-5.034275125,
238584158,-5.030734594,
239184118,-5.003745736,
239784078,-5.081290981,
240384038,-5.015596456,
240983998,-5.022220657,
241583958,-4.951990751,
242183918,-4.915598856,
242783878,-4.928805702,
243383838,-4.893753669,
243983798,-4.939369007,
244583758,-4.921113942,
245183718,-4.917625422,
245783678,-4.853971372,
246383638,-4.907070016,
246983598,-4.896951921,
247583558,-4.803901302,
248183518,-4.797523644,
248783478,-4.825815274,
249383438,-4.759349987,
249983398,-4.809238766,
250583358,-4.799709879,
251183318,-4.761704938,
251783278,-4.768249359,
252383238,-4.784511396,
252983198,-4.704443213,
253583158,-4.798525456,
254183118,-4.751607639,
254783078,-4.688444529,
255383038,-4.661251594,
255982998,-4.674586547,
256582958,-4.688447954,
257182918,-4.617667411,
257782878,-4.621250566,
258382838,-4.696599157,
258982798,-4.64798022,
259582758,-4.678744397,
260182718,-4.65988663,
260782678,-4.629991576,
261382638,-4.603414983,
261982598,-4.619368724,
262582558,-4.566442998,
263182518,-4.540017204,
263782478,-4.526032443,
264382438,-4.545867243,
264982398,-4.557985372,
265582358,-4.553431456,
266182318,-4.587643592,
266782278,-4.483815545,
267382238,-4.547279753,
267982198,-4.569328623,
268582158,-4.532372809,
269182118,-4.558984723,
269782078,-4.455548313,
270382038,-4.545027034,
270981998,-4.485445265,
271581958,-4.533490191,
272181918,-4.4225268,
272781878,-4.516672697,
273381838,-4.469184251,
273981798,-4.446409135,
274581758,-4.43922542,
275181718,-4.471121618,
275781678,-4.412459664,
276381638,-4.421202065,
276981598,-4.374933725,
277581558,-4.428608109,
278181518,-4.378844893,
278781478,-4.385526236,
279381438,-4.433590286,
279981398,-4.376475399,
280581358,-4.399885736,
281181318,-4.391650127,
281781278,-4.418693627,
282381238,-4.380133261,
282981198,-4.348314017,
283581158,-4.339937911,
284181118,-4.350427877,
284781078,-4.301091869,
285381038,-4.394015984,
285980998,-4.384674115,
286580958,-4.324153372,
287180917,-4.311446222,
287780877,-4.337984898,
288380837,-4.314141442,
288980797,-4.31577123,
289580757,-4.273661535,
290180717,-4.340067579,
290780677,-4.299776225,
291380637,-4.299520522,
291980597,-4.286139341,
292580557,-4.312996097,
293180517,-4.333593598,
293780477,-4.271325889,
294380437,-4.301411773,
294980397,-4.346570376,
295580357,-4.304401623,
296180317,-4.284067669,
296780277,-4.357150872,
297380237,-4.324372698,
297980197,-4.291280345,
298580157,-4.334499437,
299180117,-4.303979582,
299780077,-4.280828591,
300380037,-4.313537443,
300979997,-4.297665603,
301579957,-4.315433173,
302179917,-4.293757189,
302779877,-4.315212086,
303379837,-4.33355516,
303979797,-4.317774443,
304579757,-4.323338375,
305179717,-4.380406139,
305779677,-4.276832086,
306379637,-4.347999783,
306979597,-4.363269742,
307579557,-4.332446041,
308179517,-4.31249812,
308779477,-4.381155671,
309379437,-4.377899839,
309979397,-4.434619625,
310579357,-4.398296088,
311179317,-4.397903599,
311779277,-4.433158529,
312379237,-4.449573086,
312979197,-4.554005857,
313579157,-4.500418619,
314179117,-4.513066989,
314779077,-4.528708263,
315379037,-4.585301788,
315978997,-4.537975639,
316578957,-4.542935649,
317178917,-4.543745227,
317778877,-4.550174777,
318378837,-4.452365241,
318978797,-4.537277235,
319578757,-4.547461077,
320178717,-4.547716039,
320778677,-4.518056343,
321378637,-4.542992365,
321978597,-4.465828551,
322578557,-4.472335021,
323178517,-4.477739816,
323778477,-4.373090787,
324378437,-4.446244436,
324978397,-4.375770679,
325578357,-4.31746744,
326178317,-4.462420272,
326778277,-4.354742283,
327378237,-4.389380931,
327978197,-4.416926735,
328578157,-4.399820021,
329178117,-4.324597621,
329778077,-4.331722445,
330378037,-4.370453831,
330977997,-4.343576177,
331577957,-4.344600661,
332177917,-4.317116806,
332777877,-4.305812178,
333377837,-4.281067494,
333977797,-4.239305113,
334577757,-4.303124504,
335177717,-4.284402876,
335777677,-4.279916986,
336377637,-4.300921481,
336977597,-4.262184567,
337577557,-4.271169288,
338177517,-4.282072643,
338777477,-4.26971517,
339377437,-4.266920553,
339977397,-4.297613577,
340577357,-4.258761527,
341177317,-4.282660954,
341777277,-4.249548857,
342377237,-4.211938237,
342977197,-4.250005106,
343577157,-4.24916527,
344177117,-4.24082217,
344777077,-4.171783326,
345377037,-4.211265833,
345976997,-4.194363834,
346576957,-4.220566182,
347176917,-4.187586806,
347776877,-4.219782503,
348376837,-4.205669718,
348976797,-4.222993472,
349576757,-4.177734157,
350176717,-4.214203639,
350776677,-4.172687477,
351376637,-4.141819395,
351976597,-4.197265948,
352576557,-4.178526982,
353176517,-4.136957511,
353776477,-4.132452774,
354376437,-4.15543369,
354976397,-4.088959324,
355576357,-4.169357162,
356176317,-4.12875083,
356776277,-4.13485386,
357376237,-4.109401848,
357976197,-4.087282953,
358576157,-4.076759227,
359176117,-4.097173965,
359776077,-4.094103575,
360376037,-4.083501964,
360975997,-4.053577407,
361575957,-4.061017222,
362175917,-4.020812292,
362775877,-4.02270864,
363375837,-4.045624497,
363975797,-4.039794154,
364575757,-4.02615332,
365175717,-4.025486053,
365775677,-4.019883637,
366375637,-4.032802752,
366975597,-4.026741414,
367575557,-4.060158567,
368175517,-3.99430973,
368775477,-3.975777278,
369375437,-4.002115687,
369975397,-3.945349453,
370575357,-3.981872242,
371175317,-3.995404493,
371775277,-3.958377004,
372375237,-3.950547067,
372975197,-3.965936659,
373575157,-3.968837228,
374175117,-3.981748411,
374775077,-3.918313287,
375375037,-3.938576452,
375974997,-3.908708215,
376574957,-3.905305317,
377174917,-3.90011059,
377774877,-3.865282645,
378374837,-3.87593538,
378974797,-3.866888652,
379574757,-3.920414958,
380174717,-3.94970098,
380774677,-3.877765721,
381374637,-3.836641522,
381974597,-3.895139595,
382574557,-3.876018297,
383174517,-3.835747479,
383774477,-3.831124655,
384374437,-3.874827289,
384974397,-3.852828035,
385574357,-3.848408869,
386174317,-3.878184074,
386774277,-3.839877251,
387374237,-3.832807409,
387974197,-3.813975228,
388574157,-3.787801004,
389174117,-3.862453152,
389774077,-3.861103326,
390374037,-3.810493166,
390973997,-3.803678909,
391573957,-3.834243911,
392173917,-3.753607752,
392773877,-3.753538514,
393373837,-3.82659936,
393973797,-3.745948767,
394573757,-3.782409079,
395173717,-3.754366886,
395773677,-3.768815637,
396373637,-3.711207199,
396973597,-3.750278633,
397573557,-3.776779034,
398173517,-3.728803418,
398773477,-3.780291661,
399373437,-3.836602936,
399973397,-3.739662769,
400573357,-3.733510753,
401173317,-3.77856245,
401773277,-3.734133072,
402373237,-3.765900759,
402973197,-3.740125059,
403573157,-3.785031461,
404173117,-3.721156293,
404773077,-3.79014832,
405373037,-3.736250353,
405972997,-3.760443144,
406572957,-3.787296703,
407172917,-3.762220727,
407772877,-3.794944858,
408372837,-3.740813557,
408972797,-3.843473676,
409572757,-3.76451689,
410172717,-3.82557719,
410772677,-3.814537156,
411372637,-3.83337881,
411972597,-3.833519624,
412572557,-3.819770241,
413172517,-3.833074115,
413772477,-3.869065475,
414372437,-3.799207861,
414972397,-3.837887436,
415572357,-3.784621628,
416172317,-3.817679859,
416772277,-3.77198946,
417372237,-3.755161761,
417972197,-3.768238332,
418572157,-3.80137334,
419172117,-3.794490696,
419772077,-3.760897762,
420372037,-3.722972768,
420971997,-3.759865138,
421571957,-3.785198082,
422171917,-3.658281665,
422771877,-3.730390783,
423371837,-3.708068201,
423971797,-3.629794009,
424571757,-3.712245471,
425171717,-3.736842886,
425771677,-3.674774428,
426371637,-3.674392724,
426971597,-3.679008372,
427571557,-3.616805259,
428171517,-3.616582476,
428771477,-3.628360745,
429371437,-3.630641802,
429971396,-3.672936407,
430571356,-3.647820616,
431171316,-3.676364256,
431771276,-3.60937626,
432371236,-3.689776175,
432971196,-3.650299172,
433571156,-3.698246857,
434171116,-3.654590934,
434771076,-3.657017096,
435371036,-3.672520852,
435970996,-3.630432595,
436570956,-3.635659151,
437170916,-3.658134949,
437770876,-3.670089874,
438370836,-3.659996974,
438970796,-3.654538583,
439570756,-3.637358178,
440170716,-3.659160584,
440770676,-3.619051494,
441370636,-3.585743201,
441970596,-3.558247912,
442570556,-3.625152113,
443170516,-3.652134681,
443770476,-3.625738678,
444370436,-3.59672509,
444970396,-3.622598978,
445570356,-3.635052412,
446170316,-3.627222955,
446770276,-3.620227226,
447370236,-3.62911367,
447970196,-3.609047876,
448570156,-3.562333085,
449170116,-3.606099656,
449770076,-3.598134123,
450370036,-3.606299999,
450969996,-3.579947567,
451569956,-3.557823543,
452169916,-3.598871231,
452769876,-3.577703305,
453369836,-3.594983572,
453969796,-3.609178613,
454569756,-3.591085568,
455169716,-3.583921491,
455769676,-3.535525755,
456369636,-3.613787857,
456969596,-3.59308219,
457569556,-3.567617708,
458169516,-3.505645298,
458769476,-3.592793801,
459369436,-3.59387371,
459969396,-3.600620609,
460569356,-3.658306871,
461169316,-3.596057762,
461769276,-3.603707793,
462369236,-3.603039737,
462969196,-3.589463962,
463569156,-3.64259939,
464169116,-3.665513262,
464769076,-3.667950594,
465369036,-3.581793043,
465968996,-3.567684313,
466568956,-3.652080539,
467168916,-3.617974808,
467768876,-3.621373762,
468368836,-3.645327873,
468968796,-3.619817474,
469568756,-3.60906172,
470168716,-3.637416361,
470768676,-3.595627501,
471368636,-3.663135152,
471968596,-3.613870688,
472568556,-3.669859381,
473168516,-3.600633028,
473768476,-3.631392358,
474368436,-3.634182788,
474968396,-3.670797123,
475568356,-3.732234453,
476168316,-3.656894688,
476768276,-3.647821124,
477368236,-3.66698174,
477968196,-3.662892455,
478568156,-3.681659363,
479168116,-3.653622506,
479768076,-3.677509108,
480368036,-3.668170832,
480967996,-3.637020512,
481567956,-3.691150319,
482167916,-3.662202307,
482767876,-3.662088787,
483367836,-3.720715388,
483967796,-3.718285326,
484567756,-3.783511483,
485167716,-3.711842815,
485767676,-3.694637676,
486367636,-3.698440334,
486967596,-3.689599718,
487567556,-3.618714853,
488167516,-3.638333424,
488767476,-3.699480022,
489367436,-3.673694572,
489967396,-3.725925593,
490567356,-3.755510758,
491167316,-3.748219418,
491767276,-3.681040374,
492367236,-3.677445541,
492967196,-3.709760095,
493567156,-3.747876547,
494167116,-3.772491032,
494767076,-3.748642901,
495367036,-3.751164631,
495966996,-3.745685825,
496566956,-3.679289422,
497166916,-3.706634905,
497766876,-3.749998732,
498366836,-3.771586593,
498966796,-3.727701194,
499566756,-3.759192911,
500166716,-3.777748469,
500766676,-3.782725926,
501366636,-3.781623709,
501966596,-3.772182121,
502566556,-3.781827424,
503166516,-3.787754214,
503766476,-3.812428753,
504366436,-3.771432203,
504966396,-3.823263119,
505566356,-3.741503842,
506166316,-3.805166363,
506766276,-3.778597631,
507366236,-3.830063595,
507966196,-3.772627139,
508566156,-3.809895062,
509166116,-3.81745192,
509766076,-3.843080744,
510366036,-3.814927085,
510965996,-3.823114709,
511565956,-3.87224401,
512165916,-3.854975633,
512765876,-3.863676341,
513365836,-3.920194282,
513965796,-3.856361495,
514565756,-3.900463028,
515165716,-3.879866717,
515765676,-3.897892227,
516365636,-3.906398247,
516965596,-3.916826784,
517565556,-3.934448535,
518165516,-3.949168375,
518765476,-3.945233851,
519365436,-3.960372883,
519965396,-4.016587924,
520565356,-3.977586954,
521165316,-3.915166214,
521765276,-3.989712743,
522365236,-3.962716297,
522965196,-4.018200884,
523565156,-3.947696128,
524165116,-4.033748569,
524765076,-3.897836528,
525365036,-4.027775039,
525964996,-4.004223263,
526564956,-4.00051184,
527164916,-4.097810741,
527764876,-3.99691586,
528364836,-4.096539951,
528964796,-4.047478233,
529564756,-4.151954911,
530164716,-4.094675201,
530764676,-4.140122722,
531364636,-4.156983314,
531964596,-4.06384911,
532564556,-4.149939405,
533164516,-4.090746994,
533764476,-4.150468536,
534364436,-4.106930876,
534964396,-4.152186527,
535564356,-4.1657178,
536164316,-4.230786612,
536764276,-4.220938345,
537364236,-4.221655116,
537964196,-4.183486357,
538564156,-4.162591838,
539164116,-4.292266613,
539764076,-4.249682547,
540364036,-4.208227672,
540963996,-4.222563256,
541563956,-4.268466519,
542163916,-4.258563275,
542763876,-4.179090342,
543363836,-4.292119371,
543963796,-4.319261551,
544563756,-4.3552333,
545163716,-4.296046724,
545763676,-4.305390089,
546363636,-4.299262713,
546963596,-4.360166534,
547563556,-4.317272339,
548163516,-4.358184324,
548763476,-4.336639391,
549363436,-4.345927218,
549963396,-4.356417353,
550563356,-4.366272048,
551163316,-4.331011658,
551763276,-4.386644569,
552363236,-4.360949177,
552963196,-4.4127436,
553563156,-4.427923333,
554163116,-4.42213939,
554763076,-4.480913437,
555363036,-4.453590049,
555962996,-4.429438623,
556562956,-4.448017065,
557162916,-4.448641727,
557762876,-4.509633031,
558362836,-4.469685899,
558962796,-4.437390524,
559562756,-4.477875029,
560162716,-4.514046206,
560762676,-4.539737375,
561362636,-4.558710896,
561962596,-4.537375444,
562562556,-4.467638554,
563162516,-4.591611421,
563762476,-4.594064177,
564362436,-4.596400516,
564962396,-4.582395004,
565562356,-4.56618972,
566162316,-4.622401774,
566762276,-4.568947679,
567362236,-4.570863573,
567962196,-4.541897937,
568562156,-4.631551298,
569162116,-4.583679885,
569762076,-4.622152171,
570362036,-4.577843386,
570961996,-4.609560412,
571561956,-4.661318123,
572161916,-4.635414765,
572761875,-4.625293534,
573361835,-4.68994355,
573961795,-4.669964842,
574561755,-4.694610389,
575161715,-4.65830386,
575761675,-4.611277927,
576361635,-4.655090204,
576961595,-4.626509378,
577561555,-4.708606508,
578161515,-4.726238156,
578761475,-4.72374647,
579361435,-4.755848048,
579961395,-4.693839636,
580561355,-4.705924317,
581161315,-4.726104982,
581761275,-4.697228886,
582361235,-4.781888731,
582961195,-4.79177211,
583561155,-4.703065361,
584161115,-4.757902445,
584761075,-4.693878821,
585361035,-4.772422124,
585960995,-4.741224348,
586560955,-4.713923411,
587160915,-4.761095612,
587760875,-4.826737062,
588360835,-4.769841492,
588960795,-4.752345119,
589560755,-4.834097895,
590160715,-4.814670641,
590760675,-4.771891055,
591360635,-4.781343115,
591960595,-4.815263603,
592560555,-4.802583834,
593160515,-4.794856768,
593760475,-4.83232326,
594360435,-4.814073257,
594960395,-4.822011925,
595560355,-4.828814284,
596160315,-4.811979398,
596760275,-4.827621524,
597360235,-4.842158242,
597960195,-4.868068235,
598560155,-4.773132183,
599160115,-4.827469155,
599760075,-4.844660829,
600360035,-4.845773178,
600959995,-4.83349276,
601559955,-4.892145161,
602159915,-4.817084196,
602759875,-4.873922797,
603359835,-4.841975549,
603959795,-4.832383896,
604559755,-4.859848402,
605159715,-4.869618276,
605759675,-4.897805155,
606359635,-4.902242894,
606959595,-4.908649373,
607559555,-4.806002684,
608159515,-4.887059073,
608759475,-4.819124105,
609359435,-4.847437317,
609959395,-4.794850465,
610559355,-4.806008025,
611159315,-4.908590479,
611759275,-4.856487277,
612359235,-4.857841302,
612959195,-4.860295233,
613559155,-4.878246613,
614159115,-4.841661067,
614759075,-4.861900399,
615359035,-4.879230519,
615958995,-4.839208613,
616558955,-4.8272032,
617158915,-4.756447775,
617758875,-4.83767942,
618358835,-4.825219207,
618958795,-4.883887395,
619558755,-4.811098169,
620158715,-4.824354865,
620758675,-4.796561834,
621358635,-4.803847228,
621958595,-4.841038645,
622558555,-4.801873413,
623158515,-4.784330345,
623758475,-4.818029296,
624358435,-4.841547979,
624958395,-4.806672815,
625558355,-4.769258798,
626158315,-4.777109871,
626758275,-4.81937288,
627358235,-4.740694064,
627958195,-4.78598036,
628558155,-4.72121236,
629158115,-4.80091251,
629758075,-4.73582866,
630358035,-4.751224311,
630957995,-4.784997597,
631557955,-4.829271162,
632157915,-4.788193579,
632757875,-4.724242107,
633357835,-4.745739654,
633957795,-4.734201105,
634557755,-4.713029681,
635157715,-4.747109513,
635757675,-4.719858334,
636357635,-4.660951718,
636957595,-4.759279815,
637557555,-4.687392492,
638157515,-4.712681483,
638757475,-4.679526418,
639357435,-4.696071681,
639957395,-4.637699445,
640557355,-4.679915167,
641157315,-4.713024084,
641757275,-4.687688373,
642357235,-4.6561645,
642957195,-4.655478348,
643557155,-4.633610718,
644157115,-4.714175919,
644757075,-4.674001065,
645357035,-4.596377973,
645956995,-4.598560376,
646556955,-4.650652583,
647156915,-4.607459932,
647756875,-4.603319524,
648356835,-4.602794795,
648956795,-4.543218562,
649556755,-4.562228997,
650156715,-4.620730566,
650756675,-4.594412061,
651356635,-4.52770242,
651956595,-4.549781713,
652556555,-4.527334863,
653156515,-4.527682392,
653756475,-4.528076618,
654356435,-4.540923603,
654956395,-4.544242638,
655556355,-4.505519445,
656156315,-4.531034339,
656756275,-4.486988824,
657356235,-4.457195473,
657956195,-4.4825664,
658556155,-4.467351452,
659156115,-4.459577399,
659756075,-4.48260019,
660356035,-4.44795065,
660955995,-4.426227094,
661555955,-4.480213856,
662155915,-4.421402054,
662755875,-4.44075731,
663355835,-4.378523512,
663955795,-4.378169448,
664555755,-4.336864715,
665155715,-4.41407522,
665755675,-4.408214323,
666355635,-4.37042672,
666955595,-4.381694076,
667555555,-4.381744112,
668155515,-4.363797592,
668755475,-4.332634814,
669355435,-4.348700135,
669955395,-4.329074745,
670555355,-4.342368716,
671155315,-4.313280164,
671755275,-4.313409357,
672355235,-4.315662963,
672955195,-4.277896671,
673555155,-4.294466089,
674155115,-4.299058315,
674755075,-4.294330509,
675355035,-4.31978213,
675954995,-4.272572514,
676554955,-4.242434646,
677154915,-4.242631521,
677754875,-4.217747789,
678354835,-4.234514902,
678954795,-4.198765915,
679554755,-4.241482909,
680154715,-4.266933345,
680754675,-4.19761967,
681354635,-4.20030195,
681954595,-4.214640305,
682554555,-4.175428874,
683154515,-4.164549184,
683754475,-4.109665427,
684354435,-4.206789304,
684954395,-4.147100607,
685554355,-4.139571951,
686154315,-4.160858636,
686754275,-4.139692522,
687354235,-4.117271154,
687954195,-4.089748647,
688554155,-4.155747187,
689154115,-4.084973771,
689754075,-4.079422438,
690354035,-4.157868954,
690953995,-4.025577143,
691553955,-4.078593581,
692153915,-4.057911949,
692753875,-4.059260787,
693353835,-4.007139545,
693953795,-4.08331743,
694553755,-4.038464379,
695153715,-3.968003906,
695753675,-4.005110463,
696353635,-3.983333095,
696953595,-3.975566545,
697553555,-4.006591403,
698153515,-4.012982641,
698753475,-3.977196645,
699353435,-3.928935106,
699953395,-3.912146162,
700553355,-3.914821211,
701153315,-3.889898937,
701753275,-3.914396128,
702353235,-3.990189735,
702953195,-3.956924411,
703553155,-3.929080033,
704153115,-3.915619144,
704753075,-3.868954562,
705353035,-3.90711589,
705952995,-3.849143537,
706552955,-3.897361374,
707152915,-3.918324713,
707752875,-3.851218044,
708352835,-3.839534283,
708952795,-3.806214494,
709552755,-3.806108108,
710152715,-3.882281998,
710752675,-3.804574804,
711352635,-3.832234903,
711952595,-3.87694744,
712552555,-3.836137579,
713152515,-3.821027786,
713752475,-3.828836279,
714352435,-3.76190976,
714952395,-3.788136426,
715552354,-3.813451986,
716152314,-3.776619598,
716752274,-3.830139719,
717352234,-3.783821883,
717952194,-3.827292002,
718552154,-3.740981775,
719152114,-3.75020023,
719752074,-3.767308028,
720352034,-3.737181445,
720951994,-3.787913404,
721551954,-3.753520498,
722151914,-3.770016206,
722751874,-3.713834266,
723351834,-3.692621837,
723951794,-3.73421468,
724551754,-3.740702361,
725151714,-3.754127154,
725751674,-3.812567739,
726351634,-3.746818496,
726951594,-3.755290891,
727551554,-3.721667986,
728151514,-3.701835646,
728751474,-3.729523045,
729351434,-3.71119986,
729951394,-3.660704391,
730551354,-3.659205731,
731151314,-3.698814589,
731751274,-3.698515123,
732351234,-3.727999915,
732951194,-3.696957539,
733551154,-3.703043732,
734151114,-3.737238369,
734751074,-3.673818894,
735351034,-3.689110188,
735950994,-3.699785363,
736550954,-3.718336134,
737150914,-3.711593673,
737750874,-3.704376938,
738350834,-3.701682257,
738950794,-3.637119861,
739550754,-3.640137317,
740150714,-3.711963013,
740750674,-3.712412563,
741350634,-3.665266725,
741950594,-3.666633956,
742550554,-3.716901424,
743150514,-3.691680155,
743750474,-3.683689524,
744350434,-3.669316827,
744950394,-3.617020473,
745550354,-3.688413727,
746150314,-3.667268696,
746750274,-3.666301685,
747350234,-3.610971393,
747950194,-3.590535513,
748550154,-3.736651655,
749150114,-3.627365064,
749750074,-3.65330893,
750350034,-3.670621922,
750949994,-3.755340424,
751549954,-3.745881017,
752149914,-3.657290685,
752749874,-3.670933219,
753349834,-3.666745071,
753949794,-3.607813736,
754549754,-3.666058281,
755149714,-3.666625389,
755749674,-3.661621832,
756349634,-3.714616074,
756949594,-3.696910083,
757549554,-3.69583638,
758149514,-3.802578767,
758749474,-3.70525607,
759349434,-3.708198314,
759949394,-3.662877049,
760549354,-3.741115041,
761149314,-3.744435909,
761749274,-3.726074122,
762349234,-3.72365044,
762949194,-3.722960571,
763549154,-3.771189802,
764149114,-3.769989874,
764749074,-3.778699199,
765349034,-3.755740561,
765948994,-3.753811089,
766548954,-3.709330471,
767148914,-3.770684138,
767748874,-3.775265593,
768348834,-3.84107093,
768948794,-3.7288753,
769548754,-3.745435623,
770148714,-3.752634937,
770748674,-3.783590615,
771348634,-3.768607148,
771948594,-3.827071707,
772548554,-3.758778663,
773148514,-3.781180518,
773748474,-3.799041623,
774348434,-3.796121647,
774948394,-3.816971164,
775548354,-3.799134229,
776148314,-3.847528658,
776748274,-3.854165711,
777348234,-3.890396904,
777948194,-3.775609328,
778548154,-3.79908926,
779148114,-3.855993806,
779748074,-3.805308762,
780348034,-3.823834229,
780947994,-3.819642603,
781547954,-3.838950295,
782147914,-3.847396883,
782747874,-3.878482484,
783347834,-3.95506995,
783947794,-3.909990948,
784547754,-3.910073608,
785147714,-3.934222322,
785747674,-3.928352542,
786347634,-3.850901822,
786947594,-3.974535933,
787547554,-3.898054759,
788147514,-3.890186322,
788747474,-3.849037334,
789347434,-3.91297381,
789947394,-3.998202315,
790547354,-3.983630019,
791147314,-3.991934172,
791747274,-4.004698173,
792347234,-4.074869186,
792947194,-4.070980613,
793547154,-4.083186462,
794147114,-3.990482028,
794747074,-4.110217213,
795347034,-4.019649543,
795946994,-4.078405524,
796546954,-4.064561637,
797146914,-4.088349964,
797746874,-4.145527392,
798346834,-4.117787954,
798946794,-4.118144225,
799546754,-4.124515887,
800146714,-4.161818179,
800746674,-4.191958299,
801346634,-4.189866427,
801946594,-4.187169167,
802546554,-4.13196748,
803146514,-4.216819216,
803746474,-4.272633622,
804346434,-4.101106185,
804946394,-4.265860777,
805546354,-4.244261988,
806146314,-4.29076229,
806746274,-4.284999758,
807346234,-4.236041064,
807946194,-4.303763702,
808546154,-4.42373442,
809146114,-4.328613016,
809746074,-4.301635896,
810346034,-4.351167512,
810945994,-4.366706525,
811545954,-4.414600416,
812145914,-4.342397145,
812745874,-4.424643318,
813345834,-4.444067014,
813945794,-4.426270723,
814545754,-4.517386499,
815145714,-4.57597398,
815745674,-4.499027113,
816345634,-4.52166882,
816945594,-4.514999571,
817545554,-4.543670775,
818145514,-4.51346657,
818745474,-4.492686238,
819345434,-4.534354115,
819945394,-4.535999019,
820545354,-4.487134927,
821145314,-4.599331629,
821745274,-4.636208078,
822345234,-4.597625159,
822945194,-4.623622128,
823545154,-4.597857542,
824145114,-4.599344703,
824745074,-4.620726049,
825345034,-4.641960417,
825944994,-4.652762116,
826544954,-4.680790073,
827144914,-4.673282759,
827744874,-4.692697719,
828344834,-4.737022501,
828944794,-4.699781691,
829544754,-4.714177932,
830144714,-4.758143813,
830744674,-4.78816136,
831344634,-4.741202607,
831944594,-4.773425178,
832544554,-4.794936651,
833144514,-4.818102649,
833744474,-4.860370616,
834344434,-4.833128411,
834944394,-4.857871677,
835544354,-4.847923542,
836144314,-4.83299038,
836744274,-4.87920559,
837344234,-4.872928904,
837944194,-4.92284236,
838544154,-4.886838666,
839144114,-4.953300037,
839744074,-4.937474533,
840344034,-4.958750517,
840943994,-4.972378275,
841543954,-4.927912088,
842143914,-4.962346858,
842743874,-4.956523167,
843343834,-5.01710286,
843943794,-4.992659563,
844543754,-4.98039107,
845143714,-5.027817032,
845743674,-4.984035034,
846343634,-5.034955018,
846943594,-5.109392211,
847543554,-5.09338161,
848143514,-5.116970191,
848743474,-5.081052637,
849343434,-5.017388643,
849943394,-5.098873287,
850543354,-5.134015733,
851143314,-5.028427868,
851743274,-5.196960025,
852343234,-5.067134957,
852943194,-5.163863125,
853543154,-5.175378086,
854143114,-5.148557791,
854743074,-5.21310889,
855343034,-5.171363004,
855942994,-5.210334689,
856542954,-5.183157132,
857142914,-5.153714297,
857742874,-5.18071711,
858342833,-5.292346039,
858942793,-5.300819033,
859542753,-5.235729072,
860142713,-5.342107569,
860742673,-5.219460829,
861342633,-5.321758054,
861942593,-5.243059521,
862542553,-5.343474584,
863142513,-5.253766431,
863742473,-5.328285776,
864342433,-5.280145972,
864942393,-5.322087102,
865542353,-5.310422878,
866142313,-5.299007866,
866742273,-5.244989227,
867342233,-5.395376807,
867942193,-5.384254992,
868542153,-5.378928536,
869142113,-5.39262762,
869742073,-5.373689242,
870342033,-5.39799986,
870941993,-5.348241057,
871541953,-5.395992116,
872141913,-5.349908911,
872741873,-5.376690591,
873341833,-5.408934235,
873941793,-5.384920475,
874541753,-5.378454272,
875141713,-5.371030476,
875741673,-5.496991529,
876341633,-5.404703552,
876941593,-5.419910303,
877541553,-5.424914325,
878141513,-5.424103373,
878741473,-5.369926869,
879341433,-5.436297899,
879941393,-5.539219276,
880541353,-5.420733755,
881141313,-5.442066109,
881741273,-5.394666731,
882341233,-5.429578798,
882941193,-5.415127382,
883541153,-5.465561261,
884141113,-5.360411117,
884741073,-5.39039514,
885341033,-5.430462778,
885940993,-5.392560764,
886540953,-5.391777466,
887140913,-5.45482589,
887740873,-5.370092288,
888340833,-5.334846997,
888940793,-5.443234487,
889540753,-5.423564842,
890140713,-5.473723994,
890740673,-5.385014083,
891340633,-5.350170993,
891940593,-5.350782461,
892540553,-5.34091081,
893140513,-5.365575624,
893740473,-5.356366686,
894340433,-5.375964228,
894940393,-5.365517446,
895540353,-5.343487554,
896140313,-5.382318421,
896740273,-5.390784373,
897340233,-5.394847083,
897940193,-5.294058012,
898540153,-5.342361408,
899140113,-5.341539913,
899740073,-5.347683152,
900340033,-5.311744037,
900939993,-5.289964365,
901539953,-5.237999538,
902139913,-5.268186164,
902739873,-5.326277548,
903339833,-5.300553308,
903939793,-5.311752835,
904539753,-5.258307783,
905139713,-5.276419738,
905739673,-5.243324886,
906339633,-5.217350536,
906939593,-5.233184507,
907539553,-5.281820924,
908139513,-5.198731921,
908739473,-5.222931601,
909339433,-5.215824707,
909939393,-5.231674679,
910539353,-5.23709631,
911139313,-5.160728129,
911739273,-5.189896171,
912339233,-5.181719243,
912939193,-5.199146485,
913539153,-5.268196867,
914139113,-5.161071698,
914739073,-5.182011566,
915339033,-5.15477238,
915938993,-5.12214501,
916538953,-5.083870855,
917138913,-5.045679599,
917738873,-5.090634497,
918338833,-5.099100896,
918938793,-5.079187095,
919538753,-5.068649508,
920138713,-5.109998749,
920738673,-5.1052809,
921338633,-5.057328589,
921938593,-5.127988589,
922538553,-5.00516942,
923138513,-5.038183199,
923738473,-5.041240359,
924338433,-4.986697541,
924938393,-4.996953061,
925538353,-4.989087723,
926138313,-4.966348676,
926738273,-4.913306325,
927338233,-4.941064519,
927938193,-4.930494028,
928538153,-4.974540028,
929138113,-4.842818273,
929738073,-4.938829632,
930338033,-4.898544812,
930937993,-4.81618435,
931537953,-4.846607079,
932137913,-4.870767416,
932737873,-4.792694774,
933337833,-4.789319716,
933937793,-4.782278254,
934537753,-4.790921597,
935137713,-4.846776602,
935737673,-4.786696007,
936337633,-4.761359907,
936937593,-4.689874837,
937537553,-4.789666591,
938137513,-4.778689578,
938737473,-4.726934669,
939337433,-4.68026257,
939937393,-4.741433808,
940537353,-4.640420868,
941137313,-4.713594798,
941737273,-4.63123979,
942337233,-4.67349661,
942937193,-4.675772813,
943537153,-4.65368125,
944137113,-4.615569184,
944737073,-4.598566816,
945337033,-4.594758361,
945936993,-4.606523706,
946536953,-4.501314559,
947136913,-4.505446747,
947736873,-4.442855026,
948336833,-4.455373838,
948936793,-4.43911626,
949536753,-4.495799459,
950136713,-4.460304381,
950736673,-4.460875192,
951336633,-4.360005604,
951936593,-4.362248052,
952536553,-4.392493803,
953136513,-4.418030121,
953736473,-4.368828669,
954336433,-4.400102394,
954936393,-4.273454126,
955536353,-4.397435473,
956136313,-4.375227651,
956736273,-4.253606141,
957336233,-4.337433286,
957936193,-4.299219834,
958536153,-4.28802533,
959136113,-4.269517212,
959736073,-4.259715326,
960336033,-4.260066297,
960935993,-4.180735297,
961535953,-4.252460472,
962135913,-4.21133391,
962735873,-4.219249298,
963335833,-4.204746999,
963935793,-4.175544162,
964535753,-4.241675976,
965135713,-4.121248027,
965735673,-4.149429053,
966335633,-4.120212041,
966935593,-4.09919937,
967535553,-4.123623002,
968135513,-4.123622756,
968735473,-4.103527965,
969335433,-4.112369466,
969935393,-4.08425739,
970535353,-4.029057961,
971135313,-4.055370196,
971735273,-4.027056637,
972335233,-4.035726429,
972935193,-4.001443511,
973535153,-3.989278104,
974135113,-3.953835965,
974735073,-4.008462847,
975335033,-3.941654076,
975934993,-3.887752556,
976534953,-3.996881193,
977134913,-3.967584058,
977734873,-4.002337953,
978334833,-3.966547068,
978934793,-3.941699388,
979534753,-3.95786041,
980134713,-3.913289949,
980734673,-3.905006897,
981334633,-3.848719289,
981934593,-3.861638966,
982534553,-3.904035524,
983134513,-3.848723867,
983734473,-3.828109945,
984334433,-3.892734432,
984934393,-3.839448872,
985534353,-3.849268381,
986134313,-3.875823984,
986734273,-3.829593615,
987334233,-3.812042735,
987934193,-3.818108767,
988534153,-3.814643487,
989134113,-3.802398547,
989734073,-3.749592781,
990334033,-3.759725756,
990933993,-3.746628904,
991533953,-3.71852802,
992133913,-3.749627733,
992733873,-3.783828607,
993333833,-3.757636541,
993933793,-3.76735591,
994533753,-3.702146301,
995133713,-3.74225826,
995733673,-3.720200788,
996333633,-3.719046066,
996933593,-3.772866879,
997533553,-3.727947531,
998133513,-3.688538617,
998733473,-3.621152572,
999333433,-3.716811003,
999933393,-3.731101399,
1000533353,-3.699855427,
1001133312,-3.676397705,
1001733272,-3.642479524,
1002333232,-3.663730635,
1002933192,-3.711796097,
1003533152,-3.703887571,
1004133112,-3.6779378,
1004733072,-3.64194256,
1005333032,-3.664963893,
1005932992,-3.653182111,
1006532952,-3.670734393,
1007132912,-3.624573617,
1007732872,-3.620042974,
1008332832,-3.668426276,
1008932792,-3.636363594,
1009532752,-3.634713032,
1010132712,-3.642375652,
1010732672,-3.608275013,
1011332632,-3.685806254,
1011932592,-3.670948767,
1012532552,-3.640837253,
1013132512,-3.616352857,
1013732472,-3.583003419,
1014332432,-3.571008422,
1014932392,-3.586329775,
1015532352,-3.597022987,
1016132312,-3.56209538,
1016732272,-3.656562322,
1017332232,-3.656723464,
1017932192,-3.588062395,
1018532152,-3.68059778,
1019132112,-3.62436531,
1019732072,-3.632277923,
1020332032,-3.654128335,
1020931992,-3.656107456,
1021531952,-3.612698493,
1022131912,-3.635117357,
1022731872,-3.587871979,
1023331832,-3.646311581,
1023931792,-3.633928681,
1024531752,-3.600914228,
1025131712,-3.602969073,
1025731672,-3.671948333,
1026331632,-3.605618529,
1026931592,-3.622828491,
1027531552,-3.643493114,
1028131512,-3.649063142,
1028731472,-3.641333601,
1029331432,-3.625688969,
1029931392,-3.647692752,
1030531352,-3.613076829,
1031131312,-3.598503739,
1031731272,-3.611882608,
1032331232,-3.662201846,
1032931192,-3.645963727,
1033531152,-3.652444449,
1034131112,-3.626902593,
1034731072,-3.72208745,
1035331032,-3.638155005,
1035930992,-3.664928899,
1036530952,-3.740975364,
1037130912,-3.692171855,
1037730872,-3.683540696,
1038330832,-3.679317183,
1038930792,-3.715917749,
1039530752,-3.673575728,
1040130712,-3.707378903,
1040730672,-3.714207897,
1041330632,-3.671421808,
1041930592,-3.719855586,
1042530552,-3.735176503,
1043130512,-3.753440805,
1043730472,-3.744918128,
1044330432,-3.707334848,
1044930392,-3.741401008,
1045530352,-3.706193759,
1046130312,-3.736738619,
1046730272,-3.752465183,
1047330232,-3.799575913,
1047930192,-3.766582506,
1048530152,-3.758015782,
1049130112,-3.771743159,
1049730072,-3.744227649,
1050330032,-3.785674973,
1050929992,-3.788181857,
1051529952,-3.787504309,
1052129912,-3.820214627,
1052729872,-3.781155383,
1053329832,-3.835338866,
1053929792,-3.850190441,
1054529752,-3.801989157,
1055129712,-3.765597,
1055729672,-3.844303023,
1056329632,-3.826706026,
1056929592,-3.821994154,
1057529552,-3.852106313,
1058129512,-3.884349252,
1058729472,-3.829102248,
1059329432,-3.928493533,
1059929392,-3.819375771,
1060529352,-3.837746081,
1061129312,-3.916580313,
1061729272,-3.978870398,
1062329232,-3.91664286,
1062929192,-3.948663468,
1063529152,-3.886837405,
1064129112,-3.966430098,
1064729072,-4.03189063,
1065329032,-3.945112576,
1065928992,-3.908304851,
1066528952,-3.895181469,
1067128912,-3.965780428,
1067728872,-3.949262796,
1068328832,-3.989400825,
1068928792,-3.956110834,
1069528752,-4.032621767,
1070128712,-3.99447862,
1070728672,-4.029219865,
1071328632,-4.040986319,
1071928592,-4.029677,
1072528552,-4.028490392,
1073128512,-3.99196252,
1073728472,-4.033198892,
1074328432,-4.027727382,
1074928392,-4.105337204,
1075528352,-4.080159911,
1076128312,-4.075909035,
1076728272,-4.093430438,
1077328232,-4.174233496,
1077928192,-4.092170742,
1078528152,-4.092278729,
1079128112,-4.203021149,
1079728072,-4.178655386,
1080328032,-4.127452291,
1080927992,-4.191521064,
1081527952,-4.177148702,
1082127912,-4.226380135,
1082727872,-4.252901372,
1083327832,-4.192858834,
1083927792,-4.278098159,
1084527752,-4.243556889,
1085127712,-4.276083924,
1085727672,-4.263843205,
1086327632,-4.22177157,
1086927592,-4.338243009,
1087527552,-4.274827347,
1088127512,-4.310434451,
1088727472,-4.238598301,
1089327432,-4.304551446,
1089927392,-4.31994874,
1090527352,-4.274781253,
1091127312,-4.406245352,
1091727272,-4.340542285,
1092327232,-4.304000275,
1092927192,-4.358111833,
1093527152,-4.43009887,
1094127112,-4.337897847,
1094727072,-4.401852185,
1095327032,-4.409737831,
1095926992,-4.412109154,
1096526952,-4.478667308,
1097126912,-4.465100059,
1097726872,-4.495455628,
1098326832,-4.442770136,
1098926792,-4.535357585,
1099526752,-4.497931824,
1100126712,-4.487410586,
1100726672,-4.541608617,
1101326632,-4.525030973,
1101926592,-4.583050608,
1102526552,-4.537624958,
1103126512,-4.554152514,
1103726472,-4.501934629,
1104326432,-4.640523104,
1104926392,-4.583371461,
1105526352,-4.666491349,
1106126312,-4.584185919,
1106726272,-4.604657355,
1107326232,-4.589729555,
1107926192,-4.578320767,
1108526152,-4.690430884,
1109126112,-4.744588866,
1109726072,-4.633008378,
1110326032,-4.721329103,
1110925992,-4.682240553,
1111525952,-4.643061789,
1112125912,-4.715671916,
1112725872,-4.739349053,
1113325832,-4.800251532,
1113925792,-4.677114321,
1114525752,-4.76910595,
1115125712,-4.735406821,
1115725672,-4.751398997,
1116325632,-4.821496227,
1116925592,-4.738470291,
1117525552,-4.815592135,
1118125512,-4.870998388,
1118725472,-4.862262438,
1119325432,-4.842483877,
1119925392,-4.899325065,
1120525352,-4.90515622,
1121125312,-4.879267466,
1121725272,-4.887264277,
1122325232,-4.839647337,
1122925192,-4.901912401,
1123525152,-4.87429799,
1124125112,-4.854795296,
1124725072,-4.90404493,
1125325032,-4.872367757,
1125924992,-4.895344819,
1126524952,-4.923531898,
1127124912,-5.01066905,
1127724872,-4.946663314,
1128324832,-4.895414628,
1128924792,-4.991103089,
1129524752,-4.909136642,
1130124712,-4.947760479,
1130724672,-4.990177919,
1131324632,-4.990675827,
1131924592,-4.972689629,
1132524552,-4.981438422,
1133124512,-4.917264903,
1133724472,-4.907414316,
1134324432,-5.053165971,
1134924392,-5.034763659,
1135524352,-4.96462235,
1136124312,-4.952599764,
1136724272,-5.018797602,
1137324232,-4.981030543,
1137924192,-4.98983491,
1138524152,-4.977477315,
1139124112,-5.08055907,
1139724072,-5.025508939,
1140324032,-5.016190956,
1140923992,-5.015372559,
1141523952,-5.040164251,
1142123912,-5.017670409,
1142723872,-4.976072399,
1143323832,-5.031123751,
1143923791,-5.050576501,
1144523751,-4.999841876,
1145123711,-5.02756302,
1145723671,-5.073939538,
1146323631,-4.995644685,
1146923591,-4.982038713,
1147523551,-4.998204495,
1148123511,-4.984757722,
1148723471,-5.119297895,
1149323431,-5.056984994,
1149923391,-5.047072609,
1150523351,-5.034348358,
1151123311,-5.043972236,
1151723271,-5.015743712,
1152323231,-5.011162431,
1152923191,-4.992314166,
1153523151,-5.084113325,
1154123111,-5.043407044,
1154723071,-5.024629771,
1155323031,-4.952098707,
1155922991,-5.035568303,
1156522951,-4.980396112,
1157122911,-4.945587547,
1157722871,-5.028524814,
1158322831,-4.97802709,
1158922791,-4.97424339,
1159522751,-5.037738974,
1160122711,-5.103511879,
1160722671,-5.015385017,
1161322631,-4.996784827,
1161922591,-4.992366432,
1162522551,-4.974857086,
1163122511,-4.983946844,
1163722471,-5.012666007,
1164322431,-4.990579772,
1164922391,-5.02105523,
1165522351,-5.005376547,
1166122311,-4.93145885,
1166722271,-4.972411476,
1167322231,-4.992265746,
1167922191,-4.974679372,
1168522151,-4.951928794,
1169122111,-4.970616281,
1169722071,-5.018382369,
1170322031,-4.929985089,
1170921991,-4.902675638,
1171521951,-4.853071792,
1172121911,-4.91989566,
1172721871,-4.956306367,
1173321831,-4.92067234,
1173921791,-4.940113337,
1174521751,-4.899507563,
1175121711,-4.86809164,
1175721671,-4.876302354,
1176321631,-4.896118119,
1176921591,-5.003865423,
1177521551,-4.84336359,
1178121511,-4.809095267,
1178721471,-4.905023217,
1179321431,-4.83455406,
1179921391,-4.917078978,
1180521351,-4.786561606,
1181121311,-4.807869255,
1181721271,-4.894101943,
1182321231,-4.929446508,
1182921191,-4.815344459,
1183521151,-4.779865318,
1184121111,-4.801783427,
1184721071,-4.831034365,
1185321031,-4.760940681,
1185920991,-4.82644325,
1186520951,-4.761722049,
1187120911,-4.787052783,
1187720871,-4.811279386,
1188320831,-4.776188878,
1188920791,-4.757294723,
1189520751,-4.718847398,
1190120711,-4.770613143,
1190720671,-4.74434265,
1191320631,-4.686694893,
1191920591,-4.736038368,
1192520551,-4.735882816,
1193120511,-4.73998908,
1193720471,-4.680097102,
1194320431,-4.69589322,
1194920391,-4.679413204,
1195520351,-4.685674182,
1196120311,-4.593533539,
1196720271,-4.649354214,
1197320231,-4.73360881,
1197920191,-4.677141322,
1198520151,-4.670171673,
1199120111,-4.647634676,
1199720071,-4.581673997,
1200320031,-4.619551849,
1200919991,-4.587231732,
1201519951,-4.620382329,
1202119911,-4.527322628,
1202719871,-4.551375735,
1203319831,-4.509298341,
1203919791,-4.561629987,
1204519751,-4.546660429,
1205119711,-4.537688252,
1205719671,-4.477714445,
1206319631,-4.516372734,
1206919591,-4.479518841,
1207519551,-4.494865462,
1208119511,-4.505478039,
1208719471,-4.443151668,
1209319431,-4.538195848,
1209919391,-4.449150236,
1210519351,-4.480793764,
1211119311,-4.452201256,
1211719271,-4.447883813,
1212319231,-4.448858755,
1212919191,-4.453607553,
1213519151,-4.448582871,
1214119111,-4.497406487,
1214719071,-4.431270051,
1215319031,-4.394337252,
1215918991,-4.383486021,
1216518951,-4.480638733,
1217118911,-4.29881116,
1217718871,-4.381193879,
1218318831,-4.300581453,
1218918791,-4.347967991,
1219518751,-4.360011837,
1220118711,-4.294004697,
1220718671,-4.346965073,
1221318631,-4.295577358,
1221918591,-4.27414097,
1222518551,-4.339986257,
1223118511,-4.33058916,
1223718471,-4.251213105,
1224318431,-4.277531564,
1224918391,-4.21756583,
1225518351,-4.200936851,
1226118311,-4.258657594,
1226718271,-4.304473417,
1227318231,-4.273252882,
1227918191,-4.233797791,
1228518151,-4.245905839,
1229118111,-4.256077638,
1229718071,-4.272179672,
1230318031,-4.16798008,
1230917991,-4.299314522,
1231517951,-4.230858555,
1232117911,-4.23534724,
1232717871,-4.241337657,
1233317831,-4.187203586,
1233917791,-4.211654931,
1234517751,-4.184283317,
1235117711,-4.220054098,
1235717671,-4.183794088,
1236317631,-4.153123752,
1236917591,-4.275878131,
1237517551,-4.15990466,
1238117511,-4.157054563,
1238717471,-4.174945056,
1239317431,-4.205125041,
1239917391,-4.20420227,
1240517351,-4.214873373,
1241117311,-4.11581541,
1241717271,-4.1096641,
1242317231,-4.202939295,
1242917191,-4.118086275,
1243517151,-4.132799139,
1244117111,-4.113547219,
1244717071,-4.138053391,
1245317031,-4.12394389,
1245916991,-4.23968805,
1246516951,-4.134785668,
1247116911,-4.1621809,
1247716871,-4.154748686,
1248316831,-4.201420297,
1248916791,-4.162694896,
1249516751,-4.149807127,
1250116711,-4.191424327,
1250716671,-4.171783821,
1251316631,-4.117588775,
1251916591,-4.132482841,
1252516551,-4.121265143,
1253116511,-4.191134164,
1253716471,-4.108063228,
1254316431,-4.097778175,
1254916391,-4.147975929,
1255516351,-4.110427832,
1256116311,-4.116620931,
1256716271,-4.161499818,
1257316231,-4.18761534,
1257916191,-4.079563696,
1258516151,-4.154626434,
1259116111,-4.114404485,
1259716071,-4.15066621,
1260316031,-4.148173748,
1260915991,-4.126366595,
1261515951,-4.145889374,
1262115911,-4.125822647,
1262715871,-4.202419976,
1263315831,-4.168575358,
1263915791,-4.110464044,
1264515751,-4.099776433,
1265115711,-4.080096795,
1265715671,-4.150930831,
1266315631,-4.147543323,
1266915591,-4.118058633,
1267515551,-4.071611154,
1268115511,-4.096831914,
1268715471,-4.124739204,
1269315431,-4.107403067,
1269915391,-4.11543312,
1270515351,-4.152459914,
1271115311,-4.13869939,
1271715271,-4.116548731,
1272315231,-4.069149765,
1272915191,-4.09868196,
1273515151,-4.132183196,
1274115111,-4.141097516,
1274715071,-4.171019183,
1275315031,-4.098150439,
1275914991,-4.123547745,
1276514951,-4.161646927,
1277114911,-4.140368075,
1277714871,-4.096623188,
1278314831,-4.129078313,
1278914791,-4.114902618,
1279514751,-4.11783256,
1280114711,-4.154755102,
1280714671,-4.149876266,
1281314631,-4.164619646,
1281914591,-4.156771042,
1282514551,-4.121401606,
1283114511,-4.178554804,
1283714471,-4.113808996,
1284314431,-4.112497406,
1284914391,-4.1085439,
1285514351,-4.151434464,
1286114311,-4.125072559,
1286714270,-4.136217112,
1287314230,-4.213937784,
1287914190,-4.141881292,
1288514150,-4.129727479,
1289114110,-4.174532023,
1289714070,-4.158666444,
1290314030,-4.1324679,
1290913990,-4.168408861,
1291513950,-4.139317318,
1292113910,-4.150739459,
1292713870,-4.133067955,
1293313830,-4.183982937,
1293913790,-4.156763737,
1294513750,-4.166891462,
1295113710,-4.130750711,
1295713670,-4.136869871,
1296313630,-4.184402824,
1296913590,-4.110781434,
1297513550,-4.16118314,
1298113510,-4.159223892,
1298713470,-4.191950011,
1299313430,-4.190096561,
1299913390,-4.131404655,
1300513350,-4.146282765,
1301113310,-4.130045152,
1301713270,-4.171087117,
1302313230,-4.180832865,
1302913190,-4.176558345,
1303513150,-4.129655182,
1304113110,-4.165697324,
1304713070,-4.195067074,
1305313030,-4.130368437,
1305912990,-4.216093406,
1306512950,-4.159959836,
1307112910,-4.189412085,
1307712870,-4.180223153,
1308312830,-4.179460897,
1308912790,-4.184918386,
1309512750,-4.168127552,
1310112710,-4.166253258,
1310712670,-4.181333625,
1311312630,-4.202315767,
1311912590,-4.227397119,
1312512550,-4.171213033,
1313112510,-4.164752642,
1313712470,-4.182455978,
1314312430,-4.229499647,
1314912390,-4.199060785,
1315512350,-4.187704555,
1316112310,-4.149678398,
1316712270,-4.20251947,
1317312230,-4.24245119,
1317912190,-4.268681312,
1318512150,-4.221685505,
1319112110,-4.188778722,
1319712070,-4.251446062,
1320312030,-4.199586898,
1320911990,-4.218516331,
1321511950,-4.218301408,
1322111910,-4.244995619,
1322711870,-4.197289083,
1323311830,-4.217554006,
1323911790,-4.251262149,
1324511750,-4.235124843,
1325111710,-4.193177244,
1325711670,-4.212700303,
1326311630,-4.16921305,
1326911590,-4.193925675,
1327511550,-4.144687665,
1328111510,-4.22473672,
1328711470,-4.232029991,
1329311430,-4.224522193,
1329911390,-4.267857515,
1330511350,-4.207227222,
1331111310,-4.221156579,
1331711270,-4.258635739,
1332311230,-4.244055099,
1332911190,-4.255555544,
1333511150,-4.213939368,
1334111110,-4.236197713,
1334711070,-4.238665973,
1335311030,-4.262042756,
1335910990,-4.248652996,
1336510950,-4.20170854,
1337110910,-4.210731411,
1337710870,-4.210740114,
1338310830,-4.258876998,
1338910790,-4.274983746,
1339510750,-4.215741068,
1340110710,-4.231221857,
1340710670,-4.220416426,
1341310630,-4.227629791,
1341910590,-4.277856209,
1342510550,-4.185865139,
1343110510,-4.2397447,
1343710470,-4.234476391,
1344310430,-4.236520965,
1344910390,-4.219253928,
1345510350,-4.2599954,
1346110310,-4.253295607,
1346710270,-4.232477453,
1347310230,-4.241750294,
1347910190,-4.255226845,
1348510150,-4.22949987,
1349110110,-4.300675532,
1349710070,-4.242131388,
1350310030,-4.262328002,
1350909990,-4.211991298,
1351509950,-4.23555238,
1352109910,-4.22678686,
1352709870,-4.278829618,
1353309830,-4.291377115,
1353909790,-4.289705513,
1354509750,-4.232614842,
1355109710,-4.276990444,
1355709670,-4.252158394,
1356309630,-4.304136065,
1356909590,-4.269729147,
1357509550,-4.288761883,
1358109510,-4.312010794,
1358709470,-4.294482105,
1359309430,-4.293849273,
1359909390,-4.286235024,
1360509350,-4.275043272,
1361109310,-4.295322863,
1361709270,-4.244079116,
1362309230,-4.284321222,
1362909190,-4.316715873,
1363509150,-4.308664163,
1364109110,-4.305807288,
1364709070,-4.281699843,
1365309030,-4.310346564,
1365908990,-4.280714795,
1366508950,-4.317512022,
1367108910,-4.316878345,
1367708870,-4.359528297,
1368308830,-4.331203103,
1368908790,-4.370776461,
1369508750,-4.27771885,
1370108710,-4.330908638,
1370708670,-4.346122176,
1371308630,-4.286999976,
1371908590,-4.299090957,
1372508550,-4.264095479,
1373108510,-4.326031573,
1373708470,-4.351174647,
1374308430,-4.343102597,
1374908390,-4.361229301,
1375508350,-4.367624364,
1376108310,-4.35852769,
1376708270,-4.361492412,
1377308230,-4.411633476,
1377908190,-4.406322677,
1378508150,-4.341031658,
1379108110,-4.381889157,
1379708070,-4.360485533,
1380308030,-4.448250489,
1380907990,-4.405622907,
1381507950,-4.364653827,
1382107910,-4.378484468,
1382707870,-4.387679947,
1383307830,-4.397927674,
1383907790,-4.419533163,
1384507750,-4.397780038,
1385107710,-4.360966882,
1385707670,-4.443102216,
1386307630,-4.395747842,
1386907590,-4.398348288,
1387507550,-4.445704459,
1388107510,-4.39063677,
1388707470,-4.4021471,
1389307430,-4.36402424,
1389907390,-4.367707677,
1390507350,-4.477047277,
1391107310,-4.434495729,
1391707270,-4.447334398,
1392307230,-4.412023632,
1392907190,-4.45537512,
1393507150,-4.405088373,
1394107110,-4.441034708,
1394707070,-4.463836477,
1395307030,-4.456001486,
1395906990,-4.443440753,
1396506950,-4.452774676,
1397106910,-4.456180994,
1397706870,-4.448222596,
1398306830,-4.508678175,
1398906790,-4.471079952,
1399506750,-4.436897579,
1400106710,-4.512999526,
1400706670,-4.44004448,
1401306630,-4.480792947,
1401906590,-4.476399329,
1402506550,-4.471252708,
1403106510,-4.490526819,
1403706470,-4.469816556,
1404306430,-4.517237972,
1404906390,-4.477966407,
1405506350,-4.4437703,
1406106310,-4.504834682,
1406706270,-4.494299187,
1407306230,-4.490186284,
1407906190,-4.470380869,
1408506150,-4.569323441,
1409106110,-4.561646238,
1409706070,-4.542181549,
1410306030,-4.492008996,
1410905990,-4.491611743,
1411505950,-4.542339638,
1412105910,-4.526242959,
1412705870,-4.552608622,
1413305830,-4.515656977,
1413905790,-4.542745437,
1414505750,-4.532071445,
1415105710,-4.552637396,
1415705670,-4.546610327,
1416305630,-4.551453011,
1416905590,-4.558061407,
1417505550,-4.508134118,
1418105510,-4.511573819,
1418705470,-4.556057973,
1419305430,-4.512701725,
1419905390,-4.597298393,
1420505350,-4.560529362,
1421105310,-4.579623826,
1421705270,-4.528685819,
1422305230,-4.610076234,
1422905190,-4.58173098,
1423505150,-4.613718722,
1424105110,-4.55883121,
1424705070,-4.54160344,
1425305030,-4.590475879,
1425904990,-4.608841695,
1426504950,-4.587294609,
1427104910,-4.538218239,
1427704870,-4.620019396,
1428304830,-4.630703946,
1428904790,-4.538652557,
1429504749,-4.591426835,
1430104709,-4.586266128,
1430704669,-4.534846928,
1431304629,-4.546917596,
1431904589,-4.608587286,
1432504549,-4.568562086,
1433104509,-4.633487991,
1433704469,-4.599127456,
1434304429,-4.605708966,
1434904389,-4.627554077,
1435504349,-4.596763307,
1436104309,-4.631418019,
1436704269,-4.660031022,
1437304229,-4.623551561,
1437904189,-4.667941984,
1438504149,-4.686394759,
1439104109,-4.598904558,
1439704069,-4.565724288,
1440304029,-4.591692648,
1440903989,-4.599036088,
1441503949,-4.641279683,
1442103909,-4.660133586,
1442703869,-4.625217784,
1443303829,-4.619886255,
1443903789,-4.606840457,
1444503749,-4.599110541,
1445103709,-4.62633954,
1445703669,-4.617841627,
1446303629,-4.581397237,
1446903589,-4.588406717,
1447503549,-4.588530582,
1448103509,-4.683537735,
1448703469,-4.630781188,
1449303429,-4.645331815,
1449903389,-4.587957905,
1450503349,-4.64899368,
1451103309,-4.632707313,
1451703269,-4.638129227,
1452303229,-4.658406691,
1452903189,-4.617066041,
1453503149,-4.638642361,
1454103109,-4.598707356,
1454703069,-4.639444343,
1455303029,-4.659771389,
1455902989,-4.640333133,
1456502949,-4.641168072,
1457102909,-4.6818016,
1457702869,-4.600394652,
1458302829,-4.654577871,
1458902789,-4.682346659,
1459502749,-4.656808159,
1460102709,-4.645198068,
1460702669,-4.684214166,
1461302629,-4.677670551,
1461902589,-4.677855638,
1462502549,-4.652891491,
1463102509,-4.662412412,
1463702469,-4.704158028,
1464302429,-4.680230194,
1464902389,-4.699393683,
1465502349,-4.705378086,
1466102309,-4.631176251,
1466702269,-4.645455756,
1467302229,-4.679042773,
1467902189,-4.663772288,
1468502149,-4.738820429,
1469102109,-4.667015848,
1469702069,-4.663435022,
1470302029,-4.775984296,
1470901989,-4.63276278,
1471501949,-4.714484053,
1472101909,-4.684410169,
1472701869,-4.703532496,
1473301829,-4.703210537,
1473901789,-4.726939356,
1474501749,-4.729773663,
1475101709,-4.712471628,
1475701669,-4.685421189,
1476301629,-4.716748012,
1476901589,-4.675469625,
1477501549,-4.714898934,
1478101509,-4.767712179,
1478701469,-4.741990024,
1479301429,-4.742725677,
1479901389,-4.734211058,
1480501349,-4.704965285,
1481101309,-4.754501191,
1481701269,-4.786993591,
1482301229,-4.820606072,
1482901189,-4.730727055,
1483501149,-4.764369113,
1484101109,-4.786746815,
1484701069,-4.743118618,
1485301029,-4.810591709,
1485900989,-4.779599927,
1486500949,-4.792066884,
1487100909,-4.777859091,
1487700869,-4.838412769,
1488300829,-4.832497733,
1488900789,-4.835151928,
1489500749,-4.812699075,
1490100709,-4.831109213,
1490700669,-4.86995024,
1491300629,-4.938186183,
1491900589,-4.823117396,
1492500549,-4.890273699,
1493100509,-4.84739165,
1493700469,-4.87375798,
1494300429,-4.89354814,
1494900389,-4.850291014,
1495500349,-4.935814357,
1496100309,-4.943228412,
1496700269,-4.939847735,
1497300229,-4.959642508,
1497900189,-4.940725511,
1498500149,-5.00653933,
1499100109,-5.065535635,
1499700069,-4.854767736,
1500300029,-4.958683445,
1500899989,-4.950230797,
1501499949,-4.985915966,
1502099909,-5.000439929,
1502699869,-5.017982657,
1503299829,-5.021434509,
1503899789,-5.088956169,
1504499749,-5.037380001,
1505099709,-5.042615798,
1505699669,-5.074537062,
1506299629,-5.093064998,
1506899589,-5.072868062,
1507499549,-5.128210454,
1508099509,-5.063508884,
1508699469,-5.157592037,
1509299429,-5.151290759,
1509899389,-5.144500059,
1510499349,-5.132195427,
1511099309,-5.239129746,
1511699269,-5.153937472,
1512299229,-5.178034124,
1512899189,-5.139312842,
1513499149,-5.228637419,
1514099109,-5.195741666,
1514699069,-5.194270607,
1515299029,-5.231337543,
1515898989,-5.249826985,
1516498949,-5.222584235,
1517098909,-5.281552517,
1517698869,-5.250027634,
1518298829,-5.298178196,
1518898789,-5.326440967,
1519498749,-5.309736585,
1520098709,-5.37118493,
1520698669,-5.34986571,
1521298629,-5.357855696,
1521898589,-5.406818642,
1522498549,-5.387206514,
1523098509,-5.380802655,
1523698469,-5.42878169,
1524298429,-5.371268813,
1524898389,-5.397445702,
1525498349,-5.504023916,
1526098309,-5.493103856,
1526698269,-5.436973429,
1527298229,-5.50963838,
1527898189,-5.507510609,
1528498149,-5.554566287,
1529098109,-5.575253863,
1529698069,-5.559816967,
1530298029,-5.582692294,
1530897989,-5.58773939,
1531497949,-5.592215198,
1532097909,-5.638582055,
1532697869,-5.624694349,
1533297829,-5.63465973,
1533897789,-5.577284263,
1534497749,-5.718283772,
1535097709,-5.665694707,
1535697669,-5.677070923,
1536297629,-5.697987638,
1536897589,-5.671878354,
1537497549,-5.719533954,
1538097509,-5.751787229,
1538697469,-5.751741916,
1539297429,-5.749570419,
1539897389,-5.699288901,
1540497349,-5.77150126,
1541097309,-5.752656411,
1541697269,-5.763537954,
1542297229,-5.759621664,
1542897189,-5.786571418,
1543497149,-5.816576956,
1544097109,-5.851358901,
1544697069,-5.765796624,
1545297029,-5.800665004,
1545896989,-5.841004589,
1546496949,-5.850473586,
1547096909,-5.949404034,
1547696869,-5.872405319,
1548296829,-5.921566792,
1548896789,-5.909821246,
1549496749,-5.929942116,
1550096709,-5.897087857,
1550696669,-5.884664206,
1551296629,-5.892329732,
1551896589,-5.902215318,
1552496549,-5.900478599,
1553096509,-5.89707028,
1553696469,-5.990091508,
1554296429,-5.977503055,
1554896389,-6.060553073,
1555496349,-5.986613096,
1556096309,-6.007185819,
1556696269,-6.006370104,
1557296229,-6.02623176,
1557896189,-6.108458569,
1558496149,-6.008083397,
1559096109,-6.079098501,
1559696069,-6.044882711,
1560296029,-6.104971847,
1560895989,-6.117473272,
1561495949,-6.055308828,
1562095909,-6.0592912,
1562695869,-6.088032224,
1563295829,-6.137127881,
1563895789,-6.120073165,
1564495749,-6.111747977,
1565095709,-6.192520261,
1565695669,-6.08991716,
1566295629,-6.22004734,
1566895589,-6.118813875,
1567495549,-6.142811995,
1568095509,-6.142160444,
1568695469,-6.143880429,
1569295429,-6.160203441,
1569895389,-6.178456337,
1570495349,-6.242570536,
1571095309,-6.147493014,
1571695269,-6.089196892,
1572295228,-6.182031606,
1572895188,-6.197739944,
1573495148,-6.153631927,
1574095108,-6.204662101,
1574695068,-6.235831353,
1575295028,-6.156105179,
1575894988,-6.282446553,
1576494948,-6.231669438,
1577094908,-6.255142398,
1577694868,-6.211616132,
1578294828,-6.193904396,
1578894788,-6.237990058,
1579494748,-6.252216713,
1580094708,-6.193930708,
1580694668,-6.248921565,
1581294628,-6.282299756,
1581894588,-6.211555107,
1582494548,-6.274675265,
1583094508,-6.3354366,
1583694468,-6.228337376,
1584294428,-6.264771801,
1584894388,-6.274226078,
1585494348,-6.253037768,
1586094308,-6.253327299,
1586694268,-6.284518263,
1587294228,-6.262595971,
1587894188,-6.30648041,
1588494148,-6.19130717,
1589094108,-6.309173919,
1589694068,-6.295897267,
1590294028,-6.298534918,
1590893988,-6.297032814,
1591493948,-6.319970219,
1592093908,-6.213530461,
1592693868,-6.282766725,
1593293828,-6.270358833,
1593893788,-6.292863289,
1594493748,-6.260189146,
1595093708,-6.284910808,
1595693668,-6.347540665,
1596293628,-6.294332865,
1596893588,-6.268292701,
1597493548,-6.285561651,
1598093508,-6.286417659,
1598693468,-6.346972755,
1599293428,-6.306916248,
1599893388,-6.258015849,
1600493348,-6.307357126,
1601093308,-6.317889049,
1601693268,-6.297624836,
1602293228,-6.279871847,
1602893188,-6.29770429,
1603493148,-6.321190946,
1604093108,-6.27598215,
1604693068,-6.231808227,
1605293028,-6.248738108,
1605892988,-6.264239903,
1606492948,-6.3497911,
1607092908,-6.316416379,
1607692868,-6.276094125,
1608292828,-6.30536485,
1608892788,-6.312922555,
1609492748,-6.338156959,
1610092708,-6.306197961,
1610692668,-6.29292205,
1611292628,-6.322294725,
1611892588,-6.351896338,
1612492548,-6.356367214,
1613092508,-6.34778583,
1613692468,-6.283479743,
1614292428,-6.348173408,
1614892388,-6.379119615,
1615492348,-6.3531897,
1616092308,-6.310393205,
1616692268,-6.357652967,
1617292228,-6.330061498,
1617892188,-6.284703192,
1618492148,-6.329516479,
1619092108,-6.311077116,
1619692068,-6.416509341,
1620292028,-6.356361354,
1620891988,-6.438627677,
1621491948,-6.366656635,
1622091908,-6.414886553,
1622691868,-6.443626072,
1623291828,-6.390273593,
1623891788,-6.376619321,
1624491748,-6.455607922,
1625091708,-6.416363418,
1625691668,-6.348779085,
1626291628,-6.332782941,
1626891588,-6.450940371,
1627491548,-6.41501033,
1628091508,-6.479968306,
1628691468,-6.428480401,
1629291428,-6.421215288,
1629891388,-6.524060373,
1630491348,-6.408308884,
1631091308,-6.492289583,
1631691268,-6.533962781,
1632291228,-6.434877476,
1632891188,-6.53229037,
1633491148,-6.506989741,
1634091108,-6.559829411,
1634691068,-6.564655376,
1635291028,-6.591909081,
1635890988,-6.54522276,
1636490948,-6.604273018,
1637090908,-6.519682922,
1637690868,-6.547872002,
1638290828,-6.632878153,
1638890788,-6.53677113,
1639490748,-6.649512081,
1640090708,-6.68812329,
1640690668,-6.593302892,
1641290628,-6.59897776,
1641890588,-6.620976075,
1642490548,-6.697908483,
1643090508,-6.74495963,
1643690468,-6.617795648,
1644290428,-6.782631933,
1644890388,-6.681829275,
1645490348,-6.697275864,
1646090308,-6.673526074,
1646690268,-6.832572127,
1647290228,-6.719374537,
1647890188,-6.802461919,
1648490148,-6.746228589,
1649090108,-6.86826549,
1649690068,-6.807530962,
1650290028,-6.878268648,
1650889988,-6.840722817,
1651489948,-6.927070585,
1652089908,-6.898768591,
1652689868,-6.934843577,
1653289828,-6.856480578,
1653889788,-6.937482895,
1654489748,-6.985237507,
1655089708,-6.946115878,
1655689668,-6.947010932,
1656289628,-6.961711375,
1656889588,-6.920440244,
1657489548,-6.954561714,
1658089508,-6.997412927,
1658689468,-7.033279484,
1659289428,-7.020174452,
1659889388,-7.010378943,
1660489348,-7.016047988,
1661089308,-7.048839097,
1661689268,-7.12407036,
1662289228,-7.080477358,
1662889188,-7.109344485,
1663489148,-7.112999914,
1664089108,-7.037457621,
1664689068,-7.185957808,
1665289028,-7.158067633,
1665888988,-7.251505363,
1666488948,-7.201244854,
1667088908,-7.196435898,
1667688868,-7.199897804,
1668288828,-7.296262022,
1668888788,-7.23346918,
1669488748,-7.203966542,
1670088708,-7.237357756,
1670688668,-7.289242095,
1671288628,-7.258547138,
1671888588,-7.334004694,
1672488548,-7.306218525,
1673088508,-7.389364213,
1673688468,-7.453772193,
1674288428,-7.409740562,
1674888388,-7.385035945,
1675488348,-7.391057772,
1676088308,-7.458377542,
1676688268,-7.399621218,
1677288228,-7.470801314,
1677888188,-7.510117529,
1678488148,-7.449327538,
1679088108,-7.44287175,
1679688068,-7.543752606,
1680288028,-7.599688669,
1680887988,-7.568098378,
1681487948,-7.597436196,
1682087908,-7.593766754,
1682687868,-7.649548823,
1683287828,-7.61289995,
1683887788,-7.603544779,
1684487748,-7.713218568,
1685087708,-7.649377072,
1685687668,-7.728842855,
1686287628,-7.705768717,
1686887588,-7.698495708,
1687487548,-7.77498954,
1688087508,-7.746369013,
1688687468,-7.748740359,
1689287428,-7.801734289,
1689887388,-7.859439987,
1690487348,-8.017481948,
1691087308,-7.934802512,
1691687268,-7.889246233,
1692287228,-7.931147642,
1692887188,-8.026719277,
1693487148,-7.971168358,
1694087108,-8.073382961,
1694687068,-8.169015026,
1695287028,-8.085001889,
1695886988,-8.040906818,
1696486948,-8.104978151,
1697086908,-8.159036486,
1697686868,-8.279246007,
1698286828,-8.281579762,
1698886788,-8.279862142,
1699486748,-8.234783915,
1700086708,-8.283319759,
1700686668,-8.254020522,
1701286628,-8.279979525,
1701886588,-8.331746079,
1702486548,-8.396384044,
1703086508,-8.437585488,
1703686468,-8.356549296,
1704286428,-8.40765746,
1704886388,-8.476598694,
1705486348,-8.51633874,
1706086308,-8.553186302,
1706686268,-8.546875748,
1707286228,-8.615447321,
1707886188,-8.560070499,
1708486148,-8.637382657,
1709086108,-8.684287825,
1709686068,-8.804174775,
1710286028,-8.748295321,
1710885988,-8.799430939,
1711485948,-8.869655803,
1712085908,-8.960560824,
1712685868,-8.964309844,
1713285828,-8.906389307,
1713885788,-9.060757914,
1714485748,-8.956326061,
1715085707,-9.202329074,
1715685667,-9.037384327,
1716285627,-9.154810963,
1716885587,-9.330487987,
1717485547,-9.338948975,
1718085507,-9.314815137,
1718685467,-9.519987045,
1719285427,-9.428807426,
1719885387,-9.485696572,
1720485347,-9.560348171,
1721085307,-9.575992834,
1721685267,-9.6306266,
1722285227,-9.788378985,
1722885187,-9.73506789,
1723485147,-9.720713178,
1724085107,-9.931129682,
1724685067,-9.831312477,
1725285027,-9.964001515,
1725884987,-10.00368655,
1726484947,-10.06950984,
1727084907,-10.0082004,
1727684867,-10.2486148,
1728284827,-10.2496459,
1728884787,-10.34142463,
1729484747,-10.3481209,
1730084707,-10.47787581,
1730684667,-10.5117398,
1731284627,-10.63307682,
1731884587,-10.63442998,
1732484547,-10.78259579,
1733084507,-10.7315452,
1733684467,-10.95318065,
1734284427,-10.88506925,
1734884387,-11.07508064,
1735484347,-11.05512933,
1736084307,-11.22994968,
1736684267,-11.25592209,
1737284227,-11.40223981,
1737884187,-11.46303412,
1738484147,-11.58327296,
1739084107,-11.6383572,
1739684067,-11.69555998,
1740284027,-11.8160758,
1740883987,-11.91590616,
1741483947,-11.99747403,
1742083907,-12.14156042,
1742683867,-12.25002739,
1743283827,-12.15477209,
1743883787,-12.28702515,
1744483747,-12.45712461,
1745083707,-12.39215641,
1745683667,-12.69788834,
1746283627,-12.73323217,
1746883587,-12.99356465,
1747483547,-12.89223699,
1748083507,-13.10051255,
1748683467,-13.30287376,
1749283427,-13.26201874,
1749883387,-13.42505292,
1750483347,-13.58163726,
1751083307,-13.76567406,
1751683267,-13.74583375,
1752283227,-13.86452328,
1752883187,-14.01222136,
1753483147,-14.30231249,
1754083107,-14.18072894,
1754683067,-14.52049715,
1755283027,-14.64483103,
1755882987,-14.7920259,
1756482947,-14.77000789,
1757082907,-15.16313507,
1757682867,-15.25731758,
1758282827,-15.02500339,
1758882787,-15.2498881,
1759482747,-15.46919591,
1760082707,-15.54384468,
1760682667,-15.83017221,
1761282627,-15.97895756,
1761882587,-16.37283927,
1762482547,-16.51028527,
1763082507,-16.56789292,
1763682467,-16.52618818,
1764282427,-17.01292588,
1764882387,-16.9204803,
1765482347,-17.19683405,
1766082307,-17.28330115,
1766682267,-17.5527088,
1767282227,-17.75235605,
1767882187,-17.93444065,
1768482147,-18.16440623,
1769082107,-18.50391496,
1769682067,-18.43971764,
1770282027,-19.02663392,
1770881987,-18.76162978,
1771481947,-19.24220865,
1772081907,-19.72750942,
1772681867,-19.36862158,
1773281827,-19.98973748,
1773881787,-20.31179861,
1774481747,-20.51523693,
1775081707,-20.79149838,
1775681667,-20.96477989,
1776281627,-21.21195846,
1776881587,-21.34047675,
1777481547,-22.1241509,
1778081507,-22.06250457,
1778681467,-22.17050893,
1779281427,-22.55270168,
1779881387,-22.74827791,
1780481347,-23.18448357,
1781081307,-23.50647254,
1781681267,-23.45392546,
1782281227,-24.05388469,
1782881187,-24.4708874,
1783481147,-24.56033095,
1784081107,-24.89086637,
1784681067,-25.2673247,
1785281027,-25.97132599,
1785880987,-25.86178238,
1786480947,-25.87857014,
1787080907,-27.34662329,
1787680867,-27.03931829,
1788280827,-27.6035097,
1788880787,-29.54960009,
1789480747,-28.59303144,
1790080707,-29.49270375,
1790680667,-33.06350006,
1791280627,-33.64305916,
1791880587,-33.86561094,
1792480547,-34.86089479,
1793080507,-35.82974011,
1793680467,-35.52712498,
1794280427,-35.63707909,
1794880387,-36.47825369,
1795480347,-36.4416391,
1796080307,-37.07337221,
1796680267,-37.56027397,
1797280227,-37.84534357,
1797880187,-37.85707753,
1798480147,-37.60284179,
1799080107,-37.12484809,
1799680067,-36.47432458,
1800280027,-37.53591625,
1800879987,-39.46556727,
1801479947,-34.87612107,
1802079907,-35.09591715,
1802679867,-35.93453361,
1803279827,-33.35099339,
1803879787,-32.95344173,
1804479747,-33.35071806,
1805079707,-31.96577109,
1805679667,-30.91480524,
1806279627,-29.65353307,
1806879587,-28.59138453,
1807479547,-28.79654949,
1808079507,-27.96695465,
1808679467,-27.40798884,
1809279427,-26.28733618,
1809879387,-26.16028109,
1810479347,-26.07460532,
1811079307,-25.91626369,
1811679267,-25.57518655,
1812279227,-24.98207149,
1812879187,-24.64651644,
1813479147,-24.26858134,
1814079107,-24.04146074,
1814679067,-23.8954471,
1815279027,-23.52467476,
1815878987,-23.44107205,
1816478947,-23.26129545,
1817078907,-22.82828507,
1817678867,-22.51296343,
1818278827,-22.43483253,
1818878787,-22.36274337,
1819478747,-21.88260659,
1820078707,-21.78257052,
1820678667,-22.16217801,
1821278627,-21.63441393,
1821878587,-21.41671561,
1822478547,-21.36430596,
1823078507,-21.45545244,
1823678467,-20.75672374,
1824278427,-20.6039673,
1824878387,-20.21461367,
1825478347,-19.72252581,
1826078307,-20.31083345,
1826678267,-19.52888736,
1827278227,-19.53608512,
1827878187,-19.17903936,
1828478147,-19.3830164,
1829078107,-19.48960952,
1829678067,-19.3137191,
1830278027,-19.01342804,
1830877987,-18.88459174,
1831477947,-18.69844575,
1832077907,-18.60313354,
1832677867,-18.48155662,
1833277827,-18.80310055,
1833877787,-18.37612007,
1834477747,-18.16085102,
1835077707,-18.13166642,
1835677667,-18.08834642,
1836277627,-17.98251976,
1836877587,-17.82023095,
1837477547,-17.85087763,
1838077507,-17.88162789,
1838677467,-17.60383871,
1839277427,-17.59909505,
1839877387,-17.39162221,
1840477347,-17.34480624,
1841077307,-17.40380645,
1841677267,-17.32712478,
1842277227,-17.30100743,
1842877187,-17.13115658,
1843477147,-17.27015959,
1844077107,-17.00147318,
1844677067,-17.01519586,
1845277027,-17.05719265,
1845876987,-16.78321216,
1846476947,-17.03790894,
1847076907,-16.76622157,
1847676867,-16.71158566,
1848276827,-16.75848894,
1848876787,-16.90445079,
1849476747,-16.84823364,
1850076707,-16.82294619,
1850676667,-16.6230702,
1851276627,-16.66250729,
1851876587,-16.61620799,
1852476547,-16.44637003,
1853076507,-16.6586122,
1853676467,-16.57687536,
1854276427,-16.49821289,
1854876387,-16.54880323,
1855476347,-16.53940708,
1856076307,-16.55636232,
1856676267,-16.2811027,
1857276227,-16.37556751,
1857876186,-16.26848447,
1858476146,-16.36263087,
1859076106,-16.50078494,
1859676066,-16.1360972,
1860276026,-16.54647964,
1860875986,-16.33528179,
1861475946,-16.19775777,
1862075906,-16.33717288,
1862675866,-16.32926043,
1863275826,-16.27198669,
1863875786,-16.07010234,
1864475746,-15.95674372,
1865075706,-16.12305973,
1865675666,-16.24373475,
1866275626,-16.29480063,
1866875586,-16.11604484,
1867475546,-16.16448069,
1868075506,-15.97342022,
1868675466,-15.77707878,
1869275426,-16.00947935,
1869875386,-16.01432384,
1870475346,-15.72652933,
1871075306,-16.23521052,
1871675266,-15.76904912,
1872275226,-15.87134294,
1872875186,-15.92080205,
1873475146,-15.88017361,
1874075106,-16.0990918,
1874675066,-16.17271999,
1875275026,-16.11470833,
1875874986,-15.74542481,
1876474946,-15.70525363,
1877074906,-15.92077382,
1877674866,-15.89890166,
1878274826,-15.7650416,
1878874786,-16.00484249,
1879474746,-15.9665806,
1880074706,-15.57587775,
1880674666,-15.93093495,
1881274626,-15.72853119,
1881874586,-15.84104998,
1882474546,-15.59916013,
1883074506,-15.83968977,
1883674466,-15.70100691,
1884274426,-15.77417699,
1884874386,-15.68197408,
1885474346,-15.81275414,
1886074306,-15.55050016,
1886674266,-15.45367874,
1887274226,-15.50321061,
1887874186,-15.54827325,
1888474146,-15.59531169,
1889074106,-15.31335489,
1889674066,-15.62072962,
1890274026,-15.5628208,
1890873986,-15.60509576,
1891473946,-15.4355781,
1892073906,-15.63816853,
1892673866,-15.5840747,
1893273826,-15.49935025,
1893873786,-15.58882591,
1894473746,-15.49034962,
1895073706,-15.48381827,
1895673666,-15.67844188,
1896273626,-15.49740793,
1896873586,-15.52778824,
1897473546,-15.45355951,
1898073506,-15.40929346,
1898673466,-15.38332743,
1899273426,-15.4810369,
1899873386,-15.45014734,
1900473346,-15.25896134,
1901073306,-15.36846512,
1901673266,-15.43901626,
1902273226,-15.35483027,
1902873186,-15.41924357,
1903473146,-15.16744592,
1904073106,-15.40051103,
1904673066,-15.32399208,
1905273026,-15.18281423,
1905872986,-15.26069465,
1906472946,-15.25984302,
1907072906,-15.26183603,
1907672866,-15.22922442,
1908272826,-15.06233614,
1908872786,-15.06090623,
1909472746,-15.26094964,
1910072706,-15.09829523,
1910672666,-15.04384993,
1911272626,-15.03881788,
1911872586,-14.98499186,
1912472546,-15.07396207,
1913072506,-15.15047903,
1913672466,-14.8682278,
1914272426,-15.03311108,
1914872386,-14.95825555,
1915472346,-14.94121326,
1916072306,-14.98422507,
1916672266,-14.85905621,
1917272226,-14.8405092,
1917872186,-14.89532345,
1918472146,-14.78446884,
1919072106,-14.67685679,
1919672066,-14.99230837,
1920272026,-14.68321679,
1920871986,-14.71050416,
1921471946,-14.75029494,
1922071906,-14.65509044,
1922671866,-14.71244545,
1923271826,-14.6022447,
1923871786,-14.5617669,
1924471746,-14.63106112,
1925071706,-14.47234,
1925671666,-14.62570506,
1926271626,-14.61656127,
1926871586,-14.64442719,
1927471546,-14.47553829,
1928071506,-14.42088995,
1928671466,-14.47961683,
1929271426,-14.36492241,
1929871386,-14.39764804,
1930471346,-14.35835186,
1931071306,-14.31044885,
1931671266,-14.28671742,
1932271226,-14.28333004,
1932871186,-14.23449005,
1933471146,-14.17818058,
1934071106,-14.31105865,
1934671066,-14.20689283,
1935271026,-14.09795071,
1935870986,-14.15929413,
1936470946,-14.10375513,
1937070906,-14.15376085,
1937670866,-14.05969044,
1938270826,-14.01177986,
1938870786,-13.99856402,
1939470746,-13.86196378,
1940070706,-14.06678041,
1940670666,-14.00786554,
1941270626,-13.8627518,
1941870586,-13.89625407,
1942470546,-13.88337775,
1943070506,-13.8256229,
1943670466,-13.85367546,
1944270426,-13.86196062,
1944870386,-13.79948779,
1945470346,-13.89681799,
1946070306,-13.64021006,
1946670266,-13.70613514,
1947270226,-13.67185749,
1947870186,-13.72863983,
1948470146,-13.57044457,
1949070106,-13.72300185,
1949670066,-13.63888819,
1950270026,-13.69415715,
1950869986,-13.50813515,
1951469946,-13.77064276,
1952069906,-13.56297018,
1952669866,-13.59427487,
1953269826,-13.51466262,
1953869786,-13.67030168,
1954469746,-13.51760732,
1955069706,-13.54579804,
1955669666,-13.42232686,
1956269626,-13.47434937,
1956869586,-13.49619315,
1957469546,-13.47715348,
1958069506,-13.58159793,
1958669466,-13.46661015,
1959269426,-13.52373629,
1959869386,-13.39943196,
1960469346,-13.52954282,
1961069306,-13.4368454,
1961669266,-13.47754178,
1962269226,-13.39707069,
1962869186,-13.45644015,
1963469146,-13.42418705,
1964069106,-13.40788827,
1964669066,-13.38696067,
1965269026,-13.27638262,
1965868986,-13.47280395,
1966468946,-13.5199424,
1967068906,-13.39822853,
1967668866,-13.32597372,
1968268826,-13.33657396,
1968868786,-13.6295908,
1969468746,-13.40014521,
1970068706,-13.29785308,
1970668666,-13.31056014,
1971268626,-13.53144499,
1971868586,-13.39009126,
1972468546,-13.33037495,
1973068506,-13.38732507,
1973668466,-13.34784672,
1974268426,-13.46007857,
1974868386,-13.55946785,
1975468346,-13.44994425,
1976068306,-13.45149533,
1976668266,-13.5012483,
1977268226,-13.4053634,
1977868186,-13.40912847,
1978468146,-13.38432431,
1979068106,-13.3363311,
1979668066,-13.48051289,
1980268026,-13.4736854,
1980867986,-13.35922541,
1981467946,-13.39282464,
1982067906,-13.47172017,
1982667866,-13.38636638,
1983267826,-13.44822053,
1983867786,-13.47656637,
1984467746,-13.4529341,
1985067706,-13.51450509,
1985667666,-13.48783395,
1986267626,-13.43205232,
1986867586,-13.75284177,
1987467546,-13.69111902,
1988067506,-13.59226645,
1988667466,-13.66411209,
1989267426,-13.64289044,
1989867386,-13.6829465,
1990467346,-13.77144334,
1991067306,-13.78612883,
1991667266,-13.82836002,
1992267226,-13.90211803,
1992867186,-13.79350017,
1993467146,-13.96337119,
1994067106,-13.99861336,
1994667066,-13.98688915,
1995267026,-13.9853168,
1995866986,-14.03203665,
1996466946,-14.04644548,
1997066906,-14.17121945,
1997666866,-13.91935492,
1998266826,-14.08368286,
1998866786,-14.16707462,
1999466746,-14.25782697,
2000066706,-14.32981137,
2000666666,-14.42745309,
2001266626,-14.27470861,
2001866585,-14.3982202,
2002466545,-14.5363264,
2003066505,-14.48622213,
2003666465,-14.62762918,
2004266425,-14.53013772,
2004866385,-14.63647111,
2005466345,-14.92908639,
2006066305,-14.46452825,
2006666265,-14.84198936,
2007266225,-14.86302098,
2007866185,-15.10985904,
2008466145,-14.98966764,
2009066105,-15.01073406,
2009666065,-14.81443673,
2010266025,-15.20896414,
2010865985,-15.21989873,
2011465945,-15.11677257,
2012065905,-15.5569445,
2012665865,-15.48936167,
2013265825,-15.50042036,
2013865785,-15.49050247,
2014465745,-15.72738869,
2015065705,-15.773134,
2015665665,-15.95361,
2016265625,-15.89920699,
2016865585,-16.07424189,
2017465545,-16.05987645,
2018065505,-16.05154273,
2018665465,-16.33713943,
2019265425,-16.60542403,
2019865385,-16.19541003,
2020465345,-16.38334929,
2021065305,-16.54355059,
2021665265,-16.37674059,
2022265225,-16.39757316,
2022865185,-16.67366769,
2023465145,-16.73876156,
2024065105,-16.74247496,
2024665065,-16.89624707,
2025265025,-16.83463251,
2025864985,-17.03835296,
2026464945,-17.1214171,
2027064905,-17.10930958,
2027664865,-17.1228165,
2028264825,-17.40455905,
2028864785,-17.48322519,
2029464745,-17.38900355,
2030064705,-17.7778516,
2030664665,-17.5324318,
2031264625,-17.83603619,
2031864585,-17.72528068,
2032464545,-17.95396493,
2033064505,-17.75062086,
2033664465,-18.12066697,
2034264425,-18.48145857,
2034864385,-18.25750354,
2035464345,-18.37866697,
2036064305,-18.50070096,
2036664265,-18.60277348,
2037264225,-18.42730105,
2037864185,-18.83622938,
2038464145,-18.81906608,
2039064105,-18.61339151,
2039664065,-18.98695581,
2040264025,-19.27966562,
2040863985,-19.48170122,
2041463945,-19.49225851,
2042063905,-19.20806558,
2042663865,-19.3646681,
2043263825,-19.50594962,
2043863785,-19.50401969,
2044463745,-19.96410954,
2045063705,-19.49538989,
2045663665,-19.87871118,
2046263625,-20.43179719,
2046863585,-20.85414279,
2047463545,-20.51243929,
2048063505,-20.70790696,
2048663465,-20.6413054,
2049263425,-20.73093434,
2049863385,-20.99982804,
2050463345,-21.17096978,
2051063305,-20.94205674,
2051663265,-20.89226832,
2052263225,-21.3018469,
2052863185,-21.08169523,
2053463145,-21.19721996,
2054063105,-21.23115506,
2054663065,-21.78634295,
2055263025,-21.73581971,
2055862985,-21.61579792,
2056462945,-21.99520969,
2057062905,-21.9297335,
2057662865,-21.86813393,
2058262825,-21.9582389,
2058862785,-22.02759811,
2059462745,-21.9812692,
2060062705,-22.38879004,
2060662665,-22.18754936,
2061262625,-22.40828271,
2061862585,-22.64923495,
2062462545,-22.50254036,
2063062505,-22.50856966,
2063662465,-23.0025302,
2064262425,-23.18213228,
2064862385,-22.93616966,
2065462345,-23.51054676,
2066062305,-23.54505005,
2066662265,-23.59318663,
2067262225,-23.51417646,
2067862185,-23.19806335,
2068462145,-23.45339477,
2069062105,-24.01332102,
2069662065,-23.65343775,
2070262025,-23.48550824,
2070861985,-23.81523654,
2071461945,-24.46740536,
2072061905,-24.51661647,
2072661865,-24.41396038,
2073261825,-24.75509931,
2073861785,-24.68077132,
2074461745,-24.91709456,
2075061705,-25.23231427,
2075661665,-25.31788233,
2076261625,-25.48927305,
2076861585,-25.24098552,
2077461545,-25.73498029,
2078061505,-24.7955607,
2078661465,-25.45460033,
2079261425,-25.57603514,
2079861385,-25.54907466,
2080461345,-26.43054627,
2081061305,-26.20249846,
2081661265,-26.40290581,
2082261225,-26.419347,
2082861185,-26.55600848,
2083461145,-26.49792386,
2084061105,-26.69736313,
2084661065,-27.46658607,
2085261025,-27.2586447,
2085860985,-27.78365958,
2086460945,-28.42744574,
2087060905,-28.07175192,
2087660865,-28.62545713,
2088260825,-28.34906816,
2088860785,-28.35355365,
2089460745,-27.94392979,
2090060705,-30.83255159,
2090660665,-28.76387598,
2091260625,-30.6406414,
2091860585,-31.14272986,
2092460545,-31.61278697,
2093060505,-31.77451513,
2093660465,-31.35640258,
2094260425,-32.65001615,
2094860385,-33.41922215,
2095460345,-33.01311252,
2096060305,-32.35291767,
2096660265,-32.81215404,
2097260225,-32.15398215,
2097860185,-33.40796296,
2098460145,-35.10728915,
2099060105,-34.49016679,
2099660065,-34.55464645,
2100260025,-33.43718509,
2100859985,-35.80540571,
2101459945,-39.44905651,
2102059905,-34.28875746,
2102659865,-35.41115011,
2103259825,-38.36977228,
2103859785,-37.05725504,
2104459745,-35.68381206,
2105059705,-37.95964948,
2105659665,-36.39752661,
2106259625,-35.86163621,
2106859585,-36.23616197,
2107459545,-36.60263428,
2108059505,-36.98764853,
2108659465,-37.41827782,
2109259425,-37.86280832,
2109859385,-38.31475787,
2110459345,-38.77657196,
2111059305,-39.31964035,
2111659265,-39.87900576,
2112259225,-40.45322272,
2112859185,-41.09413983,
2113459145,-41.81974928,
2114059105,-42.5563003,
2114659065,-43.35038233,
2115259025,-44.15928191,
2115858985,-45.16587264,
2116458945,-46.16361304,
2117058905,-47.1789971,
2117658865,-48.22405983,
2118258825,-49.18711028,
2118858785,-49.9093012,
2119458745,-50.1509368,
2120058705,-49.92429456,
2120658665,-49.29903291,
2121258625,-48.34092072,
2121858585,-47.28796703,
2122458545,-46.26966063,
2123058505,-45.23603992,
2123658465,-44.30629977,
2124258425,-43.3907541,
2124858385,-42.59813053,
2125458345,-41.78620245,
2126058305,-41.05708144,
2126658265,-40.37983514,
2127258225,-39.76464632,
2127858185,-39.13208866,
2128458145,-38.61257538,
2129058105,-38.06562608,
2129658065,-37.54575131,
2130258025,-37.02620743,
2130857985,-36.5740126,
2131457945,-36.12294481,
2132057905,-35.6932615,
2132657865,-36.18508431,
2133257825,-34.87942775,
2133857785,-36.18322224,
2134457745,-36.59342488,
2135057705,-35.04914983,
2135657665,-35.659718,
2136257625,-35.35235373,
2136857585,-34.29529675,
2137457545,-34.51161666,
2138057505,-34.29106104,
2138657465,-32.47025714,
2139257425,-33.73416772,
2139857385,-32.80907165,
2140457345,-32.04387964,
2141057305,-33.0721518,
2141657265,-32.98588321,
2142257225,-31.97650981,
2142857185,-32.53817213,
2143457145,-30.87091401,
2144057105,-30.95690051,
2144657065,-31.70566026,
2145257025,-29.87611908,
2145856985,-28.29268282,
2146456945,-29.05050709,
2147056905,-28.09381779,
2147656865,-28.81713613,
2148256825,-27.73809389,
2148856785,-27.89800506,
2149456745,-27.86752333,
2150056705,-29.02264123,
2150656665,-26.86153255,
2151256625,-28.04498571,
2151856585,-26.40622882,
2152456545,-25.75666925,
2153056505,-25.83015242,
2153656465,-25.8953433,
2154256425,-24.97314654,
2154856385,-25.68641402,
2155456344,-25.39082726,
2156056304,-25.03722209,
2156656264,-24.78788915,
2157256224,-24.39658913,
2157856184,-25.2731914,
2158456144,-24.93454341,
2159056104,-25.09411771,
2159656064,-24.65436611,
2160256024,-24.16837068,
2160855984,-24.32770678,
2161455944,-24.18272354,
2162055904,-23.76872978,
2162655864,-23.73779769,
2163255824,-23.39448125,
2163855784,-23.22301308,
2164455744,-23.16598532,
2165055704,-23.36961562,
2165655664,-22.83641389,
2166255624,-22.98903855,
2166855584,-22.56630451,
2167455544,-22.4453852,
2168055504,-22.11256035,
2168655464,-21.95751761,
2169255424,-22.00653227,
2169855384,-21.87536229,
2170455344,-21.77166361,
2171055304,-21.6707889,
2171655264,-21.60526698,
2172255224,-21.52410619,
2172855184,-21.28882261,
2173455144,-21.14605842,
2174055104,-21.42690919,
2174655064,-20.94529719,
2175255024,-21.12280668,
2175854984,-21.20087125,
2176454944,-20.7576103,
2177054904,-20.53249201,
2177654864,-20.42475051,
2178254824,-20.20737504,
2178854784,-20.32459837,
2179454744,-20.02441367,
2180054704,-20.03300249,
2180654664,-19.94703806,
2181254624,-19.84697229,
2181854584,-19.62855237,
2182454544,-19.31288195,
2183054504,-19.23300095,
2183654464,-19.7316259,
2184254424,-18.94487593,
2184854384,-18.59910372,
2185454344,-18.32361517,
2186054304,-18.38499383,
2186654264,-18.58683418,
2187254224,-18.40016775,
2187854184,-18.02796045,
2188454144,-18.2547369,
2189054104,-18.13170399,
2189654064,-17.78728624,
2190254024,-17.94143978,
2190853984,-17.63832832,
2191453944,-17.61816325,
2192053904,-17.52269753,
2192653864,-17.61633036,
2193253824,-17.21818333,
2193853784,-17.11274029,
2194453744,-17.44598118,
2195053704,-16.8541378,
2195653664,-16.63341577,
2196253624,-16.78763751,
2196853584,-16.9302488,
2197453544,-16.57991988,
2198053504,-16.52048044,
2198653464,-16.22952984,
2199253424,-16.3664327,
2199853384,-16.23983515,
2200453344,-16.03814562,
2201053304,-16.14649807,
2201653264,-16.03486487,
2202253224,-15.8464704,
2202853184,-15.89734022,
2203453144,-15.72076001,
2204053104,-15.84602071,
2204653064,-15.56462207,
2205253024,-15.56851667,
2205852984,-15.48543766,
2206452944,-15.16236458,
2207052904,-15.42011771,
2207652864,-15.39443635,
2208252824,-15.12271354,
2208852784,-15.11013933,
2209452744,-14.89478719,
2210052704,-14.75057396,
2210652664,-14.81435193,
2211252624,-14.81845188,
2211852584,-14.54878311,
2212452544,-14.83690991,
2213052504,-14.48873494,
2213652464,-14.22853986,
2214252424,-14.01115695,
2214852384,-13.97142204,
2215452344,-14.13847824,
2216052304,-13.93418272,
2216652264,-13.94333991,
2217252224,-13.90621147,
2217852184,-13.81285829,
2218452144,-13.70696844,
2219052104,-13.49906463,
2219652064,-13.66921713,
2220252024,-13.67218139,
2220851984,-13.5103588,
2221451944,-13.28038711,
2222051904,-13.42590587,
2222651864,-13.41024034,
2223251824,-13.15189043,
2223851784,-13.28298044,
2224451744,-13.08142183,
2225051704,-13.07740585,
2225651664,-13.05268138,
2226251624,-13.12321179,
2226851584,-13.08920251,
2227451544,-12.94230548,
2228051504,-12.88971191,
2228651464,-12.74281712,
2229251424,-12.93280215,
2229851384,-12.77474912,
2230451344,-12.84418383,
2231051304,-12.68826335,
2231651264,-12.49438507,
2232251224,-12.52925701,
2232851184,-12.44263048,
2233451144,-12.40551225,
2234051104,-12.44370914,
2234651064,-12.53230573,
2235251024,-12.22457196,
2235850984,-12.29119341,
2236450944,-12.19621434,
2237050904,-12.14831769,
2237650864,-12.12026652,
2238250824,-12.05765789,
2238850784,-12.02499278,
2239450744,-11.83324362,
2240050704,-12.13796084,
2240650664,-11.93692714,
2241250624,-11.87530504,
2241850584,-11.72951574,
2242450544,-11.81452076,
2243050504,-11.68403233,
2243650464,-11.71398432,
2244250424,-11.67570075,
2244850384,-11.5564565,
2245450344,-11.64248449,
2246050304,-11.66271578,
2246650264,-11.49793602,
2247250224,-11.60029585,
2247850184,-11.49533245,
2248450144,-11.49639073,
2249050104,-11.45763972,
2249650064,-11.47474134,
2250250024,-11.44218365,
2250849984,-11.44045478,
2251449944,-11.39470394,
2252049904,-11.34680706,
2252649864,-11.21410341,
2253249824,-11.3392191,
2253849784,-11.34101709,
2254449744,-11.2487146,
2255049704,-11.21181972,
2255649664,-11.24275554,
2256249624,-11.20350074,
2256849584,-11.11068851,
2257449544,-11.17711463,
2258049504,-11.15324391,
2258649464,-11.0946253,
2259249424,-11.10880901,
2259849384,-11.12921661,
2260449344,-11.10228435,
2261049304,-11.0408999,
2261649264,-10.93842968,
2262249224,-11.08445622,
2262849184,-11.11149801,
2263449144,-11.05325399,
2264049104,-10.906012,
2264649064,-10.95662623,
2265249024,-10.91347082,
2265848984,-10.89056564,
2266448944,-10.91436768,
2267048904,-10.79254841,
2267648864,-10.92207418,
2268248824,-10.86062272,
2268848784,-10.77817039,
2269448744,-10.79978552,
2270048704,-10.7819089,
2270648664,-10.75558131,
2271248624,-10.72132841,
2271848584,-10.6980966,
2272448544,-10.68270032,
2273048504,-10.72979029,
2273648464,-10.64361729,
2274248424,-10.716665,
2274848384,-10.65953563,
2275448344,-10.64475133,
2276048304,-10.68112901,
2276648264,-10.63119258,
2277248224,-10.58848467,
2277848184,-10.79657148,
2278448144,-10.58961775,
2279048104,-10.69699136,
2279648064,-10.63073353,
2280248024,-10.5382341,
2280847984,-10.55490113,
2281447944,-10.70124306,
2282047904,-10.55066388,
2282647864,-10.54854683,
2283247824,-10.47611436,
2283847784,-10.52372307,
2284447744,-10.43045383,
2285047704,-10.49127388,
2285647664,-10.50170703,
2286247624,-10.55440047,
2286847584,-10.44216274,
2287447544,-10.46096509,
2288047504,-10.39879201,
2288647464,-10.49561492,
2289247424,-10.45905688,
2289847384,-10.44184387,
2290447344,-10.38232088,
2291047304,-10.41045769,
2291647264,-10.38000098,
2292247224,-10.38711321,
2292847184,-10.4255355,
2293447144,-10.41744148,
2294047104,-10.50344732,
2294647064,-10.44541407,
2295247024,-10.35727175,
2295846984,-10.35583468,
2296446944,-10.325168,
2297046904,-10.28213552,
2297646864,-10.30683334,
2298246824,-10.19692357,
2298846784,-10.30930488,
2299446744,-10.32147814,
2300046704,-10.35049198,
2300646664,-10.20164563,
2301246624,-10.24426057,
2301846584,-10.25949568,
2302446544,-10.47391503,
2303046504,-10.14330653,
2303646464,-10.1785031,
2304246424,-10.10287423,
2304846384,-10.25485469,
2305446344,-10.18991548,
2306046304,-10.16758228,
2306646264,-10.12286894,
2307246224,-10.22580669,
2307846184,-10.14228016,
2308446144,-10.11259509,
2309046103,-9.94796239,
2309646063,-10.17263386,
2310246023,-10.09321686,
2310845983,-10.15610497,
2311445943,-9.977750074,
2312045903,-10.07074149,
2312645863,-10.04383836,
2313245823,-9.997382936,
2313845783,-10.16499629,
2314445743,-10.08839536,
2315045703,-10.01355337,
2315645663,-9.94724529,
2316245623,-9.926610426,
2316845583,-9.960903336,
2317445543,-9.889728528,
2318045503,-9.960274489,
2318645463,-9.909592996,
2319245423,-9.880079359,
2319845383,-9.859338082,
2320445343,-9.831386425,
2321045303,-9.796991361,
2321645263,-9.826329437,
2322245223,-9.882691904,
2322845183,-9.894910449,
2323445143,-9.703658959,
2324045103,-9.823352945,
2324645063,-9.657535292,
2325245023,-9.723714761,
2325844983,-9.790313992,
2326444943,-9.575810029,
2327044903,-9.667767378,
2327644863,-9.723894472,
2328244823,-9.638437909,
2328844783,-9.67389159,
2329444743,-9.604925433,
2330044703,-9.565104389,
2330644663,-9.615192164,
2331244623,-9.544798427,
2331844583,-9.471594385,
2332444543,-9.569446329,
2333044503,-9.395127361,
2333644463,-9.387674935,
2334244423,-9.388561413,
2334844383,-9.386034611,
2335444343,-9.404864042,
2336044303,-9.35044892,
2336644263,-9.313682522,
2337244223,-9.226051666,
2337844183,-9.401973864,
2338444143,-9.421899515,
2339044103,-9.330281145,
2339644063,-9.283503734,
2340244023,-9.268980047,
2340843983,-9.336890943,
2341443943,-9.161482053,
2342043903,-9.163722658,
2342643863,-9.188009999,
2343243823,-9.071995547,
2343843783,-9.023861447,
2344443743,-9.236084425,
2345043703,-9.106472909,
2345643663,-9.08809626,
2346243623,-9.009644601,
2346843583,-9.045374004,
2347443543,-9.059403788,
2348043503,-8.857445363,
2348643463,-8.925884585,
2349243423,-8.808437228,
2349843383,-9.02442698,
2350443343,-8.865771092,
2351043303,-8.906974728,
2351643263,-8.818054802,
2352243223,-8.819750841,
2352843183,-8.813376265,
2353443143,-8.752645396,
2354043103,-8.781243509,
2354643063,-8.7193017,
2355243023,-8.684437312,
2355842983,-8.685175639,
2356442943,-8.5431372,
2357042903,-8.569713559,
2357642863,-8.604250709,
2358242823,-8.577733781,
2358842783,-8.616207799,
2359442743,-8.570244373,
2360042703,-8.562944665,
2360642663,-8.454456317,
2361242623,-8.424690754,
2361842583,-8.44362997,
2362442543,-8.520878296,
2363042503,-8.446819194,
2363642463,-8.408353324,
2364242423,-8.329932665,
2364842383,-8.305639149,
2365442343,-8.364426248,
2366042303,-8.225833536,
2366642263,-8.237032756,
2367242223,-8.347491506,
2367842183,-8.206832716,
2368442143,-8.112660204,
2369042103,-8.166759394,
2369642063,-8.052292107,
2370242023,-8.044462972,
2370841983,-7.937573286,
2371441943,-8.058832228,
2372041903,-7.959650725,
2372641863,-7.991579813,
2373241823,-7.851531653,
2373841783,-7.8457773,
2374441743,-7.885903315,
2375041703,-7.823375141,
2375641663,-7.86383605,
2376241623,-7.77197502,
2376841583,-7.740631296,
2377441543,-7.748810876,
2378041503,-7.728060635,
2378641463,-7.655098922,
2379241423,-7.725349327,
2379841383,-7.618070264,
2380441343,-7.641572727,
2381041303,-7.604090761,
2381641263,-7.607593897,
2382241223,-7.536518526,
2382841183,-7.522707471,
2383441143,-7.545459872,
2384041103,-7.470792184,
2384641063,-7.447046718,
2385241023,-7.48479664,
2385840983,-7.456935101,
2386440943,-7.357935662,
2387040903,-7.44249705,
2387640863,-7.382194146,
2388240823,-7.362416904,
2388840783,-7.371364667,
2389440743,-7.363971788,
2390040703,-7.333799594,
2390640663,-7.23810186,
2391240623,-7.273372652,
2391840583,-7.16853697,
2392440543,-7.20125578,
2393040503,-7.23141474,
2393640463,-7.239666043,
2394240423,-7.134504251,
2394840383,-7.073664983,
2395440343,-7.06508416,
2396040303,-7.040631265,
2396640263,-7.060583713,
2397240223,-7.04342654,
2397840183,-6.926913071,
2398440143,-7.155648607,
2399040103,-7.021088385,
2399640063,-6.967337492,
2400240023,-6.953582347,
2400839983,-6.89935269,
2401439943,-6.892223508,
2402039903,-6.895274342,
2402639863,-6.971399316,
2403239823,-6.918174182,
2403839783,-6.905997704,
2404439743,-6.913732782,
2405039703,-6.880807721,
2405639663,-6.861128371,
2406239623,-6.844759209,
2406839583,-6.819049234,
2407439543,-6.845373261,
2408039503,-6.795185839,
2408639463,-6.718412507,
2409239423,-6.793158024,
2409839383,-6.751998139,
2410439343,-6.788909683,
2411039303,-6.740404,
2411639263,-6.629158346,
2412239223,-6.669589629,
2412839183,-6.620100437,
2413439143,-6.621147408,
2414039103,-6.619427505,
2414639063,-6.608661063,
2415239023,-6.532352137,
2415838983,-6.651849266,
2416438943,-6.58210769,
2417038903,-6.584409055,
2417638863,-6.522515516,
2418238823,-6.598736473,
2418838783,-6.553147791,
2419438743,-6.582825221,
2420038703,-6.580790347,
2420638663,-6.516534803,
2421238623,-6.512176566,
2421838583,-6.494787581,
2422438543,-6.587758594,
2423038503,-6.485671462,
2423638463,-6.532889333,
2424238423,-6.60444219,
2424838383,-6.447335818,
2425438343,-6.48093319,
2426038303,-6.436583193,
2426638263,-6.415806185,
2427238223,-6.424301305,
2427838183,-6.488064955,
2428438143,-6.444163975,
2429038103,-6.444794463,
2429638063,-6.43390185,
2430238023,-6.419627224,
2430837983,-6.351702549,
2431437943,-6.352272843,
2432037903,-6.372712012,
2432637863,-6.417935929,
2433237823,-6.451426801,
2433837783,-6.517321148,
2434437743,-6.365322362,
2435037703,-6.301294947,
2435637663,-6.409905034,
2436237623,-6.428204729,
2436837583,-6.464713349,
2437437543,-6.386783293,
2438037503,-6.329587586,
2438637463,-6.406508606,
2439237423,-6.442868417,
2439837383,-6.370118934,
2440437343,-6.438238889,
2441037303,-6.404527759,
2441637263,-6.393625364,
2442237223,-6.396960774,
2442837183,-6.334111902,
2443437143,-6.33444791,
2444037103,-6.395784819,
2444637063,-6.421621277,
2445237023,-6.376138076,
2445836983,-6.362416755,
2446436943,-6.308233147,
2447036903,-6.373562519,
2447636863,-6.328385187,
2448236823,-6.369822127,
2448836783,-6.397457404,
2449436743,-6.445748891,
2450036703,-6.367703486,
2450636663,-6.401218739,
2451236623,-6.421923208,
2451836583,-6.234897424,
2452436543,-6.365236656,
2453036503,-6.378482402,
2453636463,-6.392109019,
2454236423,-6.275754918,
2454836383,-6.306113843,
2455436343,-6.362439109,
2456036303,-6.376121941,
2456636263,-6.363289379,
2457236223,-6.330063712,
2457836183,-6.37742344,
2458436143,-6.321814475,
2459036103,-6.323437646,
2459636063,-6.311070886,
2460236023,-6.371640344,
2460835983,-6.363424442,
2461435943,-6.358433412,
2462035903,-6.29932427,
2462635863,-6.328030519,
2463235822,-6.301646347,
2463835782,-6.227110361,
2464435742,-6.319649762,
2465035702,-6.280218005,
2465635662,-6.265302284,
2466235622,-6.295318556,
2466835582,-6.320479396,
2467435542,-6.286579232,
2468035502,-6.287602118,
2468635462,-6.242741521,
2469235422,-6.305642587,
2469835382,-6.224957962,
2470435342,-6.256957466,
2471035302,-6.25692918,
2471635262,-6.277243649,
2472235222,-6.196820964,
2472835182,-6.290625905,
2473435142,-6.182094135,
2474035102,-6.272572334,
2474635062,-6.260268323,
2475235022,-6.25713778,
2475834982,-6.274092848,
2476434942,-6.285938166,
2477034902,-6.183476904,
2477634862,-6.176578148,
2478234822,-6.202305679,
2478834782,-6.187247186,
2479434742,-6.226291546,
2480034702,-6.230759556,
2480634662,-6.127443525,
2481234622,-6.179499685,
2481834582,-6.249004515,
2482434542,-6.183049253,
2483034502,-6.184094551,
2483634462,-6.123051302,
2484234422,-6.169298892,
2484834382,-6.180176096,
2485434342,-6.157284388,
2486034302,-6.121255202,
2486634262,-6.149158018,
2487234222,-6.101067109,
2487834182,-6.206171518,
2488434142,-6.076309944,
2489034102,-6.117608735,
2489634062,-6.118071034,
2490234022,-6.065978601,
2490833982,-6.053509125,
2491433942,-6.002623472,
2492033902,-6.095607622,
2492633862,-6.131734066,
2493233822,-6.030992738,
2493833782,-6.118095432,
2494433742,-6.045618878,
2495033702,-6.078208685,
2495633662,-6.062452741,
2496233622,-6.071650101,
2496833582,-6.017223786,
2497433542,-5.95659405,
2498033502,-5.995037908,
2498633462,-5.963064372,
2499233422,-6.056646082,
2499833382,-5.992761934,
2500433342,-5.982417564,
2501033302,-5.971307256,
2501633262,-5.942400361,
2502233222,-5.950713122,
2502833182,-5.920560082,
2503433142,-5.983710342,
2504033102,-5.957217756,
2504633062,-5.965321864,
2505233022,-5.964304738,
2505832982,-5.903733596,
2506432942,-5.914666634,
2507032902,-5.997780889,
2507632862,-6.023404183,
2508232822,-6.029121849,
2508832782,-5.907032566,
2509432742,-5.950217129,
2510032702,-5.939269688,
2510632662,-5.9715033,
2511232622,-5.940289688,
2511832582,-5.969316448,
2512432542,-5.952201414,
2513032502,-5.977595569,
2513632462,-5.906822079,
2514232422,-5.985348314,
2514832382,-5.956580618,
2515432342,-5.88723749,
2516032302,-5.89277204,
2516632262,-5.869589969,
2517232222,-5.867804519,
2517832182,-5.891665003,
2518432142,-5.946831349,
2519032102,-5.916121971,
2519632062,-5.835966904,
2520232022,-5.920408814,
2520831982,-5.945600568,
2521431942,-5.964681417,
2522031902,-5.897571041,
2522631862,-5.889591454,
2523231822,-5.86650695,
2523831782,-5.903111526,
2524431742,-5.86316935,
2525031702,-5.910726542,
2525631662,-5.85214444,
2526231622,-5.924210188,
2526831582,-5.899810485,
2527431542,-5.838698238,
2528031502,-5.863069714,
2528631462,-5.885058501,
2529231422,-5.878783463,
2529831382,-5.879001546,
2530431342,-5.871763387,
2531031302,-5.906853019,
2531631262,-5.857031996,
2532231222,-5.894160767,
2532831182,-5.844617428,
2533431142,-5.875824849,
2534031102,-5.858136132,
2534631062,-5.977648682,
2535231022,-5.855714433,
2535830982,-5.850700756,
2536430942,-5.855314554,
2537030902,-5.812034222,
2537630862,-5.928567926,
2538230822,-5.901455187,
2538830782,-5.90631176,
2539430742,-5.878976941,
2540030702,-5.933007871,
2540630662,-5.918328424,
2541230622,-5.907201298,
2541830582,-5.840565365,
2542430542,-5.879685779,
2543030502,-5.900919285,
2543630462,-5.876274324,
2544230422,-5.932624745,
2544830382,-5.892040339,
2545430342,-5.911835674,
2546030302,-5.963195438,
2546630262,-5.905998588,
2547230222,-5.966630487,
2547830182,-5.837381966,
2548430142,-5.897703054,
2549030102,-5.92879134,
2549630062,-5.942772335,
2550230022,-5.865357985,
2550829982,-5.955087392,
2551429942,-5.967093923,
2552029902,-5.932300462,
2552629862,-5.911890104,
2553229822,-5.838434177,
2553829782,-5.949101358,
2554429742,-5.933737999,
2555029702,-5.952214158,
2555629662,-5.92086972,
2556229622,-5.891406193,
2556829582,-5.924534072,
2557429542,-5.935478508,
2558029502,-5.985248369,
2558629462,-5.982355949,
2559229422,-5.984754093,
2559829382,-5.924757973,
2560429342,-5.948022978,
2561029302,-5.985458431,
2561629262,-5.94132533,
2562229222,-6.001156277,
2562829182,-5.943520848,
2563429142,-5.963819078,
2564029102,-5.979552832,
2564629062,-5.972510208,
2565229022,-5.937919234,
2565828982,-5.950386077,
2566428942,-5.989675991,
2567028902,-6.031225905,
2567628862,-5.975579369,
2568228822,-5.98726671,
2568828782,-5.975048506,
2569428742,-6.065897382,
2570028702,-6.020978674,
2570628662,-5.960377597,
2571228622,-6.032757761,
2571828582,-5.979264953,
2572428542,-5.993324041,
2573028502,-6.010613393,
2573628462,-6.045666709,
2574228422,-5.998360611,
2574828382,-6.027903559,
2575428342,-6.159481797,
2576028302,-6.03559794,
2576628262,-6.010830788,
2577228222,-5.991143517,
2577828182,-6.037653471,
2578428142,-6.081698546,
2579028102,-6.06523095,
2579628062,-6.04930069,
2580228022,-6.077672397,
2580827982,-6.038780762,
2581427942,-6.076419214,
2582027902,-6.078350959,
2582627862,-6.070454088,
2583227822,-6.063324388,
2583827782,-6.011735326,
2584427742,-5.995361331,
2585027702,-6.057422803,
2585627662,-6.015000829,
2586227622,-6.02402221,
2586827582,-5.994519187,
2587427542,-6.007970957,
2588027502,-6.070807181,
2588627462,-6.102744025,
2589227422,-6.079690595,
2589827382,-6.126285822,
2590427342,-6.05230671,
2591027302,-6.051740519,
2591627262,-6.033110628,
2592227222,-6.050273032,
2592827182,-6.062651279,
2593427142,-6.103599761,
2594027102,-6.036840665,
2594627062,-6.063658051,
2595227022,-6.065296737,
2595826982,-6.081038023,
2596426942,-6.090313407,
2597026902,-6.046603583,
2597626862,-6.089252877,
2598226822,-6.077568369,
2598826782,-6.056825219,
2599426742,-6.052785648,
2600026702,-6.050380183,
2600626662,-6.094074257,
2601226622,-6.153918444,
2601826582,-6.147445924,
2602426542,-6.07177498,
2603026502,-6.059845995,
2603626462,-6.028514021,
2604226422,-6.071956007,
2604826382,-6.004458671,
2605426342,-6.081554083,
2606026302,-6.114905542,
2606626262,-6.114396085,
2607226222,-6.005172326,
2607826182,-6.106048187,
2608426142,-6.093489744,
2609026102,-6.089444645,
2609626062,-6.078738465,
2610226022,-6.132936091,
2610825982,-6.126649082,
2611425942,-6.166745615,
2612025902,-6.119723166,
2612625862,-6.075008977,
2613225822,-6.111319181,
2613825782,-6.191487202,
2614425742,-6.176253491,
2615025702,-6.129029593,
2615625662,-6.06867619,
2616225622,-6.151178761,
2616825581,-6.172036774,
2617425541,-6.205272099,
2618025501,-6.172248909,
2618625461,-6.163239534,
2619225421,-6.202527825,
2619825381,-6.224276601,
2620425341,-6.154281614,
2621025301,-6.183388949,
2621625261,-6.177081589,
2622225221,-6.219370251,
2622825181,-6.251731591,
2623425141,-6.301126783,
2624025101,-6.216637506,
2624625061,-6.231959008,
2625225021,-6.275932856,
2625824981,-6.212640995,
2626424941,-6.224410779,
2627024901,-6.307021244,
2627624861,-6.204579176,
2628224821,-6.308839157,
2628824781,-6.343383729,
2629424741,-6.33840631,
2630024701,-6.294901886,
2630624661,-6.360515494,
2631224621,-6.333268116,
2631824581,-6.33849953,
2632424541,-6.372999402,
2633024501,-6.359816793,
2633624461,-6.38119726,
2634224421,-6.499474008,
2634824381,-6.433837827,
2635424341,-6.429717049,
2636024301,-6.392244517,
2636624261,-6.390680872,
2637224221,-6.497051876,
2637824181,-6.432211771,
2638424141,-6.52748591,
2639024101,-6.556485145,
2639624061,-6.491123861,
2640224021,-6.505998764,
2640823981,-6.560359103,
2641423941,-6.491119562,
2642023901,-6.553647038,
2642623861,-6.611054518,
2643223821,-6.569596914,
2643823781,-6.592034259,
2644423741,-6.606265243,
2645023701,-6.6876552,
2645623661,-6.611834216,
2646223621,-6.589043689,
2646823581,-6.689619541,
2647423541,-6.79793057,
2648023501,-6.768079739,
2648623461,-6.667973595,
2649223421,-6.69093384,
2649823381,-6.846089958,
2650423341,-6.79659388,
2651023301,-6.776065827,
2651623261,-6.80630162,
2652223221,-6.8333847,
2652823181,-6.798703132,
2653423141,-6.796726989,
2654023101,-6.877437886,
2654623061,-6.873094075,
2655223021,-6.976394388,
2655822981,-6.864579078,
2656422941,-7.013839801,
2657022901,-6.92291516,
2657622861,-7.120892209,
2658222821,-6.91895133,
2658822781,-7.174969728,
2659422741,-7.148549597,
2660022701,-7.110330544,
2660622661,-7.074313844,
2661222621,-7.168592148,
2661822581,-7.158342522,
2662422541,-7.154401275,
2663022501,-7.12338213,
2663622461,-7.149609244,
2664222421,-7.135568691,
2664822381,-7.281898568,
2665422341,-7.255986394,
2666022301,-7.31287733,
2666622261,-7.284560134,
2667222221,-7.332850969,
2667822181,-7.343062031,
2668422141,-7.368065739,
2669022101,-7.315409418,
2669622061,-7.301523258,
2670222021,-7.357182648,
2670821981,-7.404674447,
2671421941,-7.40056037,
2672021901,-7.394686484,
2672621861,-7.450489967,
2673221821,-7.421910601,
2673821781,-7.452228635,
2674421741,-7.382322285,
2675021701,-7.459263626,
2675621661,-7.486831331,
2676221621,-7.410563204,
2676821581,-7.517213317,
2677421541,-7.525009432,
2678021501,-7.552211081,
2678621461,-7.564248603,
2679221421,-7.563634246,
2679821381,-7.60198012,
2680421341,-7.634508562,
2681021301,-7.570498533,
2681621261,-7.609415672,
2682221221,-7.642809787,
2682821181,-7.674755209,
2683421141,-7.639524958,
2684021101,-7.62518322,
2684621061,-7.702896257,
2685221021,-7.691814508,
2685820981,-7.70027496,
2686420941,-7.771054231,
2687020901,-7.748817499,
2687620861,-7.700746234,
2688220821,-7.659705642,
2688820781,-7.78939976,
2689420741,-7.798638358,
2690020701,-7.819488167,
2690620661,-7.797308899,
2691220621,-7.72715887,
2691820581,-7.80523221,
2692420541,-7.783669487,
2693020501,-7.814051883,
2693620461,-7.84124914,
2694220421,-7.804330076,
2694820381,-7.841517393,
2695420341,-7.852369107,
2696020301,-7.811800238,
2696620261,-7.871378871,
2697220221,-7.96886992,
2697820181,-7.847858743,
2698420141,-7.808197962,
2699020101,-7.862800714,
2699620061,-8.009595597,
2700220021,-7.861546548,
2700819981,-7.906074022,
2701419941,-7.92386265,
2702019901,-7.880798382,
2702619861,-7.899929804,
2703219821,-7.912756018,
2703819781,-7.932845454,
2704419741,-7.982595996,
2705019701,-7.932069424,
2705619661,-7.959687829,
2706219621,-7.845277045,
2706819581,-7.932113469,
2707419541,-7.908419595,
2708019501,-7.974401233,
2708619461,-8.020334159,
2709219421,-7.993462227,
2709819381,-7.98059734,
2710419341,-8.014939141,
2711019301,-7.941402159,
2711619261,-7.983878938,
2712219221,-8.033808746,
2712819181,-7.989065866,
2713419141,-7.877665477,
2714019101,-7.973228353,
2714619061,-7.947705644,
2715219021,-7.981411246,
2715818981,-7.90923321,
2716418941,-7.961736101,
2717018901,-7.924135165,
2717618861,-7.960887341,
2718218821,-7.97967799,
2718818781,-7.958265449,
2719418741,-7.948309693,
2720018701,-7.969152233,
2720618661,-7.993004509,
2721218621,-7.950685198,
2721818581,-7.898283955,
2722418541,-7.951159388,
2723018501,-7.956351714,
2723618461,-7.961429861,
2724218421,-7.836335594,
2724818381,-7.942781785,
2725418341,-7.831671923,
2726018301,-7.943518202,
2726618261,-7.856648085,
2727218221,-7.912649057,
2727818181,-7.864478656,
2728418141,-7.903057563,
2729018101,-7.80501229,
2729618061,-7.826666054,
2730218021,-7.834265858,
2730817981,-7.80518894,
2731417941,-7.838889505,
2732017901,-7.809678324,
2732617861,-7.860174515,
2733217821,-7.820184271,
2733817781,-7.867840756,
2734417741,-7.834894147,
2735017701,-7.762685325,
2735617661,-7.834104738,
2736217621,-7.834916386,
2736817581,-7.778395605,
2737417541,-7.793670992,
2738017501,-7.793487544,
2738617461,-7.70078711,
2739217421,-7.766167785,
2739817381,-7.76401169,
2740417341,-7.75658291,
2741017301,-7.728904584,
2741617261,-7.704586698,
2742217221,-7.723746849,
2742817181,-7.668369902,
2743417141,-7.704429174,
2744017101,-7.674585977,
2744617061,-7.754258026,
2745217021,-7.708941227,
2745816981,-7.672869162,
2746416941,-7.684079071,
2747016901,-7.75511092,
2747616861,-7.613063666,
2748216821,-7.575235358,
2748816781,-7.601452524,
2749416741,-7.679706977,
2750016701,-7.544478345,
2750616661,-7.674514107,
2751216621,-7.568989756,
2751816581,-7.532578795,
2752416541,-7.628918912,
2753016501,-7.634523695,
2753616461,-7.72400068,
2754216421,-7.53739268,
2754816381,-7.601856258,
2755416341,-7.519785124,
2756016301,-7.489692362,
2756616261,-7.537325205,
2757216221,-7.472760202,
2757816181,-7.489983754,
2758416141,-7.450626938,
2759016101,-7.414761653,
2759616061,-7.373371405,
2760216021,-7.590345938,
2760815981,-7.50093029,
2761415941,-7.402695974,
2762015901,-7.413266891,
2762615861,-7.419397893,
2763215821,-7.403206921,
2763815781,-7.391504672,
2764415741,-7.407589215,
2765015701,-7.300933462,
2765615661,-7.27723955,
2766215621,-7.365028391,
2766815581,-7.296234447,
2767415541,-7.22385913,
2768015501,-7.339349498,
2768615461,-7.278050148,
2769215421,-7.325493743,
2769815381,-7.319209399,
2770415340,-7.404639538,
2771015300,-7.323650321,
2771615260,-7.285962638,
2772215220,-7.358017067,
2772815180,-7.316641392,
2773415140,-7.22602456,
2774015100,-7.244113595,
2774615060,-7.211661043,
2775215020,-7.253955518,
2775814980,-7.214287258,
2776414940,-7.323984263,
2777014900,-7.237792538,
2777614860,-7.185712522,
2778214820,-7.262826928,
2778814780,-7.252233072,
2779414740,-7.173765068,
2780014700,-7.219964022,
2780614660,-7.256246819,
2781214620,-7.210761861,
2781814580,-7.178751716,
2782414540,-7.242250676,
2783014500,-7.20589721,
2783614460,-7.233762401,
2784214420,-7.206978398,
2784814380,-7.146084241,
2785414340,-7.155280145,
2786014300,-7.153511734,
2786614260,-7.120171714,
2787214220,-7.260788195,
2787814180,-7.2065159,
2788414140,-7.229082613,
2789014100,-7.139495139,
2789614060,-7.189491901,
2790214020,-7.207593677,
2790813980,-7.191836492,
2791413940,-7.23435149,
2792013900,-7.179061366,
2792613860,-7.147962498,
2793213820,-7.167431646,
2793813780,-7.160672851,
2794413740,-7.137199737,
2795013700,-7.13190253,
2795613660,-7.153234194,
2796213620,-7.163863228,
2796813580,-7.197993365,
2797413540,-7.25076518,
2798013500,-7.19418089,
2798613460,-7.172850716,
2799213420,-7.15552695,
2799813380,-7.148131764,
2800413340,-7.167138411,
2801013300,-7.153408905,
2801613260,-7.183066445,
2802213220,-7.151006822,
2802813180,-7.085975612,
2803413140,-7.191090604,
2804013100,-7.193490089,
2804613060,-7.135324564,
2805213020,-7.227983948,
2805812980,-7.114248028,
2806412940,-7.177512108,
2807012900,-7.146886697,
2807612860,-7.222488614,
2808212820,-7.185965165,
2808812780,-7.144814563,
2809412740,-7.179073108,
2810012700,-7.190401674,
2810612660,-7.177368023,
2811212620,-7.216415837,
2811812580,-7.243883885,
2812412540,-7.1493303,
2813012500,-7.300354374,
2813612460,-7.227311274,
2814212420,-7.192015551,
2814812380,-7.166546479,
2815412340,-7.343192026,
2816012300,-7.197190042,
2816612260,-7.351037327,
2817212220,-7.240893483,
2817812180,-7.220552979,
2818412140,-7.224826736,
2819012100,-7.222016063,
2819612060,-7.155582513,
2820212020,-7.181721772,
2820811980,-7.238707528,
2821411940,-7.2307999,
2822011900,-7.234604216,
2822611860,-7.198239073,
2823211820,-7.205390642,
2823811780,-7.229080496,
2824411740,-7.251224703,
2825011700,-7.251862426,
2825611660,-7.314580356,
2826211620,-7.251665317,
2826811580,-7.229889479,
2827411540,-7.323323378,
2828011500,-7.185541174,
2828611460,-7.240354208,
2829211420,-7.305597576,
2829811380,-7.351415986,
2830411340,-7.290702468,
2831011300,-7.248813491,
2831611260,-7.288401137,
2832211220,-7.319019628,
2832811180,-7.277286787,
2833411140,-7.207599339,
2834011100,-7.261382858,
2834611060,-7.295919774,
2835211020,-7.290462765,
2835810980,-7.298809158,
2836410940,-7.27316681,
2837010900,-7.305879007,
2837610860,-7.313207213,
2838210820,-7.302805467,
2838810780,-7.352611167,
2839410740,-7.265248351,
2840010700,-7.41679621,
2840610660,-7.339646819,
2841210620,-7.411951843,
2841810580,-7.425455016,
2842410540,-7.503891824,
2843010500,-7.303084556,
2843610460,-7.38753565,
2844210420,-7.395920518,
2844810380,-7.40162333,
2845410340,-7.405678034,
2846010300,-7.424574719,
2846610260,-7.357200701,
2847210220,-7.500670777,
2847810180,-7.440326796,
2848410140,-7.552696396,
2849010100,-7.413058808,
2849610060,-7.412626345,
2850210020,-7.558859336,
2850809980,-7.376223135,
2851409940,-7.500675851,
2852009900,-7.48296886,
2852609860,-7.53055415,
2853209820,-7.54892798,
2853809780,-7.510704656,
2854409740,-7.520082884,
2855009700,-7.563930355,
2855609660,-7.517150966,
2856209620,-7.537266104,
2856809580,-7.545507116,
2857409540,-7.64171975,
2858009500,-7.468054526,
2858609460,-7.56493274,
2859209420,-7.522620054,
2859809380,-7.658662342,
2860409340,-7.610346139,
2861009300,-7.600933376,
2861609260,-7.508603612,
2862209220,-7.631999757,
2862809180,-7.561202883,
2863409140,-7.743014552,
2864009100,-7.606297122,
2864609060,-7.652072597,
2865209020,-7.802652942,
2865808980,-7.66981684,
2866408940,-7.665054592,
2867008900,-7.68129306,
2867608860,-7.744711055,
2868208820,-7.777422969,
2868808780,-7.68143527,
2869408740,-7.72944473,
2870008700,-7.857096526,
2870608660,-7.714781252,
2871208620,-7.755710343,
2871808580,-7.880172813,
2872408540,-7.898554978,
2873008500,-7.885128838,
2873608460,-7.924472456,
2874208420,-7.916805018,
2874808380,-7.88557868,
2875408340,-7.906825978,
2876008300,-7.899586002,
2876608260,-7.916993644,
2877208220,-7.960094446,
2877808180,-7.96726687,
2878408140,-7.93520351,
2879008100,-7.946129092,
2879608060,-8.012544757,
2880208020,-8.02348654,
2880807980,-8.045253007,
2881407940,-8.053252873,
2882007900,-8.072697221,
2882607860,-8.024702689,
2883207820,-8.170404271,
2883807780,-8.112153899,
2884407740,-8.07628137,
2885007700,-8.085568613,
2885607660,-8.182000238,
2886207620,-8.197860128,
2886807580,-8.188985072,
2887407540,-8.220722354,
2888007500,-8.223282388,
2888607460,-8.226905144,
2889207420,-8.18402573,
2889807380,-8.285139839,
2890407340,-8.257238352,
2891007300,-8.222677125,
2891607260,-8.295848574,
2892207220,-8.281613606,
2892807180,-8.344738763,
2893407140,-8.300055395,
2894007100,-8.318582401,
2894607060,-8.38540043,
2895207020,-8.394366701,
2895806980,-8.394135185,
2896406940,-8.412157438,
2897006900,-8.379584492,
2897606860,-8.467756966,
2898206820,-8.460330032,
2898806780,-8.421358889,
2899406740,-8.475822647,
2900006700,-8.532781883,
2900606660,-8.568838053,
2901206620,-8.475995079,
2901806580,-8.559581262,
2902406540,-8.587063112,
2903006500,-8.530136736,
2903606460,-8.617269484,
2904206420,-8.655545025,
2904806380,-8.605949453,
2905406340,-8.659892932,
2906006300,-8.742054525,
2906606260,-8.652831406,
2907206220,-8.705821705,
2907806180,-8.695918743,
2908406140,-8.813380809,
2909006100,-8.621089461,
2909606060,-8.769415804,
2910206020,-8.806720149,
2910805980,-8.771285941,
2911405940,-8.868652963,
2912005900,-8.864218716,
2912605860,-8.798628518,
2913205820,-8.837974223,
2913805780,-8.907421512,
2914405740,-8.915577667,
2915005700,-8.97951237,
2915605660,-8.938212421,
2916205620,-8.998218307,
2916805580,-8.979669542,
2917405540,-8.922166461,
2918005500,-9.002352857,
2918605460,-8.989709613,
2919205420,-9.098147021,
2919805380,-9.11542089,
2920405340,-8.960769162,
2921005300,-8.955196855,
2921605260,-9.093413125,
2922205220,-9.124467968,
2922805180,-9.05602759,
2923405140,-9.05434259,
2924005100,-9.081248981,
2924605059,-9.147840373,
2925205019,-9.022810245,
2925804979,-9.062830671,
2926404939,-9.072290141,
2927004899,-9.198777715,
2927604859,-9.277873625,
2928204819,-9.118328037,
2928804779,-9.257906942,
2929404739,-9.241470351,
2930004699,-9.236748504,
2930604659,-9.215770321,
2931204619,-9.30243233,
2931804579,-9.322423478,
2932404539,-9.287906801,
2933004499,-9.358973584,
2933604459,-9.306755237,
2934204419,-9.288448377,
2934804379,-9.353863931,
2935404339,-9.464420568,
2936004299,-9.276837572,
2936604259,-9.294559066,
2937204219,-9.397970653,
2937804179,-9.363822964,
2938404139,-9.370139119,
2939004099,-9.351732664,
2939604059,-9.370060898,
2940204019,-9.367160761,
2940803979,-9.37165797,
2941403939,-9.33420107,
2942003899,-9.439976138,
2942603859,-9.507273693,
2943203819,-9.439291125,
2943803779,-9.388130504,
2944403739,-9.47746092,
2945003699,-9.49288726,
2945603659,-9.421058816,
2946203619,-9.514885045,
2946803579,-9.398195392,
2947403539,-9.516107567,
2948003499,-9.439657782,
2948603459,-9.493612641,
2949203419,-9.503432597,
2949803379,-9.430811889,
2950403339,-9.513313499,
2951003299,-9.423625717,
2951603259,-9.42571511,
2952203219,-9.469947136,
2952803179,-9.582218775,
2953403139,-9.556614853,
2954003099,-9.474812903,
2954603059,-9.476931509,
2955203019,-9.555251004,
2955802979,-9.525116485,
2956402939,-9.49097129,
2957002899,-9.585901018,
2957602859,-9.471715647,
2958202819,-9.477359327,
2958802779,-9.437067686,
2959402739,-9.602427839,
2960002699,-9.534843804,
2960602659,-9.55184923,
2961202619,-9.466975206,
2961802579,-9.507295611,
2962402539,-9.544990618,
2963002499,-9.502913755,
2963602459,-9.457197878,
2964202419,-9.436428139,
2964802379,-9.453862517,
2965402339,-9.458789638,
2966002299,-9.595989161,
2966602259,-9.488207052,
2967202219,-9.42370478,
2967802179,-9.513583514,
2968402139,-9.456869497,
2969002099,-9.47586252,
2969602059,-9.435934276,
2970202019,-9.34332711,
2970801979,-9.418001079,
2971401939,-9.490193509,
2972001899,-9.4578546,
2972601859,-9.373410779,
2973201819,-9.443336501,
2973801779,-9.35104757,
2974401739,-9.378869352,
2975001699,-9.2716205,
2975601659,-9.257245642,
2976201619,-9.411226522,
2976801579,-9.235010892,
2977401539,-9.306284727,
2978001499,-9.331655491,
2978601459,-9.355397175,
2979201419,-9.305678173,
2979801379,-9.305588109,
2980401339,-9.375567194,
2981001299,-9.256801688,
2981601259,-9.266577441,
2982201219,-9.245527469,
2982801179,-9.142960224,
2983401139,-9.14770502,
2984001099,-9.245715589,
2984601059,-9.183109845,
2985201019,-9.1630392,
2985800979,-9.183286906,
2986400939,-9.060552325,
2987000899,-9.159813749,
2987600859,-9.08031557,
2988200819,-9.102522833,
2988800779,-9.13274292,
2989400739,-9.154923281,
2990000699,-9.086412104,
2990600659,-9.072773955,
2991200619,-8.995019278,
2991800579,-9.027993856,
2992400539,-9.018717928,
2993000499,-9.11479019,
2993600459,-9.040905939,
2994200419,-9.040159418,
2994800379,-9.045525212,
2995400339,-9.149927789,
2996000299,-9.12267454,
2996600259,-9.042941499,
2997200219,-9.044181865,
2997800179,-9.046233371,
2998400139,-8.955018673,
2999000099,-8.940000567,
2999600059,-9.0567705,
3000200019,-8.937487907,
3000799979,-8.969528974,
3001399939,-8.945764106,
3001999899,-8.963525607,
3002599859,-8.886895208,
3003199819,-8.928287005,
3003799779,-8.914488762,
3004399739,-8.907013208,
3004999699,-8.86330487,
3005599659,-8.891913164,
3006199619,-8.916096827,
3006799579,-8.903462025,
3007399539,-8.815777291,
3007999499,-8.912568679,
3008599459,-8.894656759,
3009199419,-8.816556168,
3009799379,-8.765777693,
3010399339,-8.829724198,
3010999299,-8.863476252,
3011599259,-8.799090435,
3012199219,-8.749097536,
3012799179,-8.786836485,
3013399139,-8.702821107,
3013999099,-8.753262296,
3014599059,-8.836125398,
3015199019,-8.698017137,
3015798979,-8.695270032,
3016398939,-8.665162264,
3016998899,-8.685570341,
3017598859,-8.700353845,
3018198819,-8.736504652,
3018798779,-8.659678278,
3019398739,-8.639946932,
3019998699,-8.701831189,
3020598659,-8.711988972,
3021198619,-8.652295041,
3021798579,-8.593414146,
3022398539,-8.660944376,
3022998499,-8.681798516,
3023598459,-8.64301956,
3024198419,-8.577013499,
3024798379,-8.697203096,
3025398339,-8.523746486,
3025998299,-8.637963719,
3026598259,-8.593177904,
3027198219,-8.63451934,
3027798179,-8.610589633,
3028398139,-8.579917033,
3028998099,-8.591137893,
3029598059,-8.552810984,
3030198019,-8.566773006,
3030797979,-8.630109424,
3031397939,-8.617180905,
3031997899,-8.578305801,
3032597859,-8.570988184,
3033197819,-8.544870959,
3033797779,-8.570351022,
3034397739,-8.590150738,
3034997699,-8.535350231,
3035597659,-8.552298873,
3036197619,-8.516031869,
3036797579,-8.565858393,
3037397539,-8.558812239,
3037997499,-8.579439812,
3038597459,-8.541155942,
3039197419,-8.507746174,
3039797379,-8.563209676,
3040397339,-8.619670317,
3040997299,-8.546669138,
3041597259,-8.500514317,
3042197219,-8.564175402,
3042797179,-8.541996385,
3043397139,-8.524763031,
3043997099,-8.586114298,
3044597059,-8.535258658,
3045197019,-8.592677154,
3045796979,-8.594082257,
3046396939,-8.575554773,
3046996899,-8.56476729,
3047596859,-8.555969983,
3048196819,-8.547043736,
3048796779,-8.592049906,
3049396739,-8.459314199,
3049996699,-8.48959727,
3050596659,-8.526458717,
3051196619,-8.505399167,
3051796579,-8.58269864,
3052396539,-8.544085425,
3052996499,-8.55846911,
3053596459,-8.565920907,
3054196419,-8.584388074,
3054796379,-8.566563854,
3055396339,-8.535343261,
3055996299,-8.540729378,
3056596259,-8.545231719,
3057196219,-8.539025536,
3057796179,-8.537184113,
3058396139,-8.588770326,
3058996099,-8.452295435,
3059596059,-8.568990489,
3060196019,-8.504818053,
3060795979,-8.55437797,
3061395939,-8.584876535,
3061995899,-8.494564658,
3062595859,-8.623595627,
3063195819,-8.53839337,
3063795779,-8.563612537,
3064395739,-8.569117871,
3064995699,-8.575923801,
3065595659,-8.500808405,
3066195619,-8.546028097,
3066795579,-8.538807773,
3067395539,-8.537945654,
3067995499,-8.559255674,
3068595459,-8.50176741,
3069195419,-8.58322156,
3069795379,-8.578839014,
3070395339,-8.603222914,
3070995299,-8.542776817,
3071595259,-8.604196685,
3072195219,-8.574940967,
3072795179,-8.553498429,
3073395139,-8.606358194,
3073995099,-8.598510049,
3074595059,-8.560990986,
3075195019,-8.576459202,
3075794979,-8.588308433,
3076394939,-8.600397397,
3076994899,-8.622839263,
3077594859,-8.571214391,
3078194818,-8.609231504,
3078794778,-8.626941097,
3079394738,-8.640439843,
3079994698,-8.62444721,
3080594658,-8.614130154,
3081194618,-8.689996107,
3081794578,-8.648907175,
3082394538,-8.635410009,
3082994498,-8.685100098,
3083594458,-8.604154524,
3084194418,-8.596639605,
3084794378,-8.628093731,
3085394338,-8.611694883,
3085994298,-8.663116026,
3086594258,-8.678373982,
3087194218,-8.730833436,
3087794178,-8.63586829,
3088394138,-8.691835764,
3088994098,-8.664559174,
3089594058,-8.682026884,
3090194018,-8.636665301,
3090793978,-8.746778965,
3091393938,-8.647815521,
3091993898,-8.679318332,
3092593858,-8.685467403,
3093193818,-8.707179751,
3093793778,-8.676706127,
3094393738,-8.682605377,
3094993698,-8.671471997,
3095593658,-8.750189109,
3096193618,-8.692945944,
3096793578,-8.722493247,
3097393538,-8.75324985,
3097993498,-8.729139336,
3098593458,-8.737515637,
3099193418,-8.712018809,
3099793378,-8.802703489,
3100393338,-8.78979601,
3100993298,-8.820933796,
3101593258,-8.688194013,
3102193218,-8.770538758,
3102793178,-8.775161393,
3103393138,-8.761302975,
3103993098,-8.769275828,
3104593058,-8.73702201,
3105193018,-8.842007317,
3105792978,-8.835368031,
3106392938,-8.836179141,
3106992898,-8.808526334,
3107592858,-8.639869858,
3108192818,-8.850524135,
3108792778,-8.798975526,
3109392738,-8.871974007,
3109992698,-8.900856017,
3110592658,-8.864330904,
3111192618,-8.859338489,
3111792578,-8.855382668,
3112392538,-8.935270835,
3112992498,-8.873618289,
3113592458,-8.890512836,
3114192418,-8.871929924,
3114792378,-8.964144983,
3115392338,-9.01207993,
3115992298,-8.954288396,
3116592258,-8.889685019,
3117192218,-8.896030794,
3117792178,-8.918718758,
3118392138,-8.893194627,
3118992098,-9.016530534,
3119592058,-9.038602365,
3120192018,-8.981795421,
3120791978,-9.075636063,
3121391938,-9.009930842,
3121991898,-9.074279953,
3122591858,-9.032054353,
3123191818,-8.963434351,
3123791778,-8.923785787,
3124391738,-9.103261155,
3124991698,-9.070862767,
3125591658,-9.047617679,
3126191618,-9.038653783,
3126791578,-8.981671713,
3127391538,-9.16837459,
3127991498,-9.097383318,
3128591458,-9.036428461,
3129191418,-9.144499612,
3129791378,-9.083694203,
3130391338,-9.09621991,
3130991298,-9.210504819,
3131591258,-9.205701482,
3132191218,-9.244589364,
3132791178,-9.089476983,
3133391138,-9.208008808,
3133991098,-9.282354278,
3134591058,-9.237377631,
3135191018,-9.191015138,
3135790978,-9.158959003,
3136390938,-9.410119339,
3136990898,-9.276952087,
3137590858,-9.318099999,
3138190818,-9.25791056,
3138790778,-9.34287963,
3139390738,-9.499102898,
3139990698,-9.390348577,
3140590658,-9.401542023,
3141190618,-9.389166476,
3141790578,-9.39524835,
3142390538,-9.495952444,
3142990498,-9.507572547,
3143590458,-9.582160274,
3144190418,-9.395779474,
3144790378,-9.44000635,
3145390338,-9.423921455,
3145990298,-9.541719755,
3146590258,-9.58210312,
3147190218,-9.507971634,
3147790178,-9.491090768,
3148390138,-9.5580806,
3148990098,-9.530935199,
3149590058,-9.534085031,
3150190018,-9.528152058,
3150789978,-9.677050208,
3151389938,-9.654039525,
3151989898,-9.559896254,
3152589858,-9.689671064,
3153189818,-9.657327482,
3153789778,-9.641800341,
3154389738,-9.721313656,
3154989698,-9.637752912,
3155589658,-9.627296917,
3156189618,-9.70764804,
3156789578,-9.749864747,
3157389538,-9.783027408,
3157989498,-9.661791816,
3158589458,-9.745077176,
3159189418,-9.793602041,
3159789378,-9.811442469,
3160389338,-9.788784883,
3160989298,-9.747216314,
3161589258,-9.814364552,
3162189218,-9.781722293,
3162789178,-9.859159242,
3163389138,-9.792822715,
3163989098,-9.895081813,
3164589058,-9.845620209,
3165189018,-9.785014394,
3165788978,-9.866855102,
3166388938,-9.8536099,
3166988898,-9.874625157,
3167588858,-9.869635868,
3168188818,-9.895996546,
3168788778,-9.915393952,
3169388738,-9.899201852,
3169988698,-9.867062584,
3170588658,-9.920485182,
3171188618,-9.971974455,
3171788578,-9.914404264,
3172388538,-9.967880724,
3172988498,-9.913024977,
3173588458,-9.941019125,
3174188418,-9.909735139,
3174788378,-9.9593452,
3175388338,-10.03037585,
3175988298,-9.954192283,
3176588258,-9.975445176,
3177188218,-9.980024843,
3177788178,-10.04168,
3178388138,-10.06265402,
3178988098,-9.971756696,
3179588058,-9.971632768,
3180188018,-10.05655857,
3180787978,-10.1528983,
3181387938,-9.988198698,
3181987898,-10.05390598,
3182587858,-10.09684139,
3183187818,-10.05274648,
3183787778,-10.01717477,
3184387738,-10.12390722,
3184987698,-9.99414341,
3185587658,-10.06123791,
3186187618,-10.16320233,
3186787578,-10.07873518,
3187387538,-10.09754469,
3187987498,-10.05504302,
3188587458,-10.03265788,
3189187418,-10.13469434,
3189787378,-10.04912401,
3190387338,-10.17631299,
3190987298,-10.10802802,
3191587258,-10.13435512,
3192187218,-10.06397699,
3192787178,-9.957050603,
3193387138,-10.09211781,
3193987098,-10.09234564,
3194587058,-10.14026077,
3195187018,-10.03056559,
3195786978,-10.15421716,
3196386938,-10.20049825,
3196986898,-10.10633151,
3197586858,-10.1428034,
3198186818,-10.14226541,
3198786778,-10.15097228,
3199386738,-10.12941644,
3199986698,-10.09491583,
3200586658,-10.06056665,
3201186618,-10.13612844,
3201786578,-10.0727115,
3202386538,-10.05914296,
3202986498,-10.07567398,
3203586458,-10.1614912,
3204186418,-10.10346988,
3204786378,-10.12266787,
3205386338,-9.933152506,
3205986298,-10.13374196,
3206586258,-10.05561129,
3207186218,-10.07565052,
3207786178,-10.1740613,
3208386138,-10.11910945,
3208986098,-10.01240802,
3209586058,-9.974786893,
3210186018,-10.09088788,
3210785978,-10.01576343,
3211385938,-10.00473513,
3211985898,-9.981846374,
3212585858,-10.06405295,
3213185818,-9.946875068,
3213785778,-9.983061921,
3214385738,-10.01672561,
3214985698,-9.95932051,
3215585658,-10.0697413,
3216185618,-10.03535598,
3216785578,-10.03327638,
3217385538,-10.04929239,
3217985498,-10.04542266,
3218585458,-9.970995407,
3219185418,-9.923558698,
3219785378,-9.885895315,
3220385338,-9.920251432,
3220985298,-9.867936846,
3221585258,-9.859964686,
3222185218,-9.841727434,
3222785178,-9.884213148,
3223385138,-9.87231691,
3223985098,-9.944736545,
3224585058,-9.897966795,
3225185018,-9.916902942,
3225784978,-9.886529341,
3226384938,-9.975388577,
3226984898,-9.747837175,
3227584858,-9.810464592,
3228184818,-9.838647569,
3228784778,-9.909100907,
3229384738,-9.827743007,
3229984698,-9.84609947,
3230584658,-9.824431266,
3231184618,-9.77993005,
3231784578,-9.812700589,
3232384537,-9.762669174,
3232984497,-9.831093716,
3233584457,-9.763918529,
3234184417,-9.784183894,
3234784377,-9.779086426,
3235384337,-9.812083858,
3235984297,-9.785222025,
3236584257,-9.720118917,
3237184217,-9.690460947,
3237784177,-9.762147313,
3238384137,-9.727653005,
3238984097,-9.738241289,
3239584057,-9.759552202,
3240184017,-9.658277056,
3240783977,-9.697957845,
3241383937,-9.689277312,
3241983897,-9.613779026,
3242583857,-9.675774852,
3243183817,-9.641040438,
3243783777,-9.645501749,
3244383737,-9.565042638,
3244983697,-9.593245483,
3245583657,-9.637389662,
3246183617,-9.584747431,
3246783577,-9.553548564,
3247383537,-9.578119185,
3247983497,-9.46480195,
3248583457,-9.530589817,
3249183417,-9.558124523,
3249783377,-9.560483593,
3250383337,-9.551925302,
3250983297,-9.581915709,
3251583257,-9.515837148,
3252183217,-9.540600666,
3252783177,-9.552038012,
3253383137,-9.427586171,
3253983097,-9.484430841,
3254583057,-9.504468839,
3255183017,-9.478202413,
3255782977,-9.507386273,
3256382937,-9.462654325,
3256982897,-9.536160997,
3257582857,-9.406480772,
3258182817,-9.407615173,
3258782777,-9.471742373,
3259382737,-9.329878413,
3259982697,-9.398648412,
3260582657,-9.445034213,
3261182617,-9.447619933,
3261782577,-9.368518755,
3262382537,-9.304486544,
3262982497,-9.397809131,
3263582457,-9.357208974,
3264182417,-9.474627247,
3264782377,-9.305364783,
3265382337,-9.357063829,
3265982297,-9.371779973,
3266582257,-9.321322165,
3267182217,-9.330529026,
3267782177,-9.320723607,
3268382137,-9.368760675,
3268982097,-9.355586495,
3269582057,-9.342891451,
3270182017,-9.35491085,
3270781977,-9.264111638,
3271381937,-9.284540052,
3271981897,-9.368846041,
3272581857,-9.284704701,
3273181817,-9.294878313,
3273781777,-9.258556761,
3274381737,-9.29262976,
3274981697,-9.222088139,
3275581657,-9.333736451,
3276181617,-9.33923691,
3276781577,-9.290761844,
3277381537,-9.242833541,
3277981497,-9.254802877,
3278581457,-9.298644645,
3279181417,-9.313886537,
3279781377,-9.295927613,
3280381337,-9.305878544,
3280981297,-9.272568484,
3281581257,-9.27479962,
3282181217,-9.245967484,
3282781177,-9.257354999,
3283381137,-9.233786013,
3283981097,-9.249921158,
3284581057,-9.419605948,
3285181017,-9.246962407,
3285780977,-9.359785178,
3286380937,-9.28764669,
3286980897,-9.357956494,
3287580857,-9.238340668,
3288180817,-9.21743508,
3288780777,-9.284487122,
3289380737,-9.288426997,
3289980697,-9.180134611,
3290580657,-9.201743358,
3291180617,-9.235565422,
3291780577,-9.303475033,
3292380537,-9.306144161,
3292980497,-9.346350997,
3293580457,-9.278715848,
3294180417,-9.333451364,
3294780377,-9.308663846,
3295380337,-9.186870779,
3295980297,-9.294744611,
3296580257,-9.275797674,
3297180217,-9.246398098,
3297780177,-9.281427817,
3298380137,-9.322882241,
3298980097,-9.24042426,
3299580057,-9.294229333,
3300180017,-9.237752344,
3300779977,-9.251264049,
3301379937,-9.263090537,
3301979897,-9.301260453,
3302579857,-9.316471951,
3303179817,-9.249388578,
3303779777,-9.296334234,
3304379737,-9.32217438,
3304979697,-9.22994981,
3305579657,-9.282259341,
3306179617,-9.357074955,
3306779577,-9.300404056,
3307379537,-9.330502656,
3307979497,-9.378705016,
3308579457,-9.301253126,
3309179417,-9.310983563,
3309779377,-9.282125082,
3310379337,-9.317136974,
3310979297,-9.253446135,
3311579257,-9.371968699,
3312179217,-9.254400112,
3312779177,-9.341305903,
3313379137,-9.278102391,
3313979097,-9.248572594,
3314579057,-9.320357693,
3315179017,-9.381468735,
3315778977,-9.228559908,
3316378937,-9.336562147,
3316978897,-9.356587279,
3317578857,-9.304080959,
3318178817,-9.376073528,
3318778777,-9.406541224,
3319378737,-9.43190789,
3319978697,-9.334214873,
3320578657,-9.340439472,
3321178617,-9.411109775,
3321778577,-9.300844714,
3322378537,-9.378444351,
3322978497,-9.349718924,
3323578457,-9.340298977,
3324178417,-9.39723625,
3324778377,-9.296958791,
3325378337,-9.40834962,
3325978297,-9.247713931,
3326578257,-9.392206472,
3327178217,-9.378579127,
3327778177,-9.39081218,
3328378137,-9.434807735,
3328978097,-9.278534679,
3329578057,-9.295539066,
3330178017,-9.365161152,
3330777977,-9.480833092,
3331377937,-9.44838945,
3331977897,-9.339958793,
3332577857,-9.3544035,
3333177817,-9.3663588,
3333777777,-9.408079335,
3334377737,-9.375416431,
3334977697,-9.412403652,
3335577657,-9.385507269,
3336177617,-9.42593139,
3336777577,-9.485379757,
3337377537,-9.397609616,
3337977497,-9.388749965,
3338577457,-9.361799663,
3339177417,-9.439990496,
3339777377,-9.43883375,
3340377337,-9.35856871,
3340977297,-9.489838776,
3341577257,-9.468364239,
3342177217,-9.40934938,
3342777177,-9.388075078,
3343377137,-9.430793208,
3343977097,-9.437604722,
3344577057,-9.588872196,
3345177017,-9.485928141,
3345776977,-9.525917447,
3346376937,-9.527082695,
3346976897,-9.51993547,
3347576857,-9.490133498,
3348176817,-9.532381671,
3348776777,-9.464411345,
3349376737,-9.550562912,
3349976697,-9.507543843,
3350576657,-9.54517571,
3351176617,-9.486042187,
3351776577,-9.422606365,
3352376537,-9.543765556,
3352976497,-9.453555946,
3353576457,-9.56237878,
3354176417,-9.527737894,
3354776377,-9.599579697,
3355376337,-9.598969971,
3355976297,-9.692957859,
3356576257,-9.590791199,
3357176217,-9.532330038,
3357776177,-9.594054647,
3358376137,-9.65414899,
3358976097,-9.517524615,
3359576057,-9.578895385,
3360176017,-9.573351874,
3360775977,-9.581270763,
3361375937,-9.592320563,
3361975897,-9.595515663,
3362575857,-9.615439552,
3363175817,-9.580788659,
3363775777,-9.63785172,
3364375737,-9.614466717,
3364975697,-9.54046356,
3365575657,-9.666411509,
3366175617,-9.645743843,
3366775577,-9.684331246,
3367375537,-9.539939955,
3367975497,-9.708680756,
3368575457,-9.553463593,
3369175417,-9.768644816,
3369775377,-9.698139299,
3370375337,-9.601875591,
3370975297,-9.693509062,
3371575257,-9.737910238,
3372175217,-9.829585788,
3372775177,-9.730171937,
3373375137,-9.574409663,
3373975097,-9.789202598,
3374575057,-9.783012374,
3375175017,-9.851628328,
3375774977,-9.748292325,
3376374937,-9.844720022,
3376974897,-9.723189597,
3377574857,-9.688908292,
3378174817,-9.822250847,
3378774777,-9.697929657,
3379374737,-9.656218404,
3379974697,-9.801311351,
3380574657,-9.8251722,
3381174617,-9.899047077,
3381774577,-9.915837678,
3382374537,-9.922278251,
3382974497,-9.788889195,
3383574457,-9.868924016,
3384174417,-9.973785402,
3384774377,-9.809361459,
3385374337,-9.957355986,
3385974296,-9.899277572,
3386574256,-9.959844706,
3387174216,-9.89207971,
3387774176,-9.967413464,
3388374136,-10.04102389,
3388974096,-9.902666729,
3389574056,-10.09526274,
3390174016,-9.914180152,
3390773976,-9.967789956,
3391373936,-9.906369494,
3391973896,-9.998619071,
3392573856,-10.12598223,
3393173816,-10.02332896,
3393773776,-10.13275247,
3394373736,-9.996557057,
3394973696,-10.19351382,
3395573656,-10.20734478,
3396173616,-10.10701144,
3396773576,-9.968300399,
3397373536,-10.03547904,
3397973496,-10.25511745,
3398573456,-10.17035833,
3399173416,-10.09682417,
3399773376,-10.14362755,
3400373336,-10.259124,
3400973296,-10.14159595,
3401573256,-10.13022052,
3402173216,-10.25237821,
3402773176,-10.27347185,
3403373136,-10.38305626,
3403973096,-10.34479704,
3404573056,-10.30492404,
3405173016,-10.27641186,
3405772976,-10.30878646,
3406372936,-10.30699906,
3406972896,-10.32657315,
3407572856,-10.3853707,
3408172816,-10.31834429,
3408772776,-10.27223692,
3409372736,-10.28236469,
3409972696,-10.32117206,
3410572656,-10.32651046,
3411172616,-10.30128537,
3411772576,-10.22229367,
3412372536,-10.40779751,
3412972496,-10.52063087,
3413572456,-10.40409774,
3414172416,-10.30826529,
3414772376,-10.44693525,
3415372336,-10.41659361,
3415972296,-10.49100635,
3416572256,-10.4237371,
3417172216,-10.29505458,
3417772176,-10.43361052,
3418372136,-10.30861379,
3418972096,-10.47543282,
3419572056,-10.44620354,
3420172016,-10.43737631,
3420771976,-10.47807365,
3421371936,-10.4683469,
3421971896,-10.5183894,
3422571856,-10.56530313,
3423171816,-10.59156368,
3423771776,-10.39387303,
3424371736,-10.41525281,
3424971696,-10.4980222,
3425571656,-10.45583173,
3426171616,-10.55045699,
3426771576,-10.51845434,
3427371536,-10.6180075,
3427971496,-10.58412342,
3428571456,-10.56245947,
3429171416,-10.59634457,
3429771376,-10.3995733,
3430371336,-10.41298062,
3430971296,-10.60038946,
3431571256,-10.53452275,
3432171216,-10.52420549,
3432771176,-10.57327513,
3433371136,-10.59246522,
3433971096,-10.52075841,
3434571056,-10.49123361,
3435171016,-10.49286187,
3435770976,-10.64978786,
3436370936,-10.571168,
3436970896,-10.49487171,
3437570856,-10.60790392,
3438170816,-10.57835103,
3438770776,-10.53553681,
3439370736,-10.60250445,
3439970696,-10.49184002,
3440570656,-10.54313807,
3441170616,-10.5998931,
3441770576,-10.57454398,
3442370536,-10.56041068,
3442970496,-10.48138905,
3443570456,-10.62201154,
3444170416,-10.55097937,
3444770376,-10.5892622,
3445370336,-10.65209717,
3445970296,-10.53967823,
3446570256,-10.84333246,
3447170216,-10.48930187,
3447770176,-10.581716,
3448370136,-10.65661537,
3448970096,-10.50225434,
3449570056,-10.62353632,
3450170016,-10.57214808,
3450769976,-10.61290499,
3451369936,-10.56776991,
3451969896,-10.60467181,
3452569856,-10.63829757,
3453169816,-10.54636925,
3453769776,-10.45019792,
3454369736,-10.5767134,
3454969696,-10.57891057,
3455569656,-10.56896166,
3456169616,-10.5469837,
3456769576,-10.50810797,
3457369536,-10.56051163,
3457969496,-10.52986825,
3458569456,-10.42585945,
3459169416,-10.47333256,
3459769376,-10.43145404,
3460369336,-10.47176136,
3460969296,-10.50189966,
3461569256,-10.55468791,
3462169216,-10.49728284,
3462769176,-10.47940584,
3463369136,-10.40114681,
3463969096,-10.47936208,
3464569056,-10.43969125,
3465169016,-10.34324542,
3465768976,-10.46437429,
3466368936,-10.42984326,
3466968896,-10.38605063,
3467568856,-10.4338414,
3468168816,-10.46021231,
3468768776,-10.46792892,
3469368736,-10.40246465,
3469968696,-10.42087383,
3470568656,-10.39128932,
3471168616,-10.37253925,
3471768576,-10.34744778,
3472368536,-10.39415154,
3472968496,-10.28390393,
3473568456,-10.36921271,
3474168416,-10.44032627,
3474768376,-10.3481667,
3475368336,-10.38245814,
3475968296,-10.4526379,
3476568256,-10.34968653,
3477168216,-10.29927014,
3477768176,-10.34008089,
3478368136,-10.2700863,
3478968096,-10.41050403,
3479568056,-10.3440662,
3480168016,-10.27361285,
3480767976,-10.22174385,
3481367936,-10.29620661,
3481967896,-10.28362078,
3482567856,-10.29259263,
3483167816,-10.22940554,
3483767776,-10.26808499,
3484367736,-10.26541515,
3484967696,-10.21263369,
3485567656,-10.12430695,
3486167616,-10.25684631,
3486767576,-10.30900295,
3487367536,-10.09797291,
3487967496,-10.11463859,
3488567456,-10.26188,
3489167416,-10.23445847,
3489767376,-10.17749891,
3490367336,-10.17869473,
3490967296,-10.20710891,
3491567256,-10.14146803,
3492167216,-10.1214071,
3492767176,-10.1469008,
3493367136,-10.01758268,
3493967096,-10.09684782,
3494567056,-10.06492298,
3495167016,-10.11074856,
3495766976,-10.06349318,
3496366936,-9.975634739,
3496966896,-10.04237122,
3497566856,-10.16129777,
3498166816,-10.05837756,
3498766776,-10.07187064,
3499366736,-10.120316,
3499966696,-10.00141562,
3500566656,-9.969142435,
3501166616,-10.04311743,
3501766576,-10.14468622,
3502366536,-9.981709884,
3502966496,-9.954578817,
3503566456,-10.03716758,
3504166416,-10.0156182,
3504766376,-9.969279511,
3505366336,-10.12928568,
3505966296,-9.866220241,
3506566256,-9.989750105,
3507166216,-9.89700505,
3507766176,-9.953536845,
3508366136,-10.01579963,
3508966096,-9.781741641,
3509566056,-9.920890898,
3510166016,-9.903661742,
3510765976,-9.85016153,
3511365936,-9.846534098,
3511965896,-9.842085454,
3512565856,-9.948174346,
3513165816,-9.79030148,
3513765776,-9.843054372,
3514365736,-9.924963943,
3514965696,-9.889850659,
3515565656,-9.89061309,
3516165616,-9.874073679,
3516765576,-9.791095279,
3517365536,-9.869012852,
3517965496,-9.884996482,
3518565456,-9.882844339,
3519165416,-9.752421876,
3519765376,-9.774099807,
3520365336,-9.817983729,
3520965296,-9.746360371,
3521565256,-9.774211432,
3522165216,-9.757922091,
3522765176,-9.825168645,
3523365136,-9.855700491,
3523965096,-9.79135835,
3524565056,-9.814840496,
3525165016,-9.730425101,
3525764976,-9.812693574,
3526364936,-9.75167188,
3526964896,-9.803787914,
3527564856,-9.829442194,
3528164816,-9.677168555,
3528764776,-9.595425389,
3529364736,-9.754818894,
3529964696,-9.79996024,
3530564656,-9.769173365,
3531164616,-9.774185035,
3531764576,-9.830624795,
3532364536,-9.729387106,
3532964496,-9.739295349,
3533564456,-9.716369241,
3534164416,-9.69822744,
3534764376,-9.697277829,
3535364336,-9.788194203,
3535964296,-9.648437162,
3536564256,-9.777594801,
3537164216,-9.751137816,
3537764176,-9.793623604,
3538364136,-9.783494793,
3538964096,-9.782875662,
3539564055,-9.793213623,
3540164015,-9.649084995,
3540763975,-9.805108973,
3541363935,-9.741229261,
3541963895,-9.789350861,
3542563855,-9.762633935,
3543163815,-9.771920494,
3543763775,-9.678882929,
3544363735,-9.786899625,
3544963695,-9.635180239,
3545563655,-9.803597702,
3546163615,-9.727499387,
3546763575,-9.731559943,
3547363535,-9.731903092,
3547963495,-9.854961318,
3548563455,-9.813875619,
3549163415,-9.710854348,
3549763375,-9.708886027,
3550363335,-9.727505737,
3550963295,-9.742585362,
3551563255,-9.787239701,
3552163215,-9.766897905,
3552763175,-9.880709026,
3553363135,-9.822525391,
3553963095,-9.834380893,
3554563055,-9.821056582,
3555163015,-9.755569895,
3555762975,-9.788008487,
3556362935,-9.821379541,
3556962895,-9.709724386,
3557562855,-9.779849836,
3558162815,-9.81113217,
3558762775,-9.755885373,
3559362735,-9.644142549,
3559962695,-9.843130161,
3560562655,-9.860783799,
3561162615,-9.925836005,
3561762575,-9.727145793,
3562362535,-9.864336476,
3562962495,-9.905613516,
3563562455,-9.82802805,
3564162415,-9.836891914,
3564762375,-9.838576751,
3565362335,-9.830407904,
3565962295,-9.652898153,
3566562255,-9.843964779,
3567162215,-9.701841341,
3567762175,-9.804260624,
3568362135,-9.874823914,
3568962095,-9.756871226,
3569562055,-9.85553763,
3570162015,-9.884685849,
3570761975,-9.960672174,
3571361935,-9.921799411,
3571961895,-9.976694763,
3572561855,-9.885524306,
3573161815,-9.947465668,
3573761775,-9.876331438,
3574361735,-9.875569784,
3574961695,-9.958944182,
3575561655,-9.920302374,
3576161615,-9.947910809,
3576761575,-9.900920346,
3577361535,-9.86372059,
3577961495,-9.850918964,
3578561455,-9.78249786,
3579161415,-9.948923839,
3579761375,-9.79436533,
3580361335,-9.897939202,
3580961295,-9.878795754,
3581561255,-9.88854393,
3582161215,-9.992664494,
3582761175,-9.908028396,
3583361135,-10.03918318,
3583961095,-9.889683011,
3584561055,-9.944520193,
3585161015,-9.904240714,
3585760975,-10.04129876,
3586360935,-10.10778697,
3586960895,-9.803580042,
3587560855,-9.889824999,
3588160815,-9.983351704,
3588760775,-9.969632205,
3589360735,-9.937155075,
3589960695,-10.01639347,
3590560655,-10.08215445,
3591160615,-10.05167446,
3591760575,-10.04580817,
3592360535,-10.04745962,
3592960495,-10.02829434,
3593560455,-10.19933073,
3594160415,-10.0555741,
3594760375,-9.911854964,
3595360335,-10.11664552,
3595960295,-10.00214338,
3596560255,-9.980401854,
3597160215,-10.11876048,
3597760175,-10.00380122,
3598360135,-9.907585493,
3598960095,-10.08184064,
3599560055,-9.973655291,
3600160015,-9.992571118,
3600759975,-10.04996724,
3601359935,-10.17872852,
3601959895,-10.04558439,
3602559855,-10.15668032,
3603159815,-10.09124201,
3603759775,-10.15458785,
3604359735,-10.14784856,
3604959695,-10.07345627,
3605559655,-10.18974352,
3606159615,-9.973605141,
3606759575,-10.25229196,
3607359535,-10.31161621,
3607959495,-10.12887818,
3608559455,-10.13609376,
3609159415,-10.12481428,
3609759375,-10.22673164,
3610359335,-10.26960993,
3610959295,-10.26561302,
3611559255,-10.37287959,
3612159215,-10.13778951,
3612759175,-10.17114151,
3613359135,-10.21761529,
3613959095,-10.34720678,
3614559055,-10.32647006,
3615159015,-10.28635916,
3615758975,-10.17308159,
3616358935,-10.37373038,
3616958895,-10.3249145,
3617558855,-10.26090404,
3618158815,-10.30090117,
3618758775,-10.2846607,
3619358735,-10.20125854,
3619958695,-10.23668856,
3620558655,-10.29816391,
3621158615,-10.33461148,
3621758575,-10.43571401,
3622358535,-10.41321571,
3622958495,-10.32195423,
3623558455,-10.39264961,
3624158415,-10.32959206,
3624758375,-10.33641894,
3625358335,-10.31056267,
3625958295,-10.39236707,
3626558255,-10.42856758,
3627158215,-10.46793945,
3627758175,-10.47178954,
3628358135,-10.35820046,
3628958095,-10.40472749,
3629558055,-10.37171092,
3630158015,-10.3878543,
3630757975,-10.35326288,
3631357935,-10.42389868,
3631957895,-10.49689382,
3632557855,-10.52732612,
3633157815,-10.4819818,
3633757775,-10.45049162,
3634357735,-10.55800087,
3634957695,-10.52767616,
3635557655,-10.4350337,
3636157615,-10.47346158,
3636757575,-10.38400449,
3637357535,-10.44293116,
3637957495,-10.41817141,
3638557455,-10.45541659,
3639157415,-10.46545561,
3639757375,-10.52736374,
3640357335,-10.58282166,
3640957295,-10.47389578,
3641557255,-10.52548836,
3642157215,-10.63475751,
3642757175,-10.64453524,
3643357135,-10.54055733,
3643957095,-10.70621856,
3644557055,-10.57864169,
3645157015,-10.58245236,
3645756975,-10.5985573,
3646356935,-10.58090371,
3646956895,-10.67605489,
3647556855,-10.65259681,
3648156815,-10.60312848,
3648756775,-10.70973211,
3649356735,-10.68094947,
3649956695,-10.67359071,
3650556655,-10.76271638,
3651156615,-10.70998013,
3651756575,-10.75724376,
3652356535,-10.68350195,
3652956495,-10.70848686,
3653556455,-10.71749677,
3654156415,-10.75365662,
3654756375,-10.70275097,
3655356335,-10.8322067,
3655956295,-10.82568927,
3656556255,-10.89403413,
3657156215,-10.79332207,
3657756175,-10.88297523,
3658356135,-10.90402328,
3658956095,-10.84315252,
3659556055,-10.97583988,
3660156015,-10.92691058,
3660755975,-10.99811706,
3661355935,-11.0071941,
3661955895,-10.90083398,
3662555855,-11.00020187,
3663155815,-10.97346744,
3663755775,-11.01157416,
3664355735,-10.92161459,
3664955695,-10.91445675,
3665555655,-11.10724428,
3666155615,-11.04945616,
3666755575,-10.99956453,
3667355535,-11.01111083,
3667955495,-11.00781353,
3668555455,-10.94260899,
3669155415,-10.92116343,
3669755375,-10.96341039,
3670355335,-11.05709874,
3670955295,-11.0826036,
3671555255,-11.02256849,
3672155215,-11.03161572,
3672755175,-11.05343906,
3673355135,-11.16098241,
3673955095,-11.15497047,
3674555055,-11.16740831,
3675155015,-11.19283128,
3675754975,-11.06518789,
3676354935,-11.20631098,
3676954895,-11.28432001,
3677554855,-11.25371129,
3678154815,-11.2030972,
3678754775,-11.1883909,
3679354735,-11.22690653,
3679954695,-11.23987478,
3680554655,-11.2316173,
3681154615,-11.20282021,
3681754575,-11.31435749,
3682354535,-11.13812828,
3682954495,-11.26135837,
3683554455,-11.23051198,
3684154415,-11.23004936,
3684754375,-11.182795,
3685354335,-11.17013233,
3685954295,-11.33579921,
3686554255,-11.30310525,
3687154215,-11.3672016,
3687754175,-11.29611752,
3688354135,-11.22204764,
3688954095,-11.3446497,
3689554055,-11.43963867,
3690154015,-11.53210515,
3690753975,-11.41403304,
3691353935,-11.43985587,
3691953895,-11.4414846,
3692553855,-11.45343651,
3693153815,-11.42225405,
3693753774,-11.48179772,
3694353734,-11.42755166,
3694953694,-11.47811453,
3695553654,-11.43015844,
3696153614,-11.50979983,
3696753574,-11.45882883,
3697353534,-11.2925185,
3697953494,-11.45231905,
3698553454,-11.38162594,
3699153414,-11.57947127,
3699753374,-11.33992674,
3700353334,-11.58255599,
3700953294,-11.37707781,
3701553254,-11.30105352,
3702153214,-11.46637346,
3702753174,-11.33512016,
3703353134,-11.37854687,
3703953094,-11.47714693,
3704553054,-11.32207664,
3705153014,-11.38353717,
3705752974,-11.59833938,
3706352934,-11.52313989,
3706952894,-11.40087959,
3707552854,-11.58866202,
3708152814,-11.3873319,
3708752774,-11.54409203,
3709352734,-11.65582247,
3709952694,-11.42167369,
3710552654,-11.58399334,
3711152614,-11.48111171,
3711752574,-11.51268638,
3712352534,-11.49036825,
3712952494,-11.54602546,
3713552454,-11.43101885,
3714152414,-11.41465888,
3714752374,-11.54326389,
3715352334,-11.49088957,
3715952294,-11.46432607,
3716552254,-11.6053261,
3717152214,-11.4605835,
3717752174,-11.39571686,
3718352134,-11.30425344,
3718952094,-11.38715002,
3719552054,-11.55230616,
3720152014,-11.32443184,
3720751974,-11.55631585,
3721351934,-11.48134916,
3721951894,-11.38704361,
3722551854,-11.19734322,
3723151814,-11.3866716,
3723751774,-11.51749153,
3724351734,-11.53214793,
3724951694,-11.46887415,
3725551654,-11.4471775,
3726151614,-11.31725443,
3726751574,-11.4589636,
3727351534,-11.37890817,
3727951494,-11.34230961,
3728551454,-11.49116995,
3729151414,-11.5734559,
3729751374,-11.41333651,
3730351334,-11.34963645,
3730951294,-11.31283825,
3731551254,-11.55841855,
3732151214,-11.30529149,
3732751174,-11.42252312,
3733351134,-11.2545123,
3733951094,-11.33420278,
3734551054,-11.32838236,
3735151014,-11.26551885,
3735750974,-11.4372858,
3736350934,-11.10528495,
3736950894,-11.24132482,
3737550854,-11.28424595,
3738150814,-11.37816687,
3738750774,-11.30495362,
3739350734,-11.34179349,
3739950694,-11.36458782,
3740550654,-11.31310344,
3741150614,-11.26242865,
3741750574,-11.33403998,
3742350534,-11.33292714,
3742950494,-11.35566035,
3743550454,-11.24834412,
3744150414,-11.24223573,
3744750374,-11.20702865,
3745350334,-11.30131115,
3745950294,-11.28159211,
3746550254,-11.1635774,
3747150214,-11.39358221,
3747750174,-11.28100186,
3748350134,-11.10179912,
3748950094,-11.34428449,
3749550054,-11.28342291,
3750150014,-11.35607943,
3750749974,-11.06390175,
3751349934,-11.04081275,
3751949894,-11.13418968,
3752549854,-11.30699277,
3753149814,-11.26975079,
3753749774,-11.19680062,
3754349734,-11.17530445,
3754949694,-11.17536366,
3755549654,-11.23447332,
3756149614,-11.13327631,
3756749574,-10.99399943,
3757349534,-11.15685238,
3757949494,-11.18227317,
3758549454,-10.92025242,
3759149414,-11.10482135,
3759749374,-11.05292653,
3760349334,-11.11985486,
3760949294,-11.13774642,
3761549254,-11.08320511,
3762149214,-11.08606852,
3762749174,-11.05639138,
3763349134,-10.99818196,
3763949094,-11.06495977,
3764549054,-11.05226992,
3765149014,-10.93183726,
3765748974,-10.99923008,
3766348934,-11.02941695,
3766948894,-10.96042973,
3767548854,-10.87701843,
3768148814,-11.01485998,
3768748774,-10.86678789,
3769348734,-11.0703752,
3769948694,-10.97461804,
3770548654,-11.03394368,
3771148614,-11.03130588,
3771748574,-11.03707483,
3772348534,-10.90414919,
3772948494,-10.8170017,
3773548454,-10.96875828,
3774148414,-10.87998498,
3774748374,-10.92027553,
3775348334,-10.95246449,
3775948294,-10.92364385,
3776548254,-10.94734704,
3777148214,-10.88383044,
3777748174,-10.90803191,
3778348134,-10.86950149,
3778948094,-10.96446569,
3779548054,-10.86519705,
3780148014,-10.89440186,
3780747974,-10.87655283,
3781347934,-10.84137423,
3781947894,-10.79112746,
3782547854,-10.9273172,
3783147814,-10.89474981,
3783747774,-10.87320654,
3784347734,-10.81986685,
3784947694,-10.82954028,
3785547654,-10.85749134,
3786147614,-10.83270365,
3786747574,-10.83119009,
3787347534,-10.84334363,
3787947494,-10.88301772,
3788547454,-10.83134533,
3789147414,-10.85350867,
3789747374,-10.88543233,
3790347334,-10.82656679,
3790947294,-10.7887768,
3791547254,-10.83128917,
3792147214,-10.80737932,
3792747174,-10.91990636,
3793347134,-10.82973821,
3793947094,-10.85739949,
3794547054,-10.81795898,
3795147014,-10.76854576,
3795746974,-10.94497588,
3796346934,-10.73646358,
3796946894,-10.83399408,
3797546854,-10.7796467,
3798146814,-10.70529872,
3798746774,-10.82172616,
3799346734,-10.77179351,
3799946694,-10.72084251,
3800546654,-10.93056623,
3801146614,-10.84993055,
3801746574,-10.79670474,
3802346534,-10.74296318,
3802946494,-10.77736915,
3803546454,-10.84449398,
3804146414,-10.99959774,
3804746374,-10.81082853,
3805346334,-10.78627081,
3805946294,-10.80686335,
3806546254,-10.88327403,
3807146214,-10.84587098,
3807746174,-10.88002198,
3808346134,-10.7950353,
3808946094,-10.8147097,
3809546054,-10.74225346,
3810146014,-10.74468302,
3810745974,-10.67267474,
3811345934,-10.85943356,
3811945894,-10.83143488,
3812545854,-10.74742292,
3813145814,-10.89558267,
3813745774,-10.91343745,
3814345734,-10.82518067,
3814945694,-10.8565351,
3815545654,-10.86032603,
3816145614,-10.93484927,
3816745574,-10.9460449,
3817345534,-10.94594558,
3817945494,-10.83763061,
3818545454,-10.73392867,
3819145414,-10.7815673,
3819745374,-10.82850947,
3820345334,-10.89847033,
3820945294,-10.89232264,
3821545254,-10.93340304,
3822145214,-10.83644399,
3822745174,-10.8303614,
3823345134,-10.89291774,
3823945094,-10.87791787,
3824545054,-10.94495364,
3825145014,-10.88943661,
3825744974,-10.92280034,
3826344934,-10.92503564,
3826944894,-10.90886983,
3827544854,-10.84702803,
3828144814,-10.84144828,
3828744774,-10.85948743,
3829344734,-10.86605527,
3829944694,-10.93462658,
3830544654,-10.92905654,
3831144614,-10.91970759,
3831744574,-10.98107895,
3832344534,-10.96818923,
3832944494,-10.86535319,
3833544454,-10.85055372,
3834144414,-11.10386856,
3834744374,-10.9400864,
3835344334,-10.94362673,
3835944294,-11.0062635,
3836544254,-10.85964088,
3837144214,-10.95564218,
3837744174,-10.98070515,
3838344134,-10.96339726,
3838944094,-11.05181479,
3839544054,-10.96427662,
3840144014,-10.85118743,
3840743974,-10.98703953,
3841343934,-11.0371676,
3841943894,-11.0079956,
3842543854,-10.87649652,
3843143814,-10.99827588,
3843743774,-10.98905992,
3844343734,-10.82731133,
3844943694,-11.03521562,
3845543654,-11.02890856,
3846143614,-10.9629502,
3846743574,-11.0402997,
3847343533,-10.95354056,
3847943493,-11.01723584,
3848543453,-11.14715813,
3849143413,-11.08342475,
3849743373,-11.03092496,
3850343333,-11.09185661,
3850943293,-11.07404456,
3851543253,-11.04983742,
3852143213,-10.97676795,
3852743173,-11.02019884,
3853343133,-11.09357828,
3853943093,-11.06808118,
3854543053,-11.14859755,
3855143013,-11.02709548,
3855742973,-11.05170267,
3856342933,-11.03781477,
3856942893,-11.1391114,
3857542853,-11.10653093,
3858142813,-10.96852995,
3858742773,-11.08040009,
3859342733,-10.85234487,
3859942693,-10.97030762,
3860542653,-11.08080417,
3861142613,-11.07994311,
3861742573,-11.12111596,
3862342533,-11.09572,
3862942493,-11.16625795,
3863542453,-11.03697294,
3864142413,-11.14988857,
3864742373,-11.16975205,
3865342333,-11.11000191,
3865942293,-11.08535984,
3866542253,-11.09270693,
3867142213,-11.15525506,
3867742173,-11.13511117,
3868342133,-11.17528396,
3868942093,-11.16392429,
3869542053,-11.11541605,
3870142013,-11.25827585,
3870741973,-11.19392673,
3871341933,-11.19533332,
3871941893,-11.13451913,
3872541853,-11.17234297,
3873141813,-11.27729575,
3873741773,-11.11809185,
3874341733,-11.23440304,
3874941693,-11.16188286,
3875541653,-11.31132223,
3876141613,-11.2385271,
3876741573,-11.23446649,
3877341533,-11.20417846,
3877941493,-11.26790087,
3878541453,-11.19446902,
3879141413,-11.18543828,
3879741373,-11.22512997,
3880341333,-11.26927182,
3880941293,-11.14697789,
3881541253,-11.28882267,
3882141213,-11.27084014,
3882741173,-11.3718388,
3883341133,-11.13792782,
3883941093,-11.43941939,
3884541053,-11.41725666,
3885141013,-11.42642727,
3885740973,-11.47303009,
3886340933,-11.4227526,
3886940893,-11.45764039,
3887540853,-11.49842236,
3888140813,-11.52380082,
3888740773,-11.46571482,
3889340733,-11.53918605,
3889940693,-11.58845918,
3890540653,-11.48617619,
3891140613,-11.68068982,
3891740573,-11.70212046,
3892340533,-11.41722265,
3892940493,-11.58469461,
3893540453,-11.45349691,
3894140413,-11.45919374,
3894740373,-11.62808148,
3895340333,-11.51702253,
3895940293,-11.53563249,
3896540253,-11.65622842,
3897140213,-11.67441547,
3897740173,-11.76635227,
3898340133,-11.61338069,
3898940093,-11.70624,
3899540053,-11.66927437,
3900140013,-11.76386305,
3900739973,-11.62103634,
3901339933,-11.6579226,
3901939893,-11.78474092,
3902539853,-11.79403221,
3903139813,-11.95287098,
3903739773,-11.91702594,
3904339733,-11.83025669,
3904939693,-11.92786809,
3905539653,-12.01701933,
3906139613,-11.92489568,
3906739573,-11.93243394,
3907339533,-12.00287427,
3907939493,-12.15817434,
3908539453,-12.20275566,
3909139413,-12.03111242,
3909739373,-12.06732319,
3910339333,-12.03984516,
3910939293,-12.10584116,
3911539253,-12.17109985,
3912139213,-12.06631121,
3912739173,-12.10727592,
3913339133,-12.18960387,
3913939093,-12.15175985,
3914539053,-12.13093681,
3915139013,-12.28882782,
3915738973,-12.18568692,
3916338933,-12.25332625,
3916938893,-12.26762504,
3917538853,-12.22495004,
3918138813,-12.41462703,
3918738773,-12.3497493,
3919338733,-12.31204474,
3919938693,-12.40359723,
3920538653,-12.41152315,
3921138613,-12.46760107,
3921738573,-12.39585434,
3922338533,-12.51282057,
3922938493,-12.34789735,
3923538453,-12.33855771,
3924138413,-12.61132248,
3924738373,-12.56714991,
3925338333,-12.50741214,
3925938293,-12.69952546,
3926538253,-12.43810802,
3927138213,-12.60051687,
3927738173,-12.64495002,
3928338133,-12.59533166,
3928938093,-12.51490942,
3929538053,-12.57250412,
3930138013,-12.681688,
3930737973,-12.70554331,
3931337933,-12.63984263,
3931937893,-12.62015016,
3932537853,-12.7817898,
3933137813,-12.79896214,
3933737773,-12.80519562,
3934337733,-12.71566561,
3934937693,-12.91051051,
3935537653,-12.8991696,
3936137613,-13.03469253,
3936737573,-12.89840384,
3937337533,-12.85225833,
3937937493,-12.87342972,
3938537453,-12.86553671,
3939137413,-12.99853383,
3939737373,-12.89329374,
3940337333,-12.98159845,
3940937293,-13.02898602,
3941537253,-12.95545361,
3942137213,-13.09649054,
3942737173,-13.05435291,
3943337133,-13.08102548,
3943937093,-13.07359085,
3944537053,-13.10584751,
3945137013,-13.12582373,
3945736973,-13.22759934,
3946336933,-13.23968814,
3946936893,-13.23512388,
3947536853,-13.19022703,
3948136813,-13.19667208,
3948736773,-13.23017521,
3949336733,-13.30740983,
3949936693,-13.28164938,
3950536653,-13.1599164,
3951136613,-13.25495773,
3951736573,-13.25176116,
3952336533,-13.29165701,
3952936493,-13.45532003,
3953536453,-13.4113857,
3954136413,-13.26014361,
3954736373,-13.28372805,
3955336333,-13.31777455,
3955936293,-13.31605889,
3956536253,-13.27958938,
3957136213,-13.22771356,
3957736173,-13.32550963,
3958336133,-13.492417,
3958936093,-13.39296806,
3959536053,-13.21624278,
3960136013,-13.42184512,
3960735973,-13.48605125,
3961335933,-13.55808875,
3961935893,-13.52567008,
3962535853,-13.49405815,
3963135813,-13.55424764,
3963735773,-13.39954511,
3964335733,-13.42380881,
3964935693,-13.53117016,
3965535653,-13.34748264,
3966135613,-13.57217579,
3966735573,-13.55344552,
3967335533,-13.60032203,
3967935493,-13.41387613,
3968535453,-13.54188833,
3969135413,-13.73165143,
3969735373,-13.62673141,
3970335333,-13.64216993,
3970935293,-13.57619964,
3971535253,-13.5977854,
3972135213,-13.56349026,
3972735173,-13.47174223,
3973335133,-13.62559031,
3973935093,-13.66855188,
3974535053,-13.71804891,
3975135013,-13.57698418,
3975734973,-13.57937526,
3976334933,-13.63480169,
3976934893,-13.69765816,
3977534853,-13.59507778,
3978134813,-13.68585988,
3978734773,-13.65247143,
3979334733,-13.51578417,
3979934693,-13.64879268,
3980534653,-13.64178852,
3981134613,-13.70141755,
3981734573,-13.62792897,
3982334533,-13.59491016,
3982934493,-13.44979337,
3983534453,-13.50287932,
3984134413,-13.59395908,
3984734373,-13.69035017,
3985334333,-13.53477281,
3985934293,-13.5733575,
3986534253,-13.6810508,
3987134213,-13.64144261,
3987734173,-13.6677296,
3988334133,-13.50440721,
3988934093,-13.60548988,
3989534053,-13.54663702,
3990134013,-13.49778897,
3990733973,-13.54649063,
3991333933,-13.65783849,
3991933893,-13.59768084,
3992533853,-13.36633494,
3993133813,-13.65645485,
3993733773,-13.66839764,
3994333733,-13.59800468,
3994933693,-13.73130245,
3995533653,-13.46624346,
3996133613,-13.49876831,
3996733573,-13.47515523,
3997333533,-13.47933963,
3997933493,-13.52160553,
3998533453,-13.43982379,
3999133413,-13.32174827,
3999733373,-13.56052224,
4000333333,-13.53557528,
4000933293,-13.54725811,
4001533253,-13.57505547,
4002133212,-13.42874534,
4002733172,-13.56940873,
4003333132,-13.53223426,
4003933092,-13.40294321,
4004533052,-13.4456313,
4005133012,-13.45619634,
4005732972,-13.41478274,
4006332932,-13.53388844,
4006932892,-13.3755245,
4007532852,-13.34683627,
4008132812,-13.38700587,
4008732772,-13.40401819,
4009332732,-13.34006634,
4009932692,-13.36218533,
4010532652,-13.45042047,
4011132612,-13.41486631,
4011732572,-13.30262612,
4012332532,-13.38783509,
4012932492,-13.36883373,
4013532452,-13.27398763,
4014132412,-13.22861278,
4014732372,-13.16505685,
4015332332,-13.37130769,
4015932292,-13.3893051,
4016532252,-13.25701085,
4017132212,-13.37123644,
4017732172,-13.26060555,
4018332132,-13.2938551,
4018932092,-13.11352738,
4019532052,-13.20506839,
4020132012,-13.18081261,
4020731972,-13.11954431,
4021331932,-13.16396357,
4021931892,-13.18390984,
4022531852,-13.13424793,
4023131812,-13.26561371,
4023731772,-13.14709623,
4024331732,-13.2435934,
4024931692,-13.15975582,
4025531652,-13.11731545,
4026131612,-13.00679984,
4026731572,-13.07074928,
4027331532,-13.11061842,
4027931492,-13.10435553,
4028531452,-12.99907444,
4029131412,-12.92703939,
4029731372,-13.04727728,
4030331332,-13.09098547,
4030931292,-13.05665152,
4031531252,-13.01402207,
4032131212,-12.99975791,
4032731172,-13.05622586,
4033331132,-12.90358725,
4033931092,-13.03310084,
4034531052,-12.93626224,
4035131012,-12.89929722,
4035730972,-12.86565749,
4036330932,-12.75523148,
4036930892,-12.9999833,
4037530852,-12.86020678,
4038130812,-12.91440054,
4038730772,-12.88903844,
4039330732,-12.94231292,
4039930692,-12.66571692,
4040530652,-12.78808303,
4041130612,-12.89786485,
4041730572,-12.88721207,
4042330532,-12.85182833,
4042930492,-12.77945151,
4043530452,-12.87045157,
4044130412,-12.78429384,
4044730372,-12.77859762,
4045330332,-12.67142378,
4045930292,-12.84912134,
4046530252,-12.94885251,
4047130212,-12.79842958,
4047730172,-12.78470737,
4048330132,-12.81788245,
4048930092,-12.84402002,
4049530052,-12.84033754,
4050130012,-12.66032709,
4050729972,-12.80364437,
4051329932,-12.62746886,
4051929892,-12.81496229,
4052529852,-12.74285895,
4053129812,-12.68743663,
4053729772,-12.7345527,
4054329732,-12.8277385,
4054929692,-12.83777472,
4055529652,-12.67437469,
4056129612,-12.68809118,
4056729572,-12.69175308,
4057329532,-12.70657528,
4057929492,-12.74262274,
4058529452,-12.74385723,
4059129412,-12.64976506,
4059729372,-12.60108624,
4060329332,-12.69853335,
4060929292,-12.7036154,
4061529252,-12.63826737,
4062129212,-12.72553032,
4062729172,-12.67911574,
4063329132,-12.63057648,
4063929092,-12.66018933,
4064529052,-12.63726464,
4065129012,-12.74702976,
4065728972,-12.78419363,
4066328932,-12.58767001,
4066928892,-12.61739907,
4067528852,-12.6819726,
4068128812,-12.84623941,
4068728772,-12.78571983,
4069328732,-12.57597813,
4069928692,-12.60858007,
4070528652,-12.75081268,
4071128612,-12.62436326,
4071728572,-12.60587708,
4072328532,-12.335787,
4072928492,-12.60676961,
4073528452,-12.5065535,
4074128412,-12.53853703,
4074728372,-12.61649484,
4075328332,-12.59680232,
4075928292,-12.56530336,
4076528252,-12.65121529,
4077128212,-12.64724373,
4077728172,-12.54028458,
4078328132,-12.64179696,
4078928092,-12.58351252,
4079528052,-12.57217169,
4080128012,-12.56692861,
4080727972,-12.87216155,
4081327932,-12.61858497,
4081927892,-12.61639885,
4082527852,-12.61133861,
4083127812,-12.59770583,
4083727772,-12.59623848,
4084327732,-12.56486759,
4084927692,-12.61323465,
4085527652,-12.55729241,
4086127612,-12.67037972,
4086727572,-12.60111852,
4087327532,-12.51129441,
4087927492,-12.64550477,
4088527452,-12.77550422,
4089127412,-12.58029373,
4089727372,-12.60960908,
4090327332,-12.78475783,
4090927292,-12.57170291,
4091527252,-12.53462274,
4092127212,-12.63032635,
4092727172,-12.4855357,
4093327132,-12.63898753,
4093927092,-12.60237992,
4094527052,-12.59219249,
4095127012,-12.61285425,
4095726972,-12.72509226,
4096326932,-12.52252074,
4096926892,-12.63405109,
4097526852,-12.59548728,
4098126812,-12.7475393,
4098726772,-12.52349184,
4099326732,-12.60309985,
4099926692,-12.71917518,
4100526652,-12.48859861,
4101126612,-12.52572567,
4101726572,-12.59162132,
4102326532,-12.58436463,
4102926492,-12.66152463,
4103526452,-12.54075683,
4104126412,-12.68286814,
4104726372,-12.64453884,
4105326332,-12.61625183,
4105926292,-12.49475847,
4106526252,-12.6597215,
4107126212,-12.60041585,
4107726172,-12.58679651,
4108326132,-12.59036368,
4108926092,-12.55024664,
4109526052,-12.66285377,
4110126012,-12.6224856,
4110725972,-12.79783212,
4111325932,-12.83649307,
4111925892,-12.65585632,
4112525852,-12.68196086,
4113125812,-12.63981115,
4113725772,-12.70959689,
4114325732,-12.59037462,
4114925692,-12.51507168,
4115525652,-12.58015296,
4116125612,-12.52488466,
4116725572,-12.58264372,
4117325532,-12.69227336,
4117925492,-12.59564033,
4118525452,-12.63346633,
4119125412,-12.66848144,
4119725372,-12.81628501,
4120325332,-12.602479,
4120925292,-12.75552629,
4121525252,-12.65055128,
4122125212,-12.68419871,
4122725172,-12.59511847,
4123325132,-12.72666057,
4123925092,-12.71374366,
4124525052,-12.69580482,
4125125012,-12.72985127,
4125724972,-12.80329362,
4126324932,-12.65824778,
4126924892,-12.77159632,
4127524852,-12.80092147,
4128124812,-12.57648633,
4128724772,-12.63574144,
4129324732,-12.59053799,
4129924692,-12.70612391,
4130524652,-12.74879661,
4131124612,-12.67390738,
4131724572,-12.58243851,
4132324532,-12.69815895,
4132924492,-12.71659065,
4133524452,-12.73425139,
4134124412,-12.70649595,
4134724372,-12.82889465,
4135324332,-12.78394708,
4135924292,-12.87868838,
4136524252,-12.89987311,
4137124212,-12.81354093,
4137724172,-12.81517542,
4138324132,-12.95340798,
4138924092,-12.78472705,
4139524052,-12.70982621,
4140124012,-12.78874134,
4140723972,-12.77886506,
4141323932,-12.83597781,
4141923892,-12.97466771,
4142523852,-12.91491121,
4143123812,-12.80561007,
4143723772,-12.93344959,
4144323732,-12.88499861,
4144923692,-12.84780809,
4145523652,-12.92194147,
4146123612,-12.93845689,
4146723572,-12.95812394,
4147323532,-12.92025718,
4147923492,-12.97613741,
4148523452,-12.98960517,
4149123412,-13.05510199,
4149723372,-13.02520735,
4150323332,-12.94707424,
4150923292,-13.07843261,
4151523252,-13.05242315,
4152123212,-13.15192353,
4152723172,-12.98808702,
4153323132,-13.03026934,
4153923092,-13.33295688,
4154523052,-13.15065744,
4155123012,-13.14626023,
4155722971,-13.17672129,
4156322931,-13.31731589,
4156922891,-13.16896381,
4157522851,-13.30853973,
4158122811,-13.2338258,
4158722771,-13.23534387,
4159322731,-13.22303103,
4159922691,-13.44429084,
4160522651,-13.35747285,
4161122611,-13.3134664,
4161722571,-13.30060801,
4162322531,-13.44482556,
4162922491,-13.51293907,
4163522451,-13.28556969,
4164122411,-13.47962607,
4164722371,-13.55587468,
4165322331,-13.55872382,
4165922291,-13.49112495,
4166522251,-13.65100374,
4167122211,-13.56938406,
4167722171,-13.55841089,
4168322131,-13.58441936,
4168922091,-13.68595768,
4169522051,-13.67570008,
4170122011,-13.68437501,
4170721971,-13.54807469,
4171321931,-13.72967085,
4171921891,-13.77153526,
4172521851,-13.64065458,
4173121811,-13.83506293,
4173721771,-13.83425724,
4174321731,-13.81217286,
4174921691,-14.04319249,
4175521651,-13.88687358,
4176121611,-14.05303988,
4176721571,-13.79783573,
4177321531,-14.01756626,
4177921491,-13.83869829,
4178521451,-14.0112194,
4179121411,-14.1784897,
4179721371,-14.13812004,
4180321331,-14.19089017,
4180921291,-14.07681944,
4181521251,-14.32109238,
4182121211,-14.06065646,
4182721171,-14.13007728,
4183321131,-14.21206167,
4183921091,-14.25993963,
4184521051,-14.19901344,
4185121011,-14.24434911,
4185720971,-14.15445252,
4186320931,-14.33426295,
4186920891,-14.52168766,
4187520851,-14.22315288,
4188120811,-14.43684701,
4188720771,-14.38089986,
4189320731,-14.42983681,
4189920691,-14.53626651,
4190520651,-14.5265426,
4191120611,-14.72276647,
4191720571,-14.54224021,
4192320531,-14.4903088,
4192920491,-14.40882686,
4193520451,-14.5912025,
4194120411,-14.55885336,
4194720371,-14.69313989,
4195320331,-14.57080859,
4195920291,-14.69783994,
4196520251,-15.13661777,
4197120211,-14.92495849,
4197720171,-14.89209897,
4198320131,-14.79046206,
4198920091,-14.90277526,
4199520051,-14.98139875,
4200120011,-14.68103801,
4200719971,-15.00064005,
4201319931,-15.0842136,
4201919891,-15.1584127,
4202519851,-15.26472757,
4203119811,-15.14654186,
4203719771,-15.25899908,
4204319731,-14.9715784,
4204919691,-15.41575439,
4205519651,-15.18023292,
4206119611,-14.99968904,
4206719571,-15.33412543,
4207319531,-15.29515729,
4207919491,-15.41846722,
4208519451,-15.42227754,
4209119411,-15.52801924,
4209719371,-15.48177402,
4210319331,-15.47742683,
4210919291,-15.30932532,
4211519251,-15.7060019,
4212119211,-15.48054696,
4212719171,-15.52898979,
4213319131,-15.92480763,
4213919091,-15.81947467,
4214519051,-15.58174188,
4215119011,-15.67851163,
4215718971,-15.77857119,
4216318931,-15.71245624,
4216918891,-15.6952847,
4217518851,-15.73628861,
4218118811,-15.75481636,
4218718771,-15.83102946,
4219318731,-15.7607295,
4219918691,-15.84601959,
4220518651,-15.84273568,
4221118611,-15.64278084,
4221718571,-15.97950965,
4222318531,-15.76671571,
4222918491,-15.77872214,
4223518451,-15.89830126,
4224118411,-15.89353744,
4224718371,-16.00944533,
4225318331,-15.73056584,
4225918291,-15.93667688,
4226518251,-15.88525237,
4227118211,-15.79689402,
4227718171,-16.06175703,
4228318131,-15.86263016,
4228918091,-16.13577303,
4229518051,-15.81912401,
4230118011,-15.96816923,
4230717971,-15.93722277,
4231317931,-15.89168316,
4231917891,-15.80142883,
4232517851,-15.86866867,
4233117811,-16.0162488,
4233717771,-15.87053162,
4234317731,-16.00202073,
4234917691,-15.99305388,
4235517651,-15.91899605,
4236117611,-15.94710526,
4236717571,-16.20682561,
4237317531,-16.1396432,
4237917491,-16.10332364,
4238517451,-16.24837095,
4239117411,-15.9922662,
4239717371,-15.97956744,
4240317331,-16.19642703,
4240917291,-16.03140401,
4241517251,-16.01590244,
4242117211,-16.54925179,
4242717171,-16.38299966,
4243317131,-16.09506244,
4243917091,-16.33554215,
4244517051,-16.18612154,
4245117011,-15.9778864,
4245716971,-16.0008529,
4246316931,-16.1373882,
4246916891,-16.41100873,
4247516851,-16.14671475,
4248116811,-16.23936388,
4248716771,-16.02500487,
4249316731,-16.19749055,
4249916691,-16.14480749,
4250516651,-16.22242256,
4251116611,-16.00926557,
4251716571,-16.25707601,
4252316531,-16.22183285,
4252916491,-16.10833647,
4253516451,-16.03616057,
4254116411,-16.05040174,
4254716371,-16.20474656,
4255316331,-15.99602661,
4255916291,-16.10606708,
4256516251,-15.96202678,
4257116211,-16.39308389,
4257716171,-16.16295268,
4258316131,-16.15053449,
4258916091,-16.11662741,
4259516051,-16.08277737,
4260116011,-16.17156274,
4260715971,-16.26988176,
4261315931,-16.2544563,
4261915891,-15.9994333,
4262515851,-16.22580248,
4263115811,-15.97197209,
4263715771,-16.08927843,
4264315731,-16.21650012,
4264915691,-16.05172173,
4265515651,-15.94845218,
4266115611,-15.93230886,
4266715571,-15.98254904,
4267315531,-15.91520524,
4267915491,-15.98861096,
4268515451,-15.9942574,
4269115411,-15.9524507,
4269715371,-15.99030956,
4270315331,-15.89293938,
4270915291,-15.95016149,
4271515251,-16.20353759,
4272115211,-15.90889228,
4272715171,-15.94875032,
4273315131,-16.02015556,
4273915091,-16.02080993,
4274515051,-15.83500662,
4275115011,-16.1195889,
4275714971,-15.87066224,
4276314931,-15.88919431,
4276914891,-16.12294971,
4277514851,-16.07076245,
4278114811,-15.85451888,
4278714771,-15.86313821,
4279314731,-15.91158279,
4279914691,-15.79532156,
4280514651,-16.06789218,
4281114611,-15.86987082,
4281714571,-15.80105971,
4282314531,-15.83912559,
4282914491,-15.97950719,
4283514451,-15.79020876,
4284114411,-15.82599674,
4284714371,-15.85509438,
4285314331,-16.07412622,
4285914291,-15.75052184,
4286514251,-15.86237913,
4287114211,-15.77132253,
4287714171,-15.72500137,
4288314131,-15.71392193,
4288914091,-15.92899549,
4289514051,-15.85494915,
4290114011,-15.63902011,
4290713971,-15.72415445,
4291313931,-15.7842707,
4291913891,-15.55615539,
4292513851,-15.61005761,
4293113811,-15.90614725,
4293713771,-15.53911941,
4294313731,-15.66725973,
4294913691,-15.58142239,
4295513651,-15.78748809,
4296113611,-15.77518081,
4296713571,-15.79927197,
4297313531,-15.77111182,
4297913491,-15.77074385,
4298513451,-15.5796183,
4299113411,-15.68611251,
4299713371,-15.41482255,
4300313331,-15.84650761,
4300913291,-15.7981455,
4301513251,-15.43170052,
4302113211,-15.53945083,
4302713171,-15.62426404,
4303313131,-15.44448314,
4303913091,-15.69874367,
4304513051,-15.43633878,
4305113011,-15.61184822,
4305712971,-15.41183176,
4306312931,-15.56811387,
4306912891,-15.63158569,
4307512851,-15.52881466,
4308112811,-15.61168424,
4308712771,-15.64494535,
4309312730,-15.42113774,
4309912690,-15.42644952,
4310512650,-15.66450234,
4311112610,-15.37214202,
4311712570,-15.6351081,
4312312530,-15.3616586,
4312912490,-15.11529949,
4313512450,-15.27683645,
4314112410,-15.37000019,
4314712370,-15.26091982,
4315312330,-15.29788094,
4315912290,-15.46749331,
4316512250,-15.12199363,
4317112210,-15.09276592,
4317712170,-15.07539486,
4318312130,-15.36493981,
4318912090,-15.2537737,
4319512050,-15.25954209,
4320112010,-15.19646069,
4320711970,-15.22727624,
4321311930,-14.95305181,
4321911890,-15.08032226,
4322511850,-15.05512001,
4323111810,-15.29984046,
4323711770,-15.23193035,
4324311730,-15.15944707,
4324911690,-15.23667708,
4325511650,-15.10097728,
4326111610,-15.08635784,
4326711570,-15.05190781,
4327311530,-15.19836794,
4327911490,-15.12389159,
4328511450,-15.23171667,
4329111410,-15.19442744,
4329711370,-15.26209616,
4330311330,-15.37492292,
4330911290,-14.88052715,
4331511250,-15.18456464,
4332111210,-14.98243053,
4332711170,-15.07821188,
4333311130,-14.88043171,
4333911090,-15.13574891,
4334511050,-15.26483019,
4335111010,-15.13611645,
4335710970,-15.34821531,
4336310930,-15.07363127,
4336910890,-14.93954124,
4337510850,-14.84114975,
4338110810,-14.85024529,
4338710770,-15.03961998,
4339310730,-15.05038767,
4339910690,-15.0176124,
4340510650,-14.93660237,
4341110610,-14.69180883,
4341710570,-14.9064806,
4342310530,-14.9786384,
4342910490,-14.92896689,
4343510450,-14.9391684,
4344110410,-15.10522624,
4344710370,-15.15360106,
4345310330,-15.01960154,
4345910290,-14.86921809,
4346510250,-15.01871326,
4347110210,-14.81521122,
4347710170,-14.90454,
4348310130,-15.02569941,
4348910090,-14.7636046,
4349510050,-14.94943646,
4350110010,-14.73956217,
4350709970,-14.82341818,
4351309930,-14.8748314,
4351909890,-14.76891492,
4352509850,-15.04669388,
4353109810,-14.82095889,
4353709770,-15.06429061,
4354309730,-14.89335844,
4354909690,-15.01743649,
4355509650,-15.06487011,
4356109610,-14.85648237,
4356709570,-15.01029247,
4357309530,-14.76410965,
4357909490,-14.76366814,
4358509450,-14.89081949,
4359109410,-14.82872148,
4359709370,-14.87383439,
4360309330,-14.63108923,
4360909290,-14.9736412,
4361509250,-14.92945547,
4362109210,-14.80612421,
4362709170,-14.81973498,
4363309130,-14.83333684,
4363909090,-14.75671568,
4364509050,-14.89909255,
4365109010,-14.83081694,
4365708970,-14.56537428,
4366308930,-14.92656238,
4366908890,-14.97313576,
4367508850,-14.85418088,
4368108810,-14.89224181,
4368708770,-14.64769173,
4369308730,-14.71387203,
4369908690,-15.04356061,
4370508650,-14.79874647,
4371108610,-14.81296303,
4371708570,-14.83682243,
4372308530,-14.45647603,
4372908490,-14.87827545,
4373508450,-14.81818127,
4374108410,-14.5850133,
4374708370,-14.8119781,
4375308330,-14.78562611,
4375908290,-14.88225762,
4376508250,-14.67684498,
4377108210,-14.60818522,
4377708170,-14.89330372,
4378308130,-15.08333634,
4378908090,-14.73286994,
4379508050,-14.7108926,
4380108010,-14.73482068,
4380707970,-14.79172361,
4381307930,-14.88409362,
4381907890,-14.74791424,
4382507850,-14.82405223,
4383107810,-14.76964083,
4383707770,-14.84257933,
4384307730,-14.76102574,
4384907690,-14.51335696,
4385507650,-14.67623641,
4386107610,-14.68737011,
4386707570,-14.70267934,
4387307530,-14.51540803,
4387907490,-14.61212254,
4388507450,-14.75545851,
4389107410,-14.71858196,
4389707370,-14.69233737,
4390307330,-14.95461927,
4390907290,-14.90901845,
4391507250,-14.42627406,
4392107210,-14.83093295,
4392707170,-14.73135085,
4393307130,-14.569495,
4393907090,-14.92563947,
4394507050,-14.62129924,
4395107010,-14.61561902,
4395706970,-14.74698551,
4396306930,-14.76999409,
4396906890,-14.86844852,
4397506850,-14.55668231,
4398106810,-14.65693889,
4398706770,-14.91854587,
4399306730,-14.98322538,
4399906690,-14.82108681,
4400506650,-14.68897742,
4401106610,-15.11054087,
4401706570,-14.55209537,
4402306530,-14.83619622,
4402906490,-14.80223436,
4403506450,-14.92878779,
4404106410,-14.77353996,
4404706370,-14.62302334,
4405306330,-15.16528079,
4405906290,-15.06281005,
4406506250,-15.1123447,
4407106210,-14.79268238,
4407706170,-14.91083263,
4408306130,-15.00555111,
4408906090,-14.92198099,
4409506050,-15.38171388,
4410106010,-15.06687642,
4410705970,-14.88379704,
4411305930,-14.99401428,
4411905890,-15.09716499,
4412505850,-14.86941767,
4413105810,-14.59781315,
4413705770,-14.88591497,
4414305730,-14.84910881,
4414905690,-14.92146375,
4415505650,-14.76416188,
4416105610,-15.15577856,
4416705570,-14.91880137,
4417305530,-14.9028607,
4417905490,-15.36342377,
4418505450,-15.07081616,
4419105410,-14.90444082,
4419705370,-14.9557274,
4420305330,-14.84250642,
4420905290,-15.17808453,
4421505250,-14.93292516,
4422105210,-15.02388916,
4422705170,-14.99378164,
4423305130,-15.14940406,
4423905090,-15.23184089,
4424505050,-15.22738858,
4425105010,-15.24156026,
4425704970,-15.22761926,
4426304930,-15.33698647,
4426904890,-15.27223992,
4427504850,-15.34771169,
4428104810,-15.19420098,
4428704770,-14.93864273,
4429304730,-15.3354958,
4429904690,-15.28216331,
4430504650,-15.45630031,
4431104610,-15.15425462,
4431704570,-15.34347794,
4432304530,-15.29846337,
4432904490,-15.42791442,
4433504450,-15.67778592,
4434104410,-15.44286972,
4434704370,-15.66866811,
4435304330,-15.26506274,
4435904290,-15.5231614,
4436504250,-15.71406618,
4437104210,-15.53037515,
4437704170,-15.58401071,
4438304130,-15.97817211,
4438904090,-15.75000329,
4439504050,-15.66790869,
4440104010,-15.79110516,
4440703970,-15.70467845,
4441303930,-15.73222852,
4441903890,-15.88602644,
4442503850,-15.8976514,
4443103810,-15.9860066,
4443703770,-16.0117721,
4444303730,-15.85976223,
4444903690,-16.09850165,
4445503650,-15.99871873,
4446103610,-15.84219011,
4446703570,-15.77185643,
4447303530,-16.00369659,
4447903490,-16.0391975,
4448503450,-16.04514456,
4449103410,-15.96876507,
4449703370,-16.07666058,
4450303330,-16.07033155,
4450903290,-16.27544641,
4451503250,-16.28973135,
4452103210,-16.02905671,
4452703170,-16.19858941,
4453303130,-16.07997627,
4453903090,-16.31286552,
4454503050,-16.18850638,
4455103010,-16.30063889,
4455702970,-16.52136549,
4456302930,-16.38572654,
4456902890,-16.30116576,
4457502850,-16.37152587,
4458102810,-16.30371238,
4458702770,-16.46567537,
4459302730,-16.55245873,
4459902690,-16.2916663,
4460502650,-16.40328415,
4461102610,-16.46026775,
4461702570,-16.36172279,
4462302530,-16.50607417,
4462902489,-16.59118773,
4463502449,-16.49254348,
4464102409,-16.71620812,
4464702369,-16.597883,
4465302329,-16.77679877,
4465902289,-16.60470741,
4466502249,-16.7443145,
4467102209,-16.55939847,
4467702169,-16.78717738,
4468302129,-16.71777623,
4468902089,-16.77403416,
4469502049,-16.72364994,
4470102009,-16.79222237,
4470701969,-16.88642373,
4471301929,-16.84138576,
4471901889,-16.87772787,
4472501849,-16.97984062,
4473101809,-16.92044901,
4473701769,-17.01684925,
4474301729,-16.9939438,
4474901689,-16.91364759,
4475501649,-17.14724225,
4476101609,-16.91679467,
4476701569,-16.94710033,
4477301529,-17.12642813,
4477901489,-16.98391605,
4478501449,-17.11300486,
4479101409,-17.2152059,
4479701369,-17.15544331,
4480301329,-17.19206811,
4480901289,-17.32735602,
4481501249,-17.0558018,
4482101209,-17.19235792,
4482701169,-17.2547637,
4483301129,-17.27694184,
4483901089,-17.39893416,
4484501049,-17.26355425,
4485101009,-17.41621467,
4485700969,-17.4404943,
4486300929,-17.28494508,
4486900889,-17.42737636,
4487500849,-17.18281244,
4488100809,-17.82451006,
4488700769,-17.57060612,
4489300729,-17.53917564,
4489900689,-17.26905107,
4490500649,-17.4813897,
4491100609,-17.74029408,
4491700569,-17.50392549,
4492300529,-17.66373727,
4492900489,-17.28539643,
4493500449,-17.51677285,
4494100409,-17.72682581,
4494700369,-17.45855837,
4495300329,-17.61719663,
4495900289,-17.62396106,
4496500249,-17.56655479,
4497100209,-17.81226997,
4497700169,-17.95297208,
4498300129,-17.56749818,
4498900089,-17.49708022,
4499500049,-17.74250776,
4500100009,-17.87406363,
4500699969,-17.70034918,
4501299929,-17.58925732,
4501899889,-17.83873808,
4502499849,-17.98670607,
4503099809,-17.77600759,
4503699769,-17.66284881,
4504299729,-17.96770076,
4504899689,-17.85694924,
4505499649,-18.00156384,
4506099609,-17.59882049,
4506699569,-18.01927734,
4507299529,-17.90611191,
4507899489,-17.73066189,
4508499449,-18.18244273,
4509099409,-17.75757824,
4509699369,-17.82499722,
4510299329,-17.94187957,
4510899289,-17.5930528,
4511499249,-17.95459814,
4512099209,-18.2252037,
4512699169,-17.72137938,
4513299129,-17.70299506,
4513899089,-18.19286055,
4514499049,-17.92934302,
4515099009,-18.11742275,
4515698969,-18.04000365,
4516298929,-17.9536556,
4516898889,-17.93565295,
4517498849,-18.32564773,
4518098809,-17.94219566,
4518698769,-18.25283505,
4519298729,-17.59593205,
4519898689,-17.73134407,
4520498649,-19.99160433,
4521098609,-19.84173236,
4521698569,-19.76164197,
4522298529,-19.98552594,
4522898489,-20.56506644,
4523498449,-19.78306277,
4524098409,-20.26201782,
4524698369,-20.12295321,
4525298329,-19.81046227,
4525898289,-20.40908536,
4526498249,-20.17620511,
4527098209,-20.1440357,
4527698169,-20.18011952,
4528298129,-19.67646851,
4528898089,-20.17648101,
4529498049,-20.12836213,
4530098009,-19.9409952,
4530697969,-19.8455732,
4531297929,-20.28820267,
4531897889,-20.41671077,
4532497849,-20.38405499,
4533097809,-20.17682017,
4533697769,-20.32996761,
4534297729,-20.22302463,
4534897689,-20.18999555,
4535497649,-20.12528377,
4536097609,-20.08716603,
4536697569,-19.96035236,
4537297529,-19.72805122,
4537897489,-19.81740298,
4538497449,-20.01384389,
4539097409,-20.12069574,
4539697369,-20.05786763,
4540297329,-19.94968731,
4540897289,-19.73062849,
4541497249,-20.65872217,
4542097209,-20.13800376,
4542697169,-20.30368904,
4543297129,-19.86483756,
4543897089,-20.22648044,
4544497049,-20.28443859,
4545097009,-20.01965642,
4545696969,-20.23762928,
4546296929,-20.26045339,
4546896889,-20.26568919,
4547496849,-20.51923161,
4548096809,-19.61520321,
4548696769,-19.93502287,
4549296729,-19.71982933,
4549896689,-19.97052744,
4550496649,-20.29921251,
4551096609,-20.16727362,
4551696569,-20.28170305,
4552296529,-19.88122874,
4552896489,-20.00785762,
4553496449,-20.40083933,
4554096409,-19.83874288,
4554696369,-17.89505613,
4555296329,-18.3881264,
4555896289,-18.10944427,
4556496249,-18.09296385,
4557096209,-18.3463122,
4557696169,-18.16051113,
4558296129,-17.96795403,
4558896089,-17.89246513,
4559496049,-18.27362002,
4560096009,-18.1791873,
4560695969,-18.05872459,
4561295929,-18.54555386,
4561895889,-17.99598847,
4562495849,-17.7500354,
4563095809,-18.40393306,
4563695769,-17.96722297,
4564295729,-18.56288548,
4564895689,-18.28880522,
4565495649,-18.31021142,
4566095609,-18.02886977,
4566695569,-18.28022961,
4567295529,-18.13906968,
4567895489,-18.39240939,
4568495449,-18.05118566,
4569095409,-18.13694182,
4569695369,-18.1281826,
4570295329,-18.15303984,
4570895289,-18.10860799,
4571495249,-18.43158941,
4572095209,-18.2078433,
4572695169,-18.04388522,
4573295129,-18.15000862,
4573895089,-18.37072335,
4574495049,-18.1178119,
4575095009,-17.91399896,
4575694969,-18.07282877,
4576294929,-18.4581566,
4576894889,-18.14191045,
4577494849,-18.13317835,
4578094809,-18.1105526,
4578694769,-18.24376318,
4579294729,-18.0512648,
4579894689,-18.2389503,
4580494649,-17.95228081,
4581094609,-18.27245004,
4581694569,-18.39282165,
4582294529,-18.23586115,
4582894489,-18.10208866,
4583494449,-18.04940177,
4584094409,-18.29719436,
4584694369,-17.9994297,
4585294329,-18.08396823,
4585894289,-17.93815082,
4586494249,-18.17513356,
4587094209,-17.96549544,
4587694169,-18.05338897,
4588294129,-18.12759569,
4588894089,-18.34127293,
4589494049,-18.37297594,
4590094009,-18.0464505,
4590693969,-18.21946474,
4591293929,-18.10206502,
4591893889,-18.02348616,
4592493849,-18.40165599,
4593093809,-18.01756249,
4593693769,-18.16835604,
4594293729,-18.43036105,
4594893689,-18.38999973,
4595493649,-17.86715775,
4596093609,-18.29856079,
4596693569,-18.10405557,
4597293529,-17.9641791,
4597893489,-17.98342017,
4598493449,-18.04032664,
4599093409,-18.15246403,
4599693369,-18.16833032,
4600293329,-18.10386095,
4600893289,-18.04808708,
4601493249,-17.9808725,
4602093209,-18.19504307,
4602693169,-18.10748227,
4603293129,-18.30334312,
4603893089,-17.49056725,
4604493049,-18.21533984,
4605093009,-18.02307034,
4605692969,-17.87275691,
4606292929,-17.93713881,
4606892889,-17.85379362,
4607492849,-18.10267911,
4608092809,-18.15291477,
4608692769,-18.11165623,
4609292729,-18.14085273,
4609892689,-18.09148661,
4610492649,-18.33565872,
4611092609,-18.1649327,
4611692569,-18.48254167,
4612292529,-17.98270893,
4612892489,-18.10751108,
4613492449,-17.95206849,
4614092409,-18.19431934,
4614692369,-18.22585424,
4615292329,-18.06049548,
4615892289,-17.98688261,
4616492248,-17.94941144,
4617092208,-17.88649284,
4617692168,-17.78331851,
4618292128,-17.96648015,
4618892088,-17.93065885,
4619492048,-17.99048784,
4620092008,-17.73156457,
4620691968,-17.6836824,
4621291928,-18.02400022,
4621891888,-18.00954018,
4622491848,-18.1367754,
4623091808,-17.78896747,
4623691768,-17.88653871,
4624291728,-17.67042052,
4624891688,-17.95290969,
4625491648,-18.03394726,
4626091608,-17.82739232,
4626691568,-17.91212485,
4627291528,-18.09992461,
4627891488,-17.87277516,
4628491448,-18.07691287,
4629091408,-17.85828827,
4629691368,-18.09532802,
4630291328,-18.04991436,
4630891288,-17.75403884,
4631491248,-17.79706037,
4632091208,-17.96147428,
4632691168,-17.95040397,
4633291128,-17.94995424,
4633891088,-17.80323017,
4634491048,-18.19836009,
4635091008,-18.09247015,
4635690968,-17.82547755,
4636290928,-17.98452047,
4636890888,-17.8479012,
4637490848,-17.89826665,
4638090808,-17.87948937,
4638690768,-17.84995527,
4639290728,-17.74738276,
4639890688,-17.91301783,
4640490648,-18.02189516,
4641090608,-17.83107928,
4641690568,-17.69032998,
4642290528,-17.8768612,
4642890488,-17.86834738,
4643490448,-18.04605095,
4644090408,-17.80555907,
4644690368,-17.53993008,
4645290328,-17.91106434,
4645890288,-18.00373407,
4646490248,-18.00833274,
4647090208,-17.61846115,
4647690168,-17.82552686,
4648290128,-17.82424351,
4648890088,-17.58845726,
4649490048,-17.89941215,
4650090008,-17.58864819,
4650689968,-17.93501221,
4651289928,-17.65141948,
4651889888,-17.64239722,
4652489848,-17.44137817,
4653089808,-17.75536934,
4653689768,-17.7155782,
4654289728,-17.75109376,
4654889688,-17.75690964,
4655489648,-17.50199156,
4656089608,-17.73685263,
4656689568,-17.75651982,
4657289528,-17.4324021,
4657889488,-17.55846816,
4658489448,-17.50093053,
4659089408,-17.62246094,
4659689368,-17.76201822,
4660289328,-17.33483059,
4660889288,-17.87958098,
4661489248,-17.55943051,
4662089208,-17.62409915,
4662689168,-17.42147574,
4663289128,-17.56035313,
4663889088,-17.73892856,
4664489048,-17.31945461,
4665089008,-17.42878904,
4665688968,-17.45589475,
4666288928,-17.57176392,
4666888888,-17.45082174,
4667488848,-17.34064685,
4668088808,-17.32235448,
4668688768,-17.58690401,
4669288728,-17.41660762,
4669888688,-17.4258068,
4670488648,-17.23436003,
4671088608,-17.71183383,
4671688568,-17.62355308,
4672288528,-17.49605112,
4672888488,-17.29051407,
4673488448,-17.38482615,
4674088408,-17.42237636,
4674688368,-17.28583809,
4675288328,-17.31208684,
4675888288,-17.63118066,
4676488248,-17.28822817,
4677088208,-17.25094979,
4677688168,-17.33776031,
4678288128,-17.2558336,
4678888088,-17.27955364,
4679488048,-17.46005895,
4680088008,-17.28963857,
4680687968,-17.31177735,
4681287928,-17.47111,
4681887888,-17.29815121,
4682487848,-17.31101777,
4683087808,-17.29117126,
4683687768,-17.34901774,
4684287728,-17.16451417,
4684887688,-17.26528937,
4685487648,-17.21330984,
4686087608,-17.33287216,
4686687568,-17.50224658,
4687287528,-17.20602247,
4687887488,-17.19951941,
4688487448,-17.29844305,
4689087408,-17.31904512,
4689687368,-17.21986229,
4690287328,-17.3722949,
4690887288,-17.16119101,
4691487248,-17.28275408,
4692087208,-17.32919755,
4692687168,-17.31426744,
4693287128,-17.33083765,
4693887088,-17.16992748,
4694487048,-17.53069246,
4695087008,-17.25296095,
4695686968,-17.10599052,
4696286928,-17.06303908,
4696886888,-17.0469589,
4697486848,-17.20566867,
4698086808,-17.24897971,
4698686768,-17.0168985,
4699286728,-17.37469549,
4699886688,-17.2975362,
4700486648,-17.22841961,
4701086608,-17.08300794,
4701686568,-17.40836699,
4702286528,-16.974558,
4702886488,-17.15196194,
4703486448,-17.25328431,
4704086408,-16.94130476,
4704686368,-17.09078819,
4705286328,-17.35882352,
4705886288,-17.31671641,
4706486248,-17.29532346,
4707086208,-17.44637229,
4707686168,-17.36172725,
4708286128,-17.00489171,
4708886088,-17.36522702,
4709486048,-17.30333928,
4710086008,-17.18999251,
4710685968,-17.36562963,
4711285928,-17.57763355,
4711885888,-17.17965459,
4712485848,-17.3766163,
4713085808,-17.13556445,
4713685768,-17.21236524,
4714285728,-17.26556963,
4714885688,-17.56063237,
4715485648,-17.32504834,
4716085608,-17.4223256,
4716685568,-17.25979963,
4717285528,-17.07235512,
4717885488,-17.28403822,
4718485448,-17.44437564,
4719085408,-17.3993893,
4719685368,-17.32896442,
4720285328,-17.47583209,
4720885288,-17.23960626,
4721485248,-17.48906648,
4722085208,-17.36051437,
4722685168,-17.46919412,
4723285128,-17.39199158,
4723885088,-17.42272004,
4724485048,-17.3502879,
4725085008,-17.43364671,
4725684968,-17.92903699,
4726284928,-17.28930128,
4726884888,-17.57630848,
4727484848,-17.48687191,
4728084808,-17.53376042,
4728684768,-17.36471595,
4729284728,-17.50837487,
4729884688,-17.47187994,
4730484648,-17.77380516,
4731084608,-17.65552038,
4731684568,-17.77343275,
4732284528,-17.72008664,
4732884488,-17.63315327,
4733484448,-17.58885696,
4734084408,-17.45780818,
4734684368,-17.45554767,
4735284328,-17.78924033,
4735884288,-17.89153977,
4736484248,-17.57329103,
4737084208,-17.80041368,
4737684168,-17.69372739,
4738284128,-17.65259613,
4738884088,-17.85532897,
4739484048,-17.77552178,
4740084008,-17.72055024,
4740683968,-17.60530893,
4741283928,-17.69284407,
4741883888,-17.94256764,
4742483848,-17.81329375,
4743083808,-17.86898576,
4743683768,-17.93362795,
4744283728,-17.78849925,
4744883688,-17.72536568,
4745483648,-18.2639659,
4746083608,-17.91903952,
4746683568,-18.01769606,
4747283528,-18.03793359,
4747883488,-18.1211839,
4748483448,-18.15055988,
4749083408,-18.10705947,
4749683368,-17.82920642,
4750283328,-18.08609892,
4750883288,-18.21890069,
4751483248,-18.09401644,
4752083208,-18.1104916,
4752683168,-18.20229602,
4753283128,-18.35746481,
4753883088,-18.43027088,
4754483048,-18.14554277,
4755083008,-18.24804667,
4755682968,-18.2430817,
4756282928,-18.41127802,
4756882888,-18.38213454,
4757482848,-18.12610911,
4758082808,-18.53826778,
4758682768,-18.23169256,
4759282728,-18.34039054,
4759882688,-18.56310023,
4760482648,-18.57613557,
4761082608,-18.76600081,
4761682568,-18.32135857,
4762282528,-18.40291234,
4762882488,-18.45506883,
4763482448,-18.3783059,
4764082408,-18.32788851,
4764682368,-18.42811738,
4765282328,-18.38333425,
4765882288,-18.47358771,
4766482248,-18.30480815,
4767082208,-18.57839899,
4767682168,-18.27480313,
4768282128,-18.63063669,
4768882088,-19.12960951,
4769482048,-18.63836569,
4770082008,-18.95664534,
4770681967,-18.97925669,
4771281927,-18.59189028,
4771881887,-18.72222348,
4772481847,-18.768476,
4773081807,-19.32268392,
4773681767,-18.996653,
4774281727,-19.13138244,
4774881687,-18.95857825,
4775481647,-18.93352564,
4776081607,-19.40987005,
4776681567,-18.8948226,
4777281527,-18.9795825,
4777881487,-18.77682843,
4778481447,-18.90963605,
4779081407,-18.84228995,
4779681367,-19.03564452,
4780281327,-19.24620767,
4780881287,-19.23457368,
4781481247,-19.41949428,
4782081207,-19.45660679,
4782681167,-19.30996099,
4783281127,-19.19949223,
4783881087,-19.54567486,
4784481047,-19.41741372,
4785081007,-19.49945627,
4785680967,-19.2620635,
4786280927,-19.2022924,
4786880887,-19.16963218,
4787480847,-19.7130965,
4788080807,-19.98171239,
4788680767,-19.68189468,
4789280727,-19.22169524,
4789880687,-19.61738263,
4790480647,-19.31062982,
4791080607,-19.50171172,
4791680567,-19.7310587,
4792280527,-19.61296961,
4792880487,-19.88088161,
4793480447,-19.53059876,
4794080407,-19.95132818,
4794680367,-20.14079951,
4795280327,-20.08378475,
4795880287,-19.83157039,
4796480247,-19.71239819,
4797080207,-19.78513051,
4797680167,-19.90062351,
4798280127,-19.79068908,
4798880087,-19.84505122,
4799480047,-20.01881946,
4800080007,-19.98589037,
4800679967,-19.99365248,
4801279927,-20.16559821,
4801879887,-20.27914761,
4802479847,-20.18124186,
4803079807,-20.01009765,
4803679767,-20.02858299,
4804279727,-20.12660786,
4804879687,-20.11706253,
4805479647,-20.14014164,
4806079607,-20.03857807,
4806679567,-20.01234667,
4807279527,-20.15393747,
4807879487,-20.10788704,
4808479447,-19.95887264,
4809079407,-20.3648541,
4809679367,-20.00864552,
4810279327,-20.09110763,
4810879287,-20.36712608,
4811479247,-19.95434041,
4812079207,-20.44543634,
4812679167,-20.21994774,
4813279127,-20.75964445,
4813879087,-20.4493584,
4814479047,-20.11008622,
4815079007,-20.64605258,
4815678967,-20.33669085,
4816278927,-20.3291784,
4816878887,-20.66028255,
4817478847,-20.42765904,
4818078807,-20.37007355,
4818678767,-20.58767221,
4819278727,-21.06226589,
4819878687,-20.32237198,
4820478647,-20.06925345,
4821078607,-20.56604756,
4821678567,-20.64261823,
4822278527,-20.73225832,
4822878487,-20.4690497,
4823478447,-20.18596188,
4824078407,-20.47821184,
4824678367,-20.47877542,
4825278327,-20.53522212,
4825878287,-20.65401759,
4826478247,-20.45450304,
4827078207,-20.70679249,
4827678167,-20.62119804,
4828278127,-20.6920937,
4828878087,-20.77036553,
4829478047,-20.72171845,
4830078007,-20.6325995,
4830677967,-20.80046841,
4831277927,-20.81738808,
4831877887,-20.79636257,
4832477847,-20.62686227,
4833077807,-20.40821626,
4833677767,-20.63496296,
4834277727,-20.53690623,
4834877687,-20.72879821,
4835477647,-20.70525706,
4836077607,-20.67847277,
4836677567,-20.72998133,
4837277527,-20.73485428,
4837877487,-20.99811613,
4838477447,-20.66804888,
4839077407,-20.65840574,
4839677367,-20.87983377,
4840277327,-20.68430525,
4840877287,-20.62310306,
4841477247,-20.87620959,
4842077207,-21.35219701,
4842677167,-20.89518495,
4843277127,-21.01502051,
4843877087,-20.88284806,
4844477047,-21.01513989,
4845077007,-20.82600446,
4845676967,-20.77550166,
4846276927,-21.02800515,
4846876887,-20.80085349,
4847476847,-21.12543661,
4848076807,-20.78766757,
4848676767,-21.59932713,
4849276727,-20.95311142,
4849876687,-20.8627085,
4850476647,-20.97645804,
4851076607,-20.82035793,
4851676567,-21.14907255,
4852276527,-20.90459608,
4852876487,-20.85525576,
4853476447,-21.08030425,
4854076407,-20.97798118,
4854676367,-20.85321742,
4855276327,-21.0556113,
4855876287,-20.96151537,
4856476247,-20.99324251,
4857076207,-20.74685328,
4857676167,-21.03828452,
4858276127,-21.01256408,
4858876087,-21.06384498,
4859476047,-20.98782257,
4860076007,-20.98493431,
4860675967,-21.05701901,
4861275927,-21.07295472,
4861875887,-21.01958424,
4862475847,-21.10112273,
4863075807,-21.08117467,
4863675767,-21.16955777,
4864275727,-21.09053823,
4864875687,-21.06723099,
4865475647,-20.97323683,
4866075607,-20.93482868,
4866675567,-20.98809338,
4867275527,-20.84830627,
4867875487,-21.13560006,
4868475447,-21.31303028,
4869075407,-21.30962269,
4869675367,-21.27236572,
4870275327,-21.22639302,
4870875287,-21.31745153,
4871475247,-21.26692012,
4872075207,-21.10265817,
4872675167,-21.22463658,
4873275127,-21.13565529,
4873875087,-21.26270908,
4874475047,-21.16408594,
4875075007,-21.1165267,
4875674967,-21.0441628,
4876274927,-21.11184419,
4876874887,-21.38492665,
4877474847,-21.30143423,
4878074807,-21.23038205,
4878674767,-21.30892132,
4879274727,-21.24195249,
4879874687,-21.35890982,
4880474647,-21.18160515,
4881074607,-21.07450704,
4881674567,-21.25316142,
4882274527,-21.36804726,
4882874487,-21.1486736,
4883474447,-21.27744004,
4884074407,-21.39686934,
4884674367,-21.40916042,
4885274327,-21.42652944,
4885874287,-21.43352548,
4886474247,-21.48505411,
4887074207,-21.28072735,
4887674167,-21.34956901,
4888274127,-21.48606385,
4888874087,-21.37511894,
4889474047,-21.39429063,
4890074007,-21.10359397,
4890673967,-21.4629611,
4891273927,-21.38292829,
4891873887,-21.30997657,
4892473847,-21.4169791,
4893073807,-21.23909177,
4893673767,-21.33233334,
4894273727,-21.41975332,
4894873687,-21.20956028,
4895473647,-21.30947205,
4896073607,-21.59044541,
4896673567,-21.46148248,
4897273527,-21.19690211,
4897873487,-21.38548793,
4898473447,-21.4767546,
4899073407,-21.36553302,
4899673367,-21.01009962,
4900273327,-21.37766278,
4900873287,-21.51555197,
4901473247,-21.1615352,
4902073207,-21.25364461,
4902673167,-21.32736363,
4903273127,-21.3390792,
4903873087,-21.39583127,
4904473047,-21.4048398,
4905073007,-21.28747722,
4905672967,-21.36255185,
4906272927,-21.26864194,
4906872887,-21.17710244,
4907472847,-21.26255843,
4908072807,-21.35073906,
4908672767,-21.1170451,
4909272727,-21.39176471,
4909872687,-21.37948647,
4910472647,-21.37796237,
4911072607,-21.24327617,
4911672567,-21.3398798,
4912272527,-21.27867517,
4912872487,-21.36467348,
4913472447,-21.21966025,
4914072407,-21.32875971,
4914672367,-21.28724835,
4915272327,-21.13966907,
4915872287,-21.28835874,
4916472247,-21.10918141,
4917072207,-21.21744936,
4917672167,-21.3016854,
4918272127,-21.17178908,
4918872087,-21.36581974,
4919472047,-21.21427649,
4920072007,-21.24911054,
4920671967,-21.25789761,
4921271927,-21.05567378,
4921871887,-21.0265561,
4922471847,-21.03217659,
4923071807,-21.28467693,
4923671767,-21.06741779,
4924271726,-21.08944094,
4924871686,-21.05271455,
4925471646,-21.28338311,
4926071606,-21.08726872,
4926671566,-21.01530848,
4927271526,-21.00128916,
4927871486,-21.00667829,
4928471446,-21.17386352,
4929071406,-21.11741718,
4929671366,-21.23420638,
4930271326,-21.08526261,
4930871286,-21.12507561,
4931471246,-21.45888392,
4932071206,-21.06961481,
4932671166,-20.9946576,
4933271126,-21.08064263,
4933871086,-20.79733248,
4934471046,-21.07867958,
4935071006,-21.28223261,
4935670966,-21.11090484,
4936270926,-20.92582949,
4936870886,-20.83191508,
4937470846,-21.10143796,
4938070806,-21.21555178,
4938670766,-21.01516386,
4939270726,-21.48087953,
4939870686,-21.02219979,
4940470646,-21.06567796,
4941070606,-21.44354472,
4941670566,-20.7300911,
4942270526,-21.0402937,
4942870486,-20.80793935,
4943470446,-21.49281022,
4944070406,-21.16875443,
4944670366,-20.94326125,
4945270326,-20.93374421,
4945870286,-20.95910169,
4946470246,-21.17840755,
4947070206,-21.02867979,
4947670166,-21.1289223,
4948270126,-20.56502901,
4948870086,-20.90844624,
4949470046,-21.14725121,
4950070006,-21.17327609,
4950669966,-20.76703734,
4951269926,-20.91623604,
4951869886,-20.85791938,
4952469846,-20.73537752,
4953069806,-21.04406149,
4953669766,-21.50595269,
4954269726,-20.66989047,
4954869686,-20.72269524,
4955469646,-20.7508385,
4956069606,-20.46376548,
4956669566,-20.51137059,
4957269526,-20.54041885,
4957869486,-20.58630295,
4958469446,-21.09381344,
4959069406,-20.43040206,
4959669366,-20.60500952,
4960269326,-20.35555464,
4960869286,-20.64631785,
4961469246,-20.93964061,
4962069206,-20.74512776,
4962669166,-20.43881572,
4963269126,-20.44984272,
4963869086,-20.12496402,
4964469046,-20.47989533,
4965069006,-20.90740623,
4965668966,-20.55409496,
4966268926,-20.08758034,
4966868886,-20.5490379,
4967468846,-20.17362986,
4968068806,-20.363004,
4968668766,-20.28071199,
4969268726,-20.16302929,
4969868686,-20.06208528,
4970468646,-20.81606044,
4971068606,-20.20120562,
4971668566,-20.17259225,
4972268526,-20.0188767,
4972868486,-20.17672756,
4973468446,-20.61878756,
4974068406,-20.2462287,
4974668366,-20.63486729,
4975268326,-20.03812444,
4975868286,-20.15251129,
4976468246,-20.15829325,
4977068206,-20.17029792,
4977668166,-20.26175611,
4978268126,-20.36237116,
4978868086,-20.17545025,
4979468046,-19.8693194,
4980068006,-20.22819086,
4980667966,-20.20565772,
4981267926,-20.35306739,
4981867886,-20.06746624,
4982467846,-19.78758559,
4983067806,-19.88739525,
4983667766,-19.64770323,
4984267726,-19.98281795,
4984867686,-19.83513544,
4985467646,-19.73022396,
4986067606,-20.09933145,
4986667566,-20.07416247,
4987267526,-20.16349229,
4987867486,-20.15917742,
4988467446,-19.79471094,
4989067406,-19.78162217,
4989667366,-19.83088975,
4990267326,-19.2903938,
4990867286,-19.57571587,
4991467246,-19.88337035,
4992067206,-19.50315722,
4992667166,-19.95557079,
4993267126,-19.60684554,
4993867086,-19.71842995,
4994467046,-19.9103956,
4995067006,-19.63669249,
4995666966,-19.81525183,
4996266926,-19.63624554,
4996866886,-19.93564937,
4997466846,-20.1598005,
4998066806,-19.52417073,
4998666766,-19.51239541,
4999266726,-19.67988402,
4999866686,-19.50977871,
5000466646,-19.73799478,
5001066606,-19.28625797,
5001666566,-18.68542259,
5002266526,-19.3682875,
5002866486,-19.70764204,
5003466446,-19.09551824,
5004066406,-19.36673691,
5004666366,-19.67056777,
5005266326,-19.20373627,
5005866286,-19.56460446,
5006466246,-19.11184746,
5007066206,-19.55794681,
5007666166,-19.38385105,
5008266126,-19.02645302,
5008866086,-19.53297379,
5009466046,-19.28224436,
5010066006,-19.60240771,
5010665966,-19.35733472,
5011265926,-19.17665085,
5011865886,-19.59592843,
5012465846,-19.35530161,
5013065806,-19.2047293,
5013665766,-19.39587764,
5014265726,-19.20968631,
5014865686,-19.44163824,
5015465646,-19.65479761,
5016065606,-19.42541704,
5016665566,-19.5129127,
5017265526,-19.22545138,
5017865486,-19.42240792,
5018465446,-19.11965928,
5019065406,-19.39451334,
5019665366,-19.55031982,
5020265326,-19.41429357,
5020865286,-19.48038561,
5021465246,-19.70428685,
5022065206,-19.36226383,
5022665166,-19.62815409,
5023265126,-19.48082699,
5023865086,-19.98605844,
5024465046,-19.59511374,
5025065006,-19.21835065,
5025664966,-19.60711726,
5026264926,-19.61485855,
5026864886,-19.85262566,
5027464846,-19.82223843,
5028064806,-20.08016985,
5028664766,-19.88643523,
5029264726,-20.00850343,
5029864686,-20.06432444,
5030464646,-19.95880333,
5031064606,-19.81335175,
5031664566,-20.03558521,
5032264526,-19.87419351,
5032864486,-19.81534532,
5033464446,-20.03141757,
5034064406,-19.83091934,
5034664366,-20.03436381,
5035264326,-20.04117887,
5035864286,-20.06308053,
5036464246,-20.08685875,
5037064206,-20.46369242,
5037664166,-19.70944907,
5038264126,-20.11612172,
5038864086,-20.17002864,
5039464046,-20.07225111,
5040064006,-19.94449855,
5040663966,-20.13191397,
5041263926,-20.21412881,
5041863886,-20.21979062,
5042463846,-20.11414211,
5043063806,-20.13249384,
5043663766,-19.97193715,
5044263726,-20.39653793,
5044863686,-20.3369221,
5045463646,-21.08203773,
5046063606,-20.28142064,
5046663566,-20.38296694,
5047263526,-20.27534738,
5047863486,-20.6541066,
5048463446,-20.65914812,
5049063406,-20.34280341,
5049663366,-20.44469873,
5050263326,-20.34691658,
5050863286,-20.43202195,
5051463246,-20.68089987,
5052063206,-20.80110928,
5052663166,-20.61081172,
5053263126,-20.5477068,
5053863086,-20.9638201,
5054463046,-20.54062442,
5055063006,-20.60515362,
5055662966,-20.65127989,
5056262926,-20.7581164,
5056862886,-20.4497219,
5057462846,-20.66948233,
5058062806,-20.6733408,
5058662766,-20.8507723,
5059262726,-20.81185071,
5059862686,-21.10171887,
5060462646,-20.80103194,
5061062606,-20.89072667,
5061662566,-20.9895641,
5062262526,-21.14068409,
5062862486,-21.32810998,
5063462446,-20.69051098,
5064062406,-20.9068793,
5064662366,-21.1063818,
5065262326,-20.94395978,
5065862286,-20.92062363,
5066462246,-20.70496372,
5067062206,-21.55120876,
5067662166,-20.94348436,
5068262126,-20.99251953,
5068862086,-20.82125707,
5069462046,-21.02091124,
5070062006,-21.15417159,
5070661966,-21.18504164,
5071261926,-21.28415724,
5071861886,-21.21790105,
5072461846,-21.35508858,
5073061806,-21.10601081,
5073661766,-21.40349144,
5074261726,-21.57189298,
5074861686,-21.40528633,
5075461646,-21.3179636,
5076061606,-21.45074571,
5076661566,-21.49516813,
5077261526,-21.50091574,
5077861485,-21.44765612,
5078461445,-21.55922624,
5079061405,-21.58658272,
5079661365,-21.33202065,
5080261325,-21.44842157,
5080861285,-21.55938145,
5081461245,-21.73169612,
5082061205,-21.53992694,
5082661165,-21.90366936,
5083261125,-21.653386,
5083861085,-21.69823926,
5084461045,-21.88885754,
5085061005,-21.87673724,
5085660965,-21.88931298,
5086260925,-21.94860204,
5086860885,-22.0071029,
5087460845,-22.11806581,
5088060805,-21.76680137,
5088660765,-21.93785345,
5089260725,-22.0879397,
5089860685,-21.99417438,
5090460645,-21.68109124,
5091060605,-22.08481873,
5091660565,-22.29540539,
5092260525,-22.25499551,
5092860485,-22.05808362,
5093460445,-22.10042323,
5094060405,-22.35056427,
5094660365,-22.47065953,
5095260325,-22.44219642,
5095860285,-22.19560787,
5096460245,-22.62217306,
5097060205,-22.56794619,
5097660165,-22.65784521,
5098260125,-22.50851963,
5098860085,-22.21265166,
5099460045,-22.60335165,
5100060005,-22.26930233,
5100659965,-22.57715949,
5101259925,-22.61982916,
5101859885,-22.54360196,
5102459845,-22.42079947,
5103059805,-22.64106857,
5103659765,-22.95343841,
5104259725,-23.04028649,
5104859685,-22.82614464,
5105459645,-22.78370915,
5106059605,-22.52723999,
5106659565,-22.78740128,
5107259525,-23.07490961,
5107859485,-23.08662246,
5108459445,-22.67123958,
5109059405,-23.2683114,
5109659365,-22.79035096,
5110259325,-23.20040729,
5110859285,-23.24043922,
5111459245,-23.04771993,
5112059205,-23.35764892,
5112659165,-23.08169405,
5113259125,-23.30527795,
5113859085,-23.20380972,
5114459045,-23.01898604,
5115059005,-22.97102088,
5115658965,-23.41402895,
5116258925,-23.5481087,
5116858885,-23.26298176,
5117458845,-23.04877201,
5118058805,-23.35372786,
5118658765,-23.53554868,
5119258725,-22.92023325,
5119858685,-23.59998353,
5120458645,-23.6543802,
5121058605,-23.24868585,
5121658565,-23.16111672,
5122258525,-22.9955789,
5122858485,-23.19623,
5123458445,-23.4326829,
5124058405,-23.3471416,
5124658365,-23.58760729,
5125258325,-23.94900144,
5125858285,-23.3792878,
5126458245,-23.5271414,
5127058205,-23.96540083,
5127658165,-23.56606881,
5128258125,-23.61921653,
5128858085,-23.88638053,
5129458045,-23.43040905,
5130058005,-23.13411849,
5130657965,-23.9998492,
5131257925,-24.06462718,
5131857885,-24.15186653,
5132457845,-23.60088293,
5133057805,-24.14401732,
5133657765,-24.13890304,
5134257725,-23.8947789,
5134857685,-23.35783289,
5135457645,-23.75003433,
5136057605,-24.07125852,
5136657565,-24.01626834,
5137257525,-23.87630406,
5137857485,-23.40479493,
5138457445,-23.52931563,
5139057405,-24.29450111,
5139657365,-24.30323971,
5140257325,-23.7591417,
5140857285,-24.05398502,
5141457245,-24.24597226,
5142057205,-23.61525464,
5142657165,-24.19659676,
5143257125,-24.09528964,
5143857085,-23.77672038,
5144457045,-23.90837587,
5145057005,-24.27732613,
5145656965,-24.44342314,
5146256925,-23.34251149,
5146856885,-23.95994881,
5147456845,-23.86965507,
5148056805,-24.33112065,
5148656765,-24.04094094,
5149256725,-24.29337884,
5149856685,-23.70565081,
5150456645,-24.04160877,
5151056605,-24.24951964,
5151656565,-24.49289445,
5152256525,-24.73088589,
5152856485,-24.16037058,
5153456445,-24.21816583,
5154056405,-23.36006713,
5154656365,-24.11368658,
5155256325,-24.35668943,
5155856285,-24.10754203,
5156456245,-24.65979116,
5157056205,-24.63513732,
5157656165,-24.29441187,
5158256125,-24.17374866,
5158856085,-24.42802332,
5159456045,-23.62878858,
5160056005,-23.96653074,
5160655965,-24.08998155,
5161255925,-24.24551383,
5161855885,-24.43222317,
5162455845,-24.45140561,
5163055805,-24.47668586,
5163655765,-24.41265059,
5164255725,-24.51390511,
5164855685,-24.21307323,
5165455645,-24.93053778,
5166055605,-24.83429972,
5166655565,-24.30867255,
5167255525,-24.88854185,
5167855485,-24.15975778,
5168455445,-24.57136895,
5169055405,-24.40273454,
5169655365,-24.85020433,
5170255325,-24.2304298,
5170855285,-24.60934341,
5171455245,-24.36277467,
5172055205,-24.70714513,
5172655165,-24.87505974,
5173255125,-24.13481724,
5173855085,-24.44675844,
5174455045,-24.79973739,
5175055005,-24.52574684,
5175654965,-24.42988588,
5176254925,-24.46119325,
5176854885,-24.24212749,
5177454845,-24.64262597,
5178054805,-24.290355,
5178654765,-24.51213445,
5179254725,-24.71068125,
5179854685,-24.17764957,
5180454645,-24.21888058,
5181054605,-25.0066691,
5181654565,-24.04978036,
5182254525,-24.1843359,
5182854485,-24.28215014,
5183454445,-24.24093182,
5184054405,-24.52529471,
5184654365,-24.29879696,
5185254325,-24.4944017,
5185854285,-24.46502094,
5186454245,-25.04206876,
5187054205,-24.62953265,
5187654165,-24.20662426,
5188254125,-24.53864972,
5188854085,-24.93510977,
5189454045,-23.79408976,
5190054005,-23.88922131,
5190653965,-24.5609598,
5191253925,-24.53449904,
5191853885,-24.03489205,
5192453845,-23.91095499,
5193053805,-23.86041131,
5193653765,-24.12511279,
5194253725,-24.22063761,
5194853685,-23.93546933,
5195453645,-23.93966792,
5196053605,-24.26452939,
5196653565,-24.11085186,
5197253525,-24.50450867,
5197853485,-24.58406098,
5198453445,-24.43323667,
5199053405,-24.26452084,
5199653365,-24.66431919,
5200253325,-24.20174843,
5200853285,-24.62208554,
5201453245,-24.65028402,
5202053205,-23.76933446,
5202653165,-23.87337479,
5203253125,-23.72921742,
5203853085,-23.90722613,
5204453045,-24.32646319,
5205053005,-23.7860356,
5205652965,-23.84946548,
5206252925,-24.50181023,
5206852885,-24.21259328,
5207452845,-24.39796326,
5208052805,-23.73159603,
5208652765,-24.2624703,
5209252725,-23.96135362,
5209852685,-23.9875137,
5210452645,-24.28123426,
5211052605,-23.59060733,
5211652565,-24.11112216,
5212252525,-24.18040101,
5212852485,-23.28466448,
5213452445,-23.70756079,
5214052405,-23.78191221,
5214652365,-24.03982224,
5215252325,-23.88792132,
5215852285,-23.92505385,
5216452245,-23.38256475,
5217052205,-23.99633973,
5217652165,-23.72365062,
5218252125,-23.56662849,
5218852085,-23.9762838,
5219452045,-23.26609958,
5220052005,-23.69921331,
5220651965,-23.59705918,
5221251925,-23.39483258,
5221851885,-23.691904,
5222451845,-23.84319099,
5223051805,-23.43593158,
5223651765,-23.53644007,
5224251725,-23.85133307,
5224851685,-23.47704759,
5225451645,-23.7753839,
5226051605,-23.8410878,
5226651565,-22.58918091,
5227251525,-23.59885192,
5227851485,-23.46798679,
5228451445,-23.50169437,
5229051405,-23.00707344,
5229651365,-23.33937158,
5230251325,-23.06365331,
5230851285,-23.03428616,
5231451244,-22.86400393,
5232051204,-23.401299,
5232651164,-23.28521678,
5233251124,-22.94380331,
5233851084,-22.87780799,
5234451044,-23.03767923,
5235051004,-23.09422094,
5235650964,-23.17179703,
5236250924,-23.17970941,
5236850884,-22.93135128,
5237450844,-23.27076476,
5238050804,-22.81583789,
5238650764,-23.0604297,
5239250724,-23.02517132,
5239850684,-23.02532779,
5240450644,-22.71091078,
5241050604,-22.54529157,
5241650564,-23.00645182,
5242250524,-22.79827741,
5242850484,-22.93347131,
5243450444,-22.5378085,
5244050404,-22.14863804,
5244650364,-22.46881363,
5245250324,-22.6348626,
5245850284,-22.16188817,
5246450244,-22.55621078,
5247050204,-22.29324967,
5247650164,-22.5147523,
5248250124,-22.29901451,
5248850084,-22.05728181,
5249450044,-22.14922877,
5250050004,-22.23765485,
5250649964,-22.48218128,
5251249924,-22.35932985,
5251849884,-22.12991176,
5252449844,-21.97710054,
5253049804,-22.27898425,
5253649764,-22.11349309,
5254249724,-22.2876155,
5254849684,-22.21684796,
5255449644,-21.87114775,
5256049604,-22.00900655,
5256649564,-22.06667847,
5257249524,-22.13771254,
5257849484,-21.66565388,
5258449444,-21.96826499,
5259049404,-21.88793873,
5259649364,-21.76434971,
5260249324,-21.91050291,
5260849284,-21.86618221,
5261449244,-21.60863302,
5262049204,-21.61226699,
5262649164,-21.57772912,
5263249124,-21.64561097,
5263849084,-21.62254389,
5264449044,-21.66089278,
5265049004,-21.61506617,
5265648964,-21.4965416,
5266248924,-21.63991665,
5266848884,-21.58638908,
5267448844,-21.64601995,
5268048804,-21.44623038,
5268648764,-21.33949791,
5269248724,-21.223987,
5269848684,-21.38021812,
5270448644,-21.419544,
5271048604,-21.43407251,
5271648564,-21.3341728,
5272248524,-21.2900523,
5272848484,-21.2035565,
5273448444,-21.20902439,
5274048404,-21.21355141,
5274648364,-20.66445363,
5275248324,-20.99120526,
5275848284,-20.88271613,
5276448244,-20.85766483,
5277048204,-20.87282534,
5277648164,-20.99458196,
5278248124,-20.83673009,
5278848084,-20.82635393,
5279448044,-20.82173061,
5280048004,-21.00691376,
5280647964,-20.84342794,
5281247924,-20.70196419,
5281847884,-20.83863792,
5282447844,-20.87958127,
5283047804,-20.7214117,
5283647764,-20.66275954,
5284247724,-20.6322811,
5284847684,-20.52476139,
5285447644,-20.79384541,
5286047604,-20.74321681,
5286647564,-20.71557282,
5287247524,-20.63171294,
5287847484,-20.70262042,
5288447444,-20.54438648,
5289047404,-20.54137233,
5289647364,-20.2762032,
5290247324,-20.43362728,
5290847284,-20.51125987,
5291447244,-20.61794227,
5292047204,-20.566764,
5292647164,-20.54020297,
5293247124,-20.63968713,
5293847084,-20.47981412,
5294447044,-20.42858099,
5295047004,-20.51796811,
5295646964,-20.35383887,
5296246924,-20.30445348,
5296846884,-20.26102705,
5297446844,-20.36595981,
5298046804,-20.13897624,
5298646764,-20.43082544,
5299246724,-20.30024398,
5299846684,-20.47807672,
5300446644,-20.31946262,
5301046604,-20.29334272,
5301646564,-20.35385422,
5302246524,-20.26070277,
5302846484,-20.38127846,
5303446444,-20.29645402,
5304046404,-20.15859643,
5304646364,-20.25188962,
5305246324,-20.22705184,
5305846284,-20.43601214,
5306446244,-20.18826594,
5307046204,-20.13123357,
5307646164,-20.17947053,
5308246124,-20.38267763,
5308846084,-20.10446811,
5309446044,-20.32852157,
5310046004,-20.21090198,
5310645964,-20.32326416,
5311245924,-20.20974291,
5311845884,-20.42273165,
5312445844,-20.3458129,
5313045804,-20.48696218,
5313645764,-20.25744964,
5314245724,-20.1767084,
5314845684,-20.27453968,
5315445644,-20.21432246,
5316045604,-20.4478688,
5316645564,-20.36267295,
5317245524,-20.4200916,
5317845484,-20.23819119,
5318445444,-20.45956914,
5319045404,-20.26457824,
5319645364,-20.45832501,
5320245324,-20.57700721,
5320845284,-20.42624226,
5321445244,-20.57167988,
5322045204,-20.50540568,
5322645164,-20.52310779,
5323245124,-20.57227005,
5323845084,-20.36717377,
5324445044,-20.38226723,
5325045004,-20.57988977,
5325644964,-20.34285142,
5326244924,-20.53559205,
5326844884,-20.54379015,
5327444844,-20.56800393,
5328044804,-20.68507299,
5328644764,-20.61695267,
5329244724,-20.52693689,
5329844684,-20.39479312,
5330444644,-20.82732584,
5331044604,-20.76958657,
5331644564,-20.59293049,
5332244524,-20.79913362,
5332844484,-20.68487277,
5333444444,-20.92399012,
5334044404,-20.89217996,
5334644364,-20.70554984,
5335244324,-20.89520948,
5335844284,-20.84709769,
5336444244,-20.9732135,
5337044204,-21.01684619,
5337644164,-20.91936501,
5338244124,-21.10619101,
5338844084,-21.14620033,
5339444044,-21.27094659,
5340044004,-21.13968017,
5340643964,-21.17244637,
5341243924,-21.14104676,
5341843884,-21.19861504,
5342443844,-21.05307986,
5343043804,-21.28552504,
5343643764,-21.1903097,
5344243724,-21.23782175,
5344843684,-21.2167323,
5345443644,-21.28656392,
5346043604,-21.4078178,
5346643564,-21.63201659,
5347243524,-21.41044469,
5347843484,-21.55567308,
5348443444,-21.48055236,
5349043404,-21.47167055,
5349643364,-21.44528615,
5350243324,-21.52085527,
5350843284,-21.69153493,
5351443244,-21.8193864,
5352043204,-21.26555799,
5352643164,-21.80774437,
5353243124,-21.7789599,
5353843084,-21.71622409,
5354443044,-21.83248386,
5355043004,-21.49251361,
5355642964,-22.08585022,
5356242924,-22.10558734,
5356842884,-21.88027679,
5357442844,-21.74928188,
5358042804,-21.99678218,
5358642764,-22.15669774,
5359242724,-21.99731738,
5359842684,-21.6698485,
5360442644,-22.05203044,
5361042604,-22.19109476,
5361642564,-22.22460955,
5362242524,-22.16965944,
5362842484,-22.42744402,
5363442444,-21.89926546,
5364042404,-22.3340193,
5364642364,-22.44049953,
5365242324,-22.30923221,
5365842284,-22.24145066,
5366442244,-22.65772563,
5367042204,-22.57774954,
5367642164,-22.26388068,
5368242124,-22.65907414,
5368842084,-22.63708911,
5369442044,-22.86442693,
5370042004,-22.90595389,
5370641964,-22.00041373,
5371241924,-22.73984161,
5371841884,-22.37900751,
5372441844,-22.20691963,
5373041804,-23.07949177,
5373641764,-23.10910531,
5374241724,-22.6477221,
5374841684,-22.43050785,
5375441644,-23.01883587,
5376041604,-23.04702627,
5376641564,-23.07099913,
5377241524,-23.14857826,
5377841484,-23.00055022,
5378441444,-22.40923449,
5379041404,-23.61249608,
5379641364,-22.93032638,
5380241324,-22.44021742,
5380841284,-22.79644075,
5381441244,-22.65333752,
5382041204,-22.64182159,
5382641164,-23.10752331,
5383241124,-23.6069974,
5383841084,-22.89110803,
5384441044,-23.6873162,
5385041004,-22.9003832,
5385640963,-22.15131151,
5386240923,-23.66426916,
5386840883,-23.47467129,
5387440843,-23.0732651,
5388040803,-23.48963327,
5388640763,-23.18338438,
5389240723,-23.13917636,
5389840683,-23.53687009,
5390440643,-23.24454977,
5391040603,-23.94241634,
5391640563,-23.87541467,
5392240523,-23.47159775,
5392840483,-24.13793082,
5393440443,-23.73132802,
5394040403,-23.71544665,
5394640363,-24.15259779,
5395240323,-24.37308319,
5395840283,-24.3582815,
5396440243,-23.90871323,
5397040203,-24.01339299,
5397640163,-24.04113958,
5398240123,-23.95774074,
5398840083,-22.90358003,
5399440043,-23.75753657,
5400040003,-23.63381195,
5400639963,-23.92797706,
5401239923,-23.71091826,
5401839883,-23.8314682,
5402439843,-23.9506718,
5403039803,-23.54381496,
5403639763,-23.82368356,
5404239723,-23.85384448,
5404839683,-23.53797618,
5405439643,-23.59448984,
5406039603,-23.51790063,
5406639563,-23.96500812,
5407239523,-23.26858322,
5407839483,-24.32701321,
5408439443,-24.40725364,
5409039403,-24.33538433,
5409639363,-23.90752117,
5410239323,-24.08388739,
5410839283,-23.8057104,
5411439243,-24.10032706,
5412039203,-24.07464943,
5412639163,-24.32985834,
5413239123,-24.33186127,
5413839083,-24.54881771,
5414439043,-24.49574544,
5415039003,-24.63466983,
5415638963,-24.24012748,
5416238923,-24.66209598,
5416838883,-24.04993469,
5417438843,-24.48568115,
5418038803,-24.01964888,
5418638763,-25.72382269,
5419238723,-24.05988399,
5419838683,-24.38860726,
5420438643,-24.42067656,
5421038603,-23.99255134,
5421638563,-24.95953667,
5422238523,-25.27993133,
5422838483,-24.85258384,
5423438443,-24.74343993,
5424038403,-25.10000506,
5424638363,-24.36791569,
5425238323,-24.34108049,
5425838283,-25.07418105,
5426438243,-25.03841703,
5427038203,-24.44298353,
5427638163,-24.84479967,
5428238123,-25.0948932,
5428838083,-24.77460768,
5429438043,-24.50389258,
5430038003,-25.32697961,
5430637963,-24.34621721,
5431237923,-24.44539747,
5431837883,-25.35595635,
5432437843,-24.78414874,
5433037803,-25.27523817,
5433637763,-25.00376544,
5434237723,-25.47718626,
5434837683,-24.9475106,
5435437643,-25.27342414,
5436037603,-24.64290655,
5436637563,-25.00007352,
5437237523,-25.57201343,
5437837483,-24.63615605,
5438437443,-25.45970877,
5439037403,-24.60541183,
5439637363,-24.59855305,
5440237323,-25.34424791,
5440837283,-24.73230769,
5441437243,-24.624995,
5442037203,-25.0966525,
5442637163,-24.48710651,
5443237123,-24.75010165,
5443837083,-24.31227082,
5444437043,-24.55151238,
5445037003,-25.37998457,
5445636963,-25.74145796,
5446236923,-25.56078869,
5446836883,-24.65276919,
5447436843,-24.27527847,
5448036803,-24.3304882,
5448636763,-24.75963003,
5449236723,-25.886397,
5449836683,-24.63616073,
5450436643,-25.53005538,
5451036603,-25.26856929,
5451636563,-25.00091529,
5452236523,-26.19952639,
5452836483,-24.88367142,
5453436443,-25.43866146,
5454036403,-25.68221592,
5454636363,-26.01824844,
5455236323,-26.4322245,
5455836283,-25.00107456,
5456436243,-24.95364202,
5457036203,-25.04529209,
5457636163,-26.11674732,
5458236123,-26.0155442,
5458836083,-25.61727743,
5459436043,-24.70104827,
5460036003,-25.62395389,
5460635963,-25.37806223,
5461235923,-26.18688523,
5461835883,-24.25103803,
5462435843,-24.89642636,
5463035803,-25.03519792,
5463635763,-26.31332019,
5464235723,-24.80923022,
5464835683,-24.6163507,
5465435643,-25.60720821,
5466035603,-25.56194249,
5466635563,-24.62433788,
5467235523,-25.08734907,
5467835483,-24.72828272,
5468435443,-24.89781387,
5469035403,-25.5257506,
5469635363,-25.78415719,
5470235323,-24.2036558,
5470835283,-26.11551439,
5471435243,-25.01833836,
5472035203,-26.08515005,
5472635163,-25.28014147,
5473235123,-24.9614262,
5473835083,-24.96355719,
5474435043,-25.49115696,
5475035003,-24.73819694,
5475634963,-25.43354149,
5476234923,-26.19124713,
5476834883,-24.29965387,
5477434843,-25.20221366,
5478034803,-25.35082438,
5478634763,-25.20445851,
5479234723,-24.28283704,
5479834683,-24.52226343,
5480434643,-26.13672289,
5481034603,-24.74455189,
5481634563,-25.28608078,
5482234523,-26.06043483,
5482834483,-24.05029313,
5483434443,-24.9174116,
5484034403,-24.08733357,
5484634363,-26.09069599,
5485234323,-24.48390277,
5485834283,-26.27574269,
5486434243,-24.31595249,
5487034203,-24.17387939,
5487634163,-25.30718706,
5488234123,-25.49469042,
5488834083,-25.76220625,
5489434043,-24.84633698,
5490034003,-25.28828524,
5490633963,-25.35839317,
5491233923,-24.30073087,
5491833883,-24.68910802,
5492433843,-23.63079267,
5493033803,-24.56672961,
5493633763,-25.80522061,
5494233723,-23.86352329,
5494833683,-24.4462053,
5495433643,-24.73154257,
5496033603,-24.91665553,
5496633563,-24.55648999,
5497233523,-23.80524305,
5497833483,-24.57763641,
5498433443,-23.89809858,
5499033403,-23.89873083,
5499633363,-24.17202312,
5500233323,-24.02242656,
5500833283,-24.57352868,
5501433243,-23.46984742,
5502033203,-24.30421237,
5502633163,-24.34293796,
5503233123,-23.74182544,
5503833083,-24.57340569,
5504433043,-24.27501846,
5505033003,-23.87076136,
5505632963,-24.49819788,
5506232923,-24.60367594,
5506832883,-23.53687708,
5507432843,-23.89999319,
5508032803,-24.37086018,
5508632763,-24.34574832,
5509232723,-24.26125523,
5509832683,-23.72922539,
5510432643,-23.03005885,
5511032603,-23.32892944,
5511632563,-23.76934655,
5512232523,-23.24566829,
5512832483,-23.82957499,
5513432443,-23.64098509,
5514032403,-23.2175409,
5514632363,-23.52279909,
5515232323,-23.48152354,
5515832283,-23.06030866,
5516432243,-24.06147445,
5517032203,-22.78235107,
5517632163,-23.81675773,
5518232123,-23.70778518,
5518832083,-23.33706953,
5519432043,-22.77422383,
5520032003,-23.8917127,
5520631963,-23.56970082,
5521231923,-23.28322049,
5521831883,-23.75607808,
5522431843,-22.97424623,
5523031803,-23.74407671,
5523631763,-23.195555,
5524231723,-23.18202128,
5524831683,-23.6106757,
5525431643,-22.70022123,
5526031603,-23.49325421,
5526631563,-22.85120853,
5527231523,-22.83099389,
5527831483,-22.59637921,
5528431443,-23.4003556,
5529031403,-22.32543851,
5529631363,-22.87763321,
5530231323,-23.12987156,
5530831283,-22.85636529,
5531431243,-23.39082937,
5532031203,-22.32911377,
5532631163,-22.73970415,
5533231123,-22.80855225,
5533831083,-23.22876265,
5534431043,-22.89285032,
5535031003,-22.34854522,
5535630963,-22.86590829,
5536230923,-22.91418946,
5536830883,-22.65639035,
5537430843,-22.82613445,
5538030803,-23.09433351,
5538630763,-22.54879332,
5539230722,-23.23830078,
5539830682,-22.63804883,
5540430642,-22.64000337,
5541030602,-22.41206225,
5541630562,-23.05905607,
5542230522,-22.19784427,
5542830482,-22.99087076,
5543430442,-22.90026736,
5544030402,-22.79535007,
5544630362,-22.44772424,
5545230322,-22.43218994,
5545830282,-21.65782413,
5546430242,-22.52591665,
5547030202,-21.79723993,
5547630162,-22.61928683,
5548230122,-22.00058068,
5548830082,-21.52540323,
5549430042,-21.98746209,
5550030002,-21.67903605,
5550629962,-22.20829086,
5551229922,-21.74220959,
5551829882,-22.30614095,
5552429842,-21.79425972,
5553029802,-21.87918117,
5553629762,-21.80476791,
5554229722,-21.61235904,
5554829682,-22.12166641,
5555429642,-21.7141697,
5556029602,-21.87385238,
5556629562,-21.80205432,
5557229522,-21.735461,
5557829482,-21.74862186,
5558429442,-21.5738534,
5559029402,-21.99446509,
5559629362,-21.11038589,
5560229322,-21.80546553,
5560829282,-21.16874259,
5561429242,-21.51771295,
5562029202,-21.00160291,
5562629162,-21.31326086,
5563229122,-20.84414994,
5563829082,-21.32358164,
5564429042,-21.38160466,
5565029002,-21.07715656,
5565628962,-21.17330521,
5566228922,-21.23836057,
5566828882,-21.2308414,
5567428842,-21.48812193,
5568028802,-21.00830876,
5568628762,-21.34635824,
5569228722,-21.21572425,
5569828682,-21.05820069,
5570428642,-21.11947813,
5571028602,-21.34946587,
5571628562,-20.89928372,
5572228522,-21.03188074,
5572828482,-21.0442817,
5573428442,-20.98075588,
5574028402,-21.0336174,
5574628362,-20.88119757,
5575228322,-21.0430583,
5575828282,-21.10479193,
5576428242,-20.6200615,
5577028202,-20.67156672,
5577628162,-20.3839142,
5578228122,-20.65320624,
5578828082,-20.81087535,
5579428042,-20.60415768,
5580028002,-20.6929049,
5580627962,-20.79792699,
5581227922,-20.65853557,
5581827882,-20.70543503,
5582427842,-20.64127316,
5583027802,-20.59195591,
5583627762,-20.30844183,
5584227722,-20.61784085,
5584827682,-20.43927465,
5585427642,-20.75776188,
5586027602,-20.30619047,
5586627562,-20.29433468,
5587227522,-20.56667586,
5587827482,-20.56553875,
5588427442,-20.26461746,
5589027402,-20.48648807,
5589627362,-20.32654455,
5590227322,-20.19797655,
5590827282,-20.46158286,
5591427242,-20.08074598,
5592027202,-20.34287891,
5592627162,-20.11556834,
5593227122,-19.99020987,
5593827082,-20.39676082,
5594427042,-20.11830434,
5595027002,-20.23036082,
5595626962,-20.46229117,
5596226922,-20.26881212,
5596826882,-20.23117522,
5597426842,-20.03117572,
5598026802,-20.19593659,
5598626762,-20.20596255,
5599226722,-20.2428355,
5599826682,-20.39411057,
5600426642,-20.16297542,
5601026602,-20.26547228,
5601626562,-20.20197369,
5602226522,-20.18117623,
5602826482,-20.19884752,
5603426442,-20.03957586,
5604026402,-20.06687613,
5604626362,-20.03623592,
5605226322,-20.20060755,
5605826282,-20.1907052,
5606426242,-20.0494466,
5607026202,-20.282927,
5607626162,-19.91720004,
5608226122,-20.13698958,
5608826082,-20.10516036,
5609426042,-20.05609659,
5610026002,-20.05187762,
5610625962,-19.93153471,
5611225922,-20.43090852,
5611825882,-20.31246411,
5612425842,-19.94008006,
5613025802,-20.10110665,
5613625762,-20.26501804,
5614225722,-20.59382279,
5614825682,-20.28393359,
5615425642,-20.47247241,
5616025602,-20.40268928,
5616625562,-20.05719065,
5617225522,-20.15264333,
5617825482,-20.45559037,
5618425442,-20.40649861,
5619025402,-20.53603002,
5619625362,-20.24525777,
5620225322,-20.48344888,
5620825282,-20.50081115,
5621425242,-20.29683275,
5622025202,-20.5634577,
5622625162,-20.45749317,
5623225122,-20.33266995,
5623825082,-20.65365473,
5624425042,-20.46282625,
5625025002,-20.39608351,
5625624962,-20.71327452,
5626224922,-20.78834995,
5626824882,-20.87025637,
5627424842,-20.61101127,
5628024802,-20.61123878,
5628624762,-20.64681047,
5629224722,-20.77623909,
5629824682,-20.52550717,
5630424642,-21.11449846,
5631024602,-20.67943073,
5631624562,-20.94893132,
5632224522,-20.97658099,
5632824482,-20.88631956,
5633424442,-20.76322082,
5634024402,-20.73576498,
5634624362,-20.68980628,
5635224322,-20.54779964,
5635824282,-21.0471367,
5636424242,-21.14308818,
5637024202,-21.15956892,
5637624162,-21.11992731,
5638224122,-21.07217867,
5638824082,-20.88177563,
5639424042,-20.68707806,
5640024002,-20.88157766,
5640623962,-20.87829166,
5641223922,-20.95543333,
5641823882,-21.45160715,
5642423842,-21.54938024,
5643023802,-21.42940873,
5643623762,-21.57923174,
5644223722,-21.69677632,
5644823682,-21.49828131,
5645423642,-21.62983933,
5646023602,-21.36409317,
5646623562,-21.40566999,
5647223522,-20.91359218,
5647823482,-21.82645429,
5648423442,-21.98643641,
5649023402,-20.79502895,
5649623362,-21.89989418,
5650223322,-21.82733976,
5650823282,-21.84227488,
5651423242,-22.00421091,
5652023202,-21.90075953,
5652623162,-21.09503501,
5653223122,-21.58249514,
5653823082,-21.49083568,
5654423042,-22.07189395,
5655023002,-21.62075787,
5655622962,-21.76361236,
5656222922,-21.45386777,
5656822882,-21.80143459,
5657422842,-22.14223212,
5658022802,-22.2550979,
5658622762,-21.88998289,
5659222722,-22.41323452,
5659822682,-22.26230908,
5660422642,-21.76944944,
5661022602,-21.90539208,
5661622562,-22.33783118,
5662222522,-21.75928661,
5662822482,-22.7200579,
5663422442,-22.37304318,
5664022402,-22.1866966,
5664622362,-23.02167869,
5665222322,-21.56156176,
5665822282,-21.89342472,
5666422242,-22.19445276,
5667022202,-22.14283558,
5667622162,-22.03444622,
5668222122,-22.81035656,
5668822082,-21.56520385,
5669422042,-22.43377587,
5670022002,-22.71242416,
5670621962,-22.6102549,
5671221922,-22.57262373,
5671821882,-21.85135904,
5672421842,-22.69568182,
5673021802,-22.6593812,
5673621762,-22.30559016,
5674221722,-23.22485461,
5674821682,-22.14288451,
5675421642,-22.55631215,
5676021602,-22.5875597,
5676621562,-21.6208687,
5677221522,-22.09460354,
5677821482,-22.50126253,
5678421442,-22.38003139,
5679021402,-22.62932687,
5679621362,-23.08850343,
5680221322,-22.98636301,
5680821282,-23.11209314,
5681421242,-21.81730779,
5682021202,-22.5458564,
5682621162,-22.77349306,
5683221122,-22.74102599,
5683821082,-22.81366194,
5684421042,-23.20828752,
5685021002,-22.47911458,
5685620962,-22.85907219,
5686220922,-23.10796942,
5686820882,-23.79940409,
5687420842,-22.84071076,
5688020802,-22.97910104,
5688620762,-24.19421726,
5689220722,-22.42822409,
5689820682,-23.29940133,
5690420642,-23.78321616,
5691020602,-23.40010154,
5691620562,-24.03998414,
5692220522,-22.92579164,
5692820481,-23.13556333,
5693420441,-23.92636934,
5694020401,-23.99923991,
5694620361,-24.09874757,
5695220321,-23.006231,
5695820281,-23.22669516,
5696420241,-24.21768788,
5697020201,-23.55455494,
5697620161,-23.30336273,
5698220121,-23.58257396,
5698820081,-24.08076368,
5699420041,-24.18168437,
5700020001,-23.15079446,
5700619961,-23.46181509,
5701219921,-23.58765572,
5701819881,-24.5605993,
5702419841,-24.74224956,
5703019801,-24.98171272,
5703619761,-23.92907304,
5704219721,-23.69336393,
5704819681,-23.37017206,
5705419641,-26.25687765,
5706019601,-24.41876827,
5706619561,-24.24534364,
5707219521,-23.62902146,
5707819481,-23.76063804,
5708419441,-24.62550043,
5709019401,-24.51364749,
5709619361,-23.87826802,
5710219321,-26.48584938,
5710819281,-23.41797241,
5711419241,-24.22216655,
5712019201,-25.42813688,
5712619161,-25.03773852,
5713219121,-25.97677528,
5713819081,-24.36493843,
5714419041,-24.97325099,
5715019001,-24.87826881,
5715618961,-24.51091794,
5716218921,-24.33248188,
5716818881,-24.40577852,
5717418841,-24.98465388,
5718018801,-25.65852684,
5718618761,-26.11076229,
5719218721,-24.15440896,
5719818681,-23.89339833,
5720418641,-25.27805296,
5721018601,-24.34324753,
5721618561,-24.36695784,
5722218521,-25.45541362,
5722818481,-24.62551251,
5723418441,-24.36690508,
5724018401,-25.57914697,
5724618361,-25.03402856,
5725218321,-25.73356067,
5725818281,-25.4886351,
5726418241,-25.61505452,
5727018201,-26.49014465,
5727618161,-25.44905391,
5728218121,-27.58286825,
5728818081,-26.05871904,
5729418041,-25.56476432,
5730018001,-26.20158536,
5730617961,-25.39369847,
5731217921,-25.87609124,
5731817881,-26.94994864,
5732417841,-26.80952677,
5733017801,-26.88924476,
5733617761,-25.04104854,
5734217721,-25.63604185,
5734817681,-25.22248211,
5735417641,-26.38473727,
5736017601,-24.8727059,
5736617561,-24.87089976,
5737217521,-24.89172474,
5737817481,-24.9562358,
5738417441,-25.79350019,
5739017401,-26.61508024,
5739617361,-26.88470691,
5740217321,-27.52782899,
5740817281,-26.40287024,
5741417241,-26.45219378,
5742017201,-26.50979655,
5742617161,-25.93542423,
5743217121,-27.29322066,
5743817081,-25.57865819,
5744417041,-25.91023869,
5745017001,-27.4395827,
5745616961,-25.94321198,
5746216921,-27.51303873,
5746816881,-25.88519516,
5747416841,-27.04253152,
5748016801,-25.80379578,
5748616761,-26.34613255,
5749216721,-26.21414295,
5749816681,-26.11169618,
5750416641,-25.54948248,
5751016601,-26.6333976,
5751616561,-27.01943661,
5752216521,-25.85773982,
5752816481,-25.13482056,
5753416441,-26.73799716,
5754016401,-26.14258133,
5754616361,-25.34018412,
5755216321,-26.77353844,
5755816281,-26.5882465,
5756416241,-26.65074839,
5757016201,-28.00359943,
5757616161,-25.07440813,
5758216121,-25.53541531,
5758816081,-26.46129279,
5759416041,-26.40408821,
5760016001,-26.71918573,
5760615961,-26.7701355,
5761215921,-25.63639839,
5761815881,-26.19559479,
5762415841,-26.1251795,
5763015801,-28.54176146,
5763615761,-25.10081029,
5764215721,-26.64432912,
5764815681,-26.76070824,
5765415641,-27.00512342,
5766015601,-24.65144801,
5766615561,-26.67078076,
5767215521,-25.5447135,
5767815481,-25.64552034,
5768415441,-27.32127054,
5769015401,-26.28855513,
5769615361,-25.24837464,
5770215321,-27.14575894,
5770815281,-26.2598195,
5771415241,-25.99385178,
5772015201,-24.26623225,
5772615161,-25.80025751,
5773215121,-26.71147559,
5773815081,-26.60215885,
5774415041,-26.52499922,
5775015001,-26.31014385,
5775614961,-25.95566456,
5776214921,-24.88631247,
5776814881,-25.07384126,
5777414841,-26.68125569,
5778014801,-26.64723981,
5778614761,-24.78978071,
5779214721,-26.51506873,
5779814681,-25.56838544,
5780414641,-25.74602156,
5781014601,-26.50070048,
5781614561,-27.29256344,
5782214521,-26.35091062,
5782814481,-25.57700374,
5783414441,-27.28798845,
5784014401,-25.35499896,
5784614361,-27.25585577,
5785214321,-26.30132584,
5785814281,-23.77655315,
5786414241,-24.3992376,
5787014201,-26.17733884,
5787614161,-25.38198281,
5788214121,-25.98159729,
5788814081,-24.56088632,
5789414041,-25.56792314,
5790014001,-25.31832112,
5790613961,-24.61497226,
5791213921,-26.23813273,
5791813881,-25.9958245,
5792413841,-24.06569494,
5793013801,-24.19764019,
5793613761,-25.48892822,
5794213721,-25.34878755,
5794813681,-24.3037719,
5795413641,-24.01738636,
5796013601,-24.67311591,
5796613561,-24.66998251,
5797213521,-26.2003845,
5797813481,-24.86167949,
5798413441,-23.79358971,
5799013401,-27.14876304,
5799613361,-24.54907675,
5800213321,-24.04026639,
5800813281,-24.92252721,
5801413241,-23.82825177,
5802013201,-24.70006805,
5802613161,-24.96396001,
5803213121,-24.87852219,
5803813081,-24.02345,
5804413041,-24.27552826,
5805013001,-24.95967938,
5805612961,-25.24317471,
5806212921,-24.36624377,
5806812881,-24.72077018,
5807412841,-24.45243704,
5808012801,-23.36968409,
5808612761,-25.93506562,
5809212721,-24.88648897,
5809812681,-24.49027409,
5810412641,-24.65659406,
5811012601,-23.45454622,
5811612561,-24.27186338,
5812212521,-23.96038952,
5812812481,-24.12528815,
5813412441,-24.99707788,
5814012401,-24.52627392,
5814612361,-24.31280481,
5815212321,-24.61846785,
5815812281,-24.98771702,
5816412241,-24.96337559,
5817012201,-22.99280763,
5817612161,-23.46366845,
5818212121,-23.45182223,
5818812081,-24.47809719,
5819412041,-23.07421893,
5820012001,-23.82219581,
5820611961,-22.2996213,
5821211921,-23.52731527,
5821811881,-23.62703333,
5822411841,-23.62677777,
5823011801,-24.24325611,
5823611761,-23.9720117,
5824211721,-23.0445492,
5824811681,-23.32435455,
5825411641,-23.58576139,
5826011601,-24.38611315,
5826611561,-22.87725614,
5827211521,-22.52202218,
5827811481,-22.79240044,
5828411441,-22.59077696,
5829011401,-23.34207268,
5829611361,-23.32622291,
5830211321,-22.28216194,
5830811281,-22.76493886,
5831411241,-22.17214699,
5832011201,-23.57825492,
5832611161,-21.61996918,
5833211121,-22.38195684,
5833811081,-22.16176823,
5834411041,-22.83452969,
5835011001,-21.70632058,
5835610961,-23.23214577,
5836210921,-22.20281799,
5836810881,-22.92174944,
5837410841,-22.28142955,
5838010801,-23.10035132,
5838610761,-23.24323325,
5839210721,-22.08231737,
5839810681,-21.74033796,
5840410641,-21.75707624,
5841010601,-22.07250801,
5841610561,-22.14287439,
5842210521,-22.39003546,
5842810481,-22.5606488,
5843410441,-21.56646934,
5844010401,-22.04144097,
5844610361,-23.00934177,
5845210321,-22.2653249,
5845810281,-22.12249463,
5846410240,-22.50304269,
5847010200,-22.32250312,
5847610160,-22.49123756,
5848210120,-21.64888366,
5848810080,-22.02749168,
5849410040,-22.00052086,
5850010000,-22.39809086,
5850609960,-22.15406713,
5851209920,-21.4617367,
5851809880,-22.08543264,
5852409840,-21.95392013,
5853009800,-22.09412092,
5853609760,-21.83378504,
5854209720,-22.12158932,
5854809680,-22.05120555,
5855409640,-22.13893759,
5856009600,-21.71219754,
5856609560,-21.53684652,
5857209520,-21.93888442,
5857809480,-21.43087697,
5858409440,-21.66207832,
5859009400,-21.93309914,
5859609360,-22.03668996,
5860209320,-20.8752269,
5860809280,-21.81724902,
5861409240,-21.83482138,
5862009200,-21.28087969,
5862609160,-21.46807915,
5863209120,-21.05408901,
5863809080,-21.37349511,
5864409040,-20.8238294,
5865009000,-21.23597767,
5865608960,-21.30983392,
5866208920,-21.53914212,
5866808880,-21.29244326,
5867408840,-20.69854688,
5868008800,-21.46818737,
5868608760,-21.20843959,
5869208720,-20.99702623,
5869808680,-21.0233109,
5870408640,-21.12152049,
5871008600,-20.89279917,
5871608560,-20.74256268,
5872208520,-21.02081981,
5872808480,-21.11014143,
5873408440,-20.61210556,
5874008400,-20.53032348,
5874608360,-20.20324617,
5875208320,-20.58996225,
5875808280,-21.02371595,
5876408240,-21.30135922,
5877008200,-20.86070955,
5877608160,-20.41279438,
5878208120,-20.84578177,
5878808080,-21.06629819,
5879408040,-20.84130668,
5880008000,-20.66875358,
5880607960,-20.70122692,
5881207920,-20.54162534,
5881807880,-20.31714477,
5882407840,-20.67332181,
5883007800,-20.50755677,
5883607760,-20.56742303,
5884207720,-20.56557504,
5884807680,-20.51905539,
5885407640,-20.23388462,
5886007600,-20.61496803,
5886607560,-20.61451012,
5887207520,-20.53928126,
5887807480,-20.24796583,
5888407440,-20.05596422,
5889007400,-20.52998603,
5889607360,-20.07122031,
5890207320,-20.372219,
5890807280,-20.62899546,
5891407240,-20.35288935,
5892007200,-20.53936702,
5892607160,-20.12481939,
5893207120,-20.35161482,
5893807080,-20.50494948,
5894407040,-19.99138085,
5895007000,-20.39360293,
5895606960,-20.56603291,
5896206920,-20.30734693,
5896806880,-20.23104899,
5897406840,-19.96232078,
5898006800,-20.37313498,
5898606760,-20.09860728,
5899206720,-20.22093243,
5899806680,-20.26662334,
5900406640,-19.66009657,
5901006600,-20.56577744,
5901606560,-20.03877495,
5902206520,-20.35124946,
5902806480,-20.30670747,
5903406440,-20.60999667,
5904006400,-20.24253369,
5904606360,-20.05764019,
5905206320,-20.30978631,
5905806280,-20.19621939,
5906406240,-20.06802376,
5907006200,-20.08382389,
5907606160,-20.46191483,
5908206120,-20.6451183,
5908806080,-20.19553751,
5909406040,-20.33774551,
5910006000,-20.47585193,
5910605960,-20.34316672,
5911205920,-19.98479886,
5911805880,-20.31710462,
5912405840,-20.41066796,
5913005800,-20.47629108,
5913605760,-20.32701902,
5914205720,-20.16458404,
5914805680,-20.22371842,
5915405640,-20.45461627,
5916005600,-20.57379756,
5916605560,-20.49906871,
5917205520,-20.30110994,
5917805480,-20.63554044,
5918405440,-20.39379169,
5919005400,-20.19784531,
5919605360,-20.71107941,
5920205320,-20.42081626,
5920805280,-20.69006764,
5921405240,-20.41459642,
5922005200,-20.54267343,
5922605160,-20.1860177,
5923205120,-20.80933976,
5923805080,-20.82181582,
5924405040,-20.59888827,
5925005000,-20.80334833,
5925604960,-20.35448431,
5926204920,-20.44887317,
5926804880,-20.55707605,
5927404840,-20.57821746,
5928004800,-20.78759084,
5928604760,-20.61721248,
5929204720,-20.43845925,
5929804680,-20.70005368,
5930404640,-20.88128052,
5931004600,-20.81337372,
5931604560,-20.88358132,
5932204520,-21.20711227,
5932804480,-20.97751267,
5933404440,-20.7273752,
5934004400,-21.12405108,
5934604360,-21.13153403,
5935204320,-20.96501455,
5935804280,-21.26162041,
5936404240,-21.02633874,
5937004200,-21.16456711,
5937604160,-20.64510389,
5938204120,-21.23408372,
5938804080,-21.14252232,
5939404040,-21.13637004,
5940004000,-21.10420145,
5940603960,-20.97611812,
5941203920,-21.26519009,
5941803880,-21.21509306,
5942403840,-21.43226925,
5943003800,-21.58140822,
5943603760,-21.16478846,
5944203720,-21.49400369,
5944803680,-21.80186576,
5945403640,-21.15447966,
5946003600,-21.83393999,
5946603560,-21.21686161,
5947203520,-20.7308472,
5947803480,-22.1695523,
5948403440,-21.07768004,
5949003400,-21.67890743,
5949603360,-21.78425286,
5950203320,-21.77454391,
5950803280,-22.22323245,
5951403240,-21.55732518,
5952003200,-21.66035435,
5952603160,-21.7643251,
5953203120,-22.09718057,
5953803080,-22.11219902,
5954403040,-22.04604266,
5955003000,-21.81246979,
5955602960,-21.39115863,
5956202920,-22.10757219,
5956802880,-21.36157197,
5957402840,-21.96859487,
5958002800,-21.15419511,
5958602760,-22.15682431,
5959202720,-21.63979214,
5959802680,-21.85136073,
5960402640,-21.78056052,
5961002600,-22.2541735,
5961602560,-21.54313944,
5962202520,-22.27892136,
5962802480,-23.55086309,
5963402440,-22.06898566,
5964002400,-22.62917839,
5964602360,-22.00835671,
5965202320,-22.13384966,
5965802280,-22.95645287,
5966402240,-22.71955021,
5967002200,-22.55623991,
5967602160,-22.76134202,
5968202120,-23.10352513,
5968802080,-23.59605728,
5969402040,-22.31537192,
5970002000,-22.67250637,
5970601960,-22.99069193,
5971201920,-23.12726476,
5971801880,-23.25030327,
5972401840,-23.0398498,
5973001800,-23.54916718,
5973601760,-23.78741909,
5974201720,-22.39299739,
5974801680,-23.10171395,
5975401640,-22.72159992,
5976001600,-22.92550773,
5976601560,-23.49666912,
5977201520,-22.86199038,
5977801480,-23.82342535,
5978401440,-24.00953661,
5979001400,-23.22003462,
5979601360,-23.54689253,
5980201320,-23.95030827,
5980801280,-23.25306147,
5981401240,-23.67166378,
5982001200,-22.7876908,
5982601160,-23.97802737,
5983201120,-24.03715277,
5983801080,-24.23058508,
5984401040,-25.06777656,
5985001000,-24.2068584,
5985600960,-23.74459933,
5986200920,-24.24715495,
5986800880,-24.51408414,
5987400840,-23.10715446,
5988000800,-24.15492968,
5988600760,-22.92657366,
5989200720,-23.84461391,
5989800680,-25.33192996,
5990400640,-23.59584278,
5991000600,-24.43429691,
5991600560,-24.1745536,
5992200520,-24.04787493,
5992800480,-24.4734741,
5993400440,-24.17591338,
5994000400,-26.93028334,
5994600360,-25.49419722,
5995200320,-25.02523466,
5995800280,-25.23577141,
5996400240,-25.69687636,
5997000200,-24.39207402,
5997600160,-24.1195317,
5998200120,-25.0969352,
5998800080,-24.20993339,
5999400040,-25.84406068,
6000000000,-24.56311277,
