Frequency,S12_Magnitude,
1000000,-3.531057292,
1599959,-3.32832551,
2199919,-3.223872904,
2799879,-3.112160969,
3399839,-3.002145016,
3999799,-2.997120778,
4599759,-2.961571054,
5199719,-2.950151853,
5799679,-3.097667526,
6399639,-3.065597128,
6999599,-3.270892046,
7599559,-3.264743364,
8199519,-3.465139248,
8799479,-3.678727828,
9399439,-3.719803623,
9999399,-3.930399062,
10599359,-4.117541696,
11199319,-4.310789422,
11799279,-4.455087481,
12399239,-4.612744485,
12999199,-4.715932405,
13599159,-4.918479089,
14199119,-5.081198991,
14799079,-5.404619135,
15399039,-5.539867855,
15998999,-5.758280677,
16598959,-5.98514735,
17198919,-6.255864102,
17798879,-6.531325313,
18398839,-6.665853188,
18998799,-6.88723244,
19598759,-7.061043479,
20198719,-7.280580366,
20798679,-7.755713957,
21398639,-7.805385353,
21998599,-8.040709451,
22598559,-8.408736215,
23198519,-8.4900561,
23798479,-8.835450066,
24398439,-9.217556282,
24998399,-9.428342731,
25598359,-9.716203528,
26198319,-10.07173288,
26798279,-10.24510156,
27398239,-10.5782521,
27998199,-10.7966503,
28598159,-11.22473144,
29198119,-11.69577083,
29798079,-12.16422406,
30398039,-12.46416432,
30997999,-12.76213351,
31597959,-12.859133,
32197919,-13.21198754,
32797879,-13.73879212,
33397839,-14.29096231,
33997799,-14.60085414,
34597759,-14.91593712,
35197719,-15.79677751,
35797679,-16.28190737,
36397639,-16.92630564,
36997599,-17.62008393,
37597559,-18.05940638,
38197519,-18.70526645,
38797479,-19.32353554,
39397439,-20.41873877,
39997399,-22.06540966,
40597359,-23.02417256,
41197319,-23.77151098,
41797279,-24.74437117,
42397239,-26.46079745,
42997199,-28.79493594,
43597159,-34.04571942,
44197119,-38.25033469,
44797079,-43.27407167,
45397039,-47.08209226,
45996999,-37.16935696,
46596959,-34.29538132,
47196919,-29.65839823,
47796879,-26.73095131,
48396839,-24.8645448,
48996799,-23.82295209,
49596759,-22.86941989,
50196719,-22.22690124,
50796679,-20.93022813,
51396639,-19.46705609,
51996599,-19.0753053,
52596559,-18.31541372,
53196519,-17.70643907,
53796479,-17.28958574,
54396439,-16.33435803,
54996399,-15.60132749,
55596359,-15.2220174,
56196319,-14.67238257,
56796279,-14.46980851,
57396239,-13.99166167,
57996199,-13.43125623,
58596159,-13.02134293,
59196119,-12.63452583,
59796079,-12.33893411,
60396039,-12.07112879,
60995999,-11.88787917,
61595959,-11.59717481,
62195919,-11.23785868,
62795879,-10.91954751,
63395839,-10.73993651,
63995799,-10.36514991,
64595759,-10.16886906,
65195719,-9.882146666,
65795679,-9.785337496,
66395639,-9.421639104,
66995599,-9.221394753,
67595559,-8.969087382,
68195519,-8.833779208,
68795479,-8.562381344,
69395439,-8.460092699,
69995399,-8.227090228,
70595359,-8.092754243,
71195319,-7.808805749,
71795279,-7.638289494,
72395239,-7.54306946,
72995199,-7.355105731,
73595159,-7.219468869,
74195119,-7.173080097,
74795079,-7.153275365,
75395039,-7.029177217,
75994999,-6.847517564,
76594959,-6.584407591,
77194919,-6.471862831,
77794879,-6.483252969,
78394839,-6.292550982,
78994799,-6.236039572,
79594759,-6.156715634,
80194719,-6.077892248,
80794679,-5.954171186,
81394639,-5.955506363,
81994599,-5.802033329,
82594559,-5.607314643,
83194519,-5.522736677,
83794479,-5.412849549,
84394439,-5.419198038,
84994399,-5.347456997,
85594359,-5.363183894,
86194319,-5.236617092,
86794279,-5.14852328,
87394239,-5.167590687,
87994199,-5.057281456,
88594159,-4.986141884,
89194119,-5.080302373,
89794079,-4.960383674,
90394039,-4.843849311,
90993999,-4.854094057,
91593959,-4.685580126,
92193919,-4.664159928,
92793879,-4.597295003,
93393839,-4.63042103,
93993799,-4.557930063,
94593759,-4.600473913,
95193719,-4.489026657,
95793679,-4.529020146,
96393639,-4.465848621,
96993599,-4.365445013,
97593559,-4.327917137,
98193519,-4.342976225,
98793479,-4.292515121,
99393439,-4.302507126,
99993399,-4.248889029,
100593359,-4.258768496,
101193319,-4.212940321,
101793279,-4.249200752,
102393239,-4.181169155,
102993199,-4.18289843,
103593159,-4.201793701,
104193119,-4.168436177,
104793079,-4.122144964,
105393039,-4.082111072,
105992999,-4.120806162,
106592959,-4.087572565,
107192919,-4.116331448,
107792879,-4.082057143,
108392839,-4.013199986,
108992799,-3.990365461,
109592759,-4.03111183,
110192719,-3.96841421,
110792679,-4.069040646,
111392639,-3.965948598,
111992599,-3.951234957,
112592559,-4.021097782,
113192519,-3.953594901,
113792479,-3.999145128,
114392439,-3.817057494,
114992399,-3.88950965,
115592359,-3.914107155,
116192319,-3.885444775,
116792279,-3.998698284,
117392239,-3.881137769,
117992199,-3.847618211,
118592159,-3.961640214,
119192119,-3.823619775,
119792079,-3.823758237,
120392039,-3.866292754,
120991999,-3.777864284,
121591959,-3.841430754,
122191919,-3.840250479,
122791879,-3.83814551,
123391839,-3.879892911,
123991799,-3.845667566,
124591759,-3.841520285,
125191719,-3.8547285,
125791679,-3.83093668,
126391639,-3.901630546,
126991599,-3.941689455,
127591559,-3.90660255,
128191519,-3.85262805,
128791479,-3.87621797,
129391439,-3.883719139,
129991399,-3.801218525,
130591359,-3.926440375,
131191319,-3.833171655,
131791279,-3.864144431,
132391239,-3.797811856,
132991199,-3.872836669,
133591159,-3.836553012,
134191119,-3.788646612,
134791079,-3.771214877,
135391039,-3.80431523,
135990999,-3.767079906,
136590959,-3.81131798,
137190919,-3.825443181,
137790879,-3.758609646,
138390839,-3.897647975,
138990799,-3.83473754,
139590759,-3.828640619,
140190719,-3.841624583,
140790679,-3.778201015,
141390639,-3.8241088,
141990599,-3.825327172,
142590559,-3.832956652,
143190519,-3.794685937,
143790479,-3.838289694,
144390438,-3.845669783,
144990398,-3.81701264,
145590358,-3.783623901,
146190318,-3.807691587,
146790278,-3.803194922,
147390238,-3.787010578,
147990198,-3.755943568,
148590158,-3.779325579,
149190118,-3.82853542,
149790078,-3.837591699,
150390038,-3.806985067,
150989998,-3.71561197,
151589958,-3.803172989,
152189918,-3.811030362,
152789878,-3.869517184,
153389838,-3.861969248,
153989798,-3.917883724,
154589758,-3.863608955,
155189718,-3.830307378,
155789678,-3.844909548,
156389638,-3.841758602,
156989598,-3.832581082,
157589558,-3.892501872,
158189518,-3.885076747,
158789478,-3.778844551,
159389438,-3.879109403,
159989398,-3.820330671,
160589358,-3.836279434,
161189318,-3.792984243,
161789278,-3.838755254,
162389238,-3.877754726,
162989198,-3.896989743,
163589158,-3.816499289,
164189118,-3.815749348,
164789078,-3.895562962,
165389038,-3.848949416,
165988998,-3.954020819,
166588958,-3.967888114,
167188918,-3.923400144,
167788878,-3.895465578,
168388838,-3.824814447,
168988798,-3.85503159,
169588758,-3.91208029,
170188718,-3.866817084,
170788678,-3.881864225,
171388638,-3.854713001,
171988598,-3.822890659,
172588558,-3.882506502,
173188518,-3.93187705,
173788478,-3.810360782,
174388438,-3.893893517,
174988398,-3.78852729,
175588358,-3.827040747,
176188318,-3.844417466,
176788278,-3.851512327,
177388238,-3.887428416,
177988198,-3.813737152,
178588158,-3.929312462,
179188118,-3.895729077,
179788078,-3.88454216,
180388038,-3.816475552,
180987998,-3.788346785,
181587958,-3.828753661,
182187918,-3.868543754,
182787878,-3.781103522,
183387838,-3.841734803,
183987798,-3.719411421,
184587758,-3.839178477,
185187718,-3.728336733,
185787678,-3.784355532,
186387638,-3.719851146,
186987598,-3.697878716,
187587558,-3.783678845,
188187518,-3.792407916,
188787478,-3.74292619,
189387438,-3.741816698,
189987398,-3.752282089,
190587358,-3.793284991,
191187318,-3.80414179,
191787278,-3.787173203,
192387238,-3.768888117,
192987198,-3.716084619,
193587158,-3.745201352,
194187118,-3.708000134,
194787078,-3.776410206,
195387038,-3.722794717,
195986998,-3.780746685,
196586958,-3.660122955,
197186918,-3.658595546,
197786878,-3.711949366,
198386838,-3.733042403,
198986798,-3.702738621,
199586758,-3.780657319,
200186718,-3.644126781,
200786678,-3.688404406,
201386638,-3.63651278,
201986598,-3.707150688,
202586558,-3.595037953,
203186518,-3.691959161,
203786478,-3.651736725,
204386438,-3.675552533,
204986398,-3.647477698,
205586358,-3.642551886,
206186318,-3.65254811,
206786278,-3.621668714,
207386238,-3.647524526,
207986198,-3.659644872,
208586158,-3.505995952,
209186118,-3.488193302,
209786078,-3.614262542,
210386038,-3.489767043,
210985998,-3.575431903,
211585958,-3.519116641,
212185918,-3.57197754,
212785878,-3.522820952,
213385838,-3.542756121,
213985798,-3.496875661,
214585758,-3.467990181,
215185718,-3.469797148,
215785678,-3.452874161,
216385638,-3.512156262,
216985598,-3.45445911,
217585558,-3.430621237,
218185518,-3.470428614,
218785478,-3.405817946,
219385438,-3.397701463,
219985398,-3.379828879,
220585358,-3.375842136,
221185318,-3.363375455,
221785278,-3.367202362,
222385238,-3.387079864,
222985198,-3.384598435,
223585158,-3.33271586,
224185118,-3.334462743,
224785078,-3.431452706,
225385038,-3.360821308,
225984998,-3.3078737,
226584958,-3.385385702,
227184918,-3.393705025,
227784878,-3.363282584,
228384838,-3.301639013,
228984798,-3.344351923,
229584758,-3.325219706,
230184718,-3.356561844,
230784678,-3.315775349,
231384638,-3.378310199,
231984598,-3.294833094,
232584558,-3.294127011,
233184518,-3.357677536,
233784478,-3.307447809,
234384438,-3.286726782,
234984398,-3.250252814,
235584358,-3.270940344,
236184318,-3.288321517,
236784278,-3.243424349,
237384238,-3.28450894,
237984198,-3.265548298,
238584158,-3.313943611,
239184118,-3.242499599,
239784078,-3.271435637,
240384038,-3.147755822,
240983998,-3.243415338,
241583958,-3.292891045,
242183918,-3.176407492,
242783878,-3.214385812,
243383838,-3.252741905,
243983798,-3.221258014,
244583758,-3.222861886,
245183718,-3.203577509,
245783678,-3.219535844,
246383638,-3.229712344,
246983598,-3.243735879,
247583558,-3.178739316,
248183518,-3.289539102,
248783478,-3.188857613,
249383438,-3.139168379,
249983398,-3.171664062,
250583358,-3.193967624,
251183318,-3.190728624,
251783278,-3.100216662,
252383238,-3.205113034,
252983198,-3.185181387,
253583158,-3.158162616,
254183118,-3.140831629,
254783078,-3.123787044,
255383038,-3.238617149,
255982998,-3.125170093,
256582958,-3.143151191,
257182918,-3.130246266,
257782878,-3.157193908,
258382838,-3.211783773,
258982798,-3.131292252,
259582758,-3.153417851,
260182718,-3.157279001,
260782678,-3.234774137,
261382638,-3.198041836,
261982598,-3.196690348,
262582558,-3.237615603,
263182518,-3.204747891,
263782478,-3.240086435,
264382438,-3.212261329,
264982398,-3.180856251,
265582358,-3.237340448,
266182318,-3.213693064,
266782278,-3.202584826,
267382238,-3.17626691,
267982198,-3.216263811,
268582158,-3.183544169,
269182118,-3.250327963,
269782078,-3.198744705,
270382038,-3.238971667,
270981998,-3.196103526,
271581958,-3.266705903,
272181918,-3.247417047,
272781878,-3.180358906,
273381838,-3.359338634,
273981798,-3.285283001,
274581758,-3.242980865,
275181718,-3.25068259,
275781678,-3.292086466,
276381638,-3.240530667,
276981598,-3.289890185,
277581558,-3.362655088,
278181518,-3.261168062,
278781478,-3.349098266,
279381438,-3.324239896,
279981398,-3.277496886,
280581358,-3.361278842,
281181318,-3.316569057,
281781278,-3.307145739,
282381238,-3.34132363,
282981198,-3.337929511,
283581158,-3.43196841,
284181118,-3.458770504,
284781078,-3.351722361,
285381038,-3.435756166,
285980998,-3.436385532,
286580958,-3.385573611,
287180917,-3.372482479,
287780877,-3.457921111,
288380837,-3.387593391,
288980797,-3.389064777,
289580757,-3.378074228,
290180717,-3.356363342,
290780677,-3.384859024,
291380637,-3.440930792,
291980597,-3.436000124,
292580557,-3.419795947,
293180517,-3.540979437,
293780477,-3.449696438,
294380437,-3.52246431,
294980397,-3.468958401,
295580357,-3.471577091,
296180317,-3.468443885,
296780277,-3.509045901,
297380237,-3.54718667,
297980197,-3.586951737,
298580157,-3.563352235,
299180117,-3.439182983,
299780077,-3.446333735,
300380037,-3.506795732,
300979997,-3.586064843,
301579957,-3.484776978,
302179917,-3.472035151,
302779877,-3.55634171,
303379837,-3.624770342,
303979797,-3.521400577,
304579757,-3.48048344,
305179717,-3.582786604,
305779677,-3.527296211,
306379637,-3.559050462,
306979597,-3.595990055,
307579557,-3.644400964,
308179517,-3.58715897,
308779477,-3.624218794,
309379437,-3.551408557,
309979397,-3.627439028,
310579357,-3.6477121,
311179317,-3.581222211,
311779277,-3.717019296,
312379237,-3.614394765,
312979197,-3.701808301,
313579157,-3.653859731,
314179117,-3.633534065,
314779077,-3.636109973,
315379037,-3.693716237,
315978997,-3.625185309,
316578957,-3.638023685,
317178917,-3.715703464,
317778877,-3.748742827,
318378837,-3.637663687,
318978797,-3.730592186,
319578757,-3.754539516,
320178717,-3.698307572,
320778677,-3.660701584,
321378637,-3.739088088,
321978597,-3.644164614,
322578557,-3.692570144,
323178517,-3.687054874,
323778477,-3.761247108,
324378437,-3.730806766,
324978397,-3.691464278,
325578357,-3.743044282,
326178317,-3.694945852,
326778277,-3.746016589,
327378237,-3.753654605,
327978197,-3.779123957,
328578157,-3.755534087,
329178117,-3.749647798,
329778077,-3.771132402,
330378037,-3.737258967,
330977997,-3.764338853,
331577957,-3.697674598,
332177917,-3.74799533,
332777877,-3.73163748,
333377837,-3.787113444,
333977797,-3.787097032,
334577757,-3.79243271,
335177717,-3.775427244,
335777677,-3.715742957,
336377637,-3.824680319,
336977597,-3.770465514,
337577557,-3.786382048,
338177517,-3.810963305,
338777477,-3.72107305,
339377437,-3.772408075,
339977397,-3.747016254,
340577357,-3.770598958,
341177317,-3.742456689,
341777277,-3.76934324,
342377237,-3.749981118,
342977197,-3.722324262,
343577157,-3.7560115,
344177117,-3.654937115,
344777077,-3.716948909,
345377037,-3.702641109,
345976997,-3.793700607,
346576957,-3.765087731,
347176917,-3.720191091,
347776877,-3.700935502,
348376837,-3.693143585,
348976797,-3.734393551,
349576757,-3.743814942,
350176717,-3.668088484,
350776677,-3.735785692,
351376637,-3.677897148,
351976597,-3.786751367,
352576557,-3.685686762,
353176517,-3.709784421,
353776477,-3.672069676,
354376437,-3.686904453,
354976397,-3.628703511,
355576357,-3.631543934,
356176317,-3.620355652,
356776277,-3.748624093,
357376237,-3.626836785,
357976197,-3.656417713,
358576157,-3.684966292,
359176117,-3.666928215,
359776077,-3.67470325,
360376037,-3.635050916,
360975997,-3.667636038,
361575957,-3.614958238,
362175917,-3.64173428,
362775877,-3.593362065,
363375837,-3.708564721,
363975797,-3.661763729,
364575757,-3.555209361,
365175717,-3.624531494,
365775677,-3.65791831,
366375637,-3.58601358,
366975597,-3.596185111,
367575557,-3.61561319,
368175517,-3.579802716,
368775477,-3.448689951,
369375437,-3.566648506,
369975397,-3.510738867,
370575357,-3.586193805,
371175317,-3.512873362,
371775277,-3.504038703,
372375237,-3.524933245,
372975197,-3.421468871,
373575157,-3.551260443,
374175117,-3.456551834,
374775077,-3.421816743,
375375037,-3.456232183,
375974997,-3.538149069,
376574957,-3.469447799,
377174917,-3.46913976,
377774877,-3.492684221,
378374837,-3.478389958,
378974797,-3.517515061,
379574757,-3.47076926,
380174717,-3.442937793,
380774677,-3.409072392,
381374637,-3.402535395,
381974597,-3.479247567,
382574557,-3.454845967,
383174517,-3.486679087,
383774477,-3.460989112,
384374437,-3.387435821,
384974397,-3.455495996,
385574357,-3.454803919,
386174317,-3.422920719,
386774277,-3.410153371,
387374237,-3.433671233,
387974197,-3.406164441,
388574157,-3.416844389,
389174117,-3.385201696,
389774077,-3.442685188,
390374037,-3.38050067,
390973997,-3.381881588,
391573957,-3.297155542,
392173917,-3.329234102,
392773877,-3.370619885,
393373837,-3.404193615,
393973797,-3.407924798,
394573757,-3.372763778,
395173717,-3.433314553,
395773677,-3.345359017,
396373637,-3.355753896,
396973597,-3.367630242,
397573557,-3.281702984,
398173517,-3.345433044,
398773477,-3.336806408,
399373437,-3.342824103,
399973397,-3.393359885,
400573357,-3.331278082,
401173317,-3.327314576,
401773277,-3.258409008,
402373237,-3.315699639,
402973197,-3.341588399,
403573157,-3.332684725,
404173117,-3.352443363,
404773077,-3.322849103,
405373037,-3.282967876,
405972997,-3.254125461,
406572957,-3.37075716,
407172917,-3.323812597,
407772877,-3.336062776,
408372837,-3.291048637,
408972797,-3.269012223,
409572757,-3.300270334,
410172717,-3.349231016,
410772677,-3.27363374,
411372637,-3.310802852,
411972597,-3.321002228,
412572557,-3.2712473,
413172517,-3.31554726,
413772477,-3.237672758,
414372437,-3.264180528,
414972397,-3.206616048,
415572357,-3.264088222,
416172317,-3.223690451,
416772277,-3.240764809,
417372237,-3.290448914,
417972197,-3.235813492,
418572157,-3.148382506,
419172117,-3.207792492,
419772077,-3.237725233,
420372037,-3.152257515,
420971997,-3.23614271,
421571957,-3.217243196,
422171917,-3.250436479,
422771877,-3.18007235,
423371837,-3.187818204,
423971797,-3.135353814,
424571757,-3.167521496,
425171717,-3.156322989,
425771677,-3.164472588,
426371637,-3.138851414,
426971597,-3.159751361,
427571557,-3.200372517,
428171517,-3.155014394,
428771477,-3.183283134,
429371437,-3.183067219,
429971396,-3.173942013,
430571356,-3.216000838,
431171316,-3.094422421,
431771276,-3.118652455,
432371236,-3.149469977,
432971196,-3.10297047,
433571156,-3.158156214,
434171116,-3.133076606,
434771076,-3.102722063,
435371036,-3.155184036,
435970996,-3.077676256,
436570956,-3.090999524,
437170916,-3.061170871,
437770876,-3.165514397,
438370836,-3.154490326,
438970796,-3.12617158,
439570756,-3.098948427,
440170716,-3.071399587,
440770676,-3.142542292,
441370636,-3.054395448,
441970596,-3.167744215,
442570556,-3.088868033,
443170516,-3.216983616,
443770476,-3.041322244,
444370436,-3.094636823,
444970396,-3.09616327,
445570356,-3.121134998,
446170316,-3.089666442,
446770276,-3.10720828,
447370236,-3.13928356,
447970196,-3.149745433,
448570156,-3.10988858,
449170116,-3.126978037,
449770076,-3.140551155,
450370036,-3.171414368,
450969996,-3.085487351,
451569956,-3.096138526,
452169916,-3.13304339,
452769876,-3.146512445,
453369836,-3.149677412,
453969796,-3.086614518,
454569756,-3.234345352,
455169716,-3.147129325,
455769676,-3.09361217,
456369636,-3.099133595,
456969596,-3.09410025,
457569556,-3.240762948,
458169516,-3.101938133,
458769476,-3.197898085,
459369436,-3.162584086,
459969396,-3.094725523,
460569356,-3.125117031,
461169316,-3.095174173,
461769276,-3.118470989,
462369236,-3.117869128,
462969196,-3.102973664,
463569156,-3.138026783,
464169116,-3.16647566,
464769076,-3.081836584,
465369036,-3.173839756,
465968996,-3.178895863,
466568956,-3.173980254,
467168916,-3.224632983,
467768876,-3.181023659,
468368836,-3.143783507,
468968796,-3.142816915,
469568756,-3.105567537,
470168716,-3.246428875,
470768676,-3.250216201,
471368636,-3.16747298,
471968596,-3.216241082,
472568556,-3.20886963,
473168516,-3.121473595,
473768476,-3.197122312,
474368436,-3.19681093,
474968396,-3.182235176,
475568356,-3.212627747,
476168316,-3.235307195,
476768276,-3.234043143,
477368236,-3.259051732,
477968196,-3.19899794,
478568156,-3.188405547,
479168116,-3.226150544,
479768076,-3.204025419,
480368036,-3.273342762,
480967996,-3.317496009,
481567956,-3.243848279,
482167916,-3.171190807,
482767876,-3.263851572,
483367836,-3.317584096,
483967796,-3.303722087,
484567756,-3.302713874,
485167716,-3.249573898,
485767676,-3.304973331,
486367636,-3.288502137,
486967596,-3.308315416,
487567556,-3.319759805,
488167516,-3.297894627,
488767476,-3.323631683,
489367436,-3.367454287,
489967396,-3.332970487,
490567356,-3.37514555,
491167316,-3.270337655,
491767276,-3.420492765,
492367236,-3.33610978,
492967196,-3.374504256,
493567156,-3.297915526,
494167116,-3.39919707,
494767076,-3.455837479,
495367036,-3.440579542,
495966996,-3.431283634,
496566956,-3.423376679,
497166916,-3.454112637,
497766876,-3.461146766,
498366836,-3.429440232,
498966796,-3.425237713,
499566756,-3.442406907,
500166716,-3.367994736,
500766676,-3.382887345,
501366636,-3.406758852,
501966596,-3.375801464,
502566556,-3.493784811,
503166516,-3.39389151,
503766476,-3.461790995,
504366436,-3.541614916,
504966396,-3.428278664,
505566356,-3.539789106,
506166316,-3.501094301,
506766276,-3.524423379,
507366236,-3.498493989,
507966196,-3.53505033,
508566156,-3.563424117,
509166116,-3.566391022,
509766076,-3.516206018,
510366036,-3.568430342,
510965996,-3.531061312,
511565956,-3.547296324,
512165916,-3.592959357,
512765876,-3.602287541,
513365836,-3.636373878,
513965796,-3.628342436,
514565756,-3.574013156,
515165716,-3.590460256,
515765676,-3.557546285,
516365636,-3.640262887,
516965596,-3.647878588,
517565556,-3.556540591,
518165516,-3.650088113,
518765476,-3.639310744,
519365436,-3.61593585,
519965396,-3.581775767,
520565356,-3.687513828,
521165316,-3.703330255,
521765276,-3.695243313,
522365236,-3.697454735,
522965196,-3.758052229,
523565156,-3.702427105,
524165116,-3.741246434,
524765076,-3.71192207,
525365036,-3.763099827,
525964996,-3.680639886,
526564956,-3.752485243,
527164916,-3.799818138,
527764876,-3.720790486,
528364836,-3.860858353,
528964796,-3.835634165,
529564756,-3.784663827,
530164716,-3.721461423,
530764676,-3.753612913,
531364636,-3.779198255,
531964596,-3.881607028,
532564556,-3.888365924,
533164516,-3.877017137,
533764476,-3.802502975,
534364436,-3.844856736,
534964396,-3.77597508,
535564356,-3.903646337,
536164316,-3.910590262,
536764276,-3.93451217,
537364236,-3.870152414,
537964196,-3.876770028,
538564156,-3.908516751,
539164116,-3.896441677,
539764076,-3.801565261,
540364036,-3.908291614,
540963996,-3.932824476,
541563956,-3.979584334,
542163916,-3.97232472,
542763876,-4.051026769,
543363836,-3.919596163,
543963796,-3.934396473,
544563756,-4.012635529,
545163716,-3.971152653,
545763676,-4.086274877,
546363636,-4.089288261,
546963596,-4.019272829,
547563556,-4.101984408,
548163516,-4.016229533,
548763476,-4.174057508,
549363436,-4.058980888,
549963396,-4.100313466,
550563356,-4.165892073,
551163316,-4.135171523,
551763276,-4.061517786,
552363236,-4.076802666,
552963196,-4.171755809,
553563156,-4.151393306,
554163116,-4.248481159,
554763076,-4.167385787,
555363036,-4.182809205,
555962996,-4.161979703,
556562956,-4.255979299,
557162916,-4.25090804,
557762876,-4.185516287,
558362836,-4.175277279,
558962796,-4.250439336,
559562756,-4.255326947,
560162716,-4.310798478,
560762676,-4.226162496,
561362636,-4.294827856,
561962596,-4.249949973,
562562556,-4.200839679,
563162516,-4.243325913,
563762476,-4.239467511,
564362436,-4.250931953,
564962396,-4.309804495,
565562356,-4.246121834,
566162316,-4.30465531,
566762276,-4.259098236,
567362236,-4.292040213,
567962196,-4.28103522,
568562156,-4.325838692,
569162116,-4.325336603,
569762076,-4.300046669,
570362036,-4.326423974,
570961996,-4.377279384,
571561956,-4.370515264,
572161916,-4.327544784,
572761875,-4.349205088,
573361835,-4.452815143,
573961795,-4.395510825,
574561755,-4.387176179,
575161715,-4.382542878,
575761675,-4.42367745,
576361635,-4.425670227,
576961595,-4.403328489,
577561555,-4.413497819,
578161515,-4.432681826,
578761475,-4.494264858,
579361435,-4.443349527,
579961395,-4.50390597,
580561355,-4.445411711,
581161315,-4.490652086,
581761275,-4.47642327,
582361235,-4.432358834,
582961195,-4.454109766,
583561155,-4.390218807,
584161115,-4.383569209,
584761075,-4.457270783,
585361035,-4.476272013,
585960995,-4.439674428,
586560955,-4.517273918,
587160915,-4.429602988,
587760875,-4.444031844,
588360835,-4.412361137,
588960795,-4.499756206,
589560755,-4.552392348,
590160715,-4.435735895,
590760675,-4.426339779,
591360635,-4.535879966,
591960595,-4.446647756,
592560555,-4.522909945,
593160515,-4.553998607,
593760475,-4.551529212,
594360435,-4.545324809,
594960395,-4.482028245,
595560355,-4.509238798,
596160315,-4.531660604,
596760275,-4.552554479,
597360235,-4.449989593,
597960195,-4.460432843,
598560155,-4.531415217,
599160115,-4.538985605,
599760075,-4.502302214,
600360035,-4.554066268,
600959995,-4.487511063,
601559955,-4.465131314,
602159915,-4.56406657,
602759875,-4.437744201,
603359835,-4.505519537,
603959795,-4.466274312,
604559755,-4.48673751,
605159715,-4.473309901,
605759675,-4.4948187,
606359635,-4.599123289,
606959595,-4.498012087,
607559555,-4.564516727,
608159515,-4.58709152,
608759475,-4.554977993,
609359435,-4.545311453,
609959395,-4.427787538,
610559355,-4.552066822,
611159315,-4.464889247,
611759275,-4.497730094,
612359235,-4.497421832,
612959195,-4.436251209,
613559155,-4.378171481,
614159115,-4.474762762,
614759075,-4.380301226,
615359035,-4.563208059,
615958995,-4.447193582,
616558955,-4.523447612,
617158915,-4.444744794,
617758875,-4.491567972,
618358835,-4.462581535,
618958795,-4.409514819,
619558755,-4.42394891,
620158715,-4.398895717,
620758675,-4.501913515,
621358635,-4.527147467,
621958595,-4.479304467,
622558555,-4.48596757,
623158515,-4.425527812,
623758475,-4.438591692,
624358435,-4.473834913,
624958395,-4.430494885,
625558355,-4.471675124,
626158315,-4.443591549,
626758275,-4.396753664,
627358235,-4.44196656,
627958195,-4.429035905,
628558155,-4.418462068,
629158115,-4.417019179,
629758075,-4.409877422,
630358035,-4.440109414,
630957995,-4.294690544,
631557955,-4.393859443,
632157915,-4.398843094,
632757875,-4.415676214,
633357835,-4.403566488,
633957795,-4.301041991,
634557755,-4.35446024,
635157715,-4.367332806,
635757675,-4.276689934,
636357635,-4.344313479,
636957595,-4.295430527,
637557555,-4.354620214,
638157515,-4.294475402,
638757475,-4.291458433,
639357435,-4.240215522,
639957395,-4.307683096,
640557355,-4.276953715,
641157315,-4.250368138,
641757275,-4.243171018,
642357235,-4.271634898,
642957195,-4.199389971,
643557155,-4.257625926,
644157115,-4.22987337,
644757075,-4.270277518,
645357035,-4.228711385,
645956995,-4.194807762,
646556955,-4.215745498,
647156915,-4.22260849,
647756875,-4.177054254,
648356835,-4.182354828,
648956795,-4.180849166,
649556755,-4.196748739,
650156715,-4.135105146,
650756675,-4.127619925,
651356635,-4.164887379,
651956595,-4.212798219,
652556555,-4.231294287,
653156515,-4.04832499,
653756475,-4.169455881,
654356435,-4.188914521,
654956395,-4.054030472,
655556355,-4.125385677,
656156315,-4.119604808,
656756275,-4.097865652,
657356235,-4.047618369,
657956195,-4.097635755,
658556155,-4.059276957,
659156115,-4.037672547,
659756075,-4.118562326,
660356035,-4.046194436,
660955995,-4.055404128,
661555955,-4.077606049,
662155915,-4.067010458,
662755875,-4.050752292,
663355835,-3.971133067,
663955795,-3.969334749,
664555755,-4.02735603,
665155715,-4.002909268,
665755675,-3.923249628,
666355635,-3.985042849,
666955595,-3.869367209,
667555555,-4.006748812,
668155515,-3.876653983,
668755475,-3.879275148,
669355435,-3.837958965,
669955395,-3.896226444,
670555355,-3.920645021,
671155315,-3.82880816,
671755275,-3.813488599,
672355235,-3.8504536,
672955195,-3.816647478,
673555155,-3.861510749,
674155115,-3.777561788,
674755075,-3.784875017,
675355035,-3.767188094,
675954995,-3.765541917,
676554955,-3.818977768,
677154915,-3.755585058,
677754875,-3.753813002,
678354835,-3.77536245,
678954795,-3.800346889,
679554755,-3.731657767,
680154715,-3.72954288,
680754675,-3.73063278,
681354635,-3.727414054,
681954595,-3.76556692,
682554555,-3.693769284,
683154515,-3.725029912,
683754475,-3.711858399,
684354435,-3.644906063,
684954395,-3.694568511,
685554355,-3.636794466,
686154315,-3.715680125,
686754275,-3.65673663,
687354235,-3.589031941,
687954195,-3.657214663,
688554155,-3.659381278,
689154115,-3.709784193,
689754075,-3.678230295,
690354035,-3.602151783,
690953995,-3.651117837,
691553955,-3.61729755,
692153915,-3.637728302,
692753875,-3.62822792,
693353835,-3.564869092,
693953795,-3.598002804,
694553755,-3.557880397,
695153715,-3.521939643,
695753675,-3.622963868,
696353635,-3.590065104,
696953595,-3.565966935,
697553555,-3.602428045,
698153515,-3.527258118,
698753475,-3.566089004,
699353435,-3.566061977,
699953395,-3.499401586,
700553355,-3.53506119,
701153315,-3.559817971,
701753275,-3.480390356,
702353235,-3.506780083,
702953195,-3.537976804,
703553155,-3.479497577,
704153115,-3.488727222,
704753075,-3.492982431,
705353035,-3.480225132,
705952995,-3.48826208,
706552955,-3.456064792,
707152915,-3.483890959,
707752875,-3.45014346,
708352835,-3.472945791,
708952795,-3.502691434,
709552755,-3.393422008,
710152715,-3.446870035,
710752675,-3.404713138,
711352635,-3.414274999,
711952595,-3.433940615,
712552555,-3.406115514,
713152515,-3.413636234,
713752475,-3.388476263,
714352435,-3.431321865,
714952395,-3.344067072,
715552354,-3.386420833,
716152314,-3.381716489,
716752274,-3.396957247,
717352234,-3.343706373,
717952194,-3.403231432,
718552154,-3.3550984,
719152114,-3.419540056,
719752074,-3.41151905,
720352034,-3.269397682,
720951994,-3.329791619,
721551954,-3.369804538,
722151914,-3.370817364,
722751874,-3.383826235,
723351834,-3.362017961,
723951794,-3.42051676,
724551754,-3.339667143,
725151714,-3.403749847,
725751674,-3.275266742,
726351634,-3.351790364,
726951594,-3.319950072,
727551554,-3.314150731,
728151514,-3.331002728,
728751474,-3.300118435,
729351434,-3.351923967,
729951394,-3.264361529,
730551354,-3.329581576,
731151314,-3.32858093,
731751274,-3.323217316,
732351234,-3.342833069,
732951194,-3.334296735,
733551154,-3.319869557,
734151114,-3.298936674,
734751074,-3.245231207,
735351034,-3.264427035,
735950994,-3.388390099,
736550954,-3.286037099,
737150914,-3.255073061,
737750874,-3.347637046,
738350834,-3.249459404,
738950794,-3.279248752,
739550754,-3.324126465,
740150714,-3.323763386,
740750674,-3.341187302,
741350634,-3.335203474,
741950594,-3.271903585,
742550554,-3.35292376,
743150514,-3.288968293,
743750474,-3.308423804,
744350434,-3.266903303,
744950394,-3.30550143,
745550354,-3.278330369,
746150314,-3.363257445,
746750274,-3.330538512,
747350234,-3.313833079,
747950194,-3.321146041,
748550154,-3.291864382,
749150114,-3.347022183,
749750074,-3.335345404,
750350034,-3.304567225,
750949994,-3.245127556,
751549954,-3.231051591,
752149914,-3.305355028,
752749874,-3.357096905,
753349834,-3.308086324,
753949794,-3.274638967,
754549754,-3.319287262,
755149714,-3.357284573,
755749674,-3.207798199,
756349634,-3.364087217,
756949594,-3.295593513,
757549554,-3.271768058,
758149514,-3.241203595,
758749474,-3.365271909,
759349434,-3.24939252,
759949394,-3.312033944,
760549354,-3.356137211,
761149314,-3.306776793,
761749274,-3.262462366,
762349234,-3.287966973,
762949194,-3.363647217,
763549154,-3.304411768,
764149114,-3.263720325,
764749074,-3.359604256,
765349034,-3.330266275,
765948994,-3.361038845,
766548954,-3.340459665,
767148914,-3.343077016,
767748874,-3.37567673,
768348834,-3.335840823,
768948794,-3.306114873,
769548754,-3.430435828,
770148714,-3.313850347,
770748674,-3.395883825,
771348634,-3.365818288,
771948594,-3.433834298,
772548554,-3.388324731,
773148514,-3.434055333,
773748474,-3.410647228,
774348434,-3.420038629,
774948394,-3.480017047,
775548354,-3.44577607,
776148314,-3.420784893,
776748274,-3.42204669,
777348234,-3.399473718,
777948194,-3.375789581,
778548154,-3.54423675,
779148114,-3.445389691,
779748074,-3.468032101,
780348034,-3.487745287,
780947994,-3.556734474,
781547954,-3.528902429,
782147914,-3.573721255,
782747874,-3.48843525,
783347834,-3.598284244,
783947794,-3.502235407,
784547754,-3.533827406,
785147714,-3.535611673,
785747674,-3.699234349,
786347634,-3.620956453,
786947594,-3.639543302,
787547554,-3.571235212,
788147514,-3.61386095,
788747474,-3.63376923,
789347434,-3.641364518,
789947394,-3.656686008,
790547354,-3.567271688,
791147314,-3.629845226,
791747274,-3.591838915,
792347234,-3.648461356,
792947194,-3.663896685,
793547154,-3.662800658,
794147114,-3.608735225,
794747074,-3.708558657,
795347034,-3.693104099,
795946994,-3.690868002,
796546954,-3.716174505,
797146914,-3.70576976,
797746874,-3.720926572,
798346834,-3.677208456,
798946794,-3.820781928,
799546754,-3.743089889,
800146714,-3.723897054,
800746674,-3.789986208,
801346634,-3.814427964,
801946594,-3.810357994,
802546554,-3.762637369,
803146514,-3.767538646,
803746474,-3.821366716,
804346434,-3.845679108,
804946394,-3.883787664,
805546354,-3.883679058,
806146314,-3.868022202,
806746274,-3.953469511,
807346234,-3.821256494,
807946194,-3.828944422,
808546154,-3.822044054,
809146114,-3.915439447,
809746074,-3.999246826,
810346034,-3.941441966,
810945994,-3.947805141,
811545954,-4.083723528,
812145914,-4.015232586,
812745874,-4.017739336,
813345834,-4.09485013,
813945794,-3.974029309,
814545754,-3.955426819,
815145714,-3.945493058,
815745674,-4.041300381,
816345634,-4.021531569,
816945594,-4.043121474,
817545554,-4.073346882,
818145514,-4.12207563,
818745474,-4.130767521,
819345434,-4.03835425,
819945394,-4.174036408,
820545354,-4.168213367,
821145314,-4.086907796,
821745274,-4.142170769,
822345234,-4.149891388,
822945194,-4.182582542,
823545154,-4.237845473,
824145114,-4.201883171,
824745074,-4.260074392,
825345034,-4.196064233,
825944994,-4.276634737,
826544954,-4.360935289,
827144914,-4.244761644,
827744874,-4.29066316,
828344834,-4.296777789,
828944794,-4.334932651,
829544754,-4.307028374,
830144714,-4.308430468,
830744674,-4.290461966,
831344634,-4.42789069,
831944594,-4.365424877,
832544554,-4.476627748,
833144514,-4.342310145,
833744474,-4.402252085,
834344434,-4.380152276,
834944394,-4.486499507,
835544354,-4.446706354,
836144314,-4.384385908,
836744274,-4.279817877,
837344234,-4.46513803,
837944194,-4.559038244,
838544154,-4.437674396,
839144114,-4.498939441,
839744074,-4.478851109,
840344034,-4.449382218,
840943994,-4.447660873,
841543954,-4.460605693,
842143914,-4.470696111,
842743874,-4.486624059,
843343834,-4.519177929,
843943794,-4.488271564,
844543754,-4.552170741,
845143714,-4.496562486,
845743674,-4.486454724,
846343634,-4.519334273,
846943594,-4.640116533,
847543554,-4.600637804,
848143514,-4.577448785,
848743474,-4.652437356,
849343434,-4.585070961,
849943394,-4.619474307,
850543354,-4.579932739,
851143314,-4.565674674,
851743274,-4.723414938,
852343234,-4.570396183,
852943194,-4.657109854,
853543154,-4.520135466,
854143114,-4.711916549,
854743074,-4.669723569,
855343034,-4.689754745,
855942994,-4.705416616,
856542954,-4.734126897,
857142914,-4.61750583,
857742874,-4.730297456,
858342833,-4.784907852,
858942793,-4.762607307,
859542753,-4.664246793,
860142713,-4.678635113,
860742673,-4.788354248,
861342633,-4.789993328,
861942593,-4.741058325,
862542553,-4.660811292,
863142513,-4.738060689,
863742473,-4.735918327,
864342433,-4.752436334,
864942393,-4.755675723,
865542353,-4.760974296,
866142313,-4.759392705,
866742273,-4.819485369,
867342233,-4.855443247,
867942193,-4.765576833,
868542153,-4.730207978,
869142113,-4.806532926,
869742073,-4.869608331,
870342033,-4.814450956,
870941993,-4.771881186,
871541953,-4.821940654,
872141913,-4.750911656,
872741873,-4.835220976,
873341833,-4.825302574,
873941793,-4.866120499,
874541753,-4.870699798,
875141713,-4.840295966,
875741673,-4.789877595,
876341633,-4.8261985,
876941593,-4.750229686,
877541553,-4.8826944,
878141513,-4.812889981,
878741473,-4.874153819,
879341433,-4.806374549,
879941393,-4.857254599,
880541353,-4.868021932,
881141313,-4.804623774,
881741273,-4.764642075,
882341233,-4.70081343,
882941193,-4.877808919,
883541153,-4.744111837,
884141113,-4.780936478,
884741073,-4.819831317,
885341033,-4.77759411,
885940993,-4.777099456,
886540953,-4.775774857,
887140913,-4.679819056,
887740873,-4.867529815,
888340833,-4.790426852,
888940793,-4.792355675,
889540753,-4.789125313,
890140713,-4.756408282,
890740673,-4.741893318,
891340633,-4.780130666,
891940593,-4.753908926,
892540553,-4.787886883,
893140513,-4.711386506,
893740473,-4.783058966,
894340433,-4.78663756,
894940393,-4.701996937,
895540353,-4.718301466,
896140313,-4.755433572,
896740273,-4.743150618,
897340233,-4.681455881,
897940193,-4.722918625,
898540153,-4.76598822,
899140113,-4.578882255,
899740073,-4.655934117,
900340033,-4.707699372,
900939993,-4.719009045,
901539953,-4.695085383,
902139913,-4.704925408,
902739873,-4.743115812,
903339833,-4.695569938,
903939793,-4.6268345,
904539753,-4.749787237,
905139713,-4.671763834,
905739673,-4.586579908,
906339633,-4.695460006,
906939593,-4.718434274,
907539553,-4.66376508,
908139513,-4.57950765,
908739473,-4.566279763,
909339433,-4.661728689,
909939393,-4.576729709,
910539353,-4.512408244,
911139313,-4.5294894,
911739273,-4.622826182,
912339233,-4.434826827,
912939193,-4.54766238,
913539153,-4.451865299,
914139113,-4.473846496,
914739073,-4.482896738,
915339033,-4.443202009,
915938993,-4.394427982,
916538953,-4.402577033,
917138913,-4.430852709,
917738873,-4.466950302,
918338833,-4.351857095,
918938793,-4.449436715,
919538753,-4.426177478,
920138713,-4.381542186,
920738673,-4.482186879,
921338633,-4.291341633,
921938593,-4.363334376,
922538553,-4.341859948,
923138513,-4.301140317,
923738473,-4.299576503,
924338433,-4.414282417,
924938393,-4.308826271,
925538353,-4.244189666,
926138313,-4.248696496,
926738273,-4.256935951,
927338233,-4.283855173,
927938193,-4.294012587,
928538153,-4.237935161,
929138113,-4.218371374,
929738073,-4.198431144,
930338033,-4.194143503,
930937993,-4.201672488,
931537953,-4.144574386,
932137913,-4.220822451,
932737873,-4.155185353,
933337833,-4.170950737,
933937793,-4.114926784,
934537753,-4.094545994,
935137713,-4.109774227,
935737673,-4.11395991,
936337633,-4.094844073,
936937593,-4.002782345,
937537553,-4.056643268,
938137513,-4.081113839,
938737473,-4.067765011,
939337433,-3.948117153,
939937393,-4.031787881,
940537353,-3.98286046,
941137313,-4.047077685,
941737273,-4.001458244,
942337233,-3.930783576,
942937193,-3.95645644,
943537153,-3.951964252,
944137113,-3.923385773,
944737073,-3.928031316,
945337033,-3.891111508,
945936993,-3.890708419,
946536953,-3.949653913,
947136913,-3.901214643,
947736873,-3.898660093,
948336833,-3.876965139,
948936793,-3.848275425,
949536753,-3.849566634,
950136713,-3.845304105,
950736673,-3.850883029,
951336633,-3.81296775,
951936593,-3.798456807,
952536553,-3.794301539,
953136513,-3.746708024,
953736473,-3.775977389,
954336433,-3.729313732,
954936393,-3.742692692,
955536353,-3.779302429,
956136313,-3.766673836,
956736273,-3.738310803,
957336233,-3.763869761,
957936193,-3.727295938,
958536153,-3.693102393,
959136113,-3.70327587,
959736073,-3.719694306,
960336033,-3.655055924,
960935993,-3.679420819,
961535953,-3.61658988,
962135913,-3.635395137,
962735873,-3.601688579,
963335833,-3.593977678,
963935793,-3.61426786,
964535753,-3.607871179,
965135713,-3.644244278,
965735673,-3.505497169,
966335633,-3.68155912,
966935593,-3.503141236,
967535553,-3.596687315,
968135513,-3.55690881,
968735473,-3.489567955,
969335433,-3.583160771,
969935393,-3.594121702,
970535353,-3.56512665,
971135313,-3.543133625,
971735273,-3.58562509,
972335233,-3.515020506,
972935193,-3.517223863,
973535153,-3.501924856,
974135113,-3.565588181,
974735073,-3.4314576,
975335033,-3.445942895,
975934993,-3.47284359,
976534953,-3.415170839,
977134913,-3.450794876,
977734873,-3.368570743,
978334833,-3.410622889,
978934793,-3.471367162,
979534753,-3.385595116,
980134713,-3.369568824,
980734673,-3.399915629,
981334633,-3.350901034,
981934593,-3.3177431,
982534553,-3.429215512,
983134513,-3.283200255,
983734473,-3.37028781,
984334433,-3.352183145,
984934393,-3.429787995,
985534353,-3.382201172,
986134313,-3.312297621,
986734273,-3.290081397,
987334233,-3.360057098,
987934193,-3.289262119,
988534153,-3.402332302,
989134113,-3.262446722,
989734073,-3.313576534,
990334033,-3.236043116,
990933993,-3.309849635,
991533953,-3.320646433,
992133913,-3.257646613,
992733873,-3.253215238,
993333833,-3.298066881,
993933793,-3.20064978,
994533753,-3.185308869,
995133713,-3.220753495,
995733673,-3.295255898,
996333633,-3.255160877,
996933593,-3.237654372,
997533553,-3.160934702,
998133513,-3.269596571,
998733473,-3.235889811,
999333433,-3.214055585,
999933393,-3.249825268,
1000533353,-3.264556485,
1001133312,-3.230449311,
1001733272,-3.312443365,
1002333232,-3.356301234,
1002933192,-3.180492713,
1003533152,-3.22355371,
1004133112,-3.304066445,
1004733072,-3.217052131,
1005333032,-3.24449792,
1005932992,-3.223436892,
1006532952,-3.291588343,
1007132912,-3.304827977,
1007732872,-3.197042099,
1008332832,-3.244871336,
1008932792,-3.160858953,
1009532752,-3.201353561,
1010132712,-3.227991359,
1010732672,-3.25374263,
1011332632,-3.177517368,
1011932592,-3.273146634,
1012532552,-3.180928426,
1013132512,-3.193008358,
1013732472,-3.178924075,
1014332432,-3.218912008,
1014932392,-3.189360413,
1015532352,-3.147437565,
1016132312,-3.325790356,
1016732272,-3.195829159,
1017332232,-3.214362581,
1017932192,-3.250643078,
1018532152,-3.218726025,
1019132112,-3.227841749,
1019732072,-3.234838795,
1020332032,-3.213982717,
1020931992,-3.256321511,
1021531952,-3.249688889,
1022131912,-3.230337345,
1022731872,-3.27403397,
1023331832,-3.261450015,
1023931792,-3.164780242,
1024531752,-3.261941513,
1025131712,-3.332762153,
1025731672,-3.326182354,
1026331632,-3.225649199,
1026931592,-3.215520031,
1027531552,-3.327195421,
1028131512,-3.233727298,
1028731472,-3.340373837,
1029331432,-3.201345381,
1029931392,-3.279527963,
1030531352,-3.278093468,
1031131312,-3.286896272,
1031731272,-3.174421154,
1032331232,-3.268808964,
1032931192,-3.237031191,
1033531152,-3.297804407,
1034131112,-3.215635259,
1034731072,-3.233144323,
1035331032,-3.322111686,
1035930992,-3.319499312,
1036530952,-3.305292183,
1037130912,-3.384940313,
1037730872,-3.32546366,
1038330832,-3.355597063,
1038930792,-3.356806246,
1039530752,-3.335281982,
1040130712,-3.322644744,
1040730672,-3.327036128,
1041330632,-3.369449685,
1041930592,-3.303019417,
1042530552,-3.303411835,
1043130512,-3.357347005,
1043730472,-3.384747496,
1044330432,-3.391564811,
1044930392,-3.502716623,
1045530352,-3.367690434,
1046130312,-3.432513177,
1046730272,-3.410157605,
1047330232,-3.386307526,
1047930192,-3.42692794,
1048530152,-3.399962539,
1049130112,-3.446332474,
1049730072,-3.489912076,
1050330032,-3.399430011,
1050929992,-3.468528703,
1051529952,-3.55834225,
1052129912,-3.379731509,
1052729872,-3.459766813,
1053329832,-3.501571692,
1053929792,-3.411405049,
1054529752,-3.480640172,
1055129712,-3.432981388,
1055729672,-3.512040539,
1056329632,-3.438284315,
1056929592,-3.544325198,
1057529552,-3.434993611,
1058129512,-3.51495423,
1058729472,-3.5237581,
1059329432,-3.545323252,
1059929392,-3.61829065,
1060529352,-3.606963636,
1061129312,-3.584307733,
1061729272,-3.561738035,
1062329232,-3.620902198,
1062929192,-3.566531941,
1063529152,-3.633717308,
1064129112,-3.60736949,
1064729072,-3.6087834,
1065329032,-3.602979437,
1065928992,-3.624808046,
1066528952,-3.6340653,
1067128912,-3.619046494,
1067728872,-3.589594197,
1068328832,-3.667574059,
1068928792,-3.655790096,
1069528752,-3.630023166,
1070128712,-3.630914993,
1070728672,-3.653377449,
1071328632,-3.592925415,
1071928592,-3.648353997,
1072528552,-3.689248071,
1073128512,-3.679886147,
1073728472,-3.804111413,
1074328432,-3.69137035,
1074928392,-3.722424506,
1075528352,-3.71374136,
1076128312,-3.767744676,
1076728272,-3.702624649,
1077328232,-3.802138323,
1077928192,-3.766648705,
1078528152,-3.751622794,
1079128112,-3.794877315,
1079728072,-3.716905745,
1080328032,-3.740087238,
1080927992,-3.869591872,
1081527952,-3.816628797,
1082127912,-3.834931237,
1082727872,-3.811510341,
1083327832,-3.85929106,
1083927792,-3.777208159,
1084527752,-3.775780097,
1085127712,-3.90685232,
1085727672,-3.889511597,
1086327632,-3.854442488,
1086927592,-3.859969284,
1087527552,-3.827423901,
1088127512,-3.907528535,
1088727472,-3.888884281,
1089327432,-3.9304698,
1089927392,-4.0251275,
1090527352,-3.960870509,
1091127312,-3.935650257,
1091727272,-3.917433133,
1092327232,-3.960727052,
1092927192,-3.936242722,
1093527152,-3.999045667,
1094127112,-3.964468349,
1094727072,-3.972531505,
1095327032,-4.055682086,
1095926992,-3.978302586,
1096526952,-4.02252046,
1097126912,-4.045069926,
1097726872,-4.092249711,
1098326832,-4.021844523,
1098926792,-4.038375449,
1099526752,-4.019467919,
1100126712,-4.060259772,
1100726672,-4.085105259,
1101326632,-4.076191118,
1101926592,-4.118800614,
1102526552,-4.102558682,
1103126512,-4.188213469,
1103726472,-4.176488523,
1104326432,-4.116862383,
1104926392,-4.117872673,
1105526352,-4.164696378,
1106126312,-4.174005033,
1106726272,-4.136138073,
1107326232,-4.118924665,
1107926192,-4.153160891,
1108526152,-4.231689383,
1109126112,-4.240644874,
1109726072,-4.279386285,
1110326032,-4.180473748,
1110925992,-4.225168104,
1111525952,-4.230825277,
1112125912,-4.320634767,
1112725872,-4.297121723,
1113325832,-4.235293988,
1113925792,-4.300614519,
1114525752,-4.337862893,
1115125712,-4.302028872,
1115725672,-4.250524701,
1116325632,-4.277238561,
1116925592,-4.334498749,
1117525552,-4.281968831,
1118125512,-4.260926421,
1118725472,-4.342015777,
1119325432,-4.339093975,
1119925392,-4.335362586,
1120525352,-4.26112503,
1121125312,-4.338207854,
1121725272,-4.379116595,
1122325232,-4.325202596,
1122925192,-4.400331697,
1123525152,-4.373314974,
1124125112,-4.379675544,
1124725072,-4.361510219,
1125325032,-4.383255016,
1125924992,-4.393368132,
1126524952,-4.432388235,
1127124912,-4.476916559,
1127724872,-4.384687524,
1128324832,-4.383101269,
1128924792,-4.333047279,
1129524752,-4.448487117,
1130124712,-4.332751824,
1130724672,-4.408652675,
1131324632,-4.367000487,
1131924592,-4.446248903,
1132524552,-4.411328719,
1133124512,-4.467813365,
1133724472,-4.393859822,
1134324432,-4.484897779,
1134924392,-4.439758426,
1135524352,-4.419314895,
1136124312,-4.412086987,
1136724272,-4.574840826,
1137324232,-4.48207146,
1137924192,-4.369994928,
1138524152,-4.51211618,
1139124112,-4.505791926,
1139724072,-4.45389955,
1140324032,-4.490884775,
1140923992,-4.439208643,
1141523952,-4.362398088,
1142123912,-4.391856973,
1142723872,-4.492389654,
1143323832,-4.413844896,
1143923791,-4.367464548,
1144523751,-4.360615737,
1145123711,-4.453746608,
1145723671,-4.424787219,
1146323631,-4.35029299,
1146923591,-4.394707712,
1147523551,-4.427763806,
1148123511,-4.39937569,
1148723471,-4.423711641,
1149323431,-4.478540051,
1149923391,-4.442550802,
1150523351,-4.451675361,
1151123311,-4.455070631,
1151723271,-4.509380366,
1152323231,-4.529188923,
1152923191,-4.385953366,
1153523151,-4.430369703,
1154123111,-4.387732379,
1154723071,-4.388515529,
1155323031,-4.380282109,
1155922991,-4.429013122,
1156522951,-4.440193909,
1157122911,-4.478024597,
1157722871,-4.447230603,
1158322831,-4.405255125,
1158922791,-4.436496384,
1159522751,-4.397380876,
1160122711,-4.336956314,
1160722671,-4.413237661,
1161322631,-4.449367056,
1161922591,-4.340633734,
1162522551,-4.373528957,
1163122511,-4.417723396,
1163722471,-4.393002752,
1164322431,-4.294396251,
1164922391,-4.359622629,
1165522351,-4.400041714,
1166122311,-4.369245705,
1166722271,-4.32310399,
1167322231,-4.443758138,
1167922191,-4.321910461,
1168522151,-4.318396261,
1169122111,-4.328805143,
1169722071,-4.382287634,
1170322031,-4.377198483,
1170921991,-4.396225429,
1171521951,-4.300606958,
1172121911,-4.350384783,
1172721871,-4.31785924,
1173321831,-4.312237733,
1173921791,-4.322936216,
1174521751,-4.295087525,
1175121711,-4.28303053,
1175721671,-4.165102659,
1176321631,-4.331767976,
1176921591,-4.290624388,
1177521551,-4.24282808,
1178121511,-4.27070661,
1178721471,-4.208416502,
1179321431,-4.244256812,
1179921391,-4.280045356,
1180521351,-4.267708814,
1181121311,-4.217336971,
1181721271,-4.22501798,
1182321231,-4.235117571,
1182921191,-4.238607194,
1183521151,-4.243856872,
1184121111,-4.284745484,
1184721071,-4.178229848,
1185321031,-4.229739605,
1185920991,-4.193917952,
1186520951,-4.282428926,
1187120911,-4.170489321,
1187720871,-4.195871897,
1188320831,-4.128074143,
1188920791,-4.132697613,
1189520751,-4.200300717,
1190120711,-4.171126112,
1190720671,-4.146309305,
1191320631,-4.10881694,
1191920591,-4.11150975,
1192520551,-4.152040511,
1193120511,-4.080675161,
1193720471,-4.17283413,
1194320431,-4.088839198,
1194920391,-4.051122513,
1195520351,-4.157895432,
1196120311,-4.066575648,
1196720271,-4.131986297,
1197320231,-4.08825037,
1197920191,-4.102846442,
1198520151,-4.004665633,
1199120111,-4.071866527,
1199720071,-4.123842433,
1200320031,-4.020744686,
1200919991,-4.011098625,
1201519951,-4.044612452,
1202119911,-3.942426819,
1202719871,-3.931027858,
1203319831,-4.090312996,
1203919791,-4.046569936,
1204519751,-4.020223353,
1205119711,-3.994155129,
1205719671,-3.999523381,
1206319631,-4.01377149,
1206919591,-4.021729704,
1207519551,-3.942330427,
1208119511,-3.872905933,
1208719471,-3.975233732,
1209319431,-4.061401355,
1209919391,-3.958797627,
1210519351,-3.958339577,
1211119311,-3.961320881,
1211719271,-3.929544032,
1212319231,-3.898057302,
1212919191,-3.92199316,
1213519151,-3.983091338,
1214119111,-3.92850089,
1214719071,-3.896685108,
1215319031,-3.914336835,
1215918991,-3.946805214,
1216518951,-3.893523236,
1217118911,-3.966278794,
1217718871,-3.974416242,
1218318831,-3.966234144,
1218918791,-3.916054314,
1219518751,-3.867861335,
1220118711,-3.86764706,
1220718671,-3.8843299,
1221318631,-3.86814008,
1221918591,-3.853302586,
1222518551,-3.867218028,
1223118511,-3.848081065,
1223718471,-3.755275061,
1224318431,-3.836244493,
1224918391,-3.758459493,
1225518351,-3.840653638,
1226118311,-3.860607883,
1226718271,-3.85811724,
1227318231,-3.841089207,
1227918191,-3.86861014,
1228518151,-3.870941169,
1229118111,-3.856534781,
1229718071,-3.893086763,
1230318031,-3.869627512,
1230917991,-3.857014299,
1231517951,-3.904210016,
1232117911,-3.781941395,
1232717871,-3.853090089,
1233317831,-3.819678185,
1233917791,-3.8892453,
1234517751,-3.888739422,
1235117711,-3.81355695,
1235717671,-3.940771757,
1236317631,-3.936172428,
1236917591,-3.906846394,
1237517551,-3.840246241,
1238117511,-3.857616461,
1238717471,-3.831761657,
1239317431,-3.873453933,
1239917391,-3.854401332,
1240517351,-3.867725411,
1241117311,-3.905835902,
1241717271,-3.881523171,
1242317231,-3.874129727,
1242917191,-3.823657261,
1243517151,-3.891187259,
1244117111,-3.818217029,
1244717071,-3.904659694,
1245317031,-3.895778004,
1245916991,-3.936956105,
1246516951,-3.918121639,
1247116911,-3.931164252,
1247716871,-4.017961585,
1248316831,-3.8456058,
1248916791,-4.009866653,
1249516751,-3.888765216,
1250116711,-3.886868459,
1250716671,-3.899053053,
1251316631,-3.887674033,
1251916591,-3.834492253,
1252516551,-3.898842709,
1253116511,-3.859429874,
1253716471,-3.844572062,
1254316431,-3.976865888,
1254916391,-3.933145797,
1255516351,-3.997878642,
1256116311,-3.842790111,
1256716271,-3.910818649,
1257316231,-3.908943001,
1257916191,-3.940116875,
1258516151,-4.017800412,
1259116111,-3.942422149,
1259716071,-3.954170335,
1260316031,-3.853822956,
1260915991,-3.934938213,
1261515951,-3.916485067,
1262115911,-3.94478204,
1262715871,-3.833867651,
1263315831,-3.963968567,
1263915791,-3.878393173,
1264515751,-3.966471227,
1265115711,-3.917903773,
1265715671,-3.920875487,
1266315631,-3.965789259,
1266915591,-3.939041496,
1267515551,-3.938902426,
1268115511,-3.886381868,
1268715471,-3.960407236,
1269315431,-3.946968371,
1269915391,-3.867868619,
1270515351,-3.935245539,
1271115311,-3.957711656,
1271715271,-3.994587814,
1272315231,-3.907250493,
1272915191,-3.980720682,
1273515151,-4.035408902,
1274115111,-4.002550857,
1274715071,-3.980702513,
1275315031,-3.998481823,
1275914991,-3.9238311,
1276514951,-3.96466542,
1277114911,-4.000508323,
1277714871,-4.017146138,
1278314831,-4.041814756,
1278914791,-3.957559107,
1279514751,-3.971300437,
1280114711,-4.040173392,
1280714671,-4.003732402,
1281314631,-4.01209279,
1281914591,-4.043661725,
1282514551,-3.996913835,
1283114511,-3.952867918,
1283714471,-4.117578889,
1284314431,-4.03463336,
1284914391,-3.951361356,
1285514351,-4.060419392,
1286114311,-4.064142145,
1286714270,-3.97690428,
1287314230,-3.987940238,
1287914190,-4.017257325,
1288514150,-4.103580971,
1289114110,-4.009532551,
1289714070,-3.975846918,
1290314030,-4.03365359,
1290913990,-3.92292403,
1291513950,-3.957459182,
1292113910,-4.080658024,
1292713870,-4.002540107,
1293313830,-4.062012375,
1293913790,-4.087861381,
1294513750,-4.052836232,
1295113710,-4.084619595,
1295713670,-4.068114333,
1296313630,-4.07893606,
1296913590,-4.094444219,
1297513550,-4.043838762,
1298113510,-4.038168818,
1298713470,-4.054861374,
1299313430,-3.973268969,
1299913390,-3.954370497,
1300513350,-3.956425588,
1301113310,-4.079979902,
1301713270,-4.006719566,
1302313230,-4.042429437,
1302913190,-4.005654174,
1303513150,-4.041369837,
1304113110,-4.069480473,
1304713070,-4.062689066,
1305313030,-4.171533095,
1305912990,-4.136496798,
1306512950,-3.994269898,
1307112910,-4.075092244,
1307712870,-4.065141884,
1308312830,-4.05128852,
1308912790,-4.041651997,
1309512750,-4.021289637,
1310112710,-4.008981953,
1310712670,-4.087903863,
1311312630,-4.053626247,
1311912590,-4.043581491,
1312512550,-3.986818905,
1313112510,-4.097161166,
1313712470,-4.100588643,
1314312430,-4.091797529,
1314912390,-3.962839869,
1315512350,-4.071342899,
1316112310,-4.047922835,
1316712270,-4.039616673,
1317312230,-4.074623106,
1317912190,-4.095203511,
1318512150,-4.03531002,
1319112110,-4.077817483,
1319712070,-4.049420373,
1320312030,-4.064875997,
1320911990,-4.158244811,
1321511950,-4.102846366,
1322111910,-4.085245659,
1322711870,-4.039286812,
1323311830,-4.033277987,
1323911790,-4.041363212,
1324511750,-4.140019654,
1325111710,-4.090661733,
1325711670,-4.034803544,
1326311630,-4.096767668,
1326911590,-4.070909813,
1327511550,-4.112359667,
1328111510,-3.990827993,
1328711470,-4.020921111,
1329311430,-4.011200377,
1329911390,-4.152581028,
1330511350,-4.070387609,
1331111310,-4.013780332,
1331711270,-4.011461193,
1332311230,-4.076142007,
1332911190,-4.01110076,
1333511150,-4.160104209,
1334111110,-4.047330235,
1334711070,-4.076587807,
1335311030,-4.081320768,
1335910990,-4.009160893,
1336510950,-4.065262982,
1337110910,-4.10966827,
1337710870,-4.058898219,
1338310830,-4.06179181,
1338910790,-4.113247574,
1339510750,-4.148572828,
1340110710,-4.125483406,
1340710670,-4.102060213,
1341310630,-4.122635137,
1341910590,-4.062105045,
1342510550,-4.085828409,
1343110510,-4.058117484,
1343710470,-4.246837427,
1344310430,-4.128059119,
1344910390,-4.14092209,
1345510350,-4.15207852,
1346110310,-4.053361633,
1346710270,-4.134447915,
1347310230,-4.062730841,
1347910190,-4.129192358,
1348510150,-4.070945106,
1349110110,-4.127931268,
1349710070,-4.083669054,
1350310030,-4.165174629,
1350909990,-4.106247979,
1351509950,-4.160582505,
1352109910,-4.081771655,
1352709870,-4.155417757,
1353309830,-4.158553871,
1353909790,-4.185357171,
1354509750,-4.03448108,
1355109710,-4.157012646,
1355709670,-4.064821167,
1356309630,-4.190081558,
1356909590,-4.069585545,
1357509550,-4.196783911,
1358109510,-4.096038364,
1358709470,-4.142704709,
1359309430,-4.143570426,
1359909390,-4.073271712,
1360509350,-4.144869588,
1361109310,-4.179934742,
1361709270,-4.148989767,
1362309230,-4.099707229,
1362909190,-4.103367317,
1363509150,-4.15625722,
1364109110,-4.140667347,
1364709070,-4.057191334,
1365309030,-4.179526105,
1365908990,-4.144680984,
1366508950,-4.10463306,
1367108910,-4.178049305,
1367708870,-4.095908478,
1368308830,-4.23118418,
1368908790,-4.171275333,
1369508750,-4.236761971,
1370108710,-4.169620404,
1370708670,-4.311875029,
1371308630,-4.167918234,
1371908590,-4.102791216,
1372508550,-4.148000197,
1373108510,-4.204271985,
1373708470,-4.22030469,
1374308430,-4.281447575,
1374908390,-4.169524718,
1375508350,-4.19749895,
1376108310,-4.290481947,
1376708270,-4.217497742,
1377308230,-4.195389655,
1377908190,-4.234370038,
1378508150,-4.159064059,
1379108110,-4.198409746,
1379708070,-4.164322779,
1380308030,-4.271415486,
1380907990,-4.263818906,
1381507950,-4.270970279,
1382107910,-4.216076254,
1382707870,-4.223274907,
1383307830,-4.224817957,
1383907790,-4.32945866,
1384507750,-4.205409459,
1385107710,-4.16422638,
1385707670,-4.186084816,
1386307630,-4.296544338,
1386907590,-4.248048678,
1387507550,-4.32463822,
1388107510,-4.236674453,
1388707470,-4.290518222,
1389307430,-4.277195382,
1389907390,-4.288251838,
1390507350,-4.275321181,
1391107310,-4.276388442,
1391707270,-4.280109278,
1392307230,-4.359196669,
1392907190,-4.310358773,
1393507150,-4.288771233,
1394107110,-4.288348426,
1394707070,-4.289273118,
1395307030,-4.336627038,
1395906990,-4.296246132,
1396506950,-4.348228485,
1397106910,-4.296832066,
1397706870,-4.29937488,
1398306830,-4.295626044,
1398906790,-4.29482985,
1399506750,-4.343690647,
1400106710,-4.300265844,
1400706670,-4.297497076,
1401306630,-4.295788807,
1401906590,-4.326983221,
1402506550,-4.338711543,
1403106510,-4.405625265,
1403706470,-4.355947278,
1404306430,-4.304111388,
1404906390,-4.310278254,
1405506350,-4.369232841,
1406106310,-4.333572924,
1406706270,-4.384625385,
1407306230,-4.371566354,
1407906190,-4.409692729,
1408506150,-4.356590784,
1409106110,-4.33662043,
1409706070,-4.295710522,
1410306030,-4.313324393,
1410905990,-4.379018031,
1411505950,-4.454590508,
1412105910,-4.351943868,
1412705870,-4.47777526,
1413305830,-4.362080718,
1413905790,-4.358042356,
1414505750,-4.342629266,
1415105710,-4.392144696,
1415705670,-4.406097183,
1416305630,-4.46842052,
1416905590,-4.335404452,
1417505550,-4.42432829,
1418105510,-4.361292054,
1418705470,-4.414807506,
1419305430,-4.435501947,
1419905390,-4.395000942,
1420505350,-4.455702845,
1421105310,-4.352059797,
1421705270,-4.453797221,
1422305230,-4.409514648,
1422905190,-4.358954404,
1423505150,-4.45371814,
1424105110,-4.472817771,
1424705070,-4.449512427,
1425305030,-4.416561178,
1425904990,-4.379952098,
1426504950,-4.379576719,
1427104910,-4.474281346,
1427704870,-4.462307992,
1428304830,-4.446184001,
1428904790,-4.417774386,
1429504749,-4.436529394,
1430104709,-4.468517242,
1430704669,-4.404859381,
1431304629,-4.408099873,
1431904589,-4.31226426,
1432504549,-4.470825755,
1433104509,-4.490029053,
1433704469,-4.487471295,
1434304429,-4.461097539,
1434904389,-4.429064472,
1435504349,-4.437603741,
1436104309,-4.452231582,
1436704269,-4.529652395,
1437304229,-4.490334876,
1437904189,-4.459010382,
1438504149,-4.461164015,
1439104109,-4.458569904,
1439704069,-4.389325394,
1440304029,-4.508848634,
1440903989,-4.504965223,
1441503949,-4.538344006,
1442103909,-4.450149085,
1442703869,-4.488771239,
1443303829,-4.500004212,
1443903789,-4.527393595,
1444503749,-4.483573767,
1445103709,-4.539325855,
1445703669,-4.447850586,
1446303629,-4.456974927,
1446903589,-4.54950378,
1447503549,-4.475420464,
1448103509,-4.5485347,
1448703469,-4.472273098,
1449303429,-4.494829975,
1449903389,-4.574777083,
1450503349,-4.537918148,
1451103309,-4.5988448,
1451703269,-4.507729717,
1452303229,-4.488439324,
1452903189,-4.467637196,
1453503149,-4.506683229,
1454103109,-4.463974224,
1454703069,-4.464257438,
1455303029,-4.531024823,
1455902989,-4.479787951,
1456502949,-4.546552656,
1457102909,-4.505130279,
1457702869,-4.557111943,
1458302829,-4.627256155,
1458902789,-4.579532139,
1459502749,-4.6104342,
1460102709,-4.557146889,
1460702669,-4.533285534,
1461302629,-4.532207605,
1461902589,-4.538590458,
1462502549,-4.506320349,
1463102509,-4.613068953,
1463702469,-4.563949431,
1464302429,-4.525457152,
1464902389,-4.55800916,
1465502349,-4.575422748,
1466102309,-4.573988441,
1466702269,-4.607639608,
1467302229,-4.583283119,
1467902189,-4.581695531,
1468502149,-4.552245042,
1469102109,-4.663687087,
1469702069,-4.615753739,
1470302029,-4.533571049,
1470901989,-4.531426766,
1471501949,-4.580680795,
1472101909,-4.58664606,
1472701869,-4.606092833,
1473301829,-4.540562706,
1473901789,-4.620102458,
1474501749,-4.563410433,
1475101709,-4.619258743,
1475701669,-4.533182706,
1476301629,-4.604168651,
1476901589,-4.672256418,
1477501549,-4.515910593,
1478101509,-4.638072992,
1478701469,-4.657228643,
1479301429,-4.544906926,
1479901389,-4.630222114,
1480501349,-4.622560886,
1481101309,-4.61157952,
1481701269,-4.70849609,
1482301229,-4.709000542,
1482901189,-4.663981152,
1483501149,-4.655283708,
1484101109,-4.629527864,
1484701069,-4.697184449,
1485301029,-4.634886849,
1485900989,-4.667056626,
1486500949,-4.697283013,
1487100909,-4.705496994,
1487700869,-4.620950084,
1488300829,-4.684143134,
1488900789,-4.707279255,
1489500749,-4.723761382,
1490100709,-4.69309405,
1490700669,-4.743216006,
1491300629,-4.676871216,
1491900589,-4.679430446,
1492500549,-4.733781835,
1493100509,-4.763327737,
1493700469,-4.775847287,
1494300429,-4.736032529,
1494900389,-4.722112917,
1495500349,-4.710772024,
1496100309,-4.703290574,
1496700269,-4.768615965,
1497300229,-4.823317444,
1497900189,-4.722962385,
1498500149,-4.807275554,
1499100109,-4.866825898,
1499700069,-4.82110075,
1500300029,-4.873752013,
1500899989,-4.816108311,
1501499949,-4.827008142,
1502099909,-4.913754496,
1502699869,-4.789237313,
1503299829,-4.876706124,
1503899789,-4.898862456,
1504499749,-4.830388698,
1505099709,-4.889606856,
1505699669,-4.879873817,
1506299629,-4.94729783,
1506899589,-4.857014218,
1507499549,-4.958709551,
1508099509,-4.960983923,
1508699469,-4.985152275,
1509299429,-4.938704071,
1509899389,-4.961579461,
1510499349,-4.967392179,
1511099309,-4.847457773,
1511699269,-4.98160296,
1512299229,-5.073478993,
1512899189,-5.045054519,
1513499149,-5.006998928,
1514099109,-5.06986484,
1514699069,-4.979350102,
1515299029,-4.92385317,
1515898989,-5.014689308,
1516498949,-5.061028917,
1517098909,-5.160083898,
1517698869,-5.126005602,
1518298829,-5.222362614,
1518898789,-5.121866844,
1519498749,-5.103337417,
1520098709,-5.078990601,
1520698669,-5.130498315,
1521298629,-5.212759966,
1521898589,-5.181653136,
1522498549,-5.193991169,
1523098509,-5.144929405,
1523698469,-5.17441389,
1524298429,-5.166523268,
1524898389,-5.205070373,
1525498349,-5.104368894,
1526098309,-5.241219599,
1526698269,-5.288979269,
1527298229,-5.203414958,
1527898189,-5.229374052,
1528498149,-5.39662605,
1529098109,-5.342253925,
1529698069,-5.343916374,
1530298029,-5.414618566,
1530897989,-5.411954421,
1531497949,-5.298984019,
1532097909,-5.384408528,
1532697869,-5.36817513,
1533297829,-5.479895627,
1533897789,-5.443285358,
1534497749,-5.562673291,
1535097709,-5.413999806,
1535697669,-5.455487107,
1536297629,-5.450062468,
1536897589,-5.580029384,
1537497549,-5.614972952,
1538097509,-5.549547625,
1538697469,-5.484551138,
1539297429,-5.454315402,
1539897389,-5.54214573,
1540497349,-5.623915662,
1541097309,-5.649560829,
1541697269,-5.588721558,
1542297229,-5.530552592,
1542897189,-5.582328709,
1543497149,-5.581901173,
1544097109,-5.594021302,
1544697069,-5.683111435,
1545297029,-5.622060829,
1545896989,-5.662386019,
1546496949,-5.629040304,
1547096909,-5.649516948,
1547696869,-5.711596227,
1548296829,-5.662742658,
1548896789,-5.634351152,
1549496749,-5.713687566,
1550096709,-5.711600247,
1550696669,-5.679573561,
1551296629,-5.718131142,
1551896589,-5.743938873,
1552496549,-5.742036899,
1553096509,-5.759459154,
1553696469,-5.746355722,
1554296429,-5.720649378,
1554896389,-5.722991915,
1555496349,-5.789141148,
1556096309,-5.794982756,
1556696269,-5.822922001,
1557296229,-5.780614599,
1557896189,-5.821575653,
1558496149,-5.769331613,
1559096109,-5.799817335,
1559696069,-5.734004524,
1560296029,-5.79865556,
1560895989,-5.789440353,
1561495949,-5.873126653,
1562095909,-5.764505034,
1562695869,-5.796287745,
1563295829,-5.82243305,
1563895789,-5.888039782,
1564495749,-5.807660808,
1565095709,-5.886516467,
1565695669,-5.83661659,
1566295629,-5.915892182,
1566895589,-5.92370312,
1567495549,-5.908781069,
1568095509,-5.864602153,
1568695469,-5.848204882,
1569295429,-5.859479704,
1569895389,-5.906677713,
1570495349,-5.882082794,
1571095309,-5.858696708,
1571695269,-5.935561299,
1572295228,-6.00368488,
1572895188,-5.860828043,
1573495148,-5.908231952,
1574095108,-5.945504722,
1574695068,-5.980696887,
1575295028,-5.923182158,
1575894988,-5.859848125,
1576494948,-5.943771021,
1577094908,-5.962476562,
1577694868,-6.000159312,
1578294828,-5.960130993,
1578894788,-5.893864174,
1579494748,-5.973795308,
1580094708,-5.989108044,
1580694668,-5.883898455,
1581294628,-6.021740664,
1581894588,-5.894246745,
1582494548,-5.909357988,
1583094508,-6.015338087,
1583694468,-5.92386044,
1584294428,-5.980715145,
1584894388,-5.910857168,
1585494348,-5.874006321,
1586094308,-5.962108542,
1586694268,-5.896034486,
1587294228,-5.93708531,
1587894188,-5.947447559,
1588494148,-6.010911472,
1589094108,-5.962246236,
1589694068,-5.964165674,
1590294028,-6.068971202,
1590893988,-5.949875926,
1591493948,-5.930206865,
1592093908,-5.823361328,
1592693868,-5.924548372,
1593293828,-5.973682993,
1593893788,-5.943889574,
1594493748,-5.925529626,
1595093708,-5.901592858,
1595693668,-5.887925764,
1596293628,-6.023074762,
1596893588,-6.012533749,
1597493548,-5.963307398,
1598093508,-5.947357957,
1598693468,-5.944777207,
1599293428,-6.024882898,
1599893388,-6.006120161,
1600493348,-5.924681324,
1601093308,-5.925698754,
1601693268,-5.953730121,
1602293228,-5.949724421,
1602893188,-5.964737175,
1603493148,-5.946738503,
1604093108,-6.027400346,
1604693068,-5.944727918,
1605293028,-5.926590734,
1605892988,-5.944211853,
1606492948,-5.92927331,
1607092908,-5.942685574,
1607692868,-5.849981554,
1608292828,-5.906341676,
1608892788,-5.914777449,
1609492748,-5.92297802,
1610092708,-5.938753598,
1610692668,-5.895610755,
1611292628,-5.924173401,
1611892588,-5.80018072,
1612492548,-5.866625395,
1613092508,-5.925135874,
1613692468,-5.870709064,
1614292428,-5.899053517,
1614892388,-5.945785769,
1615492348,-5.957070335,
1616092308,-5.991101848,
1616692268,-5.830147629,
1617292228,-5.916712302,
1617892188,-5.85196679,
1618492148,-5.853459253,
1619092108,-5.932724795,
1619692068,-5.898655943,
1620292028,-5.862743484,
1620891988,-5.894773947,
1621491948,-5.848381946,
1622091908,-5.852557752,
1622691868,-5.872232455,
1623291828,-6.001747848,
1623891788,-5.887703774,
1624491748,-5.928805495,
1625091708,-5.900310303,
1625691668,-5.858134515,
1626291628,-5.920197754,
1626891588,-5.900356256,
1627491548,-5.937625847,
1628091508,-5.907857001,
1628691468,-5.939117953,
1629291428,-5.91262199,
1629891388,-5.908242795,
1630491348,-5.941720161,
1631091308,-5.871361596,
1631691268,-5.895711301,
1632291228,-5.981977421,
1632891188,-5.867170993,
1633491148,-5.846167554,
1634091108,-5.886686441,
1634691068,-5.922558698,
1635291028,-5.836979274,
1635890988,-5.909488484,
1636490948,-5.965953579,
1637090908,-5.925508169,
1637690868,-5.842846429,
1638290828,-5.956801418,
1638890788,-6.030910023,
1639490748,-5.988522313,
1640090708,-5.986372468,
1640690668,-5.921960879,
1641290628,-5.944551314,
1641890588,-5.947754477,
1642490548,-5.968676831,
1643090508,-5.991601794,
1643690468,-5.949497457,
1644290428,-6.003258441,
1644890388,-6.058284751,
1645490348,-6.010633555,
1646090308,-5.94931649,
1646690268,-6.02569172,
1647290228,-6.036353827,
1647890188,-5.946503242,
1648490148,-6.0237636,
1649090108,-6.030924072,
1649690068,-6.021668288,
1650290028,-6.075426488,
1650889988,-6.015067781,
1651489948,-6.031079198,
1652089908,-6.077131397,
1652689868,-6.125605565,
1653289828,-6.10643603,
1653889788,-6.084533639,
1654489748,-6.084835363,
1655089708,-6.054120418,
1655689668,-6.134197551,
1656289628,-6.07502044,
1656889588,-6.168653022,
1657489548,-6.172344708,
1658089508,-6.045032304,
1658689468,-6.156083472,
1659289428,-6.145994598,
1659889388,-6.133722143,
1660489348,-6.139289293,
1661089308,-6.304598499,
1661689268,-6.171707612,
1662289228,-6.21659443,
1662889188,-6.154577728,
1663489148,-6.164075313,
1664089108,-6.375983247,
1664689068,-6.29920027,
1665289028,-6.279059512,
1665888988,-6.340554737,
1666488948,-6.165891428,
1667088908,-6.230684397,
1667688868,-6.209058213,
1668288828,-6.137743614,
1668888788,-6.321341855,
1669488748,-6.274752167,
1670088708,-6.338092435,
1670688668,-6.358818927,
1671288628,-6.41762875,
1671888588,-6.336501735,
1672488548,-6.420188639,
1673088508,-6.369482979,
1673688468,-6.442342219,
1674288428,-6.454574353,
1674888388,-6.31873371,
1675488348,-6.376895409,
1676088308,-6.425516279,
1676688268,-6.484318569,
1677288228,-6.468850702,
1677888188,-6.497823181,
1678488148,-6.398540168,
1679088108,-6.462956222,
1679688068,-6.50758418,
1680288028,-6.413365789,
1680887988,-6.519420133,
1681487948,-6.541371732,
1682087908,-6.623528075,
1682687868,-6.642884966,
1683287828,-6.618473073,
1683887788,-6.563852979,
1684487748,-6.693340358,
1685087708,-6.741702823,
1685687668,-6.790201958,
1686287628,-6.649321042,
1686887588,-6.67391936,
1687487548,-6.747278164,
1688087508,-6.741054866,
1688687468,-6.721682074,
1689287428,-6.835844514,
1689887388,-6.729325212,
1690487348,-6.749089686,
1691087308,-6.739906336,
1691687268,-6.784020089,
1692287228,-6.846450435,
1692887188,-6.891226595,
1693487148,-6.889745611,
1694087108,-6.809977836,
1694687068,-6.897049803,
1695287028,-6.917025201,
1695886988,-6.950110532,
1696486948,-6.893073925,
1697086908,-6.935454263,
1697686868,-6.884591966,
1698286828,-6.914346758,
1698886788,-6.954089274,
1699486748,-6.937958484,
1700086708,-6.985540641,
1700686668,-6.989611869,
1701286628,-6.95692931,
1701886588,-6.929465525,
1702486548,-6.918006954,
1703086508,-7.054143499,
1703686468,-7.047287392,
1704286428,-7.130925659,
1704886388,-7.154792483,
1705486348,-7.135902831,
1706086308,-7.177084167,
1706686268,-7.184902733,
1707286228,-7.140805392,
1707886188,-7.23333477,
1708486148,-7.116540307,
1709086108,-7.230495092,
1709686068,-7.176973341,
1710286028,-7.290964072,
1710885988,-7.435973473,
1711485948,-7.241943553,
1712085908,-7.276423203,
1712685868,-7.331991226,
1713285828,-7.398566335,
1713885788,-7.263161734,
1714485748,-7.423717699,
1715085707,-7.516488672,
1715685667,-7.456742509,
1716285627,-7.498208581,
1716885587,-7.60434291,
1717485547,-7.459594163,
1718085507,-7.564445269,
1718685467,-7.514532534,
1719285427,-7.54687478,
1719885387,-7.618240336,
1720485347,-7.682555273,
1721085307,-7.654754127,
1721685267,-7.619456514,
1722285227,-7.761233673,
1722885187,-7.878195062,
1723485147,-7.856609643,
1724085107,-7.814228501,
1724685067,-7.921151258,
1725285027,-7.939865647,
1725884987,-7.971200447,
1726484947,-7.894954732,
1727084907,-8.212884325,
1727684867,-8.075655229,
1728284827,-8.106529548,
1728884787,-8.1012417,
1729484747,-8.03546875,
1730084707,-8.062904504,
1730684667,-8.187004656,
1731284627,-8.224351628,
1731884587,-8.262049082,
1732484547,-8.227550742,
1733084507,-8.31097141,
1733684467,-8.338687518,
1734284427,-8.316477569,
1734884387,-8.384484085,
1735484347,-8.415040745,
1736084307,-8.456087523,
1736684267,-8.58393181,
1737284227,-8.527311642,
1737884187,-8.656824104,
1738484147,-8.578991943,
1739084107,-8.541545309,
1739684067,-8.641372374,
1740284027,-8.739367917,
1740883987,-8.779889165,
1741483947,-8.802990069,
1742083907,-8.712916453,
1742683867,-8.877195224,
1743283827,-8.961144529,
1743883787,-9.01915333,
1744483747,-8.938168165,
1745083707,-9.228541833,
1745683667,-9.097062294,
1746283627,-9.328763571,
1746883587,-9.37127419,
1747483547,-9.283901319,
1748083507,-9.445536122,
1748683467,-9.376172735,
1749283427,-9.473509813,
1749883387,-9.557880771,
1750483347,-9.502522229,
1751083307,-9.534174793,
1751683267,-9.641281048,
1752283227,-9.754532284,
1752883187,-9.669940822,
1753483147,-9.818147617,
1754083107,-9.986073821,
1754683067,-9.834082189,
1755283027,-9.931792794,
1755882987,-10.01448879,
1756482947,-9.913643343,
1757082907,-10.2117625,
1757682867,-10.11975073,
1758282827,-10.24489448,
1758882787,-10.27549827,
1759482747,-10.33774134,
1760082707,-10.20920081,
1760682667,-10.43391302,
1761282627,-10.48182565,
1761882587,-10.46021435,
1762482547,-10.7309441,
1763082507,-10.64666655,
1763682467,-10.70051514,
1764282427,-10.75064759,
1764882387,-10.98098625,
1765482347,-11.1158025,
1766082307,-11.17810574,
1766682267,-11.26170623,
1767282227,-11.31705599,
1767882187,-11.24933501,
1768482147,-11.30936572,
1769082107,-11.49293106,
1769682067,-11.57723771,
1770282027,-11.49218778,
1770881987,-11.6078133,
1771481947,-11.67658723,
1772081907,-11.72736524,
1772681867,-11.93956926,
1773281827,-12.03474307,
1773881787,-11.98073568,
1774481747,-12.00542904,
1775081707,-12.07293244,
1775681667,-12.33143608,
1776281627,-12.32230527,
1776881587,-12.22450291,
1777481547,-12.48108945,
1778081507,-12.40872026,
1778681467,-12.7271623,
1779281427,-12.80934859,
1779881387,-12.69943349,
1780481347,-12.84164416,
1781081307,-13.12482203,
1781681267,-13.1497602,
1782281227,-13.37256414,
1782881187,-13.44738353,
1783481147,-13.56798419,
1784081107,-13.51814728,
1784681067,-13.61356728,
1785281027,-13.6187718,
1785880987,-13.74734856,
1786480947,-13.83118389,
1787080907,-13.91055467,
1787680867,-14.18597715,
1788280827,-14.23764877,
1788880787,-14.17388113,
1789480747,-14.37921454,
1790080707,-14.45948309,
1790680667,-14.58573582,
1791280627,-14.66297756,
1791880587,-14.69408028,
1792480547,-14.97246269,
1793080507,-15.50209107,
1793680467,-15.1486085,
1794280427,-15.09240557,
1794880387,-15.14967877,
1795480347,-15.65863222,
1796080307,-15.86387406,
1796680267,-15.97240985,
1797280227,-16.20993351,
1797880187,-16.46035278,
1798480147,-16.65204225,
1799080107,-16.91287886,
1799680067,-16.92359188,
1800280027,-17.17324034,
1800879987,-17.02370024,
1801479947,-16.94457833,
1802079907,-17.46868614,
1802679867,-17.52967993,
1803279827,-17.74170067,
1803879787,-17.93432638,
1804479747,-18.24762224,
1805079707,-18.05722634,
1805679667,-18.48293343,
1806279627,-18.52366733,
1806879587,-18.6981229,
1807479547,-18.83521368,
1808079507,-19.43530107,
1808679467,-19.19692195,
1809279427,-19.96467149,
1809879387,-19.90401995,
1810479347,-20.74226738,
1811079307,-20.48086691,
1811679267,-21.75393154,
1812279227,-21.84683786,
1812879187,-21.91823334,
1813479147,-21.77325758,
1814079107,-22.32842583,
1814679067,-22.30229778,
1815279027,-22.646156,
1815878987,-23.02985326,
1816478947,-23.18597379,
1817078907,-23.73756704,
1817678867,-23.79135555,
1818278827,-24.34574727,
1818878787,-24.62945448,
1819478747,-25.25841207,
1820078707,-25.6091257,
1820678667,-25.80386374,
1821278627,-26.29156037,
1821878587,-26.71825602,
1822478547,-27.30481998,
1823078507,-27.79420452,
1823678467,-31.37329087,
1824278427,-33.85410201,
1824878387,-36.07994191,
1825478347,-36.24321301,
1826078307,-37.76927284,
1826678267,-37.31937344,
1827278227,-37.36545305,
1827878187,-37.18179187,
1828478147,-39.08558312,
1829078107,-41.51739422,
1829678067,-44.90145136,
1830278027,-50.13658712,
1830877987,-57.23848511,
1831477947,-50.45117477,
1832077907,-45.18101631,
1832677867,-41.87669757,
1833277827,-39.47515298,
1833877787,-37.64130212,
1834477747,-37.98619996,
1835077707,-39.26699787,
1835677667,-36.26208689,
1836277627,-37.59740535,
1836877587,-34.61991325,
1837477547,-35.5285585,
1838077507,-34.52515698,
1838677467,-29.49817625,
1839277427,-29.55447968,
1839877387,-27.37272904,
1840477347,-27.37113689,
1841077307,-26.28672986,
1841677267,-25.62981463,
1842277227,-26.53113991,
1842877187,-25.8613334,
1843477147,-26.10237071,
1844077107,-25.49789834,
1844677067,-25.44546027,
1845277027,-25.30933117,
1845876987,-24.51697759,
1846476947,-24.3870616,
1847076907,-23.97149871,
1847676867,-23.8265261,
1848276827,-23.75091427,
1848876787,-23.52375766,
1849476747,-23.3740605,
1850076707,-22.90398236,
1850676667,-22.95671047,
1851276627,-22.49511568,
1851876587,-22.42133171,
1852476547,-22.60095601,
1853076507,-22.11814942,
1853676467,-22.30799477,
1854276427,-22.78927648,
1854876387,-21.97914564,
1855476347,-21.78149235,
1856076307,-22.56469758,
1856676267,-22.07635269,
1857276227,-21.58493695,
1857876186,-21.48660561,
1858476146,-21.04480317,
1859076106,-21.15675809,
1859676066,-21.81551519,
1860276026,-21.33853904,
1860875986,-21.44903404,
1861475946,-21.49244071,
1862075906,-20.78346604,
1862675866,-20.72738284,
1863275826,-20.18883038,
1863875786,-20.12170822,
1864475746,-20.2340838,
1865075706,-20.5842364,
1865675666,-20.21408313,
1866275626,-20.6047714,
1866875586,-20.10094625,
1867475546,-19.40728412,
1868075506,-19.78455026,
1868675466,-19.58545639,
1869275426,-18.98917873,
1869875386,-20.13617713,
1870475346,-19.46712816,
1871075306,-19.40260395,
1871675266,-19.49776651,
1872275226,-19.24003015,
1872875186,-19.18330444,
1873475146,-19.21336661,
1874075106,-19.41465278,
1874675066,-19.53820566,
1875275026,-19.01520008,
1875874986,-19.6936733,
1876474946,-19.20290201,
1877074906,-19.22579634,
1877674866,-19.39177531,
1878274826,-18.82546242,
1878874786,-19.29634435,
1879474746,-19.16479599,
1880074706,-18.76131432,
1880674666,-18.60213654,
1881274626,-18.96786299,
1881874586,-18.98303452,
1882474546,-18.80586431,
1883074506,-18.55621995,
1883674466,-18.90262097,
1884274426,-18.66845968,
1884874386,-18.5321996,
1885474346,-18.81372999,
1886074306,-18.81698547,
1886674266,-19.08637234,
1887274226,-18.98510089,
1887874186,-18.85020287,
1888474146,-18.59222553,
1889074106,-18.74882326,
1889674066,-18.56979812,
1890274026,-18.50888774,
1890873986,-18.79957599,
1891473946,-18.57303404,
1892073906,-18.01965821,
1892673866,-18.47703707,
1893273826,-18.45509216,
1893873786,-18.32874746,
1894473746,-18.36874051,
1895073706,-18.43060765,
1895673666,-18.13008052,
1896273626,-18.46638071,
1896873586,-18.45077423,
1897473546,-18.08643918,
1898073506,-18.29665533,
1898673466,-18.31914442,
1899273426,-18.16461098,
1899873386,-18.24969338,
1900473346,-18.21922678,
1901073306,-17.93643832,
1901673266,-18.01643066,
1902273226,-18.14621201,
1902873186,-18.20013451,
1903473146,-18.1432819,
1904073106,-17.93362323,
1904673066,-18.00444484,
1905273026,-17.96004203,
1905872986,-17.84365321,
1906472946,-17.93333993,
1907072906,-17.87166516,
1907672866,-18.11851983,
1908272826,-17.90631091,
1908872786,-17.64018208,
1909472746,-17.83202871,
1910072706,-17.71737923,
1910672666,-17.66446355,
1911272626,-17.80331383,
1911872586,-17.74457814,
1912472546,-17.76204673,
1913072506,-17.56121566,
1913672466,-17.7103455,
1914272426,-17.67442672,
1914872386,-17.59126448,
1915472346,-17.59319369,
1916072306,-17.67809991,
1916672266,-17.65506029,
1917272226,-17.56240161,
1917872186,-17.43255063,
1918472146,-17.50357491,
1919072106,-17.40050653,
1919672066,-17.47629372,
1920272026,-17.44198992,
1920871986,-17.53236619,
1921471946,-17.44676295,
1922071906,-17.41252778,
1922671866,-17.22849489,
1923271826,-16.87393445,
1923871786,-17.30429956,
1924471746,-17.29924863,
1925071706,-17.16446011,
1925671666,-17.27846196,
1926271626,-17.0628617,
1926871586,-17.20382022,
1927471546,-17.09668401,
1928071506,-17.25905542,
1928671466,-16.93147183,
1929271426,-16.7389199,
1929871386,-17.0130932,
1930471346,-17.07909532,
1931071306,-16.84621281,
1931671266,-17.2409337,
1932271226,-17.10324087,
1932871186,-16.73471236,
1933471146,-16.92375908,
1934071106,-16.86157575,
1934671066,-16.89484498,
1935271026,-16.98841074,
1935870986,-16.80284107,
1936470946,-16.95007789,
1937070906,-16.70730737,
1937670866,-16.65227895,
1938270826,-17.02938572,
1938870786,-17.04140921,
1939470746,-16.60803467,
1940070706,-16.74369433,
1940670666,-16.74996301,
1941270626,-16.74994567,
1941870586,-16.52718509,
1942470546,-16.76966946,
1943070506,-16.8327601,
1943670466,-16.48265903,
1944270426,-16.28144816,
1944870386,-16.2310165,
1945470346,-16.67960624,
1946070306,-16.4483478,
1946670266,-16.34288293,
1947270226,-16.46694073,
1947870186,-16.45396854,
1948470146,-16.4917933,
1949070106,-16.33079213,
1949670066,-16.26691724,
1950270026,-16.39258432,
1950869986,-16.17658913,
1951469946,-16.37485855,
1952069906,-16.38547851,
1952669866,-16.21647753,
1953269826,-16.15592954,
1953869786,-16.44051072,
1954469746,-16.20707633,
1955069706,-16.2609647,
1955669666,-16.22084993,
1956269626,-15.8813951,
1956869586,-16.00321157,
1957469546,-16.05776537,
1958069506,-16.05814092,
1958669466,-15.87096171,
1959269426,-15.68099897,
1959869386,-15.67248305,
1960469346,-16.0164799,
1961069306,-15.55905617,
1961669266,-16.06147983,
1962269226,-15.74388132,
1962869186,-15.69847364,
1963469146,-15.79951368,
1964069106,-16.07198474,
1964669066,-15.7946224,
1965269026,-15.92505679,
1965868986,-15.5712063,
1966468946,-15.62127734,
1967068906,-15.7823086,
1967668866,-15.41326953,
1968268826,-15.63988479,
1968868786,-15.68762487,
1969468746,-15.84093438,
1970068706,-15.64364412,
1970668666,-15.52306098,
1971268626,-15.55467649,
1971868586,-15.67232079,
1972468546,-15.70861412,
1973068506,-15.61640544,
1973668466,-15.53318342,
1974268426,-15.72218258,
1974868386,-15.64998325,
1975468346,-15.79735774,
1976068306,-15.75329697,
1976668266,-15.90866983,
1977268226,-15.55788815,
1977868186,-15.94203801,
1978468146,-16.0314937,
1979068106,-15.83202801,
1979668066,-15.52505359,
1980268026,-15.76798107,
1980867986,-15.67640937,
1981467946,-16.06591147,
1982067906,-15.76279031,
1982667866,-15.8968552,
1983267826,-16.04222662,
1983867786,-15.99727595,
1984467746,-16.0117462,
1985067706,-16.2459513,
1985667666,-16.02972849,
1986267626,-16.12121262,
1986867586,-16.03206586,
1987467546,-15.9035297,
1988067506,-16.08755606,
1988667466,-16.25489787,
1989267426,-15.9695964,
1989867386,-16.11604495,
1990467346,-16.4441974,
1991067306,-16.11814103,
1991667266,-16.61899811,
1992267226,-16.55405763,
1992867186,-16.05995626,
1993467146,-16.06465669,
1994067106,-16.57537376,
1994667066,-16.46423544,
1995267026,-16.60879022,
1995866986,-16.28947032,
1996466946,-16.24624165,
1997066906,-16.50996236,
1997666866,-16.28038269,
1998266826,-16.48346599,
1998866786,-16.3924022,
1999466746,-16.73099378,
2000066706,-16.55299943,
2000666666,-16.62718125,
2001266626,-16.71677782,
2001866585,-16.58016171,
2002466545,-16.46717392,
2003066505,-16.7306424,
2003666465,-16.75429798,
2004266425,-16.87897748,
2004866385,-16.87545631,
2005466345,-16.91381726,
2006066305,-16.89868281,
2006666265,-17.14249156,
2007266225,-16.98100048,
2007866185,-17.09683114,
2008466145,-17.2426653,
2009066105,-17.2406078,
2009666065,-17.28181307,
2010266025,-17.36595452,
2010865985,-17.53532296,
2011465945,-17.53578863,
2012065905,-17.33540249,
2012665865,-17.49078522,
2013265825,-17.51930624,
2013865785,-17.62872018,
2014465745,-17.81887063,
2015065705,-17.69564307,
2015665665,-17.76974231,
2016265625,-18.06550731,
2016865585,-18.02009556,
2017465545,-18.38103024,
2018065505,-18.24486339,
2018665465,-18.18175885,
2019265425,-18.22341279,
2019865385,-18.33893855,
2020465345,-18.23755127,
2021065305,-17.8154829,
2021665265,-18.86535007,
2022265225,-18.27920293,
2022865185,-18.50416084,
2023465145,-18.82259503,
2024065105,-18.77253548,
2024665065,-18.93973712,
2025265025,-19.16674819,
2025864985,-18.92826677,
2026464945,-19.32535517,
2027064905,-18.95031679,
2027664865,-19.56115412,
2028264825,-19.25239136,
2028864785,-20.04894095,
2029464745,-19.64514467,
2030064705,-19.66088746,
2030664665,-20.38400583,
2031264625,-20.71541711,
2031864585,-20.28692712,
2032464545,-20.50701067,
2033064505,-20.84096725,
2033664465,-20.65741754,
2034264425,-20.65005871,
2034864385,-21.00996165,
2035464345,-20.86011589,
2036064305,-21.41535646,
2036664265,-21.51138472,
2037264225,-21.1337993,
2037864185,-21.6534449,
2038464145,-21.24545734,
2039064105,-21.50003205,
2039664065,-21.67202077,
2040264025,-21.53988303,
2040863985,-21.16194526,
2041463945,-21.76754443,
2042063905,-22.08401885,
2042663865,-21.67031143,
2043263825,-21.71395411,
2043863785,-21.53631673,
2044463745,-22.1049389,
2045063705,-21.99896217,
2045663665,-21.96276479,
2046263625,-22.21521835,
2046863585,-22.06739322,
2047463545,-21.85024991,
2048063505,-22.60161099,
2048663465,-22.46653417,
2049263425,-22.50409444,
2049863385,-22.36168036,
2050463345,-22.51593426,
2051063305,-22.84639839,
2051663265,-23.06749417,
2052263225,-23.13202831,
2052863185,-23.32683479,
2053463145,-23.28838073,
2054063105,-23.19963249,
2054663065,-23.33516479,
2055263025,-22.55933406,
2055862985,-23.75406585,
2056462945,-23.38971689,
2057062905,-23.11737472,
2057662865,-23.92505826,
2058262825,-23.68255165,
2058862785,-23.99241654,
2059462745,-23.68483987,
2060062705,-23.64984824,
2060662665,-24.19029658,
2061262625,-24.47693672,
2061862585,-24.47320492,
2062462545,-24.38560831,
2063062505,-24.9491733,
2063662465,-24.60613612,
2064262425,-24.62687026,
2064862385,-25.15456859,
2065462345,-25.16067562,
2066062305,-24.93097807,
2066662265,-25.17075937,
2067262225,-25.3283071,
2067862185,-24.87736104,
2068462145,-25.38588057,
2069062105,-25.10092411,
2069662065,-25.05950278,
2070262025,-25.21693471,
2070861985,-25.42722833,
2071461945,-25.35136486,
2072061905,-25.67995948,
2072661865,-25.51407766,
2073261825,-24.7808455,
2073861785,-25.24066082,
2074461745,-25.74444918,
2075061705,-26.36213928,
2075661665,-25.82019892,
2076261625,-26.00398782,
2076861585,-27.23735766,
2077461545,-26.23945711,
2078061505,-26.27078542,
2078661465,-27.21249517,
2079261425,-28.41507247,
2079861385,-27.05709278,
2080461345,-26.97408508,
2081061305,-27.88216047,
2081661265,-27.48716462,
2082261225,-28.025615,
2082861185,-27.29497369,
2083461145,-30.72763092,
2084061105,-28.83241888,
2084661065,-27.49203778,
2085261025,-29.38775335,
2085860985,-29.66738377,
2086460945,-31.98522657,
2087060905,-32.21920216,
2087660865,-27.53188406,
2088260825,-30.47848237,
2088860785,-30.71914153,
2089460745,-31.81681041,
2090060705,-30.89613837,
2090660665,-32.85417366,
2091260625,-32.79587494,
2091860585,-34.18792447,
2092460545,-32.12297152,
2093060505,-31.68037624,
2093660465,-34.61874851,
2094260425,-35.30020671,
2094860385,-31.60242119,
2095460345,-32.26457538,
2096060305,-33.34162572,
2096660265,-33.72455726,
2097260225,-33.08418899,
2097860185,-33.17255926,
2098460145,-34.97835416,
2099060105,-35.32042299,
2099660065,-32.5593021,
2100260025,-36.83579617,
2100859985,-34.83209354,
2101459945,-34.51999356,
2102059905,-36.54262386,
2102659865,-35.7186299,
2103259825,-36.11194614,
2103859785,-34.60333282,
2104459745,-35.07445979,
2105059705,-34.74133909,
2105659665,-33.86634611,
2106259625,-35.61865492,
2106859585,-36.35867974,
2107459545,-35.47743696,
2108059505,-35.15686604,
2108659465,-36.72259253,
2109259425,-39.15285973,
2109859385,-36.45001905,
2110459345,-37.17315246,
2111059305,-35.91003803,
2111659265,-35.88173941,
2112259225,-35.53461298,
2112859185,-37.90052542,
2113459145,-38.20452925,
2114059105,-34.23812955,
2114659065,-38.04916494,
2115259025,-34.3414998,
2115858985,-38.8986584,
2116458945,-37.17491309,
2117058905,-35.27537772,
2117658865,-34.20524851,
2118258825,-36.46735831,
2118858785,-36.8726647,
2119458745,-34.96369302,
2120058705,-35.33185867,
2120658665,-35.46279378,
2121258625,-37.36574389,
2121858585,-37.97791502,
2122458545,-36.33287182,
2123058505,-37.22124991,
2123658465,-34.88968332,
2124258425,-33.02821294,
2124858385,-36.81857799,
2125458345,-34.59704746,
2126058305,-35.77604983,
2126658265,-35.3161902,
2127258225,-35.02547738,
2127858185,-33.28648656,
2128458145,-34.51838216,
2129058105,-36.23408689,
2129658065,-34.42611767,
2130258025,-32.59254931,
2130857985,-36.42454032,
2131457945,-33.15339528,
2132057905,-33.58354116,
2132657865,-35.80557133,
2133257825,-32.79519514,
2133857785,-33.21012127,
2134457745,-31.33108381,
2135057705,-32.13077982,
2135657665,-34.16620598,
2136257625,-30.95850319,
2136857585,-33.26978149,
2137457545,-32.90223939,
2138057505,-32.02608659,
2138657465,-28.85394064,
2139257425,-28.87886874,
2139857385,-28.01029357,
2140457345,-27.65096009,
2141057305,-29.00770651,
2141657265,-28.06697437,
2142257225,-27.47833836,
2142857185,-29.73398585,
2143457145,-26.92471632,
2144057105,-25.98479949,
2144657065,-26.97307053,
2145257025,-27.18841963,
2145856985,-26.87200233,
2146456945,-27.43607004,
2147056905,-27.02782132,
2147656865,-24.66271308,
2148256825,-26.04183851,
2148856785,-25.54385905,
2149456745,-25.19033349,
2150056705,-24.72346309,
2150656665,-25.19820982,
2151256625,-25.34707451,
2151856585,-24.46384336,
2152456545,-25.15637211,
2153056505,-24.7504745,
2153656465,-24.55928103,
2154256425,-24.76716483,
2154856385,-24.46045785,
2155456344,-24.50348933,
2156056304,-24.50976503,
2156656264,-24.51995937,
2157256224,-24.15443615,
2157856184,-24.61800264,
2158456144,-24.44109838,
2159056104,-24.11758395,
2159656064,-24.08994996,
2160256024,-24.26740274,
2160855984,-23.52937836,
2161455944,-23.78819006,
2162055904,-23.14049328,
2162655864,-23.40798777,
2163255824,-22.97106123,
2163855784,-23.38402651,
2164455744,-23.26528204,
2165055704,-22.93223907,
2165655664,-23.00309654,
2166255624,-22.72179235,
2166855584,-22.65294638,
2167455544,-22.5597634,
2168055504,-22.21570501,
2168655464,-22.22470932,
2169255424,-22.00539607,
2169855384,-21.82000317,
2170455344,-21.8415486,
2171055304,-21.77415162,
2171655264,-21.731925,
2172255224,-21.64904328,
2172855184,-21.30991462,
2173455144,-21.48070131,
2174055104,-21.15920185,
2174655064,-21.2415982,
2175255024,-21.19991925,
2175854984,-20.911239,
2176454944,-20.8993572,
2177054904,-21.12970516,
2177654864,-21.21152854,
2178254824,-20.7771342,
2178854784,-20.74619563,
2179454744,-20.41629638,
2180054704,-20.40605763,
2180654664,-20.37502156,
2181254624,-19.98054613,
2181854584,-20.1501829,
2182454544,-20.34919035,
2183054504,-19.69000254,
2183654464,-19.88605614,
2184254424,-19.23543615,
2184854384,-18.90965997,
2185454344,-18.89369051,
2186054304,-18.54396224,
2186654264,-18.48932082,
2187254224,-18.89339893,
2187854184,-18.51055092,
2188454144,-17.8829821,
2189054104,-18.30419727,
2189654064,-18.33775527,
2190254024,-18.27736911,
2190853984,-18.03393743,
2191453944,-17.88156608,
2192053904,-17.35279873,
2192653864,-17.68969103,
2193253824,-17.94214983,
2193853784,-17.30399344,
2194453744,-17.4950895,
2195053704,-17.54786903,
2195653664,-17.37967921,
2196253624,-16.96750992,
2196853584,-16.84930546,
2197453544,-16.72958749,
2198053504,-16.91068837,
2198653464,-16.83356665,
2199253424,-16.62844143,
2199853384,-16.81343138,
2200453344,-16.41028296,
2201053304,-16.41546875,
2201653264,-16.23693937,
2202253224,-16.0119771,
2202853184,-16.08037746,
2203453144,-16.09157237,
2204053104,-15.86992218,
2204653064,-15.88727477,
2205253024,-16.07897362,
2205852984,-15.69674704,
2206452944,-15.70372501,
2207052904,-15.91578813,
2207652864,-15.86841724,
2208252824,-15.39393505,
2208852784,-15.81101448,
2209452744,-15.19099528,
2210052704,-15.29507288,
2210652664,-14.97111841,
2211252624,-15.14207015,
2211852584,-15.01040972,
2212452544,-15.11853619,
2213052504,-14.88524284,
2213652464,-14.49137948,
2214252424,-14.59547298,
2214852384,-14.4085314,
2215452344,-14.53690522,
2216052304,-14.34013003,
2216652264,-14.07223262,
2217252224,-14.02329993,
2217852184,-14.09926277,
2218452144,-13.87140216,
2219052104,-14.22077436,
2219652064,-13.84612256,
2220252024,-13.91652026,
2220851984,-13.93249811,
2221451944,-13.69774946,
2222051904,-13.69635059,
2222651864,-13.64051079,
2223251824,-13.58555424,
2223851784,-13.62415439,
2224451744,-13.39664404,
2225051704,-13.5739917,
2225651664,-13.38230445,
2226251624,-13.30540269,
2226851584,-13.3089829,
2227451544,-13.16270155,
2228051504,-13.06716536,
2228651464,-13.30732887,
2229251424,-13.11323394,
2229851384,-12.95348989,
2230451344,-12.90924081,
2231051304,-12.85686427,
2231651264,-12.83679411,
2232251224,-12.9173681,
2232851184,-13.06161701,
2233451144,-12.77945118,
2234051104,-12.80944261,
2234651064,-12.7683604,
2235251024,-12.53985742,
2235850984,-12.57619713,
2236450944,-12.59225483,
2237050904,-12.60554454,
2237650864,-12.49426189,
2238250824,-12.4733057,
2238850784,-12.42307388,
2239450744,-12.58696554,
2240050704,-12.36545559,
2240650664,-12.46488888,
2241250624,-12.36620801,
2241850584,-12.09215534,
2242450544,-12.17639785,
2243050504,-12.02644865,
2243650464,-12.12591637,
2244250424,-12.17468758,
2244850384,-12.18679591,
2245450344,-11.98431051,
2246050304,-11.82853738,
2246650264,-11.89155455,
2247250224,-11.89637184,
2247850184,-11.6565155,
2248450144,-11.73902908,
2249050104,-11.56814699,
2249650064,-11.58652757,
2250250024,-11.67179113,
2250849984,-11.78371126,
2251449944,-11.52264159,
2252049904,-11.76605008,
2252649864,-11.5080838,
2253249824,-11.638473,
2253849784,-11.69847587,
2254449744,-11.75976149,
2255049704,-11.71387158,
2255649664,-11.47615714,
2256249624,-11.75726597,
2256849584,-11.44899651,
2257449544,-11.44158815,
2258049504,-11.42847104,
2258649464,-11.45442626,
2259249424,-11.42623399,
2259849384,-11.48865206,
2260449344,-11.39864529,
2261049304,-11.26673132,
2261649264,-11.52580092,
2262249224,-11.28585632,
2262849184,-11.34484263,
2263449144,-11.32176793,
2264049104,-11.22409357,
2264649064,-11.37874129,
2265249024,-11.24784745,
2265848984,-11.21936774,
2266448944,-11.24254738,
2267048904,-11.16882252,
2267648864,-11.32998586,
2268248824,-11.15894554,
2268848784,-11.25167701,
2269448744,-11.34353834,
2270048704,-11.15573178,
2270648664,-11.30817761,
2271248624,-11.12098671,
2271848584,-11.23096864,
2272448544,-11.15642289,
2273048504,-11.10243555,
2273648464,-10.96239061,
2274248424,-11.02374087,
2274848384,-11.02830639,
2275448344,-11.10051183,
2276048304,-11.04583183,
2276648264,-11.05552145,
2277248224,-11.03993369,
2277848184,-11.14314152,
2278448144,-11.06306761,
2279048104,-11.03315911,
2279648064,-11.01588062,
2280248024,-11.06898612,
2280847984,-11.03336289,
2281447944,-10.97834292,
2282047904,-11.04955353,
2282647864,-10.93041557,
2283247824,-11.07196833,
2283847784,-11.01601995,
2284447744,-11.02879948,
2285047704,-10.84568942,
2285647664,-10.85418327,
2286247624,-10.92071812,
2286847584,-10.89347975,
2287447544,-10.85849325,
2288047504,-11.07286113,
2288647464,-10.9057022,
2289247424,-10.8696692,
2289847384,-10.84875031,
2290447344,-10.81907945,
2291047304,-10.78751953,
2291647264,-10.89189026,
2292247224,-10.85174012,
2292847184,-10.8125103,
2293447144,-10.75862367,
2294047104,-10.91626388,
2294647064,-10.8251179,
2295247024,-10.92032955,
2295846984,-10.71097533,
2296446944,-10.68246522,
2297046904,-10.74285409,
2297646864,-10.64690896,
2298246824,-10.7207503,
2298846784,-10.8218938,
2299446744,-10.72637732,
2300046704,-10.70459461,
2300646664,-10.62188605,
2301246624,-10.90507319,
2301846584,-10.8307256,
2302446544,-10.75832424,
2303046504,-10.64827678,
2303646464,-10.74192105,
2304246424,-10.74093538,
2304846384,-10.64033846,
2305446344,-10.61418915,
2306046304,-10.76876993,
2306646264,-10.61081824,
2307246224,-10.4811557,
2307846184,-10.59320727,
2308446144,-10.78848791,
2309046103,-10.57464992,
2309646063,-10.66450346,
2310246023,-10.53404379,
2310845983,-10.52890065,
2311445943,-10.67652624,
2312045903,-10.52441586,
2312645863,-10.52046311,
2313245823,-10.58138224,
2313845783,-10.47709813,
2314445743,-10.47273705,
2315045703,-10.43784343,
2315645663,-10.5414303,
2316245623,-10.50260642,
2316845583,-10.42457751,
2317445543,-10.53862031,
2318045503,-10.47518475,
2318645463,-10.44692256,
2319245423,-10.24954989,
2319845383,-10.40465023,
2320445343,-10.33802726,
2321045303,-10.37338997,
2321645263,-10.29014251,
2322245223,-10.26839939,
2322845183,-10.14769531,
2323445143,-10.25509134,
2324045103,-10.35794276,
2324645063,-10.236003,
2325245023,-10.23426835,
2325844983,-10.3055398,
2326444943,-10.38742796,
2327044903,-10.12780677,
2327644863,-10.23883918,
2328244823,-10.21048369,
2328844783,-10.24917086,
2329444743,-10.20591129,
2330044703,-10.18087791,
2330644663,-10.28192604,
2331244623,-10.12068647,
2331844583,-10.20030818,
2332444543,-10.15338866,
2333044503,-10.09467636,
2333644463,-9.965460264,
2334244423,-10.15911986,
2334844383,-10.17229764,
2335444343,-9.762861597,
2336044303,-10.04210087,
2336644263,-9.917131162,
2337244223,-9.866714903,
2337844183,-10.07119831,
2338444143,-9.963048206,
2339044103,-10.06933627,
2339644063,-9.925498738,
2340244023,-9.986073519,
2340843983,-9.641538806,
2341443943,-9.657600913,
2342043903,-9.755012932,
2342643863,-9.6682872,
2343243823,-9.820834973,
2343843783,-9.51406677,
2344443743,-9.529230751,
2345043703,-9.512968761,
2345643663,-9.55675983,
2346243623,-9.614052322,
2346843583,-9.422694747,
2347443543,-9.470709206,
2348043503,-9.372694862,
2348643463,-9.407435993,
2349243423,-9.306345164,
2349843383,-9.245693493,
2350443343,-9.302953748,
2351043303,-9.188852982,
2351643263,-9.220834982,
2352243223,-9.160819369,
2352843183,-9.258643393,
2353443143,-9.268517289,
2354043103,-9.215291909,
2354643063,-9.028758326,
2355243023,-9.168163529,
2355842983,-9.092759339,
2356442943,-9.137072008,
2357042903,-9.053783447,
2357642863,-8.944331255,
2358242823,-8.938523537,
2358842783,-9.086382826,
2359442743,-8.747757569,
2360042703,-8.871735005,
2360642663,-8.85653869,
2361242623,-8.737740143,
2361842583,-8.83818378,
2362442543,-8.910775597,
2363042503,-8.807419804,
2363642463,-8.743585143,
2364242423,-8.698756483,
2364842383,-8.758457118,
2365442343,-8.557651489,
2366042303,-8.593780065,
2366642263,-8.527839868,
2367242223,-8.601973923,
2367842183,-8.578961198,
2368442143,-8.502699693,
2369042103,-8.52576936,
2369642063,-8.475708,
2370242023,-8.448817863,
2370841983,-8.480205589,
2371441943,-8.490540411,
2372041903,-8.360687837,
2372641863,-8.343509307,
2373241823,-8.407579092,
2373841783,-8.384702502,
2374441743,-8.293301979,
2375041703,-8.261426478,
2375641663,-8.155861981,
2376241623,-8.267822235,
2376841583,-8.092241592,
2377441543,-8.037372426,
2378041503,-8.142466519,
2378641463,-7.982632858,
2379241423,-7.889269994,
2379841383,-8.032080288,
2380441343,-7.945717629,
2381041303,-7.901464217,
2381641263,-7.864680644,
2382241223,-7.653969544,
2382841183,-7.81468711,
2383441143,-7.731881924,
2384041103,-7.718908683,
2384641063,-7.728079772,
2385241023,-7.658139698,
2385840983,-7.699854249,
2386440943,-7.566462058,
2387040903,-7.496000437,
2387640863,-7.528842031,
2388240823,-7.774417847,
2388840783,-7.520647894,
2389440743,-7.293030384,
2390040703,-7.422930205,
2390640663,-7.423294244,
2391240623,-7.428760094,
2391840583,-7.354774422,
2392440543,-7.412000858,
2393040503,-7.277716788,
2393640463,-7.211685746,
2394240423,-7.169681655,
2394840383,-7.331447213,
2395440343,-7.10221595,
2396040303,-7.179033076,
2396640263,-7.042914996,
2397240223,-7.07012393,
2397840183,-7.040138276,
2398440143,-7.00359401,
2399040103,-6.963061279,
2399640063,-6.927793601,
2400240023,-7.162973438,
2400839983,-7.084809886,
2401439943,-6.939101758,
2402039903,-6.9961043,
2402639863,-6.931400632,
2403239823,-6.956691537,
2403839783,-6.977929024,
2404439743,-6.944806156,
2405039703,-6.808984482,
2405639663,-6.892367883,
2406239623,-6.81523282,
2406839583,-6.851117599,
2407439543,-6.781072862,
2408039503,-6.663579112,
2408639463,-6.674784273,
2409239423,-6.71901939,
2409839383,-6.566713209,
2410439343,-6.609978304,
2411039303,-6.630498787,
2411639263,-6.472364718,
2412239223,-6.547240449,
2412839183,-6.536776837,
2413439143,-6.485538297,
2414039103,-6.437402258,
2414639063,-6.433192286,
2415239023,-6.495668076,
2415838983,-6.457851381,
2416438943,-6.404332577,
2417038903,-6.430600818,
2417638863,-6.3476584,
2418238823,-6.236528124,
2418838783,-6.284030266,
2419438743,-6.209755778,
2420038703,-6.276916636,
2420638663,-6.293487777,
2421238623,-6.134808777,
2421838583,-6.180638398,
2422438543,-6.24327944,
2423038503,-6.253619107,
2423638463,-6.176149035,
2424238423,-6.176088458,
2424838383,-6.206890065,
2425438343,-6.230683191,
2426038303,-6.142545405,
2426638263,-6.128432485,
2427238223,-6.128132061,
2427838183,-6.069901462,
2428438143,-6.135341013,
2429038103,-6.177985772,
2429638063,-6.127054427,
2430238023,-6.048697807,
2430837983,-6.061762485,
2431437943,-6.038992382,
2432037903,-6.060106322,
2432637863,-6.172645528,
2433237823,-6.054397212,
2433837783,-6.050220504,
2434437743,-6.080367256,
2435037703,-6.041616795,
2435637663,-6.010537645,
2436237623,-6.029023486,
2436837583,-5.917449553,
2437437543,-5.97520267,
2438037503,-5.992905081,
2438637463,-6.019307081,
2439237423,-5.983456525,
2439837383,-5.900076626,
2440437343,-5.960258511,
2441037303,-6.00757088,
2441637263,-5.945032804,
2442237223,-5.960300486,
2442837183,-5.939000647,
2443437143,-5.951168251,
2444037103,-5.959044411,
2444637063,-5.849452773,
2445237023,-5.825843641,
2445836983,-5.897522112,
2446436943,-5.888551278,
2447036903,-5.894448817,
2447636863,-5.89236691,
2448236823,-5.881677609,
2448836783,-5.810835699,
2449436743,-5.909415537,
2450036703,-5.863823811,
2450636663,-5.847951596,
2451236623,-5.804402822,
2451836583,-5.799935232,
2452436543,-5.724692024,
2453036503,-5.912494316,
2453636463,-5.875727512,
2454236423,-5.718458929,
2454836383,-5.895735215,
2455436343,-5.860784752,
2456036303,-5.805315097,
2456636263,-5.799628192,
2457236223,-5.774683072,
2457836183,-5.80019373,
2458436143,-5.828411958,
2459036103,-5.794263941,
2459636063,-5.776516864,
2460236023,-5.761292533,
2460835983,-5.781095768,
2461435943,-5.859632235,
2462035903,-5.783801809,
2462635863,-5.720511697,
2463235822,-5.698490479,
2463835782,-5.860766557,
2464435742,-5.80426494,
2465035702,-5.837714663,
2465635662,-5.706563683,
2466235622,-5.756583897,
2466835582,-5.825919135,
2467435542,-5.85629144,
2468035502,-5.834920517,
2468635462,-5.721356023,
2469235422,-5.70585498,
2469835382,-5.72686601,
2470435342,-5.743764643,
2471035302,-5.69132761,
2471635262,-5.693128273,
2472235222,-5.758427913,
2472835182,-5.673251738,
2473435142,-5.670600905,
2474035102,-5.846846848,
2474635062,-5.737822178,
2475235022,-5.687592435,
2475834982,-5.771277823,
2476434942,-5.686964372,
2477034902,-5.700079777,
2477634862,-5.76220751,
2478234822,-5.651805111,
2478834782,-5.646278,
2479434742,-5.737903341,
2480034702,-5.676988162,
2480634662,-5.79283635,
2481234622,-5.658424918,
2481834582,-5.702709658,
2482434542,-5.617056436,
2483034502,-5.705079066,
2483634462,-5.652361631,
2484234422,-5.700868734,
2484834382,-5.626161987,
2485434342,-5.563565976,
2486034302,-5.680961936,
2486634262,-5.640188703,
2487234222,-5.602025298,
2487834182,-5.627822476,
2488434142,-5.615592519,
2489034102,-5.717119579,
2489634062,-5.670460566,
2490234022,-5.541456917,
2490833982,-5.530803203,
2491433942,-5.625589667,
2492033902,-5.681630177,
2492633862,-5.63752705,
2493233822,-5.594938158,
2493833782,-5.613954856,
2494433742,-5.581204461,
2495033702,-5.619836682,
2495633662,-5.715002456,
2496233622,-5.588147443,
2496833582,-5.542104284,
2497433542,-5.680829173,
2498033502,-5.6624538,
2498633462,-5.528044533,
2499233422,-5.563511755,
2499833382,-5.590334962,
2500433342,-5.58281898,
2501033302,-5.609545231,
2501633262,-5.573676999,
2502233222,-5.512305569,
2502833182,-5.494289212,
2503433142,-5.553071544,
2504033102,-5.496012846,
2504633062,-5.400454748,
2505233022,-5.568895239,
2505832982,-5.552558033,
2506432942,-5.612216329,
2507032902,-5.557980817,
2507632862,-5.462712965,
2508232822,-5.655629838,
2508832782,-5.407577437,
2509432742,-5.511409085,
2510032702,-5.441741035,
2510632662,-5.56116476,
2511232622,-5.528044769,
2511832582,-5.569708582,
2512432542,-5.512717729,
2513032502,-5.600631106,
2513632462,-5.405479707,
2514232422,-5.627304073,
2514832382,-5.533548199,
2515432342,-5.46143349,
2516032302,-5.452565984,
2516632262,-5.619049186,
2517232222,-5.440677147,
2517832182,-5.517513874,
2518432142,-5.487137224,
2519032102,-5.495852956,
2519632062,-5.601293787,
2520232022,-5.491908337,
2520831982,-5.534683905,
2521431942,-5.476419749,
2522031902,-5.593078818,
2522631862,-5.490748339,
2523231822,-5.499362595,
2523831782,-5.657827701,
2524431742,-5.617980361,
2525031702,-5.530306854,
2525631662,-5.522668553,
2526231622,-5.602544222,
2526831582,-5.557422124,
2527431542,-5.605710595,
2528031502,-5.727462416,
2528631462,-5.609851627,
2529231422,-5.704076897,
2529831382,-5.590569814,
2530431342,-5.678838625,
2531031302,-5.669952967,
2531631262,-5.56243222,
2532231222,-5.532642578,
2532831182,-5.603727197,
2533431142,-5.674706923,
2534031102,-5.774489934,
2534631062,-5.690588927,
2535231022,-5.667918487,
2535830982,-5.795616953,
2536430942,-5.549584633,
2537030902,-5.668703192,
2537630862,-5.581260062,
2538230822,-5.727775598,
2538830782,-5.688324397,
2539430742,-5.697000475,
2540030702,-5.695863292,
2540630662,-5.670020058,
2541230622,-5.65898912,
2541830582,-5.629044686,
2542430542,-5.705424593,
2543030502,-5.687039665,
2543630462,-5.642886862,
2544230422,-5.787368814,
2544830382,-5.595185408,
2545430342,-5.732619635,
2546030302,-5.701221731,
2546630262,-5.703466583,
2547230222,-5.782012173,
2547830182,-5.712690519,
2548430142,-5.83022621,
2549030102,-5.663628284,
2549630062,-5.731424575,
2550230022,-5.738315221,
2550829982,-5.755712934,
2551429942,-5.737115935,
2552029902,-5.831909102,
2552629862,-5.796417254,
2553229822,-5.768016459,
2553829782,-5.748064846,
2554429742,-5.704119178,
2555029702,-5.758268759,
2555629662,-5.778958095,
2556229622,-5.770680571,
2556829582,-5.755082978,
2557429542,-5.774893759,
2558029502,-5.909748203,
2558629462,-5.856833251,
2559229422,-5.804784728,
2559829382,-5.759999137,
2560429342,-5.803599826,
2561029302,-5.840056752,
2561629262,-5.805757211,
2562229222,-5.701253935,
2562829182,-5.904360869,
2563429142,-5.818549852,
2564029102,-5.860796762,
2564629062,-5.835146759,
2565229022,-5.889039467,
2565828982,-5.907693006,
2566428942,-5.841886415,
2567028902,-5.898879944,
2567628862,-5.893084536,
2568228822,-5.931741409,
2568828782,-5.858290312,
2569428742,-5.984878284,
2570028702,-5.881807715,
2570628662,-5.883860582,
2571228622,-5.891257284,
2571828582,-5.836327136,
2572428542,-5.914947317,
2573028502,-5.889244977,
2573628462,-5.91794852,
2574228422,-5.883133028,
2574828382,-5.90906623,
2575428342,-5.849402407,
2576028302,-5.904278237,
2576628262,-5.902651992,
2577228222,-5.982076838,
2577828182,-5.957255022,
2578428142,-5.927855682,
2579028102,-5.819605303,
2579628062,-5.821745441,
2580228022,-5.973533464,
2580827982,-5.919852818,
2581427942,-5.88721758,
2582027902,-5.929556693,
2582627862,-5.818715091,
2583227822,-5.939264445,
2583827782,-5.991461679,
2584427742,-5.909083138,
2585027702,-5.984071443,
2585627662,-5.906981163,
2586227622,-5.976805957,
2586827582,-5.856871508,
2587427542,-5.884775435,
2588027502,-5.965663232,
2588627462,-5.943970222,
2589227422,-5.916005342,
2589827382,-5.954805385,
2590427342,-5.877699355,
2591027302,-5.934472885,
2591627262,-5.938158091,
2592227222,-5.866026463,
2592827182,-5.928043922,
2593427142,-5.946191886,
2594027102,-5.950971834,
2594627062,-5.930085526,
2595227022,-5.980820544,
2595826982,-5.870257786,
2596426942,-5.938788175,
2597026902,-5.906094834,
2597626862,-5.92105597,
2598226822,-5.894521869,
2598826782,-5.995402103,
2599426742,-5.948591129,
2600026702,-5.88436491,
2600626662,-5.869987293,
2601226622,-6.023220719,
2601826582,-5.96282887,
2602426542,-5.925554287,
2603026502,-5.854388543,
2603626462,-5.885653826,
2604226422,-5.919036053,
2604826382,-5.933523896,
2605426342,-5.920176173,
2606026302,-5.908727109,
2606626262,-5.944372983,
2607226222,-6.000676268,
2607826182,-5.964957463,
2608426142,-5.936920365,
2609026102,-5.976422001,
2609626062,-5.980005719,
2610226022,-6.051360722,
2610825982,-5.98860765,
2611425942,-5.943832916,
2612025902,-5.971348632,
2612625862,-5.909973027,
2613225822,-6.033419296,
2613825782,-6.083123635,
2614425742,-5.999320577,
2615025702,-6.012209397,
2615625662,-6.018733126,
2616225622,-5.985099324,
2616825581,-6.140620086,
2617425541,-5.966660253,
2618025501,-6.003487545,
2618625461,-5.954285976,
2619225421,-5.99075045,
2619825381,-6.117943633,
2620425341,-6.03196764,
2621025301,-6.099930581,
2621625261,-5.919406642,
2622225221,-5.968367922,
2622825181,-6.102586119,
2623425141,-6.150387254,
2624025101,-6.043988707,
2624625061,-6.033876783,
2625225021,-6.096597709,
2625824981,-6.100349437,
2626424941,-6.081484061,
2627024901,-6.13220849,
2627624861,-6.115447964,
2628224821,-6.084235739,
2628824781,-6.129671842,
2629424741,-6.108064682,
2630024701,-6.117117995,
2630624661,-6.254373306,
2631224621,-6.112766272,
2631824581,-6.171994133,
2632424541,-6.169442276,
2633024501,-6.171659006,
2633624461,-6.166148692,
2634224421,-6.136800989,
2634824381,-6.164190698,
2635424341,-6.161130587,
2636024301,-6.256664647,
2636624261,-6.154380034,
2637224221,-6.1870806,
2637824181,-6.097832079,
2638424141,-6.288052945,
2639024101,-6.153645371,
2639624061,-6.299476966,
2640224021,-6.297412819,
2640823981,-6.272098136,
2641423941,-6.312515529,
2642023901,-6.315953761,
2642623861,-6.461051215,
2643223821,-6.365515784,
2643823781,-6.439267705,
2644423741,-6.360698777,
2645023701,-6.397124545,
2645623661,-6.326834943,
2646223621,-6.416337885,
2646823581,-6.490908652,
2647423541,-6.45132201,
2648023501,-6.518148845,
2648623461,-6.573739233,
2649223421,-6.515136869,
2649823381,-6.507573904,
2650423341,-6.575515333,
2651023301,-6.559687637,
2651623261,-6.352189068,
2652223221,-6.65139048,
2652823181,-6.560208594,
2653423141,-6.571781328,
2654023101,-6.56267227,
2654623061,-6.655177774,
2655223021,-6.665420268,
2655822981,-6.592309505,
2656422941,-6.600981197,
2657022901,-6.699969838,
2657622861,-6.586095348,
2658222821,-6.799269372,
2658822781,-6.697788935,
2659422741,-6.726804438,
2660022701,-6.781710756,
2660622661,-6.764848079,
2661222621,-6.855547591,
2661822581,-6.883885087,
2662422541,-6.879897054,
2663022501,-6.958669865,
2663622461,-6.918751554,
2664222421,-7.037689697,
2664822381,-6.986164835,
2665422341,-6.98015579,
2666022301,-6.875944051,
2666622261,-7.059239017,
2667222221,-7.064897434,
2667822181,-7.058671366,
2668422141,-7.15981417,
2669022101,-7.14016358,
2669622061,-7.08428476,
2670222021,-7.173474985,
2670821981,-7.193056311,
2671421941,-7.221582706,
2672021901,-7.232929688,
2672621861,-7.304652351,
2673221821,-7.261233146,
2673821781,-7.284139266,
2674421741,-7.157948099,
2675021701,-7.26589562,
2675621661,-7.331752285,
2676221621,-7.219147897,
2676821581,-7.252658298,
2677421541,-7.443349289,
2678021501,-7.267843969,
2678621461,-7.421470417,
2679221421,-7.362371765,
2679821381,-7.442683557,
2680421341,-7.466870852,
2681021301,-7.405773466,
2681621261,-7.395819849,
2682221221,-7.422326833,
2682821181,-7.363426074,
2683421141,-7.332599463,
2684021101,-7.513288564,
2684621061,-7.551829233,
2685221021,-7.340479297,
2685820981,-7.418014599,
2686420941,-7.452089181,
2687020901,-7.487140296,
2687620861,-7.608350857,
2688220821,-7.456007429,
2688820781,-7.516760653,
2689420741,-7.554178265,
2690020701,-7.547431511,
2690620661,-7.491153438,
2691220621,-7.622181902,
2691820581,-7.536807733,
2692420541,-7.597270972,
2693020501,-7.576498094,
2693620461,-7.582330787,
2694220421,-7.591245642,
2694820381,-7.561232616,
2695420341,-7.543362065,
2696020301,-7.630267106,
2696620261,-7.544921059,
2697220221,-7.523100457,
2697820181,-7.599195823,
2698420141,-7.557607317,
2699020101,-7.64467874,
2699620061,-7.597977013,
2700220021,-7.689183138,
2700819981,-7.629129694,
2701419941,-7.675067301,
2702019901,-7.677694956,
2702619861,-7.707463342,
2703219821,-7.620485823,
2703819781,-7.665265129,
2704419741,-7.647690526,
2705019701,-7.587655608,
2705619661,-7.677382926,
2706219621,-7.67791172,
2706819581,-7.646458487,
2707419541,-7.678739681,
2708019501,-7.681077536,
2708619461,-7.726622645,
2709219421,-7.720301957,
2709819381,-7.749969269,
2710419341,-7.678688898,
2711019301,-7.745499844,
2711619261,-7.675325415,
2712219221,-7.627557174,
2712819181,-7.746019803,
2713419141,-7.686155829,
2714019101,-7.761049805,
2714619061,-7.703736904,
2715219021,-7.678550013,
2715818981,-7.711075917,
2716418941,-7.619655227,
2717018901,-7.718903798,
2717618861,-7.686838268,
2718218821,-7.688009901,
2718818781,-7.560193284,
2719418741,-7.638305944,
2720018701,-7.635063724,
2720618661,-7.7193241,
2721218621,-7.734270938,
2721818581,-7.713782381,
2722418541,-7.604720541,
2723018501,-7.660968735,
2723618461,-7.694239051,
2724218421,-7.532278235,
2724818381,-7.641145566,
2725418341,-7.653678038,
2726018301,-7.597831643,
2726618261,-7.692040752,
2727218221,-7.711391173,
2727818181,-7.65828272,
2728418141,-7.599246157,
2729018101,-7.486460745,
2729618061,-7.63346736,
2730218021,-7.575839979,
2730817981,-7.676118008,
2731417941,-7.610369223,
2732017901,-7.553500963,
2732617861,-7.489312575,
2733217821,-7.550159805,
2733817781,-7.691480768,
2734417741,-7.536576867,
2735017701,-7.627351384,
2735617661,-7.547382733,
2736217621,-7.626080348,
2736817581,-7.474807979,
2737417541,-7.492498193,
2738017501,-7.46244647,
2738617461,-7.456913368,
2739217421,-7.552948169,
2739817381,-7.431472763,
2740417341,-7.447251071,
2741017301,-7.486814376,
2741617261,-7.423338711,
2742217221,-7.27393348,
2742817181,-7.398629821,
2743417141,-7.423603529,
2744017101,-7.215487926,
2744617061,-7.342484274,
2745217021,-7.349233568,
2745816981,-7.278862554,
2746416941,-7.343931675,
2747016901,-7.22666761,
2747616861,-7.259864672,
2748216821,-7.231030155,
2748816781,-7.223597941,
2749416741,-7.320597901,
2750016701,-7.019353578,
2750616661,-7.251336054,
2751216621,-7.222643237,
2751816581,-7.236442006,
2752416541,-7.232442349,
2753016501,-7.101092596,
2753616461,-7.176632145,
2754216421,-7.120882287,
2754816381,-6.969592961,
2755416341,-7.028100993,
2756016301,-7.113376011,
2756616261,-7.008038353,
2757216221,-6.989442949,
2757816181,-7.010291871,
2758416141,-7.144997684,
2759016101,-6.999339705,
2759616061,-7.042439621,
2760216021,-7.069237863,
2760815981,-7.083526955,
2761415941,-7.032983441,
2762015901,-7.137339584,
2762615861,-6.934148463,
2763215821,-6.971413998,
2763815781,-6.981637925,
2764415741,-7.037568318,
2765015701,-6.872167643,
2765615661,-7.01018143,
2766215621,-6.964937972,
2766815581,-7.088664448,
2767415541,-7.038999919,
2768015501,-6.8523966,
2768615461,-6.978935038,
2769215421,-6.945064837,
2769815381,-6.977308742,
2770415340,-7.039968657,
2771015300,-6.925035877,
2771615260,-6.919722192,
2772215220,-7.03205662,
2772815180,-6.92069515,
2773415140,-6.974924117,
2774015100,-6.845646079,
2774615060,-6.899077986,
2775215020,-6.8765175,
2775814980,-6.785920024,
2776414940,-6.906993868,
2777014900,-6.91145323,
2777614860,-6.815387833,
2778214820,-6.956186837,
2778814780,-6.824103066,
2779414740,-6.833359262,
2780014700,-6.857818768,
2780614660,-6.830977451,
2781214620,-6.81861943,
2781814580,-6.866869659,
2782414540,-6.78120596,
2783014500,-6.828787923,
2783614460,-6.867107963,
2784214420,-6.914382696,
2784814380,-6.848394609,
2785414340,-6.802062146,
2786014300,-6.87784611,
2786614260,-6.855277879,
2787214220,-6.850865989,
2787814180,-6.792294996,
2788414140,-6.807490982,
2789014100,-6.825634529,
2789614060,-6.853085801,
2790214020,-6.857875721,
2790813980,-6.908442296,
2791413940,-6.811414129,
2792013900,-6.800678082,
2792613860,-6.843234796,
2793213820,-6.777955081,
2793813780,-6.864215771,
2794413740,-6.863804299,
2795013700,-6.864357689,
2795613660,-6.817775647,
2796213620,-6.865950394,
2796813580,-6.941504199,
2797413540,-6.934753151,
2798013500,-6.872528555,
2798613460,-6.839212889,
2799213420,-6.813774254,
2799813380,-6.805415919,
2800413340,-6.956646896,
2801013300,-6.857093588,
2801613260,-6.867443311,
2802213220,-6.907038784,
2802813180,-6.895376708,
2803413140,-6.921717769,
2804013100,-6.900816218,
2804613060,-6.911691341,
2805213020,-6.916883336,
2805812980,-6.864866928,
2806412940,-6.902933337,
2807012900,-6.875853368,
2807612860,-6.826559359,
2808212820,-6.939001873,
2808812780,-6.87741316,
2809412740,-6.942799302,
2810012700,-6.892509301,
2810612660,-6.892613014,
2811212620,-6.987491324,
2811812580,-6.883251247,
2812412540,-6.981975838,
2813012500,-6.918605094,
2813612460,-6.945408522,
2814212420,-6.878260317,
2814812380,-6.9608139,
2815412340,-6.916530227,
2816012300,-6.842436237,
2816612260,-6.940638757,
2817212220,-7.053351381,
2817812180,-6.937839252,
2818412140,-6.930496938,
2819012100,-6.99615104,
2819612060,-7.01337185,
2820212020,-7.045971654,
2820811980,-6.986988244,
2821411940,-6.968499244,
2822011900,-6.967160371,
2822611860,-7.087549603,
2823211820,-6.929256735,
2823811780,-6.960904566,
2824411740,-7.071173223,
2825011700,-6.968441509,
2825611660,-6.997504191,
2826211620,-7.015652434,
2826811580,-7.040845037,
2827411540,-7.035010271,
2828011500,-7.064690181,
2828611460,-7.038085025,
2829211420,-6.966561291,
2829811380,-7.03184013,
2830411340,-7.001450412,
2831011300,-7.027716085,
2831611260,-7.148162778,
2832211220,-7.084398736,
2832811180,-7.114017261,
2833411140,-7.075218222,
2834011100,-7.061095019,
2834611060,-7.089728798,
2835211020,-7.036671836,
2835810980,-7.020473801,
2836410940,-7.06831732,
2837010900,-7.072494303,
2837610860,-7.167028141,
2838210820,-7.143915871,
2838810780,-7.083136734,
2839410740,-7.099307466,
2840010700,-7.158676334,
2840610660,-7.079261967,
2841210620,-7.129924251,
2841810580,-7.166108458,
2842410540,-7.14066882,
2843010500,-7.11343633,
2843610460,-7.079768374,
2844210420,-7.145914916,
2844810380,-7.250859018,
2845410340,-7.171431996,
2846010300,-7.106343719,
2846610260,-7.054384294,
2847210220,-7.120308355,
2847810180,-7.146695769,
2848410140,-7.181322754,
2849010100,-7.197716236,
2849610060,-7.149748855,
2850210020,-7.189696402,
2850809980,-7.095066194,
2851409940,-7.230276415,
2852009900,-7.205527999,
2852609860,-7.201551933,
2853209820,-7.142885962,
2853809780,-7.192752801,
2854409740,-7.260917587,
2855009700,-7.166319477,
2855609660,-7.218294717,
2856209620,-7.184598523,
2856809580,-7.167824367,
2857409540,-7.180248186,
2858009500,-7.244509949,
2858609460,-7.326094433,
2859209420,-7.200468811,
2859809380,-7.227856974,
2860409340,-7.277667556,
2861009300,-7.208144388,
2861609260,-7.314350968,
2862209220,-7.267318733,
2862809180,-7.371945613,
2863409140,-7.31091643,
2864009100,-7.294852458,
2864609060,-7.289285141,
2865209020,-7.366917387,
2865808980,-7.415593537,
2866408940,-7.423957442,
2867008900,-7.548277406,
2867608860,-7.34120082,
2868208820,-7.3317907,
2868808780,-7.341261482,
2869408740,-7.524404282,
2870008700,-7.402780915,
2870608660,-7.478827116,
2871208620,-7.335038704,
2871808580,-7.502141422,
2872408540,-7.471716835,
2873008500,-7.580234806,
2873608460,-7.433219457,
2874208420,-7.454865736,
2874808380,-7.582955655,
2875408340,-7.530726379,
2876008300,-7.541622225,
2876608260,-7.483428385,
2877208220,-7.597255083,
2877808180,-7.580438072,
2878408140,-7.603652797,
2879008100,-7.706283478,
2879608060,-7.751706364,
2880208020,-7.680218032,
2880807980,-7.725502745,
2881407940,-7.692414757,
2882007900,-7.694522686,
2882607860,-7.799206863,
2883207820,-7.837750141,
2883807780,-7.787553791,
2884407740,-7.836575718,
2885007700,-7.891004762,
2885607660,-7.78005319,
2886207620,-7.869655054,
2886807580,-7.97225974,
2887407540,-7.841872646,
2888007500,-7.918145217,
2888607460,-7.908575927,
2889207420,-7.955634937,
2889807380,-7.890817505,
2890407340,-8.069993713,
2891007300,-7.995089705,
2891607260,-7.911582287,
2892207220,-7.944804823,
2892807180,-8.028361486,
2893407140,-7.981754035,
2894007100,-8.097433042,
2894607060,-8.072525705,
2895207020,-8.147403334,
2895806980,-8.170193772,
2896406940,-8.154086972,
2897006900,-8.187085776,
2897606860,-8.095481697,
2898206820,-8.277278322,
2898806780,-8.159989663,
2899406740,-8.243152717,
2900006700,-8.115451944,
2900606660,-8.144720677,
2901206620,-8.238372399,
2901806580,-8.216700765,
2902406540,-8.328187344,
2903006500,-8.313785057,
2903606460,-8.268831133,
2904206420,-8.343566061,
2904806380,-8.365241484,
2905406340,-8.299791733,
2906006300,-8.284590592,
2906606260,-8.470074283,
2907206220,-8.373608706,
2907806180,-8.440751923,
2908406140,-8.456709196,
2909006100,-8.38342765,
2909606060,-8.548223167,
2910206020,-8.439934699,
2910805980,-8.575408003,
2911405940,-8.512102242,
2912005900,-8.569845806,
2912605860,-8.617625281,
2913205820,-8.615438802,
2913805780,-8.557329566,
2914405740,-8.701380515,
2915005700,-8.66489845,
2915605660,-8.610835459,
2916205620,-8.690916753,
2916805580,-8.711538906,
2917405540,-8.779514418,
2918005500,-8.735894225,
2918605460,-8.708426044,
2919205420,-8.809753378,
2919805380,-8.762599356,
2920405340,-8.689380224,
2921005300,-8.843768724,
2921605260,-8.776205065,
2922205220,-9.050469346,
2922805180,-8.845456604,
2923405140,-8.91040414,
2924005100,-8.834937979,
2924605059,-8.743064428,
2925205019,-8.951124765,
2925804979,-9.001339939,
2926404939,-8.870104532,
2927004899,-9.006022532,
2927604859,-8.900426322,
2928204819,-9.040158188,
2928804779,-8.961941538,
2929404739,-8.81224449,
2930004699,-9.018895402,
2930604659,-9.008972562,
2931204619,-8.962572154,
2931804579,-8.931663549,
2932404539,-8.939186103,
2933004499,-9.02811008,
2933604459,-9.031783895,
2934204419,-9.011517824,
2934804379,-9.125825772,
2935404339,-9.080244982,
2936004299,-9.2058225,
2936604259,-9.136685956,
2937204219,-9.195625168,
2937804179,-9.153898083,
2938404139,-9.029507677,
2939004099,-9.212450302,
2939604059,-9.078390769,
2940204019,-9.163609037,
2940803979,-9.30855081,
2941403939,-9.183882523,
2942003899,-9.032766722,
2942603859,-9.291272097,
2943203819,-9.249899803,
2943803779,-9.218382736,
2944403739,-9.159273807,
2945003699,-9.256361136,
2945603659,-9.250113899,
2946203619,-9.256309815,
2946803579,-9.204804986,
2947403539,-9.204108782,
2948003499,-9.13142484,
2948603459,-9.269590119,
2949203419,-9.241848018,
2949803379,-9.233881129,
2950403339,-9.091691844,
2951003299,-9.188694373,
2951603259,-9.370654093,
2952203219,-9.045299837,
2952803179,-9.255072544,
2953403139,-9.230237338,
2954003099,-9.203220663,
2954603059,-9.242529948,
2955203019,-9.394492244,
2955802979,-9.30887861,
2956402939,-9.213181974,
2957002899,-9.345564418,
2957602859,-9.258326234,
2958202819,-9.233186219,
2958802779,-9.271685037,
2959402739,-9.390437072,
2960002699,-9.399560454,
2960602659,-9.205152245,
2961202619,-9.077294223,
2961802579,-9.160929413,
2962402539,-9.30348994,
2963002499,-9.347105418,
2963602459,-9.211181688,
2964202419,-9.296140366,
2964802379,-9.248079146,
2965402339,-9.165943746,
2966002299,-9.27887555,
2966602259,-9.223502931,
2967202219,-9.318104678,
2967802179,-9.163472524,
2968402139,-9.184007416,
2969002099,-9.144170987,
2969602059,-9.242401777,
2970202019,-9.273190879,
2970801979,-9.051890542,
2971401939,-9.241615821,
2972001899,-9.093917265,
2972601859,-9.236466868,
2973201819,-9.154424901,
2973801779,-9.08924569,
2974401739,-9.075529451,
2975001699,-9.149170262,
2975601659,-9.124097735,
2976201619,-9.129359735,
2976801579,-8.960913967,
2977401539,-9.004049409,
2978001499,-9.116783524,
2978601459,-9.106643817,
2979201419,-9.174379263,
2979801379,-9.119674162,
2980401339,-8.983763977,
2981001299,-9.052147205,
2981601259,-8.857945205,
2982201219,-8.989380173,
2982801179,-8.968743276,
2983401139,-8.890073262,
2984001099,-8.955269804,
2984601059,-8.895589257,
2985201019,-9.043518113,
2985800979,-8.879455507,
2986400939,-8.940322013,
2987000899,-8.969404111,
2987600859,-8.964606492,
2988200819,-9.134200833,
2988800779,-8.82545809,
2989400739,-8.945916188,
2990000699,-8.89948789,
2990600659,-8.853389754,
2991200619,-8.783267536,
2991800579,-8.853619456,
2992400539,-8.847829393,
2993000499,-8.867514584,
2993600459,-8.739333992,
2994200419,-8.809228273,
2994800379,-8.859203761,
2995400339,-8.939230178,
2996000299,-8.888950183,
2996600259,-8.738593731,
2997200219,-8.7662155,
2997800179,-8.755830512,
2998400139,-8.659219818,
2999000099,-8.656179796,
2999600059,-8.768464019,
3000200019,-8.828391516,
3000799979,-8.690315633,
3001399939,-8.721552477,
3001999899,-8.651028477,
3002599859,-8.613096898,
3003199819,-8.660393743,
3003799779,-8.623142173,
3004399739,-8.66461172,
3004999699,-8.673291833,
3005599659,-8.668510271,
3006199619,-8.517778798,
3006799579,-8.527357821,
3007399539,-8.381830328,
3007999499,-8.649576798,
3008599459,-8.463519777,
3009199419,-8.381924276,
3009799379,-8.418398687,
3010399339,-8.582489101,
3010999299,-8.484931322,
3011599259,-8.494496045,
3012199219,-8.468365599,
3012799179,-8.458180632,
3013399139,-8.401739574,
3013999099,-8.321969022,
3014599059,-8.398880628,
3015199019,-8.465437571,
3015798979,-8.419410059,
3016398939,-8.367952795,
3016998899,-8.440052285,
3017598859,-8.429411951,
3018198819,-8.403840038,
3018798779,-8.34295389,
3019398739,-8.346589504,
3019998699,-8.328094939,
3020598659,-8.38204716,
3021198619,-8.409713158,
3021798579,-8.306172005,
3022398539,-8.307168526,
3022998499,-8.345746301,
3023598459,-8.291652761,
3024198419,-8.346511082,
3024798379,-8.325603759,
3025398339,-8.331991651,
3025998299,-8.171818938,
3026598259,-8.265117849,
3027198219,-8.233258027,
3027798179,-8.310510328,
3028398139,-8.159630007,
3028998099,-8.277425461,
3029598059,-8.321828561,
3030198019,-8.165891666,
3030797979,-8.181656018,
3031397939,-8.139572584,
3031997899,-8.157698375,
3032597859,-8.197274937,
3033197819,-8.215575693,
3033797779,-8.230710884,
3034397739,-8.223710836,
3034997699,-8.232615303,
3035597659,-8.250463999,
3036197619,-8.115282868,
3036797579,-8.209850265,
3037397539,-8.040016583,
3037997499,-8.23517666,
3038597459,-8.272229618,
3039197419,-8.09262626,
3039797379,-8.227671891,
3040397339,-8.311864093,
3040997299,-8.161699799,
3041597259,-8.173707714,
3042197219,-8.236544328,
3042797179,-8.205092188,
3043397139,-8.188968615,
3043997099,-8.14673966,
3044597059,-8.222382289,
3045197019,-8.170275635,
3045796979,-8.035650791,
3046396939,-8.194494871,
3046996899,-8.188812547,
3047596859,-8.283230447,
3048196819,-8.169060908,
3048796779,-8.20729661,
3049396739,-8.236041935,
3049996699,-8.21101255,
3050596659,-8.068589328,
3051196619,-8.126364109,
3051796579,-8.12544849,
3052396539,-8.122504053,
3052996499,-8.174483641,
3053596459,-8.152691825,
3054196419,-8.146799419,
3054796379,-8.092229907,
3055396339,-8.312476661,
3055996299,-8.117175037,
3056596259,-8.165259949,
3057196219,-8.133988994,
3057796179,-8.144154292,
3058396139,-8.222568432,
3058996099,-8.171335568,
3059596059,-8.02802398,
3060196019,-8.217924331,
3060795979,-8.335714687,
3061395939,-8.09904724,
3061995899,-8.148663754,
3062595859,-8.195216284,
3063195819,-8.214269566,
3063795779,-8.168824561,
3064395739,-8.255310691,
3064995699,-8.17915999,
3065595659,-8.202591801,
3066195619,-8.029752636,
3066795579,-8.282336649,
3067395539,-8.131112201,
3067995499,-8.256670566,
3068595459,-8.290449471,
3069195419,-8.225232232,
3069795379,-8.055978097,
3070395339,-8.153898021,
3070995299,-8.21782464,
3071595259,-8.15962992,
3072195219,-8.190126537,
3072795179,-8.184051993,
3073395139,-8.270957002,
3073995099,-8.160107035,
3074595059,-8.239956496,
3075195019,-8.131982848,
3075794979,-8.263965637,
3076394939,-8.203761652,
3076994899,-8.1754084,
3077594859,-8.201202404,
3078194818,-8.151409654,
3078794778,-8.251228264,
3079394738,-8.205516824,
3079994698,-8.125185993,
3080594658,-8.216541716,
3081194618,-8.054201046,
3081794578,-8.210103692,
3082394538,-8.222432671,
3082994498,-8.178635241,
3083594458,-8.328653033,
3084194418,-8.34362633,
3084794378,-8.331898059,
3085394338,-8.20120424,
3085994298,-8.23058392,
3086594258,-8.27448956,
3087194218,-8.080808038,
3087794178,-8.189312028,
3088394138,-8.286325349,
3088994098,-8.260878138,
3089594058,-8.235553959,
3090194018,-8.203810143,
3090793978,-8.211575489,
3091393938,-8.282738755,
3091993898,-8.172230045,
3092593858,-8.321294913,
3093193818,-8.210241324,
3093793778,-8.33534463,
3094393738,-8.245572945,
3094993698,-8.095424418,
3095593658,-8.294082414,
3096193618,-8.180377926,
3096793578,-8.270263856,
3097393538,-8.22975185,
3097993498,-8.140767333,
3098593458,-8.329660371,
3099193418,-8.263487542,
3099793378,-8.30163784,
3100393338,-8.247435643,
3100993298,-8.227772755,
3101593258,-8.295706164,
3102193218,-8.287873785,
3102793178,-8.269683518,
3103393138,-8.189977459,
3103993098,-8.332761103,
3104593058,-8.244518712,
3105193018,-8.38289803,
3105792978,-8.253395805,
3106392938,-8.348746579,
3106992898,-8.394767246,
3107592858,-8.286216884,
3108192818,-8.353418774,
3108792778,-8.358460387,
3109392738,-8.364083931,
3109992698,-8.312746254,
3110592658,-8.38262539,
3111192618,-8.309027128,
3111792578,-8.290905027,
3112392538,-8.403012141,
3112992498,-8.376675824,
3113592458,-8.320941968,
3114192418,-8.479425401,
3114792378,-8.41823845,
3115392338,-8.392716493,
3115992298,-8.390733309,
3116592258,-8.39959226,
3117192218,-8.492487389,
3117792178,-8.449911577,
3118392138,-8.525549422,
3118992098,-8.450719632,
3119592058,-8.441542228,
3120192018,-8.499825238,
3120791978,-8.478611543,
3121391938,-8.509675347,
3121991898,-8.507887951,
3122591858,-8.468563586,
3123191818,-8.522708137,
3123791778,-8.55840065,
3124391738,-8.478084719,
3124991698,-8.401266529,
3125591658,-8.594576547,
3126191618,-8.618554462,
3126791578,-8.520309179,
3127391538,-8.512845744,
3127991498,-8.638503711,
3128591458,-8.621533588,
3129191418,-8.620696708,
3129791378,-8.631007901,
3130391338,-8.643955912,
3130991298,-8.580091545,
3131591258,-8.633824971,
3132191218,-8.55136426,
3132791178,-8.624168016,
3133391138,-8.615412305,
3133991098,-8.663042234,
3134591058,-8.609389663,
3135191018,-8.649295498,
3135790978,-8.76854619,
3136390938,-8.730580775,
3136990898,-8.656006513,
3137590858,-8.582021873,
3138190818,-8.614006901,
3138790778,-8.823696834,
3139390738,-8.758701261,
3139990698,-8.765811776,
3140590658,-8.743900638,
3141190618,-8.644772674,
3141790578,-8.79117521,
3142390538,-8.739611241,
3142990498,-8.850862958,
3143590458,-8.671746755,
3144190418,-8.804675454,
3144790378,-8.857144546,
3145390338,-8.92560919,
3145990298,-8.795314166,
3146590258,-8.861790095,
3147190218,-8.95688625,
3147790178,-9.031920117,
3148390138,-8.928358246,
3148990098,-9.039392933,
3149590058,-8.978193514,
3150190018,-9.09608047,
3150789978,-8.925994241,
3151389938,-9.098787542,
3151989898,-9.02929162,
3152589858,-9.08953861,
3153189818,-8.997976371,
3153789778,-9.182462371,
3154389738,-9.060106987,
3154989698,-9.079019406,
3155589658,-9.247533124,
3156189618,-9.118507997,
3156789578,-9.16159693,
3157389538,-9.113013221,
3157989498,-9.23480846,
3158589458,-9.156714848,
3159189418,-9.285630405,
3159789378,-9.265792894,
3160389338,-9.280871651,
3160989298,-9.372799377,
3161589258,-9.376791746,
3162189218,-9.283771796,
3162789178,-9.269970228,
3163389138,-9.386928293,
3163989098,-9.362331112,
3164589058,-9.461921885,
3165189018,-9.533029188,
3165788978,-9.409119798,
3166388938,-9.402209842,
3166988898,-9.382023769,
3167588858,-9.561340166,
3168188818,-9.553740028,
3168788778,-9.525323196,
3169388738,-9.457667144,
3169988698,-9.554834574,
3170588658,-9.504939328,
3171188618,-9.414716174,
3171788578,-9.44857792,
3172388538,-9.446072036,
3172988498,-9.574757549,
3173588458,-9.568506863,
3174188418,-9.630425427,
3174788378,-9.544017668,
3175388338,-9.470363697,
3175988298,-9.594686568,
3176588258,-9.553269525,
3177188218,-9.631828056,
3177788178,-9.662811737,
3178388138,-9.655574474,
3178988098,-9.641818749,
3179588058,-9.665867848,
3180188018,-9.602110259,
3180787978,-9.638449227,
3181387938,-9.568695477,
3181987898,-9.662088618,
3182587858,-9.706149451,
3183187818,-9.640609944,
3183787778,-9.590009029,
3184387738,-9.586095869,
3184987698,-9.644981395,
3185587658,-9.611933666,
3186187618,-9.655133092,
3186787578,-9.621857124,
3187387538,-9.595365241,
3187987498,-9.77269272,
3188587458,-9.73705821,
3189187418,-9.736020444,
3189787378,-9.780445409,
3190387338,-9.650274074,
3190987298,-9.730597575,
3191587258,-9.742137145,
3192187218,-9.799883311,
3192787178,-9.710807391,
3193387138,-9.71751702,
3193987098,-9.747353831,
3194587058,-9.755398624,
3195187018,-9.681887389,
3195786978,-9.789563062,
3196386938,-9.772020311,
3196986898,-9.732924685,
3197586858,-9.695703494,
3198186818,-9.801804905,
3198786778,-9.699514834,
3199386738,-9.762959406,
3199986698,-9.703727056,
3200586658,-9.767104229,
3201186618,-9.808748841,
3201786578,-9.746504007,
3202386538,-9.678081706,
3202986498,-9.781801151,
3203586458,-9.705636651,
3204186418,-9.693482643,
3204786378,-9.866934498,
3205386338,-9.723395015,
3205986298,-9.761437124,
3206586258,-9.741100698,
3207186218,-9.68877167,
3207786178,-9.778669761,
3208386138,-9.723851702,
3208986098,-9.728337302,
3209586058,-9.731338147,
3210186018,-9.774466632,
3210785978,-9.773547969,
3211385938,-9.685468712,
3211985898,-9.812922467,
3212585858,-9.797618274,
3213185818,-9.729713578,
3213785778,-9.761308557,
3214385738,-9.706392708,
3214985698,-9.698921337,
3215585658,-9.729643118,
3216185618,-9.774423805,
3216785578,-9.645389188,
3217385538,-9.664726673,
3217985498,-9.649831965,
3218585458,-9.594326694,
3219185418,-9.61505358,
3219785378,-9.743920168,
3220385338,-9.68916453,
3220985298,-9.651268643,
3221585258,-9.578026969,
3222185218,-9.650823415,
3222785178,-9.64126507,
3223385138,-9.522161482,
3223985098,-9.692482922,
3224585058,-9.578718964,
3225185018,-9.65568928,
3225784978,-9.576649918,
3226384938,-9.619594898,
3226984898,-9.694795177,
3227584858,-9.530974756,
3228184818,-9.543606335,
3228784778,-9.581122453,
3229384738,-9.495918633,
3229984698,-9.505558813,
3230584658,-9.500454694,
3231184618,-9.531579834,
3231784578,-9.561634711,
3232384537,-9.612274228,
3232984497,-9.475544444,
3233584457,-9.476100605,
3234184417,-9.461607722,
3234784377,-9.422474397,
3235384337,-9.424001652,
3235984297,-9.460371013,
3236584257,-9.398689217,
3237184217,-9.43120504,
3237784177,-9.383989242,
3238384137,-9.372210947,
3238984097,-9.502830296,
3239584057,-9.423642181,
3240184017,-9.3681255,
3240783977,-9.348804306,
3241383937,-9.406653972,
3241983897,-9.3809118,
3242583857,-9.283356784,
3243183817,-9.218213487,
3243783777,-9.353222034,
3244383737,-9.323181915,
3244983697,-9.494690127,
3245583657,-9.409531295,
3246183617,-9.314311989,
3246783577,-9.363172566,
3247383537,-9.448109742,
3247983497,-9.220249581,
3248583457,-9.19958335,
3249183417,-9.251762848,
3249783377,-9.221731075,
3250383337,-9.289619501,
3250983297,-9.276854896,
3251583257,-9.33028475,
3252183217,-9.190482597,
3252783177,-9.210993349,
3253383137,-9.247608272,
3253983097,-9.213261018,
3254583057,-9.122561397,
3255183017,-9.32427121,
3255782977,-9.225043181,
3256382937,-9.137474495,
3256982897,-9.212043655,
3257582857,-9.122474913,
3258182817,-9.242573963,
3258782777,-9.189065799,
3259382737,-9.147648015,
3259982697,-9.064749089,
3260582657,-9.190376329,
3261182617,-9.157335342,
3261782577,-9.191841033,
3262382537,-9.044004767,
3262982497,-9.154455412,
3263582457,-9.043557456,
3264182417,-9.110092443,
3264782377,-9.009555765,
3265382337,-9.186681449,
3265982297,-8.96913609,
3266582257,-9.022234004,
3267182217,-8.839928096,
3267782177,-9.028498585,
3268382137,-9.058119242,
3268982097,-9.010743288,
3269582057,-9.03591697,
3270182017,-9.029593379,
3270781977,-9.010636706,
3271381937,-8.872654269,
3271981897,-9.050994738,
3272581857,-8.890497404,
3273181817,-8.955154361,
3273781777,-8.859760853,
3274381737,-8.914051786,
3274981697,-8.952714638,
3275581657,-8.885894771,
3276181617,-8.952007774,
3276781577,-8.962455887,
3277381537,-8.881744861,
3277981497,-8.965037819,
3278581457,-8.955939037,
3279181417,-8.884459562,
3279781377,-8.897219158,
3280381337,-8.910744452,
3280981297,-8.894728209,
3281581257,-8.866505372,
3282181217,-8.853735608,
3282781177,-8.937130076,
3283381137,-8.883117759,
3283981097,-8.859665408,
3284581057,-8.851004539,
3285181017,-8.878820985,
3285780977,-8.870756006,
3286380937,-8.89274467,
3286980897,-8.765488978,
3287580857,-8.752540874,
3288180817,-8.851054505,
3288780777,-8.728202181,
3289380737,-8.790307258,
3289980697,-8.808814602,
3290580657,-9.013679733,
3291180617,-8.936066142,
3291780577,-8.764770587,
3292380537,-8.735622609,
3292980497,-8.838867944,
3293580457,-8.863111698,
3294180417,-8.933286923,
3294780377,-8.816372174,
3295380337,-8.957669617,
3295980297,-8.859668517,
3296580257,-8.861237904,
3297180217,-8.677247558,
3297780177,-8.79641404,
3298380137,-8.726367752,
3298980097,-8.784687225,
3299580057,-8.746620645,
3300180017,-8.86891618,
3300779977,-8.863504526,
3301379937,-8.903840243,
3301979897,-8.827493577,
3302579857,-8.795085716,
3303179817,-8.834341863,
3303779777,-8.839013045,
3304379737,-8.757242688,
3304979697,-8.785693633,
3305579657,-8.81926945,
3306179617,-8.758237785,
3306779577,-8.794104346,
3307379537,-8.686429087,
3307979497,-8.846915504,
3308579457,-8.765092048,
3309179417,-8.769783732,
3309779377,-8.844771712,
3310379337,-8.802385211,
3310979297,-8.705770699,
3311579257,-8.740523386,
3312179217,-8.63386539,
3312779177,-8.779487049,
3313379137,-8.77002311,
3313979097,-8.806223887,
3314579057,-8.738852895,
3315179017,-8.713586743,
3315778977,-8.724643421,
3316378937,-8.810399644,
3316978897,-8.87589496,
3317578857,-8.714244477,
3318178817,-8.803890406,
3318778777,-8.883092584,
3319378737,-8.777907761,
3319978697,-8.79135963,
3320578657,-8.654760102,
3321178617,-8.725703796,
3321778577,-8.727356924,
3322378537,-8.820220672,
3322978497,-8.784589695,
3323578457,-8.815648882,
3324178417,-8.671145126,
3324778377,-8.720912572,
3325378337,-8.761391635,
3325978297,-8.699312736,
3326578257,-8.943499045,
3327178217,-8.903391809,
3327778177,-8.682600317,
3328378137,-8.677587925,
3328978097,-8.870244936,
3329578057,-8.838094549,
3330178017,-8.832644237,
3330777977,-8.800609589,
3331377937,-8.652447377,
3331977897,-8.709511971,
3332577857,-8.81579538,
3333177817,-8.916234492,
3333777777,-8.932166184,
3334377737,-8.90956688,
3334977697,-8.841400873,
3335577657,-8.770666127,
3336177617,-8.819476985,
3336777577,-8.835159112,
3337377537,-8.725538978,
3337977497,-8.783310657,
3338577457,-8.722276057,
3339177417,-8.790690053,
3339777377,-8.860546787,
3340377337,-8.930603536,
3340977297,-8.738892917,
3341577257,-8.800043923,
3342177217,-8.785237125,
3342777177,-8.772138238,
3343377137,-8.838422599,
3343977097,-8.709376911,
3344577057,-8.645172507,
3345177017,-8.670475851,
3345776977,-8.898357376,
3346376937,-8.862661255,
3346976897,-8.849036579,
3347576857,-8.825841484,
3348176817,-8.799745347,
3348776777,-8.895142446,
3349376737,-8.833916798,
3349976697,-8.759851933,
3350576657,-8.807362477,
3351176617,-8.88177548,
3351776577,-8.718276959,
3352376537,-8.833342071,
3352976497,-8.774702748,
3353576457,-8.783447739,
3354176417,-8.938857256,
3354776377,-8.785482327,
3355376337,-8.810363936,
3355976297,-8.79061363,
3356576257,-8.869002414,
3357176217,-8.878117892,
3357776177,-8.907310058,
3358376137,-8.716883315,
3358976097,-8.891218257,
3359576057,-8.769913151,
3360176017,-8.748131561,
3360775977,-8.818519733,
3361375937,-8.892319776,
3361975897,-8.822380976,
3362575857,-8.821855749,
3363175817,-8.639338373,
3363775777,-8.825945185,
3364375737,-8.826389628,
3364975697,-8.790619715,
3365575657,-8.7896253,
3366175617,-8.857524267,
3366775577,-8.809941148,
3367375537,-8.753236841,
3367975497,-8.840733494,
3368575457,-8.814144483,
3369175417,-8.827224187,
3369775377,-8.798050372,
3370375337,-8.83969427,
3370975297,-8.795532695,
3371575257,-8.879401316,
3372175217,-8.876647124,
3372775177,-8.82519996,
3373375137,-8.865299235,
3373975097,-8.937230067,
3374575057,-8.858834232,
3375175017,-8.924080621,
3375774977,-8.911201901,
3376374937,-8.827543925,
3376974897,-8.894476885,
3377574857,-8.934023839,
3378174817,-8.935151983,
3378774777,-8.849989794,
3379374737,-8.886042232,
3379974697,-8.895927259,
3380574657,-8.936233862,
3381174617,-8.876144911,
3381774577,-8.902203624,
3382374537,-8.936738714,
3382974497,-8.952226943,
3383574457,-9.035680703,
3384174417,-8.93727935,
3384774377,-9.043541061,
3385374337,-8.977473749,
3385974296,-8.997226923,
3386574256,-8.986349977,
3387174216,-8.969220568,
3387774176,-9.075150876,
3388374136,-8.97084858,
3388974096,-9.011318003,
3389574056,-9.060206825,
3390174016,-9.09403951,
3390773976,-8.980565249,
3391373936,-8.990775705,
3391973896,-9.081588768,
3392573856,-9.053701076,
3393173816,-9.139359154,
3393773776,-9.137716155,
3394373736,-9.065469728,
3394973696,-9.140107684,
3395573656,-8.939258764,
3396173616,-9.172341078,
3396773576,-9.180780844,
3397373536,-9.179836236,
3397973496,-9.143092781,
3398573456,-9.10233869,
3399173416,-9.171958681,
3399773376,-9.09445292,
3400373336,-9.259344708,
3400973296,-9.213270304,
3401573256,-9.20171763,
3402173216,-9.108189179,
3402773176,-9.236900657,
3403373136,-9.169239448,
3403973096,-9.301485698,
3404573056,-9.18748932,
3405173016,-9.274379161,
3405772976,-9.288464003,
3406372936,-9.400051471,
3406972896,-9.235709836,
3407572856,-9.426467315,
3408172816,-9.257246024,
3408772776,-9.289107245,
3409372736,-9.361371916,
3409972696,-9.291337442,
3410572656,-9.31015707,
3411172616,-9.426455649,
3411772576,-9.340787447,
3412372536,-9.382616156,
3412972496,-9.354361872,
3413572456,-9.37803608,
3414172416,-9.491953891,
3414772376,-9.396482995,
3415372336,-9.313641703,
3415972296,-9.488772418,
3416572256,-9.472472184,
3417172216,-9.525124428,
3417772176,-9.347584155,
3418372136,-9.416716615,
3418972096,-9.519037145,
3419572056,-9.467672908,
3420172016,-9.463764506,
3420771976,-9.514704904,
3421371936,-9.503157977,
3421971896,-9.37102254,
3422571856,-9.493508173,
3423171816,-9.396312584,
3423771776,-9.580459187,
3424371736,-9.709388293,
3424971696,-9.625638814,
3425571656,-9.540493395,
3426171616,-9.479981494,
3426771576,-9.513556694,
3427371536,-9.458962609,
3427971496,-9.472294852,
3428571456,-9.652155197,
3429171416,-9.621982462,
3429771376,-9.832474577,
3430371336,-9.565160148,
3430971296,-9.748464187,
3431571256,-9.783774484,
3432171216,-9.554276676,
3432771176,-9.736991476,
3433371136,-9.737734755,
3433971096,-9.657065817,
3434571056,-9.696565225,
3435171016,-9.936202259,
3435770976,-9.677084238,
3436370936,-9.81095248,
3436970896,-9.811043656,
3437570856,-9.912308616,
3438170816,-9.626630253,
3438770776,-9.872937806,
3439370736,-9.710516161,
3439970696,-9.969003341,
3440570656,-9.875016822,
3441170616,-9.806089199,
3441770576,-9.872565534,
3442370536,-10.02242945,
3442970496,-9.732510227,
3443570456,-9.821216924,
3444170416,-9.897880401,
3444770376,-9.907596623,
3445370336,-9.909124514,
3445970296,-9.834663158,
3446570256,-9.956857805,
3447170216,-9.861747797,
3447770176,-10.05641527,
3448370136,-9.983249658,
3448970096,-9.935485699,
3449570056,-9.819355467,
3450170016,-9.900451526,
3450769976,-9.928098024,
3451369936,-9.965584995,
3451969896,-9.981903702,
3452569856,-9.844598289,
3453169816,-9.925828962,
3453769776,-9.857978695,
3454369736,-10.07832871,
3454969696,-9.863558775,
3455569656,-9.930521629,
3456169616,-9.996127586,
3456769576,-9.949370093,
3457369536,-9.977571087,
3457969496,-10.00340958,
3458569456,-9.914191531,
3459169416,-9.906067828,
3459769376,-9.955849903,
3460369336,-9.917045683,
3460969296,-9.808171065,
3461569256,-9.85430904,
3462169216,-9.830908682,
3462769176,-9.920532723,
3463369136,-9.910996747,
3463969096,-9.805203256,
3464569056,-9.958081678,
3465169016,-10.00207401,
3465768976,-9.84415548,
3466368936,-9.856283764,
3466968896,-9.9243593,
3467568856,-9.903879445,
3468168816,-9.803022734,
3468768776,-9.932594654,
3469368736,-9.95837954,
3469968696,-9.730955409,
3470568656,-9.94935078,
3471168616,-9.746218551,
3471768576,-9.62826418,
3472368536,-9.998504649,
3472968496,-9.837919373,
3473568456,-9.906971191,
3474168416,-9.729469964,
3474768376,-9.921857734,
3475368336,-9.84617893,
3475968296,-9.902541492,
3476568256,-9.717308518,
3477168216,-9.898856456,
3477768176,-9.797244089,
3478368136,-9.756108906,
3478968096,-9.649741201,
3479568056,-9.899647563,
3480168016,-9.84354838,
3480767976,-9.7753688,
3481367936,-9.768452436,
3481967896,-9.78000156,
3482567856,-9.978004333,
3483167816,-9.69998409,
3483767776,-9.873082954,
3484367736,-9.889983585,
3484967696,-9.858230365,
3485567656,-9.920021753,
3486167616,-9.782131785,
3486767576,-9.634747763,
3487367536,-9.668520343,
3487967496,-9.752493301,
3488567456,-9.681400712,
3489167416,-9.861099498,
3489767376,-9.802556518,
3490367336,-9.656556024,
3490967296,-9.7831451,
3491567256,-9.833258156,
3492167216,-9.581730704,
3492767176,-9.72404264,
3493367136,-9.758247347,
3493967096,-9.568934333,
3494567056,-9.554804317,
3495167016,-9.550640272,
3495766976,-9.61078722,
3496366936,-9.603812429,
3496966896,-9.643481026,
3497566856,-9.563565782,
3498166816,-9.599894817,
3498766776,-9.500482922,
3499366736,-9.412417119,
3499966696,-9.552967374,
3500566656,-9.358708163,
3501166616,-9.38702121,
3501766576,-9.512275365,
3502366536,-9.398336871,
3502966496,-9.519334955,
3503566456,-9.422857887,
3504166416,-9.260724982,
3504766376,-9.286159973,
3505366336,-9.368873835,
3505966296,-9.350090707,
3506566256,-9.428827048,
3507166216,-9.406665212,
3507766176,-9.296578316,
3508366136,-9.400096612,
3508966096,-9.410211091,
3509566056,-9.367960092,
3510166016,-9.331595957,
3510765976,-9.32332452,
3511365936,-9.236709157,
3511965896,-9.323513764,
3512565856,-9.392271742,
3513165816,-9.15134925,
3513765776,-9.265501115,
3514365736,-9.166199615,
3514965696,-9.25858871,
3515565656,-9.141371343,
3516165616,-9.198209253,
3516765576,-9.253368722,
3517365536,-9.193947194,
3517965496,-9.245499052,
3518565456,-9.209723323,
3519165416,-9.21375003,
3519765376,-9.249420915,
3520365336,-9.242480689,
3520965296,-9.163247675,
3521565256,-9.238645734,
3522165216,-9.254103913,
3522765176,-9.105521637,
3523365136,-9.132223625,
3523965096,-9.230448988,
3524565056,-9.183786077,
3525165016,-9.140526213,
3525764976,-9.150083052,
3526364936,-9.088628561,
3526964896,-9.11989824,
3527564856,-9.209693307,
3528164816,-9.123385961,
3528764776,-9.053651759,
3529364736,-9.19953826,
3529964696,-9.140364449,
3530564656,-9.060754796,
3531164616,-9.2095874,
3531764576,-9.080041319,
3532364536,-9.096622719,
3532964496,-8.96510705,
3533564456,-9.150504232,
3534164416,-9.167495936,
3534764376,-9.047822508,
3535364336,-9.120203073,
3535964296,-9.020943499,
3536564256,-9.076287609,
3537164216,-9.112201842,
3537764176,-9.082485332,
3538364136,-9.057335689,
3538964096,-8.947675439,
3539564055,-9.0261255,
3540164015,-9.067605425,
3540763975,-8.958899681,
3541363935,-9.043758923,
3541963895,-9.069090002,
3542563855,-9.046257617,
3543163815,-9.026152946,
3543763775,-9.040656637,
3544363735,-8.953292913,
3544963695,-8.997832841,
3545563655,-9.013787256,
3546163615,-9.028084051,
3546763575,-8.849907904,
3547363535,-8.9214346,
3547963495,-8.937120843,
3548563455,-9.02366592,
3549163415,-9.042041046,
3549763375,-8.972401758,
3550363335,-8.925562972,
3550963295,-9.041483518,
3551563255,-8.877515036,
3552163215,-9.099767473,
3552763175,-8.90942814,
3553363135,-8.885532522,
3553963095,-8.844506423,
3554563055,-8.895659123,
3555163015,-8.953443027,
3555762975,-9.033211242,
3556362935,-9.110268353,
3556962895,-8.909022081,
3557562855,-9.006004267,
3558162815,-9.003849573,
3558762775,-8.971521676,
3559362735,-8.885197702,
3559962695,-9.014229665,
3560562655,-9.053831975,
3561162615,-8.975366905,
3561762575,-9.081532811,
3562362535,-8.974118643,
3562962495,-9.035639302,
3563562455,-8.938368582,
3564162415,-9.007599749,
3564762375,-8.995723367,
3565362335,-8.973155224,
3565962295,-9.043139313,
3566562255,-8.9044126,
3567162215,-9.004134913,
3567762175,-8.912587185,
3568362135,-8.936650708,
3568962095,-8.937124345,
3569562055,-8.960331229,
3570162015,-8.990399054,
3570761975,-8.85288859,
3571361935,-9.05597725,
3571961895,-9.008224307,
3572561855,-8.905140993,
3573161815,-8.880804097,
3573761775,-9.020979162,
3574361735,-8.974467828,
3574961695,-8.923758151,
3575561655,-8.995966256,
3576161615,-8.909403283,
3576761575,-9.033301916,
3577361535,-8.992893487,
3577961495,-9.005975369,
3578561455,-8.966636533,
3579161415,-8.965602599,
3579761375,-8.955962938,
3580361335,-8.947760872,
3580961295,-9.107297688,
3581561255,-8.9476746,
3582161215,-9.097517066,
3582761175,-9.017953892,
3583361135,-9.059008035,
3583961095,-8.925956,
3584561055,-8.989732458,
3585161015,-9.030040079,
3585760975,-8.943721635,
3586360935,-9.034997187,
3586960895,-9.093859095,
3587560855,-8.994149226,
3588160815,-9.129427981,
3588760775,-8.968929103,
3589360735,-8.955640148,
3589960695,-8.9794434,
3590560655,-9.041817722,
3591160615,-8.962762633,
3591760575,-9.088033172,
3592360535,-8.943356609,
3592960495,-9.068961444,
3593560455,-9.049879657,
3594160415,-8.949643801,
3594760375,-9.081467129,
3595360335,-9.094818139,
3595960295,-8.943377754,
3596560255,-9.050266624,
3597160215,-8.987085009,
3597760175,-9.047961591,
3598360135,-9.033410624,
3598960095,-8.934594332,
3599560055,-9.028081732,
3600160015,-9.094496086,
3600759975,-9.01014584,
3601359935,-9.019895456,
3601959895,-9.066411575,
3602559855,-9.069405181,
3603159815,-9.016309552,
3603759775,-9.119448129,
3604359735,-9.055943491,
3604959695,-9.043826847,
3605559655,-9.034608052,
3606159615,-9.118789496,
3606759575,-9.103400761,
3607359535,-9.113928544,
3607959495,-9.124277172,
3608559455,-9.08305326,
3609159415,-9.086616568,
3609759375,-9.098934689,
3610359335,-9.207912759,
3610959295,-9.149883997,
3611559255,-9.039371956,
3612159215,-9.033734511,
3612759175,-9.227539102,
3613359135,-9.03169833,
3613959095,-9.031482636,
3614559055,-9.275937639,
3615159015,-9.072057945,
3615758975,-9.171471341,
3616358935,-9.174437797,
3616958895,-9.206151094,
3617558855,-9.155553242,
3618158815,-9.122383577,
3618758775,-9.198609328,
3619358735,-9.376932489,
3619958695,-9.085200497,
3620558655,-9.122823541,
3621158615,-9.094998422,
3621758575,-9.118307361,
3622358535,-8.972232455,
3622958495,-9.18025502,
3623558455,-9.176475407,
3624158415,-9.140414006,
3624758375,-9.15458406,
3625358335,-9.158872565,
3625958295,-9.353630888,
3626558255,-9.22960793,
3627158215,-9.313469957,
3627758175,-9.21598332,
3628358135,-9.323817334,
3628958095,-9.213393676,
3629558055,-9.15884095,
3630158015,-9.339725528,
3630757975,-9.239435872,
3631357935,-9.195274786,
3631957895,-9.3658355,
3632557855,-9.225935761,
3633157815,-9.195201771,
3633757775,-9.177421562,
3634357735,-9.290711449,
3634957695,-9.27231024,
3635557655,-9.236811766,
3636157615,-9.390299139,
3636757575,-9.161082116,
3637357535,-9.385859213,
3637957495,-9.310271654,
3638557455,-9.352715928,
3639157415,-9.23016695,
3639757375,-9.460164024,
3640357335,-9.382143859,
3640957295,-9.272260546,
3641557255,-9.328040771,
3642157215,-9.164195332,
3642757175,-9.442210437,
3643357135,-9.372407094,
3643957095,-9.365753766,
3644557055,-9.330210309,
3645157015,-9.360740641,
3645756975,-9.391996763,
3646356935,-9.298692172,
3646956895,-9.374466721,
3647556855,-9.249156213,
3648156815,-9.343255953,
3648756775,-9.255955946,
3649356735,-9.252425122,
3649956695,-9.271237015,
3650556655,-9.518706353,
3651156615,-9.430117238,
3651756575,-9.393340346,
3652356535,-9.449983088,
3652956495,-9.444184271,
3653556455,-9.376489906,
3654156415,-9.467083824,
3654756375,-9.504869991,
3655356335,-9.489326877,
3655956295,-9.476385833,
3656556255,-9.53664827,
3657156215,-9.535238725,
3657756175,-9.579442737,
3658356135,-9.608124806,
3658956095,-9.531750998,
3659556055,-9.617446838,
3660156015,-9.567062385,
3660755975,-9.62747741,
3661355935,-9.548355321,
3661955895,-9.962677742,
3662555855,-9.789367214,
3663155815,-9.869996911,
3663755775,-9.550391039,
3664355735,-9.765349723,
3664955695,-9.700272483,
3665555655,-9.779840235,
3666155615,-9.683886741,
3666755575,-9.987008905,
3667355535,-9.927532693,
3667955495,-9.807647759,
3668555455,-9.939954539,
3669155415,-9.891826037,
3669755375,-9.857057613,
3670355335,-10.02221993,
3670955295,-9.99337088,
3671555255,-9.764501605,
3672155215,-9.666050187,
3672755175,-10.05866546,
3673355135,-10.22312856,
3673955095,-9.930688006,
3674555055,-10.15504524,
3675155015,-10.05395677,
3675754975,-10.12502205,
3676354935,-10.08374497,
3676954895,-9.959847827,
3677554855,-10.1072655,
3678154815,-10.1261088,
3678754775,-10.04523076,
3679354735,-9.945797256,
3679954695,-10.11963877,
3680554655,-10.04226417,
3681154615,-10.13698107,
3681754575,-10.0797046,
3682354535,-10.17131866,
3682954495,-10.06379617,
3683554455,-10.10686664,
3684154415,-10.17773333,
3684754375,-10.20450143,
3685354335,-10.0785451,
3685954295,-10.31402107,
3686554255,-10.28282576,
3687154215,-10.16723178,
3687754175,-10.2718501,
3688354135,-10.21390117,
3688954095,-10.14225805,
3689554055,-10.25299831,
3690154015,-10.15574716,
3690753975,-10.31192139,
3691353935,-10.20701509,
3691953895,-10.26383343,
3692553855,-10.24372068,
3693153815,-10.30070733,
3693753774,-10.36494794,
3694353734,-10.34769584,
3694953694,-10.31680896,
3695553654,-10.47049559,
3696153614,-10.24055387,
3696753574,-10.23548981,
3697353534,-10.27473714,
3697953494,-10.2609753,
3698553454,-10.21011844,
3699153414,-10.3319051,
3699753374,-10.29680106,
3700353334,-10.29283324,
3700953294,-10.30872371,
3701553254,-10.39726528,
3702153214,-10.3016928,
3702753174,-10.32944961,
3703353134,-10.38979338,
3703953094,-10.30529272,
3704553054,-10.34305316,
3705153014,-10.27982498,
3705752974,-10.36116874,
3706352934,-10.52172339,
3706952894,-10.43202684,
3707552854,-10.32127958,
3708152814,-10.51082692,
3708752774,-10.40988043,
3709352734,-10.50025663,
3709952694,-10.52465667,
3710552654,-10.39432396,
3711152614,-10.42891385,
3711752574,-10.39147137,
3712352534,-10.36613895,
3712952494,-10.47701727,
3713552454,-10.51462224,
3714152414,-10.42142948,
3714752374,-10.23142169,
3715352334,-10.40040519,
3715952294,-10.32867428,
3716552254,-10.51115735,
3717152214,-10.42589205,
3717752174,-10.51608866,
3718352134,-10.39640268,
3718952094,-10.41522682,
3719552054,-10.47078998,
3720152014,-10.52003919,
3720751974,-10.41878013,
3721351934,-10.40765102,
3721951894,-10.4187542,
3722551854,-10.48002225,
3723151814,-10.55497857,
3723751774,-10.48113304,
3724351734,-10.46691696,
3724951694,-10.44368344,
3725551654,-10.45975425,
3726151614,-10.49310676,
3726751574,-10.51002783,
3727351534,-10.53012863,
3727951494,-10.42613837,
3728551454,-10.52071681,
3729151414,-10.42405965,
3729751374,-10.53074538,
3730351334,-10.43571296,
3730951294,-10.40627888,
3731551254,-10.51720718,
3732151214,-10.35181646,
3732751174,-10.53228613,
3733351134,-10.40963319,
3733951094,-10.20254687,
3734551054,-10.33392441,
3735151014,-10.35581747,
3735750974,-10.43178287,
3736350934,-10.36645362,
3736950894,-10.44212535,
3737550854,-10.39340448,
3738150814,-10.42555939,
3738750774,-10.36975425,
3739350734,-10.29049227,
3739950694,-10.55663253,
3740550654,-10.4969881,
3741150614,-10.35687832,
3741750574,-10.3798057,
3742350534,-10.447639,
3742950494,-10.38349719,
3743550454,-10.3834219,
3744150414,-10.327668,
3744750374,-10.31417839,
3745350334,-10.44670312,
3745950294,-10.38506821,
3746550254,-10.46453667,
3747150214,-10.39551347,
3747750174,-10.37835864,
3748350134,-10.32089495,
3748950094,-10.30300915,
3749550054,-10.34749156,
3750150014,-10.3416214,
3750749974,-10.24275265,
3751349934,-10.28923577,
3751949894,-10.25512076,
3752549854,-10.23723016,
3753149814,-10.24378735,
3753749774,-10.25703182,
3754349734,-10.34076014,
3754949694,-10.295906,
3755549654,-10.20711782,
3756149614,-10.49056861,
3756749574,-10.23809403,
3757349534,-10.05580152,
3757949494,-10.24496292,
3758549454,-10.10897129,
3759149414,-10.32489658,
3759749374,-10.2498547,
3760349334,-10.27539311,
3760949294,-10.30964983,
3761549254,-10.121155,
3762149214,-10.25458228,
3762749174,-10.30471141,
3763349134,-10.12284,
3763949094,-10.09345207,
3764549054,-10.22303287,
3765149014,-10.137579,
3765748974,-10.1108866,
3766348934,-10.17488894,
3766948894,-9.935462652,
3767548854,-10.23313175,
3768148814,-10.19451031,
3768748774,-10.03337019,
3769348734,-10.13233738,
3769948694,-10.1276405,
3770548654,-10.11604641,
3771148614,-10.01902075,
3771748574,-10.05524062,
3772348534,-10.11062518,
3772948494,-10.17177234,
3773548454,-10.03482024,
3774148414,-10.07755693,
3774748374,-10.27842579,
3775348334,-10.04174483,
3775948294,-9.968199408,
3776548254,-10.13456818,
3777148214,-10.08906956,
3777748174,-10.01643407,
3778348134,-9.994319751,
3778948094,-9.977988378,
3779548054,-10.0233272,
3780148014,-10.06448937,
3780747974,-9.998517256,
3781347934,-9.971366262,
3781947894,-10.06004551,
3782547854,-9.998845604,
3783147814,-9.928099217,
3783747774,-9.880771692,
3784347734,-10.09225964,
3784947694,-10.2422872,
3785547654,-10.03468837,
3786147614,-10.0019741,
3786747574,-9.974677028,
3787347534,-9.825369689,
3787947494,-10.07272493,
3788547454,-9.744849988,
3789147414,-9.913794473,
3789747374,-9.974081552,
3790347334,-9.924312971,
3790947294,-9.924187182,
3791547254,-9.863618658,
3792147214,-10.13569025,
3792747174,-9.912902753,
3793347134,-10.08878086,
3793947094,-9.871611486,
3794547054,-9.8206728,
3795147014,-9.921089606,
3795746974,-9.919721387,
3796346934,-9.789052376,
3796946894,-9.773874355,
3797546854,-9.728826833,
3798146814,-9.909810915,
3798746774,-9.870943599,
3799346734,-9.901893322,
3799946694,-9.578750944,
3800546654,-9.942276681,
3801146614,-9.779468244,
3801746574,-9.83904311,
3802346534,-9.942721415,
3802946494,-9.913719279,
3803546454,-9.73871102,
3804146414,-9.731579152,
3804746374,-9.758535748,
3805346334,-9.753412144,
3805946294,-9.849503686,
3806546254,-9.894080282,
3807146214,-9.776861407,
3807746174,-9.757103663,
3808346134,-9.883590103,
3808946094,-9.725279427,
3809546054,-9.747366886,
3810146014,-9.775472536,
3810745974,-9.840160119,
3811345934,-9.711794669,
3811945894,-9.909225482,
3812545854,-9.793708179,
3813145814,-9.872693703,
3813745774,-9.834520738,
3814345734,-9.889536386,
3814945694,-9.762802533,
3815545654,-9.805896956,
3816145614,-9.69243185,
3816745574,-9.701151313,
3817345534,-9.761244989,
3817945494,-9.85560805,
3818545454,-9.946741471,
3819145414,-9.805164349,
3819745374,-9.748208195,
3820345334,-9.783329614,
3820945294,-9.781526506,
3821545254,-9.858806316,
3822145214,-9.792027002,
3822745174,-9.761187853,
3823345134,-9.810371046,
3823945094,-9.845709323,
3824545054,-9.819453103,
3825145014,-9.892980924,
3825744974,-9.773270661,
3826344934,-9.947750463,
3826944894,-9.698638647,
3827544854,-9.909858655,
3828144814,-9.762910509,
3828744774,-9.780482459,
3829344734,-9.790445726,
3829944694,-9.845311421,
3830544654,-9.896939042,
3831144614,-9.850988924,
3831744574,-9.836672404,
3832344534,-9.957943618,
3832944494,-9.9547575,
3833544454,-9.934806024,
3834144414,-9.877196491,
3834744374,-9.874652276,
3835344334,-9.61496238,
3835944294,-9.773073781,
3836544254,-9.925901696,
3837144214,-9.729802901,
3837744174,-9.913364817,
3838344134,-9.816232365,
3838944094,-9.821547005,
3839544054,-9.984380881,
3840144014,-9.906473831,
3840743974,-9.792479312,
3841343934,-9.871764736,
3841943894,-9.98160321,
3842543854,-9.944346847,
3843143814,-9.815825909,
3843743774,-9.896891282,
3844343734,-9.792558431,
3844943694,-9.961172218,
3845543654,-9.977905965,
3846143614,-9.84850202,
3846743574,-9.944484229,
3847343533,-9.967764322,
3847943493,-9.914193083,
3848543453,-9.937525872,
3849143413,-9.718164401,
3849743373,-9.977384036,
3850343333,-10.01120738,
3850943293,-9.799658421,
3851543253,-10.00278546,
3852143213,-9.854233954,
3852743173,-10.00066415,
3853343133,-9.832223316,
3853943093,-10.02470113,
3854543053,-9.887990836,
3855143013,-9.820381294,
3855742973,-9.939508066,
3856342933,-10.00262508,
3856942893,-10.04302853,
3857542853,-9.992842928,
3858142813,-10.04024941,
3858742773,-9.861287095,
3859342733,-9.94863735,
3859942693,-10.10822632,
3860542653,-9.951584041,
3861142613,-9.911450445,
3861742573,-10.04728641,
3862342533,-9.779214766,
3862942493,-10.00473494,
3863542453,-9.963302796,
3864142413,-9.918928779,
3864742373,-10.03995005,
3865342333,-9.904346825,
3865942293,-10.07123093,
3866542253,-10.01110348,
3867142213,-10.10954541,
3867742173,-9.988865365,
3868342133,-9.963080693,
3868942093,-10.07127166,
3869542053,-9.951353007,
3870142013,-10.12363335,
3870741973,-9.994543794,
3871341933,-10.15238288,
3871941893,-9.970793609,
3872541853,-9.959801025,
3873141813,-10.22396144,
3873741773,-10.24496631,
3874341733,-10.04801375,
3874941693,-10.18104664,
3875541653,-10.02264582,
3876141613,-10.16666883,
3876741573,-10.03242904,
3877341533,-10.09056865,
3877941493,-10.18164673,
3878541453,-10.22824566,
3879141413,-9.909221863,
3879741373,-9.972440021,
3880341333,-10.10288469,
3880941293,-10.00024865,
3881541253,-10.10992561,
3882141213,-10.09178421,
3882741173,-10.19174141,
3883341133,-10.02204501,
3883941093,-9.95808585,
3884541053,-10.13090723,
3885141013,-10.10090919,
3885740973,-9.958083866,
3886340933,-10.24527236,
3886940893,-10.17228458,
3887540853,-10.02643075,
3888140813,-10.15707306,
3888740773,-10.00962788,
3889340733,-10.13827038,
3889940693,-10.05745894,
3890540653,-10.02252107,
3891140613,-10.21262789,
3891740573,-10.06127734,
3892340533,-10.18469394,
3892940493,-10.15294087,
3893540453,-10.07427567,
3894140413,-10.24059523,
3894740373,-10.12882503,
3895340333,-10.31148116,
3895940293,-10.32934692,
3896540253,-10.38373418,
3897140213,-10.21708265,
3897740173,-10.2864622,
3898340133,-10.31377654,
3898940093,-10.27879634,
3899540053,-10.46993069,
3900140013,-10.34595367,
3900739973,-10.4381372,
3901339933,-10.28991186,
3901939893,-10.42598365,
3902539853,-10.34930258,
3903139813,-10.36151268,
3903739773,-10.36665412,
3904339733,-10.35278291,
3904939693,-10.35805368,
3905539653,-10.370249,
3906139613,-10.52809335,
3906739573,-10.43259403,
3907339533,-10.3337823,
3907939493,-10.40405827,
3908539453,-10.52623677,
3909139413,-10.59667712,
3909739373,-10.44818244,
3910339333,-10.54136456,
3910939293,-10.59518518,
3911539253,-10.56562338,
3912139213,-10.63983246,
3912739173,-10.56981703,
3913339133,-10.4539451,
3913939093,-10.77264328,
3914539053,-10.65214214,
3915139013,-10.69242308,
3915738973,-10.67833137,
3916338933,-10.62343274,
3916938893,-10.7822128,
3917538853,-10.61559452,
3918138813,-10.75760485,
3918738773,-10.73605897,
3919338733,-10.72902556,
3919938693,-10.85339966,
3920538653,-10.88375046,
3921138613,-10.7492092,
3921738573,-10.71625867,
3922338533,-10.79198851,
3922938493,-10.84143602,
3923538453,-10.91134409,
3924138413,-10.87632064,
3924738373,-10.94656119,
3925338333,-10.95610962,
3925938293,-10.98883726,
3926538253,-10.79161358,
3927138213,-10.98100969,
3927738173,-10.77679806,
3928338133,-10.97997583,
3928938093,-11.08776412,
3929538053,-10.87497048,
3930138013,-10.98354775,
3930737973,-10.95866329,
3931337933,-10.80265851,
3931937893,-11.22847053,
3932537853,-11.01134587,
3933137813,-11.12713337,
3933737773,-11.06942698,
3934337733,-11.17388209,
3934937693,-11.1942956,
3935537653,-11.23242674,
3936137613,-11.32839853,
3936737573,-11.13573928,
3937337533,-11.10520513,
3937937493,-11.16509495,
3938537453,-11.4010987,
3939137413,-11.29243595,
3939737373,-11.35556389,
3940337333,-11.2315757,
3940937293,-11.09930302,
3941537253,-11.29434132,
3942137213,-11.53875208,
3942737173,-11.25085957,
3943337133,-11.46843446,
3943937093,-11.43489526,
3944537053,-11.44747645,
3945137013,-11.70838855,
3945736973,-11.52250788,
3946336933,-11.44917333,
3946936893,-11.52719938,
3947536853,-11.45392227,
3948136813,-11.45829922,
3948736773,-11.6862156,
3949336733,-11.74741618,
3949936693,-11.72215013,
3950536653,-11.69404663,
3951136613,-11.75471703,
3951736573,-11.92291447,
3952336533,-11.76199165,
3952936493,-11.75602037,
3953536453,-11.91508207,
3954136413,-11.6462928,
3954736373,-11.8785495,
3955336333,-11.92681108,
3955936293,-11.75337525,
3956536253,-11.97556975,
3957136213,-12.00637115,
3957736173,-11.98340496,
3958336133,-12.0071584,
3958936093,-11.93635652,
3959536053,-12.10177844,
3960136013,-12.0005747,
3960735973,-12.10152309,
3961335933,-12.26687773,
3961935893,-11.76521456,
3962535853,-11.87778992,
3963135813,-12.09892311,
3963735773,-11.8773338,
3964335733,-12.04775057,
3964935693,-11.92768335,
3965535653,-12.20852825,
3966135613,-12.07277147,
3966735573,-12.07530831,
3967335533,-12.08046025,
3967935493,-12.16473899,
3968535453,-12.01255394,
3969135413,-12.20820858,
3969735373,-12.18136967,
3970335333,-12.16647413,
3970935293,-12.25760008,
3971535253,-12.07301929,
3972135213,-12.1513801,
3972735173,-12.18217545,
3973335133,-12.04011503,
3973935093,-12.16279329,
3974535053,-12.18846945,
3975135013,-12.29551273,
3975734973,-12.21648186,
3976334933,-12.10262972,
3976934893,-12.01934194,
3977534853,-12.32765533,
3978134813,-12.13915055,
3978734773,-12.09275988,
3979334733,-11.99972267,
3979934693,-12.21137412,
3980534653,-12.39685147,
3981134613,-12.18841265,
3981734573,-12.04895868,
3982334533,-12.10522644,
3982934493,-12.22043284,
3983534453,-12.23775564,
3984134413,-12.10844836,
3984734373,-12.22913354,
3985334333,-12.22925712,
3985934293,-12.14202481,
3986534253,-12.11446399,
3987134213,-12.16849315,
3987734173,-12.25081461,
3988334133,-12.26872774,
3988934093,-11.9874119,
3989534053,-12.19142121,
3990134013,-12.21868531,
3990733973,-12.24763396,
3991333933,-12.10583199,
3991933893,-12.21975068,
3992533853,-12.16021804,
3993133813,-12.16462935,
3993733773,-12.11681293,
3994333733,-12.09434765,
3994933693,-12.21408377,
3995533653,-12.27203818,
3996133613,-12.19510794,
3996733573,-12.21180844,
3997333533,-12.15343129,
3997933493,-12.04779033,
3998533453,-12.19590499,
3999133413,-12.18166897,
3999733373,-12.08933634,
4000333333,-12.21624502,
4000933293,-12.17589071,
4001533253,-12.15743006,
4002133212,-12.17587296,
4002733172,-12.11094907,
4003333132,-12.0800872,
4003933092,-12.06754855,
4004533052,-11.96264169,
4005133012,-11.87868711,
4005732972,-12.09502413,
4006332932,-12.10143624,
4006932892,-12.12487116,
4007532852,-11.99906812,
4008132812,-11.87497706,
4008732772,-11.76997507,
4009332732,-11.88016432,
4009932692,-11.92742536,
4010532652,-11.9977845,
4011132612,-11.78971613,
4011732572,-11.79026026,
4012332532,-11.90108841,
4012932492,-11.84006521,
4013532452,-11.88313195,
4014132412,-11.91817497,
4014732372,-11.81974983,
4015332332,-11.86446129,
4015932292,-11.78511727,
4016532252,-11.68855826,
4017132212,-11.82790918,
4017732172,-11.60187706,
4018332132,-11.7577796,
4018932092,-11.64699872,
4019532052,-11.60054747,
4020132012,-11.59695836,
4020731972,-11.51168702,
4021331932,-11.81338258,
4021931892,-11.62108658,
4022531852,-11.70920278,
4023131812,-11.51033703,
4023731772,-11.6295274,
4024331732,-11.26712456,
4024931692,-11.41077663,
4025531652,-11.41521254,
4026131612,-11.3422671,
4026731572,-11.63700229,
4027331532,-11.50517237,
4027931492,-11.47578519,
4028531452,-11.54107942,
4029131412,-11.45042507,
4029731372,-11.46753595,
4030331332,-11.30163058,
4030931292,-11.59780191,
4031531252,-11.24826698,
4032131212,-11.21781495,
4032731172,-10.98221294,
4033331132,-11.58053961,
4033931092,-11.26163825,
4034531052,-11.23914773,
4035131012,-11.20797781,
4035730972,-11.44859607,
4036330932,-11.29177357,
4036930892,-11.27804102,
4037530852,-11.30266853,
4038130812,-11.28259559,
4038730772,-11.2811372,
4039330732,-11.43367738,
4039930692,-11.11379255,
4040530652,-11.20338618,
4041130612,-11.20019442,
4041730572,-11.09175887,
4042330532,-11.08767404,
4042930492,-11.32918083,
4043530452,-11.34308411,
4044130412,-11.13306663,
4044730372,-10.9951708,
4045330332,-11.20031444,
4045930292,-11.34403946,
4046530252,-11.01394826,
4047130212,-11.28292156,
4047730172,-10.992686,
4048330132,-11.04706496,
4048930092,-11.10977956,
4049530052,-11.05532451,
4050130012,-11.04305175,
4050729972,-10.95536666,
4051329932,-11.06887552,
4051929892,-11.03055494,
4052529852,-10.87638657,
4053129812,-10.85640653,
4053729772,-10.91968371,
4054329732,-10.92780435,
4054929692,-10.87559115,
4055529652,-11.00510585,
4056129612,-10.90609194,
4056729572,-10.81052647,
4057329532,-10.90479843,
4057929492,-10.88745504,
4058529452,-10.89405117,
4059129412,-11.11511001,
4059729372,-10.86267928,
4060329332,-11.10531223,
4060929292,-10.91923879,
4061529252,-10.89543471,
4062129212,-10.83294991,
4062729172,-10.87014036,
4063329132,-10.90017328,
4063929092,-10.87091204,
4064529052,-10.86878256,
4065129012,-10.82775099,
4065728972,-10.96346472,
4066328932,-10.9533729,
4066928892,-10.85141757,
4067528852,-10.81350631,
4068128812,-10.86496034,
4068728772,-10.95199297,
4069328732,-10.82537689,
4069928692,-10.85463612,
4070528652,-10.81543916,
4071128612,-10.88742913,
4071728572,-10.91175774,
4072328532,-10.84331391,
4072928492,-10.83559475,
4073528452,-11.00827663,
4074128412,-10.8620411,
4074728372,-10.59283536,
4075328332,-10.92378943,
4075928292,-10.86298037,
4076528252,-10.84199582,
4077128212,-10.98907394,
4077728172,-10.94433431,
4078328132,-10.69807931,
4078928092,-10.83302164,
4079528052,-10.91212711,
4080128012,-11.05661141,
4080727972,-10.87598246,
4081327932,-10.94183018,
4081927892,-10.70304147,
4082527852,-10.86366533,
4083127812,-10.90997105,
4083727772,-10.7447459,
4084327732,-10.91857954,
4084927692,-10.90132068,
4085527652,-10.82633966,
4086127612,-10.77485256,
4086727572,-10.83588188,
4087327532,-10.85684438,
4087927492,-10.99550432,
4088527452,-10.78976473,
4089127412,-10.90135913,
4089727372,-10.87288322,
4090327332,-10.7989323,
4090927292,-10.86670553,
4091527252,-10.71365047,
4092127212,-10.832477,
4092727172,-10.81449496,
4093327132,-10.82145455,
4093927092,-11.0239195,
4094527052,-11.00349405,
4095127012,-10.89854285,
4095726972,-10.87570198,
4096326932,-10.95463403,
4096926892,-10.94827148,
4097526852,-10.9108217,
4098126812,-10.86394256,
4098726772,-10.8601995,
4099326732,-10.89141587,
4099926692,-10.8027215,
4100526652,-10.933798,
4101126612,-10.9744944,
4101726572,-10.83321234,
4102326532,-10.9259414,
4102926492,-10.90870014,
4103526452,-10.87618648,
4104126412,-10.98393591,
4104726372,-10.8660981,
4105326332,-11.08066712,
4105926292,-10.86803253,
4106526252,-10.92115399,
4107126212,-10.94908915,
4107726172,-10.87720898,
4108326132,-10.98537019,
4108926092,-10.88997234,
4109526052,-10.92804938,
4110126012,-10.89581741,
4110725972,-10.85886825,
4111325932,-10.88322743,
4111925892,-10.91367903,
4112525852,-10.98200503,
4113125812,-10.88148513,
4113725772,-10.96163268,
4114325732,-11.01080513,
4114925692,-10.88374321,
4115525652,-10.8717684,
4116125612,-11.03872025,
4116725572,-10.99777369,
4117325532,-11.04045463,
4117925492,-11.16046248,
4118525452,-10.93154175,
4119125412,-11.00457614,
4119725372,-11.00059568,
4120325332,-11.02191513,
4120925292,-11.06666007,
4121525252,-10.96499481,
4122125212,-10.96249191,
4122725172,-11.08534424,
4123325132,-10.91929658,
4123925092,-10.98730876,
4124525052,-10.99559618,
4125125012,-10.94397368,
4125724972,-10.88405997,
4126324932,-11.1698801,
4126924892,-10.76062009,
4127524852,-10.96042754,
4128124812,-11.05271096,
4128724772,-11.02521427,
4129324732,-11.05135213,
4129924692,-10.93968702,
4130524652,-11.11740907,
4131124612,-10.96641014,
4131724572,-11.08553224,
4132324532,-10.96757873,
4132924492,-11.07971964,
4133524452,-11.17868971,
4134124412,-11.15299126,
4134724372,-11.06383051,
4135324332,-10.91889808,
4135924292,-11.0263218,
4136524252,-11.15748009,
4137124212,-11.28235078,
4137724172,-11.09147719,
4138324132,-11.20404449,
4138924092,-11.11449109,
4139524052,-11.20778446,
4140124012,-11.17826528,
4140723972,-11.15927432,
4141323932,-10.89990393,
4141923892,-11.12635118,
4142523852,-11.07208523,
4143123812,-11.31557464,
4143723772,-11.29941482,
4144323732,-11.13959588,
4144923692,-10.98144524,
4145523652,-11.40328835,
4146123612,-11.21500888,
4146723572,-11.16114724,
4147323532,-11.32937251,
4147923492,-11.30531282,
4148523452,-11.32359338,
4149123412,-11.33249867,
4149723372,-11.12622025,
4150323332,-11.44881673,
4150923292,-11.31614498,
4151523252,-11.39643,
4152123212,-11.22243005,
4152723172,-11.28731135,
4153323132,-11.44148391,
4153923092,-11.45048835,
4154523052,-11.22705071,
4155123012,-11.17680531,
4155722971,-11.42759766,
4156322931,-11.25351638,
4156922891,-11.41348756,
4157522851,-11.3956032,
4158122811,-11.50842557,
4158722771,-11.21523034,
4159322731,-11.44616156,
4159922691,-11.77890921,
4160522651,-11.56474123,
4161122611,-11.57955242,
4161722571,-11.58346372,
4162322531,-11.46234697,
4162922491,-11.60048352,
4163522451,-11.55644117,
4164122411,-11.61329673,
4164722371,-11.87372179,
4165322331,-11.54153743,
4165922291,-11.63263299,
4166522251,-11.83131525,
4167122211,-11.82914377,
4167722171,-11.9523403,
4168322131,-11.71612872,
4168922091,-11.64091065,
4169522051,-11.77181817,
4170122011,-11.82878036,
4170721971,-11.89940756,
4171321931,-11.89910776,
4171921891,-12.09438599,
4172521851,-12.01194066,
4173121811,-12.16310477,
4173721771,-12.09480834,
4174321731,-12.09444797,
4174921691,-12.00460095,
4175521651,-11.93135734,
4176121611,-12.40553393,
4176721571,-12.11727218,
4177321531,-12.13908014,
4177921491,-12.00079484,
4178521451,-12.31441738,
4179121411,-12.31280293,
4179721371,-12.25207795,
4180321331,-12.25401335,
4180921291,-12.38465407,
4181521251,-12.32642323,
4182121211,-12.28778818,
4182721171,-12.35674191,
4183321131,-12.54104192,
4183921091,-12.57854143,
4184521051,-12.60228082,
4185121011,-12.7089623,
4185720971,-12.69799002,
4186320931,-12.49496493,
4186920891,-12.51949504,
4187520851,-12.52917996,
4188120811,-12.52014791,
4188720771,-12.52158953,
4189320731,-12.68281216,
4189920691,-12.6424977,
4190520651,-12.71408268,
4191120611,-12.75156863,
4191720571,-12.61664962,
4192320531,-12.68925931,
4192920491,-12.69472741,
4193520451,-12.78705199,
4194120411,-12.70588852,
4194720371,-12.87936749,
4195320331,-12.76290191,
4195920291,-13.07680851,
4196520251,-12.86395997,
4197120211,-12.82076203,
4197720171,-12.92860033,
4198320131,-12.97799428,
4198920091,-12.69650111,
4199520051,-12.72679502,
4200120011,-12.78746719,
4200719971,-12.82320033,
4201319931,-12.92281774,
4201919891,-13.02815261,
4202519851,-13.04353943,
4203119811,-12.92326222,
4203719771,-12.96606359,
4204319731,-13.03989232,
4204919691,-12.93161726,
4205519651,-12.94578193,
4206119611,-13.14491485,
4206719571,-13.04650497,
4207319531,-13.16129988,
4207919491,-13.26578421,
4208519451,-13.30914515,
4209119411,-12.8863425,
4209719371,-13.2002519,
4210319331,-13.17993726,
4210919291,-13.16517467,
4211519251,-13.28724738,
4212119211,-13.19146169,
4212719171,-13.15508653,
4213319131,-13.29080578,
4213919091,-13.30337518,
4214519051,-13.26089768,
4215119011,-13.46578581,
4215718971,-13.3412836,
4216318931,-13.35106181,
4216918891,-13.18055307,
4217518851,-13.2533553,
4218118811,-13.22926931,
4218718771,-13.20513183,
4219318731,-13.59550784,
4219918691,-13.37370485,
4220518651,-13.53450434,
4221118611,-13.47260461,
4221718571,-13.56546622,
4222318531,-13.42562328,
4222918491,-13.50944847,
4223518451,-13.53827467,
4224118411,-13.58170273,
4224718371,-13.52709664,
4225318331,-13.50617279,
4225918291,-13.51303507,
4226518251,-13.51628684,
4227118211,-13.47621907,
4227718171,-13.61855161,
4228318131,-13.43556015,
4228918091,-13.69319665,
4229518051,-13.61591331,
4230118011,-13.57808208,
4230717971,-13.89489506,
4231317931,-13.6550043,
4231917891,-13.57987191,
4232517851,-13.636646,
4233117811,-13.56049551,
4233717771,-13.62687581,
4234317731,-13.74682076,
4234917691,-13.83055652,
4235517651,-13.60876591,
4236117611,-13.63147733,
4236717571,-13.59136801,
4237317531,-13.59457812,
4237917491,-13.76616468,
4238517451,-13.71703468,
4239117411,-13.65696783,
4239717371,-13.86924046,
4240317331,-13.72163696,
4240917291,-13.65537477,
4241517251,-13.67353498,
4242117211,-13.68529038,
4242717171,-13.79286466,
4243317131,-13.73962949,
4243917091,-13.72087406,
4244517051,-13.72344717,
4245117011,-13.64500767,
4245716971,-13.76439561,
4246316931,-13.68709442,
4246916891,-13.67157024,
4247516851,-13.70735213,
4248116811,-13.84456999,
4248716771,-13.68633317,
4249316731,-13.75493872,
4249916691,-13.68273661,
4250516651,-13.64361766,
4251116611,-13.749079,
4251716571,-13.73064907,
4252316531,-13.70541013,
4252916491,-13.56014488,
4253516451,-13.63778271,
4254116411,-13.66199977,
4254716371,-13.61464977,
4255316331,-13.51001751,
4255916291,-13.6840401,
4256516251,-13.79806003,
4257116211,-13.74269881,
4257716171,-13.7946243,
4258316131,-13.66812407,
4258916091,-13.54561953,
4259516051,-13.63095715,
4260116011,-13.61001645,
4260715971,-13.7487927,
4261315931,-13.62044153,
4261915891,-13.72311215,
4262515851,-13.73497898,
4263115811,-13.63712219,
4263715771,-13.64867346,
4264315731,-13.57673274,
4264915691,-13.64322515,
4265515651,-13.69970305,
4266115611,-13.470079,
4266715571,-13.71911682,
4267315531,-13.53826785,
4267915491,-13.55178114,
4268515451,-13.71705917,
4269115411,-13.52121069,
4269715371,-13.41952826,
4270315331,-13.58023095,
4270915291,-13.64979202,
4271515251,-13.51269629,
4272115211,-13.5018504,
4272715171,-13.40170239,
4273315131,-13.46509135,
4273915091,-13.53593019,
4274515051,-13.62103259,
4275115011,-13.47804226,
4275714971,-13.38202182,
4276314931,-13.53299469,
4276914891,-13.40983445,
4277514851,-13.41225969,
4278114811,-13.45594972,
4278714771,-13.58693633,
4279314731,-13.32021898,
4279914691,-13.46284237,
4280514651,-13.33883256,
4281114611,-13.18880645,
4281714571,-13.28484084,
4282314531,-13.33089916,
4282914491,-13.33098363,
4283514451,-13.24452023,
4284114411,-13.14715554,
4284714371,-13.34036334,
4285314331,-13.15032555,
4285914291,-13.18224786,
4286514251,-13.23804248,
4287114211,-12.96772425,
4287714171,-13.19076652,
4288314131,-13.17513645,
4288914091,-13.20658087,
4289514051,-13.08387529,
4290114011,-13.12615523,
4290713971,-13.22951046,
4291313931,-13.02366297,
4291913891,-12.9393311,
4292513851,-12.9709359,
4293113811,-12.96720298,
4293713771,-13.03499193,
4294313731,-13.19133976,
4294913691,-13.02783886,
4295513651,-13.04736327,
4296113611,-12.85970173,
4296713571,-12.92621684,
4297313531,-13.07554214,
4297913491,-12.79828934,
4298513451,-12.95274496,
4299113411,-12.99694505,
4299713371,-13.07393536,
4300313331,-13.01622653,
4300913291,-13.08001469,
4301513251,-12.81047067,
4302113211,-12.79555914,
4302713171,-12.98482493,
4303313131,-12.86407065,
4303913091,-12.7441128,
4304513051,-12.80724504,
4305113011,-12.75421473,
4305712971,-12.63014674,
4306312931,-13.09404722,
4306912891,-12.77448743,
4307512851,-12.79093757,
4308112811,-12.84936195,
4308712771,-12.80998024,
4309312730,-12.72269807,
4309912690,-12.82615697,
4310512650,-12.75812577,
4311112610,-12.74683852,
4311712570,-12.99278507,
4312312530,-12.5962493,
4312912490,-12.98084984,
4313512450,-12.77441461,
4314112410,-12.72234766,
4314712370,-12.56092884,
4315312330,-12.68232194,
4315912290,-12.45777517,
4316512250,-12.64815747,
4317112210,-12.74058588,
4317712170,-12.63190579,
4318312130,-12.90909285,
4318912090,-12.47161321,
4319512050,-12.65632912,
4320112010,-12.56986965,
4320711970,-12.65163241,
4321311930,-12.75710708,
4321911890,-12.63543768,
4322511850,-12.72123303,
4323111810,-12.63416314,
4323711770,-12.5195121,
4324311730,-12.61711419,
4324911690,-12.33836719,
4325511650,-12.60132546,
4326111610,-12.51662216,
4326711570,-12.63937498,
4327311530,-12.62292374,
4327911490,-12.51423372,
4328511450,-12.44253922,
4329111410,-12.45069872,
4329711370,-12.44657323,
4330311330,-12.55718973,
4330911290,-12.43149939,
4331511250,-12.4289789,
4332111210,-12.33237758,
4332711170,-12.6403073,
4333311130,-12.28961004,
4333911090,-12.47677387,
4334511050,-12.3038657,
4335111010,-12.60274914,
4335710970,-12.36592321,
4336310930,-12.43246587,
4336910890,-12.2394996,
4337510850,-12.29708228,
4338110810,-12.15766991,
4338710770,-12.04050472,
4339310730,-12.49739281,
4339910690,-12.17908215,
4340510650,-12.21584555,
4341110610,-12.24080616,
4341710570,-12.35638506,
4342310530,-12.33739282,
4342910490,-12.31707621,
4343510450,-12.30808655,
4344110410,-12.30311494,
4344710370,-12.16424216,
4345310330,-12.26266002,
4345910290,-12.06081058,
4346510250,-12.41043023,
4347110210,-12.30061668,
4347710170,-12.22123687,
4348310130,-12.32193762,
4348910090,-12.1422228,
4349510050,-12.25820244,
4350110010,-12.49744975,
4350709970,-12.27057793,
4351309930,-12.42161265,
4351909890,-12.1016168,
4352509850,-12.27096947,
4353109810,-12.31377448,
4353709770,-12.22327587,
4354309730,-12.283822,
4354909690,-12.44366498,
4355509650,-12.31825475,
4356109610,-12.15519936,
4356709570,-12.23799841,
4357309530,-12.27510109,
4357909490,-12.18343426,
4358509450,-12.37621307,
4359109410,-12.26587526,
4359709370,-12.41951943,
4360309330,-12.21043139,
4360909290,-12.52636506,
4361509250,-12.23418732,
4362109210,-12.25054441,
4362709170,-11.96518462,
4363309130,-12.16133106,
4363909090,-12.17968486,
4364509050,-12.01031481,
4365109010,-12.131042,
4365708970,-12.23541485,
4366308930,-12.17575908,
4366908890,-12.19190732,
4367508850,-12.32573303,
4368108810,-12.26724691,
4368708770,-12.26109961,
4369308730,-12.14954632,
4369908690,-12.0990865,
4370508650,-12.28843751,
4371108610,-12.36351315,
4371708570,-12.39047715,
4372308530,-12.24543815,
4372908490,-11.99038466,
4373508450,-12.24339526,
4374108410,-12.37449696,
4374708370,-12.26890352,
4375308330,-12.1898537,
4375908290,-12.06476614,
4376508250,-12.26175669,
4377108210,-12.21353164,
4377708170,-12.3296902,
4378308130,-12.19537995,
4378908090,-12.23409949,
4379508050,-12.19755741,
4380108010,-12.49001193,
4380707970,-12.13388887,
4381307930,-12.22996933,
4381907890,-12.14955748,
4382507850,-12.29779497,
4383107810,-12.24869891,
4383707770,-12.27392891,
4384307730,-12.23391743,
4384907690,-12.20864733,
4385507650,-12.54971374,
4386107610,-12.19517434,
4386707570,-12.25392019,
4387307530,-12.19818845,
4387907490,-12.31132184,
4388507450,-12.28803931,
4389107410,-12.26664123,
4389707370,-12.17183123,
4390307330,-12.40573788,
4390907290,-12.47550422,
4391507250,-12.58249767,
4392107210,-12.16749875,
4392707170,-12.24518663,
4393307130,-12.27230378,
4393907090,-12.35099622,
4394507050,-12.54647825,
4395107010,-12.4012515,
4395706970,-12.36405429,
4396306930,-12.15583662,
4396906890,-12.26320476,
4397506850,-12.19867018,
4398106810,-12.23898643,
4398706770,-12.31836617,
4399306730,-12.34727907,
4399906690,-12.23579944,
4400506650,-12.19637013,
4401106610,-12.45846159,
4401706570,-12.30074318,
4402306530,-12.40215144,
4402906490,-12.34246996,
4403506450,-12.40204917,
4404106410,-12.50406171,
4404706370,-12.18472019,
4405306330,-12.45829215,
4405906290,-12.36399858,
4406506250,-12.40001977,
4407106210,-12.355219,
4407706170,-12.15612596,
4408306130,-12.37987767,
4408906090,-12.507946,
4409506050,-12.35243993,
4410106010,-12.3704278,
4410705970,-12.47907024,
4411305930,-12.44223824,
4411905890,-12.24203751,
4412505850,-12.38490963,
4413105810,-12.61998513,
4413705770,-12.74869295,
4414305730,-12.62735775,
4414905690,-12.73697465,
4415505650,-12.7391969,
4416105610,-12.61506828,
4416705570,-12.51972186,
4417305530,-12.80714702,
4417905490,-12.86534133,
4418505450,-12.82921018,
4419105410,-12.67596354,
4419705370,-12.73202794,
4420305330,-12.75106783,
4420905290,-12.62440134,
4421505250,-12.49881144,
4422105210,-12.95152973,
4422705170,-12.46992023,
4423305130,-12.6029908,
4423905090,-12.74067969,
4424505050,-12.8375777,
4425105010,-12.67179302,
4425704970,-12.96171578,
4426304930,-12.85459672,
4426904890,-12.85997904,
4427504850,-12.97148063,
4428104810,-12.77511494,
4428704770,-12.81439199,
4429304730,-12.7744519,
4429904690,-12.91328777,
4430504650,-13.04690816,
4431104610,-12.87583762,
4431704570,-12.87036297,
4432304530,-12.85467302,
4432904490,-13.00718737,
4433504450,-13.17359443,
4434104410,-13.05898475,
4434704370,-12.77553899,
4435304330,-12.97674981,
4435904290,-13.02815276,
4436504250,-12.98800066,
4437104210,-13.20827746,
4437704170,-13.00172851,
4438304130,-13.02945154,
4438904090,-13.15875764,
4439504050,-13.11318376,
4440104010,-12.96430143,
4440703970,-13.25062672,
4441303930,-12.95997879,
4441903890,-13.29480692,
4442503850,-13.04143282,
4443103810,-13.18782401,
4443703770,-13.39624656,
4444303730,-13.1544373,
4444903690,-13.36761951,
4445503650,-13.15289694,
4446103610,-13.1507608,
4446703570,-13.34244137,
4447303530,-13.12489671,
4447903490,-13.09851244,
4448503450,-13.26071787,
4449103410,-13.27263218,
4449703370,-13.25634019,
4450303330,-13.19821936,
4450903290,-13.26433579,
4451503250,-13.43739194,
4452103210,-13.33465452,
4452703170,-13.45750377,
4453303130,-13.34184395,
4453903090,-13.50984667,
4454503050,-13.47417369,
4455103010,-13.61065721,
4455702970,-13.48850623,
4456302930,-13.41963926,
4456902890,-13.47148682,
4457502850,-13.5475582,
4458102810,-13.55069232,
4458702770,-13.68628795,
4459302730,-13.51940902,
4459902690,-13.7016763,
4460502650,-13.870137,
4461102610,-13.79435424,
4461702570,-13.59422143,
4462302530,-13.74809851,
4462902489,-13.80343797,
4463502449,-13.77175588,
4464102409,-13.7390484,
4464702369,-13.93909215,
4465302329,-13.85087223,
4465902289,-13.96607627,
4466502249,-13.79298721,
4467102209,-13.9285882,
4467702169,-14.02957895,
4468302129,-13.69855521,
4468902089,-13.88793965,
4469502049,-13.92360492,
4470102009,-13.86925463,
4470701969,-13.97780672,
4471301929,-13.86261864,
4471901889,-14.00715765,
4472501849,-14.20269436,
4473101809,-13.99547662,
4473701769,-14.00706264,
4474301729,-13.73733676,
4474901689,-13.97342767,
4475501649,-14.00640238,
4476101609,-14.12439551,
4476701569,-14.16294783,
4477301529,-14.23476826,
4477901489,-14.03761239,
4478501449,-14.01599085,
4479101409,-14.2256739,
4479701369,-14.01263421,
4480301329,-14.3641132,
4480901289,-14.21785872,
4481501249,-14.0489291,
4482101209,-14.2458701,
4482701169,-14.23050285,
4483301129,-14.31103102,
4483901089,-14.33744788,
4484501049,-14.40647546,
4485101009,-14.3147297,
4485700969,-14.10973385,
4486300929,-14.3989373,
4486900889,-14.32965303,
4487500849,-14.26770097,
4488100809,-14.4253523,
4488700769,-14.47533027,
4489300729,-14.42792735,
4489900689,-14.43918026,
4490500649,-14.53452244,
4491100609,-14.24079015,
4491700569,-14.32387479,
4492300529,-14.24283436,
4492900489,-14.43638419,
4493500449,-14.15810359,
4494100409,-14.42846059,
4494700369,-14.55169038,
4495300329,-14.78933411,
4495900289,-14.37706962,
4496500249,-14.4165804,
4497100209,-14.77969106,
4497700169,-14.67244008,
4498300129,-14.65814982,
4498900089,-14.55574327,
4499500049,-14.51859396,
4500100009,-14.7313762,
4500699969,-14.51307801,
4501299929,-14.60700541,
4501899889,-14.7409422,
4502499849,-14.4749408,
4503099809,-14.56385899,
4503699769,-14.55428939,
4504299729,-14.85988165,
4504899689,-14.58489095,
4505499649,-14.43797173,
4506099609,-14.53823992,
4506699569,-14.92583787,
4507299529,-14.8050287,
4507899489,-14.55631863,
4508499449,-14.38152022,
4509099409,-14.69434383,
4509699369,-14.43256238,
4510299329,-14.590151,
4510899289,-14.44741948,
4511499249,-14.61743582,
4512099209,-14.82252237,
4512699169,-14.5835688,
4513299129,-14.76207189,
4513899089,-14.56454471,
4514499049,-14.82785974,
4515099009,-15.09570798,
4515698969,-14.80988111,
4516298929,-14.57808961,
4516898889,-14.65320661,
4517498849,-14.64297391,
4518098809,-14.8115171,
4518698769,-14.98803763,
4519298729,-14.74665353,
4519898689,-15.04638476,
4520498649,-14.53806525,
4521098609,-14.92367122,
4521698569,-14.74219853,
4522298529,-14.97792465,
4522898489,-14.73632168,
4523498449,-14.73650193,
4524098409,-14.76244337,
4524698369,-14.68185964,
4525298329,-14.39684345,
4525898289,-14.78973092,
4526498249,-14.54554926,
4527098209,-15.19093571,
4527698169,-14.93356856,
4528298129,-14.64119313,
4528898089,-14.70959787,
4529498049,-14.57204583,
4530098009,-14.53973639,
4530697969,-14.81855304,
4531297929,-14.60518708,
4531897889,-14.7704997,
4532497849,-14.51026632,
4533097809,-14.93725574,
4533697769,-15.06759013,
4534297729,-14.96274655,
4534897689,-14.53665035,
4535497649,-14.59758574,
4536097609,-14.83480076,
4536697569,-14.68758012,
4537297529,-14.71068459,
4537897489,-14.87372955,
4538497449,-14.54177954,
4539097409,-14.5742282,
4539697369,-14.4072771,
4540297329,-14.76383605,
4540897289,-14.44772522,
4541497249,-14.6469367,
4542097209,-14.5705174,
4542697169,-14.49907332,
4543297129,-14.81857862,
4543897089,-14.88761703,
4544497049,-14.41718024,
4545097009,-14.52664547,
4545696969,-14.50853319,
4546296929,-14.47778963,
4546896889,-14.86769747,
4547496849,-14.70988442,
4548096809,-14.61608549,
4548696769,-14.5254277,
4549296729,-14.74433234,
4549896689,-14.75599519,
4550496649,-14.60198438,
4551096609,-14.52083144,
4551696569,-14.55772544,
4552296529,-14.53942929,
4552896489,-14.67995876,
4553496449,-14.43406896,
4554096409,-14.45495515,
4554696369,-14.39292144,
4555296329,-14.67294011,
4555896289,-14.55269136,
4556496249,-14.52859018,
4557096209,-14.63085282,
4557696169,-14.66966478,
4558296129,-14.38773401,
4558896089,-14.79639854,
4559496049,-14.51748749,
4560096009,-14.71924268,
4560695969,-14.846409,
4561295929,-14.64406611,
4561895889,-14.55066134,
4562495849,-14.61248242,
4563095809,-14.61911637,
4563695769,-14.47399607,
4564295729,-14.56119487,
4564895689,-14.49610004,
4565495649,-14.29520509,
4566095609,-14.06288644,
4566695569,-14.46221601,
4567295529,-14.41756311,
4567895489,-14.43916345,
4568495449,-14.57418531,
4569095409,-14.27958306,
4569695369,-14.42902536,
4570295329,-14.61769547,
4570895289,-14.34240155,
4571495249,-14.60674757,
4572095209,-14.578575,
4572695169,-14.52357939,
4573295129,-14.67480593,
4573895089,-14.44263028,
4574495049,-14.35289062,
4575095009,-14.39469194,
4575694969,-14.40730804,
4576294929,-14.48248204,
4576894889,-14.20297325,
4577494849,-14.73135372,
4578094809,-14.00973928,
4578694769,-14.36766743,
4579294729,-14.27492747,
4579894689,-13.8159231,
4580494649,-14.12209987,
4581094609,-14.11647057,
4581694569,-14.21544144,
4582294529,-14.24909891,
4582894489,-13.84176036,
4583494449,-14.35362785,
4584094409,-14.02967552,
4584694369,-14.29367272,
4585294329,-14.46104829,
4585894289,-14.21578922,
4586494249,-14.34078485,
4587094209,-14.10180076,
4587694169,-13.90534382,
4588294129,-14.35798415,
4588894089,-14.05007666,
4589494049,-14.04706017,
4590094009,-14.30669248,
4590693969,-14.06462605,
4591293929,-14.18643662,
4591893889,-14.21019622,
4592493849,-14.2824263,
4593093809,-13.85443838,
4593693769,-14.28478831,
4594293729,-14.03801628,
4594893689,-14.25849213,
4595493649,-14.17706322,
4596093609,-14.28844169,
4596693569,-14.08126631,
4597293529,-13.85977257,
4597893489,-14.32204912,
4598493449,-14.09981307,
4599093409,-14.27033425,
4599693369,-14.26827049,
4600293329,-14.17311365,
4600893289,-14.21102101,
4601493249,-14.00732991,
4602093209,-14.34798021,
4602693169,-14.06115755,
4603293129,-14.06190016,
4603893089,-13.93462016,
4604493049,-14.1946056,
4605093009,-14.09494267,
4605692969,-14.31181425,
4606292929,-14.13405744,
4606892889,-14.0884414,
4607492849,-14.30982095,
4608092809,-13.95232298,
4608692769,-13.8369479,
4609292729,-14.33605159,
4609892689,-13.86986762,
4610492649,-14.38356762,
4611092609,-13.81126017,
4611692569,-14.15566033,
4612292529,-14.28321303,
4612892489,-14.05693811,
4613492449,-14.04214642,
4614092409,-14.31791328,
4614692369,-14.15787067,
4615292329,-14.02856351,
4615892289,-13.93385952,
4616492248,-14.1403224,
4617092208,-14.09760815,
4617692168,-13.80235199,
4618292128,-14.22040639,
4618892088,-13.96860265,
4619492048,-14.511324,
4620092008,-14.22493102,
4620691968,-14.00494698,
4621291928,-14.41503547,
4621891888,-14.113734,
4622491848,-13.99495398,
4623091808,-14.25604424,
4623691768,-14.39645311,
4624291728,-14.01647703,
4624891688,-13.76429943,
4625491648,-14.26724528,
4626091608,-13.94487519,
4626691568,-14.29009614,
4627291528,-14.05905455,
4627891488,-13.99607482,
4628491448,-14.19152809,
4629091408,-14.56187195,
4629691368,-14.411961,
4630291328,-14.06345632,
4630891288,-14.36772919,
4631491248,-14.33433477,
4632091208,-14.13881637,
4632691168,-13.78327414,
4633291128,-13.98913603,
4633891088,-14.07763153,
4634491048,-14.3195633,
4635091008,-14.22280018,
4635690968,-14.08831023,
4636290928,-14.00335362,
4636890888,-13.90561671,
4637490848,-14.05241333,
4638090808,-13.84937869,
4638690768,-14.34772817,
4639290728,-14.39826109,
4639890688,-14.12985527,
4640490648,-14.04793483,
4641090608,-13.95482176,
4641690568,-13.96076254,
4642290528,-13.99892088,
4642890488,-14.00403505,
4643490448,-14.28633082,
4644090408,-14.12574863,
4644690368,-14.03150463,
4645290328,-14.05090253,
4645890288,-14.11118342,
4646490248,-14.03405234,
4647090208,-14.33692324,
4647690168,-14.07786142,
4648290128,-14.11450546,
4648890088,-13.97305966,
4649490048,-14.10149172,
4650090008,-14.06717847,
4650689968,-13.93577905,
4651289928,-14.02948017,
4651889888,-13.90476576,
4652489848,-14.03939321,
4653089808,-14.04020683,
4653689768,-13.97113032,
4654289728,-13.9384463,
4654889688,-14.06105732,
4655489648,-14.01981717,
4656089608,-14.19726582,
4656689568,-13.94864517,
4657289528,-14.0409234,
4657889488,-14.20264679,
4658489448,-13.69109167,
4659089408,-13.97102154,
4659689368,-14.07910629,
4660289328,-14.10957399,
4660889288,-14.19439037,
4661489248,-13.86109308,
4662089208,-14.16642473,
4662689168,-14.16544627,
4663289128,-14.18173487,
4663889088,-14.21596786,
4664489048,-13.78245355,
4665089008,-13.8874469,
4665688968,-13.95830368,
4666288928,-14.007861,
4666888888,-14.04273423,
4667488848,-13.89954553,
4668088808,-13.98860235,
4668688768,-13.85081979,
4669288728,-14.18717358,
4669888688,-13.83587696,
4670488648,-14.03990326,
4671088608,-13.76060466,
4671688568,-14.04109203,
4672288528,-13.82838755,
4672888488,-14.05246574,
4673488448,-14.00335721,
4674088408,-14.06237608,
4674688368,-13.77775594,
4675288328,-14.1946926,
4675888288,-13.71067933,
4676488248,-14.03516622,
4677088208,-13.85435164,
4677688168,-13.82682234,
4678288128,-13.97661155,
4678888088,-13.80007611,
4679488048,-14.00243054,
4680088008,-13.94978215,
4680687968,-13.69441677,
4681287928,-13.94901119,
4681887888,-13.9618021,
4682487848,-13.94559014,
4683087808,-13.94268391,
4683687768,-13.88786987,
4684287728,-13.68959813,
4684887688,-13.94562102,
4685487648,-13.96782854,
4686087608,-13.67101257,
4686687568,-13.89057971,
4687287528,-13.89739223,
4687887488,-13.76897584,
4688487448,-14.01331165,
4689087408,-14.03112908,
4689687368,-13.89860963,
4690287328,-14.16004309,
4690887288,-13.82538212,
4691487248,-13.89269673,
4692087208,-14.0083226,
4692687168,-13.99841756,
4693287128,-13.96542134,
4693887088,-13.95642941,
4694487048,-14.03741094,
4695087008,-14.10495688,
4695686968,-14.09471364,
4696286928,-13.98920399,
4696886888,-13.88898371,
4697486848,-13.74557018,
4698086808,-14.08075029,
4698686768,-14.12987746,
4699286728,-14.10179917,
4699886688,-14.16535057,
4700486648,-13.90829286,
4701086608,-13.95706799,
4701686568,-13.81277258,
4702286528,-13.88414436,
4702886488,-13.9671003,
4703486448,-14.1242353,
4704086408,-14.17336016,
4704686368,-13.82901649,
4705286328,-13.99232747,
4705886288,-14.18089131,
4706486248,-13.91009658,
4707086208,-14.09799263,
4707686168,-14.16981965,
4708286128,-13.90729129,
4708886088,-14.0388926,
4709486048,-14.27553998,
4710086008,-13.90514845,
4710685968,-14.17762728,
4711285928,-14.09993136,
4711885888,-13.98175219,
4712485848,-14.06106154,
4713085808,-14.19860045,
4713685768,-14.15545743,
4714285728,-14.11426679,
4714885688,-14.27908197,
4715485648,-14.36583309,
4716085608,-13.95573798,
4716685568,-13.98311917,
4717285528,-14.11659307,
4717885488,-14.22225528,
4718485448,-14.28575446,
4719085408,-14.18199804,
4719685368,-14.29417609,
4720285328,-14.18772381,
4720885288,-14.31549743,
4721485248,-14.31603956,
4722085208,-13.99374479,
4722685168,-14.42959912,
4723285128,-14.39953083,
4723885088,-14.50786029,
4724485048,-14.25147341,
4725085008,-14.31554701,
4725684968,-14.21972419,
4726284928,-14.63816953,
4726884888,-14.54324083,
4727484848,-14.27017135,
4728084808,-14.47230223,
4728684768,-14.27859771,
4729284728,-14.73512779,
4729884688,-14.27171831,
4730484648,-14.80614072,
4731084608,-14.5283592,
4731684568,-14.10758139,
4732284528,-14.59959172,
4732884488,-14.71474319,
4733484448,-14.44410956,
4734084408,-14.5361441,
4734684368,-14.51070693,
4735284328,-14.88981734,
4735884288,-14.83560981,
4736484248,-14.66271515,
4737084208,-15.00128338,
4737684168,-14.7809995,
4738284128,-14.71854784,
4738884088,-14.83003449,
4739484048,-14.68969184,
4740084008,-14.83046392,
4740683968,-14.95578088,
4741283928,-14.79337991,
4741883888,-14.58158791,
4742483848,-14.85387472,
4743083808,-15.13532461,
4743683768,-14.725161,
4744283728,-15.33548381,
4744883688,-15.11009013,
4745483648,-15.10995218,
4746083608,-15.31326283,
4746683568,-14.9799325,
4747283528,-15.4529,
4747883488,-15.46189179,
4748483448,-15.50004501,
4749083408,-15.10247818,
4749683368,-15.46649211,
4750283328,-15.08646644,
4750883288,-15.5289691,
4751483248,-15.21775975,
4752083208,-15.41318636,
4752683168,-15.51693088,
4753283128,-15.55215059,
4753883088,-15.55296207,
4754483048,-15.62993757,
4755083008,-15.67248308,
4755682968,-15.51369476,
4756282928,-15.72232209,
4756882888,-15.6668361,
4757482848,-15.51232773,
4758082808,-15.49920578,
4758682768,-15.73829371,
4759282728,-15.61389572,
4759882688,-15.5767696,
4760482648,-15.87988698,
4761082608,-15.6383611,
4761682568,-15.42569112,
4762282528,-15.86213914,
4762882488,-15.92477021,
4763482448,-15.67265765,
4764082408,-15.49047996,
4764682368,-15.94205571,
4765282328,-15.8858166,
4765882288,-15.58682089,
4766482248,-15.79562066,
4767082208,-15.45466718,
4767682168,-16.0507932,
4768282128,-15.76848217,
4768882088,-15.63706772,
4769482048,-15.51414858,
4770082008,-15.80896056,
4770681967,-15.86585956,
4771281927,-15.76760339,
4771881887,-15.84377847,
4772481847,-15.72765433,
4773081807,-15.94776091,
4773681767,-15.74034822,
4774281727,-15.89134707,
4774881687,-15.75334797,
4775481647,-15.86566457,
4776081607,-15.96387967,
4776681567,-15.93967978,
4777281527,-15.76323745,
4777881487,-15.74154072,
4778481447,-15.92411339,
4779081407,-15.80777902,
4779681367,-15.98362647,
4780281327,-15.96407601,
4780881287,-15.88026439,
4781481247,-15.95069592,
4782081207,-15.93215051,
4782681167,-15.78759616,
4783281127,-16.09633341,
4783881087,-15.98313155,
4784481047,-15.870046,
4785081007,-15.97160415,
4785680967,-16.09214612,
4786280927,-16.00270878,
4786880887,-15.98764936,
4787480847,-16.02226737,
4788080807,-16.24536567,
4788680767,-16.06006137,
4789280727,-16.20648213,
4789880687,-16.12673699,
4790480647,-16.23341829,
4791080607,-16.08048988,
4791680567,-16.31294941,
4792280527,-16.1973908,
4792880487,-16.22450064,
4793480447,-16.32337542,
4794080407,-16.34927867,
4794680367,-16.24415494,
4795280327,-16.18397427,
4795880287,-16.34929859,
4796480247,-16.29216002,
4797080207,-16.29442768,
4797680167,-16.24388117,
4798280127,-16.41799171,
4798880087,-16.23678685,
4799480047,-16.41060721,
4800080007,-16.27053746,
4800679967,-16.38972206,
4801279927,-16.44744591,
4801879887,-16.4813609,
4802479847,-16.4135865,
4803079807,-16.45984215,
4803679767,-16.35753034,
4804279727,-16.46153509,
4804879687,-16.49816852,
4805479647,-16.45793304,
4806079607,-16.38613315,
4806679567,-16.68898349,
4807279527,-16.68492689,
4807879487,-16.58242371,
4808479447,-16.66743777,
4809079407,-16.74027055,
4809679367,-16.48316541,
4810279327,-16.56165443,
4810879287,-16.54496791,
4811479247,-16.60774411,
4812079207,-16.61844297,
4812679167,-16.71717502,
4813279127,-16.3807325,
4813879087,-16.78229041,
4814479047,-16.51190486,
4815079007,-16.69991652,
4815678967,-16.47731854,
4816278927,-16.83820992,
4816878887,-16.8628582,
4817478847,-16.51874803,
4818078807,-17.01480057,
4818678767,-16.77612119,
4819278727,-16.73135423,
4819878687,-16.7431754,
4820478647,-16.72367738,
4821078607,-16.92960777,
4821678567,-17.28186033,
4822278527,-16.56437873,
4822878487,-16.64304918,
4823478447,-16.94981379,
4824078407,-16.7074189,
4824678367,-16.88181713,
4825278327,-16.94087149,
4825878287,-16.94673603,
4826478247,-16.64660098,
4827078207,-16.89954844,
4827678167,-17.02960796,
4828278127,-16.86165035,
4828878087,-17.00572695,
4829478047,-17.10818119,
4830078007,-16.88000975,
4830677967,-17.1962502,
4831277927,-17.05944687,
4831877887,-16.78507687,
4832477847,-16.81965739,
4833077807,-16.95881266,
4833677767,-16.97136675,
4834277727,-17.18069931,
4834877687,-16.84611192,
4835477647,-17.25949113,
4836077607,-17.20157383,
4836677567,-16.98351198,
4837277527,-17.11781465,
4837877487,-17.14815651,
4838477447,-17.43168778,
4839077407,-17.15393009,
4839677367,-17.29527531,
4840277327,-16.86217732,
4840877287,-17.42267987,
4841477247,-17.48134291,
4842077207,-17.01502394,
4842677167,-17.02354678,
4843277127,-17.44730393,
4843877087,-17.14524065,
4844477047,-17.08456975,
4845077007,-17.36636998,
4845676967,-17.31467549,
4846276927,-17.12019875,
4846876887,-17.36819144,
4847476847,-17.46635814,
4848076807,-17.27721423,
4848676767,-17.37882403,
4849276727,-17.40296812,
4849876687,-17.80339835,
4850476647,-17.51198632,
4851076607,-17.51859431,
4851676567,-17.30855404,
4852276527,-17.35832292,
4852876487,-17.22701685,
4853476447,-17.26811099,
4854076407,-17.56250368,
4854676367,-17.60840229,
4855276327,-17.01610048,
4855876287,-17.71601462,
4856476247,-17.34129399,
4857076207,-17.37961251,
4857676167,-17.52035293,
4858276127,-17.5402647,
4858876087,-17.30906321,
4859476047,-17.36333332,
4860076007,-17.5770407,
4860675967,-17.65886908,
4861275927,-17.56204863,
4861875887,-17.30602892,
4862475847,-17.60677614,
4863075807,-17.58341017,
4863675767,-17.36175246,
4864275727,-17.38502372,
4864875687,-17.53608565,
4865475647,-17.68348171,
4866075607,-17.75482442,
4866675567,-17.78376643,
4867275527,-17.83140088,
4867875487,-17.80612623,
4868475447,-17.52608386,
4869075407,-17.22216368,
4869675367,-17.74391651,
4870275327,-17.34352479,
4870875287,-17.41897826,
4871475247,-17.51249807,
4872075207,-17.53153216,
4872675167,-17.70973355,
4873275127,-17.47990849,
4873875087,-17.34813228,
4874475047,-17.84012685,
4875075007,-17.69238567,
4875674967,-17.57270525,
4876274927,-17.58324818,
4876874887,-17.89664091,
4877474847,-17.73493033,
4878074807,-17.92700909,
4878674767,-17.96358087,
4879274727,-18.07424174,
4879874687,-17.57097594,
4880474647,-17.95125503,
4881074607,-17.86148064,
4881674567,-17.92249468,
4882274527,-18.07537811,
4882874487,-17.98302101,
4883474447,-17.41126561,
4884074407,-17.55776005,
4884674367,-17.38167987,
4885274327,-17.59305933,
4885874287,-17.73443436,
4886474247,-17.8002292,
4887074207,-17.81744307,
4887674167,-17.71376856,
4888274127,-17.87542207,
4888874087,-18.17109967,
4889474047,-17.50692103,
4890074007,-17.83375522,
4890673967,-17.92983743,
4891273927,-18.26347141,
4891873887,-17.81913693,
4892473847,-17.89952078,
4893073807,-17.6304029,
4893673767,-17.67609791,
4894273727,-17.83249666,
4894873687,-17.65677513,
4895473647,-17.92210847,
4896073607,-17.81530049,
4896673567,-17.93594401,
4897273527,-17.66959635,
4897873487,-17.46716344,
4898473447,-17.6197665,
4899073407,-18.07328758,
4899673367,-17.86309839,
4900273327,-17.39962646,
4900873287,-18.06511224,
4901473247,-18.38344446,
4902073207,-17.69349335,
4902673167,-17.27431311,
4903273127,-17.7299877,
4903873087,-17.60233301,
4904473047,-18.13954656,
4905073007,-17.37266272,
4905672967,-17.8757633,
4906272927,-17.67523586,
4906872887,-18.0526693,
4907472847,-17.80849427,
4908072807,-18.33062953,
4908672767,-17.84716206,
4909272727,-17.85173389,
4909872687,-17.52870407,
4910472647,-17.7036449,
4911072607,-17.71447551,
4911672567,-17.73263624,
4912272527,-17.65498653,
4912872487,-17.3578305,
4913472447,-17.62171299,
4914072407,-17.48421623,
4914672367,-17.40019843,
4915272327,-17.72601322,
4915872287,-17.57395427,
4916472247,-18.00630584,
4917072207,-17.49000176,
4917672167,-17.28697711,
4918272127,-17.96676775,
4918872087,-17.75296123,
4919472047,-17.89145496,
4920072007,-18.20284517,
4920671967,-17.63421991,
4921271927,-18.14895778,
4921871887,-17.28444522,
4922471847,-17.2387513,
4923071807,-17.63148218,
4923671767,-17.52409167,
4924271726,-17.80699375,
4924871686,-17.78471964,
4925471646,-17.70717612,
4926071606,-17.77410743,
4926671566,-17.48019887,
4927271526,-17.65430089,
4927871486,-17.81430861,
4928471446,-17.90352625,
4929071406,-17.38942937,
4929671366,-17.96021077,
4930271326,-17.45742442,
4930871286,-17.52450147,
4931471246,-17.90926906,
4932071206,-17.79224469,
4932671166,-17.38677323,
4933271126,-17.59122545,
4933871086,-17.61192248,
4934471046,-17.10145834,
4935071006,-17.68521109,
4935670966,-17.38498626,
4936270926,-17.54949282,
4936870886,-17.87050119,
4937470846,-17.4361951,
4938070806,-17.26570763,
4938670766,-17.73763107,
4939270726,-17.58507404,
4939870686,-17.7733554,
4940470646,-17.61671259,
4941070606,-17.31586907,
4941670566,-17.30259371,
4942270526,-17.49036811,
4942870486,-17.12358378,
4943470446,-17.34433912,
4944070406,-17.22993412,
4944670366,-17.2290903,
4945270326,-17.50020555,
4945870286,-17.23564553,
4946470246,-17.48028279,
4947070206,-16.9548626,
4947670166,-17.17130061,
4948270126,-17.25581665,
4948870086,-17.29511286,
4949470046,-17.07013092,
4950070006,-17.38608181,
4950669966,-17.34955585,
4951269926,-17.04571242,
4951869886,-17.11948951,
4952469846,-16.95987805,
4953069806,-17.16458792,
4953669766,-16.88189842,
4954269726,-17.17430844,
4954869686,-16.90818937,
4955469646,-16.82812202,
4956069606,-17.21899111,
4956669566,-16.82647411,
4957269526,-17.02307493,
4957869486,-17.11823074,
4958469446,-16.83687236,
4959069406,-16.85824499,
4959669366,-17.22244177,
4960269326,-16.85948971,
4960869286,-16.75179624,
4961469246,-17.07390491,
4962069206,-17.0303546,
4962669166,-16.81474671,
4963269126,-16.94840817,
4963869086,-16.83178557,
4964469046,-16.95073721,
4965069006,-16.98055687,
4965668966,-16.96521738,
4966268926,-16.82853882,
4966868886,-16.52511804,
4967468846,-16.89038658,
4968068806,-16.83738922,
4968668766,-16.65294576,
4969268726,-16.79555565,
4969868686,-16.77078048,
4970468646,-16.76881575,
4971068606,-16.88248855,
4971668566,-16.90828259,
4972268526,-16.96524526,
4972868486,-16.91825648,
4973468446,-16.92708363,
4974068406,-16.93600257,
4974668366,-16.84789682,
4975268326,-16.89106374,
4975868286,-16.65084768,
4976468246,-16.45762642,
4977068206,-17.02755145,
4977668166,-17.04427503,
4978268126,-16.76424869,
4978868086,-16.60401292,
4979468046,-16.67968993,
4980068006,-16.66344768,
4980667966,-16.83084841,
4981267926,-16.79890206,
4981867886,-17.0067976,
4982467846,-16.57958708,
4983067806,-16.6184135,
4983667766,-16.74229086,
4984267726,-16.63364893,
4984867686,-16.74075764,
4985467646,-16.71543326,
4986067606,-16.89341216,
4986667566,-16.68265578,
4987267526,-16.81973594,
4987867486,-16.54923021,
4988467446,-16.50874375,
4989067406,-16.70626559,
4989667366,-16.8000606,
4990267326,-16.80677673,
4990867286,-16.76875805,
4991467246,-16.82578196,
4992067206,-16.72487951,
4992667166,-16.65991232,
4993267126,-16.99636578,
4993867086,-17.1673511,
4994467046,-16.61316217,
4995067006,-16.69310183,
4995666966,-16.88408392,
4996266926,-16.98693844,
4996866886,-16.749681,
4997466846,-16.67311184,
4998066806,-16.79339574,
4998666766,-16.64226245,
4999266726,-16.67164663,
4999866686,-16.74947703,
5000466646,-16.96472015,
5001066606,-17.3008032,
5001666566,-16.81393058,
5002266526,-16.80556446,
5002866486,-16.72792617,
5003466446,-16.99942327,
5004066406,-16.75504952,
5004666366,-16.9318105,
5005266326,-16.89261822,
5005866286,-17.0063869,
5006466246,-16.994862,
5007066206,-16.90821663,
5007666166,-17.0582618,
5008266126,-16.85405125,
5008866086,-16.87605028,
5009466046,-17.35050664,
5010066006,-17.02004104,
5010665966,-17.1449094,
5011265926,-17.09037522,
5011865886,-17.05406528,
5012465846,-16.83447973,
5013065806,-16.6940493,
5013665766,-16.84700668,
5014265726,-16.63092677,
5014865686,-17.27074308,
5015465646,-16.86582202,
5016065606,-17.01436706,
5016665566,-17.06034112,
5017265526,-17.22252085,
5017865486,-16.9137431,
5018465446,-17.33417063,
5019065406,-17.25084701,
5019665366,-16.97019513,
5020265326,-17.49757062,
5020865286,-17.0852616,
5021465246,-16.9996708,
5022065206,-17.43567233,
5022665166,-17.14320453,
5023265126,-17.25872928,
5023865086,-17.16764151,
5024465046,-17.25823167,
5025065006,-17.2271966,
5025664966,-17.17298396,
5026264926,-17.21452982,
5026864886,-17.17970899,
5027464846,-17.31592674,
5028064806,-17.50679827,
5028664766,-17.54522435,
5029264726,-17.70753602,
5029864686,-17.49258144,
5030464646,-17.20319642,
5031064606,-17.25521065,
5031664566,-17.64879067,
5032264526,-17.70965644,
5032864486,-17.66149392,
5033464446,-17.83080081,
5034064406,-17.38873403,
5034664366,-17.27859009,
5035264326,-18.05919868,
5035864286,-17.94627763,
5036464246,-17.71654062,
5037064206,-17.66303566,
5037664166,-17.51372346,
5038264126,-17.28152009,
5038864086,-17.78409901,
5039464046,-17.68841292,
5040064006,-17.62646139,
5040663966,-18.02608424,
5041263926,-17.92494025,
5041863886,-17.56257043,
5042463846,-17.32255518,
5043063806,-17.98879986,
5043663766,-17.95551439,
5044263726,-18.19879867,
5044863686,-17.72213769,
5045463646,-17.79396297,
5046063606,-17.59485556,
5046663566,-17.97451649,
5047263526,-17.84204606,
5047863486,-17.78765076,
5048463446,-17.7817483,
5049063406,-17.43618447,
5049663366,-18.32350051,
5050263326,-17.75951522,
5050863286,-17.87027673,
5051463246,-17.78469917,
5052063206,-18.06673723,
5052663166,-18.67582308,
5053263126,-18.43031703,
5053863086,-17.78902105,
5054463046,-18.38897874,
5055063006,-18.14811342,
5055662966,-18.00268077,
5056262926,-18.33245121,
5056862886,-17.87605154,
5057462846,-18.48668915,
5058062806,-18.21513693,
5058662766,-18.44830529,
5059262726,-18.3902931,
5059862686,-18.47759843,
5060462646,-18.45267554,
5061062606,-18.45146534,
5061662566,-18.83372858,
5062262526,-18.79867995,
5062862486,-18.58334025,
5063462446,-18.86970925,
5064062406,-18.5876256,
5064662366,-19.04038835,
5065262326,-19.04867623,
5065862286,-19.05924276,
5066462246,-18.58556376,
5067062206,-18.84901652,
5067662166,-19.11377201,
5068262126,-19.59994121,
5068862086,-19.01863801,
5069462046,-19.33149041,
5070062006,-19.39665031,
5070661966,-18.78580108,
5071261926,-19.38330103,
5071861886,-19.25674444,
5072461846,-19.16414192,
5073061806,-19.50554054,
5073661766,-19.44270118,
5074261726,-19.72686177,
5074861686,-19.97850219,
5075461646,-20.16970008,
5076061606,-19.8198097,
5076661566,-20.24688386,
5077261526,-19.36890562,
5077861485,-20.07636016,
5078461445,-20.21672773,
5079061405,-20.21591159,
5079661365,-19.83617642,
5080261325,-19.97241572,
5080861285,-20.02365748,
5081461245,-20.3081274,
5082061205,-20.48593499,
5082661165,-19.81941972,
5083261125,-20.63395404,
5083861085,-19.65608737,
5084461045,-20.45900971,
5085061005,-20.06990702,
5085660965,-20.20327763,
5086260925,-20.54238572,
5086860885,-20.00847802,
5087460845,-20.52939033,
5088060805,-20.49614053,
5088660765,-20.50026807,
5089260725,-20.21381402,
5089860685,-20.15156174,
5090460645,-20.29243479,
5091060605,-20.78194736,
5091660565,-20.17944242,
5092260525,-20.26843066,
5092860485,-20.5986366,
5093460445,-20.59213191,
5094060405,-21.01449252,
5094660365,-20.26852228,
5095260325,-20.84673366,
5095860285,-20.98075085,
5096460245,-20.94323522,
5097060205,-20.6445281,
5097660165,-20.98734017,
5098260125,-20.65301944,
5098860085,-21.00000963,
5099460045,-21.38529857,
5100060005,-20.77158826,
5100659965,-21.35505081,
5101259925,-20.65765434,
5101859885,-20.49870775,
5102459845,-21.52501574,
5103059805,-20.91095784,
5103659765,-20.50748712,
5104259725,-21.26606681,
5104859685,-20.791202,
5105459645,-20.81759364,
5106059605,-20.9988466,
5106659565,-20.57579685,
5107259525,-20.84006852,
5107859485,-21.01552991,
5108459445,-20.70078099,
5109059405,-20.82569555,
5109659365,-20.81338331,
5110259325,-20.51453406,
5110859285,-20.81389483,
5111459245,-20.90503013,
5112059205,-20.86217067,
5112659165,-21.06629511,
5113259125,-20.86242143,
5113859085,-21.04271584,
5114459045,-21.12047357,
5115059005,-20.7305794,
5115658965,-20.86963969,
5116258925,-21.20697464,
5116858885,-21.06715529,
5117458845,-20.98715549,
5118058805,-21.01896122,
5118658765,-21.07664854,
5119258725,-21.05213546,
5119858685,-21.03568641,
5120458645,-21.19166151,
5121058605,-21.166464,
5121658565,-21.15699573,
5122258525,-20.98468096,
5122858485,-21.68766245,
5123458445,-21.4302733,
5124058405,-21.20386573,
5124658365,-21.29838003,
5125258325,-21.20314578,
5125858285,-21.18420022,
5126458245,-21.17303771,
5127058205,-21.28000256,
5127658165,-21.1131502,
5128258125,-21.24589637,
5128858085,-21.75037629,
5129458045,-21.27714903,
5130058005,-21.42207828,
5130657965,-21.55499092,
5131257925,-21.62923571,
5131857885,-21.7369521,
5132457845,-21.60671212,
5133057805,-21.49574562,
5133657765,-21.5841816,
5134257725,-21.74696794,
5134857685,-21.53343293,
5135457645,-21.83229408,
5136057605,-21.41270036,
5136657565,-21.54067981,
5137257525,-21.81866346,
5137857485,-21.65005979,
5138457445,-21.45628493,
5139057405,-21.56957692,
5139657365,-22.24251304,
5140257325,-21.58798774,
5140857285,-21.46177573,
5141457245,-21.38262389,
5142057205,-21.91870725,
5142657165,-21.65760828,
5143257125,-21.70452829,
5143857085,-21.84393937,
5144457045,-21.39629064,
5145057005,-21.96102862,
5145656965,-21.64180144,
5146256925,-21.53728007,
5146856885,-21.87193568,
5147456845,-21.90740171,
5148056805,-22.03699084,
5148656765,-22.22459959,
5149256725,-21.73559269,
5149856685,-22.01544667,
5150456645,-21.88589832,
5151056605,-21.80567562,
5151656565,-21.92282436,
5152256525,-22.1476968,
5152856485,-22.19360727,
5153456445,-22.01057975,
5154056405,-22.04466703,
5154656365,-22.22882848,
5155256325,-21.88900732,
5155856285,-21.86909601,
5156456245,-22.19845005,
5157056205,-21.93416412,
5157656165,-21.68684713,
5158256125,-22.05845882,
5158856085,-22.04398099,
5159456045,-21.74201597,
5160056005,-21.859198,
5160655965,-22.0259239,
5161255925,-21.93492867,
5161855885,-21.90332825,
5162455845,-22.37541487,
5163055805,-21.78189471,
5163655765,-22.15594402,
5164255725,-22.00862649,
5164855685,-21.77043804,
5165455645,-21.66948739,
5166055605,-21.75137016,
5166655565,-21.90273419,
5167255525,-22.27502567,
5167855485,-22.30530646,
5168455445,-22.23370577,
5169055405,-22.04851262,
5169655365,-21.67734827,
5170255325,-22.17676644,
5170855285,-21.90294276,
5171455245,-21.84559799,
5172055205,-22.04734557,
5172655165,-22.026906,
5173255125,-22.15113361,
5173855085,-22.11754474,
5174455045,-21.88905302,
5175055005,-21.85464296,
5175654965,-22.27598732,
5176254925,-21.97500477,
5176854885,-21.82290106,
5177454845,-21.62538612,
5178054805,-22.05148134,
5178654765,-21.90903591,
5179254725,-22.11358839,
5179854685,-21.76302229,
5180454645,-21.84527191,
5181054605,-21.87170885,
5181654565,-21.73798663,
5182254525,-21.60556222,
5182854485,-21.9239618,
5183454445,-21.93031616,
5184054405,-21.64637198,
5184654365,-22.03128739,
5185254325,-22.12162232,
5185854285,-21.90617538,
5186454245,-21.94771833,
5187054205,-22.19300501,
5187654165,-22.06784463,
5188254125,-21.9091646,
5188854085,-21.99092486,
5189454045,-21.92066489,
5190054005,-22.12637459,
5190653965,-21.46154924,
5191253925,-21.80397125,
5191853885,-21.57961913,
5192453845,-21.7055625,
5193053805,-21.80131113,
5193653765,-21.95084455,
5194253725,-21.25205467,
5194853685,-21.83319891,
5195453645,-21.82124054,
5196053605,-21.8112836,
5196653565,-21.67245221,
5197253525,-21.60234775,
5197853485,-21.62243983,
5198453445,-21.42495055,
5199053405,-21.51467948,
5199653365,-21.37770071,
5200253325,-21.6626336,
5200853285,-21.57336576,
5201453245,-21.49443328,
5202053205,-21.39622147,
5202653165,-21.68001475,
5203253125,-21.67942635,
5203853085,-21.12246788,
5204453045,-21.39020215,
5205053005,-21.59898258,
5205652965,-21.38205521,
5206252925,-21.4969579,
5206852885,-21.12410386,
5207452845,-21.61567661,
5208052805,-21.54602233,
5208652765,-21.20329863,
5209252725,-21.19276377,
5209852685,-21.06244212,
5210452645,-21.22253489,
5211052605,-21.09258533,
5211652565,-21.27012879,
5212252525,-21.33467661,
5212852485,-21.36131949,
5213452445,-21.363699,
5214052405,-21.23328037,
5214652365,-21.23370153,
5215252325,-21.21947351,
5215852285,-21.23958336,
5216452245,-20.86620088,
5217052205,-20.84339071,
5217652165,-21.00136211,
5218252125,-21.13116183,
5218852085,-21.03929589,
5219452045,-20.87678444,
5220052005,-20.86037905,
5220651965,-20.80608519,
5221251925,-21.01554417,
5221851885,-21.13130384,
5222451845,-20.9092242,
5223051805,-20.67322088,
5223651765,-20.70227833,
5224251725,-20.85964166,
5224851685,-20.85549101,
5225451645,-20.78082062,
5226051605,-20.73894241,
5226651565,-20.88908032,
5227251525,-20.5742871,
5227851485,-20.47726721,
5228451445,-20.92025353,
5229051405,-20.68447118,
5229651365,-20.53789276,
5230251325,-20.6207801,
5230851285,-20.35251978,
5231451244,-20.29330772,
5232051204,-20.45545069,
5232651164,-20.40105692,
5233251124,-20.56976965,
5233851084,-20.38672998,
5234451044,-20.69735711,
5235051004,-20.746461,
5235650964,-20.36822109,
5236250924,-20.59196697,
5236850884,-20.65308948,
5237450844,-20.47823472,
5238050804,-20.36738793,
5238650764,-20.72957233,
5239250724,-20.29453798,
5239850684,-20.92493247,
5240450644,-20.06602022,
5241050604,-20.17348254,
5241650564,-20.78303522,
5242250524,-20.54242113,
5242850484,-20.69102184,
5243450444,-20.64849156,
5244050404,-20.33877021,
5244650364,-20.2520639,
5245250324,-19.8712606,
5245850284,-20.06740098,
5246450244,-20.17162958,
5247050204,-20.76698264,
5247650164,-20.18678167,
5248250124,-20.81002309,
5248850084,-19.86724515,
5249450044,-20.42008282,
5250050004,-21.03835512,
5250649964,-19.92047994,
5251249924,-20.09753177,
5251849884,-19.95928549,
5252449844,-19.95371878,
5253049804,-19.93501482,
5253649764,-20.37661295,
5254249724,-20.18442884,
5254849684,-20.75168776,
5255449644,-19.8587481,
5256049604,-19.92914817,
5256649564,-19.97362266,
5257249524,-20.39498506,
5257849484,-19.93037001,
5258449444,-20.16326974,
5259049404,-19.60621055,
5259649364,-20.2491117,
5260249324,-20.13841517,
5260849284,-19.65521363,
5261449244,-19.66731771,
5262049204,-19.76657534,
5262649164,-19.92140912,
5263249124,-19.86993002,
5263849084,-20.0220491,
5264449044,-19.70886979,
5265049004,-19.95268822,
5265648964,-19.48751298,
5266248924,-20.11421873,
5266848884,-19.68086917,
5267448844,-19.94710885,
5268048804,-19.59730536,
5268648764,-19.85240807,
5269248724,-19.50802474,
5269848684,-19.28780252,
5270448644,-20.37817042,
5271048604,-19.40109352,
5271648564,-19.54695917,
5272248524,-19.77656998,
5272848484,-19.78896508,
5273448444,-19.52125835,
5274048404,-19.49974263,
5274648364,-19.53018095,
5275248324,-19.68807849,
5275848284,-19.72099866,
5276448244,-19.82737238,
5277048204,-19.1231462,
5277648164,-19.91051045,
5278248124,-19.1487895,
5278848084,-19.48433879,
5279448044,-19.20390286,
5280048004,-18.95614516,
5280647964,-19.68903917,
5281247924,-19.10893572,
5281847884,-19.8734945,
5282447844,-19.25129182,
5283047804,-19.09930209,
5283647764,-19.29285056,
5284247724,-19.65614486,
5284847684,-19.96582326,
5285447644,-19.70529367,
5286047604,-19.65525767,
5286647564,-19.53820276,
5287247524,-19.46306939,
5287847484,-19.7846236,
5288447444,-20.09320972,
5289047404,-19.3299528,
5289647364,-19.52340251,
5290247324,-19.35433667,
5290847284,-19.34711841,
5291447244,-19.71926934,
5292047204,-19.21766805,
5292647164,-19.77169827,
5293247124,-19.84715967,
5293847084,-19.42853283,
5294447044,-19.32105249,
5295047004,-19.39198271,
5295646964,-19.53876803,
5296246924,-19.62171175,
5296846884,-19.78691942,
5297446844,-19.60258424,
5298046804,-19.47509055,
5298646764,-19.59614843,
5299246724,-19.32594004,
5299846684,-19.19991333,
5300446644,-19.54688204,
5301046604,-19.53744497,
5301646564,-19.73633358,
5302246524,-19.44837251,
5302846484,-19.31420837,
5303446444,-19.26619772,
5304046404,-19.27652101,
5304646364,-19.46202181,
5305246324,-19.51071359,
5305846284,-19.28514249,
5306446244,-19.87693481,
5307046204,-19.76644597,
5307646164,-19.29845086,
5308246124,-19.9091518,
5308846084,-19.77656762,
5309446044,-19.53709879,
5310046004,-19.86396609,
5310645964,-19.64223566,
5311245924,-19.51694189,
5311845884,-19.82723858,
5312445844,-20.03907029,
5313045804,-19.40444218,
5313645764,-20.35849693,
5314245724,-19.28135169,
5314845684,-19.87943297,
5315445644,-19.78596172,
5316045604,-19.72461555,
5316645564,-19.41922829,
5317245524,-20.03405202,
5317845484,-20.25134804,
5318445444,-19.95025931,
5319045404,-19.70505809,
5319645364,-19.9558582,
5320245324,-19.88225706,
5320845284,-20.7263839,
5321445244,-19.80848782,
5322045204,-20.32851574,
5322645164,-19.87020465,
5323245124,-20.39870887,
5323845084,-20.03409153,
5324445044,-20.09063818,
5325045004,-19.84566013,
5325644964,-19.54149115,
5326244924,-19.88456104,
5326844884,-20.02230977,
5327444844,-19.64045073,
5328044804,-19.78662745,
5328644764,-20.40254178,
5329244724,-19.86591212,
5329844684,-19.8706434,
5330444644,-19.84820702,
5331044604,-20.11063362,
5331644564,-20.0912933,
5332244524,-20.22726365,
5332844484,-20.00253671,
5333444444,-19.73734255,
5334044404,-20.09306454,
5334644364,-20.20540209,
5335244324,-20.10467755,
5335844284,-20.00629992,
5336444244,-20.21357597,
5337044204,-20.25165222,
5337644164,-20.26972474,
5338244124,-20.54069854,
5338844084,-20.48611393,
5339444044,-20.32644772,
5340044004,-20.57169963,
5340643964,-20.45010168,
5341243924,-20.34816544,
5341843884,-20.48458962,
5342443844,-20.6889316,
5343043804,-20.44955232,
5343643764,-20.5929138,
5344243724,-20.67566788,
5344843684,-20.56780985,
5345443644,-20.64134839,
5346043604,-20.65397049,
5346643564,-20.86996596,
5347243524,-20.83148507,
5347843484,-20.77194157,
5348443444,-20.93151402,
5349043404,-20.75328217,
5349643364,-20.75507812,
5350243324,-20.63028763,
5350843284,-21.1767622,
5351443244,-21.05860776,
5352043204,-21.10437574,
5352643164,-20.67093801,
5353243124,-20.98419404,
5353843084,-21.15933123,
5354443044,-21.12645257,
5355043004,-20.98143959,
5355642964,-20.72718322,
5356242924,-21.16155652,
5356842884,-20.91865376,
5357442844,-21.37802856,
5358042804,-21.31637728,
5358642764,-21.17985829,
5359242724,-21.10688679,
5359842684,-21.44147816,
5360442644,-21.37474253,
5361042604,-21.2304989,
5361642564,-21.71464851,
5362242524,-21.46599246,
5362842484,-21.35354038,
5363442444,-21.64932107,
5364042404,-21.24669829,
5364642364,-21.82062945,
5365242324,-21.3973886,
5365842284,-21.01033538,
5366442244,-21.46782675,
5367042204,-22.09459773,
5367642164,-22.28735506,
5368242124,-21.89243798,
5368842084,-21.91694448,
5369442044,-21.85748265,
5370042004,-21.88619223,
5370641964,-21.48784427,
5371241924,-21.91121981,
5371841884,-22.07275431,
5372441844,-22.04002825,
5373041804,-21.69781702,
5373641764,-22.45502566,
5374241724,-22.25922252,
5374841684,-21.67815292,
5375441644,-21.72131694,
5376041604,-22.57790786,
5376641564,-21.78171017,
5377241524,-22.44921849,
5377841484,-22.04236112,
5378441444,-22.25111364,
5379041404,-22.4769782,
5379641364,-22.06137311,
5380241324,-22.03147747,
5380841284,-22.63207227,
5381441244,-22.41298722,
5382041204,-22.43477617,
5382641164,-22.07516712,
5383241124,-22.04695679,
5383841084,-22.30098694,
5384441044,-22.77172908,
5385041004,-22.75513109,
5385640963,-22.83707839,
5386240923,-22.90913945,
5386840883,-21.82839622,
5387440843,-22.52817075,
5388040803,-21.87493193,
5388640763,-21.40150494,
5389240723,-22.60345075,
5389840683,-22.34163439,
5390440643,-23.11144916,
5391040603,-22.90770227,
5391640563,-22.67912002,
5392240523,-22.56851538,
5392840483,-22.57642044,
5393440443,-22.89950362,
5394040403,-22.81722973,
5394640363,-23.10690719,
5395240323,-22.86026779,
5395840283,-22.38459937,
5396440243,-23.07566855,
5397040203,-22.85116933,
5397640163,-23.22337373,
5398240123,-22.64485569,
5398840083,-23.10515511,
5399440043,-22.48383651,
5400040003,-22.40956612,
5400639963,-23.00546189,
5401239923,-22.59010151,
5401839883,-22.86963395,
5402439843,-23.01327519,
5403039803,-23.1582125,
5403639763,-23.54963825,
5404239723,-22.46200137,
5404839683,-23.40606017,
5405439643,-22.99985745,
5406039603,-23.66318229,
5406639563,-23.44585626,
5407239523,-23.1430498,
5407839483,-23.25066303,
5408439443,-22.83718384,
5409039403,-22.87688434,
5409639363,-22.99997743,
5410239323,-23.22212383,
5410839283,-22.95612169,
5411439243,-22.62944624,
5412039203,-23.60663335,
5412639163,-22.78188456,
5413239123,-22.87775758,
5413839083,-22.68893789,
5414439043,-23.66937526,
5415039003,-23.14928052,
5415638963,-22.7469456,
5416238923,-23.22766865,
5416838883,-22.97912666,
5417438843,-23.46529539,
5418038803,-23.10073417,
5418638763,-23.77351365,
5419238723,-23.12946562,
5419838683,-22.29963241,
5420438643,-23.55987626,
5421038603,-23.37331776,
5421638563,-23.33252889,
5422238523,-23.00138984,
5422838483,-22.52227139,
5423438443,-22.93224669,
5424038403,-22.73709378,
5424638363,-22.88757033,
5425238323,-22.92008774,
5425838283,-23.4034248,
5426438243,-22.80751795,
5427038203,-22.99995705,
5427638163,-23.02731748,
5428238123,-22.4354657,
5428838083,-22.8622292,
5429438043,-22.51876934,
5430038003,-22.69825332,
5430637963,-23.58733982,
5431237923,-23.27821411,
5431837883,-22.89775893,
5432437843,-23.25496256,
5433037803,-22.70869226,
5433637763,-22.62350947,
5434237723,-22.2585545,
5434837683,-22.61399235,
5435437643,-23.21001949,
5436037603,-22.63323325,
5436637563,-23.13951892,
5437237523,-23.46226657,
5437837483,-22.51262098,
5438437443,-23.1397638,
5439037403,-22.56336936,
5439637363,-22.58733659,
5440237323,-22.74322586,
5440837283,-23.87339894,
5441437243,-23.30771936,
5442037203,-22.88882134,
5442637163,-23.51928005,
5443237123,-22.98737813,
5443837083,-23.04157301,
5444437043,-22.81416292,
5445037003,-22.60672245,
5445636963,-22.4637738,
5446236923,-23.38357014,
5446836883,-22.86607313,
5447436843,-23.53488086,
5448036803,-22.93454923,
5448636763,-23.11349676,
5449236723,-23.08117745,
5449836683,-22.9952493,
5450436643,-23.06526114,
5451036603,-22.86394286,
5451636563,-23.07421743,
5452236523,-22.94982111,
5452836483,-23.10944817,
5453436443,-23.11546882,
5454036403,-23.25013688,
5454636363,-23.10180974,
5455236323,-22.76323737,
5455836283,-22.88020494,
5456436243,-23.68919915,
5457036203,-22.4812303,
5457636163,-23.21639528,
5458236123,-22.49427277,
5458836083,-22.66043205,
5459436043,-23.43617048,
5460036003,-23.39438634,
5460635963,-23.08327489,
5461235923,-22.89081911,
5461835883,-22.93352833,
5462435843,-23.79743838,
5463035803,-22.67239648,
5463635763,-22.3023053,
5464235723,-22.98997824,
5464835683,-22.81032455,
5465435643,-23.05870473,
5466035603,-22.92657361,
5466635563,-22.8967875,
5467235523,-22.84127452,
5467835483,-22.75044971,
5468435443,-22.583598,
5469035403,-23.01298336,
5469635363,-23.07310393,
5470235323,-22.54731537,
5470835283,-23.41881653,
5471435243,-21.91528229,
5472035203,-23.21430308,
5472635163,-23.16311612,
5473235123,-22.88840753,
5473835083,-23.7675278,
5474435043,-22.87559775,
5475035003,-23.56889495,
5475634963,-23.03971606,
5476234923,-23.41792274,
5476834883,-23.26408366,
5477434843,-23.19345507,
5478034803,-22.82215865,
5478634763,-22.71903034,
5479234723,-22.07194467,
5479834683,-21.93568748,
5480434643,-22.68404956,
5481034603,-21.9061281,
5481634563,-21.91398684,
5482234523,-22.14740373,
5482834483,-22.4569039,
5483434443,-22.50125257,
5484034403,-22.03068651,
5484634363,-22.47211553,
5485234323,-21.99682293,
5485834283,-22.48835586,
5486434243,-23.06172737,
5487034203,-21.93652057,
5487634163,-22.54282308,
5488234123,-22.3489514,
5488834083,-22.59480252,
5489434043,-22.52893774,
5490034003,-23.12840587,
5490633963,-22.15268174,
5491233923,-22.2721354,
5491833883,-21.99729697,
5492433843,-22.77203074,
5493033803,-22.09757519,
5493633763,-21.92180533,
5494233723,-22.05626602,
5494833683,-22.55009965,
5495433643,-22.82604326,
5496033603,-22.75434699,
5496633563,-23.08252802,
5497233523,-21.67637132,
5497833483,-22.39840489,
5498433443,-21.77677741,
5499033403,-21.79895924,
5499633363,-22.16718572,
5500233323,-22.3001916,
5500833283,-22.59167823,
5501433243,-22.66673792,
5502033203,-22.89136718,
5502633163,-23.11549924,
5503233123,-22.59968344,
5503833083,-22.71689584,
5504433043,-22.28960191,
5505033003,-22.69068668,
5505632963,-22.76041824,
5506232923,-22.68965369,
5506832883,-22.31190118,
5507432843,-22.57705827,
5508032803,-22.84128398,
5508632763,-22.48324681,
5509232723,-22.05210842,
5509832683,-21.75273797,
5510432643,-22.33428092,
5511032603,-22.51768289,
5511632563,-22.09558382,
5512232523,-21.96930573,
5512832483,-21.31297557,
5513432443,-22.32017484,
5514032403,-22.23734918,
5514632363,-21.97332074,
5515232323,-22.13232145,
5515832283,-21.40583699,
5516432243,-22.2610169,
5517032203,-21.1336689,
5517632163,-21.77803124,
5518232123,-21.34464623,
5518832083,-21.10548239,
5519432043,-21.98645264,
5520032003,-21.35409681,
5520631963,-22.18720309,
5521231923,-21.63822532,
5521831883,-21.44076326,
5522431843,-22.20208573,
5523031803,-20.52607869,
5523631763,-21.71094909,
5524231723,-20.83994406,
5524831683,-21.69005255,
5525431643,-21.62955086,
5526031603,-21.38953243,
5526631563,-21.66829646,
5527231523,-21.77655395,
5527831483,-22.04842414,
5528431443,-22.36090111,
5529031403,-21.54423428,
5529631363,-20.75955675,
5530231323,-21.16800103,
5530831283,-21.01467148,
5531431243,-21.76619546,
5532031203,-22.02485955,
5532631163,-21.25595311,
5533231123,-20.83790511,
5533831083,-21.17351545,
5534431043,-21.35162658,
5535031003,-21.54976991,
5535630963,-21.25795823,
5536230923,-21.14796414,
5536830883,-21.30572397,
5537430843,-20.68153699,
5538030803,-20.92852935,
5538630763,-20.9210386,
5539230722,-20.92235713,
5539830682,-21.42662525,
5540430642,-20.7579599,
5541030602,-21.26430278,
5541630562,-20.7040739,
5542230522,-20.44117365,
5542830482,-20.921365,
5543430442,-21.14965343,
5544030402,-20.93294315,
5544630362,-21.08766743,
5545230322,-20.67404089,
5545830282,-21.18130602,
5546430242,-20.7335544,
5547030202,-21.06900265,
5547630162,-20.72162601,
5548230122,-20.90175568,
5548830082,-20.77186846,
5549430042,-20.94920557,
5550030002,-20.79969666,
5550629962,-20.41723479,
5551229922,-20.56104959,
5551829882,-20.95471747,
5552429842,-21.22097736,
5553029802,-20.48790296,
5553629762,-20.87844084,
5554229722,-20.43652137,
5554829682,-20.75486408,
5555429642,-20.62855019,
5556029602,-19.99151115,
5556629562,-20.94994022,
5557229522,-20.00392412,
5557829482,-20.5222228,
5558429442,-20.10041606,
5559029402,-20.44591407,
5559629362,-20.52000039,
5560229322,-20.51472689,
5560829282,-20.61506735,
5561429242,-20.10615351,
5562029202,-20.41556944,
5562629162,-20.36825661,
5563229122,-20.1174659,
5563829082,-20.14965135,
5564429042,-20.74170224,
5565029002,-20.07491565,
5565628962,-20.54461713,
5566228922,-20.47034778,
5566828882,-19.91063277,
5567428842,-20.21446417,
5568028802,-20.46110246,
5568628762,-19.94548619,
5569228722,-20.30395266,
5569828682,-19.96371866,
5570428642,-20.13040503,
5571028602,-19.98522972,
5571628562,-20.1822831,
5572228522,-20.27259007,
5572828482,-19.87824769,
5573428442,-19.52046734,
5574028402,-19.82834087,
5574628362,-19.96931659,
5575228322,-20.08355703,
5575828282,-20.21279492,
5576428242,-20.04509339,
5577028202,-19.92017779,
5577628162,-19.96757137,
5578228122,-19.83882629,
5578828082,-20.19494452,
5579428042,-19.9755503,
5580028002,-20.03725203,
5580627962,-19.90703862,
5581227922,-19.8349461,
5581827882,-19.9625026,
5582427842,-20.28638307,
5583027802,-19.85584381,
5583627762,-19.95234566,
5584227722,-19.88483593,
5584827682,-19.87450973,
5585427642,-20.18748751,
5586027602,-19.82291525,
5586627562,-20.00479285,
5587227522,-19.70395928,
5587827482,-19.98186202,
5588427442,-19.79712349,
5589027402,-19.80365033,
5589627362,-20.16698931,
5590227322,-20.46024061,
5590827282,-20.06806153,
5591427242,-20.00558402,
5592027202,-19.94451362,
5592627162,-19.89845497,
5593227122,-19.95613124,
5593827082,-19.8020091,
5594427042,-20.16228337,
5595027002,-19.89594581,
5595626962,-19.76856058,
5596226922,-20.22192593,
5596826882,-19.63554682,
5597426842,-20.11184328,
5598026802,-19.42877275,
5598626762,-20.21612297,
5599226722,-20.21284187,
5599826682,-20.05841766,
5600426642,-19.71271724,
5601026602,-19.94896239,
5601626562,-19.9731118,
5602226522,-19.72871563,
5602826482,-20.38076063,
5603426442,-19.64365902,
5604026402,-20.50375929,
5604626362,-20.19603497,
5605226322,-20.69231097,
5605826282,-20.1404086,
5606426242,-20.23751274,
5607026202,-20.06398468,
5607626162,-20.11826664,
5608226122,-20.21661306,
5608826082,-20.28915351,
5609426042,-20.49135908,
5610026002,-20.43212437,
5610625962,-20.55836298,
5611225922,-20.41293247,
5611825882,-20.5463202,
5612425842,-20.18965343,
5613025802,-20.72336903,
5613625762,-20.09652266,
5614225722,-20.40420664,
5614825682,-20.24368779,
5615425642,-20.52398068,
5616025602,-20.52879465,
5616625562,-20.88894342,
5617225522,-20.57982821,
5617825482,-20.9986851,
5618425442,-20.83349338,
5619025402,-21.03975919,
5619625362,-20.84578618,
5620225322,-20.92887673,
5620825282,-20.732143,
5621425242,-20.67747095,
5622025202,-20.59073956,
5622625162,-20.36672926,
5623225122,-20.67593086,
5623825082,-20.78743937,
5624425042,-20.50469852,
5625025002,-20.75062065,
5625624962,-20.8825357,
5626224922,-20.90444744,
5626824882,-20.2395026,
5627424842,-20.44817998,
5628024802,-21.57292213,
5628624762,-20.81011778,
5629224722,-21.01630701,
5629824682,-21.25676936,
5630424642,-21.30086946,
5631024602,-20.96626619,
5631624562,-21.57842181,
5632224522,-20.96308356,
5632824482,-21.02029565,
5633424442,-20.29251315,
5634024402,-21.20263535,
5634624362,-21.73643079,
5635224322,-20.72289486,
5635824282,-21.50007714,
5636424242,-20.97016911,
5637024202,-21.51009761,
5637624162,-21.88722827,
5638224122,-21.5098778,
5638824082,-21.10760435,
5639424042,-21.39372202,
5640024002,-21.67420246,
5640623962,-22.0417564,
5641223922,-21.89043126,
5641823882,-21.37946282,
5642423842,-20.53979881,
5643023802,-21.34215061,
5643623762,-20.76202505,
5644223722,-21.2187858,
5644823682,-21.20902845,
5645423642,-21.75908068,
5646023602,-21.89603173,
5646623562,-22.21703362,
5647223522,-21.63023573,
5647823482,-22.05206204,
5648423442,-21.59736189,
5649023402,-21.78344826,
5649623362,-22.04449322,
5650223322,-22.01071405,
5650823282,-22.18939416,
5651423242,-21.47995816,
5652023202,-21.63809631,
5652623162,-21.99344294,
5653223122,-21.84316964,
5653823082,-22.1808676,
5654423042,-22.15067945,
5655023002,-22.68827339,
5655622962,-22.08942867,
5656222922,-21.82277969,
5656822882,-21.95809576,
5657422842,-22.56993764,
5658022802,-21.73139973,
5658622762,-22.26313904,
5659222722,-21.79623185,
5659822682,-21.65501724,
5660422642,-21.51263768,
5661022602,-21.69431323,
5661622562,-21.43757892,
5662222522,-21.46969764,
5662822482,-21.14054467,
5663422442,-22.78568644,
5664022402,-21.14500407,
5664622362,-22.68936113,
5665222322,-22.16858712,
5665822282,-21.77199507,
5666422242,-22.28020568,
5667022202,-21.46279871,
5667622162,-22.83466402,
5668222122,-21.93754714,
5668822082,-22.28754046,
5669422042,-22.10248085,
5670022002,-21.92330827,
5670621962,-22.2627383,
5671221922,-22.70877941,
5671821882,-22.87946818,
5672421842,-22.47305407,
5673021802,-22.40989339,
5673621762,-24.11206427,
5674221722,-21.91222915,
5674821682,-22.7632884,
5675421642,-21.56508926,
5676021602,-22.07083682,
5676621562,-22.57499205,
5677221522,-22.15520334,
5677821482,-22.96725278,
5678421442,-22.75933361,
5679021402,-22.69710321,
5679621362,-22.09234068,
5680221322,-22.36476864,
5680821282,-22.36003667,
5681421242,-23.37630295,
5682021202,-22.59501576,
5682621162,-22.13145621,
5683221122,-22.75783893,
5683821082,-22.42997233,
5684421042,-22.63475893,
5685021002,-23.40947089,
5685620962,-22.96048647,
5686220922,-23.93606317,
5686820882,-22.5892631,
5687420842,-24.57157422,
5688020802,-24.89868378,
5688620762,-23.93064323,
5689220722,-23.54575334,
5689820682,-23.78354432,
5690420642,-23.89623142,
5691020602,-22.36680663,
5691620562,-23.20100598,
5692220522,-22.62590252,
5692820481,-23.98576827,
5693420441,-23.05407782,
5694020401,-23.54013575,
5694620361,-23.04454805,
5695220321,-22.86212424,
5695820281,-22.41732183,
5696420241,-24.39519283,
5697020201,-24.01096026,
5697620161,-24.22437174,
5698220121,-24.42918084,
5698820081,-23.40965497,
5699420041,-23.99988893,
5700020001,-24.62332502,
5700619961,-23.33650811,
5701219921,-22.8883278,
5701819881,-24.14290657,
5702419841,-25.14077845,
5703019801,-24.21072728,
5703619761,-24.38573705,
5704219721,-23.52070521,
5704819681,-24.18997839,
5705419641,-24.69643948,
5706019601,-25.0803754,
5706619561,-23.95383022,
5707219521,-23.50704759,
5707819481,-22.73185502,
5708419441,-23.82286874,
5709019401,-24.06977241,
5709619361,-24.84153736,
5710219321,-25.09130038,
5710819281,-24.76133757,
5711419241,-24.35027267,
5712019201,-23.94100513,
5712619161,-26.23444883,
5713219121,-24.84306215,
5713819081,-25.16610789,
5714419041,-26.08109572,
5715019001,-25.0021491,
5715618961,-26.4219285,
5716218921,-23.23488125,
5716818881,-24.11021466,
5717418841,-24.80252776,
5718018801,-23.95312616,
5718618761,-24.79504773,
5719218721,-25.0463066,
5719818681,-25.21189345,
5720418641,-23.49076503,
5721018601,-23.93733498,
5721618561,-23.85622856,
5722218521,-24.67495902,
5722818481,-23.75314423,
5723418441,-22.61970154,
5724018401,-23.90024835,
5724618361,-24.62967287,
5725218321,-26.16884084,
5725818281,-26.57171609,
5726418241,-25.33643467,
5727018201,-24.32447203,
5727618161,-26.51568856,
5728218121,-26.45082307,
5728818081,-26.66380276,
5729418041,-26.98856219,
5730018001,-27.89532937,
5730617961,-24.64479435,
5731217921,-25.873928,
5731817881,-28.02948842,
5732417841,-25.44168182,
5733017801,-25.68153724,
5733617761,-25.42613388,
5734217721,-24.5130846,
5734817681,-24.37337246,
5735417641,-24.35557381,
5736017601,-25.68621613,
5736617561,-26.70636854,
5737217521,-25.50590684,
5737817481,-24.80881332,
5738417441,-25.97271211,
5739017401,-25.64318847,
5739617361,-28.17510772,
5740217321,-26.88594242,
5740817281,-25.153833,
5741417241,-26.73533259,
5742017201,-27.27622677,
5742617161,-25.15067548,
5743217121,-26.3635066,
5743817081,-26.09444685,
5744417041,-26.60979813,
5745017001,-26.932677,
5745616961,-25.39459558,
5746216921,-24.92339457,
5746816881,-26.49272884,
5747416841,-27.13105321,
5748016801,-25.40997811,
5748616761,-25.89418108,
5749216721,-25.65639404,
5749816681,-26.0450118,
5750416641,-26.28724209,
5751016601,-26.60601876,
5751616561,-25.49344542,
5752216521,-24.94005201,
5752816481,-25.23364161,
5753416441,-29.75687044,
5754016401,-25.19258896,
5754616361,-23.99750522,
5755216321,-25.74989274,
5755816281,-24.76179945,
5756416241,-23.463244,
5757016201,-25.24798548,
5757616161,-25.09628778,
5758216121,-26.36243251,
5758816081,-25.14259572,
5759416041,-25.11661187,
5760016001,-25.27093597,
5760615961,-25.82875979,
5761215921,-24.54292033,
5761815881,-24.10801759,
5762415841,-24.56282902,
5763015801,-24.35320276,
5763615761,-26.42365548,
5764215721,-24.80590287,
5764815681,-24.50224134,
5765415641,-24.77976624,
5766015601,-24.84681412,
5766615561,-25.42680729,
5767215521,-26.26782925,
5767815481,-24.41246165,
5768415441,-24.82277077,
5769015401,-25.99268545,
5769615361,-23.9552195,
5770215321,-23.27176958,
5770815281,-25.08159794,
5771415241,-24.31536482,
5772015201,-23.44555981,
5772615161,-23.80725455,
5773215121,-23.94895222,
5773815081,-25.09428133,
5774415041,-23.21025587,
5775015001,-26.40013471,
5775614961,-24.85446822,
5776214921,-24.24702618,
5776814881,-23.5939379,
5777414841,-24.49793921,
5778014801,-23.9694377,
5778614761,-24.74666338,
5779214721,-24.88813736,
5779814681,-24.38277738,
5780414641,-25.10105678,
5781014601,-23.28160625,
5781614561,-24.47229427,
5782214521,-24.08780336,
5782814481,-23.35359809,
5783414441,-24.86774188,
5784014401,-23.90435361,
5784614361,-24.57606069,
5785214321,-25.1914257,
5785814281,-23.71401541,
5786414241,-24.13401851,
5787014201,-23.38157429,
5787614161,-25.01725179,
5788214121,-23.46479142,
5788814081,-23.26823257,
5789414041,-23.97908626,
5790014001,-23.07728188,
5790613961,-23.64286733,
5791213921,-24.46035537,
5791813881,-24.26471887,
5792413841,-24.68605046,
5793013801,-24.28006147,
5793613761,-23.69368149,
5794213721,-22.68944081,
5794813681,-22.74775472,
5795413641,-23.70364941,
5796013601,-24.00120875,
5796613561,-22.40502901,
5797213521,-22.53457342,
5797813481,-22.87857913,
5798413441,-23.70547437,
5799013401,-24.01159576,
5799613361,-22.95330622,
5800213321,-23.56557015,
5800813281,-23.08795614,
5801413241,-22.05413594,
5802013201,-23.87651225,
5802613161,-22.96111087,
5803213121,-21.96666152,
5803813081,-22.9554548,
5804413041,-24.08486693,
5805013001,-22.47342615,
5805612961,-22.61801535,
5806212921,-23.20792481,
5806812881,-23.41730175,
5807412841,-22.20676118,
5808012801,-22.71918931,
5808612761,-22.9652218,
5809212721,-22.9341226,
5809812681,-22.83717302,
5810412641,-22.75724429,
5811012601,-22.07458104,
5811612561,-21.62519274,
5812212521,-22.35515174,
5812812481,-22.7904413,
5813412441,-21.5282214,
5814012401,-22.92282526,
5814612361,-22.91029656,
5815212321,-22.04147544,
5815812281,-22.32975254,
5816412241,-22.14864049,
5817012201,-22.42696175,
5817612161,-21.97231771,
5818212121,-21.74890335,
5818812081,-21.95311342,
5819412041,-21.86928962,
5820012001,-22.33769853,
5820611961,-22.19595581,
5821211921,-21.83222372,
5821811881,-21.2944412,
5822411841,-21.76519278,
5823011801,-21.85874972,
5823611761,-22.143361,
5824211721,-21.64165408,
5824811681,-21.18859545,
5825411641,-21.67798748,
5826011601,-22.05747779,
5826611561,-21.47786538,
5827211521,-21.8428659,
5827811481,-22.54619306,
5828411441,-22.20824505,
5829011401,-21.34796745,
5829611361,-21.66193084,
5830211321,-22.38084315,
5830811281,-22.28719994,
5831411241,-21.44048431,
5832011201,-22.08448932,
5832611161,-21.31595713,
5833211121,-21.44830537,
5833811081,-21.97272911,
5834411041,-21.16828622,
5835011001,-21.69187958,
5835610961,-21.31310067,
5836210921,-21.62516402,
5836810881,-21.64099937,
5837410841,-21.77527746,
5838010801,-21.30062687,
5838610761,-21.69503223,
5839210721,-21.68005951,
5839810681,-22.02782517,
5840410641,-21.58939776,
5841010601,-21.94560171,
5841610561,-21.55158344,
5842210521,-21.81546161,
5842810481,-21.25228265,
5843410441,-21.06692191,
5844010401,-21.37053919,
5844610361,-21.66250639,
5845210321,-21.45882105,
5845810281,-21.6473767,
5846410240,-21.92927807,
5847010200,-21.84315228,
5847610160,-21.08544966,
5848210120,-21.20846461,
5848810080,-21.18651714,
5849410040,-21.07442243,
5850010000,-21.88283585,
5850609960,-20.59365565,
5851209920,-20.90832461,
5851809880,-20.99484622,
5852409840,-21.1857746,
5853009800,-21.10901598,
5853609760,-21.30397983,
5854209720,-21.51148057,
5854809680,-20.63093179,
5855409640,-21.17140675,
5856009600,-21.06667736,
5856609560,-20.81358835,
5857209520,-20.4050045,
5857809480,-20.69962175,
5858409440,-21.28617894,
5859009400,-21.44986184,
5859609360,-20.73174902,
5860209320,-19.99381918,
5860809280,-20.80455956,
5861409240,-21.09891135,
5862009200,-20.56324505,
5862609160,-20.93087707,
5863209120,-20.42811736,
5863809080,-21.2691345,
5864409040,-20.84903682,
5865009000,-20.55716581,
5865608960,-20.05035128,
5866208920,-20.48303871,
5866808880,-20.43242943,
5867408840,-21.23163382,
5868008800,-20.50760325,
5868608760,-20.2904953,
5869208720,-20.73099435,
5869808680,-20.59464792,
5870408640,-20.1662426,
5871008600,-20.44763214,
5871608560,-20.55762807,
5872208520,-20.75089494,
5872808480,-20.11186466,
5873408440,-21.17080972,
5874008400,-20.17231755,
5874608360,-20.85924598,
5875208320,-20.63073377,
5875808280,-20.79713959,
5876408240,-20.03681994,
5877008200,-20.70334715,
5877608160,-21.04822873,
5878208120,-20.67388361,
5878808080,-20.56060581,
5879408040,-19.55393762,
5880008000,-20.93620049,
5880607960,-20.91055836,
5881207920,-20.11774519,
5881807880,-20.55128513,
5882407840,-20.79619432,
5883007800,-19.4000619,
5883607760,-20.96439952,
5884207720,-19.65232458,
5884807680,-19.97151784,
5885407640,-21.07142241,
5886007600,-20.70210243,
5886607560,-21.03059378,
5887207520,-20.61185528,
5887807480,-20.31928419,
5888407440,-20.59430059,
5889007400,-20.38935674,
5889607360,-20.11342196,
5890207320,-20.00891785,
5890807280,-20.6570786,
5891407240,-20.85941734,
5892007200,-20.66846715,
5892607160,-20.10231366,
5893207120,-20.92504249,
5893807080,-20.49343424,
5894407040,-20.37740374,
5895007000,-20.63167566,
5895606960,-20.11094564,
5896206920,-20.2562991,
5896806880,-20.04891703,
5897406840,-20.61827995,
5898006800,-20.68606941,
5898606760,-21.04545632,
5899206720,-20.36483931,
5899806680,-20.22640556,
5900406640,-20.59017107,
5901006600,-20.66527399,
5901606560,-21.10841273,
5902206520,-20.73463071,
5902806480,-20.17282677,
5903406440,-20.80803236,
5904006400,-20.89695011,
5904606360,-20.66120587,
5905206320,-20.66393089,
5905806280,-21.0065589,
5906406240,-20.70808877,
5907006200,-21.19920746,
5907606160,-21.04743024,
5908206120,-20.86604692,
5908806080,-20.41421967,
5909406040,-20.91567559,
5910006000,-20.60883867,
5910605960,-20.50677285,
5911205920,-20.46932157,
5911805880,-21.27454661,
5912405840,-20.94866436,
5913005800,-21.16996737,
5913605760,-21.13419852,
5914205720,-20.98447757,
5914805680,-21.10511292,
5915405640,-20.52277466,
5916005600,-21.03862028,
5916605560,-20.7170419,
5917205520,-21.53065863,
5917805480,-20.94195884,
5918405440,-21.18486578,
5919005400,-20.35656146,
5919605360,-21.03701243,
5920205320,-20.95918203,
5920805280,-20.69053286,
5921405240,-21.5552592,
5922005200,-21.46805648,
5922605160,-21.05772802,
5923205120,-21.6743474,
5923805080,-21.30212693,
5924405040,-20.27641394,
5925005000,-20.95314973,
5925604960,-21.36684589,
5926204920,-21.72450162,
5926804880,-21.41028191,
5927404840,-21.50934474,
5928004800,-21.62964398,
5928604760,-21.2465467,
5929204720,-21.25533207,
5929804680,-21.47504047,
5930404640,-21.41917837,
5931004600,-21.52878031,
5931604560,-20.73699635,
5932204520,-21.2710977,
5932804480,-21.46952921,
5933404440,-21.82329168,
5934004400,-20.92877662,
5934604360,-21.14622039,
5935204320,-21.16078939,
5935804280,-21.92789094,
5936404240,-21.55491883,
5937004200,-21.9946854,
5937604160,-21.58294026,
5938204120,-21.3861846,
5938804080,-21.06388654,
5939404040,-20.84235062,
5940004000,-21.46029636,
5940603960,-21.24728322,
5941203920,-21.36720087,
5941803880,-21.08465006,
5942403840,-22.1880726,
5943003800,-22.44141438,
5943603760,-21.90295756,
5944203720,-22.14434687,
5944803680,-22.68163413,
5945403640,-21.45582781,
5946003600,-21.93367277,
5946603560,-22.56913968,
5947203520,-22.0729573,
5947803480,-22.34379349,
5948403440,-22.53283858,
5949003400,-23.67873386,
5949603360,-22.03400161,
5950203320,-22.95051486,
5950803280,-22.44833868,
5951403240,-21.63795269,
5952003200,-23.76073161,
5952603160,-23.01736844,
5953203120,-22.2973436,
5953803080,-22.60213388,
5954403040,-22.6145908,
5955003000,-22.35742576,
5955602960,-22.77311388,
5956202920,-23.60541152,
5956802880,-23.04055206,
5957402840,-22.59205822,
5958002800,-23.39787936,
5958602760,-22.57171965,
5959202720,-23.65741738,
5959802680,-22.73583645,
5960402640,-24.11440882,
5961002600,-22.79930458,
5961602560,-22.63598951,
5962202520,-23.00540016,
5962802480,-23.16589665,
5963402440,-22.87818565,
5964002400,-23.0858081,
5964602360,-21.99091345,
5965202320,-23.03877521,
5965802280,-23.401842,
5966402240,-23.2958285,
5967002200,-24.16188296,
5967602160,-25.30052672,
5968202120,-25.58877276,
5968802080,-23.2129335,
5969402040,-23.66915564,
5970002000,-25.93021915,
5970601960,-23.43410103,
5971201920,-22.9600068,
5971801880,-23.28512684,
5972401840,-25.37707203,
5973001800,-25.16500988,
5973601760,-24.61287787,
5974201720,-23.28543065,
5974801680,-25.09726767,
5975401640,-25.69429621,
5976001600,-24.73273815,
5976601560,-26.71301978,
5977201520,-23.74783025,
5977801480,-24.9287731,
5978401440,-23.09356771,
5979001400,-24.85336918,
5979601360,-25.70784694,
5980201320,-25.77608599,
5980801280,-25.25138816,
5981401240,-26.42833068,
5982001200,-26.21199599,
5982601160,-26.85222988,
5983201120,-27.21032911,
5983801080,-23.76335672,
5984401040,-23.551451,
5985001000,-27.90575582,
5985600960,-27.1267739,
5986200920,-24.73641777,
5986800880,-25.4146549,
5987400840,-24.00327383,
5988000800,-25.78266787,
5988600760,-24.57167923,
5989200720,-24.21848058,
5989800680,-25.59576548,
5990400640,-26.30751095,
5991000600,-24.15305957,
5991600560,-26.44309091,
5992200520,-28.27481069,
5992800480,-29.43494761,
5993400440,-28.44390199,
5994000400,-28.94178574,
5994600360,-28.7452215,
5995200320,-29.74375276,
5995800280,-29.09358872,
5996400240,-29.88850228,
5997000200,-29.48457955,
5997600160,-29.80534495,
5998200120,-28.4502004,
5998800080,-30.72032082,
5999400040,-27.75217702,
6000000000,-31.49754408,
