Frequency,S12_Magnitude,
1000000,-3.302639459,
1599959,-3.111429566,
2199919,-2.92131509,
2799879,-2.742123293,
3399839,-2.595014439,
3999799,-2.475001477,
4599759,-2.379102572,
5199719,-2.312541262,
5799679,-2.262866915,
6399639,-2.234961927,
6999599,-2.213198144,
7599559,-2.205488724,
8199519,-2.202285363,
8799479,-2.209005896,
9399439,-2.21310727,
9999399,-2.224135386,
10599359,-2.238930958,
11199319,-2.258106554,
11799279,-2.266990053,
12399239,-2.282347711,
12999199,-2.294521535,
13599159,-2.311079869,
14199119,-2.322559374,
14799079,-2.338165555,
15399039,-2.354531965,
15998999,-2.372417699,
16598959,-2.385427755,
17198919,-2.400989471,
17798879,-2.415996655,
18398839,-2.432574567,
18998799,-2.443066841,
19598759,-2.455955515,
20198719,-2.470658246,
20798679,-2.486193083,
21398639,-2.492375349,
21998599,-2.50492097,
22598559,-2.51486189,
23198519,-2.528380986,
23798479,-2.536805794,
24398439,-2.547237697,
24998399,-2.558007438,
25598359,-2.549701643,
26198319,-2.561976578,
26798279,-2.574858693,
27398239,-2.586900095,
27998199,-2.599218961,
28598159,-2.609682966,
29198119,-2.6209656,
29798079,-2.629991092,
30398039,-2.650780784,
30997999,-2.664013729,
31597959,-2.668752959,
32197919,-2.677579198,
32797879,-2.68558784,
33397839,-2.695118429,
33997799,-2.703466434,
34597759,-2.712982516,
35197719,-2.720348424,
35797679,-2.726083932,
36397639,-2.731236209,
36997599,-2.736331684,
37597559,-2.73975281,
38197519,-2.743824303,
38797479,-2.747610809,
39397439,-2.750735942,
39997399,-2.755555673,
40597359,-2.76125412,
41197319,-2.766578774,
41797279,-2.771775988,
42397239,-2.779337566,
42997199,-2.784046054,
43597159,-2.7903183,
44197119,-2.7963735,
44797079,-2.801942871,
45397039,-2.8085937,
45996999,-2.815475373,
46596959,-2.820156158,
47196919,-2.826311487,
47796879,-2.832218238,
48396839,-2.837408473,
48996799,-2.84182677,
49596759,-2.846634816,
50196719,-2.851046353,
50796679,-2.854879207,
51396639,-2.859344658,
51996599,-2.864035954,
52596559,-2.867785673,
53196519,-2.871388473,
53796479,-2.874803265,
54396439,-2.87821079,
54996399,-2.880391542,
55596359,-2.882838336,
56196319,-2.883483458,
56796279,-2.88466513,
57396239,-2.887329484,
57996199,-2.88864711,
58596159,-2.890186654,
59196119,-2.89209249,
59796079,-2.896625908,
60396039,-2.904228649,
60995999,-2.916487122,
61595959,-2.9302104,
62195919,-2.937642644,
62795879,-2.933808714,
63395839,-2.92833967,
63995799,-2.925338872,
64595759,-2.922855207,
65195719,-2.924494236,
65795679,-2.926429572,
66395639,-2.927071249,
66995599,-2.929264393,
67595559,-2.930412631,
68195519,-2.931617486,
68795479,-2.934038138,
69395439,-2.933422032,
69995399,-2.935105061,
70595359,-2.935069844,
71195319,-2.936150485,
71795279,-2.936255705,
72395239,-2.93496167,
72995199,-2.937062369,
73595159,-2.93433353,
74195119,-2.934746426,
74795079,-2.933329783,
75395039,-2.933479761,
75994999,-2.931076656,
76594959,-2.930999528,
77194919,-2.92957226,
77794879,-2.928126669,
78394839,-2.925544305,
78994799,-2.924457058,
79594759,-2.922394027,
80194719,-2.921030265,
80794679,-2.918364158,
81394639,-2.917011471,
81994599,-2.914620754,
82594559,-2.912266023,
83194519,-2.910460593,
83794479,-2.90764005,
84394439,-2.904496926,
84994399,-2.902006196,
85594359,-2.899818493,
86194319,-2.898282894,
86794279,-2.895413911,
87394239,-2.892147495,
87994199,-2.88794449,
88594159,-2.884724438,
89194119,-2.881055534,
89794079,-2.878908778,
90394039,-2.874611825,
90993999,-2.871254842,
91593959,-2.867366846,
92193919,-2.864391527,
92793879,-2.860061311,
93393839,-2.857966394,
93993799,-2.853737617,
94593759,-2.849679976,
95193719,-2.847027615,
95793679,-2.843803429,
96393639,-2.840113481,
96993599,-2.836077012,
97593559,-2.833147234,
98193519,-2.82859904,
98793479,-2.824860791,
99393439,-2.821136608,
99993399,-2.817598431,
100593359,-2.815007412,
101193319,-2.810089694,
101793279,-2.807051365,
102393239,-2.802729561,
102993199,-2.798859179,
103593159,-2.796312568,
104193119,-2.792238341,
104793079,-2.788527337,
105393039,-2.785033913,
105992999,-2.781148514,
106592959,-2.779014821,
107192919,-2.774359367,
107792879,-2.772060432,
108392839,-2.768513435,
108992799,-2.765354181,
109592759,-2.761125398,
110192719,-2.757608247,
110792679,-2.754370378,
111392639,-2.750961621,
111992599,-2.748587375,
112592559,-2.744894039,
113192519,-2.741138589,
113792479,-2.738738879,
114392439,-2.735602282,
114992399,-2.732933681,
115592359,-2.729820773,
116192319,-2.727547452,
116792279,-2.724170878,
117392239,-2.721707626,
117992199,-2.720796918,
118592159,-2.717320226,
119192119,-2.714709574,
119792079,-2.711954273,
120392039,-2.709778276,
120991999,-2.707984703,
121591959,-2.705549824,
122191919,-2.704309258,
122791879,-2.703416533,
123391839,-2.701725007,
123991799,-2.699989718,
124591759,-2.698489608,
125191719,-2.696114897,
125791679,-2.693674287,
126391639,-2.691395822,
126991599,-2.690394421,
127591559,-2.688240819,
128191519,-2.687335191,
128791479,-2.685912898,
129391439,-2.68444132,
129991399,-2.683402847,
130591359,-2.682174201,
131191319,-2.683012352,
131791279,-2.681063075,
132391239,-2.680294219,
132991199,-2.678318323,
133591159,-2.677611716,
134191119,-2.677628435,
134791079,-2.676980112,
135391039,-2.676013455,
135990999,-2.675827662,
136590959,-2.674662086,
137190919,-2.675806008,
137790879,-2.674116637,
138390839,-2.674173008,
138990799,-2.673736229,
139590759,-2.673287474,
140190719,-2.672716839,
140790679,-2.673055011,
141390639,-2.672133148,
141990599,-2.671963037,
142590559,-2.672509652,
143190519,-2.672102912,
143790479,-2.672284659,
144390438,-2.671527326,
144990398,-2.672106279,
145590358,-2.673010837,
146190318,-2.673294798,
146790278,-2.672493478,
147390238,-2.672551307,
147990198,-2.672861761,
148590158,-2.674138123,
149190118,-2.674022217,
149790078,-2.673674474,
150390038,-2.674182126,
150989998,-2.675100215,
151589958,-2.67502291,
152189918,-2.675412606,
152789878,-2.676038057,
153389838,-2.67681035,
153989798,-2.676757761,
154589758,-2.677781131,
155189718,-2.679155079,
155789678,-2.678819296,
156389638,-2.679899981,
156989598,-2.681797389,
157589558,-2.682555524,
158189518,-2.684880602,
158789478,-2.684940536,
159389438,-2.686385557,
159989398,-2.687639681,
160589358,-2.688480956,
161189318,-2.69023439,
161789278,-2.692712073,
162389238,-2.694288622,
162989198,-2.69411025,
163589158,-2.695997204,
164189118,-2.6978259,
164789078,-2.699538209,
165389038,-2.701053523,
165988998,-2.702980027,
166588958,-2.704115396,
167188918,-2.705786925,
167788878,-2.707337198,
168388838,-2.709574145,
168988798,-2.709697547,
169588758,-2.711841145,
170188718,-2.712682766,
170788678,-2.715368416,
171388638,-2.716493046,
171988598,-2.718075306,
172588558,-2.720548688,
173188518,-2.72027168,
173788478,-2.721855785,
174388438,-2.723057458,
174988398,-2.724570282,
175588358,-2.725137688,
176188318,-2.727652572,
176788278,-2.729654028,
177388238,-2.730921497,
177988198,-2.7313605,
178588158,-2.731722499,
179188118,-2.732729981,
179788078,-2.734023034,
180388038,-2.735236833,
180987998,-2.73534717,
181587958,-2.736528373,
182187918,-2.73802304,
182787878,-2.739356923,
183387838,-2.739628869,
183987798,-2.73921694,
184587758,-2.740431742,
185187718,-2.741278035,
185787678,-2.742168392,
186387638,-2.743567695,
186987598,-2.742671557,
187587558,-2.743927566,
188187518,-2.744354646,
188787478,-2.744796568,
189387438,-2.746255765,
189987398,-2.746565809,
190587358,-2.74637321,
191187318,-2.747450161,
191787278,-2.747071972,
192387238,-2.748417793,
192987198,-2.748819208,
193587158,-2.749781859,
194187118,-2.750354339,
194787078,-2.750885454,
195387038,-2.751017632,
195986998,-2.751802176,
196586958,-2.751930841,
197186918,-2.752690583,
197786878,-2.753183273,
198386838,-2.75488167,
198986798,-2.754738184,
199586758,-2.754964245,
200186718,-2.755640506,
200786678,-2.756240482,
201386638,-2.756624189,
201986598,-2.757986859,
202586558,-2.759583137,
203186518,-2.75999354,
203786478,-2.759806213,
204386438,-2.76084423,
204986398,-2.761657157,
205586358,-2.763207979,
206186318,-2.762626649,
206786278,-2.764161754,
207386238,-2.765703484,
207986198,-2.766420651,
208586158,-2.767241575,
209186118,-2.768905932,
209786078,-2.770303407,
210386038,-2.772205797,
210985998,-2.773836163,
211585958,-2.774888849,
212185918,-2.776823906,
212785878,-2.777862796,
213385838,-2.779281684,
213985798,-2.782303214,
214585758,-2.783207905,
215185718,-2.784622571,
215785678,-2.786791626,
216385638,-2.788824138,
216985598,-2.791908862,
217585558,-2.793735507,
218185518,-2.796592215,
218785478,-2.799623744,
219385438,-2.801824923,
219985398,-2.80452683,
220585358,-2.807158429,
221185318,-2.809718521,
221785278,-2.813378609,
222385238,-2.815823787,
222985198,-2.819581464,
223585158,-2.822869677,
224185118,-2.826685979,
224785078,-2.829381608,
225385038,-2.8340488,
225984998,-2.837406581,
226584958,-2.842012126,
227184918,-2.845709388,
227784878,-2.850569467,
228384838,-2.853909702,
228984798,-2.859364077,
229584758,-2.864051152,
230184718,-2.866682512,
230784678,-2.871533269,
231384638,-2.87693084,
231984598,-2.881668289,
232584558,-2.888014048,
233184518,-2.891493673,
233784478,-2.897228197,
234384438,-2.902189618,
234984398,-2.90934621,
235584358,-2.914563539,
236184318,-2.919080421,
236784278,-2.925892838,
237384238,-2.931309901,
237984198,-2.93806663,
238584158,-2.944620642,
239184118,-2.950286135,
239784078,-2.956708652,
240384038,-2.962872807,
240983998,-2.970483457,
241583958,-2.977054179,
242183918,-2.984488024,
242783878,-2.990874932,
243383838,-2.997876444,
243983798,-3.005184484,
244583758,-3.012804064,
245183718,-3.02134864,
245783678,-3.028125304,
246383638,-3.036776947,
246983598,-3.044577094,
247583558,-3.050832719,
248183518,-3.059037739,
248783478,-3.068463894,
249383438,-3.076675753,
249983398,-3.085109798,
250583358,-3.093044023,
251183318,-3.101140342,
251783278,-3.109689302,
252383238,-3.118259571,
252983198,-3.126073447,
253583158,-3.134899272,
254183118,-3.143783955,
254783078,-3.152652241,
255383038,-3.162140222,
255982998,-3.170520775,
256582958,-3.178747503,
257182918,-3.188763882,
257782878,-3.197590421,
258382838,-3.206827378,
258982798,-3.215390607,
259582758,-3.224606676,
260182718,-3.234221093,
260782678,-3.243031681,
261382638,-3.252594103,
261982598,-3.261612919,
262582558,-3.270526979,
263182518,-3.278775037,
263782478,-3.290424263,
264382438,-3.298022444,
264982398,-3.307998528,
265582358,-3.315920893,
266182318,-3.327169493,
266782278,-3.335666029,
267382238,-3.344058339,
267982198,-3.353087267,
268582158,-3.362322626,
269182118,-3.371438598,
269782078,-3.381055112,
270382038,-3.38914727,
270981998,-3.39907428,
271581958,-3.407552871,
272181918,-3.417479472,
272781878,-3.426620954,
273381838,-3.43543623,
273981798,-3.445041594,
274581758,-3.454471013,
275181718,-3.463289638,
275781678,-3.470408391,
276381638,-3.47962075,
276981598,-3.488258011,
277581558,-3.496213382,
278181518,-3.505335547,
278781478,-3.513780962,
279381438,-3.522093255,
279981398,-3.530571862,
280581358,-3.538174515,
281181318,-3.546721947,
281781278,-3.555776507,
282381238,-3.56407197,
282981198,-3.571330855,
283581158,-3.578732566,
284181118,-3.586209277,
284781078,-3.594144474,
285381038,-3.601668423,
285980998,-3.609051527,
286580958,-3.615357233,
287180917,-3.623873474,
287780877,-3.631994965,
288380837,-3.636967874,
288980797,-3.64571284,
289580757,-3.651601737,
290180717,-3.657053345,
290780677,-3.663875218,
291380637,-3.6708045,
291980597,-3.676244895,
292580557,-3.682535076,
293180517,-3.690064826,
293780477,-3.693761729,
294380437,-3.699950398,
294980397,-3.706511708,
295580357,-3.711486348,
296180317,-3.716488834,
296780277,-3.721148919,
297380237,-3.726723767,
297980197,-3.731021005,
298580157,-3.73634675,
299180117,-3.741543349,
299780077,-3.744572069,
300380037,-3.750256077,
300979997,-3.753020555,
301579957,-3.758344781,
302179917,-3.762208373,
302779877,-3.765105511,
303379837,-3.768675889,
303979797,-3.772877506,
304579757,-3.776818355,
305179717,-3.778765686,
305779677,-3.782999136,
306379637,-3.786178964,
306979597,-3.787913741,
307579557,-3.791382316,
308179517,-3.791818798,
308779477,-3.794931225,
309379437,-3.796601442,
309979397,-3.79768388,
310579357,-3.799391095,
311179317,-3.800858698,
311779277,-3.803156324,
312379237,-3.803657186,
312979197,-3.805582557,
313579157,-3.80504479,
314179117,-3.806632905,
314779077,-3.805934421,
315379037,-3.807109682,
315978997,-3.806967783,
316578957,-3.80787527,
317178917,-3.807464061,
317778877,-3.807683824,
318378837,-3.807500087,
318978797,-3.807273722,
319578757,-3.806604068,
320178717,-3.806136869,
320778677,-3.80581959,
321378637,-3.80638136,
321978597,-3.804838853,
322578557,-3.802942596,
323178517,-3.801391862,
323778477,-3.800744513,
324378437,-3.798774706,
324978397,-3.796389298,
325578357,-3.794218044,
326178317,-3.792277084,
326778277,-3.79139792,
327378237,-3.788639993,
327978197,-3.785834886,
328578157,-3.783765605,
329178117,-3.780169921,
329778077,-3.777627345,
330378037,-3.775296119,
330977997,-3.771160703,
331577957,-3.768911393,
332177917,-3.76699026,
332777877,-3.762276065,
333377837,-3.758071815,
333977797,-3.755399215,
334577757,-3.750594191,
335177717,-3.746125476,
335777677,-3.743334178,
336377637,-3.739392231,
336977597,-3.73536281,
337577557,-3.732576032,
338177517,-3.727304846,
338777477,-3.723764903,
339377437,-3.719009575,
339977397,-3.713397055,
340577357,-3.708080581,
341177317,-3.704088658,
341777277,-3.699783189,
342377237,-3.693787867,
342977197,-3.689013111,
343577157,-3.684630509,
344177117,-3.678987433,
344777077,-3.674929591,
345377037,-3.668781763,
345976997,-3.663843226,
346576957,-3.658169931,
347176917,-3.653535778,
347776877,-3.649561178,
348376837,-3.643935499,
348976797,-3.638447371,
349576757,-3.633287002,
350176717,-3.62551258,
350776677,-3.619910399,
351376637,-3.614488381,
351976597,-3.607071667,
352576557,-3.601123526,
353176517,-3.594772113,
353776477,-3.588792707,
354376437,-3.583351714,
354976397,-3.577474238,
355576357,-3.570969038,
356176317,-3.564229524,
356776277,-3.559170297,
357376237,-3.551875189,
357976197,-3.547208511,
358576157,-3.540797586,
359176117,-3.534330754,
359776077,-3.526784262,
360376037,-3.520040066,
360975997,-3.515238361,
361575957,-3.508172765,
362175917,-3.502561568,
362775877,-3.495363823,
363375837,-3.488579988,
363975797,-3.4817241,
364575757,-3.475663386,
365175717,-3.470376312,
365775677,-3.463748355,
366375637,-3.457603305,
366975597,-3.451875002,
367575557,-3.444931921,
368175517,-3.441153754,
368775477,-3.432085931,
369375437,-3.426625436,
369975397,-3.427326368,
370575357,-3.414116583,
371175317,-3.409349937,
371775277,-3.401661332,
372375237,-3.397690286,
372975197,-3.389857057,
373575157,-3.384591106,
374175117,-3.378566847,
374775077,-3.372465504,
375375037,-3.366011269,
375974997,-3.359210841,
376574957,-3.354965613,
377174917,-3.348519752,
377774877,-3.342234867,
378374837,-3.337582173,
378974797,-3.331095556,
379574757,-3.325416155,
380174717,-3.319768322,
380774677,-3.314338571,
381374637,-3.310447631,
381974597,-3.304521023,
382574557,-3.298113896,
383174517,-3.29383346,
383774477,-3.288502615,
384374437,-3.283896759,
384974397,-3.279293972,
385574357,-3.274630799,
386174317,-3.269916102,
386774277,-3.265027789,
387374237,-3.261157889,
387974197,-3.256325863,
388574157,-3.252826805,
389174117,-3.249210904,
389774077,-3.245105869,
390374037,-3.24232527,
390973997,-3.238944181,
391573957,-3.235866495,
392173917,-3.231925883,
392773877,-3.229417372,
393373837,-3.225962753,
393973797,-3.224009755,
394573757,-3.222564587,
395173717,-3.218692358,
395773677,-3.216231146,
396373637,-3.213771211,
396973597,-3.213259193,
397573557,-3.210142836,
398173517,-3.206161293,
398773477,-3.205264722,
399373437,-3.20080631,
399973397,-3.199383061,
400573357,-3.196877802,
401173317,-3.191870378,
401773277,-3.190648945,
402373237,-3.186496554,
402973197,-3.18391302,
403573157,-3.181790117,
404173117,-3.17787448,
404773077,-3.174997247,
405373037,-3.172897211,
405972997,-3.169182682,
406572957,-3.167519815,
407172917,-3.164768275,
407772877,-3.161588566,
408372837,-3.159141378,
408972797,-3.155851461,
409572757,-3.153486849,
410172717,-3.149915662,
410772677,-3.146348641,
411372637,-3.141511679,
411972597,-3.137064527,
412572557,-3.135124587,
413172517,-3.130174809,
413772477,-3.124063027,
414372437,-3.119408403,
414972397,-3.114414349,
415572357,-3.109843392,
416172317,-3.105649608,
416772277,-3.100702444,
417372237,-3.09632104,
417972197,-3.089702441,
418572157,-3.086051741,
419172117,-3.081931959,
419772077,-3.076622561,
420372037,-3.072158479,
420971997,-3.068441795,
421571957,-3.06518143,
422171917,-3.061142265,
422771877,-3.056329815,
423371837,-3.05372312,
423971797,-3.051444136,
424571757,-3.047091334,
425171717,-3.044881686,
425771677,-3.041985424,
426371637,-3.039921838,
426971597,-3.037810208,
427571557,-3.034893196,
428171517,-3.033007921,
428771477,-3.030733332,
429371437,-3.029283124,
429971396,-3.026926028,
430571356,-3.025588328,
431171316,-3.023681902,
431771276,-3.02245551,
432371236,-3.019959588,
432971196,-3.018800496,
433571156,-3.017243869,
434171116,-3.016539915,
434771076,-3.014652457,
435371036,-3.01508452,
435970996,-3.012353436,
436570956,-3.011701654,
437170916,-3.010612685,
437770876,-3.009673138,
438370836,-3.008146037,
438970796,-3.007464229,
439570756,-3.007806709,
440170716,-3.008017685,
440770676,-3.006431637,
441370636,-3.007925582,
441970596,-3.005865728,
442570556,-3.005723617,
443170516,-3.005131971,
443770476,-3.005051912,
444370436,-3.004524507,
444970396,-3.00525101,
445570356,-3.006223159,
446170316,-3.005404895,
446770276,-3.007442862,
447370236,-3.0077748,
447970196,-3.006373612,
448570156,-3.006132363,
449170116,-3.006562731,
449770076,-3.008022188,
450370036,-3.008144274,
450969996,-3.008804591,
451569956,-3.009311084,
452169916,-3.010244381,
452769876,-3.010326807,
453369836,-3.011047734,
453969796,-3.011233263,
454569756,-3.011015108,
455169716,-3.013839267,
455769676,-3.014341775,
456369636,-3.014804163,
456969596,-3.01616092,
457569556,-3.016782405,
458169516,-3.019026345,
458769476,-3.020982379,
459369436,-3.020376249,
459969396,-3.023077746,
460569356,-3.024521921,
461169316,-3.025002825,
461769276,-3.027884773,
462369236,-3.029208512,
462969196,-3.03166948,
463569156,-3.033766536,
464169116,-3.034422435,
464769076,-3.035987822,
465369036,-3.039056676,
465968996,-3.040537837,
466568956,-3.043043953,
467168916,-3.046217471,
467768876,-3.046948269,
468368836,-3.05079257,
468968796,-3.053246014,
469568756,-3.055309377,
470168716,-3.056316011,
470768676,-3.059608223,
471368636,-3.062393692,
471968596,-3.064255985,
472568556,-3.068457589,
473168516,-3.070908899,
473768476,-3.073146032,
474368436,-3.076841945,
474968396,-3.079793108,
475568356,-3.082468162,
476168316,-3.086698954,
476768276,-3.090370205,
477368236,-3.093302701,
477968196,-3.09555467,
478568156,-3.10009983,
479168116,-3.104406082,
479768076,-3.107825836,
480368036,-3.111549651,
480967996,-3.115621909,
481567956,-3.119306602,
482167916,-3.123038955,
482767876,-3.127414456,
483367836,-3.130723899,
483967796,-3.136470787,
484567756,-3.140529574,
485167716,-3.145562393,
485767676,-3.149490641,
486367636,-3.153345386,
486967596,-3.15906356,
487567556,-3.164103312,
488167516,-3.169293738,
488767476,-3.172972948,
489367436,-3.178404458,
489967396,-3.183236107,
490567356,-3.189253418,
491167316,-3.194197144,
491767276,-3.19859412,
492367236,-3.204051453,
492967196,-3.209502239,
493567156,-3.215852113,
494167116,-3.221244674,
494767076,-3.226284915,
495367036,-3.233355838,
495966996,-3.237351169,
496566956,-3.244305639,
497166916,-3.24883148,
497766876,-3.254213757,
498366836,-3.261274363,
498966796,-3.266073815,
499566756,-3.272217309,
500166716,-3.278214979,
500766676,-3.285833321,
501366636,-3.290795709,
501966596,-3.297107062,
502566556,-3.303469228,
503166516,-3.308839775,
503766476,-3.316927547,
504366436,-3.322279356,
504966396,-3.329466878,
505566356,-3.334464449,
506166316,-3.341310445,
506766276,-3.348623791,
507366236,-3.353788463,
507966196,-3.359891731,
508566156,-3.367409079,
509166116,-3.373384064,
509766076,-3.381071605,
510366036,-3.388113358,
510965996,-3.394860957,
511565956,-3.400762863,
512165916,-3.40694028,
512765876,-3.415075922,
513365836,-3.421160989,
513965796,-3.428361094,
514565756,-3.435629921,
515165716,-3.44274152,
515765676,-3.449458621,
516365636,-3.456554587,
516965596,-3.463935822,
517565556,-3.471404328,
518165516,-3.477827246,
518765476,-3.485928936,
519365436,-3.492955075,
519965396,-3.499432122,
520565356,-3.507265279,
521165316,-3.514421046,
521765276,-3.521601461,
522365236,-3.52898362,
522965196,-3.537139995,
523565156,-3.543148637,
524165116,-3.551002681,
524765076,-3.558051743,
525365036,-3.565006243,
525964996,-3.572719061,
526564956,-3.580656558,
527164916,-3.587346885,
527764876,-3.594361098,
528364836,-3.601286021,
528964796,-3.609521239,
529564756,-3.61704312,
530164716,-3.625242389,
530764676,-3.631171519,
531364636,-3.638046615,
531964596,-3.645463974,
532564556,-3.652881429,
533164516,-3.66091481,
533764476,-3.667244509,
534364436,-3.674520607,
534964396,-3.681023032,
535564356,-3.689035606,
536164316,-3.696478524,
536764276,-3.703629084,
537364236,-3.709971486,
537964196,-3.718520081,
538564156,-3.725275677,
539164116,-3.731978745,
539764076,-3.739294733,
540364036,-3.745156672,
540963996,-3.752218194,
541563956,-3.761084495,
542163916,-3.766876034,
542763876,-3.774071324,
543363836,-3.780955368,
543963796,-3.787184485,
544563756,-3.792392271,
545163716,-3.801054074,
545763676,-3.808217631,
546363636,-3.814373905,
546963596,-3.819566908,
547563556,-3.828239535,
548163516,-3.834587669,
548763476,-3.838616465,
549363436,-3.84549525,
549963396,-3.853001915,
550563356,-3.857971467,
551163316,-3.865250624,
551763276,-3.871091737,
552363236,-3.876895103,
552963196,-3.88505297,
553563156,-3.890076707,
554163116,-3.8949971,
554763076,-3.902280208,
555363036,-3.907894746,
555962996,-3.913447923,
556562956,-3.919034019,
557162916,-3.924879553,
557762876,-3.929939505,
558362836,-3.936002103,
558962796,-3.942038362,
559562756,-3.947274783,
560162716,-3.9542757,
560762676,-3.957585978,
561362636,-3.962415948,
561962596,-3.96831933,
562562556,-3.972663858,
563162516,-3.977697785,
563762476,-3.982323687,
564362436,-3.986553562,
564962396,-3.992199284,
565562356,-3.997725878,
566162316,-4.002441437,
566762276,-4.005597492,
567362236,-4.010106039,
567962196,-4.01364193,
568562156,-4.018390768,
569162116,-4.022297734,
569762076,-4.026831947,
570362036,-4.029043338,
570961996,-4.033304049,
571561956,-4.036458309,
572161916,-4.039091131,
572761875,-4.043456448,
573361835,-4.047751292,
573961795,-4.049426712,
574561755,-4.054254114,
575161715,-4.055434876,
575761675,-4.05944723,
576361635,-4.063021249,
576961595,-4.065320889,
577561555,-4.066726547,
578161515,-4.069988381,
578761475,-4.072530622,
579361435,-4.075905934,
579961395,-4.077095319,
580561355,-4.079493122,
581161315,-4.080539574,
581761275,-4.083919287,
582361235,-4.085705293,
582961195,-4.086121617,
583561155,-4.08800963,
584161115,-4.089786845,
584761075,-4.090069271,
585361035,-4.093672192,
585960995,-4.09437742,
586560955,-4.095289632,
587160915,-4.095460196,
587760875,-4.097359497,
588360835,-4.097265173,
588960795,-4.098638519,
589560755,-4.099755706,
590160715,-4.102719235,
590760675,-4.101364257,
591360635,-4.102789434,
591960595,-4.104296412,
592560555,-4.102519465,
593160515,-4.103858704,
593760475,-4.103786971,
594360435,-4.103041306,
594960395,-4.104504314,
595560355,-4.102811121,
596160315,-4.102022741,
596760275,-4.101488451,
597360235,-4.101181402,
597960195,-4.101403283,
598560155,-4.098326008,
599160115,-4.099154693,
599760075,-4.098642335,
600360035,-4.097636505,
600959995,-4.09546129,
601559955,-4.095583551,
602159915,-4.09372769,
602759875,-4.092586189,
603359835,-4.09096831,
603959795,-4.089710029,
604559755,-4.087001881,
605159715,-4.086362853,
605759675,-4.083918873,
606359635,-4.082997886,
606959595,-4.078388018,
607559555,-4.076808785,
608159515,-4.073424682,
608759475,-4.072461717,
609359435,-4.070626788,
609959395,-4.068909742,
610559355,-4.064732562,
611159315,-4.061625613,
611759275,-4.05770293,
612359235,-4.055200921,
612959195,-4.052563105,
613559155,-4.048985283,
614159115,-4.044839725,
614759075,-4.04273389,
615359035,-4.039901028,
615958995,-4.033440146,
616558955,-4.029704759,
617158915,-4.027071893,
617758875,-4.021989957,
618358835,-4.017959926,
618958795,-4.013746968,
619558755,-4.010132579,
620158715,-4.006783536,
620758675,-4.001705298,
621358635,-3.99655319,
621958595,-3.993136386,
622558555,-3.988533034,
623158515,-3.983742867,
623758475,-3.979308954,
624358435,-3.973819524,
624958395,-3.96747398,
625558355,-3.964634206,
626158315,-3.958518718,
626758275,-3.952830337,
627358235,-3.948464514,
627958195,-3.942830901,
628558155,-3.937867817,
629158115,-3.932133211,
629758075,-3.926884551,
630358035,-3.922312453,
630957995,-3.915211634,
631557955,-3.910245232,
632157915,-3.903486519,
632757875,-3.899550849,
633357835,-3.892658954,
633957795,-3.885758405,
634557755,-3.880066072,
635157715,-3.875409893,
635757675,-3.868489463,
636357635,-3.864360972,
636957595,-3.858393412,
637557555,-3.852009284,
638157515,-3.845838715,
638757475,-3.83885417,
639357435,-3.832968965,
639957395,-3.825632494,
640557355,-3.820678246,
641157315,-3.813175289,
641757275,-3.806526014,
642357235,-3.80015687,
642957195,-3.793234393,
643557155,-3.786760786,
644157115,-3.778992583,
644757075,-3.773998497,
645357035,-3.766959212,
645956995,-3.760134581,
646556955,-3.751840613,
647156915,-3.746833158,
647756875,-3.738692962,
648356835,-3.731640073,
648956795,-3.724417093,
649556755,-3.717576688,
650156715,-3.709426895,
650756675,-3.702343711,
651356635,-3.695884039,
651956595,-3.68872946,
652556555,-3.681043664,
653156515,-3.673475391,
653756475,-3.665803451,
654356435,-3.659228762,
654956395,-3.651416867,
655556355,-3.644174648,
656156315,-3.636260728,
656756275,-3.629321314,
657356235,-3.622126652,
657956195,-3.614672878,
658556155,-3.607263329,
659156115,-3.600365226,
659756075,-3.592391528,
660356035,-3.58600587,
660955995,-3.577684861,
661555955,-3.570990204,
662155915,-3.563294226,
662755875,-3.55693068,
663355835,-3.548696906,
663955795,-3.541851602,
664555755,-3.533649485,
665155715,-3.527018724,
665755675,-3.519853428,
666355635,-3.512817271,
666955595,-3.505534381,
667555555,-3.497361698,
668155515,-3.490246958,
668755475,-3.4843039,
669355435,-3.47666178,
669955395,-3.469962077,
670555355,-3.462091786,
671155315,-3.455782371,
671755275,-3.448376006,
672355235,-3.442005291,
672955195,-3.435176604,
673555155,-3.426418458,
674155115,-3.420610062,
674755075,-3.4143829,
675355035,-3.406660115,
675954995,-3.40157604,
676554955,-3.393843678,
677154915,-3.387406939,
677754875,-3.381315912,
678354835,-3.371953968,
678954795,-3.367533174,
679554755,-3.359402873,
680154715,-3.354192988,
680754675,-3.346134377,
681354635,-3.339815872,
681954595,-3.333714799,
682554555,-3.327591589,
683154515,-3.31960695,
683754475,-3.31541369,
684354435,-3.307006639,
684954395,-3.303186842,
685554355,-3.295772054,
686154315,-3.290252366,
686754275,-3.2838805,
687354235,-3.277402802,
687954195,-3.271573766,
688554155,-3.266045453,
689154115,-3.260927208,
689754075,-3.254869554,
690354035,-3.248280635,
690953995,-3.242509945,
691553955,-3.238864804,
692153915,-3.231238016,
692753875,-3.226749833,
693353835,-3.221532815,
693953795,-3.215254679,
694553755,-3.209924214,
695153715,-3.203967661,
695753675,-3.200361673,
696353635,-3.194294956,
696953595,-3.190010363,
697553555,-3.184398161,
698153515,-3.177968839,
698753475,-3.177151229,
699353435,-3.171323911,
699953395,-3.165137007,
700553355,-3.160357161,
701153315,-3.15534041,
701753275,-3.151109358,
702353235,-3.146576146,
702953195,-3.143118809,
703553155,-3.139639411,
704153115,-3.133679006,
704753075,-3.130479614,
705353035,-3.126046643,
705952995,-3.121550688,
706552955,-3.117565102,
707152915,-3.114772517,
707752875,-3.108623395,
708352835,-3.106190671,
708952795,-3.103033989,
709552755,-3.098432347,
710152715,-3.092716854,
710752675,-3.091963099,
711352635,-3.089453388,
711952595,-3.083958975,
712552555,-3.081563294,
713152515,-3.077503506,
713752475,-3.076101336,
714352435,-3.071958635,
714952395,-3.069428982,
715552354,-3.066210102,
716152314,-3.064849996,
716752274,-3.060293547,
717352234,-3.058607502,
717952194,-3.055829336,
718552154,-3.051001747,
719152114,-3.051932527,
719752074,-3.047376248,
720352034,-3.044900533,
720951994,-3.044715974,
721551954,-3.04060063,
722151914,-3.038556277,
722751874,-3.037147729,
723351834,-3.036858188,
723951794,-3.033275439,
724551754,-3.031841699,
725151714,-3.02918873,
725751674,-3.028594651,
726351634,-3.026837265,
726951594,-3.02490375,
727551554,-3.023417635,
728151514,-3.02226591,
728751474,-3.02086755,
729351434,-3.019295966,
729951394,-3.019565343,
730551354,-3.019200154,
731151314,-3.017113417,
731751274,-3.016033533,
732351234,-3.013425835,
732951194,-3.011807328,
733551154,-3.013609963,
734151114,-3.011389965,
734751074,-3.011793261,
735351034,-3.011817012,
735950994,-3.011700782,
736550954,-3.009335066,
737150914,-3.010773149,
737750874,-3.009283652,
738350834,-3.008128196,
738950794,-3.010245847,
739550754,-3.008919713,
740150714,-3.009226958,
740750674,-3.009529575,
741350634,-3.009473256,
741950594,-3.009876427,
742550554,-3.011178382,
743150514,-3.010846942,
743750474,-3.010455597,
744350434,-3.011184831,
744950394,-3.01219722,
745550354,-3.012135187,
746150314,-3.013547733,
746750274,-3.015110953,
747350234,-3.013958844,
747950194,-3.017128922,
748550154,-3.018052334,
749150114,-3.019023603,
749750074,-3.020057467,
750350034,-3.020709056,
750949994,-3.022375513,
751549954,-3.023301284,
752149914,-3.026010827,
752749874,-3.026779326,
753349834,-3.03005367,
753949794,-3.031343436,
754549754,-3.033798672,
755149714,-3.034720495,
755749674,-3.038897339,
756349634,-3.04125964,
756949594,-3.042124082,
757549554,-3.044056155,
758149514,-3.047805593,
758749474,-3.050491445,
759349434,-3.052244067,
759949394,-3.054778253,
760549354,-3.058550603,
761149314,-3.061230504,
761749274,-3.064239121,
762349234,-3.068684981,
762949194,-3.07365941,
763549154,-3.075183201,
764149114,-3.079876614,
764749074,-3.082595664,
765349034,-3.086727728,
765948994,-3.09012876,
766548954,-3.094031353,
767148914,-3.098727127,
767748874,-3.104248948,
768348834,-3.106747799,
768948794,-3.111042071,
769548754,-3.115003367,
770148714,-3.120292708,
770748674,-3.12437714,
771348634,-3.128809336,
771948594,-3.133762528,
772548554,-3.138657253,
773148514,-3.143533723,
773748474,-3.148686171,
774348434,-3.153196224,
774948394,-3.158509582,
775548354,-3.165600151,
776148314,-3.170288537,
776748274,-3.175587226,
777348234,-3.179722351,
777948194,-3.198746435,
778548154,-3.19217899,
779148114,-3.198121349,
779748074,-3.201989117,
780348034,-3.207581847,
780947994,-3.214394141,
781547954,-3.220207623,
782147914,-3.225941134,
782747874,-3.232287623,
783347834,-3.238312726,
783947794,-3.245126413,
784547754,-3.251415159,
785147714,-3.257836297,
785747674,-3.263220926,
786347634,-3.270268496,
786947594,-3.277795639,
787547554,-3.283318866,
788147514,-3.290854337,
788747474,-3.296731978,
789347434,-3.303744081,
789947394,-3.311080315,
790547354,-3.318971363,
791147314,-3.326381257,
791747274,-3.334487088,
792347234,-3.341860638,
792947194,-3.34935339,
793547154,-3.357035357,
794147114,-3.365792583,
794747074,-3.373249315,
795347034,-3.38119293,
795946994,-3.388881697,
796546954,-3.395993758,
797146914,-3.405770106,
797746874,-3.41197249,
798346834,-3.420590642,
798946794,-3.428738852,
799546754,-3.436535275,
800146714,-3.446825461,
800746674,-3.453641461,
801346634,-3.46269297,
801946594,-3.470728289,
802546554,-3.478886454,
803146514,-3.488544484,
803746474,-3.497095941,
804346434,-3.505286386,
804946394,-3.51191771,
805546354,-3.521540522,
806146314,-3.529966069,
806746274,-3.539274252,
807346234,-3.546778327,
807946194,-3.555584695,
808546154,-3.56582452,
809146114,-3.57466529,
809746074,-3.584235494,
810346034,-3.592354805,
810945994,-3.601108324,
811545954,-3.610651054,
812145914,-3.61905626,
812745874,-3.629714974,
813345834,-3.6377345,
813945794,-3.64588666,
814545754,-3.654499634,
815145714,-3.665471446,
815745674,-3.674333634,
816345634,-3.682069114,
816945594,-3.691128279,
817545554,-3.701272626,
818145514,-3.710154269,
818745474,-3.717677699,
819345434,-3.729234023,
819945394,-3.737356479,
820545354,-3.74574123,
821145314,-3.757115542,
821745274,-3.763727539,
822345234,-3.773554996,
822945194,-3.784287385,
823545154,-3.791124723,
824145114,-3.801894063,
824745074,-3.808051668,
825345034,-3.819349769,
825944994,-3.826166584,
826544954,-3.834974363,
827144914,-3.844077553,
827744874,-3.854220698,
828344834,-3.863643764,
828944794,-3.869129426,
829544754,-3.881287524,
830144714,-3.890309982,
830744674,-3.898791406,
831344634,-3.906274206,
831944594,-3.913991168,
832544554,-3.923082034,
833144514,-3.932411022,
833744474,-3.939111649,
834344434,-3.947729829,
834944394,-3.958378888,
835544354,-3.964243705,
836144314,-3.971750302,
836744274,-3.980709838,
837344234,-3.989168832,
837944194,-3.996555471,
838544154,-4.003617646,
839144114,-4.011787632,
839744074,-4.019999713,
840344034,-4.024742509,
840943994,-4.033790647,
841543954,-4.041295119,
842143914,-4.048789881,
842743874,-4.055061715,
843343834,-4.067073856,
843943794,-4.068622757,
844543754,-4.074909796,
845143714,-4.082576319,
845743674,-4.089048167,
846343634,-4.094926809,
846943594,-4.100851942,
847543554,-4.106980851,
848143514,-4.114579355,
848743474,-4.122221762,
849343434,-4.128569277,
849943394,-4.135622389,
850543354,-4.140918242,
851143314,-4.14581124,
851743274,-4.152218926,
852343234,-4.156627574,
852943194,-4.162701994,
853543154,-4.167640359,
854143114,-4.173063437,
854743074,-4.176771244,
855343034,-4.182095979,
855942994,-4.189898337,
856542954,-4.193175572,
857142914,-4.199109754,
857742874,-4.202404296,
858342833,-4.20766326,
858942793,-4.210321783,
859542753,-4.215576173,
860142713,-4.218935599,
860742673,-4.223793429,
861342633,-4.226841527,
861942593,-4.231326915,
862542553,-4.232337881,
863142513,-4.236801728,
863742473,-4.239159263,
864342433,-4.242446318,
864942393,-4.244018237,
865542353,-4.247246244,
866142313,-4.250124446,
866742273,-4.250060709,
867342233,-4.252672446,
867942193,-4.256380872,
868542153,-4.257630547,
869142113,-4.259439249,
869742073,-4.26155513,
870342033,-4.261094039,
870941993,-4.26127578,
871541953,-4.263224467,
872141913,-4.263017371,
872741873,-4.26539379,
873341833,-4.265532548,
873941793,-4.265408023,
874541753,-4.266018519,
875141713,-4.265060684,
875741673,-4.264848405,
876341633,-4.263010493,
876941593,-4.263695131,
877541553,-4.262755058,
878141513,-4.261797375,
878741473,-4.260032118,
879341433,-4.25736561,
879941393,-4.257986826,
880541353,-4.253276732,
881141313,-4.252520439,
881741273,-4.251749627,
882341233,-4.248976466,
882941193,-4.246574778,
883541153,-4.24458019,
884141113,-4.241057242,
884741073,-4.237997138,
885341033,-4.235559545,
885940993,-4.232100901,
886540953,-4.230020467,
887140913,-4.224244852,
887740873,-4.221808741,
888340833,-4.219741853,
888940793,-4.213788267,
889540753,-4.209747741,
890140713,-4.206391165,
890740673,-4.201451861,
891340633,-4.198012116,
891940593,-4.192385372,
892540553,-4.187550487,
893140513,-4.184126538,
893740473,-4.178405035,
894340433,-4.17351097,
894940393,-4.168064829,
895540353,-4.163423813,
896140313,-4.15810417,
896740273,-4.151755017,
897340233,-4.14489511,
897940193,-4.14013621,
898540153,-4.13281438,
899140113,-4.127207745,
899740073,-4.121801602,
900340033,-4.120532119,
900939993,-4.11357595,
901539953,-4.10697832,
902139913,-4.100743512,
902739873,-4.094932427,
903339833,-4.087161006,
903939793,-4.080352266,
904539753,-4.07253092,
905139713,-4.066012981,
905739673,-4.057959938,
906339633,-4.051100648,
906939593,-4.043986694,
907539553,-4.036321156,
908139513,-4.028386283,
908739473,-4.02081339,
909339433,-4.013284693,
909939393,-4.005054044,
910539353,-3.995695089,
911139313,-3.988628776,
911739273,-3.981111092,
912339233,-3.97099302,
912939193,-3.962490238,
913539153,-3.953716223,
914139113,-3.945214413,
914739073,-3.935572873,
915339033,-3.926851059,
915938993,-3.918163501,
916538953,-3.908322855,
917138913,-3.899678815,
917738873,-3.890599516,
918338833,-3.88220059,
918938793,-3.873400006,
919538753,-3.864321649,
920138713,-3.853270217,
920738673,-3.844377072,
921338633,-3.833442685,
921938593,-3.823671611,
922538553,-3.813950865,
923138513,-3.805012267,
923738473,-3.795332574,
924338433,-3.785224342,
924938393,-3.776423919,
925538353,-3.765939144,
926138313,-3.755596743,
926738273,-3.746211531,
927338233,-3.737851134,
927938193,-3.725822846,
928538153,-3.716912996,
929138113,-3.707452917,
929738073,-3.697287884,
930338033,-3.687626686,
930937993,-3.677749934,
931537953,-3.669218993,
932137913,-3.65970478,
932737873,-3.648730075,
933337833,-3.638340074,
933937793,-3.629361477,
934537753,-3.618789158,
935137713,-3.610292659,
935737673,-3.599680485,
936337633,-3.590794288,
936937593,-3.581273069,
937537553,-3.571227709,
938137513,-3.562154135,
938737473,-3.552274684,
939337433,-3.5422469,
939937393,-3.5343979,
940537353,-3.523762496,
941137313,-3.514244657,
941737273,-3.506471189,
942337233,-3.497215929,
942937193,-3.487891408,
943537153,-3.480805502,
944137113,-3.469774357,
944737073,-3.463570852,
945337033,-3.450902015,
945936993,-3.442336254,
946536953,-3.434015808,
947136913,-3.426105333,
947736873,-3.415776158,
948336833,-3.408420438,
948936793,-3.398333771,
949536753,-3.39142817,
950136713,-3.382160419,
950736673,-3.373496289,
951336633,-3.366568862,
951936593,-3.35727152,
952536553,-3.348141886,
953136513,-3.342805523,
953736473,-3.333301811,
954336433,-3.32503978,
954936393,-3.316643167,
955536353,-3.310894252,
956136313,-3.302029455,
956736273,-3.292687098,
957336233,-3.286667844,
957936193,-3.281980938,
958536153,-3.272345339,
959136113,-3.264445841,
959736073,-3.257660717,
960336033,-3.25085787,
960935993,-3.243188329,
961535953,-3.236249069,
962135913,-3.229637686,
962735873,-3.222181686,
963335833,-3.217370941,
963935793,-3.211756061,
964535753,-3.203333654,
965135713,-3.198559846,
965735673,-3.189934387,
966335633,-3.183895885,
966935593,-3.178029148,
967535553,-3.171037493,
968135513,-3.167380704,
968735473,-3.161775059,
969335433,-3.156632795,
969935393,-3.152237479,
970535353,-3.148325126,
971135313,-3.1406045,
971735273,-3.134476819,
972335233,-3.13209538,
972935193,-3.125792621,
973535153,-3.12072753,
974135113,-3.117308129,
974735073,-3.113555085,
975335033,-3.108414827,
975934993,-3.104045798,
976534953,-3.098717286,
977134913,-3.095491408,
977734873,-3.093010306,
978334833,-3.087696011,
978934793,-3.084394382,
979534753,-3.080641784,
980134713,-3.077053383,
980734673,-3.071045407,
981334633,-3.06805996,
981934593,-3.066898383,
982534553,-3.064621177,
983134513,-3.059707306,
983734473,-3.057783273,
984334433,-3.05377134,
984934393,-3.051879717,
985534353,-3.047586051,
986134313,-3.044787072,
986734273,-3.042397877,
987334233,-3.041514952,
987934193,-3.038725224,
988534153,-3.035994403,
989134113,-3.033132517,
989734073,-3.030867806,
990334033,-3.031175696,
990933993,-3.027344501,
991533953,-3.025965686,
992133913,-3.023249611,
992733873,-3.021529989,
993333833,-3.020790471,
993933793,-3.020219128,
994533753,-3.018286527,
995133713,-3.015628378,
995733673,-3.015261393,
996333633,-3.012717518,
996933593,-3.012271133,
997533553,-3.011301049,
998133513,-3.010491513,
998733473,-3.00965528,
999333433,-3.00881505,
999933393,-3.006403623,
1000533353,-3.007066639,
1001133312,-3.005502887,
1001733272,-3.005468697,
1002333232,-3.005642739,
1002933192,-3.003971777,
1003533152,-3.003398395,
1004133112,-3.00288448,
1004733072,-3.002364458,
1005333032,-3.001902531,
1005932992,-3.002646012,
1006532952,-3.00224069,
1007132912,-3.002888921,
1007732872,-3.003148356,
1008332832,-3.003186197,
1008932792,-3.001714332,
1009532752,-3.002454256,
1010132712,-3.002226552,
1010732672,-3.002318575,
1011332632,-3.003175894,
1011932592,-3.00358667,
1012532552,-3.004054165,
1013132512,-3.00482846,
1013732472,-3.006365589,
1014332432,-3.00577767,
1014932392,-3.007670491,
1015532352,-3.007722505,
1016132312,-3.008393193,
1016732272,-3.00940002,
1017332232,-3.010651836,
1017932192,-3.014067078,
1018532152,-3.013321459,
1019132112,-3.014584766,
1019732072,-3.016325634,
1020332032,-3.017479936,
1020931992,-3.018405289,
1021531952,-3.020533818,
1022131912,-3.020646492,
1022731872,-3.023034095,
1023331832,-3.024982916,
1023931792,-3.025861366,
1024531752,-3.027715522,
1025131712,-3.030974193,
1025731672,-3.032591551,
1026331632,-3.034245148,
1026931592,-3.03616568,
1027531552,-3.038466425,
1028131512,-3.041155139,
1028731472,-3.042836856,
1029331432,-3.045992992,
1029931392,-3.049456293,
1030531352,-3.05061692,
1031131312,-3.05342879,
1031731272,-3.057487741,
1032331232,-3.058604958,
1032931192,-3.062466685,
1033531152,-3.064660814,
1034131112,-3.068191639,
1034731072,-3.072234207,
1035331032,-3.073854936,
1035930992,-3.078029504,
1036530952,-3.081182404,
1037130912,-3.083962054,
1037730872,-3.086980848,
1038330832,-3.090937965,
1038930792,-3.093390748,
1039530752,-3.097275866,
1040130712,-3.101311078,
1040730672,-3.105495892,
1041330632,-3.109967339,
1041930592,-3.111727944,
1042530552,-3.116629627,
1043130512,-3.121358534,
1043730472,-3.124310216,
1044330432,-3.128373694,
1044930392,-3.132342906,
1045530352,-3.137268517,
1046130312,-3.141354517,
1046730272,-3.145106667,
1047330232,-3.150478287,
1047930192,-3.15477428,
1048530152,-3.158159523,
1049130112,-3.162635529,
1049730072,-3.168087993,
1050330032,-3.17294359,
1050929992,-3.178388512,
1051529952,-3.183775826,
1052129912,-3.187824972,
1052729872,-3.193510576,
1053329832,-3.196901028,
1053929792,-3.202090439,
1054529752,-3.209624193,
1055129712,-3.213302269,
1055729672,-3.21836383,
1056329632,-3.223166312,
1056929592,-3.228809996,
1057529552,-3.234502688,
1058129512,-3.240928366,
1058729472,-3.246747248,
1059329432,-3.251920943,
1059929392,-3.257724818,
1060529352,-3.26357111,
1061129312,-3.270552262,
1061729272,-3.274072353,
1062329232,-3.282694168,
1062929192,-3.287908642,
1063529152,-3.293556881,
1064129112,-3.301213705,
1064729072,-3.306188968,
1065329032,-3.312041413,
1065928992,-3.319050498,
1066528952,-3.32848004,
1067128912,-3.332410085,
1067728872,-3.339345547,
1068328832,-3.346731767,
1068928792,-3.353799667,
1069528752,-3.358588367,
1070128712,-3.367976017,
1070728672,-3.37495647,
1071328632,-3.381574833,
1071928592,-3.390537347,
1072528552,-3.397326969,
1073128512,-3.404001445,
1073728472,-3.410961035,
1074328432,-3.419779025,
1074928392,-3.424346834,
1075528352,-3.434923222,
1076128312,-3.441241339,
1076728272,-3.449441398,
1077328232,-3.455105016,
1077928192,-3.463725907,
1078528152,-3.470265775,
1079128112,-3.479824394,
1079728072,-3.489885015,
1080328032,-3.4935633,
1080927992,-3.502736128,
1081527952,-3.51205996,
1082127912,-3.520139131,
1082727872,-3.528825413,
1083327832,-3.537314404,
1083927792,-3.546675704,
1084527752,-3.551652433,
1085127712,-3.562583159,
1085727672,-3.571408472,
1086327632,-3.583407437,
1086927592,-3.586359956,
1087527552,-3.59604201,
1088127512,-3.603115988,
1088727472,-3.612875474,
1089327432,-3.621707411,
1089927392,-3.628537219,
1090527352,-3.638116359,
1091127312,-3.646756755,
1091727272,-3.655377595,
1092327232,-3.665721595,
1092927192,-3.672274411,
1093527152,-3.680991079,
1094127112,-3.689126816,
1094727072,-3.697724013,
1095327032,-3.707177442,
1095926992,-3.713701282,
1096526952,-3.724563593,
1097126912,-3.732665721,
1097726872,-3.739786949,
1098326832,-3.749685023,
1098926792,-3.758001997,
1099526752,-3.765640387,
1100126712,-3.773563964,
1100726672,-3.782391765,
1101326632,-3.792133567,
1101926592,-3.799923251,
1102526552,-3.807569061,
1103126512,-3.815024753,
1103726472,-3.82478911,
1104326432,-3.832638795,
1104926392,-3.839448826,
1105526352,-3.847637104,
1106126312,-3.854769917,
1106726272,-3.864695857,
1107326232,-3.87088427,
1107926192,-3.878807437,
1108526152,-3.88590825,
1109126112,-3.894094873,
1109726072,-3.901408572,
1110326032,-3.908648251,
1110925992,-3.917248041,
1111525952,-3.923641675,
1112125912,-3.92934878,
1112725872,-3.93815011,
1113325832,-3.943256669,
1113925792,-3.950656157,
1114525752,-3.956107641,
1115125712,-3.963991405,
1115725672,-3.969487006,
1116325632,-3.976358051,
1116925592,-3.981997491,
1117525552,-3.98872519,
1118125512,-3.997823966,
1118725472,-4.00080718,
1119325432,-4.00614216,
1119925392,-4.011990494,
1120525352,-4.018343952,
1121125312,-4.021864782,
1121725272,-4.030944827,
1122325232,-4.034053593,
1122925192,-4.039850318,
1123525152,-4.044206405,
1124125112,-4.049492288,
1124725072,-4.054813028,
1125325032,-4.059001397,
1125924992,-4.062194687,
1126524952,-4.065472843,
1127124912,-4.068476942,
1127724872,-4.076275409,
1128324832,-4.078676512,
1128924792,-4.08358428,
1129524752,-4.084937091,
1130124712,-4.091087816,
1130724672,-4.092765609,
1131324632,-4.097618215,
1131924592,-4.099844834,
1132524552,-4.104171807,
1133124512,-4.106803955,
1133724472,-4.110313747,
1134324432,-4.111522832,
1134924392,-4.113200166,
1135524352,-4.11728755,
1136124312,-4.118832462,
1136724272,-4.121422752,
1137324232,-4.123856193,
1137924192,-4.126129651,
1138524152,-4.127770362,
1139124112,-4.130301346,
1139724072,-4.131043405,
1140324032,-4.133655172,
1140923992,-4.134025157,
1141523952,-4.13610088,
1142123912,-4.136544997,
1142723872,-4.137897033,
1143323832,-4.139432853,
1143923791,-4.141324864,
1144523751,-4.141098549,
1145123711,-4.141022687,
1145723671,-4.1414274,
1146323631,-4.141944164,
1146923591,-4.142892757,
1147523551,-4.143166968,
1148123511,-4.141881554,
1148723471,-4.141722994,
1149323431,-4.141968736,
1149923391,-4.140900815,
1150523351,-4.141282051,
1151123311,-4.14009954,
1151723271,-4.139792401,
1152323231,-4.137780606,
1152923191,-4.136778732,
1153523151,-4.135235549,
1154123111,-4.134170313,
1154723071,-4.132130375,
1155323031,-4.131241108,
1155922991,-4.128161117,
1156522951,-4.12627653,
1157122911,-4.125006441,
1157722871,-4.122683535,
1158322831,-4.12007943,
1158922791,-4.118263422,
1159522751,-4.11530214,
1160122711,-4.111764177,
1160722671,-4.109086985,
1161322631,-4.107552691,
1161922591,-4.104943376,
1162522551,-4.101332785,
1163122511,-4.09910371,
1163722471,-4.094556917,
1164322431,-4.091196218,
1164922391,-4.088470234,
1165522351,-4.084038313,
1166122311,-4.080473529,
1166722271,-4.076226951,
1167322231,-4.073032306,
1167922191,-4.069912363,
1168522151,-4.065106377,
1169122111,-4.060855426,
1169722071,-4.05728731,
1170322031,-4.052895084,
1170921991,-4.048616654,
1171521951,-4.044035907,
1172121911,-4.045679523,
1172721871,-4.036807489,
1173321831,-4.030868767,
1173921791,-4.026230655,
1174521751,-4.022461051,
1175121711,-4.016891611,
1175721671,-4.013515157,
1176321631,-4.008737949,
1176921591,-4.002554561,
1177521551,-3.99677368,
1178121511,-3.992553849,
1178721471,-3.987292424,
1179321431,-3.98175244,
1179921391,-3.976373931,
1180521351,-3.971739832,
1181121311,-3.967152495,
1181721271,-3.960525414,
1182321231,-3.955220761,
1182921191,-3.950175887,
1183521151,-3.944954157,
1184121111,-3.9390227,
1184721071,-3.933572471,
1185321031,-3.92942194,
1185920991,-3.92341454,
1186520951,-3.916427729,
1187120911,-3.912276876,
1187720871,-3.906475441,
1188320831,-3.900771564,
1188920791,-3.896020702,
1189520751,-3.890333341,
1190120711,-3.885955552,
1190720671,-3.878999642,
1191320631,-3.873790905,
1191920591,-3.867835483,
1192520551,-3.863561137,
1193120511,-3.856797299,
1193720471,-3.852699286,
1194320431,-3.847988752,
1194920391,-3.842105027,
1195520351,-3.838730477,
1196120311,-3.833232103,
1196720271,-3.828686758,
1197320231,-3.823772151,
1197920191,-3.819514362,
1198520151,-3.815870398,
1199120111,-3.810511273,
1199720071,-3.80526,
1200320031,-3.801322529,
1200919991,-3.796888324,
1201519951,-3.794259489,
1202119911,-3.788685565,
1202719871,-3.784352131,
1203319831,-3.780943816,
1203919791,-3.776728744,
1204519751,-3.773431777,
1205119711,-3.769170562,
1205719671,-3.765130035,
1206319631,-3.76101933,
1206919591,-3.756074453,
1207519551,-3.75404247,
1208119511,-3.750310581,
1208719471,-3.745907979,
1209319431,-3.741673783,
1209919391,-3.739168217,
1210519351,-3.734875269,
1211119311,-3.731569418,
1211719271,-3.727103246,
1212319231,-3.724697461,
1212919191,-3.722252496,
1213519151,-3.718636922,
1214119111,-3.714535655,
1214719071,-3.71234273,
1215319031,-3.708723958,
1215918991,-3.705517844,
1216518951,-3.703870526,
1217118911,-3.701869083,
1217718871,-3.698723237,
1218318831,-3.697000519,
1218918791,-3.694058887,
1219518751,-3.692840319,
1220118711,-3.691056694,
1220718671,-3.689407331,
1221318631,-3.68800403,
1221918591,-3.686586092,
1222518551,-3.686069834,
1223118511,-3.682723136,
1223718471,-3.683991401,
1224318431,-3.680969001,
1224918391,-3.681858467,
1225518351,-3.679499864,
1226118311,-3.678884248,
1226718271,-3.679282335,
1227318231,-3.677965188,
1227918191,-3.677567907,
1228518151,-3.677135672,
1229118111,-3.677194782,
1229718071,-3.677928559,
1230318031,-3.6775522,
1230917991,-3.676980309,
1231517951,-3.677987124,
1232117911,-3.678667992,
1232717871,-3.678030184,
1233317831,-3.679612734,
1233917791,-3.680226161,
1234517751,-3.680779414,
1235117711,-3.682417593,
1235717671,-3.683983219,
1236317631,-3.684486506,
1236917591,-3.685849325,
1237517551,-3.688173442,
1238117511,-3.68785792,
1238717471,-3.690144308,
1239317431,-3.692935569,
1239917391,-3.692878938,
1240517351,-3.696203323,
1241117311,-3.698849196,
1241717271,-3.701684226,
1242317231,-3.703666638,
1242917191,-3.70643036,
1243517151,-3.708092687,
1244117111,-3.711871473,
1244717071,-3.711232913,
1245317031,-3.713876421,
1245916991,-3.71709214,
1246516951,-3.720628309,
1247116911,-3.72198678,
1247716871,-3.723940791,
1248316831,-3.727183445,
1248916791,-3.729715513,
1249516751,-3.73171639,
1250116711,-3.735365177,
1250716671,-3.73716991,
1251316631,-3.741386494,
1251916591,-3.742732908,
1252516551,-3.747854727,
1253116511,-3.751551096,
1253716471,-3.751850924,
1254316431,-3.755266428,
1254916391,-3.757660889,
1255516351,-3.761706379,
1256116311,-3.764260089,
1256716271,-3.766811881,
1257316231,-3.770654259,
1257916191,-3.771547292,
1258516151,-3.776248179,
1259116111,-3.779936971,
1259716071,-3.782865136,
1260316031,-3.786181391,
1260915991,-3.788212169,
1261515951,-3.790615402,
1262115911,-3.793876645,
1262715871,-3.796708101,
1263315831,-3.801550899,
1263915791,-3.803035421,
1264515751,-3.805236827,
1265115711,-3.807482902,
1265715671,-3.811619466,
1266315631,-3.813372362,
1266915591,-3.817721829,
1267515551,-3.819511715,
1268115511,-3.822731025,
1268715471,-3.82517676,
1269315431,-3.827905578,
1269915391,-3.831377567,
1270515351,-3.834284916,
1271115311,-3.836831641,
1271715271,-3.839133023,
1272315231,-3.841082956,
1272915191,-3.845127572,
1273515151,-3.847747212,
1274115111,-3.849201404,
1274715071,-3.853255726,
1275315031,-3.856101827,
1275914991,-3.858595589,
1276514951,-3.860151381,
1277114911,-3.86377779,
1277714871,-3.866553874,
1278314831,-3.868369054,
1278914791,-3.870418225,
1279514751,-3.872901785,
1280114711,-3.876514147,
1280714671,-3.879722352,
1281314631,-3.880397503,
1281914591,-3.884482691,
1282514551,-3.884669812,
1283114511,-3.887608171,
1283714471,-3.889562877,
1284314431,-3.892448247,
1284914391,-3.894370673,
1285514351,-3.896578724,
1286114311,-3.899426634,
1286714270,-3.90131209,
1287314230,-3.902581343,
1287914190,-3.90635843,
1288514150,-3.907553279,
1289114110,-3.909421701,
1289714070,-3.910634101,
1290314030,-3.912949017,
1290913990,-3.914748826,
1291513950,-3.916680244,
1292113910,-3.91764145,
1292713870,-3.91921634,
1293313830,-3.922171927,
1293913790,-3.923111605,
1294513750,-3.924919759,
1295113710,-3.925345389,
1295713670,-3.927496611,
1296313630,-3.928612605,
1296913590,-3.931021801,
1297513550,-3.930609408,
1298113510,-3.932935855,
1298713470,-3.933948786,
1299313430,-3.934954507,
1299913390,-3.936081826,
1300513350,-3.937075578,
1301113310,-3.938584311,
1301713270,-3.939113076,
1302313230,-3.939274596,
1302913190,-3.941562927,
1303513150,-3.94204871,
1304113110,-3.943169319,
1304713070,-3.944550143,
1305313030,-3.944893452,
1305912990,-3.944706458,
1306512950,-3.947166067,
1307112910,-3.946650627,
1307712870,-3.946704065,
1308312830,-3.946874738,
1308912790,-3.948530124,
1309512750,-3.947067515,
1310112710,-3.947138479,
1310712670,-3.948555037,
1311312630,-3.94793804,
1311912590,-3.950341419,
1312512550,-3.950004455,
1313112510,-3.950604149,
1313712470,-3.950013658,
1314312430,-3.950137987,
1314912390,-3.952829106,
1315512350,-3.951120071,
1316112310,-3.952042846,
1316712270,-3.951646962,
1317312230,-3.95224055,
1317912190,-3.953004681,
1318512150,-3.951992651,
1319112110,-3.952325026,
1319712070,-3.952967966,
1320312030,-3.953719964,
1320911990,-3.952620231,
1321511950,-3.955684624,
1322111910,-3.953635069,
1322711870,-3.955230813,
1323311830,-3.954477983,
1323911790,-3.954509199,
1324511750,-3.956358848,
1325111710,-3.955957241,
1325711670,-3.957742808,
1326311630,-3.957187364,
1326911590,-3.958236125,
1327511550,-3.957360512,
1328111510,-3.957988506,
1328711470,-3.958912125,
1329311430,-3.958791371,
1329911390,-3.959296362,
1330511350,-3.960771916,
1331111310,-3.960173106,
1331711270,-3.960857509,
1332311230,-3.960834109,
1332911190,-3.960414223,
1333511150,-3.962523434,
1334111110,-3.964494951,
1334711070,-3.962562976,
1335311030,-3.964469322,
1335910990,-3.96356135,
1336510950,-3.966117036,
1337110910,-3.96444987,
1337710870,-3.966362036,
1338310830,-3.968053004,
1338910790,-3.970862868,
1339510750,-3.970325047,
1340110710,-3.971920501,
1340710670,-3.971133657,
1341310630,-3.972754638,
1341910590,-3.976027463,
1342510550,-3.972622058,
1343110510,-3.975041818,
1343710470,-3.977581116,
1344310430,-3.979773601,
1344910390,-3.979856997,
1345510350,-3.982008126,
1346110310,-3.983805705,
1346710270,-3.984138373,
1347310230,-3.985489523,
1347910190,-3.988030543,
1348510150,-3.987646964,
1349110110,-3.991719283,
1349710070,-3.99354857,
1350310030,-3.990422201,
1350909990,-3.995571224,
1351509950,-3.996857311,
1352109910,-3.999214047,
1352709870,-3.999523637,
1353309830,-4.001876846,
1353909790,-4.002982172,
1354509750,-4.004923868,
1355109710,-4.006731546,
1355709670,-4.007984694,
1356309630,-4.008412842,
1356909590,-4.015831397,
1357509550,-4.012899975,
1358109510,-4.018279948,
1358709470,-4.018926244,
1359309430,-4.022344462,
1359909390,-4.023303262,
1360509350,-4.024647683,
1361109310,-4.026721379,
1361709270,-4.030614953,
1362309230,-4.031878257,
1362909190,-4.034470175,
1363509150,-4.036974733,
1364109110,-4.040596013,
1364709070,-4.043526914,
1365309030,-4.047588009,
1365908990,-4.047205972,
1366508950,-4.050963959,
1367108910,-4.052492655,
1367708870,-4.05705541,
1368308830,-4.059745562,
1368908790,-4.061601565,
1369508750,-4.064195484,
1370108710,-4.065759148,
1370708670,-4.070181735,
1371308630,-4.073712353,
1371908590,-4.077968679,
1372508550,-4.078308372,
1373108510,-4.082885326,
1373708470,-4.087369506,
1374308430,-4.09112794,
1374908390,-4.093161848,
1375508350,-4.096350687,
1376108310,-4.10116537,
1376708270,-4.102848833,
1377308230,-4.106352027,
1377908190,-4.111719157,
1378508150,-4.113528235,
1379108110,-4.118161798,
1379708070,-4.121414703,
1380308030,-4.125244742,
1380907990,-4.1282289,
1381507950,-4.131293837,
1382107910,-4.135341352,
1382707870,-4.139108254,
1383307830,-4.142663191,
1383907790,-4.148651379,
1384507750,-4.151038963,
1385107710,-4.155038233,
1385707670,-4.156948903,
1386307630,-4.16240231,
1386907590,-4.165649051,
1387507550,-4.169019718,
1388107510,-4.173291826,
1388707470,-4.176530787,
1389307430,-4.180045774,
1389907390,-4.184054627,
1390507350,-4.187976051,
1391107310,-4.192602825,
1391707270,-4.194607383,
1392307230,-4.200151656,
1392907190,-4.203708749,
1393507150,-4.208616844,
1394107110,-4.20953906,
1394707070,-4.214013781,
1395307030,-4.218758623,
1395906990,-4.222078236,
1396506950,-4.22594984,
1397106910,-4.230305847,
1397706870,-4.234149967,
1398306830,-4.237349669,
1398906790,-4.241726505,
1399506750,-4.24580637,
1400106710,-4.248312872,
1400706670,-4.251652188,
1401306630,-4.255749913,
1401906590,-4.260059163,
1402506550,-4.263869841,
1403106510,-4.268763223,
1403706470,-4.271143983,
1404306430,-4.275081236,
1404906390,-4.27858635,
1405506350,-4.28205085,
1406106310,-4.286297085,
1406706270,-4.289960172,
1407306230,-4.294129443,
1407906190,-4.297715012,
1408506150,-4.300712103,
1409106110,-4.303562063,
1409706070,-4.307623839,
1410306030,-4.311202137,
1410905990,-4.315571466,
1411505950,-4.318420639,
1412105910,-4.32192809,
1412705870,-4.324302863,
1413305830,-4.328623838,
1413905790,-4.33220591,
1414505750,-4.33548084,
1415105710,-4.339098759,
1415705670,-4.341680368,
1416305630,-4.345224812,
1416905590,-4.347652936,
1417505550,-4.350816729,
1418105510,-4.354111177,
1418705470,-4.356245489,
1419305430,-4.359630215,
1419905390,-4.363398772,
1420505350,-4.36506935,
1421105310,-4.367501627,
1421705270,-4.370149658,
1422305230,-4.373346511,
1422905190,-4.375021081,
1423505150,-4.378853879,
1424105110,-4.380137593,
1424705070,-4.382043316,
1425305030,-4.384889452,
1425904990,-4.387037666,
1426504950,-4.389696554,
1427104910,-4.391434875,
1427704870,-4.393359996,
1428304830,-4.396808036,
1428904790,-4.397740168,
1429504749,-4.401843036,
1430104709,-4.40450656,
1430704669,-4.404074323,
1431304629,-4.406712094,
1431904589,-4.4090442,
1432504549,-4.410795515,
1433104509,-4.41222235,
1433704469,-4.413993416,
1434304429,-4.415902892,
1434904389,-4.417441155,
1435504349,-4.419272939,
1436104309,-4.420241522,
1436704269,-4.421530982,
1437304229,-4.42261071,
1437904189,-4.424891537,
1438504149,-4.42629696,
1439104109,-4.427434319,
1439704069,-4.430337416,
1440304029,-4.431236141,
1440903989,-4.431111972,
1441503949,-4.432621359,
1442103909,-4.436015028,
1442703869,-4.434386638,
1443303829,-4.436239064,
1443903789,-4.438376734,
1444503749,-4.43997805,
1445103709,-4.440163992,
1445703669,-4.441627408,
1446303629,-4.442046755,
1446903589,-4.444828116,
1447503549,-4.444532765,
1448103509,-4.445425569,
1448703469,-4.448850101,
1449303429,-4.448366426,
1449903389,-4.447579152,
1450503349,-4.449680917,
1451103309,-4.451360853,
1451703269,-4.452622994,
1452303229,-4.45330614,
1452903189,-4.453306459,
1453503149,-4.453553699,
1454103109,-4.456821,
1454703069,-4.456324386,
1455303029,-4.456863055,
1455902989,-4.458843405,
1456502949,-4.455959885,
1457102909,-4.461979665,
1457702869,-4.459254276,
1458302829,-4.461224302,
1458902789,-4.457269845,
1459502749,-4.46254036,
1460102709,-4.464695687,
1460702669,-4.465585968,
1461302629,-4.46641197,
1461902589,-4.467295725,
1462502549,-4.470221882,
1463102509,-4.471766128,
1463702469,-4.471484648,
1464302429,-4.473992453,
1464902389,-4.474729328,
1465502349,-4.478002592,
1466102309,-4.476917462,
1466702269,-4.480234033,
1467302229,-4.483829801,
1467902189,-4.487940361,
1468502149,-4.487519682,
1469102109,-4.491462197,
1469702069,-4.494790728,
1470302029,-4.495293525,
1470901989,-4.496960503,
1471501949,-4.500618208,
1472101909,-4.502024853,
1472701869,-4.504427648,
1473301829,-4.508761679,
1473901789,-4.510883651,
1474501749,-4.513852214,
1475101709,-4.515378998,
1475701669,-4.514650542,
1476301629,-4.523110403,
1476901589,-4.525308867,
1477501549,-4.531862038,
1478101509,-4.532441907,
1478701469,-4.535828773,
1479301429,-4.541125033,
1479901389,-4.543076198,
1480501349,-4.545088773,
1481101309,-4.550025245,
1481701269,-4.554616009,
1482301229,-4.557801284,
1482901189,-4.563286327,
1483501149,-4.569604275,
1484101109,-4.572847848,
1484701069,-4.576742268,
1485301029,-4.583278669,
1485900989,-4.587277369,
1486500949,-4.590437551,
1487100909,-4.596013302,
1487700869,-4.600871907,
1488300829,-4.607624494,
1488900789,-4.611187699,
1489500749,-4.61981867,
1490100709,-4.625115828,
1490700669,-4.626220168,
1491300629,-4.635564661,
1491900589,-4.642633074,
1492500549,-4.646157407,
1493100509,-4.65257368,
1493700469,-4.659562352,
1494300429,-4.666270965,
1494900389,-4.674041023,
1495500349,-4.677692207,
1496100309,-4.683495195,
1496700269,-4.689472459,
1497300229,-4.69734964,
1497900189,-4.693399501,
1498500149,-4.715318264,
1499100109,-4.716153722,
1499700069,-4.723854897,
1500300029,-4.729248066,
1500899989,-4.742612778,
1501499949,-4.745571273,
1502099909,-4.754679666,
1502699869,-4.759503545,
1503299829,-4.769568862,
1503899789,-4.776143143,
1504499749,-4.784383518,
1505099709,-4.794082784,
1505699669,-4.800640857,
1506299629,-4.809806104,
1506899589,-4.818992435,
1507499549,-4.826626401,
1508099509,-4.834460048,
1508699469,-4.843093469,
1509299429,-4.854141017,
1509899389,-4.859643521,
1510499349,-4.869368782,
1511099309,-4.880077465,
1511699269,-4.888712476,
1512299229,-4.898385223,
1512899189,-4.907950191,
1513499149,-4.916866233,
1514099109,-4.926200406,
1514699069,-4.936399085,
1515299029,-4.946172041,
1515898989,-4.954308435,
1516498949,-4.965817348,
1517098909,-4.975229839,
1517698869,-4.984840367,
1518298829,-4.994619627,
1518898789,-5.00539152,
1519498749,-5.015883807,
1520098709,-5.025721512,
1520698669,-5.035644875,
1521298629,-5.045771808,
1521898589,-5.056135825,
1522498549,-5.066394738,
1523098509,-5.076077142,
1523698469,-5.086307266,
1524298429,-5.096898783,
1524898389,-5.107364043,
1525498349,-5.118286638,
1526098309,-5.126885673,
1526698269,-5.13802691,
1527298229,-5.148715716,
1527898189,-5.158919377,
1528498149,-5.170421895,
1529098109,-5.179656424,
1529698069,-5.189992548,
1530298029,-5.200233377,
1530897989,-5.209896473,
1531497949,-5.221927743,
1532097909,-5.231250462,
1532697869,-5.242060613,
1533297829,-5.251974314,
1533897789,-5.262017149,
1534497749,-5.272674324,
1535097709,-5.281809917,
1535697669,-5.291207425,
1536297629,-5.301929147,
1536897589,-5.311530148,
1537497549,-5.321146733,
1538097509,-5.330276047,
1538697469,-5.340076375,
1539297429,-5.348483076,
1539897389,-5.35808556,
1540497349,-5.368074869,
1541097309,-5.37701185,
1541697269,-5.386481835,
1542297229,-5.395071018,
1542897189,-5.40364395,
1543497149,-5.413925956,
1544097109,-5.421506734,
1544697069,-5.430958543,
1545297029,-5.440024991,
1545896989,-5.448778791,
1546496949,-5.456896694,
1547096909,-5.466076221,
1547696869,-5.474012101,
1548296829,-5.481187632,
1548896789,-5.489768646,
1549496749,-5.498877221,
1550096709,-5.506238771,
1550696669,-5.51365475,
1551296629,-5.520347879,
1551896589,-5.529528472,
1552496549,-5.536768412,
1553096509,-5.54224263,
1553696469,-5.550376172,
1554296429,-5.558544054,
1554896389,-5.565579292,
1555496349,-5.572315664,
1556096309,-5.578145619,
1556696269,-5.584452688,
1557296229,-5.590893349,
1557896189,-5.596117658,
1558496149,-5.602734385,
1559096109,-5.607893504,
1559696069,-5.614759273,
1560296029,-5.619006754,
1560895989,-5.623954086,
1561495949,-5.629785114,
1562095909,-5.63392332,
1562695869,-5.63984269,
1563295829,-5.645580381,
1563895789,-5.649868975,
1564495749,-5.654254071,
1565095709,-5.658519106,
1565695669,-5.662748229,
1566295629,-5.668012582,
1566895589,-5.670059879,
1567495549,-5.674336348,
1568095509,-5.679246473,
1568695469,-5.681025107,
1569295429,-5.685244029,
1569895389,-5.68782819,
1570495349,-5.691488072,
1571095309,-5.694246457,
1571695269,-5.697025439,
1572295228,-5.700645695,
1572895188,-5.704683184,
1573495148,-5.706445668,
1574095108,-5.710342105,
1574695068,-5.712456585,
1575295028,-5.714782407,
1575894988,-5.714920255,
1576494948,-5.718310511,
1577094908,-5.718819789,
1577694868,-5.72186123,
1578294828,-5.72225005,
1578894788,-5.72520607,
1579494748,-5.727042097,
1580094708,-5.726441819,
1580694668,-5.7276404,
1581294628,-5.729867911,
1581894588,-5.731969843,
1582494548,-5.731224498,
1583094508,-5.732308821,
1583694468,-5.734092451,
1584294428,-5.731355085,
1584894388,-5.734354143,
1585494348,-5.733043599,
1586094308,-5.735302795,
1586694268,-5.73318375,
1587294228,-5.734092063,
1587894188,-5.734703497,
1588494148,-5.733933341,
1589094108,-5.733669184,
1589694068,-5.734824911,
1590294028,-5.733427295,
1590893988,-5.73297596,
1591493948,-5.734162782,
1592093908,-5.732312378,
1592693868,-5.733052387,
1593293828,-5.732886125,
1593893788,-5.732426254,
1594493748,-5.729678458,
1595093708,-5.72968982,
1595693668,-5.729296684,
1596293628,-5.729109245,
1596893588,-5.72808159,
1597493548,-5.726595407,
1598093508,-5.729665915,
1598693468,-5.725672017,
1599293428,-5.726431204,
1599893388,-5.724948428,
1600493348,-5.724462462,
1601093308,-5.723266969,
1601693268,-5.725783404,
1602293228,-5.722517742,
1602893188,-5.721177222,
1603493148,-5.723072453,
1604093108,-5.721266166,
1604693068,-5.719938657,
1605293028,-5.719936121,
1605892988,-5.719861965,
1606492948,-5.717355033,
1607092908,-5.71824137,
1607692868,-5.716121149,
1608292828,-5.718584339,
1608892788,-5.717477611,
1609492748,-5.717003856,
1610092708,-5.718491466,
1610692668,-5.716831651,
1611292628,-5.717899627,
1611892588,-5.717398918,
1612492548,-5.716765477,
1613092508,-5.71858016,
1613692468,-5.717201926,
1614292428,-5.719496129,
1614892388,-5.718478887,
1615492348,-5.720818012,
1616092308,-5.721636076,
1616692268,-5.721687408,
1617292228,-5.72333109,
1617892188,-5.723748051,
1618492148,-5.723630817,
1619092108,-5.725392235,
1619692068,-5.723669734,
1620292028,-5.726788891,
1620891988,-5.727940387,
1621491948,-5.726753323,
1622091908,-5.729808588,
1622691868,-5.731101988,
1623291828,-5.731486366,
1623891788,-5.735881416,
1624491748,-5.736637746,
1625091708,-5.737986549,
1625691668,-5.74095135,
1626291628,-5.745073399,
1626891588,-5.744342324,
1627491548,-5.749177826,
1628091508,-5.747961626,
1628691468,-5.753889826,
1629291428,-5.755078325,
1629891388,-5.759130853,
1630491348,-5.761990887,
1631091308,-5.766109674,
1631691268,-5.769030591,
1632291228,-5.773799012,
1632891188,-5.775205487,
1633491148,-5.776839954,
1634091108,-5.782826519,
1634691068,-5.78676763,
1635291028,-5.791410254,
1635890988,-5.79497468,
1636490948,-5.799745412,
1637090908,-5.804926721,
1637690868,-5.810257153,
1638290828,-5.814682344,
1638890788,-5.819964493,
1639490748,-5.824432219,
1640090708,-5.830164297,
1640690668,-5.836000511,
1641290628,-5.84259286,
1641890588,-5.848193538,
1642490548,-5.854140052,
1643090508,-5.859822495,
1643690468,-5.867220341,
1644290428,-5.874019319,
1644890388,-5.880363181,
1645490348,-5.887382543,
1646090308,-5.894077205,
1646690268,-5.901729415,
1647290228,-5.909089273,
1647890188,-5.916097164,
1648490148,-5.92383241,
1649090108,-5.93235371,
1649690068,-5.939797717,
1650290028,-5.948067716,
1650889988,-5.955649822,
1651489948,-5.964231454,
1652089908,-5.972128473,
1652689868,-5.979858104,
1653289828,-5.98795949,
1653889788,-5.996488177,
1654489748,-6.004165851,
1655089708,-6.012972519,
1655689668,-6.020669276,
1656289628,-6.030662912,
1656889588,-6.038291626,
1657489548,-6.047375189,
1658089508,-6.055625895,
1658689468,-6.064807052,
1659289428,-6.073147443,
1659889388,-6.083343905,
1660489348,-6.091642409,
1661089308,-6.101084741,
1661689268,-6.110196075,
1662289228,-6.119159531,
1662889188,-6.12907529,
1663489148,-6.138017978,
1664089108,-6.147464956,
1664689068,-6.156504058,
1665289028,-6.166057834,
1665888988,-6.175981027,
1666488948,-6.185344392,
1667088908,-6.194600091,
1667688868,-6.205303538,
1668288828,-6.21435044,
1668888788,-6.224244603,
1669488748,-6.233749776,
1670088708,-6.243543912,
1670688668,-6.252838295,
1671288628,-6.263851578,
1671888588,-6.271690544,
1672488548,-6.281779226,
1673088508,-6.29034528,
1673688468,-6.3019298,
1674288428,-6.310602837,
1674888388,-6.320572024,
1675488348,-6.32923317,
1676088308,-6.338505882,
1676688268,-6.349234752,
1677288228,-6.357460899,
1677888188,-6.367496058,
1678488148,-6.375614228,
1679088108,-6.387085935,
1679688068,-6.395765452,
1680288028,-6.404781318,
1680887988,-6.413383247,
1681487948,-6.424031993,
1682087908,-6.432566779,
1682687868,-6.442333539,
1683287828,-6.452433444,
1683887788,-6.461418791,
1684487748,-6.473050866,
1685087708,-6.481575022,
1685687668,-6.490742051,
1686287628,-6.499486005,
1686887588,-6.510812808,
1687487548,-6.52099678,
1688087508,-6.531659028,
1688687468,-6.541503424,
1689287428,-6.553075078,
1689887388,-6.564856785,
1690487348,-6.574390957,
1691087308,-6.582050665,
1691687268,-6.591230616,
1692287228,-6.603814089,
1692887188,-6.615995196,
1693487148,-6.622799187,
1694087108,-6.634769947,
1694687068,-6.64369371,
1695287028,-6.655675991,
1695886988,-6.667131901,
1696486948,-6.677808074,
1697086908,-6.68750422,
1697686868,-6.699418059,
1698286828,-6.711083626,
1698886788,-6.722117248,
1699486748,-6.73290028,
1700086708,-6.745527028,
1700686668,-6.756022784,
1701286628,-6.769175407,
1701886588,-6.779949257,
1702486548,-6.79273583,
1703086508,-6.802210215,
1703686468,-6.8154489,
1704286428,-6.830540434,
1704886388,-6.842296531,
1705486348,-6.856346142,
1706086308,-6.8710352,
1706686268,-6.882884432,
1707286228,-6.89937533,
1707886188,-6.914023662,
1708486148,-6.92824496,
1709086108,-6.945954701,
1709686068,-6.961257495,
1710286028,-6.976158844,
1710885988,-6.992464905,
1711485948,-7.00894346,
1712085908,-7.022526031,
1712685868,-7.046272258,
1713285828,-7.062387756,
1713885788,-7.078534778,
1714485748,-7.091473433,
1715085707,-7.113765499,
1715685667,-7.131267429,
1716285627,-7.153781265,
1716885587,-7.169290077,
1717485547,-7.188799165,
1718085507,-7.206616151,
1718685467,-7.232907105,
1719285427,-7.249789618,
1719885387,-7.269288185,
1720485347,-7.295691227,
1721085307,-7.313580197,
1721685267,-7.334296445,
1722285227,-7.35789881,
1722885187,-7.383271705,
1723485147,-7.403654893,
1724085107,-7.428130098,
1724685067,-7.449749393,
1725285027,-7.477301975,
1725884987,-7.498144655,
1726484947,-7.526282676,
1727084907,-7.544056098,
1727684867,-7.573158265,
1728284827,-7.601028926,
1728884787,-7.62524129,
1729484747,-7.654536908,
1730084707,-7.682540264,
1730684667,-7.710015426,
1731284627,-7.736171369,
1731884587,-7.768322334,
1732484547,-7.7951616,
1733084507,-7.827746024,
1733684467,-7.859229744,
1734284427,-7.887736995,
1734884387,-7.918559661,
1735484347,-7.952519291,
1736084307,-7.982267787,
1736684267,-8.016531705,
1737284227,-8.046637677,
1737884187,-8.082135198,
1738484147,-8.118174891,
1739084107,-8.151815506,
1739684067,-8.18635396,
1740284027,-8.223605997,
1740883987,-8.259416667,
1741483947,-8.298336633,
1742083907,-8.33535864,
1742683867,-8.371463214,
1743283827,-8.408154113,
1743883787,-8.447214257,
1744483747,-8.48590719,
1745083707,-8.526234713,
1745683667,-8.564077786,
1746283627,-8.604642983,
1746883587,-8.644511656,
1747483547,-8.684722054,
1748083507,-8.725532389,
1748683467,-8.768260285,
1749283427,-8.810799552,
1749883387,-8.851865021,
1750483347,-8.895438901,
1751083307,-8.93889828,
1751683267,-8.982537721,
1752283227,-9.026582622,
1752883187,-9.070751946,
1753483147,-9.117239845,
1754083107,-9.16286814,
1754683067,-9.209088517,
1755283027,-9.257346309,
1755882987,-9.304255758,
1756482947,-9.351807822,
1757082907,-9.400926216,
1757682867,-9.449870055,
1758282827,-9.499467017,
1758882787,-9.548960808,
1759482747,-9.599475263,
1760082707,-9.650433184,
1760682667,-9.702169496,
1761282627,-9.753626553,
1761882587,-9.806627575,
1762482547,-9.859351919,
1763082507,-9.913723142,
1763682467,-9.967215762,
1764282427,-10.02329409,
1764882387,-10.07843589,
1765482347,-10.13610026,
1766082307,-10.19175594,
1766682267,-10.24951996,
1767282227,-10.30735304,
1767882187,-10.36683116,
1768482147,-10.42558449,
1769082107,-10.48641331,
1769682067,-10.54796959,
1770282027,-10.60858212,
1770881987,-10.67096613,
1771481947,-10.73508685,
1772081907,-10.79866148,
1772681867,-10.86348039,
1773281827,-10.92808118,
1773881787,-10.99430923,
1774481747,-11.05944516,
1775081707,-11.12880856,
1775681667,-11.19662681,
1776281627,-11.26497601,
1776881587,-11.33606428,
1777481547,-11.40755007,
1778081507,-11.47940742,
1778681467,-11.55104123,
1779281427,-11.62595384,
1779881387,-11.70123684,
1780481347,-11.77403158,
1781081307,-11.85063388,
1781681267,-11.92925557,
1782281227,-12.00562635,
1782881187,-12.08538444,
1783481147,-12.16356107,
1784081107,-12.24642793,
1784681067,-12.32770442,
1785281027,-12.4121303,
1785880987,-12.49412888,
1786480947,-12.5805532,
1787080907,-12.66662315,
1787680867,-12.75574397,
1788280827,-12.8411596,
1788880787,-12.93365665,
1789480747,-13.02613409,
1790080707,-13.11954006,
1790680667,-13.21337441,
1791280627,-13.30700589,
1791880587,-13.40870035,
1792480547,-13.50757491,
1793080507,-13.60900616,
1793680467,-13.71179509,
1794280427,-13.81626739,
1794880387,-13.92444648,
1795480347,-14.03248832,
1796080307,-14.14424086,
1796680267,-14.25513768,
1797280227,-14.36685109,
1797880187,-14.48409535,
1798480147,-14.60074309,
1799080107,-14.72183566,
1799680067,-14.84174293,
1800280027,-14.96579121,
1800879987,-15.09321241,
1801479947,-15.22187142,
1802079907,-15.35025849,
1802679867,-15.48478936,
1803279827,-15.62014955,
1803879787,-15.75789677,
1804479747,-15.89649746,
1805079707,-16.03682081,
1805679667,-16.18530004,
1806279627,-16.33535057,
1806879587,-16.4868772,
1807479547,-16.64201394,
1808079507,-16.80332624,
1808679467,-16.96453042,
1809279427,-17.13301016,
1809879387,-17.30251979,
1810479347,-17.48058218,
1811079307,-17.65929249,
1811679267,-17.8414681,
1812279227,-18.03193917,
1812879187,-18.22674337,
1813479147,-18.42588919,
1814079107,-18.62792523,
1814679067,-18.83697041,
1815279027,-19.05258626,
1815878987,-19.27103603,
1816478947,-19.50390536,
1817078907,-19.73666262,
1817678867,-19.97738342,
1818278827,-20.22789141,
1818878787,-20.48146414,
1819478747,-20.74862796,
1820078707,-21.01918616,
1820678667,-21.30237724,
1821278627,-21.5933443,
1821878587,-21.89323741,
1822478547,-22.20617896,
1823078507,-22.52747546,
1823678467,-22.85968121,
1824278427,-23.20478491,
1824878387,-23.56403931,
1825478347,-23.93719906,
1826078307,-24.32733771,
1826678267,-24.7331345,
1827278227,-25.15599064,
1827878187,-25.59586754,
1828478147,-26.05540119,
1829078107,-26.53311269,
1829678067,-27.03187409,
1830278027,-27.55386872,
1830877987,-28.10141928,
1831477947,-28.67231453,
1832077907,-29.25941811,
1832677867,-29.87449273,
1833277827,-30.51258188,
1833877787,-31.16054315,
1834477747,-31.81099287,
1835077707,-32.44967376,
1835677667,-33.06559311,
1836277627,-33.62217219,
1836877587,-34.08417251,
1837477547,-34.41127122,
1838077507,-34.58806749,
1838677467,-34.58691525,
1839277427,-34.42119998,
1839877387,-34.09640516,
1840477347,-33.66631838,
1841077307,-33.16482442,
1841677267,-32.61866778,
1842277227,-32.05584404,
1842877187,-31.48789199,
1843477147,-30.92955876,
1844077107,-30.39317066,
1844677067,-29.87326263,
1845277027,-29.3735021,
1845876987,-28.90601082,
1846476947,-28.45411796,
1847076907,-28.02787779,
1847676867,-27.61781822,
1848276827,-27.23084094,
1848876787,-26.86568333,
1849476747,-26.51627715,
1850076707,-26.18395945,
1850676667,-25.86828106,
1851276627,-25.56614531,
1851876587,-25.27859837,
1852476547,-25.00656192,
1853076507,-24.74551521,
1853676467,-24.49642367,
1854276427,-24.26082248,
1854876387,-24.03269072,
1855476347,-23.8167707,
1856076307,-23.60971281,
1856676267,-23.41089646,
1857276227,-23.2211151,
1857876186,-23.03973701,
1858476146,-22.86573277,
1859076106,-22.69844625,
1859676066,-22.54096277,
1860276026,-22.38681782,
1860875986,-22.23903166,
1861475946,-22.09740546,
1862075906,-21.96201281,
1862675866,-21.83235815,
1863275826,-21.70750944,
1863875786,-21.58622556,
1864475746,-21.47130812,
1865075706,-21.36414413,
1865675666,-21.25845101,
1866275626,-21.15573791,
1866875586,-21.05800731,
1867475546,-20.9625461,
1868075506,-20.87075619,
1868675466,-20.78428066,
1869275426,-20.69922173,
1869875386,-20.6174865,
1870475346,-20.53652479,
1871075306,-20.46265773,
1871675266,-20.3901928,
1872275226,-20.31798217,
1872875186,-20.24950909,
1873475146,-20.18459658,
1874075106,-20.12062231,
1874675066,-20.05929874,
1875275026,-19.99794547,
1875874986,-19.94044658,
1876474946,-19.88392129,
1877074906,-19.83021936,
1877674866,-19.77517654,
1878274826,-19.72576611,
1878874786,-19.67474708,
1879474746,-19.62592926,
1880074706,-19.57993916,
1880674666,-19.53226173,
1881274626,-19.48791736,
1881874586,-19.44139064,
1882474546,-19.39811013,
1883074506,-19.35661742,
1883674466,-19.31392465,
1884274426,-19.27617384,
1884874386,-19.2311285,
1885474346,-19.1961936,
1886074306,-19.15740895,
1886674266,-19.12493074,
1887274226,-19.08086638,
1887874186,-19.04656745,
1888474146,-19.01572513,
1889074106,-18.98072659,
1889674066,-18.95060851,
1890274026,-18.91568595,
1890873986,-18.88471341,
1891473946,-18.85419166,
1892073906,-18.82290646,
1892673866,-18.79284536,
1893273826,-18.76099011,
1893873786,-18.73325796,
1894473746,-18.70376962,
1895073706,-18.67454613,
1895673666,-18.64495635,
1896273626,-18.61787136,
1896873586,-18.59138786,
1897473546,-18.56203123,
1898073506,-18.53208419,
1898673466,-18.50658091,
1899273426,-18.47438458,
1899873386,-18.44704793,
1900473346,-18.4188009,
1901073306,-18.39317106,
1901673266,-18.36476137,
1902273226,-18.3369755,
1902873186,-18.30863305,
1903473146,-18.28051237,
1904073106,-18.25393849,
1904673066,-18.22645772,
1905273026,-18.19639836,
1905872986,-18.17101736,
1906472946,-18.1411352,
1907072906,-18.11365409,
1907672866,-18.0836796,
1908272826,-18.05582514,
1908872786,-18.02777198,
1909472746,-18.00066282,
1910072706,-17.97054859,
1910672666,-17.94186123,
1911272626,-17.91617361,
1911872586,-17.88705864,
1912472546,-17.85864766,
1913072506,-17.83059227,
1913672466,-17.80330842,
1914272426,-17.77520395,
1914872386,-17.74682885,
1915472346,-17.71882059,
1916072306,-17.69181243,
1916672266,-17.66068855,
1917272226,-17.63157306,
1917872186,-17.60308592,
1918472146,-17.57394769,
1919072106,-17.54499851,
1919672066,-17.51475209,
1920272026,-17.48580815,
1920871986,-17.45453502,
1921471946,-17.42335772,
1922071906,-17.39322266,
1922671866,-17.36352523,
1923271826,-17.33172068,
1923871786,-17.30072364,
1924471746,-17.26970121,
1925071706,-17.23622427,
1925671666,-17.20589218,
1926271626,-17.17396299,
1926871586,-17.14264202,
1927471546,-17.11232015,
1928071506,-17.07961361,
1928671466,-17.04863919,
1929271426,-17.01712211,
1929871386,-16.98489693,
1930471346,-16.95077416,
1931071306,-16.9208757,
1931671266,-16.88820531,
1932271226,-16.85718036,
1932871186,-16.82470282,
1933471146,-16.79386103,
1934071106,-16.76175903,
1934671066,-16.73065956,
1935271026,-16.69986805,
1935870986,-16.66821703,
1936470946,-16.637163,
1937070906,-16.60755846,
1937670866,-16.57583026,
1938270826,-16.5453336,
1938870786,-16.5151864,
1939470746,-16.48439411,
1940070706,-16.45427262,
1940670666,-16.42332052,
1941270626,-16.39309646,
1941870586,-16.36357816,
1942470546,-16.3349032,
1943070506,-16.30433619,
1943670466,-16.27623251,
1944270426,-16.24688695,
1944870386,-16.21672018,
1945470346,-16.18974536,
1946070306,-16.16078901,
1946670266,-16.13300058,
1947270226,-16.10459103,
1947870186,-16.07745343,
1948470146,-16.0518436,
1949070106,-16.02450473,
1949670066,-15.99975207,
1950270026,-15.97221113,
1950869986,-15.94606382,
1951469946,-15.92230573,
1952069906,-15.89705019,
1952669866,-15.87307028,
1953269826,-15.84918147,
1953869786,-15.82715807,
1954469746,-15.80320371,
1955069706,-15.78126707,
1955669666,-15.75992366,
1956269626,-15.73709558,
1956869586,-15.71713458,
1957469546,-15.69603609,
1958069506,-15.67538696,
1958669466,-15.65454474,
1959269426,-15.63622649,
1959869386,-15.61636635,
1960469346,-15.59854252,
1961069306,-15.57966404,
1961669266,-15.56131413,
1962269226,-15.54474045,
1962869186,-15.52653309,
1963469146,-15.51120088,
1964069106,-15.49469478,
1964669066,-15.47882155,
1965269026,-15.46420206,
1965868986,-15.44973008,
1966468946,-15.43648206,
1967068906,-15.42196182,
1967668866,-15.41136818,
1968268826,-15.3994582,
1968868786,-15.38747344,
1969468746,-15.37774177,
1970068706,-15.36875393,
1970668666,-15.36256901,
1971268626,-15.35416604,
1971868586,-15.34775997,
1972468546,-15.34185039,
1973068506,-15.33710366,
1973668466,-15.33434979,
1974268426,-15.33238964,
1974868386,-15.32958271,
1975468346,-15.33047542,
1976068306,-15.33149278,
1976668266,-15.33134349,
1977268226,-15.33361468,
1977868186,-15.33766775,
1978468146,-15.34125051,
1979068106,-15.34658383,
1979668066,-15.35241136,
1980268026,-15.36060429,
1980867986,-15.37038957,
1981467946,-15.38205173,
1982067906,-15.39213798,
1982667866,-15.40306775,
1983267826,-15.41588841,
1983867786,-15.42805696,
1984467746,-15.44210181,
1985067706,-15.45931362,
1985667666,-15.4780694,
1986267626,-15.4949681,
1986867586,-15.51372886,
1987467546,-15.53384686,
1988067506,-15.55397853,
1988667466,-15.57737046,
1989267426,-15.60078321,
1989867386,-15.62628088,
1990467346,-15.65356351,
1991067306,-15.67900237,
1991667266,-15.70910406,
1992267226,-15.73855698,
1992867186,-15.77158304,
1993467146,-15.80044095,
1994067106,-15.83421675,
1994667066,-15.86920218,
1995267026,-15.90326968,
1995866986,-15.93757822,
1996466946,-15.97699354,
1997066906,-16.01365413,
1997666866,-16.0529361,
1998266826,-16.09597499,
1998866786,-16.13700271,
1999466746,-16.17557373,
2000066706,-16.22336237,
2000666666,-16.26591446,
2001266626,-16.31272065,
2001866585,-16.35895824,
2002466545,-16.40605685,
2003066505,-16.45609341,
2003666465,-16.50351,
2004266425,-16.55402625,
2004866385,-16.60437237,
2005466345,-16.65928159,
2006066305,-16.71485519,
2006666265,-16.76633938,
2007266225,-16.82277346,
2007866185,-16.87823637,
2008466145,-16.93570227,
2009066105,-16.99567606,
2009666065,-17.05258614,
2010266025,-17.11582157,
2010865985,-17.17473393,
2011465945,-17.23670118,
2012065905,-17.29832914,
2012665865,-17.364669,
2013265825,-17.42884506,
2013865785,-17.49523654,
2014465745,-17.56148064,
2015065705,-17.63121168,
2015665665,-17.69924028,
2016265625,-17.76724461,
2016865585,-17.83800826,
2017465545,-17.90800312,
2018065505,-17.98101309,
2018665465,-18.05269844,
2019265425,-18.12814284,
2019865385,-18.19894891,
2020465345,-18.27406588,
2021065305,-18.35136834,
2021665265,-18.42887394,
2022265225,-18.50469255,
2022865185,-18.58283282,
2023465145,-18.66297642,
2024065105,-18.74500042,
2024665065,-18.82230332,
2025265025,-18.90770557,
2025864985,-18.98383602,
2026464945,-19.07032974,
2027064905,-19.14845476,
2027664865,-19.23525307,
2028264825,-19.31820748,
2028864785,-19.40012288,
2029464745,-19.48883586,
2030064705,-19.56853802,
2030664665,-19.65399774,
2031264625,-19.73980093,
2031864585,-19.82448909,
2032464545,-19.90809014,
2033064505,-19.99410442,
2033664465,-20.07911649,
2034264425,-20.16481756,
2034864385,-20.25023985,
2035464345,-20.33561302,
2036064305,-20.42083992,
2036664265,-20.50761527,
2037264225,-20.59458658,
2037864185,-20.68282785,
2038464145,-20.76628544,
2039064105,-20.8545199,
2039664065,-20.94086443,
2040264025,-21.031372,
2040863985,-21.1166635,
2041463945,-21.20657693,
2042063905,-21.29504689,
2042663865,-21.38306759,
2043263825,-21.47280992,
2043863785,-21.56235081,
2044463745,-21.65168801,
2045063705,-21.74108584,
2045663665,-21.8319902,
2046263625,-21.92397893,
2046863585,-22.0145914,
2047463545,-22.10379874,
2048063505,-22.196812,
2048663465,-22.28546135,
2049263425,-22.37809606,
2049863385,-22.46984222,
2050463345,-22.5593116,
2051063305,-22.65194894,
2051663265,-22.74490712,
2052263225,-22.83672717,
2052863185,-22.9285607,
2053463145,-23.01906026,
2054063105,-23.11678528,
2054663065,-23.20760417,
2055263025,-23.30424445,
2055862985,-23.39755372,
2056462945,-23.4931898,
2057062905,-23.5865084,
2057662865,-23.68175923,
2058262825,-23.78036227,
2058862785,-23.87306138,
2059462745,-23.96869005,
2060062705,-24.06302921,
2060662665,-24.15541503,
2061262625,-24.24874631,
2061862585,-24.34559723,
2062462545,-24.44241883,
2063062505,-24.53186879,
2063662465,-24.63148224,
2064262425,-24.72925241,
2064862385,-24.82574869,
2065462345,-24.91976618,
2066062305,-25.02199881,
2066662265,-25.11826357,
2067262225,-25.21545252,
2067862185,-25.31525769,
2068462145,-25.41288636,
2069062105,-25.50958938,
2069662065,-25.60367157,
2070262025,-25.70359368,
2070861985,-25.80039296,
2071461945,-25.90031603,
2072061905,-25.99542936,
2072661865,-26.09389894,
2073261825,-26.19165461,
2073861785,-26.28896438,
2074461745,-26.38802101,
2075061705,-26.48238218,
2075661665,-26.57638778,
2076261625,-26.67448382,
2076861585,-26.77337435,
2077461545,-26.86849236,
2078061505,-26.96468893,
2078661465,-27.05985275,
2079261425,-27.15342985,
2079861385,-27.24797605,
2080461345,-27.34043576,
2081061305,-27.43594089,
2081661265,-27.53011312,
2082261225,-27.62656611,
2082861185,-27.71784438,
2083461145,-27.81343573,
2084061105,-27.90703024,
2084661065,-28.00217522,
2085261025,-28.09401777,
2085860985,-28.19105734,
2086460945,-28.28627401,
2087060905,-28.38096514,
2087660865,-28.47347243,
2088260825,-28.56479774,
2088860785,-28.65746108,
2089460745,-28.74887149,
2090060705,-28.83600608,
2090660665,-28.92847409,
2091260625,-29.01412285,
2091860585,-29.10186852,
2092460545,-29.18929682,
2093060505,-29.28048525,
2093660465,-29.36838802,
2094260425,-29.45570624,
2094860385,-29.53687509,
2095460345,-29.62670217,
2096060305,-29.70944892,
2096660265,-29.79269846,
2097260225,-29.87523427,
2097860185,-29.9638079,
2098460145,-30.04139986,
2099060105,-30.12062506,
2099660065,-30.19909989,
2100260025,-30.27674399,
2100859985,-30.35520471,
2101459945,-30.43386458,
2102059905,-30.50615346,
2102659865,-30.58104424,
2103259825,-30.65150296,
2103859785,-30.72153048,
2104459745,-30.79972142,
2105059705,-30.86660753,
2105659665,-30.9316006,
2106259625,-30.99510133,
2106859585,-31.05537991,
2107459545,-31.11437134,
2108059505,-31.16746463,
2108659465,-31.21707414,
2109259425,-31.26580523,
2109859385,-31.30900726,
2110459345,-31.35353388,
2111059305,-31.38952637,
2111659265,-31.42398629,
2112259225,-31.45690184,
2112859185,-31.48581751,
2113459145,-31.50695026,
2114059105,-31.52925626,
2114659065,-31.5465693,
2115259025,-31.5631091,
2115858985,-31.57265921,
2116458945,-31.577068,
2117058905,-31.58379483,
2117658865,-31.57641914,
2118258825,-31.57648761,
2118858785,-31.56785924,
2119458745,-31.55470898,
2120058705,-31.53355664,
2120658665,-31.50784124,
2121258625,-31.47970838,
2121858585,-31.45255679,
2122458545,-31.41188766,
2123058505,-31.37633089,
2123658465,-31.33398268,
2124258425,-31.28586841,
2124858385,-31.2356747,
2125458345,-31.18319433,
2126058305,-31.1234849,
2126658265,-31.06594828,
2127258225,-30.99894335,
2127858185,-30.93409594,
2128458145,-30.8625865,
2129058105,-30.78773172,
2129658065,-30.71063425,
2130258025,-30.62479181,
2130857985,-30.54296056,
2131457945,-30.45118873,
2132057905,-30.36215795,
2132657865,-30.26452302,
2133257825,-30.16875853,
2133857785,-30.0696517,
2134457745,-29.96763961,
2135057705,-29.86085771,
2135657665,-29.75164486,
2136257625,-29.64559412,
2136857585,-29.53228064,
2137457545,-29.42389581,
2138057505,-29.31122007,
2138657465,-29.19661226,
2139257425,-29.07882858,
2139857385,-28.9602258,
2140457345,-28.84146576,
2141057305,-28.72390286,
2141657265,-28.6004271,
2142257225,-28.48300106,
2142857185,-28.35942478,
2143457145,-28.23670669,
2144057105,-28.11475614,
2144657065,-27.98880827,
2145257025,-27.865579,
2145856985,-27.74457648,
2146456945,-27.61628378,
2147056905,-27.4896516,
2147656865,-27.3605319,
2148256825,-27.23726207,
2148856785,-27.1099388,
2149456745,-26.98350484,
2150056705,-26.85550694,
2150656665,-26.72690036,
2151256625,-26.59703863,
2151856585,-26.46908153,
2152456545,-26.34525873,
2153056505,-26.21895615,
2153656465,-26.08563903,
2154256425,-25.9594481,
2154856385,-25.82930754,
2155456344,-25.70317102,
2156056304,-25.57576953,
2156656264,-25.44825233,
2157256224,-25.31534939,
2157856184,-25.19234713,
2158456144,-25.05910946,
2159056104,-24.92972687,
2159656064,-24.80169912,
2160256024,-24.6733911,
2160855984,-24.54390216,
2161455944,-24.41616955,
2162055904,-24.28004573,
2162655864,-24.15469397,
2163255824,-24.02787895,
2163855784,-23.88895689,
2164455744,-23.76430379,
2165055704,-23.63564275,
2165655664,-23.50329639,
2166255624,-23.37691101,
2166855584,-23.24293152,
2167455544,-23.11748696,
2168055504,-22.98766529,
2168655464,-22.8614982,
2169255424,-22.73269067,
2169855384,-22.60609073,
2170455344,-22.47896948,
2171055304,-22.35553163,
2171655264,-22.23016082,
2172255224,-22.10514855,
2172855184,-21.98226817,
2173455144,-21.86101643,
2174055104,-21.73810321,
2174655064,-21.61710788,
2175255024,-21.4955047,
2175854984,-21.37212882,
2176454944,-21.25058303,
2177054904,-21.12937686,
2177654864,-21.00738299,
2178254824,-20.88800644,
2178854784,-20.76695229,
2179454744,-20.64802936,
2180054704,-20.53176176,
2180654664,-20.41375891,
2181254624,-20.29604301,
2181854584,-20.17878612,
2182454544,-20.06432153,
2183054504,-19.94883889,
2183654464,-19.83212851,
2184254424,-19.71933758,
2184854384,-19.60523989,
2185454344,-19.49258648,
2186054304,-19.38103652,
2186654264,-19.26821069,
2187254224,-19.15883018,
2187854184,-19.04954676,
2188454144,-18.94040907,
2189054104,-18.8312502,
2189654064,-18.72157044,
2190254024,-18.61068528,
2190853984,-18.50143792,
2191453944,-18.39460177,
2192053904,-18.28804084,
2192653864,-18.17899779,
2193253824,-18.07246044,
2193853784,-17.96792073,
2194453744,-17.86316084,
2195053704,-17.7584752,
2195653664,-17.65390458,
2196253624,-17.55300672,
2196853584,-17.45095104,
2197453544,-17.35154712,
2198053504,-17.25072576,
2198653464,-17.15083864,
2199253424,-17.0560361,
2199853384,-16.95703522,
2200453344,-16.862095,
2201053304,-16.76784853,
2201653264,-16.67535829,
2202253224,-16.58083982,
2202853184,-16.4895265,
2203453144,-16.39847819,
2204053104,-16.31165819,
2204653064,-16.21823006,
2205253024,-16.13166845,
2205852984,-16.04399302,
2206452944,-15.95886603,
2207052904,-15.87461642,
2207652864,-15.79191988,
2208252824,-15.70772952,
2208852784,-15.62434815,
2209452744,-15.54667296,
2210052704,-15.46317446,
2210652664,-15.38143058,
2211252624,-15.30260847,
2211852584,-15.22514272,
2212452544,-15.14738002,
2213052504,-15.07061683,
2213652464,-14.995162,
2214252424,-14.92134739,
2214852384,-14.84945199,
2215452344,-14.77682559,
2216052304,-14.70546268,
2216652264,-14.63865353,
2217252224,-14.56843311,
2217852184,-14.50056503,
2218452144,-14.43572663,
2219052104,-14.36865645,
2219652064,-14.30462506,
2220252024,-14.24161869,
2220851984,-14.17993583,
2221451944,-14.11693371,
2222051904,-14.05789273,
2222651864,-13.99709758,
2223251824,-13.93840809,
2223851784,-13.88075668,
2224451744,-13.82297108,
2225051704,-13.76755257,
2225651664,-13.7139544,
2226251624,-13.65747138,
2226851584,-13.6008576,
2227451544,-13.55328833,
2228051504,-13.49871363,
2228651464,-13.44409477,
2229251424,-13.39609027,
2229851384,-13.34168398,
2230451344,-13.29281094,
2231051304,-13.24405516,
2231651264,-13.19804274,
2232251224,-13.1465201,
2232851184,-13.10049836,
2233451144,-13.05537979,
2234051104,-13.01147949,
2234651064,-12.9663397,
2235251024,-12.91887779,
2235850984,-12.87822395,
2236450944,-12.84025266,
2237050904,-12.79696892,
2237650864,-12.75746764,
2238250824,-12.72040048,
2238850784,-12.68016031,
2239450744,-12.64444606,
2240050704,-12.6073201,
2240650664,-12.56825656,
2241250624,-12.5366896,
2241850584,-12.50109276,
2242450544,-12.46901814,
2243050504,-12.43491023,
2243650464,-12.4032627,
2244250424,-12.3728612,
2244850384,-12.34161403,
2245450344,-12.31532377,
2246050304,-12.28289411,
2246650264,-12.25571931,
2247250224,-12.22707697,
2247850184,-12.20212893,
2248450144,-12.17627081,
2249050104,-12.15455798,
2249650064,-12.12717363,
2250250024,-12.10225528,
2250849984,-12.08163634,
2251449944,-12.05960384,
2252049904,-12.03492287,
2252649864,-12.01253168,
2253249824,-11.99587697,
2253849784,-11.97340104,
2254449744,-11.95595526,
2255049704,-11.93608414,
2255649664,-11.91709953,
2256249624,-11.89815142,
2256849584,-11.88035697,
2257449544,-11.86537692,
2258049504,-11.8488206,
2258649464,-11.83085168,
2259249424,-11.81457363,
2259849384,-11.80030456,
2260449344,-11.78514139,
2261049304,-11.76824484,
2261649264,-11.75538603,
2262249224,-11.74084263,
2262849184,-11.72657645,
2263449144,-11.71296298,
2264049104,-11.70034344,
2264649064,-11.68781996,
2265249024,-11.67422848,
2265848984,-11.66272964,
2266448944,-11.65096286,
2267048904,-11.64006458,
2267648864,-11.62833772,
2268248824,-11.61729709,
2268848784,-11.60658828,
2269448744,-11.59637138,
2270048704,-11.58654906,
2270648664,-11.57731953,
2271248624,-11.56610972,
2271848584,-11.55722384,
2272448544,-11.54819798,
2273048504,-11.54029095,
2273648464,-11.53084408,
2274248424,-11.52355954,
2274848384,-11.51531226,
2275448344,-11.50616419,
2276048304,-11.49815171,
2276648264,-11.49204145,
2277248224,-11.48402261,
2277848184,-11.47653015,
2278448144,-11.46950643,
2279048104,-11.46155075,
2279648064,-11.45561871,
2280248024,-11.44859282,
2280847984,-11.44110135,
2281447944,-11.43433743,
2282047904,-11.42780741,
2282647864,-11.42087439,
2283247824,-11.41576499,
2283847784,-11.40884127,
2284447744,-11.40407283,
2285047704,-11.39649645,
2285647664,-11.39011944,
2286247624,-11.38394076,
2286847584,-11.37706832,
2287447544,-11.37305572,
2288047504,-11.3657242,
2288647464,-11.35887909,
2289247424,-11.35254356,
2289847384,-11.34620298,
2290447344,-11.34147087,
2291047304,-11.33540471,
2291647264,-11.32808431,
2292247224,-11.32287468,
2292847184,-11.31430191,
2293447144,-11.30795796,
2294047104,-11.30186046,
2294647064,-11.29523154,
2295247024,-11.28936063,
2295846984,-11.28181032,
2296446944,-11.27407546,
2297046904,-11.2677757,
2297646864,-11.25810864,
2298246824,-11.25262695,
2298846784,-11.24565311,
2299446744,-11.2372497,
2300046704,-11.22837514,
2300646664,-11.22023095,
2301246624,-11.21455504,
2301846584,-11.20421305,
2302446544,-11.19718742,
2303046504,-11.18558999,
2303646464,-11.18126634,
2304246424,-11.170459,
2304846384,-11.16225443,
2305446344,-11.15236163,
2306046304,-11.14131067,
2306646264,-11.13592546,
2307246224,-11.12493681,
2307846184,-11.11763303,
2308446144,-11.10862426,
2309046103,-11.09848804,
2309646063,-11.08524686,
2310246023,-11.07637144,
2310845983,-11.06567255,
2311445943,-11.05705264,
2312045903,-11.04491366,
2312645863,-11.03287334,
2313245823,-11.0206398,
2313845783,-11.00962436,
2314445743,-10.99737275,
2315045703,-10.98322319,
2315645663,-10.97055818,
2316245623,-10.96167127,
2316845583,-10.94620866,
2317445543,-10.93300641,
2318045503,-10.91997159,
2318645463,-10.90486544,
2319245423,-10.89293029,
2319845383,-10.87634521,
2320445343,-10.86383919,
2321045303,-10.84766204,
2321645263,-10.83316595,
2322245223,-10.82054847,
2322845183,-10.80353256,
2323445143,-10.78648961,
2324045103,-10.77190009,
2324645063,-10.75798999,
2325245023,-10.74057727,
2325844983,-10.72398244,
2326444943,-10.70805208,
2327044903,-10.69055804,
2327644863,-10.67223493,
2328244823,-10.65538854,
2328844783,-10.63938987,
2329444743,-10.61408128,
2330044703,-10.60515521,
2330644663,-10.58629192,
2331244623,-10.56434419,
2331844583,-10.54768926,
2332444543,-10.52653581,
2333044503,-10.50788241,
2333644463,-10.48899722,
2334244423,-10.47050005,
2334844383,-10.44848682,
2335444343,-10.42838227,
2336044303,-10.40961794,
2336644263,-10.38731265,
2337244223,-10.36509632,
2337844183,-10.34362456,
2338444143,-10.32123447,
2339044103,-10.2994389,
2339644063,-10.2778148,
2340244023,-10.25296643,
2340843983,-10.23213587,
2341443943,-10.21288255,
2342043903,-10.1856285,
2342643863,-10.16703022,
2343243823,-10.13988993,
2343843783,-10.11699383,
2344443743,-10.09567073,
2345043703,-10.07401037,
2345643663,-10.04751234,
2346243623,-10.02378927,
2346843583,-9.995285268,
2347443543,-9.974406624,
2348043503,-9.946881418,
2348643463,-9.926278083,
2349243423,-9.89687775,
2349843383,-9.871946728,
2350443343,-9.846801861,
2351043303,-9.8189027,
2351643263,-9.794449444,
2352243223,-9.764678098,
2352843183,-9.73646809,
2353443143,-9.710599477,
2354043103,-9.680984598,
2354643063,-9.653663933,
2355243023,-9.62509371,
2355842983,-9.596495182,
2356442943,-9.56826166,
2357042903,-9.538855282,
2357642863,-9.509326084,
2358242823,-9.478441964,
2358842783,-9.451158387,
2359442743,-9.419751416,
2360042703,-9.394788617,
2360642663,-9.359739816,
2361242623,-9.333502126,
2361842583,-9.303958871,
2362442543,-9.265958605,
2363042503,-9.242432943,
2363642463,-9.209579346,
2364242423,-9.178974466,
2364842383,-9.148703384,
2365442343,-9.117834942,
2366042303,-9.086181109,
2366642263,-9.054909623,
2367242223,-9.021792981,
2367842183,-8.993344962,
2368442143,-8.961824349,
2369042103,-8.929253103,
2369642063,-8.89708362,
2370242023,-8.863653254,
2370841983,-8.834783262,
2371441943,-8.801062232,
2372041903,-8.770593878,
2372641863,-8.737318945,
2373241823,-8.706245304,
2373841783,-8.673868279,
2374441743,-8.639832071,
2375041703,-8.610482074,
2375641663,-8.577815595,
2376241623,-8.542833537,
2376841583,-8.511683004,
2377441543,-8.479440084,
2378041503,-8.444848629,
2378641463,-8.417301882,
2379241423,-8.379699461,
2379841383,-8.346926396,
2380441343,-8.313785352,
2381041303,-8.280306392,
2381641263,-8.247868384,
2382241223,-8.215947631,
2382841183,-8.182276773,
2383441143,-8.151424966,
2384041103,-8.117533162,
2384641063,-8.08403428,
2385241023,-8.053091454,
2385840983,-8.021213455,
2386440943,-7.986997575,
2387040903,-7.953625353,
2387640863,-7.919212228,
2388240823,-7.88918008,
2388840783,-7.855770855,
2389440743,-7.822932629,
2390040703,-7.791535696,
2390640663,-7.761625931,
2391240623,-7.727702118,
2391840583,-7.695225376,
2392440543,-7.665169763,
2393040503,-7.633263844,
2393640463,-7.603397675,
2394240423,-7.571417272,
2394840383,-7.540597715,
2395440343,-7.511337462,
2396040303,-7.48054303,
2396640263,-7.449788704,
2397240223,-7.420572151,
2397840183,-7.389270831,
2398440143,-7.360260629,
2399040103,-7.331673941,
2399640063,-7.300416249,
2400240023,-7.270603388,
2400839983,-7.242293813,
2401439943,-7.213433135,
2402039903,-7.184849503,
2402639863,-7.15640677,
2403239823,-7.128331955,
2403839783,-7.10027124,
2404439743,-7.07242534,
2405039703,-7.045852025,
2405639663,-7.018841121,
2406239623,-6.992094501,
2406839583,-6.964522023,
2407439543,-6.938604813,
2408039503,-6.91261321,
2408639463,-6.887534418,
2409239423,-6.864715285,
2409839383,-6.837162565,
2410439343,-6.813688502,
2411039303,-6.788379637,
2411639263,-6.766676235,
2412239223,-6.742285268,
2412839183,-6.719253121,
2413439143,-6.695600333,
2414039103,-6.672847465,
2414639063,-6.652588843,
2415239023,-6.630032205,
2415838983,-6.609391149,
2416438943,-6.588637714,
2417038903,-6.566693219,
2417638863,-6.546440885,
2418238823,-6.526267273,
2418838783,-6.506531683,
2419438743,-6.4885953,
2420038703,-6.471010173,
2420638663,-6.452008591,
2421238623,-6.431502876,
2421838583,-6.416479487,
2422438543,-6.398935196,
2423038503,-6.378230237,
2423638463,-6.365849972,
2424238423,-6.347085366,
2424838383,-6.333140944,
2425438343,-6.314733047,
2426038303,-6.29766402,
2426638263,-6.28432753,
2427238223,-6.269163399,
2427838183,-6.254300216,
2428438143,-6.241203276,
2429038103,-6.22986399,
2429638063,-6.212169055,
2430238023,-6.197477831,
2430837983,-6.185096745,
2431437943,-6.172969835,
2432037903,-6.159795405,
2432637863,-6.148408543,
2433237823,-6.136471338,
2433837783,-6.121875493,
2434437743,-6.105645266,
2435037703,-6.097874684,
2435637663,-6.088998742,
2436237623,-6.076355804,
2436837583,-6.064194723,
2437437543,-6.054664907,
2438037503,-6.044659088,
2438637463,-6.034409283,
2439237423,-6.02253199,
2439837383,-6.013432385,
2440437343,-6.005292912,
2441037303,-5.993826176,
2441637263,-5.985381438,
2442237223,-5.976102876,
2442837183,-5.965543178,
2443437143,-5.959715081,
2444037103,-5.947999733,
2444637063,-5.940524253,
2445237023,-5.93109676,
2445836983,-5.923071144,
2446436943,-5.91389256,
2447036903,-5.907790673,
2447636863,-5.900848551,
2448236823,-5.892880087,
2448836783,-5.885890625,
2449436743,-5.877215024,
2450036703,-5.873416476,
2450636663,-5.86652003,
2451236623,-5.85936363,
2451836583,-5.852626579,
2452436543,-5.845665309,
2453036503,-5.83919638,
2453636463,-5.832390373,
2454236423,-5.827598387,
2454836383,-5.821490427,
2455436343,-5.816487745,
2456036303,-5.812236617,
2456636263,-5.804810836,
2457236223,-5.799043015,
2457836183,-5.795750177,
2458436143,-5.788743398,
2459036103,-5.782723619,
2459636063,-5.778871606,
2460236023,-5.772923559,
2460835983,-5.770506512,
2461435943,-5.762067686,
2462035903,-5.761126307,
2462635863,-5.743247954,
2463235822,-5.749563371,
2463835782,-5.746053788,
2464435742,-5.739887131,
2465035702,-5.736815909,
2465635662,-5.730532575,
2466235622,-5.724832529,
2466835582,-5.723085554,
2467435542,-5.718288577,
2468035502,-5.712647157,
2468635462,-5.712599479,
2469235422,-5.705577776,
2469835382,-5.70633388,
2470435342,-5.701766897,
2471035302,-5.696589681,
2471635262,-5.691725068,
2472235222,-5.687804654,
2472835182,-5.686609286,
2473435142,-5.682913699,
2474035102,-5.676620932,
2474635062,-5.672591516,
2475235022,-5.672990429,
2475834982,-5.667578323,
2476434942,-5.663006272,
2477034902,-5.66078833,
2477634862,-5.657518815,
2478234822,-5.654174742,
2478834782,-5.657015798,
2479434742,-5.645047836,
2480034702,-5.645233513,
2480634662,-5.641581265,
2481234622,-5.637915187,
2481834582,-5.637883627,
2482434542,-5.631913467,
2483034502,-5.628094298,
2483634462,-5.62813121,
2484234422,-5.626371077,
2484834382,-5.620499837,
2485434342,-5.616600528,
2486034302,-5.615552328,
2486634262,-5.612939442,
2487234222,-5.613189174,
2487834182,-5.609205639,
2488434142,-5.606086893,
2489034102,-5.604453799,
2489634062,-5.602510894,
2490234022,-5.601571426,
2490833982,-5.597846434,
2491433942,-5.598089042,
2492033902,-5.595565546,
2492633862,-5.593867265,
2493233822,-5.590483793,
2493833782,-5.59240527,
2494433742,-5.587949771,
2495033702,-5.589095264,
2495633662,-5.587637269,
2496233622,-5.587010343,
2496833582,-5.588371058,
2497433542,-5.585919565,
2498033502,-5.584376403,
2498633462,-5.584597932,
2499233422,-5.584848704,
2499833382,-5.584193206,
2500433342,-5.583775378,
2501033302,-5.583169696,
2501633262,-5.584515941,
2502233222,-5.585190466,
2502833182,-5.585670106,
2503433142,-5.584100754,
2504033102,-5.586525434,
2504633062,-5.587468174,
2505233022,-5.58757251,
2505832982,-5.588849731,
2506432942,-5.589649373,
2507032902,-5.592055986,
2507632862,-5.592607025,
2508232822,-5.594253569,
2508832782,-5.596479057,
2509432742,-5.598501533,
2510032702,-5.60148374,
2510632662,-5.603847555,
2511232622,-5.605683074,
2511832582,-5.607882061,
2512432542,-5.610778695,
2513032502,-5.613416109,
2513632462,-5.616776292,
2514232422,-5.62107301,
2514832382,-5.623397184,
2515432342,-5.6277193,
2516032302,-5.629673679,
2516632262,-5.634142871,
2517232222,-5.638010681,
2517832182,-5.64156768,
2518432142,-5.64615764,
2519032102,-5.649422177,
2519632062,-5.655896277,
2520232022,-5.660650203,
2520831982,-5.665077393,
2521431942,-5.667318128,
2522031902,-5.674234982,
2522631862,-5.678239916,
2523231822,-5.683143822,
2523831782,-5.68919947,
2524431742,-5.692303858,
2525031702,-5.70029131,
2525631662,-5.704959348,
2526231622,-5.709873933,
2526831582,-5.717034133,
2527431542,-5.71957194,
2528031502,-5.727106597,
2528631462,-5.732585848,
2529231422,-5.738605136,
2529831382,-5.745731401,
2530431342,-5.751633678,
2531031302,-5.758301286,
2531631262,-5.764886489,
2532231222,-5.770549667,
2532831182,-5.779695538,
2533431142,-5.785750729,
2534031102,-5.790743188,
2534631062,-5.797762884,
2535231022,-5.804006699,
2535830982,-5.811171947,
2536430942,-5.816606062,
2537030902,-5.825659566,
2537630862,-5.830541801,
2538230822,-5.838337261,
2538830782,-5.844773195,
2539430742,-5.84965453,
2540030702,-5.858405973,
2540630662,-5.867119449,
2541230622,-5.871907317,
2541830582,-5.878527814,
2542430542,-5.88589758,
2543030502,-5.891667956,
2543630462,-5.901232094,
2544230422,-5.905140764,
2544830382,-5.909111797,
2545430342,-5.917873494,
2546030302,-5.925451403,
2546630262,-5.930929351,
2547230222,-5.939483256,
2547830182,-5.946016435,
2548430142,-5.952720113,
2549030102,-5.958663518,
2549630062,-5.967861416,
2550230022,-5.973752562,
2550829982,-5.977417436,
2551429942,-5.985014357,
2552029902,-5.990167608,
2552629862,-5.997175445,
2553229822,-6.002738034,
2553829782,-6.008995297,
2554429742,-6.017633204,
2555029702,-6.019380638,
2555629662,-6.025438621,
2556229622,-6.0364346,
2556829582,-6.038465151,
2557429542,-6.044112808,
2558029502,-6.050126653,
2558629462,-6.055427077,
2559229422,-6.061232914,
2559829382,-6.066569711,
2560429342,-6.069361538,
2561029302,-6.077079976,
2561629262,-6.081705817,
2562229222,-6.085401725,
2562829182,-6.090244672,
2563429142,-6.092236987,
2564029102,-6.096470796,
2564629062,-6.103190198,
2565229022,-6.103915879,
2565828982,-6.11340627,
2566428942,-6.111074959,
2567028902,-6.117621305,
2567628862,-6.121020397,
2568228822,-6.126846476,
2568828782,-6.130890348,
2569428742,-6.132198028,
2570028702,-6.137526565,
2570628662,-6.143196132,
2571228622,-6.141039336,
2571828582,-6.144239533,
2572428542,-6.145346797,
2573028502,-6.146074514,
2573628462,-6.154105939,
2574228422,-6.153832744,
2574828382,-6.154649384,
2575428342,-6.156664407,
2576028302,-6.162818,
2576628262,-6.161215104,
2577228222,-6.161321523,
2577828182,-6.165529471,
2578428142,-6.166487045,
2579028102,-6.168624456,
2579628062,-6.173127954,
2580228022,-6.171800181,
2580827982,-6.173710387,
2581427942,-6.171429172,
2582027902,-6.172461545,
2582627862,-6.173839941,
2583227822,-6.169773769,
2583827782,-6.17404773,
2584427742,-6.175807782,
2585027702,-6.176591922,
2585627662,-6.176830579,
2586227622,-6.176041097,
2586827582,-6.176687341,
2587427542,-6.179464555,
2588027502,-6.17372273,
2588627462,-6.175819776,
2589227422,-6.175269714,
2589827382,-6.172059031,
2590427342,-6.171798706,
2591027302,-6.175712581,
2591627262,-6.170058047,
2592227222,-6.172974983,
2592827182,-6.173694819,
2593427142,-6.171732086,
2594027102,-6.170416938,
2594627062,-6.170079225,
2595227022,-6.168316957,
2595826982,-6.166103919,
2596426942,-6.167321087,
2597026902,-6.166393159,
2597626862,-6.163360146,
2598226822,-6.16364582,
2598826782,-6.162023059,
2599426742,-6.159281517,
2600026702,-6.160754563,
2600626662,-6.161383281,
2601226622,-6.158581154,
2601826582,-6.156180173,
2602426542,-6.152615761,
2603026502,-6.153426884,
2603626462,-6.156220238,
2604226422,-6.15503961,
2604826382,-6.151034589,
2605426342,-6.149735208,
2606026302,-6.152314954,
2606626262,-6.150933467,
2607226222,-6.150423711,
2607826182,-6.149148437,
2608426142,-6.146219188,
2609026102,-6.147227286,
2609626062,-6.145850565,
2610226022,-6.143431331,
2610825982,-6.148628063,
2611425942,-6.144687915,
2612025902,-6.147470687,
2612625862,-6.143796715,
2613225822,-6.150705318,
2613825782,-6.149130949,
2614425742,-6.149315042,
2615025702,-6.151168324,
2615625662,-6.151745076,
2616225622,-6.150429246,
2616825581,-6.155318255,
2617425541,-6.150492511,
2618025501,-6.152904075,
2618625461,-6.155564303,
2619225421,-6.156287346,
2619825381,-6.160662138,
2620425341,-6.163214859,
2621025301,-6.166251447,
2621625261,-6.164745814,
2622225221,-6.16848591,
2622825181,-6.169984527,
2623425141,-6.176014037,
2624025101,-6.174298826,
2624625061,-6.18261122,
2625225021,-6.186334355,
2625824981,-6.186707041,
2626424941,-6.195376508,
2627024901,-6.199033838,
2627624861,-6.201462868,
2628224821,-6.207248925,
2628824781,-6.212539143,
2629424741,-6.215621654,
2630024701,-6.223015289,
2630624661,-6.227090138,
2631224621,-6.23326386,
2631824581,-6.241178341,
2632424541,-6.245681519,
2633024501,-6.253146391,
2633624461,-6.259726863,
2634224421,-6.266767761,
2634824381,-6.273754538,
2635424341,-6.281806729,
2636024301,-6.289662576,
2636624261,-6.297731509,
2637224221,-6.306645778,
2637824181,-6.313632769,
2638424141,-6.3237985,
2639024101,-6.332595811,
2639624061,-6.341225796,
2640224021,-6.35025778,
2640823981,-6.36034988,
2641423941,-6.369690372,
2642023901,-6.381647312,
2642623861,-6.39043483,
2643223821,-6.400322898,
2643823781,-6.411297179,
2644423741,-6.42261506,
2645023701,-6.433285417,
2645623661,-6.443974918,
2646223621,-6.45368874,
2646823581,-6.466751463,
2647423541,-6.47825365,
2648023501,-6.491680591,
2648623461,-6.502013922,
2649223421,-6.513263121,
2649823381,-6.526524051,
2650423341,-6.540213932,
2651023301,-6.551541149,
2651623261,-6.563763659,
2652223221,-6.578776582,
2652823181,-6.591687243,
2653423141,-6.606312868,
2654023101,-6.619420938,
2654623061,-6.629266066,
2655223021,-6.643438984,
2655822981,-6.659027684,
2656422941,-6.672534478,
2657022901,-6.684723383,
2657622861,-6.698693055,
2658222821,-6.710834643,
2658822781,-6.726889816,
2659422741,-6.742251738,
2660022701,-6.755622414,
2660622661,-6.767039918,
2661222621,-6.785387031,
2661822581,-6.795624747,
2662422541,-6.81491525,
2663022501,-6.825368351,
2663622461,-6.843055878,
2664222421,-6.853778149,
2664822381,-6.867457794,
2665422341,-6.881620206,
2666022301,-6.896363938,
2666622261,-6.910729779,
2667222221,-6.924428493,
2667822181,-6.939019648,
2668422141,-6.953302116,
2669022101,-6.96618974,
2669622061,-6.980332634,
2670222021,-6.995053931,
2670821981,-7.009733263,
2671421941,-7.023623382,
2672021901,-7.037532364,
2672621861,-7.050128068,
2673221821,-7.063979758,
2673821781,-7.076431651,
2674421741,-7.090597773,
2675021701,-7.103136099,
2675621661,-7.119208502,
2676221621,-7.13128005,
2676821581,-7.145642137,
2677421541,-7.155595364,
2678021501,-7.168130686,
2678621461,-7.180471183,
2679221421,-7.191313689,
2679821381,-7.206072359,
2680421341,-7.217219376,
2681021301,-7.230797004,
2681621261,-7.241994224,
2682221221,-7.253363394,
2682821181,-7.264701893,
2683421141,-7.275516453,
2684021101,-7.28585074,
2684621061,-7.297392346,
2685221021,-7.30821416,
2685820981,-7.318912812,
2686420941,-7.329921791,
2687020901,-7.337823712,
2687620861,-7.350207624,
2688220821,-7.359188055,
2688820781,-7.371135082,
2689420741,-7.381565773,
2690020701,-7.390917415,
2690620661,-7.398301407,
2691220621,-7.40584898,
2691820581,-7.414146141,
2692420541,-7.423094245,
2693020501,-7.429719583,
2693620461,-7.437507117,
2694220421,-7.446948977,
2694820381,-7.453551556,
2695420341,-7.459523039,
2696020301,-7.464797966,
2696620261,-7.473015265,
2697220221,-7.480236299,
2697820181,-7.484871978,
2698420141,-7.490068102,
2699020101,-7.497639126,
2699620061,-7.499439499,
2700220021,-7.506827254,
2700819981,-7.510980892,
2701419941,-7.517736608,
2702019901,-7.522028715,
2702619861,-7.525420271,
2703219821,-7.529201439,
2703819781,-7.532577424,
2704419741,-7.536834671,
2705019701,-7.54123888,
2705619661,-7.543481239,
2706219621,-7.545133707,
2706819581,-7.547815275,
2707419541,-7.550757353,
2708019501,-7.552215207,
2708619461,-7.555130361,
2709219421,-7.55548961,
2709819381,-7.556087611,
2710419341,-7.55941378,
2711019301,-7.555879372,
2711619261,-7.558633464,
2712219221,-7.556426726,
2712819181,-7.556534703,
2713419141,-7.560565049,
2714019101,-7.558084986,
2714619061,-7.557193703,
2715219021,-7.556591983,
2715818981,-7.559030355,
2716418941,-7.557612194,
2717018901,-7.550894341,
2717618861,-7.552701036,
2718218821,-7.54819567,
2718818781,-7.546297435,
2719418741,-7.543268741,
2720018701,-7.54331723,
2720618661,-7.540019533,
2721218621,-7.53865399,
2721818581,-7.533637033,
2722418541,-7.531761965,
2723018501,-7.528544942,
2723618461,-7.525560094,
2724218421,-7.521345004,
2724818381,-7.516523185,
2725418341,-7.511424832,
2726018301,-7.50941884,
2726618261,-7.505885878,
2727218221,-7.497521913,
2727818181,-7.495287539,
2728418141,-7.488035994,
2729018101,-7.488293483,
2729618061,-7.481318883,
2730218021,-7.474869987,
2730817981,-7.470241281,
2731417941,-7.4655501,
2732017901,-7.459799373,
2732617861,-7.452640351,
2733217821,-7.446046373,
2733817781,-7.442204749,
2734417741,-7.438982684,
2735017701,-7.428815751,
2735617661,-7.423682614,
2736217621,-7.416638405,
2736817581,-7.413069416,
2737417541,-7.405425608,
2738017501,-7.398394147,
2738617461,-7.392194816,
2739217421,-7.386605857,
2739817381,-7.379546004,
2740417341,-7.375139691,
2741017301,-7.367719774,
2741617261,-7.357264765,
2742217221,-7.351065193,
2742817181,-7.345216495,
2743417141,-7.339549258,
2744017101,-7.333974953,
2744617061,-7.325782913,
2745217021,-7.319990487,
2745816981,-7.312769097,
2746416941,-7.306082509,
2747016901,-7.298528541,
2747616861,-7.291922434,
2748216821,-7.285398302,
2748816781,-7.278682351,
2749416741,-7.272053557,
2750016701,-7.264281119,
2750616661,-7.25933198,
2751216621,-7.253857705,
2751816581,-7.245863774,
2752416541,-7.239221382,
2753016501,-7.23318161,
2753616461,-7.22725038,
2754216421,-7.220730682,
2754816381,-7.213795598,
2755416341,-7.208667626,
2756016301,-7.203249445,
2756616261,-7.196791985,
2757216221,-7.192490282,
2757816181,-7.185134921,
2758416141,-7.180133496,
2759016101,-7.174607789,
2759616061,-7.169323471,
2760216021,-7.164601542,
2760815981,-7.15905507,
2761415941,-7.154228928,
2762015901,-7.148767696,
2762615861,-7.144224674,
2763215821,-7.139540245,
2763815781,-7.134305524,
2764415741,-7.130402612,
2765015701,-7.12671987,
2765615661,-7.121990658,
2766215621,-7.118281432,
2766815581,-7.113714433,
2767415541,-7.11114965,
2768015501,-7.10765429,
2768615461,-7.103555525,
2769215421,-7.100516232,
2769815381,-7.097765587,
2770415340,-7.094943388,
2771015300,-7.09175948,
2771615260,-7.089923629,
2772215220,-7.087205493,
2772815180,-7.085458645,
2773415140,-7.083231036,
2774015100,-7.08179167,
2774615060,-7.080701142,
2775215020,-7.079411415,
2775814980,-7.077071748,
2776414940,-7.076525458,
2777014900,-7.074299783,
2777614860,-7.074708123,
2778214820,-7.072715024,
2778814780,-7.072409799,
2779414740,-7.071369509,
2780014700,-7.072182256,
2780614660,-7.069685653,
2781214620,-7.07121734,
2781814580,-7.071271896,
2782414540,-7.072309557,
2783014500,-7.072499128,
2783614460,-7.072811871,
2784214420,-7.072862087,
2784814380,-7.074858544,
2785414340,-7.075681467,
2786014300,-7.075670159,
2786614260,-7.078911152,
2787214220,-7.077617148,
2787814180,-7.082285146,
2788414140,-7.082942237,
2789014100,-7.08449904,
2789614060,-7.087077539,
2790214020,-7.087925628,
2790813980,-7.091178423,
2791413940,-7.09281387,
2792013900,-7.095754144,
2792613860,-7.097695346,
2793213820,-7.099819462,
2793813780,-7.105491968,
2794413740,-7.106158725,
2795013700,-7.109111603,
2795613660,-7.114074781,
2796213620,-7.116936967,
2796813580,-7.119037098,
2797413540,-7.123278999,
2798013500,-7.12194197,
2798613460,-7.126777143,
2799213420,-7.132426831,
2799813380,-7.13683292,
2800413340,-7.136352461,
2801013300,-7.142721218,
2801613260,-7.149073995,
2802213220,-7.151848534,
2802813180,-7.154509309,
2803413140,-7.158408981,
2804013100,-7.162379386,
2804613060,-7.165865934,
2805213020,-7.171251753,
2805812980,-7.173132337,
2806412940,-7.178183252,
2807012900,-7.182078405,
2807612860,-7.187092512,
2808212820,-7.192444136,
2808812780,-7.195926475,
2809412740,-7.200540826,
2810012700,-7.20243305,
2810612660,-7.205843249,
2811212620,-7.212497828,
2811812580,-7.219795816,
2812412540,-7.221681279,
2813012500,-7.226527634,
2813612460,-7.234043165,
2814212420,-7.235691631,
2814812380,-7.241016161,
2815412340,-7.244594786,
2816012300,-7.250740881,
2816612260,-7.254767522,
2817212220,-7.259334824,
2817812180,-7.266036463,
2818412140,-7.26853537,
2819012100,-7.274471627,
2819612060,-7.279107412,
2820212020,-7.282707228,
2820811980,-7.285888279,
2821411940,-7.290664527,
2822011900,-7.295058652,
2822611860,-7.303238636,
2823211820,-7.310040783,
2823811780,-7.312805647,
2824411740,-7.317413239,
2825011700,-7.320521978,
2825611660,-7.328377803,
2826211620,-7.337011529,
2826811580,-7.339344672,
2827411540,-7.342136428,
2828011500,-7.346000571,
2828611460,-7.357826379,
2829211420,-7.354796435,
2829811380,-7.364491849,
2830411340,-7.365417688,
2831011300,-7.372617439,
2831611260,-7.378488356,
2832211220,-7.385191517,
2832811180,-7.389512056,
2833411140,-7.391353125,
2834011100,-7.400385254,
2834611060,-7.403990509,
2835211020,-7.406899657,
2835810980,-7.414269723,
2836410940,-7.418639728,
2837010900,-7.421369277,
2837610860,-7.43026843,
2838210820,-7.436555808,
2838810780,-7.439512819,
2839410740,-7.446798895,
2840010700,-7.45539048,
2840610660,-7.453586966,
2841210620,-7.464097999,
2841810580,-7.468557945,
2842410540,-7.479247694,
2843010500,-7.481756268,
2843610460,-7.484248991,
2844210420,-7.490761907,
2844810380,-7.497400646,
2845410340,-7.505955685,
2846010300,-7.513050535,
2846610260,-7.516398178,
2847210220,-7.523600483,
2847810180,-7.530881227,
2848410140,-7.536592858,
2849010100,-7.546108671,
2849610060,-7.551421626,
2850210020,-7.557897601,
2850809980,-7.568549744,
2851409940,-7.572979683,
2852009900,-7.580479476,
2852609860,-7.588754123,
2853209820,-7.596829967,
2853809780,-7.604566381,
2854409740,-7.611544967,
2855009700,-7.622332518,
2855609660,-7.625281425,
2856209620,-7.638799356,
2856809580,-7.64595429,
2857409540,-7.6538381,
2858009500,-7.663318396,
2858609460,-7.672045802,
2859209420,-7.679893257,
2859809380,-7.688880659,
2860409340,-7.699787836,
2861009300,-7.707459966,
2861609260,-7.715972167,
2862209220,-7.726409698,
2862809180,-7.735477457,
2863409140,-7.746686399,
2864009100,-7.757686991,
2864609060,-7.766050642,
2865209020,-7.777506622,
2865808980,-7.786834562,
2866408940,-7.798514676,
2867008900,-7.809007107,
2867608860,-7.822368818,
2868208820,-7.832312392,
2868808780,-7.843773016,
2869408740,-7.855439038,
2870008700,-7.865354293,
2870608660,-7.878111745,
2871208620,-7.890560028,
2871808580,-7.90321037,
2872408540,-7.917313653,
2873008500,-7.928275219,
2873608460,-7.93972878,
2874208420,-7.954100973,
2874808380,-7.967883635,
2875408340,-7.981515314,
2876008300,-7.992668328,
2876608260,-8.007422601,
2877208220,-8.020225865,
2877808180,-8.035121981,
2878408140,-8.04951321,
2879008100,-8.063391769,
2879608060,-8.07729815,
2880208020,-8.090922933,
2880807980,-8.105499481,
2881407940,-8.120585244,
2882007900,-8.135397699,
2882607860,-8.150304352,
2883207820,-8.16594014,
2883807780,-8.180550872,
2884407740,-8.196835759,
2885007700,-8.210946024,
2885607660,-8.226755155,
2886207620,-8.242582292,
2886807580,-8.258226557,
2887407540,-8.275164477,
2888007500,-8.290255155,
2888607460,-8.305785681,
2889207420,-8.322525984,
2889807380,-8.338299494,
2890407340,-8.354647892,
2891007300,-8.371651888,
2891607260,-8.38757355,
2892207220,-8.403169782,
2892807180,-8.419981859,
2893407140,-8.437327608,
2894007100,-8.453265366,
2894607060,-8.469859593,
2895207020,-8.486845407,
2895806980,-8.503773864,
2896406940,-8.518998009,
2897006900,-8.536896435,
2897606860,-8.553497148,
2898206820,-8.569829661,
2898806780,-8.588201341,
2899406740,-8.602608867,
2900006700,-8.61984224,
2900606660,-8.635961885,
2901206620,-8.655068319,
2901806580,-8.671545069,
2902406540,-8.687890182,
2903006500,-8.703821673,
2903606460,-8.720783691,
2904206420,-8.738013159,
2904806380,-8.754293037,
2905406340,-8.771482199,
2906006300,-8.787608477,
2906606260,-8.804048037,
2907206220,-8.818010142,
2907806180,-8.837276933,
2908406140,-8.852162218,
2909006100,-8.869057904,
2909606060,-8.884984113,
2910206020,-8.899041464,
2910805980,-8.916092049,
2911405940,-8.93238897,
2912005900,-8.94675017,
2912605860,-8.961932276,
2913205820,-8.979201206,
2913805780,-8.995331599,
2914405740,-9.007815824,
2915005700,-9.021708169,
2915605660,-9.039878767,
2916205620,-9.051400613,
2916805580,-9.069369189,
2917405540,-9.081126422,
2918005500,-9.097702123,
2918605460,-9.108796509,
2919205420,-9.12348393,
2919805380,-9.138430449,
2920405340,-9.152357523,
2921005300,-9.165462676,
2921605260,-9.177739677,
2922205220,-9.186244015,
2922805180,-9.202495813,
2923405140,-9.220460272,
2924005100,-9.232490856,
2924605059,-9.23960665,
2925205019,-9.25230317,
2925804979,-9.26382774,
2926404939,-9.279367583,
2927004899,-9.288605744,
2927604859,-9.299261303,
2928204819,-9.309825697,
2928804779,-9.324259141,
2929404739,-9.328945608,
2930004699,-9.343458275,
2930604659,-9.354357971,
2931204619,-9.363579147,
2931804579,-9.375291596,
2932404539,-9.383437951,
2933004499,-9.391379927,
2933604459,-9.400419331,
2934204419,-9.409227105,
2934804379,-9.417690964,
2935404339,-9.426808358,
2936004299,-9.436919148,
2936604259,-9.437786585,
2937204219,-9.448712483,
2937804179,-9.457012166,
2938404139,-9.466706302,
2939004099,-9.471419905,
2939604059,-9.477550193,
2940204019,-9.485829091,
2940803979,-9.496668123,
2941403939,-9.497311649,
2942003899,-9.500595517,
2942603859,-9.509120467,
2943203819,-9.509162468,
2943803779,-9.518145788,
2944403739,-9.52295423,
2945003699,-9.521698544,
2945603659,-9.533943501,
2946203619,-9.533361911,
2946803579,-9.529755562,
2947403539,-9.542168191,
2948003499,-9.541652796,
2948603459,-9.553503523,
2949203419,-9.546602892,
2949803379,-9.546594623,
2950403339,-9.556735062,
2951003299,-9.55894697,
2951603259,-9.561178471,
2952203219,-9.556943365,
2952803179,-9.56380345,
2953403139,-9.560720739,
2954003099,-9.559965947,
2954603059,-9.562031888,
2955203019,-9.563301052,
2955802979,-9.564519715,
2956402939,-9.563171664,
2957002899,-9.559895498,
2957602859,-9.559919244,
2958202819,-9.559488383,
2958802779,-9.558366457,
2959402739,-9.558505655,
2960002699,-9.55310224,
2960602659,-9.558824134,
2961202619,-9.551425426,
2961802579,-9.546941275,
2962402539,-9.545714949,
2963002499,-9.542338603,
2963602459,-9.539949123,
2964202419,-9.537408697,
2964802379,-9.533995901,
2965402339,-9.532011657,
2966002299,-9.524591162,
2966602259,-9.519719672,
2967202219,-9.516966974,
2967802179,-9.514159222,
2968402139,-9.506292851,
2969002099,-9.504541741,
2969602059,-9.50017039,
2970202019,-9.492062497,
2970801979,-9.491893113,
2971401939,-9.48230079,
2972001899,-9.479091695,
2972601859,-9.470142153,
2973201819,-9.466936543,
2973801779,-9.453566549,
2974401739,-9.451822182,
2975001699,-9.449242938,
2975601659,-9.434959112,
2976201619,-9.421404934,
2976801579,-9.421819551,
2977401539,-9.415159128,
2978001499,-9.416093533,
2978601459,-9.400282447,
2979201419,-9.393062968,
2979801379,-9.387978247,
2980401339,-9.37515592,
2981001299,-9.371791416,
2981601259,-9.36298317,
2982201219,-9.353342743,
2982801179,-9.347301811,
2983401139,-9.342095182,
2984001099,-9.331928536,
2984601059,-9.318691067,
2985201019,-9.316638487,
2985800979,-9.303188919,
2986400939,-9.301815957,
2987000899,-9.288280405,
2987600859,-9.274859367,
2988200819,-9.275300872,
2988800779,-9.259563725,
2989400739,-9.257867445,
2990000699,-9.247509876,
2990600659,-9.237141844,
2991200619,-9.227063314,
2991800579,-9.219050466,
2992400539,-9.209063288,
2993000499,-9.199288035,
2993600459,-9.192275365,
2994200419,-9.181664805,
2994800379,-9.173124463,
2995400339,-9.164915083,
2996000299,-9.153547287,
2996600259,-9.144701323,
2997200219,-9.134251944,
2997800179,-9.128253393,
2998400139,-9.11787866,
2999000099,-9.113056588,
2999600059,-9.097576062,
3000200019,-9.088438783,
3000799979,-9.082044021,
3001399939,-9.071472446,
3001999899,-9.062350686,
3002599859,-9.055767265,
3003199819,-9.045968187,
3003799779,-9.03600567,
3004399739,-9.028714452,
3004999699,-9.01982765,
3005599659,-9.012274035,
3006199619,-9.003344294,
3006799579,-8.995235355,
3007399539,-8.98719082,
3007999499,-8.979269009,
3008599459,-8.978611769,
3009199419,-8.962981744,
3009799379,-8.95832287,
3010399339,-8.945628626,
3010999299,-8.937858653,
3011599259,-8.933035633,
3012199219,-8.923681858,
3012799179,-8.919591751,
3013399139,-8.909677853,
3013999099,-8.902199039,
3014599059,-8.893335526,
3015199019,-8.888523703,
3015798979,-8.880498007,
3016398939,-8.877237813,
3016998899,-8.870095468,
3017598859,-8.865499331,
3018198819,-8.858436514,
3018798779,-8.850258816,
3019398739,-8.848088658,
3019998699,-8.842001597,
3020598659,-8.834118067,
3021198619,-8.828687758,
3021798579,-8.823438801,
3022398539,-8.818380228,
3022998499,-8.812903958,
3023598459,-8.808132373,
3024198419,-8.804893296,
3024798379,-8.798641118,
3025398339,-8.794566205,
3025998299,-8.791137182,
3026598259,-8.785903808,
3027198219,-8.781065011,
3027798179,-8.778085552,
3028398139,-8.774670152,
3028998099,-8.771041689,
3029598059,-8.768091826,
3030198019,-8.7640777,
3030797979,-8.760901574,
3031397939,-8.757840718,
3031997899,-8.755198864,
3032597859,-8.753028418,
3033197819,-8.750774032,
3033797779,-8.748091937,
3034397739,-8.745732874,
3034997699,-8.742783782,
3035597659,-8.741185979,
3036197619,-8.738817975,
3036797579,-8.738638967,
3037397539,-8.738108014,
3037997499,-8.734069802,
3038597459,-8.7333604,
3039197419,-8.732825089,
3039797379,-8.732627762,
3040397339,-8.731138859,
3040997299,-8.730723665,
3041597259,-8.729869313,
3042197219,-8.730481305,
3042797179,-8.729491451,
3043397139,-8.729787815,
3043997099,-8.729159254,
3044597059,-8.727314656,
3045197019,-8.730051042,
3045796979,-8.72661968,
3046396939,-8.730785654,
3046996899,-8.73060067,
3047596859,-8.730506155,
3048196819,-8.733130497,
3048796779,-8.732481938,
3049396739,-8.733846199,
3049996699,-8.734160176,
3050596659,-8.73518493,
3051196619,-8.735132577,
3051796579,-8.73813206,
3052396539,-8.741215089,
3052996499,-8.739443659,
3053596459,-8.74081944,
3054196419,-8.742902981,
3054796379,-8.743851801,
3055396339,-8.746418416,
3055996299,-8.749184871,
3056596259,-8.751220127,
3057196219,-8.753999525,
3057796179,-8.755032956,
3058396139,-8.757979576,
3058996099,-8.765144714,
3059596059,-8.762092856,
3060196019,-8.7652688,
3060795979,-8.768894079,
3061395939,-8.771815459,
3061995899,-8.773910516,
3062595859,-8.775230349,
3063195819,-8.779343522,
3063795779,-8.779278954,
3064395739,-8.787597693,
3064995699,-8.789948653,
3065595659,-8.794412472,
3066195619,-8.796016714,
3066795579,-8.798249756,
3067395539,-8.80090418,
3067995499,-8.803651408,
3068595459,-8.808471604,
3069195419,-8.810549534,
3069795379,-8.817707444,
3070395339,-8.818386839,
3070995299,-8.823327461,
3071595259,-8.825407944,
3072195219,-8.830709029,
3072795179,-8.832295767,
3073395139,-8.838099841,
3073995099,-8.845375293,
3074595059,-8.844821352,
3075195019,-8.849866766,
3075794979,-8.855652406,
3076394939,-8.85890951,
3076994899,-8.86385096,
3077594859,-8.86858173,
3078194818,-8.874961097,
3078794778,-8.877092847,
3079394738,-8.883054071,
3079994698,-8.885430461,
3080594658,-8.890804452,
3081194618,-8.895790823,
3081794578,-8.901228978,
3082394538,-8.906265508,
3082994498,-8.909708633,
3083594458,-8.918530474,
3084194418,-8.921135237,
3084794378,-8.925573878,
3085394338,-8.933101201,
3085994298,-8.937845645,
3086594258,-8.941555784,
3087194218,-8.947730144,
3087794178,-8.954903123,
3088394138,-8.961293125,
3088994098,-8.964601126,
3089594058,-8.971022593,
3090194018,-8.976753713,
3090793978,-8.985023845,
3091393938,-8.990775435,
3091993898,-8.996751016,
3092593858,-9.004535931,
3093193818,-9.011017911,
3093793778,-9.013400716,
3094393738,-9.02295666,
3094993698,-9.028571259,
3095593658,-9.035208433,
3096193618,-9.039303045,
3096793578,-9.048636055,
3097393538,-9.053490097,
3097993498,-9.064395503,
3098593458,-9.06982339,
3099193418,-9.078316699,
3099793378,-9.087462488,
3100393338,-9.094100569,
3100993298,-9.104659293,
3101593258,-9.111311646,
3102193218,-9.117161903,
3102793178,-9.123311647,
3103393138,-9.129402401,
3103993098,-9.142842198,
3104593058,-9.147009803,
3105193018,-9.15761085,
3105792978,-9.167707273,
3106392938,-9.176184524,
3106992898,-9.180558669,
3107592858,-9.193532628,
3108192818,-9.204594158,
3108792778,-9.20943517,
3109392738,-9.220395298,
3109992698,-9.232927314,
3110592658,-9.238893618,
3111192618,-9.247950052,
3111792578,-9.258506603,
3112392538,-9.267669676,
3112992498,-9.278749774,
3113592458,-9.285389812,
3114192418,-9.297663237,
3114792378,-9.307373941,
3115392338,-9.316979333,
3115992298,-9.329848902,
3116592258,-9.337567897,
3117192218,-9.348404988,
3117792178,-9.359325397,
3118392138,-9.371479868,
3118992098,-9.382373764,
3119592058,-9.394488898,
3120192018,-9.403992834,
3120791978,-9.413865737,
3121391938,-9.425555457,
3121991898,-9.436786254,
3122591858,-9.448329986,
3123191818,-9.459185127,
3123791778,-9.46953172,
3124391738,-9.480914449,
3124991698,-9.496674463,
3125591658,-9.506546695,
3126191618,-9.517401437,
3126791578,-9.530136766,
3127391538,-9.540950311,
3127991498,-9.552988402,
3128591458,-9.566100567,
3129191418,-9.578717723,
3129791378,-9.590034856,
3130391338,-9.60231406,
3130991298,-9.615580163,
3131591258,-9.62655079,
3132191218,-9.638226357,
3132791178,-9.651837278,
3133391138,-9.663426161,
3133991098,-9.676846666,
3134591058,-9.68984898,
3135191018,-9.702163352,
3135790978,-9.715900969,
3136390938,-9.727641987,
3136990898,-9.740243252,
3137590858,-9.752428688,
3138190818,-9.765516666,
3138790778,-9.778633319,
3139390738,-9.792008765,
3139990698,-9.805263733,
3140590658,-9.818123248,
3141190618,-9.830442492,
3141790578,-9.842666521,
3142390538,-9.85624607,
3142990498,-9.868750643,
3143590458,-9.881437471,
3144190418,-9.892873804,
3144790378,-9.906077265,
3145390338,-9.918560478,
3145990298,-9.931764688,
3146590258,-9.944415146,
3147190218,-9.956646509,
3147790178,-9.969356157,
3148390138,-9.981896721,
3148990098,-9.994413879,
3149590058,-10.00674029,
3150190018,-10.01887845,
3150789978,-10.03162657,
3151389938,-10.04337709,
3151989898,-10.05514136,
3152589858,-10.06793042,
3153189818,-10.07925238,
3153789778,-10.09056901,
3154389738,-10.10321945,
3154989698,-10.11563946,
3155589658,-10.12657396,
3156189618,-10.13818163,
3156789578,-10.14881391,
3157389538,-10.16045038,
3157989498,-10.1711968,
3158589458,-10.19007725,
3159189418,-10.19678266,
3159789378,-10.20771409,
3160389338,-10.21592325,
3160989298,-10.22795545,
3161589258,-10.23756661,
3162189218,-10.24864058,
3162789178,-10.26003451,
3163389138,-10.27006331,
3163989098,-10.28133211,
3164589058,-10.28866605,
3165189018,-10.29657981,
3165788978,-10.30835477,
3166388938,-10.31909962,
3166988898,-10.3256919,
3167588858,-10.3349155,
3168188818,-10.34598562,
3168788778,-10.35125733,
3169388738,-10.36393016,
3169988698,-10.36920723,
3170588658,-10.38141655,
3171188618,-10.38484997,
3171788578,-10.39807413,
3172388538,-10.40445771,
3172988498,-10.40992527,
3173588458,-10.41649981,
3174188418,-10.42812347,
3174788378,-10.43515831,
3175388338,-10.44360868,
3175988298,-10.44853951,
3176588258,-10.45378797,
3177188218,-10.45990373,
3177788178,-10.46882381,
3178388138,-10.4734887,
3178988098,-10.47624864,
3179588058,-10.48510297,
3180188018,-10.49140624,
3180787978,-10.49810162,
3181387938,-10.50067814,
3181987898,-10.50273237,
3182587858,-10.50980317,
3183187818,-10.51518567,
3183787778,-10.52007247,
3184387738,-10.52094868,
3184987698,-10.52774663,
3185587658,-10.5333032,
3186187618,-10.53182764,
3186787578,-10.5367262,
3187387538,-10.5404843,
3187987498,-10.54253842,
3188587458,-10.54747944,
3189187418,-10.54921797,
3189787378,-10.54934011,
3190387338,-10.55190708,
3190987298,-10.55434813,
3191587258,-10.55971725,
3192187218,-10.55686797,
3192787178,-10.55994288,
3193387138,-10.56205444,
3193987098,-10.56549796,
3194587058,-10.5633932,
3195187018,-10.56460128,
3195786978,-10.56494603,
3196386938,-10.56072173,
3196986898,-10.56832449,
3197586858,-10.56102396,
3198186818,-10.56365755,
3198786778,-10.56416292,
3199386738,-10.56087381,
3199986698,-10.55985679,
3200586658,-10.56013252,
3201186618,-10.55866687,
3201786578,-10.56140576,
3202386538,-10.55473906,
3202986498,-10.55616766,
3203586458,-10.55091014,
3204186418,-10.55176502,
3204786378,-10.54947642,
3205386338,-10.54510082,
3205986298,-10.54028384,
3206586258,-10.54118765,
3207186218,-10.54176829,
3207786178,-10.53346566,
3208386138,-10.53105018,
3208986098,-10.53367943,
3209586058,-10.52316275,
3210186018,-10.52035213,
3210785978,-10.51639437,
3211385938,-10.51257727,
3211985898,-10.50454803,
3212585858,-10.50551287,
3213185818,-10.49805668,
3213785778,-10.49416332,
3214385738,-10.48636154,
3214985698,-10.48104142,
3215585658,-10.47731096,
3216185618,-10.47149226,
3216785578,-10.46263115,
3217385538,-10.46320689,
3217985498,-10.45435823,
3218585458,-10.44749153,
3219185418,-10.44095877,
3219785378,-10.43813293,
3220385338,-10.42894286,
3220985298,-10.42200925,
3221585258,-10.41727441,
3222185218,-10.41176375,
3222785178,-10.40464301,
3223385138,-10.39994478,
3223985098,-10.39000564,
3224585058,-10.38369573,
3225185018,-10.37695608,
3225784978,-10.36777331,
3226384938,-10.35984527,
3226984898,-10.34837535,
3227584858,-10.34474842,
3228184818,-10.3387633,
3228784778,-10.33028414,
3229384738,-10.32450086,
3229984698,-10.31628312,
3230584658,-10.30123416,
3231184618,-10.29929572,
3231784578,-10.28801212,
3232384537,-10.28229905,
3232984497,-10.27445535,
3233584457,-10.2673348,
3234184417,-10.25841085,
3234784377,-10.24794701,
3235384337,-10.24129329,
3235984297,-10.23557175,
3236584257,-10.22427601,
3237184217,-10.21739036,
3237784177,-10.207948,
3238384137,-10.19907082,
3238984097,-10.19051721,
3239584057,-10.18340526,
3240184017,-10.17253823,
3240783977,-10.16757319,
3241383937,-10.15892951,
3241983897,-10.14931166,
3242583857,-10.14172784,
3243183817,-10.13561809,
3243783777,-10.12354937,
3244383737,-10.12020742,
3244983697,-10.10723013,
3245583657,-10.1009709,
3246183617,-10.09318575,
3246783577,-10.08499164,
3247383537,-10.07171884,
3247983497,-10.06876111,
3248583457,-10.05919202,
3249183417,-10.04987376,
3249783377,-10.04695741,
3250383337,-10.03185271,
3250983297,-10.02817706,
3251583257,-10.02017473,
3252183217,-10.01105364,
3252783177,-9.997407571,
3253383137,-9.994484827,
3253983097,-9.989399652,
3254583057,-9.979734473,
3255183017,-9.972133667,
3255782977,-9.965373078,
3256382937,-9.959599005,
3256982897,-9.95064009,
3257582857,-9.944428983,
3258182817,-9.935958233,
3258782777,-9.929954111,
3259382737,-9.924625855,
3259982697,-9.914666974,
3260582657,-9.909829107,
3261182617,-9.901254638,
3261782577,-9.894916883,
3262382537,-9.888728288,
3262982497,-9.885616129,
3263582457,-9.87777655,
3264182417,-9.871513816,
3264782377,-9.8671996,
3265382337,-9.860156919,
3265982297,-9.853418335,
3266582257,-9.847500702,
3267182217,-9.844394928,
3267782177,-9.838387337,
3268382137,-9.84230453,
3268982097,-9.832147833,
3269582057,-9.819360677,
3270182017,-9.819467989,
3270781977,-9.8162119,
3271381937,-9.806620018,
3271981897,-9.804753768,
3272581857,-9.798678358,
3273181817,-9.798094221,
3273781777,-9.792540525,
3274381737,-9.791082165,
3274981697,-9.785987253,
3275581657,-9.776116098,
3276181617,-9.776427913,
3276781577,-9.77260395,
3277381537,-9.768976403,
3277981497,-9.767126601,
3278581457,-9.761530325,
3279181417,-9.756450876,
3279781377,-9.756370732,
3280381337,-9.751381233,
3280981297,-9.749624065,
3281581257,-9.747600333,
3282181217,-9.744020017,
3282781177,-9.743077777,
3283381137,-9.738064821,
3283981097,-9.73771536,
3284581057,-9.734037407,
3285181017,-9.733190308,
3285780977,-9.72873131,
3286380937,-9.729579336,
3286980897,-9.725970892,
3287580857,-9.722179054,
3288180817,-9.7238587,
3288780777,-9.721626998,
3289380737,-9.720815738,
3289980697,-9.717902264,
3290580657,-9.717117579,
3291180617,-9.718398373,
3291780577,-9.715980584,
3292380537,-9.712741357,
3292980497,-9.715744333,
3293580457,-9.715595086,
3294180417,-9.715111879,
3294780377,-9.712841403,
3295380337,-9.713935791,
3295980297,-9.710990407,
3296580257,-9.712461026,
3297180217,-9.710984695,
3297780177,-9.711870733,
3298380137,-9.714276139,
3298980097,-9.712240178,
3299580057,-9.712433123,
3300180017,-9.712405511,
3300779977,-9.713069768,
3301379937,-9.71109443,
3301979897,-9.713255536,
3302579857,-9.715327677,
3303179817,-9.712840073,
3303779777,-9.713063447,
3304379737,-9.716466681,
3304979697,-9.718835544,
3305579657,-9.718136455,
3306179617,-9.716582522,
3306779577,-9.718060988,
3307379537,-9.72198609,
3307979497,-9.723360979,
3308579457,-9.740618313,
3309179417,-9.732908787,
3309779377,-9.731597305,
3310379337,-9.741983779,
3310979297,-9.735695946,
3311579257,-9.733238893,
3312179217,-9.73620071,
3312779177,-9.74573826,
3313379137,-9.741551299,
3313979097,-9.739703221,
3314579057,-9.741121365,
3315179017,-9.745263122,
3315778977,-9.749279902,
3316378937,-9.753023052,
3316978897,-9.740764259,
3317578857,-9.748495695,
3318178817,-9.749966344,
3318778777,-9.744954689,
3319378737,-9.751072429,
3319978697,-9.767392267,
3320578657,-9.768246416,
3321178617,-9.762753547,
3321778577,-9.77668768,
3322378537,-9.781016869,
3322978497,-9.776847267,
3323578457,-9.777215538,
3324178417,-9.788930286,
3324778377,-9.791602518,
3325378337,-9.788053396,
3325978297,-9.791427459,
3326578257,-9.7961887,
3327178217,-9.790305037,
3327778177,-9.806286881,
3328378137,-9.805391003,
3328978097,-9.805315942,
3329578057,-9.816461309,
3330178017,-9.815777728,
3330777977,-9.820307397,
3331377937,-9.822142894,
3331977897,-9.828799802,
3332577857,-9.832160128,
3333177817,-9.83898072,
3333777777,-9.84179617,
3334377737,-9.846334934,
3334977697,-9.847998044,
3335577657,-9.855547607,
3336177617,-9.855408139,
3336777577,-9.861772232,
3337377537,-9.8681974,
3337977497,-9.873525825,
3338577457,-9.877963369,
3339177417,-9.883337583,
3339777377,-9.884342187,
3340377337,-9.89413515,
3340977297,-9.898885379,
3341577257,-9.902368286,
3342177217,-9.908168383,
3342777177,-9.917443462,
3343377137,-9.921158516,
3343977097,-9.926410577,
3344577057,-9.932967486,
3345177017,-9.934344329,
3345776977,-9.945763994,
3346376937,-9.948157911,
3346976897,-9.953562213,
3347576857,-9.960427864,
3348176817,-9.968025102,
3348776777,-9.973957962,
3349376737,-9.982512605,
3349976697,-9.98713618,
3350576657,-9.990978927,
3351176617,-10.00329649,
3351776577,-10.00927082,
3352376537,-10.01458204,
3352976497,-10.02229713,
3353576457,-10.02838927,
3354176417,-10.0377454,
3354776377,-10.04477223,
3355376337,-10.04848466,
3355976297,-10.05571494,
3356576257,-10.06849006,
3357176217,-10.07173625,
3357776177,-10.08124823,
3358376137,-10.09127332,
3358976097,-10.09527217,
3359576057,-10.10272156,
3360176017,-10.11341886,
3360775977,-10.11918904,
3361375937,-10.12881226,
3361975897,-10.13597257,
3362575857,-10.14847019,
3363175817,-10.15260685,
3363775777,-10.1623492,
3364375737,-10.17185741,
3364975697,-10.18235667,
3365575657,-10.189751,
3366175617,-10.1990064,
3366775577,-10.20758668,
3367375537,-10.21757454,
3367975497,-10.22446189,
3368575457,-10.23519819,
3369175417,-10.24306791,
3369775377,-10.25256189,
3370375337,-10.26166798,
3370975297,-10.27715668,
3371575257,-10.28556315,
3372175217,-10.28815039,
3372775177,-10.29501173,
3373375137,-10.31107172,
3373975097,-10.32309474,
3374575057,-10.32761723,
3375175017,-10.33658176,
3375774977,-10.35019747,
3376374937,-10.35764506,
3376974897,-10.36996476,
3377574857,-10.37602826,
3378174817,-10.3870492,
3378774777,-10.40279175,
3379374737,-10.40924816,
3379974697,-10.4184181,
3380574657,-10.42906997,
3381174617,-10.44067131,
3381774577,-10.45496217,
3382374537,-10.46615725,
3382974497,-10.47866502,
3383574457,-10.49031237,
3384174417,-10.49508462,
3384774377,-10.50736867,
3385374337,-10.51396293,
3385974296,-10.52757731,
3386574256,-10.54380577,
3387174216,-10.55098634,
3387774176,-10.55814483,
3388374136,-10.56864396,
3388974096,-10.58307609,
3389574056,-10.58797557,
3390174016,-10.59993062,
3390773976,-10.60966026,
3391373936,-10.61822852,
3391973896,-10.6301903,
3392573856,-10.64090314,
3393173816,-10.64929454,
3393773776,-10.66599261,
3394373736,-10.67075039,
3394973696,-10.67822917,
3395573656,-10.69666292,
3396173616,-10.70185896,
3396773576,-10.71082167,
3397373536,-10.71921831,
3397973496,-10.73079143,
3398573456,-10.74267243,
3399173416,-10.75242382,
3399773376,-10.76222652,
3400373336,-10.77223064,
3400973296,-10.78052848,
3401573256,-10.79046678,
3402173216,-10.79701082,
3402773176,-10.80918282,
3403373136,-10.81730049,
3403973096,-10.82545397,
3404573056,-10.83491142,
3405173016,-10.84322922,
3405772976,-10.85283847,
3406372936,-10.85996229,
3406972896,-10.87163526,
3407572856,-10.87961381,
3408172816,-10.88769676,
3408772776,-10.89839955,
3409372736,-10.9043551,
3409972696,-10.91390225,
3410572656,-10.92102148,
3411172616,-10.92686138,
3411772576,-10.93661786,
3412372536,-10.94489263,
3412972496,-10.95211966,
3413572456,-10.95950631,
3414172416,-10.96672662,
3414772376,-10.97208444,
3415372336,-10.98075897,
3415972296,-10.98739925,
3416572256,-10.99334146,
3417172216,-11.00101392,
3417772176,-11.00810573,
3418372136,-11.01509438,
3418972096,-11.02177973,
3419572056,-11.02750618,
3420172016,-11.03445438,
3420771976,-11.03870635,
3421371936,-11.04353963,
3421971896,-11.0504541,
3422571856,-11.0526837,
3423171816,-11.0584843,
3423771776,-11.06362015,
3424371736,-11.07079871,
3424971696,-11.07670617,
3425571656,-11.08045061,
3426171616,-11.08427785,
3426771576,-11.08465665,
3427371536,-11.09065356,
3427971496,-11.09516153,
3428571456,-11.09997097,
3429171416,-11.10168003,
3429771376,-11.10613482,
3430371336,-11.10935106,
3430971296,-11.11339242,
3431571256,-11.11404249,
3432171216,-11.11856288,
3432771176,-11.12419841,
3433371136,-11.12284458,
3433971096,-11.12816363,
3434571056,-11.12543918,
3435171016,-11.12985208,
3435770976,-11.13434916,
3436370936,-11.13233982,
3436970896,-11.13502092,
3437570856,-11.13427676,
3438170816,-11.13507159,
3438770776,-11.13524081,
3439370736,-11.13818951,
3439970696,-11.13722777,
3440570656,-11.13295438,
3441170616,-11.13207612,
3441770576,-11.14481847,
3442370536,-11.13788681,
3442970496,-11.1432084,
3443570456,-11.1372521,
3444170416,-11.13917714,
3444770376,-11.13157041,
3445370336,-11.13225411,
3445970296,-11.12977017,
3446570256,-11.12713862,
3447170216,-11.13163375,
3447770176,-11.13061426,
3448370136,-11.12841367,
3448970096,-11.12767984,
3449570056,-11.13063069,
3450170016,-11.12379106,
3450769976,-11.12155733,
3451369936,-11.11937972,
3451969896,-11.11909022,
3452569856,-11.11550951,
3453169816,-11.10995023,
3453769776,-11.10688107,
3454369736,-11.10266983,
3454969696,-11.09873863,
3455569656,-11.08812724,
3456169616,-11.09073035,
3456769576,-11.0908633,
3457369536,-11.07935973,
3457969496,-11.07905107,
3458569456,-11.07295144,
3459169416,-11.06169269,
3459769376,-11.06433456,
3460369336,-11.05889827,
3460969296,-11.04781514,
3461569256,-11.04791785,
3462169216,-11.04398547,
3462769176,-11.03233634,
3463369136,-11.02868336,
3463969096,-11.02417159,
3464569056,-11.01812824,
3465169016,-11.01019971,
3465768976,-11.00719224,
3466368936,-10.99859885,
3466968896,-10.9898218,
3467568856,-10.98603774,
3468168816,-10.96692957,
3468768776,-10.95928091,
3469368736,-10.95345833,
3469968696,-10.94525388,
3470568656,-10.94337373,
3471168616,-10.92807943,
3471768576,-10.92496762,
3472368536,-10.92261251,
3472968496,-10.90820412,
3473568456,-10.90548748,
3474168416,-10.89807549,
3474768376,-10.8927961,
3475368336,-10.87564529,
3475968296,-10.871459,
3476568256,-10.86077886,
3477168216,-10.8536265,
3477768176,-10.84511559,
3478368136,-10.84133424,
3478968096,-10.83752091,
3479568056,-10.82670631,
3480168016,-10.81766914,
3480767976,-10.80972176,
3481367936,-10.80259744,
3481967896,-10.79012536,
3482567856,-10.78759451,
3483167816,-10.77564522,
3483767776,-10.76177856,
3484367736,-10.75346234,
3484967696,-10.74470274,
3485567656,-10.74340677,
3486167616,-10.73322841,
3486767576,-10.72267912,
3487367536,-10.71560962,
3487967496,-10.70691667,
3488567456,-10.69365697,
3489167416,-10.68856063,
3489767376,-10.68451416,
3490367336,-10.66692904,
3490967296,-10.66166877,
3491567256,-10.65301534,
3492167216,-10.65073891,
3492767176,-10.63893248,
3493367136,-10.62604539,
3493967096,-10.61525562,
3494567056,-10.60680592,
3495167016,-10.61449261,
3495766976,-10.60030276,
3496366936,-10.58524552,
3496966896,-10.57450376,
3497566856,-10.56335486,
3498166816,-10.56141238,
3498766776,-10.55864596,
3499366736,-10.54859164,
3499966696,-10.53562762,
3500566656,-10.54266049,
3501166616,-10.54191443,
3501766576,-10.51897779,
3502366536,-10.52293927,
3502966496,-10.51017548,
3503566456,-10.49683487,
3504166416,-10.48915756,
3504766376,-10.46971837,
3505366336,-10.48369661,
3505966296,-10.46779467,
3506566256,-10.45582291,
3507166216,-10.45651066,
3507766176,-10.4434285,
3508366136,-10.44223692,
3508966096,-10.43155487,
3509566056,-10.42734715,
3510166016,-10.41851473,
3510765976,-10.40889147,
3511365936,-10.3980858,
3511965896,-10.38981161,
3512565856,-10.39526964,
3513165816,-10.38180063,
3513765776,-10.37765054,
3514365736,-10.37009117,
3514965696,-10.36886004,
3515565656,-10.36299817,
3516165616,-10.35362074,
3516765576,-10.34656368,
3517365536,-10.33872508,
3517965496,-10.34109902,
3518565456,-10.33457658,
3519165416,-10.337458,
3519765376,-10.31641338,
3520365336,-10.32306526,
3520965296,-10.31784956,
3521565256,-10.31439589,
3522165216,-10.31030727,
3522765176,-10.30419015,
3523365136,-10.30037702,
3523965096,-10.29737823,
3524565056,-10.29156605,
3525165016,-10.28935622,
3525764976,-10.28484855,
3526364936,-10.28146581,
3526964896,-10.27665084,
3527564856,-10.27388046,
3528164816,-10.27019512,
3528764776,-10.26675668,
3529364736,-10.26293915,
3529964696,-10.26201683,
3530564656,-10.2594827,
3531164616,-10.25444432,
3531764576,-10.25369259,
3532364536,-10.24927597,
3532964496,-10.24836957,
3533564456,-10.24651606,
3534164416,-10.24460508,
3534764376,-10.24244694,
3535364336,-10.24086581,
3535964296,-10.23772682,
3536564256,-10.23674067,
3537164216,-10.23494938,
3537764176,-10.23441114,
3538364136,-10.23265785,
3538964096,-10.23170052,
3539564055,-10.23143182,
3540164015,-10.22990569,
3540763975,-10.22926518,
3541363935,-10.22865345,
3541963895,-10.22821044,
3542563855,-10.22740414,
3543163815,-10.22794678,
3543763775,-10.22713285,
3544363735,-10.22766585,
3544963695,-10.22753107,
3545563655,-10.22848527,
3546163615,-10.22815432,
3546763575,-10.22921933,
3547363535,-10.22959938,
3547963495,-10.22969061,
3548563455,-10.23123664,
3549163415,-10.2329376,
3549763375,-10.23342899,
3550363335,-10.23276757,
3550963295,-10.23532166,
3551563255,-10.23626777,
3552163215,-10.23832483,
3552763175,-10.23904529,
3553363135,-10.24203394,
3553963095,-10.24451857,
3554563055,-10.24230096,
3555163015,-10.24723906,
3555762975,-10.25252995,
3556362935,-10.25249822,
3556962895,-10.25383897,
3557562855,-10.2566793,
3558162815,-10.25762822,
3558762775,-10.26361692,
3559362735,-10.26141883,
3559962695,-10.26353032,
3560562655,-10.26803907,
3561162615,-10.27191942,
3561762575,-10.27361341,
3562362535,-10.27652055,
3562962495,-10.28174312,
3563562455,-10.28492154,
3564162415,-10.28620417,
3564762375,-10.28969778,
3565362335,-10.29247731,
3565962295,-10.29670282,
3566562255,-10.29843943,
3567162215,-10.30387657,
3567762175,-10.30870321,
3568362135,-10.30898624,
3568962095,-10.31547736,
3569562055,-10.31904646,
3570162015,-10.32303386,
3570761975,-10.3272534,
3571361935,-10.33264528,
3571961895,-10.3349403,
3572561855,-10.33899634,
3573161815,-10.34208923,
3573761775,-10.34887921,
3574361735,-10.35451595,
3574961695,-10.36154944,
3575561655,-10.36104581,
3576161615,-10.36829549,
3576761575,-10.3711998,
3577361535,-10.37711207,
3577961495,-10.38531547,
3578561455,-10.38909455,
3579161415,-10.39218949,
3579761375,-10.39688033,
3580361335,-10.40201784,
3580961295,-10.4096559,
3581561255,-10.41228805,
3582161215,-10.41826424,
3582761175,-10.42508012,
3583361135,-10.43156007,
3583961095,-10.43705664,
3584561055,-10.44251272,
3585161015,-10.44574408,
3585760975,-10.45434654,
3586360935,-10.462649,
3586960895,-10.46528499,
3587560855,-10.47185001,
3588160815,-10.48039222,
3588760775,-10.48246725,
3589360735,-10.48779787,
3589960695,-10.49629005,
3590560655,-10.50051766,
3591160615,-10.51144215,
3591760575,-10.51490932,
3592360535,-10.5238192,
3592960495,-10.53296232,
3593560455,-10.54209141,
3594160415,-10.54374971,
3594760375,-10.5510367,
3595360335,-10.55740712,
3595960295,-10.56602229,
3596560255,-10.57514323,
3597160215,-10.57721406,
3597760175,-10.58837364,
3598360135,-10.59496334,
3598960095,-10.60746011,
3599560055,-10.62004252,
3600160015,-10.61909867,
3600759975,-10.62817255,
3601359935,-10.63593547,
3601959895,-10.64504897,
3602559855,-10.64974525,
3603159815,-10.66331179,
3603759775,-10.66518084,
3604359735,-10.67658108,
3604959695,-10.68432255,
3605559655,-10.6930447,
3606159615,-10.7012751,
3606759575,-10.70944089,
3607359535,-10.72240741,
3607959495,-10.72654478,
3608559455,-10.73624278,
3609159415,-10.74243803,
3609759375,-10.75536532,
3610359335,-10.76487291,
3610959295,-10.76985584,
3611559255,-10.78223442,
3612159215,-10.79430127,
3612759175,-10.80288109,
3613359135,-10.81213152,
3613959095,-10.81810692,
3614559055,-10.82934169,
3615159015,-10.84004273,
3615758975,-10.85063532,
3616358935,-10.85821329,
3616958895,-10.87155758,
3617558855,-10.87958981,
3618158815,-10.88996427,
3618758775,-10.90049631,
3619358735,-10.91111124,
3619958695,-10.91740035,
3620558655,-10.93166606,
3621158615,-10.94508454,
3621758575,-10.95012286,
3622358535,-10.96190398,
3622958495,-10.97526316,
3623558455,-10.98481669,
3624158415,-10.99799841,
3624758375,-11.00657727,
3625358335,-11.01611887,
3625958295,-11.02966009,
3626558255,-11.04231985,
3627158215,-11.04898068,
3627758175,-11.06152656,
3628358135,-11.07276522,
3628958095,-11.08494373,
3629558055,-11.09628011,
3630158015,-11.10651656,
3630757975,-11.11782166,
3631357935,-11.12853392,
3631957895,-11.14186208,
3632557855,-11.15159063,
3633157815,-11.16671819,
3633757775,-11.1761545,
3634357735,-11.18923747,
3634957695,-11.20034044,
3635557655,-11.21219805,
3636157615,-11.22311564,
3636757575,-11.2337432,
3637357535,-11.24849498,
3637957495,-11.26126999,
3638557455,-11.27027876,
3639157415,-11.27665622,
3639757375,-11.29507973,
3640357335,-11.31008856,
3640957295,-11.31936843,
3641557255,-11.33129531,
3642157215,-11.34706663,
3642757175,-11.36244417,
3643357135,-11.36940051,
3643957095,-11.38180243,
3644557055,-11.39940725,
3645157015,-11.40191536,
3645756975,-11.4160728,
3646356935,-11.42872077,
3646956895,-11.43651135,
3647556855,-11.45546338,
3648156815,-11.4661997,
3648756775,-11.47619061,
3649356735,-11.48813404,
3649956695,-11.49987952,
3650556655,-11.51207561,
3651156615,-11.52269802,
3651756575,-11.53587173,
3652356535,-11.54841541,
3652956495,-11.55986298,
3653556455,-11.5723068,
3654156415,-11.58279431,
3654756375,-11.59487401,
3655356335,-11.60429149,
3655956295,-11.61776788,
3656556255,-11.62814017,
3657156215,-11.63895187,
3657756175,-11.65055432,
3658356135,-11.66131802,
3658956095,-11.67309288,
3659556055,-11.68380646,
3660156015,-11.69577361,
3660755975,-11.70677328,
3661355935,-11.71713899,
3661955895,-11.72938082,
3662555855,-11.73966051,
3663155815,-11.75063251,
3663755775,-11.75993944,
3664355735,-11.76954325,
3664955695,-11.78130198,
3665555655,-11.79118773,
3666155615,-11.80148794,
3666755575,-11.81076412,
3667355535,-11.8220786,
3667955495,-11.83135209,
3668555455,-11.8418228,
3669155415,-11.85120348,
3669755375,-11.8609298,
3670355335,-11.87032908,
3670955295,-11.88003024,
3671555255,-11.88842818,
3672155215,-11.89759515,
3672755175,-11.90630549,
3673355135,-11.91583511,
3673955095,-11.92441878,
3674555055,-11.93347058,
3675155015,-11.94206832,
3675754975,-11.9508545,
3676354935,-11.9590563,
3676954895,-11.96685796,
3677554855,-11.97521615,
3678154815,-11.98333812,
3678754775,-11.99176936,
3679354735,-11.99840267,
3679954695,-12.00566593,
3680554655,-12.0136301,
3681154615,-12.02006336,
3681754575,-12.02784038,
3682354535,-12.03495507,
3682954495,-12.04139163,
3683554455,-12.04772657,
3684154415,-12.05544141,
3684754375,-12.06103828,
3685354335,-12.06787657,
3685954295,-12.07389876,
3686554255,-12.08052096,
3687154215,-12.08638024,
3687754175,-12.09246523,
3688354135,-12.10011848,
3688954095,-12.10266878,
3689554055,-12.11194019,
3690154015,-12.11423117,
3690753975,-12.11782693,
3691353935,-12.12203486,
3691953895,-12.12660593,
3692553855,-12.13249455,
3693153815,-12.13694866,
3693753774,-12.14028081,
3694353734,-12.14469853,
3694953694,-12.14634623,
3695553654,-12.15134235,
3696153614,-12.15403576,
3696753574,-12.15880156,
3697353534,-12.15940185,
3697953494,-12.16496743,
3698553454,-12.1667234,
3699153414,-12.16742855,
3699753374,-12.16918068,
3700353334,-12.17485137,
3700953294,-12.17398516,
3701553254,-12.17614094,
3702153214,-12.1771529,
3702753174,-12.18195075,
3703353134,-12.17928597,
3703953094,-12.18516052,
3704553054,-12.18423262,
3705153014,-12.18128032,
3705752974,-12.18667877,
3706352934,-12.1866677,
3706952894,-12.1861758,
3707552854,-12.1881505,
3708152814,-12.18431601,
3708752774,-12.18634293,
3709352734,-12.18343645,
3709952694,-12.18514294,
3710552654,-12.18280469,
3711152614,-12.18029787,
3711752574,-12.18230214,
3712352534,-12.17841374,
3712952494,-12.17918266,
3713552454,-12.1760969,
3714152414,-12.17445822,
3714752374,-12.17330211,
3715352334,-12.17150282,
3715952294,-12.16775245,
3716552254,-12.16584142,
3717152214,-12.16375393,
3717752174,-12.16091227,
3718352134,-12.15671032,
3718952094,-12.15584563,
3719552054,-12.15020225,
3720152014,-12.14702821,
3720751974,-12.14379467,
3721351934,-12.14008759,
3721951894,-12.13467496,
3722551854,-12.13205198,
3723151814,-12.12641555,
3723751774,-12.12345335,
3724351734,-12.12129145,
3724951694,-12.11791461,
3725551654,-12.11270019,
3726151614,-12.10377699,
3726751574,-12.10162879,
3727351534,-12.09730459,
3727951494,-12.0903247,
3728551454,-12.09195896,
3729151414,-12.08275908,
3729751374,-12.07750062,
3730351334,-12.07171468,
3730951294,-12.06589292,
3731551254,-12.06076732,
3732151214,-12.05483166,
3732751174,-12.0478638,
3733351134,-12.04206848,
3733951094,-12.03455412,
3734551054,-12.03130459,
3735151014,-12.02491223,
3735750974,-12.01812336,
3736350934,-12.00824263,
3736950894,-12.00598393,
3737550854,-11.99967006,
3738150814,-11.99064076,
3738750774,-11.98682466,
3739350734,-11.98272939,
3739950694,-11.97090736,
3740550654,-11.96284054,
3741150614,-11.95508146,
3741750574,-11.95093779,
3742350534,-11.94420516,
3742950494,-11.93549535,
3743550454,-11.92801224,
3744150414,-11.92563474,
3744750374,-11.91465998,
3745350334,-11.9069779,
3745950294,-11.90262584,
3746550254,-11.89082344,
3747150214,-11.88453464,
3747750174,-11.8817166,
3748350134,-11.87511477,
3748950094,-11.86266555,
3749550054,-11.85838534,
3750150014,-11.84804022,
3750749974,-11.84503706,
3751349934,-11.83551418,
3751949894,-11.82847835,
3752549854,-11.81991516,
3753149814,-11.80869722,
3753749774,-11.80031844,
3754349734,-11.7975179,
3754949694,-11.7928264,
3755549654,-11.78362081,
3756149614,-11.77250251,
3756749574,-11.76973865,
3757349534,-11.75880272,
3757949494,-11.75479784,
3758549454,-11.74522623,
3759149414,-11.74007441,
3759749374,-11.72781513,
3760349334,-11.7242109,
3760949294,-11.71992506,
3761549254,-11.71298699,
3762149214,-11.70341136,
3762749174,-11.69776829,
3763349134,-11.69009183,
3763949094,-11.68444545,
3764549054,-11.67941229,
3765149014,-11.66997129,
3765748974,-11.66635805,
3766348934,-11.65928623,
3766948894,-11.65247675,
3767548854,-11.64655776,
3768148814,-11.63946446,
3768748774,-11.63443105,
3769348734,-11.62827825,
3769948694,-11.62141957,
3770548654,-11.61748392,
3771148614,-11.61363311,
3771748574,-11.60813656,
3772348534,-11.60033738,
3772948494,-11.59281689,
3773548454,-11.59180968,
3774148414,-11.58354752,
3774748374,-11.5775931,
3775348334,-11.57537662,
3775948294,-11.57259113,
3776548254,-11.56487028,
3777148214,-11.56228954,
3777748174,-11.55625939,
3778348134,-11.55355744,
3778948094,-11.5581715,
3779548054,-11.55382413,
3780148014,-11.5395457,
3780747974,-11.53542355,
3781347934,-11.5367899,
3781947894,-11.52966075,
3782547854,-11.52418451,
3783147814,-11.51976499,
3783747774,-11.52110366,
3784347734,-11.51582746,
3784947694,-11.5166952,
3785547654,-11.51059246,
3786147614,-11.50806628,
3786747574,-11.50527964,
3787347534,-11.50195521,
3787947494,-11.50195242,
3788547454,-11.49930825,
3789147414,-11.49700582,
3789747374,-11.49493088,
3790347334,-11.48958642,
3790947294,-11.49147373,
3791547254,-11.48839672,
3792147214,-11.48879506,
3792747174,-11.48408652,
3793347134,-11.48450473,
3793947094,-11.48271044,
3794547054,-11.48283031,
3795147014,-11.48195173,
3795746974,-11.48160919,
3796346934,-11.47937876,
3796946894,-11.48092621,
3797546854,-11.4806706,
3798146814,-11.47987089,
3798746774,-11.47969244,
3799346734,-11.47961573,
3799946694,-11.48036019,
3800546654,-11.47892883,
3801146614,-11.47980336,
3801746574,-11.48083139,
3802346534,-11.4812493,
3802946494,-11.48175231,
3803546454,-11.48293579,
3804146414,-11.48340201,
3804746374,-11.48412126,
3805346334,-11.48569338,
3805946294,-11.48695781,
3806546254,-11.48818315,
3807146214,-11.49003983,
3807746174,-11.49107579,
3808346134,-11.49280498,
3808946094,-11.49453018,
3809546054,-11.49646393,
3810146014,-11.49823428,
3810745974,-11.50048273,
3811345934,-11.50232372,
3811945894,-11.50448444,
3812545854,-11.50715502,
3813145814,-11.50986387,
3813745774,-11.51142766,
3814345734,-11.5126883,
3814945694,-11.51690479,
3815545654,-11.51979443,
3816145614,-11.52139588,
3816745574,-11.52504861,
3817345534,-11.52686142,
3817945494,-11.53145057,
3818545454,-11.53447531,
3819145414,-11.53594733,
3819745374,-11.53958297,
3820345334,-11.54549019,
3820945294,-11.54681226,
3821545254,-11.55055022,
3822145214,-11.55387343,
3822745174,-11.55667317,
3823345134,-11.56194949,
3823945094,-11.56543715,
3824545054,-11.57034859,
3825145014,-11.57217755,
3825744974,-11.57628572,
3826344934,-11.57939396,
3826944894,-11.58385005,
3827544854,-11.58864905,
3828144814,-11.59365599,
3828744774,-11.60266935,
3829344734,-11.60514865,
3829944694,-11.61188338,
3830544654,-11.61248882,
3831144614,-11.61718495,
3831744574,-11.62088886,
3832344534,-11.62549154,
3832944494,-11.6270542,
3833544454,-11.63449201,
3834144414,-11.6394796,
3834744374,-11.64423308,
3835344334,-11.64919515,
3835944294,-11.65226091,
3836544254,-11.65856139,
3837144214,-11.66540418,
3837744174,-11.66758841,
3838344134,-11.67450314,
3838944094,-11.67614787,
3839544054,-11.68010436,
3840144014,-11.68510605,
3840743974,-11.6943161,
3841343934,-11.69898047,
3841943894,-11.70473676,
3842543854,-11.70769117,
3843143814,-11.71441754,
3843743774,-11.72193003,
3844343734,-11.72636955,
3844943694,-11.72794333,
3845543654,-11.73920689,
3846143614,-11.74070714,
3846743574,-11.74798245,
3847343533,-11.75376579,
3847943493,-11.7591019,
3848543453,-11.76802398,
3849143413,-11.77466653,
3849743373,-11.77855196,
3850343333,-11.78594027,
3850943293,-11.79162506,
3851543253,-11.79987048,
3852143213,-11.80576688,
3852743173,-11.8111407,
3853343133,-11.81791007,
3853943093,-11.8211169,
3854543053,-11.82705409,
3855143013,-11.83730411,
3855742973,-11.84156981,
3856342933,-11.84833069,
3856942893,-11.85805658,
3857542853,-11.86693763,
3858142813,-11.87099815,
3858742773,-11.87823159,
3859342733,-11.88220687,
3859942693,-11.89331734,
3860542653,-11.90013284,
3861142613,-11.90810496,
3861742573,-11.91594693,
3862342533,-11.92634528,
3862942493,-11.93120513,
3863542453,-11.93816217,
3864142413,-11.94531561,
3864742373,-11.95061717,
3865342333,-11.96017259,
3865942293,-11.9661739,
3866542253,-11.97621849,
3867142213,-11.98856025,
3867742173,-11.99643942,
3868342133,-12.00425254,
3868942093,-12.01438585,
3869542053,-12.02509023,
3870142013,-12.02981664,
3870741973,-12.04146816,
3871341933,-12.05081655,
3871941893,-12.06329281,
3872541853,-12.06745835,
3873141813,-12.0790698,
3873741773,-12.08721577,
3874341733,-12.09858425,
3874941693,-12.10756434,
3875541653,-12.12329273,
3876141613,-12.13006589,
3876741573,-12.1408579,
3877341533,-12.15154717,
3877941493,-12.16484341,
3878541453,-12.17155213,
3879141413,-12.1860519,
3879741373,-12.19582383,
3880341333,-12.20948934,
3880941293,-12.21970584,
3881541253,-12.23141434,
3882141213,-12.23704491,
3882741173,-12.25521531,
3883341133,-12.26619121,
3883941093,-12.28073562,
3884541053,-12.29029968,
3885141013,-12.30025538,
3885740973,-12.31595177,
3886340933,-12.32680285,
3886940893,-12.33958833,
3887540853,-12.35607975,
3888140813,-12.3740812,
3888740773,-12.38026084,
3889340733,-12.39822544,
3889940693,-12.41032768,
3890540653,-12.42497089,
3891140613,-12.43161631,
3891740573,-12.45073971,
3892340533,-12.46468587,
3892940493,-12.47610948,
3893540453,-12.49402422,
3894140413,-12.50650092,
3894740373,-12.51774254,
3895340333,-12.53331834,
3895940293,-12.55227207,
3896540253,-12.5632942,
3897140213,-12.57800134,
3897740173,-12.59116539,
3898340133,-12.60633397,
3898940093,-12.61808486,
3899540053,-12.63314059,
3900140013,-12.64925557,
3900739973,-12.66429351,
3901339933,-12.68068004,
3901939893,-12.69677494,
3902539853,-12.71264152,
3903139813,-12.72472259,
3903739773,-12.74249003,
3904339733,-12.75713509,
3904939693,-12.77318103,
3905539653,-12.78982296,
3906139613,-12.80472565,
3906739573,-12.82026412,
3907339533,-12.83483987,
3907939493,-12.85467856,
3908539453,-12.87007737,
3909139413,-12.8830342,
3909739373,-12.90181637,
3910339333,-12.91564249,
3910939293,-12.93618493,
3911539253,-12.95276121,
3912139213,-12.96714006,
3912739173,-12.98494007,
3913339133,-12.99998887,
3913939093,-13.01769108,
3914539053,-13.03401977,
3915139013,-13.04820883,
3915738973,-13.06496795,
3916338933,-13.08184767,
3916938893,-13.10188415,
3917538853,-13.11599665,
3918138813,-13.13343542,
3918738773,-13.14994179,
3919338733,-13.16544339,
3919938693,-13.18260148,
3920538653,-13.19884729,
3921138613,-13.21644702,
3921738573,-13.23340314,
3922338533,-13.25005954,
3922938493,-13.26404318,
3923538453,-13.28088833,
3924138413,-13.29673424,
3924738373,-13.31447977,
3925338333,-13.33047087,
3925938293,-13.34715428,
3926538253,-13.36235926,
3927138213,-13.37965113,
3927738173,-13.3960803,
3928338133,-13.41038905,
3928938093,-13.4276193,
3929538053,-13.44268473,
3930138013,-13.45942979,
3930737973,-13.47420606,
3931337933,-13.49077931,
3931937893,-13.50586012,
3932537853,-13.52154396,
3933137813,-13.53714479,
3933737773,-13.55255871,
3934337733,-13.5683032,
3934937693,-13.58268314,
3935537653,-13.59942766,
3936137613,-13.61306353,
3936737573,-13.62811919,
3937337533,-13.64290806,
3937937493,-13.65696668,
3938537453,-13.67042434,
3939137413,-13.68673017,
3939737373,-13.69912466,
3940337333,-13.71370972,
3940937293,-13.72755173,
3941537253,-13.73981053,
3942137213,-13.75466564,
3942737173,-13.7687872,
3943337133,-13.77980176,
3943937093,-13.79607967,
3944537053,-13.80676613,
3945137013,-13.82180731,
3945736973,-13.83433708,
3946336933,-13.84592508,
3946936893,-13.85435486,
3947536853,-13.87193001,
3948136813,-13.88389092,
3948736773,-13.89769928,
3949336733,-13.91017707,
3949936693,-13.91742605,
3950536653,-13.93037872,
3951136613,-13.943604,
3951736573,-13.95388969,
3952336533,-13.96325173,
3952936493,-13.97324543,
3953536453,-13.98511311,
3954136413,-13.99622002,
3954736373,-14.00748938,
3955336333,-14.01635127,
3955936293,-14.02376488,
3956536253,-14.03613231,
3957136213,-14.0440545,
3957736173,-14.05889622,
3958336133,-14.06317005,
3958936093,-14.07366417,
3959536053,-14.08298738,
3960136013,-14.09047936,
3960735973,-14.10017873,
3961335933,-14.1065523,
3961935893,-14.11409392,
3962535853,-14.12287807,
3963135813,-14.12987537,
3963735773,-14.14076296,
3964335733,-14.14251437,
3964935693,-14.15240193,
3965535653,-14.15833729,
3966135613,-14.16529272,
3966735573,-14.17191489,
3967335533,-14.17846901,
3967935493,-14.18455993,
3968535453,-14.19029725,
3969135413,-14.19540287,
3969735373,-14.20087604,
3970335333,-14.20480266,
3970935293,-14.21184776,
3971535253,-14.21413159,
3972135213,-14.22215732,
3972735173,-14.22869976,
3973335133,-14.23103356,
3973935093,-14.23738416,
3974535053,-14.24019645,
3975135013,-14.24028923,
3975734973,-14.24734501,
3976334933,-14.24999166,
3976934893,-14.25311965,
3977534853,-14.25632267,
3978134813,-14.25937455,
3978734773,-14.25980713,
3979334733,-14.26483895,
3979934693,-14.26677067,
3980534653,-14.26914502,
3981134613,-14.26741686,
3981734573,-14.27004833,
3982334533,-14.27158865,
3982934493,-14.27258521,
3983534453,-14.27688144,
3984134413,-14.27607086,
3984734373,-14.27789176,
3985334333,-14.2803327,
3985934293,-14.27720699,
3986534253,-14.27661988,
3987134213,-14.27957208,
3987734173,-14.27552051,
3988334133,-14.27565379,
3988934093,-14.27732517,
3989534053,-14.27458223,
3990134013,-14.27426349,
3990733973,-14.27345717,
3991333933,-14.27284083,
3991933893,-14.26892746,
3992533853,-14.26827671,
3993133813,-14.26543697,
3993733773,-14.26226775,
3994333733,-14.26076191,
3994933693,-14.25973006,
3995533653,-14.25491934,
3996133613,-14.25259409,
3996733573,-14.24964288,
3997333533,-14.24748041,
3997933493,-14.24517802,
3998533453,-14.25349136,
3999133413,-14.24988438,
3999733373,-14.24579283,
4000333333,-14.23631097,
4000933293,-14.2312898,
4001533253,-14.22469329,
4002133212,-14.21649536,
4002733172,-14.21606043,
4003333132,-14.20934282,
4003933092,-14.20616705,
4004533052,-14.19854807,
4005133012,-14.19677146,
4005732972,-14.19147524,
4006332932,-14.18626014,
4006932892,-14.18439216,
4007532852,-14.1756796,
4008132812,-14.1663603,
4008732772,-14.16363295,
4009332732,-14.15603233,
4009932692,-14.15066983,
4010532652,-14.1441128,
4011132612,-14.13924187,
4011732572,-14.13728723,
4012332532,-14.13204873,
4012932492,-14.12944827,
4013532452,-14.11801085,
4014132412,-14.11062718,
4014732372,-14.10448317,
4015332332,-14.09654886,
4015932292,-14.09348287,
4016532252,-14.09024343,
4017132212,-14.07728655,
4017732172,-14.07078812,
4018332132,-14.06865791,
4018932092,-14.05593875,
4019532052,-14.04970644,
4020132012,-14.04539726,
4020731972,-14.03930246,
4021331932,-14.02919557,
4021931892,-14.02349511,
4022531852,-14.01707091,
4023131812,-14.01185789,
4023731772,-13.99882065,
4024331732,-13.99376935,
4024931692,-13.9936828,
4025531652,-13.98242318,
4026131612,-13.97018454,
4026731572,-13.96375945,
4027331532,-13.9545202,
4027931492,-13.94747512,
4028531452,-13.94536891,
4029131412,-13.93387798,
4029731372,-13.92611494,
4030331332,-13.9153494,
4030931292,-13.9056876,
4031531252,-13.89885983,
4032131212,-13.89911715,
4032731172,-13.89082624,
4033331132,-13.88296367,
4033931092,-13.87093779,
4034531052,-13.86617087,
4035131012,-13.85441783,
4035730972,-13.85122591,
4036330932,-13.84294957,
4036930892,-13.83364227,
4037530852,-13.82720941,
4038130812,-13.81945173,
4038730772,-13.81797414,
4039330732,-13.80481279,
4039930692,-13.79805026,
4040530652,-13.78885223,
4041130612,-13.78257315,
4041730572,-13.77585783,
4042330532,-13.76740629,
4042930492,-13.76203848,
4043530452,-13.75340304,
4044130412,-13.74123711,
4044730372,-13.74241218,
4045330332,-13.7315135,
4045930292,-13.72294413,
4046530252,-13.71498216,
4047130212,-13.70991368,
4047730172,-13.70454804,
4048330132,-13.69822795,
4048930092,-13.69418808,
4049530052,-13.6837906,
4050130012,-13.67693093,
4050729972,-13.66432143,
4051329932,-13.6555224,
4051929892,-13.65283281,
4052529852,-13.64741844,
4053129812,-13.64480205,
4053729772,-13.63054192,
4054329732,-13.62071201,
4054929692,-13.61911432,
4055529652,-13.61493849,
4056129612,-13.60710984,
4056729572,-13.60276512,
4057329532,-13.59346167,
4057929492,-13.59126169,
4058529452,-13.58451828,
4059129412,-13.57609882,
4059729372,-13.57387949,
4060329332,-13.55814675,
4060929292,-13.5504061,
4061529252,-13.54569221,
4062129212,-13.53973218,
4062729172,-13.53140516,
4063329132,-13.52795525,
4063929092,-13.52267935,
4064529052,-13.51738025,
4065129012,-13.51140571,
4065728972,-13.50500702,
4066328932,-13.50044599,
4066928892,-13.49472385,
4067528852,-13.4885982,
4068128812,-13.48287513,
4068728772,-13.47774167,
4069328732,-13.47136351,
4069928692,-13.4667488,
4070528652,-13.46264854,
4071128612,-13.45654027,
4071728572,-13.45074146,
4072328532,-13.44595347,
4072928492,-13.43980385,
4073528452,-13.43615519,
4074128412,-13.43217871,
4074728372,-13.42670605,
4075328332,-13.42137862,
4075928292,-13.41667614,
4076528252,-13.41183816,
4077128212,-13.40711204,
4077728172,-13.4019547,
4078328132,-13.39782991,
4078928092,-13.39337383,
4079528052,-13.39014865,
4080128012,-13.38455577,
4080727972,-13.37991328,
4081327932,-13.37489841,
4081927892,-13.37139021,
4082527852,-13.36615168,
4083127812,-13.36339387,
4083727772,-13.35924555,
4084327732,-13.35562122,
4084927692,-13.35036641,
4085527652,-13.3463141,
4086127612,-13.34259189,
4086727572,-13.33887793,
4087327532,-13.33522943,
4087927492,-13.33174714,
4088527452,-13.32836755,
4089127412,-13.32407315,
4089727372,-13.32058318,
4090327332,-13.31816259,
4090927292,-13.31101364,
4091527252,-13.31067879,
4092127212,-13.30566811,
4092727172,-13.30441163,
4093327132,-13.30119267,
4093927092,-13.29748311,
4094527052,-13.29520792,
4095127012,-13.29329042,
4095726972,-13.28875686,
4096326932,-13.28435037,
4096926892,-13.28292799,
4097526852,-13.28138485,
4098126812,-13.27763492,
4098726772,-13.27611945,
4099326732,-13.27250706,
4099926692,-13.27141008,
4100526652,-13.26273842,
4101126612,-13.25972255,
4101726572,-13.26211782,
4102326532,-13.25664284,
4102926492,-13.25904007,
4103526452,-13.25373238,
4104126412,-13.24735948,
4104726372,-13.24729726,
4105326332,-13.2525914,
4105926292,-13.25428857,
4106526252,-13.23702042,
4107126212,-13.2466568,
4107726172,-13.23964061,
4108326132,-13.24623303,
4108926092,-13.2431825,
4109526052,-13.23992068,
4110126012,-13.24412576,
4110725972,-13.24465776,
4111325932,-13.2405273,
4111925892,-13.2392308,
4112525852,-13.24522753,
4113125812,-13.23680997,
4113725772,-13.24156085,
4114325732,-13.2389706,
4114925692,-13.23684825,
4115525652,-13.23994731,
4116125612,-13.23678716,
4116725572,-13.23929398,
4117325532,-13.2358657,
4117925492,-13.24449787,
4118525452,-13.23782041,
4119125412,-13.23777293,
4119725372,-13.23918216,
4120325332,-13.25101659,
4120925292,-13.24543125,
4121525252,-13.24549209,
4122125212,-13.24946234,
4122725172,-13.25498693,
4123325132,-13.25411612,
4123925092,-13.25753916,
4124525052,-13.2608418,
4125125012,-13.26548407,
4125724972,-13.26647582,
4126324932,-13.27100029,
4126924892,-13.27066529,
4127524852,-13.28126883,
4128124812,-13.28144826,
4128724772,-13.28589989,
4129324732,-13.28596132,
4129924692,-13.28884189,
4130524652,-13.29961352,
4131124612,-13.30877244,
4131724572,-13.30577572,
4132324532,-13.31663246,
4132924492,-13.31781911,
4133524452,-13.3291869,
4134124412,-13.33343794,
4134724372,-13.33690024,
4135324332,-13.34598171,
4135924292,-13.35490748,
4136524252,-13.35785736,
4137124212,-13.36877449,
4137724172,-13.37729533,
4138324132,-13.38957912,
4138924092,-13.39404448,
4139524052,-13.399152,
4140124012,-13.40991178,
4140723972,-13.42308447,
4141323932,-13.42693327,
4141923892,-13.43829523,
4142523852,-13.44843232,
4143123812,-13.45916033,
4143723772,-13.47128906,
4144323732,-13.47923693,
4144923692,-13.48930147,
4145523652,-13.50686411,
4146123612,-13.51285194,
4146723572,-13.52998303,
4147323532,-13.53924172,
4147923492,-13.55042584,
4148523452,-13.56255354,
4149123412,-13.57747008,
4149723372,-13.58863564,
4150323332,-13.60713409,
4150923292,-13.61526914,
4151523252,-13.63299052,
4152123212,-13.64757424,
4152723172,-13.66153963,
4153323132,-13.67547333,
4153923092,-13.68999643,
4154523052,-13.70640092,
4155123012,-13.72034771,
4155722971,-13.73861898,
4156322931,-13.75600222,
4156922891,-13.77046473,
4157522851,-13.78966123,
4158122811,-13.80604633,
4158722771,-13.82023924,
4159322731,-13.83937311,
4159922691,-13.85320229,
4160522651,-13.87178786,
4161122611,-13.89049755,
4161722571,-13.91494538,
4162322531,-13.93040535,
4162922491,-13.94910042,
4163522451,-13.96977299,
4164122411,-13.98971594,
4164722371,-14.00900284,
4165322331,-14.03243081,
4165922291,-14.05160066,
4166522251,-14.06936375,
4167122211,-14.08650575,
4167722171,-14.10981744,
4168322131,-14.13296142,
4168922091,-14.15239836,
4169522051,-14.17129115,
4170122011,-14.19513624,
4170721971,-14.21613976,
4171321931,-14.23675664,
4171921891,-14.255765,
4172521851,-14.28971932,
4173121811,-14.29503912,
4173721771,-14.32110159,
4174321731,-14.34728727,
4174921691,-14.37685931,
4175521651,-14.39745727,
4176121611,-14.41897982,
4176721571,-14.44054185,
4177321531,-14.46813424,
4177921491,-14.48674982,
4178521451,-14.51029537,
4179121411,-14.54356995,
4179721371,-14.56051631,
4180321331,-14.58705816,
4180921291,-14.61250016,
4181521251,-14.63749671,
4182121211,-14.6546967,
4182721171,-14.68107284,
4183321131,-14.70521755,
4183921091,-14.73001617,
4184521051,-14.74983939,
4185121011,-14.77879934,
4185720971,-14.80386724,
4186320931,-14.83000052,
4186920891,-14.85089504,
4187520851,-14.87068834,
4188120811,-14.8958538,
4188720771,-14.92089524,
4189320731,-14.94766407,
4189920691,-14.97095458,
4190520651,-14.9961991,
4191120611,-15.0209176,
4191720571,-15.04525152,
4192320531,-15.06772855,
4192920491,-15.09388313,
4193520451,-15.11553389,
4194120411,-15.1420646,
4194720371,-15.16268502,
4195320331,-15.18801489,
4195920291,-15.20849396,
4196520251,-15.23378058,
4197120211,-15.26094039,
4197720171,-15.28390597,
4198320131,-15.30597856,
4198920091,-15.32952675,
4199520051,-15.35122553,
4200120011,-15.37450211,
4200719971,-15.39881449,
4201319931,-15.42230862,
4201919891,-15.44258244,
4202519851,-15.46699566,
4203119811,-15.4898564,
4203719771,-15.51120815,
4204319731,-15.53346896,
4204919691,-15.55567186,
4205519651,-15.5780534,
4206119611,-15.60006337,
4206719571,-15.61886524,
4207319531,-15.64303653,
4207919491,-15.66172574,
4208519451,-15.68202123,
4209119411,-15.70319279,
4209719371,-15.72563897,
4210319331,-15.74446522,
4210919291,-15.76356057,
4211519251,-15.78460358,
4212119211,-15.88301552,
4212719171,-15.82317948,
4213319131,-15.84310723,
4213919091,-15.86361092,
4214519051,-15.8809221,
4215119011,-15.90110055,
4215718971,-15.91815676,
4216318931,-15.9380185,
4216918891,-15.95534179,
4217518851,-15.97230255,
4218118811,-15.99003165,
4218718771,-16.00782359,
4219318731,-16.02420828,
4219918691,-16.03956753,
4220518651,-16.05668469,
4221118611,-16.07507617,
4221718571,-16.09087192,
4222318531,-16.1067324,
4222918491,-16.1206353,
4223518451,-16.13623444,
4224118411,-16.15108278,
4224718371,-16.16404778,
4225318331,-16.18017661,
4225918291,-16.19626963,
4226518251,-16.21068295,
4227118211,-16.22298195,
4227718171,-16.23699783,
4228318131,-16.24796364,
4228918091,-16.26109925,
4229518051,-16.27629221,
4230118011,-16.28028323,
4230717971,-16.29104859,
4231317931,-16.30853532,
4231917891,-16.32022655,
4232517851,-16.33050165,
4233117811,-16.33978762,
4233717771,-16.35065003,
4234317731,-16.36251863,
4234917691,-16.36783405,
4235517651,-16.38038645,
4236117611,-16.38922088,
4236717571,-16.40267962,
4237317531,-16.41170772,
4237917491,-16.41716848,
4238517451,-16.42631636,
4239117411,-16.43660503,
4239717371,-16.43714209,
4240317331,-16.45622713,
4240917291,-16.45325166,
4241517251,-16.45724156,
4242117211,-16.46370875,
4242717171,-16.47527477,
4243317131,-16.47937465,
4243917091,-16.48259156,
4244517051,-16.48583828,
4245117011,-16.48917141,
4245716971,-16.49337987,
4246316931,-16.50199018,
4246916891,-16.50697704,
4247516851,-16.50865449,
4248116811,-16.52183221,
4248716771,-16.51693322,
4249316731,-16.52761285,
4249916691,-16.52576967,
4250516651,-16.53050616,
4251116611,-16.52478882,
4251716571,-16.5281856,
4252316531,-16.52912633,
4252916491,-16.5344343,
4253516451,-16.52639841,
4254116411,-16.53427243,
4254716371,-16.53224193,
4255316331,-16.52721269,
4255916291,-16.53024981,
4256516251,-16.52852298,
4257116211,-16.53080045,
4257716171,-16.52779364,
4258316131,-16.52035243,
4258916091,-16.51746544,
4259516051,-16.5186925,
4260116011,-16.50919937,
4260715971,-16.50972439,
4261315931,-16.50583827,
4261915891,-16.49992581,
4262515851,-16.4986878,
4263115811,-16.49975686,
4263715771,-16.49397968,
4264315731,-16.48207582,
4264915691,-16.48070809,
4265515651,-16.47264369,
4266115611,-16.47096249,
4266715571,-16.45877121,
4267315531,-16.46051764,
4267915491,-16.45050504,
4268515451,-16.44772399,
4269115411,-16.43749239,
4269715371,-16.43053094,
4270315331,-16.42125584,
4270915291,-16.40915653,
4271515251,-16.40348967,
4272115211,-16.40108284,
4272715171,-16.38486472,
4273315131,-16.3833902,
4273915091,-16.37288328,
4274515051,-16.36192822,
4275115011,-16.34887325,
4275714971,-16.34181292,
4276314931,-16.33470795,
4276914891,-16.31806211,
4277514851,-16.31390193,
4278114811,-16.30494376,
4278714771,-16.29510234,
4279314731,-16.28079285,
4279914691,-16.26382121,
4280514651,-16.25363143,
4281114611,-16.24613232,
4281714571,-16.23265203,
4282314531,-16.22002381,
4282914491,-16.20538547,
4283514451,-16.19695651,
4284114411,-16.18340785,
4284714371,-16.17007023,
4285314331,-16.15261164,
4285914291,-16.14649583,
4286514251,-16.13505793,
4287114211,-16.11965686,
4287714171,-16.10072234,
4288314131,-16.08994085,
4288914091,-16.07605489,
4289514051,-16.06115908,
4290114011,-16.05014045,
4290713971,-16.03604614,
4291313931,-16.02300764,
4291913891,-16.00660784,
4292513851,-15.99077715,
4293113811,-15.97446595,
4293713771,-15.96115772,
4294313731,-15.94412011,
4294913691,-15.9275963,
4295513651,-15.91472691,
4296113611,-15.9002082,
4296713571,-15.87955842,
4297313531,-15.86351926,
4297913491,-15.84829003,
4298513451,-15.83123104,
4299113411,-15.81478306,
4299713371,-15.80490532,
4300313331,-15.78259841,
4300913291,-15.7624634,
4301513251,-15.74771873,
4302113211,-15.73258791,
4302713171,-15.70550987,
4303313131,-15.69420736,
4303913091,-15.68342073,
4304513051,-15.66301465,
4305113011,-15.65126487,
4305712971,-15.63877406,
4306312931,-15.61753928,
4306912891,-15.60050839,
4307512851,-15.58394171,
4308112811,-15.56091481,
4308712771,-15.55310502,
4309312730,-15.53395923,
4309912690,-15.51250697,
4310512650,-15.50072392,
4311112610,-15.48605148,
4311712570,-15.4541212,
4312312530,-15.43313549,
4312912490,-15.42706628,
4313512450,-15.41168114,
4314112410,-15.3970878,
4314712370,-15.37114262,
4315312330,-15.3544184,
4315912290,-15.33383464,
4316512250,-15.3215255,
4317112210,-15.30913333,
4317712170,-15.28712525,
4318312130,-15.27353119,
4318912090,-15.2478977,
4319512050,-15.22564104,
4320112010,-15.22174804,
4320711970,-15.19690008,
4321311930,-15.18839839,
4321911890,-15.16800235,
4322511850,-15.15480906,
4323111810,-15.13322717,
4323711770,-15.11320682,
4324311730,-15.10439892,
4324911690,-15.08435369,
4325511650,-15.07232835,
4326111610,-15.05293104,
4326711570,-15.03335761,
4327311530,-15.02020883,
4327911490,-15.00343308,
4328511450,-14.98205019,
4329111410,-14.97247043,
4329711370,-14.95327867,
4330311330,-14.93549862,
4330911290,-14.91824404,
4331511250,-14.90187394,
4332111210,-14.8942289,
4332711170,-14.87124589,
4333311130,-14.85773304,
4333911090,-14.84040026,
4334511050,-14.822867,
4335111010,-14.80721166,
4335710970,-14.79929251,
4336310930,-14.78073355,
4336910890,-14.76336059,
4337510850,-14.75350477,
4338110810,-14.74045012,
4338710770,-14.7222066,
4339310730,-14.70414346,
4339910690,-14.68761228,
4340510650,-14.67724267,
4341110610,-14.66638839,
4341710570,-14.6443591,
4342310530,-14.63295238,
4342910490,-14.62134935,
4343510450,-14.60880573,
4344110410,-14.59811711,
4344710370,-14.57906032,
4345310330,-14.56545194,
4345910290,-14.55158501,
4346510250,-14.53750266,
4347110210,-14.52061796,
4347710170,-14.5071067,
4348310130,-14.49648563,
4348910090,-14.48634373,
4349510050,-14.47334595,
4350110010,-14.458401,
4350709970,-14.44480175,
4351309930,-14.43551439,
4351909890,-14.42168564,
4352509850,-14.41418274,
4353109810,-14.3983997,
4353709770,-14.3869989,
4354309730,-14.37586622,
4354909690,-14.36110251,
4355509650,-14.34962198,
4356109610,-14.34229332,
4356709570,-14.32779346,
4357309530,-14.31662444,
4357909490,-14.30610847,
4358509450,-14.29505274,
4359109410,-14.28435993,
4359709370,-14.27414006,
4360309330,-14.26439373,
4360909290,-14.25441743,
4361509250,-14.24433723,
4362109210,-14.23371188,
4362709170,-14.22433776,
4363309130,-14.21374864,
4363909090,-14.20264108,
4364509050,-14.19410143,
4365109010,-14.18435577,
4365708970,-14.17518617,
4366308930,-14.16571135,
4366908890,-14.15691382,
4367508850,-14.14904256,
4368108810,-14.13888724,
4368708770,-14.1283287,
4369308730,-14.12001049,
4369908690,-14.11212107,
4370508650,-14.10334571,
4371108610,-14.09572934,
4371708570,-14.08686989,
4372308530,-14.08088173,
4372908490,-14.07036489,
4373508450,-14.06392465,
4374108410,-14.05421393,
4374708370,-14.04691571,
4375308330,-14.04273129,
4375908290,-14.03364822,
4376508250,-14.02835241,
4377108210,-14.01793097,
4377708170,-14.01374025,
4378308130,-14.00884633,
4378908090,-14.00027761,
4379508050,-13.99394956,
4380108010,-13.98513182,
4380707970,-13.98312486,
4381307930,-13.97661691,
4381907890,-13.97001673,
4382507850,-13.96521735,
4383107810,-13.95946524,
4383707770,-13.95732056,
4384307730,-13.95062098,
4384907690,-13.94271357,
4385507650,-13.9367378,
4386107610,-13.93631482,
4386707570,-13.93115269,
4387307530,-13.92369856,
4387907490,-13.922408,
4388507450,-13.92046354,
4389107410,-13.91694496,
4389707370,-13.91649649,
4390307330,-13.90779638,
4390907290,-13.90852098,
4391507250,-13.90308646,
4392107210,-13.90368831,
4392707170,-13.90037699,
4393307130,-13.89883379,
4393907090,-13.89577942,
4394507050,-13.89375059,
4395107010,-13.89524771,
4395706970,-13.8952243,
4396306930,-13.89464354,
4396906890,-13.89393427,
4397506850,-13.89237136,
4398106810,-13.89303801,
4398706770,-13.89397466,
4399306730,-13.89577753,
4399906690,-13.89620038,
4400506650,-13.89690788,
4401106610,-13.89580883,
4401706570,-13.90130383,
4402306530,-13.90413005,
4402906490,-13.90493654,
4403506450,-13.90719278,
4404106410,-13.90762577,
4404706370,-13.91290495,
4405306330,-13.92001728,
4405906290,-13.92127643,
4406506250,-13.92476776,
4407106210,-13.92677332,
4407706170,-13.93174501,
4408306130,-13.93053817,
4408906090,-13.94069736,
4409506050,-13.94868084,
4410106010,-13.95422986,
4410705970,-13.96349836,
4411305930,-13.96059794,
4411905890,-13.9765927,
4412505850,-13.98426183,
4413105810,-13.99542574,
4413705770,-13.99718114,
4414305730,-14.009023,
4414905690,-14.0131597,
4415505650,-14.0246345,
4416105610,-14.03551839,
4416705570,-14.04250571,
4417305530,-14.05258966,
4417905490,-14.06411866,
4418505450,-14.07629073,
4419105410,-14.08338184,
4419705370,-14.09289742,
4420305330,-14.10909667,
4420905290,-14.11802191,
4421505250,-14.1359185,
4422105210,-14.14276421,
4422705170,-14.15649245,
4423305130,-14.16827194,
4423905090,-14.17887942,
4424505050,-14.20102668,
4425105010,-14.21146058,
4425704970,-14.23043311,
4426304930,-14.23997494,
4426904890,-14.25972408,
4427504850,-14.2739714,
4428104810,-14.2870483,
4428704770,-14.30726269,
4429304730,-14.32161278,
4429904690,-14.3355488,
4430504650,-14.35543364,
4431104610,-14.37454551,
4431704570,-14.3909383,
4432304530,-14.40713927,
4432904490,-14.43214158,
4433504450,-14.44540848,
4434104410,-14.46701208,
4434704370,-14.4807239,
4435304330,-14.50256797,
4435904290,-14.52342935,
4436504250,-14.54131048,
4437104210,-14.56215207,
4437704170,-14.58313561,
4438304130,-14.60063656,
4438904090,-14.62220894,
4439504050,-14.64340158,
4440104010,-14.66266235,
4440703970,-14.68635051,
4441303930,-14.70916476,
4441903890,-14.72927727,
4442503850,-14.75153595,
4443103810,-14.77400123,
4443703770,-14.7936118,
4444303730,-14.81694712,
4444903690,-14.84099193,
4445503650,-14.86139337,
4446103610,-14.88549773,
4446703570,-14.90762892,
4447303530,-14.93152481,
4447903490,-14.95472494,
4448503450,-14.97438268,
4449103410,-15.0001681,
4449703370,-15.02391475,
4450303330,-15.04763812,
4450903290,-15.06965981,
4451503250,-15.09510508,
4452103210,-15.11708761,
4452703170,-15.14041956,
4453303130,-15.16416822,
4453903090,-15.1915085,
4454503050,-15.21320779,
4455103010,-15.23754226,
4455702970,-15.26038827,
4456302930,-15.28382802,
4456902890,-15.30979825,
4457502850,-15.33409186,
4458102810,-15.35964094,
4458702770,-15.38178368,
4459302730,-15.40547025,
4459902690,-15.43276575,
4460502650,-15.45325325,
4461102610,-15.47676452,
4461702570,-15.49945764,
4462302530,-15.52338169,
4462902489,-15.54776833,
4463502449,-15.57052189,
4464102409,-15.59334008,
4464702369,-15.61775982,
4465302329,-15.64078512,
4465902289,-15.66597263,
4466502249,-15.68766613,
4467102209,-15.71112547,
4467702169,-15.73370154,
4468302129,-15.75704391,
4468902089,-15.77901869,
4469502049,-15.80135611,
4470102009,-15.82438164,
4470701969,-15.84719458,
4471301929,-15.86873024,
4471901889,-15.89164997,
4472501849,-15.91232834,
4473101809,-15.93495935,
4473701769,-15.95641583,
4474301729,-15.9773277,
4474901689,-15.9982263,
4475501649,-16.01992191,
4476101609,-16.04006694,
4476701569,-16.06222544,
4477301529,-16.08239325,
4477901489,-16.10269004,
4478501449,-16.12437231,
4479101409,-16.14310102,
4479701369,-16.16345988,
4480301329,-16.18321039,
4480901289,-16.20270675,
4481501249,-16.22110202,
4482101209,-16.24009266,
4482701169,-16.26022201,
4483301129,-16.27894879,
4483901089,-16.29696454,
4484501049,-16.31599601,
4485101009,-16.33354297,
4485700969,-16.3514219,
4486300929,-16.36953292,
4486900889,-16.38702537,
4487500849,-16.40313498,
4488100809,-16.41902867,
4488700769,-16.43525667,
4489300729,-16.45255864,
4489900689,-16.46841857,
4490500649,-16.48506208,
4491100609,-16.50237798,
4491700569,-16.51606822,
4492300529,-16.53015591,
4492900489,-16.54558059,
4493500449,-16.56027393,
4494100409,-16.57571907,
4494700369,-16.59006347,
4495300329,-16.60284037,
4495900289,-16.61502898,
4496500249,-16.63043994,
4497100209,-16.64430993,
4497700169,-16.65571846,
4498300129,-16.66719717,
4498900089,-16.6803591,
4499500049,-16.69586028,
4500100009,-16.70500594,
4500699969,-16.71478479,
4501299929,-16.72333667,
4501899889,-16.73535431,
4502499849,-16.74540701,
4503099809,-16.7564378,
4503699769,-16.76725299,
4504299729,-16.7793049,
4504899689,-16.78671902,
4505499649,-16.79796544,
4506099609,-16.80660117,
4506699569,-16.81503098,
4507299529,-16.82211603,
4507899489,-16.82785391,
4508499449,-16.83752536,
4509099409,-16.84625425,
4509699369,-16.85270318,
4510299329,-16.8580336,
4510899289,-16.86752287,
4511499249,-16.87200864,
4512099209,-16.88259923,
4512699169,-16.88525431,
4513299129,-16.88733284,
4513899089,-16.89801756,
4514499049,-16.90147387,
4515099009,-16.90391171,
4515698969,-16.91299572,
4516298929,-16.91469272,
4516898889,-16.91755119,
4517498849,-16.92549941,
4518098809,-16.92589252,
4518698769,-16.93327482,
4519298729,-16.93134376,
4519898689,-16.93761643,
4520498649,-16.9391794,
4521098609,-16.94167298,
4521698569,-16.94173798,
4522298529,-16.9439335,
4522898489,-16.94245426,
4523498449,-16.9459,
4524098409,-16.94145424,
4524698369,-16.94519713,
4525298329,-16.94607325,
4525898289,-16.94429814,
4526498249,-16.94470719,
4527098209,-16.94543415,
4527698169,-16.94542739,
4528298129,-16.93953796,
4528898089,-16.94240599,
4529498049,-16.93834529,
4530098009,-16.93795323,
4530697969,-16.93638051,
4531297929,-16.93296511,
4531897889,-16.93136805,
4532497849,-16.92330114,
4533097809,-16.9267651,
4533697769,-16.91939351,
4534297729,-16.91587945,
4534897689,-16.91253852,
4535497649,-16.90609644,
4536097609,-16.9066468,
4536697569,-16.89830082,
4537297529,-16.89418515,
4537897489,-16.89157624,
4538497449,-16.88581703,
4539097409,-16.88304076,
4539697369,-16.87867488,
4540297329,-16.86757675,
4540897289,-16.86240986,
4541497249,-16.86156129,
4542097209,-16.85098169,
4542697169,-16.84518812,
4543297129,-16.83691336,
4543897089,-16.83253446,
4544497049,-16.83017987,
4545097009,-16.82613473,
4545696969,-16.81038586,
4546296929,-16.8077748,
4546896889,-16.79664187,
4547496849,-16.78891075,
4548096809,-16.78042414,
4548696769,-16.77922287,
4549296729,-16.76410173,
4549896689,-16.76046582,
4550496649,-16.75584218,
4551096609,-16.74275413,
4551696569,-16.73687245,
4552296529,-16.72678547,
4552896489,-16.71512218,
4553496449,-16.71910726,
4554096409,-16.69154007,
4554696369,-16.69135606,
4555296329,-16.68253074,
4555896289,-16.67580595,
4556496249,-16.66267596,
4557096209,-16.65715907,
4557696169,-16.64571943,
4558296129,-16.63350416,
4558896089,-16.62913278,
4559496049,-16.6138979,
4560096009,-16.6057164,
4560695969,-16.59912588,
4561295929,-16.58707403,
4561895889,-16.5748684,
4562495849,-16.56449799,
4563095809,-16.55624847,
4563695769,-16.54349923,
4564295729,-16.53286339,
4564895689,-16.53331315,
4565495649,-16.51739704,
4566095609,-16.51131065,
4566695569,-16.49503325,
4567295529,-16.47821337,
4567895489,-16.47607885,
4568495449,-16.46203,
4569095409,-16.44980789,
4569695369,-16.4409724,
4570295329,-16.42785346,
4570895289,-16.41737062,
4571495249,-16.41026976,
4572095209,-16.39966413,
4572695169,-16.38776399,
4573295129,-16.37585075,
4573895089,-16.36967369,
4574495049,-16.3599336,
4575095009,-16.35183015,
4575694969,-16.33263563,
4576294929,-16.32720141,
4576894889,-16.31584816,
4577494849,-16.3050331,
4578094809,-16.29356601,
4578694769,-16.27981145,
4579294729,-16.27528942,
4579894689,-16.26020564,
4580494649,-16.25577952,
4581094609,-16.24401204,
4581694569,-16.23074896,
4582294529,-16.22589799,
4582894489,-16.2113202,
4583494449,-16.19995287,
4584094409,-16.18892828,
4584694369,-16.17924094,
4585294329,-16.16660386,
4585894289,-16.15484949,
4586494249,-16.14796216,
4587094209,-16.13689969,
4587694169,-16.12860894,
4588294129,-16.11526204,
4588894089,-16.10727919,
4589494049,-16.09812552,
4590094009,-16.08822647,
4590693969,-16.07630954,
4591293929,-16.06698297,
4591893889,-16.05882651,
4592493849,-16.05134205,
4593093809,-16.04156356,
4593693769,-16.03193122,
4594293729,-16.0221925,
4594893689,-16.01358017,
4595493649,-16.00093213,
4596093609,-15.99153383,
4596693569,-15.98582747,
4597293529,-15.9740443,
4597893489,-15.96502596,
4598493449,-15.95635574,
4599093409,-15.95137953,
4599693369,-15.94318042,
4600293329,-15.9321558,
4600893289,-15.92768961,
4601493249,-15.91244103,
4602093209,-15.90929488,
4602693169,-15.89877793,
4603293129,-15.89293217,
4603893089,-15.88251371,
4604493049,-15.87461646,
4605093009,-15.86909454,
4605692969,-15.85819626,
4606292929,-15.85012536,
4606892889,-15.84463923,
4607492849,-15.83525086,
4608092809,-15.82809411,
4608692769,-15.82175647,
4609292729,-15.8119871,
4609892689,-15.80506172,
4610492649,-15.79596381,
4611092609,-15.7890838,
4611692569,-15.78407378,
4612292529,-15.77787781,
4612892489,-15.77145158,
4613492449,-15.7556178,
4614092409,-15.75756135,
4614692369,-15.7470159,
4615292329,-15.73954148,
4615892289,-15.73305267,
4616492248,-15.72603241,
4617092208,-15.72004825,
4617692168,-15.71000498,
4618292128,-15.70455694,
4618892088,-15.69839948,
4619492048,-15.6914966,
4620092008,-15.68428612,
4620691968,-15.67686409,
4621291928,-15.67184017,
4621891888,-15.66262284,
4622491848,-15.65703228,
4623091808,-15.64986264,
4623691768,-15.64207625,
4624291728,-15.63526631,
4624891688,-15.62885297,
4625491648,-15.62122529,
4626091608,-15.61471609,
4626691568,-15.60755479,
4627291528,-15.60128498,
4627891488,-15.59423234,
4628491448,-15.58769853,
4629091408,-15.57892688,
4629691368,-15.57280134,
4630291328,-15.56669428,
4630891288,-15.55904979,
4631491248,-15.55150101,
4632091208,-15.54427695,
4632691168,-15.53756829,
4633291128,-15.52802448,
4633891088,-15.52174247,
4634491048,-15.51569411,
4635091008,-15.507976,
4635690968,-15.49984557,
4636290928,-15.49238269,
4636890888,-15.48338055,
4637490848,-15.47838296,
4638090808,-15.47102121,
4638690768,-15.46192029,
4639290728,-15.45714753,
4639890688,-15.44673695,
4640490648,-15.43988188,
4641090608,-15.43316371,
4641690568,-15.42350749,
4642290528,-15.41683932,
4642890488,-15.40774436,
4643490448,-15.40168646,
4644090408,-15.39429512,
4644690368,-15.38767962,
4645290328,-15.37682967,
4645890288,-15.36962962,
4646490248,-15.36151142,
4647090208,-15.35205906,
4647690168,-15.34553599,
4648290128,-15.3389808,
4648890088,-15.33090036,
4649490048,-15.3211648,
4650090008,-15.3130236,
4650689968,-15.30712818,
4651289928,-15.29408598,
4651889888,-15.28849144,
4652489848,-15.27914297,
4653089808,-15.27227419,
4653689768,-15.26321728,
4654289728,-15.25007018,
4654889688,-15.24574584,
4655489648,-15.2364484,
4656089608,-15.22906658,
4656689568,-15.21847428,
4657289528,-15.21063835,
4657889488,-15.20058026,
4658489448,-15.19469774,
4659089408,-15.18793409,
4659689368,-15.17721286,
4660289328,-15.15905958,
4660889288,-15.15776186,
4661489248,-15.15211876,
4662089208,-15.14224566,
4662689168,-15.13484019,
4663289128,-15.12498764,
4663889088,-15.1139324,
4664489048,-15.11590742,
4665089008,-15.09938296,
4665688968,-15.08979663,
4666288928,-15.08540429,
4666888888,-15.07365107,
4667488848,-15.06827054,
4668088808,-15.06238727,
4668688768,-15.05535405,
4669288728,-15.04282182,
4669888688,-15.03828518,
4670488648,-15.03510777,
4671088608,-15.02168349,
4671688568,-15.01791904,
4672288528,-15.0059592,
4672888488,-15.00292418,
4673488448,-14.99787768,
4674088408,-14.98778747,
4674688368,-14.98356052,
4675288328,-14.96514852,
4675888288,-14.97051116,
4676488248,-14.9571619,
4677088208,-14.9541412,
4677688168,-14.94829578,
4678288128,-14.95160829,
4678888088,-14.93886197,
4679488048,-14.92974251,
4680088008,-14.92884777,
4680687968,-14.92342972,
4681287928,-14.91695704,
4681887888,-14.91420188,
4682487848,-14.90412277,
4683087808,-14.90274316,
4683687768,-14.90268737,
4684287728,-14.89338772,
4684887688,-14.88876229,
4685487648,-14.88289307,
4686087608,-14.8836457,
4686687568,-14.87786345,
4687287528,-14.87008196,
4687887488,-14.86508346,
4688487448,-14.86703543,
4689087408,-14.86171066,
4689687368,-14.86158673,
4690287328,-14.85132615,
4690887288,-14.85888004,
4691487248,-14.85640254,
4692087208,-14.85333884,
4692687168,-14.85418173,
4693287128,-14.85223228,
4693887088,-14.85154548,
4694487048,-14.85241237,
4695087008,-14.84579801,
4695686968,-14.84832174,
4696286928,-14.8497204,
4696886888,-14.84960844,
4697486848,-14.84891972,
4698086808,-14.85057047,
4698686768,-14.852583,
4699286728,-14.85714941,
4699886688,-14.85883956,
4700486648,-14.85867932,
4701086608,-14.8599107,
4701686568,-14.86371752,
4702286528,-14.86870444,
4702886488,-14.87363754,
4703486448,-14.87226872,
4704086408,-14.87865381,
4704686368,-14.88694982,
4705286328,-14.88845577,
4705886288,-14.89716879,
4706486248,-14.90303534,
4707086208,-14.90822626,
4707686168,-14.91347703,
4708286128,-14.91986267,
4708886088,-14.92520297,
4709486048,-14.93604611,
4710086008,-14.93927803,
4710685968,-14.94511732,
4711285928,-14.95376235,
4711885888,-14.96215137,
4712485848,-14.9721563,
4713085808,-14.98251628,
4713685768,-14.99355867,
4714285728,-15.00147152,
4714885688,-15.01065717,
4715485648,-15.02455092,
4716085608,-15.02887841,
4716685568,-15.04202009,
4717285528,-15.05178447,
4717885488,-15.0615937,
4718485448,-15.07313212,
4719085408,-15.08826566,
4719685368,-15.10333591,
4720285328,-15.10970929,
4720885288,-15.12520835,
4721485248,-15.13664654,
4722085208,-15.15065557,
4722685168,-15.16257564,
4723285128,-15.17496608,
4723885088,-15.19021352,
4724485048,-15.2033217,
4725085008,-15.21846772,
4725684968,-15.23246348,
4726284928,-15.24852051,
4726884888,-15.26088873,
4727484848,-15.27535592,
4728084808,-15.29176587,
4728684768,-15.30911284,
4729284728,-15.32095693,
4729884688,-15.33960954,
4730484648,-15.35584912,
4731084608,-15.36994871,
4731684568,-15.38828241,
4732284528,-15.40283585,
4732884488,-15.42121033,
4733484448,-15.43845364,
4734084408,-15.4565475,
4734684368,-15.4716226,
4735284328,-15.49107945,
4735884288,-15.50799881,
4736484248,-15.52533181,
4737084208,-15.54403622,
4737684168,-15.56116921,
4738284128,-15.57988038,
4738884088,-15.59782675,
4739484048,-15.61474915,
4740084008,-15.63346649,
4740683968,-15.65183272,
4741283928,-15.67042663,
4741883888,-15.69018981,
4742483848,-15.70806708,
4743083808,-15.72624896,
4743683768,-15.7459909,
4744283728,-15.76462902,
4744883688,-15.78420429,
4745483648,-15.80302598,
4746083608,-15.82270335,
4746683568,-15.84286003,
4747283528,-15.86083248,
4747883488,-15.88091702,
4748483448,-15.89970413,
4749083408,-15.91872988,
4749683368,-15.94061919,
4750283328,-15.95896156,
4750883288,-15.97839389,
4751483248,-15.99763155,
4752083208,-16.01780939,
4752683168,-16.0359825,
4753283128,-16.05784495,
4753883088,-16.07692473,
4754483048,-16.09707964,
4755083008,-16.11690602,
4755682968,-16.13616906,
4756282928,-16.15547482,
4756882888,-16.17727195,
4757482848,-16.19728637,
4758082808,-16.21260949,
4758682768,-16.23590308,
4759282728,-16.25506199,
4759882688,-16.2750257,
4760482648,-16.29108619,
4761082608,-16.3143566,
4761682568,-16.3363017,
4762282528,-16.35160803,
4762882488,-16.36783253,
4763482448,-16.39074533,
4764082408,-16.41008416,
4764682368,-16.42759622,
4765282328,-16.44786623,
4765882288,-16.46940358,
4766482248,-16.48749672,
4767082208,-16.50293268,
4767682168,-16.52349376,
4768282128,-16.54728491,
4768882088,-16.55694551,
4769482048,-16.58047136,
4770082008,-16.59706867,
4770681967,-16.61878194,
4771281927,-16.63602386,
4771881887,-16.64779624,
4772481847,-16.66632688,
4773081807,-16.69245495,
4773681767,-16.70563505,
4774281727,-16.72228205,
4774881687,-16.7454489,
4775481647,-16.76354024,
4776081607,-16.7808934,
4776681567,-16.79621385,
4777281527,-16.81730045,
4777881487,-16.83472661,
4778481447,-16.85660668,
4779081407,-16.87510087,
4779681367,-16.88950965,
4780281327,-16.89982055,
4780881287,-16.92408673,
4781481247,-16.94038663,
4782081207,-16.95244179,
4782681167,-16.97503185,
4783281127,-16.9924577,
4783881087,-17.0069362,
4784481047,-17.02338491,
4785081007,-17.04413527,
4785680967,-17.05711997,
4786280927,-17.07477282,
4786880887,-17.08994255,
4787480847,-17.1049608,
4788080807,-17.12235925,
4788680767,-17.14010351,
4789280727,-17.15650395,
4789880687,-17.17202703,
4790480647,-17.18752461,
4791080607,-17.20238155,
4791680567,-17.21990817,
4792280527,-17.23348933,
4792880487,-17.24611323,
4793480447,-17.26549695,
4794080407,-17.28181039,
4794680367,-17.29684809,
4795280327,-17.31156574,
4795880287,-17.32675668,
4796480247,-17.34241322,
4797080207,-17.3590925,
4797680167,-17.37255115,
4798280127,-17.39245244,
4798880087,-17.40472056,
4799480047,-17.42139156,
4800080007,-17.435097,
4800679967,-17.45218436,
4801279927,-17.46190993,
4801879887,-17.48142018,
4802479847,-17.49515448,
4803079807,-17.51147719,
4803679767,-17.52670443,
4804279727,-17.5344029,
4804879687,-17.55718583,
4805479647,-17.56588295,
4806079607,-17.58154586,
4806679567,-17.59396941,
4807279527,-17.61099704,
4807879487,-17.62820494,
4808479447,-17.63649084,
4809079407,-17.64660062,
4809679367,-17.66672465,
4810279327,-17.67922769,
4810879287,-17.69510235,
4811479247,-17.71078491,
4812079207,-17.724646,
4812679167,-17.73947823,
4813279127,-17.75112153,
4813879087,-17.76720736,
4814479047,-17.78294747,
4815079007,-17.79768282,
4815678967,-17.80656486,
4816278927,-17.81801659,
4816878887,-17.83716468,
4817478847,-17.85156982,
4818078807,-17.85963564,
4818678767,-17.87542892,
4819278727,-17.88614763,
4819878687,-17.90054448,
4820478647,-17.91558414,
4821078607,-17.93078821,
4821678567,-17.94707516,
4822278527,-17.95783284,
4822878487,-17.97044646,
4823478447,-17.98551975,
4824078407,-17.9999573,
4824678367,-18.01301109,
4825278327,-18.02039214,
4825878287,-18.04157026,
4826478247,-18.05041283,
4827078207,-18.06241478,
4827678167,-18.07775376,
4828278127,-18.09319368,
4828878087,-18.10277313,
4829478047,-18.12037319,
4830078007,-18.13059366,
4830677967,-18.14637827,
4831277927,-18.16053623,
4831877887,-18.17157775,
4832477847,-18.18676294,
4833077807,-18.20127834,
4833677767,-18.20766753,
4834277727,-18.22594946,
4834877687,-18.24235139,
4835477647,-18.25726701,
4836077607,-18.26564353,
4836677567,-18.27913274,
4837277527,-18.28454316,
4837877487,-18.30421703,
4838477447,-18.31658821,
4839077407,-18.33641412,
4839677367,-18.34795863,
4840277327,-18.35614082,
4840877287,-18.36919079,
4841477247,-18.38017752,
4842077207,-18.39793333,
4842677167,-18.40754846,
4843277127,-18.42269309,
4843877087,-18.43643144,
4844477047,-18.44597372,
4845077007,-18.45876272,
4845676967,-18.47628388,
4846276927,-18.47812159,
4846876887,-18.5015648,
4847476847,-18.5091443,
4848076807,-18.52409348,
4848676767,-18.53539172,
4849276727,-18.54887306,
4849876687,-18.56174392,
4850476647,-18.57450673,
4851076607,-18.58579878,
4851676567,-18.59398465,
4852276527,-18.60895354,
4852876487,-18.62064197,
4853476447,-18.63110484,
4854076407,-18.64671054,
4854676367,-18.65487784,
4855276327,-18.66823522,
4855876287,-18.67670577,
4856476247,-18.68875952,
4857076207,-18.69793963,
4857676167,-18.71316861,
4858276127,-18.72579724,
4858876087,-18.7346621,
4859476047,-18.74567024,
4860076007,-18.75431991,
4860675967,-18.76573886,
4861275927,-18.77645879,
4861875887,-18.78784236,
4862475847,-18.80061384,
4863075807,-18.80692675,
4863675767,-18.81890671,
4864275727,-18.82824377,
4864875687,-18.83843216,
4865475647,-18.84646139,
4866075607,-18.85922664,
4866675567,-18.86619052,
4867275527,-18.87691982,
4867875487,-18.88559453,
4868475447,-18.89290231,
4869075407,-18.90333278,
4869675367,-18.91639221,
4870275327,-18.92065991,
4870875287,-18.93015849,
4871475247,-18.93904253,
4872075207,-18.9476285,
4872675167,-18.95677285,
4873275127,-18.96169924,
4873875087,-18.97303688,
4874475047,-18.97915018,
4875075007,-18.98573231,
4875674967,-18.99278815,
4876274927,-19.00116626,
4876874887,-19.00795885,
4877474847,-19.01386029,
4878074807,-19.02345506,
4878674767,-19.02803076,
4879274727,-19.03357415,
4879874687,-19.0409186,
4880474647,-19.04746858,
4881074607,-19.05172547,
4881674567,-19.05763078,
4882274527,-19.06419868,
4882874487,-19.06934214,
4883474447,-19.07407789,
4884074407,-19.08034257,
4884674367,-19.08242424,
4885274327,-19.08667899,
4885874287,-19.09238524,
4886474247,-19.09592291,
4887074207,-19.09985884,
4887674167,-19.1038534,
4888274127,-19.10821889,
4888874087,-19.10892948,
4889474047,-19.11130353,
4890074007,-19.11564348,
4890673967,-19.11915848,
4891273927,-19.11925145,
4891873887,-19.12206164,
4892473847,-19.12440578,
4893073807,-19.12771159,
4893673767,-19.12607589,
4894273727,-19.13049224,
4894873687,-19.12942134,
4895473647,-19.13539847,
4896073607,-19.13426426,
4896673567,-19.13336627,
4897273527,-19.13439447,
4897873487,-19.1322575,
4898473447,-19.13305527,
4899073407,-19.1310909,
4899673367,-19.13041787,
4900273327,-19.13147468,
4900873287,-19.13433955,
4901473247,-19.13094436,
4902073207,-19.12561074,
4902673167,-19.1230369,
4903273127,-19.12418544,
4903873087,-19.11936518,
4904473047,-19.12091515,
4905073007,-19.11813404,
4905672967,-19.11430364,
4906272927,-19.1099989,
4906872887,-19.10441738,
4907472847,-19.10216261,
4908072807,-19.10458021,
4908672767,-19.09638028,
4909272727,-19.09368135,
4909872687,-19.08704369,
4910472647,-19.0881803,
4911072607,-19.08065388,
4911672567,-19.07480348,
4912272527,-19.06445162,
4912872487,-19.06517672,
4913472447,-19.05821439,
4914072407,-19.05071305,
4914672367,-19.0442429,
4915272327,-19.03720875,
4915872287,-19.03320652,
4916472247,-19.02641859,
4917072207,-19.01675135,
4917672167,-19.00982227,
4918272127,-19.00725329,
4918872087,-18.99314602,
4919472047,-18.98999352,
4920072007,-18.97754641,
4920671967,-18.96881203,
4921271927,-18.96110129,
4921871887,-18.95533532,
4922471847,-18.94789675,
4923071807,-18.93949141,
4923671767,-18.92593512,
4924271726,-18.92086813,
4924871686,-18.90646233,
4925471646,-18.89935924,
4926071606,-18.88546519,
4926671566,-18.87412763,
4927271526,-18.86323315,
4927871486,-18.85291984,
4928471446,-18.8414388,
4929071406,-18.8289997,
4929671366,-18.82096662,
4930271326,-18.80874511,
4930871286,-18.79687342,
4931471246,-18.78581725,
4932071206,-18.76877425,
4932671166,-18.75455602,
4933271126,-18.75476924,
4933871086,-18.74047581,
4934471046,-18.72442511,
4935071006,-18.70944089,
4935670966,-18.69272041,
4936270926,-18.6832629,
4936870886,-18.66916619,
4937470846,-18.65470864,
4938070806,-18.63993848,
4938670766,-18.6285859,
4939270726,-18.61522459,
4939870686,-18.60101428,
4940470646,-18.57782461,
4941070606,-18.57224791,
4941670566,-18.5551252,
4942270526,-18.54458107,
4942870486,-18.52223155,
4943470446,-18.51608657,
4944070406,-18.4979483,
4944670366,-18.48011479,
4945270326,-18.46256142,
4945870286,-18.45182552,
4946470246,-18.42959539,
4947070206,-18.41619532,
4947670166,-18.40652894,
4948270126,-18.38426279,
4948870086,-18.38395968,
4949470046,-18.36504301,
4950070006,-18.33579957,
4950669966,-18.32961512,
4951269926,-18.31241664,
4951869886,-18.29122113,
4952469846,-18.2843485,
4953069806,-18.26382199,
4953669766,-18.25560019,
4954269726,-18.22500844,
4954869686,-18.21856744,
4955469646,-18.1991086,
4956069606,-18.19780034,
4956669566,-18.17285964,
4957269526,-18.160127,
4957869486,-18.14915557,
4958469446,-18.12648264,
4959069406,-18.10570015,
4959669366,-18.08705769,
4960269326,-18.07169641,
4960869286,-18.05680783,
4961469246,-18.0369693,
4962069206,-18.02483844,
4962669166,-18.00635896,
4963269126,-17.9944953,
4963869086,-17.97639926,
4964469046,-17.95622374,
4965069006,-17.94126842,
4965668966,-17.92611473,
4966268926,-17.91136192,
4966868886,-17.89404553,
4967468846,-17.88178632,
4968068806,-17.86148927,
4968668766,-17.84659222,
4969268726,-17.83646453,
4969868686,-17.81645234,
4970468646,-17.8077968,
4971068606,-17.78551958,
4971668566,-17.77504803,
4972268526,-17.75466614,
4972868486,-17.74247066,
4973468446,-17.73070574,
4974068406,-17.71819602,
4974668366,-17.70418115,
4975268326,-17.68794133,
4975868286,-17.67334853,
4976468246,-17.66190336,
4977068206,-17.64951335,
4977668166,-17.63544144,
4978268126,-17.61787096,
4978868086,-17.60688409,
4979468046,-17.59311643,
4980068006,-17.58679715,
4980667966,-17.57373685,
4981267926,-17.55969803,
4981867886,-17.54771263,
4982467846,-17.53602052,
4983067806,-17.52865069,
4983667766,-17.51502924,
4984267726,-17.5025228,
4984867686,-17.4943344,
4985467646,-17.48707928,
4986067606,-17.47687934,
4986667566,-17.4646981,
4987267526,-17.45393392,
4987867486,-17.44638059,
4988467446,-17.43834259,
4989067406,-17.4297519,
4989667366,-17.42080277,
4990267326,-17.4144386,
4990867286,-17.40438771,
4991467246,-17.39948124,
4992067206,-17.39209661,
4992667166,-17.38589715,
4993267126,-17.38023187,
4993867086,-17.37697696,
4994467046,-17.36846664,
4995067006,-17.36506346,
4995666966,-17.36132368,
4996266926,-17.35796273,
4996866886,-17.35279781,
4997466846,-17.34842959,
4998066806,-17.34649575,
4998666766,-17.3447847,
4999266726,-17.34252216,
4999866686,-17.33891786,
5000466646,-17.33608587,
5001066606,-17.33388611,
5001666566,-17.33390338,
5002266526,-17.33474372,
5002866486,-17.33536282,
5003466446,-17.33437705,
5004066406,-17.33782748,
5004666366,-17.33788807,
5005266326,-17.33858969,
5005866286,-17.3422124,
5006466246,-17.3431207,
5007066206,-17.34638579,
5007666166,-17.34947671,
5008266126,-17.35435556,
5008866086,-17.35573566,
5009466046,-17.36303605,
5010066006,-17.36536955,
5010665966,-17.37097296,
5011265926,-17.37821898,
5011865886,-17.38184701,
5012465846,-17.38950425,
5013065806,-17.39650433,
5013665766,-17.40035068,
5014265726,-17.41071659,
5014865686,-17.41877839,
5015465646,-17.42422262,
5016065606,-17.43385891,
5016665566,-17.44445548,
5017265526,-17.45298606,
5017865486,-17.46339806,
5018465446,-17.47624794,
5019065406,-17.48153426,
5019665366,-17.49474621,
5020265326,-17.50520461,
5020865286,-17.51917794,
5021465246,-17.52784028,
5022065206,-17.53866247,
5022665166,-17.55464616,
5023265126,-17.56811354,
5023865086,-17.57875174,
5024465046,-17.59437076,
5025065006,-17.60877544,
5025664966,-17.62426197,
5026264926,-17.64032018,
5026864886,-17.65562195,
5027464846,-17.66793183,
5028064806,-17.68571153,
5028664766,-17.70566222,
5029264726,-17.72298865,
5029864686,-17.73658223,
5030464646,-17.75405539,
5031064606,-17.76659559,
5031664566,-17.78974555,
5032264526,-17.80795035,
5032864486,-17.8239946,
5033464446,-17.84379968,
5034064406,-17.85958236,
5034664366,-17.88146636,
5035264326,-17.90378115,
5035864286,-17.92178942,
5036464246,-17.94570441,
5037064206,-17.96759664,
5037664166,-17.98289996,
5038264126,-18.00822015,
5038864086,-18.02955529,
5039464046,-18.05416596,
5040064006,-18.07673918,
5040663966,-18.09935003,
5041263926,-18.11838802,
5041863886,-18.15120231,
5042463846,-18.16807173,
5043063806,-18.19395066,
5043663766,-18.21329892,
5044263726,-18.23843308,
5044863686,-18.269173,
5045463646,-18.29422195,
5046063606,-18.31693473,
5046663566,-18.34093357,
5047263526,-18.3692063,
5047863486,-18.39488042,
5048463446,-18.42553809,
5049063406,-18.44645832,
5049663366,-18.47674451,
5050263326,-18.49931247,
5050863286,-18.53254878,
5051463246,-18.55954206,
5052063206,-18.58745288,
5052663166,-18.61614589,
5053263126,-18.64022826,
5053863086,-18.66750395,
5054463046,-18.70037685,
5055063006,-18.72566591,
5055662966,-18.75929558,
5056262926,-18.78764588,
5056862886,-18.81392448,
5057462846,-18.84769062,
5058062806,-18.878191,
5058662766,-18.90753269,
5059262726,-18.9357274,
5059862686,-18.96918854,
5060462646,-18.99281958,
5061062606,-19.02534984,
5061662566,-19.05699966,
5062262526,-19.09031496,
5062862486,-19.12277569,
5063462446,-19.15557879,
5064062406,-19.18278125,
5064662366,-19.20939568,
5065262326,-19.24207118,
5065862286,-19.27647504,
5066462246,-19.30059651,
5067062206,-19.34143166,
5067662166,-19.3699801,
5068262126,-19.39546213,
5068862086,-19.42710419,
5069462046,-19.45883515,
5070062006,-19.48958713,
5070661966,-19.52290086,
5071261926,-19.5485087,
5071861886,-19.5844318,
5072461846,-19.61522612,
5073061806,-19.6463823,
5073661766,-19.68869033,
5074261726,-19.7141507,
5074861686,-19.7414481,
5075461646,-19.77456948,
5076061606,-19.80797489,
5076661566,-19.84069176,
5077261526,-19.87037461,
5077861485,-19.90129512,
5078461445,-19.93964363,
5079061405,-19.96388671,
5079661365,-20.00343213,
5080261325,-20.02729689,
5080861285,-20.06083082,
5081461245,-20.09527081,
5082061205,-20.11987995,
5082661165,-20.15845726,
5083261125,-20.18594546,
5083861085,-20.21608737,
5084461045,-20.25113441,
5085061005,-20.28211962,
5085660965,-20.31487627,
5086260925,-20.34280381,
5086860885,-20.37714306,
5087460845,-20.41019629,
5088060805,-20.44593154,
5088660765,-20.46805376,
5089260725,-20.50481872,
5089860685,-20.53429975,
5090460645,-20.57177036,
5091060605,-20.59818875,
5091660565,-20.62576359,
5092260525,-20.66330368,
5092860485,-20.69111689,
5093460445,-20.72263359,
5094060405,-20.75304873,
5094660365,-20.78610442,
5095260325,-20.82026533,
5095860285,-20.85181006,
5096460245,-20.87891989,
5097060205,-20.91041661,
5097660165,-20.94269083,
5098260125,-20.9726847,
5098860085,-21.00738298,
5099460045,-21.03315064,
5100060005,-21.06837241,
5100659965,-21.10150349,
5101259925,-21.12808494,
5101859885,-21.15752336,
5102459845,-21.19084652,
5103059805,-21.22124095,
5103659765,-21.2514867,
5104259725,-21.28460884,
5104859685,-21.31238411,
5105459645,-21.3400382,
5106059605,-21.37167676,
5106659565,-21.40268311,
5107259525,-21.4309239,
5107859485,-21.46358247,
5108459445,-21.49313539,
5109059405,-21.5261157,
5109659365,-21.55483109,
5110259325,-21.57882662,
5110859285,-21.61386514,
5111459245,-21.64200254,
5112059205,-21.67416688,
5112659165,-21.69901145,
5113259125,-21.72797655,
5113859085,-21.75286417,
5114459045,-21.78399512,
5115059005,-21.81102257,
5115658965,-21.84022749,
5116258925,-21.87023334,
5116858885,-21.89599496,
5117458845,-21.9256387,
5118058805,-21.94858435,
5118658765,-21.97818653,
5119258725,-22.00299592,
5119858685,-22.02950785,
5120458645,-22.05930934,
5121058605,-22.0830241,
5121658565,-22.11016473,
5122258525,-22.1358694,
5122858485,-22.164213,
5123458445,-22.18873318,
5124058405,-22.21384126,
5124658365,-22.2366564,
5125258325,-22.2620565,
5125858285,-22.28728354,
5126458245,-22.31133008,
5127058205,-22.33512593,
5127658165,-22.35556229,
5128258125,-22.37900059,
5128858085,-22.40206058,
5129458045,-22.42824321,
5130058005,-22.44910076,
5130657965,-22.47002585,
5131257925,-22.4929863,
5131857885,-22.51245843,
5132457845,-22.53634354,
5133057805,-22.55691595,
5133657765,-22.57556094,
5134257725,-22.59743036,
5134857685,-22.61668466,
5135457645,-22.63990712,
5136057605,-22.65498229,
5136657565,-22.67592546,
5137257525,-22.69458663,
5137857485,-22.7129306,
5138457445,-22.72973118,
5139057405,-22.7489005,
5139657365,-22.76681279,
5140257325,-22.7861292,
5140857285,-22.80504377,
5141457245,-22.818349,
5142057205,-22.83699383,
5142657165,-22.85398587,
5143257125,-22.86832476,
5143857085,-22.88696265,
5144457045,-22.90592388,
5145057005,-22.91599461,
5145656965,-22.93490716,
5146256925,-22.94874652,
5146856885,-22.96532158,
5147456845,-22.98052811,
5148056805,-22.99181631,
5148656765,-23.00706295,
5149256725,-23.02483296,
5149856685,-23.03713005,
5150456645,-23.05043728,
5151056605,-23.06594262,
5151656565,-23.07658141,
5152256525,-23.08758422,
5152856485,-23.10241342,
5153456445,-23.11332804,
5154056405,-23.12341912,
5154656365,-23.14178417,
5155256325,-23.14575563,
5155856285,-23.15883228,
5156456245,-23.1718272,
5157056205,-23.18286013,
5157656165,-23.19158477,
5158256125,-23.19817786,
5158856085,-23.21085147,
5159456045,-23.21737576,
5160056005,-23.22567294,
5160655965,-23.23273706,
5161255925,-23.24547269,
5161855885,-23.25215529,
5162455845,-23.25447026,
5163055805,-23.26184816,
5163655765,-23.27153713,
5164255725,-23.28474845,
5164855685,-23.28542789,
5165455645,-23.29170959,
5166055605,-23.29342366,
5166655565,-23.30354633,
5167255525,-23.30665417,
5167855485,-23.31264926,
5168455445,-23.31959012,
5169055405,-23.31901365,
5169655365,-23.32476781,
5170255325,-23.32879102,
5170855285,-23.32908262,
5171455245,-23.33568295,
5172055205,-23.33156913,
5172655165,-23.33709357,
5173255125,-23.34055082,
5173855085,-23.34310068,
5174455045,-23.34398746,
5175055005,-23.34791626,
5175654965,-23.34208584,
5176254925,-23.34091485,
5176854885,-23.34241318,
5177454845,-23.34266004,
5178054805,-23.34621218,
5178654765,-23.33713514,
5179254725,-23.34105804,
5179854685,-23.33592686,
5180454645,-23.33347372,
5181054605,-23.33290296,
5181654565,-23.3267278,
5182254525,-23.32687735,
5182854485,-23.32302268,
5183454445,-23.31357664,
5184054405,-23.32124945,
5184654365,-23.3129926,
5185254325,-23.30499356,
5185854285,-23.30347943,
5186454245,-23.29428765,
5187054205,-23.2882922,
5187654165,-23.27815361,
5188254125,-23.27055026,
5188854085,-23.26593885,
5189454045,-23.26012393,
5190054005,-23.24660105,
5190653965,-23.23854896,
5191253925,-23.23412168,
5191853885,-23.22323051,
5192453845,-23.2143733,
5193053805,-23.20069865,
5193653765,-23.19074954,
5194253725,-23.18644663,
5194853685,-23.17298947,
5195453645,-23.16045111,
5196053605,-23.15903102,
5196653565,-23.13928617,
5197253525,-23.13067546,
5197853485,-23.11960332,
5198453445,-23.10051776,
5199053405,-23.09345305,
5199653365,-23.08267824,
5200253325,-23.06705764,
5200853285,-23.06127819,
5201453245,-23.04167481,
5202053205,-23.03158641,
5202653165,-23.01102514,
5203253125,-22.99402815,
5203853085,-22.98218084,
5204453045,-22.96924788,
5205053005,-22.94896633,
5205652965,-22.93057414,
5206252925,-22.91572465,
5206852885,-22.89784231,
5207452845,-22.88805751,
5208052805,-22.86900773,
5208652765,-22.84872385,
5209252725,-22.83451725,
5209852685,-22.81125936,
5210452645,-22.79238668,
5211052605,-22.77477051,
5211652565,-22.75156283,
5212252525,-22.73440637,
5212852485,-22.71792363,
5213452445,-22.69853753,
5214052405,-22.67735073,
5214652365,-22.65603585,
5215252325,-22.63702711,
5215852285,-22.61145335,
5216452245,-22.58790282,
5217052205,-22.57185168,
5217652165,-22.54709092,
5218252125,-22.52136429,
5218852085,-22.49541848,
5219452045,-22.4843945,
5220052005,-22.45235387,
5220651965,-22.43125404,
5221251925,-22.40019256,
5221851885,-22.38261126,
5222451845,-22.36547581,
5223051805,-22.33939654,
5223651765,-22.31726923,
5224251725,-22.28617285,
5224851685,-22.26194883,
5225451645,-22.23418262,
5226051605,-22.2090542,
5226651565,-22.18892103,
5227251525,-22.15392845,
5227851485,-22.126784,
5228451445,-22.10575517,
5229051405,-22.07802488,
5229651365,-22.05528793,
5230251325,-22.02426143,
5230851285,-22.00258851,
5231451244,-21.96463932,
5232051204,-21.93364324,
5232651164,-21.90937268,
5233251124,-21.88476837,
5233851084,-21.8497464,
5234451044,-21.82656565,
5235051004,-21.80122766,
5235650964,-21.7684763,
5236250924,-21.7474744,
5236850884,-21.70612734,
5237450844,-21.68170098,
5238050804,-21.649456,
5238650764,-21.61780385,
5239250724,-21.59069347,
5239850684,-21.56737459,
5240450644,-21.5315437,
5241050604,-21.49901243,
5241650564,-21.47196423,
5242250524,-21.44354226,
5242850484,-21.40801926,
5243450444,-21.38405266,
5244050404,-21.34647589,
5244650364,-21.32307183,
5245250324,-21.2900782,
5245850284,-21.25498599,
5246450244,-21.22823612,
5247050204,-21.2012478,
5247650164,-21.16992637,
5248250124,-21.13361036,
5248850084,-21.10951636,
5249450044,-21.07505787,
5250050004,-21.04312993,
5250649964,-21.0139983,
5251249924,-20.98023736,
5251849884,-20.94725911,
5252449844,-20.91773777,
5253049804,-20.88682286,
5253649764,-20.85776641,
5254249724,-20.82415943,
5254849684,-20.79781473,
5255449644,-20.76779822,
5256049604,-20.73355408,
5256649564,-20.70705688,
5257249524,-20.6729779,
5257849484,-20.64702593,
5258449444,-20.6129466,
5259049404,-20.58418812,
5259649364,-20.55358763,
5260249324,-20.52046846,
5260849284,-20.49138564,
5261449244,-20.46321796,
5262049204,-20.43810496,
5262649164,-20.40710899,
5263249124,-20.37880901,
5263849084,-20.34552456,
5264449044,-20.31926649,
5265049004,-20.29116445,
5265648964,-20.26065139,
5266248924,-20.23017636,
5266848884,-20.20599242,
5267448844,-20.17573909,
5268048804,-20.14686221,
5268648764,-20.12160524,
5269248724,-20.09307201,
5269848684,-20.06624976,
5270448644,-20.03885649,
5271048604,-20.01189319,
5271648564,-19.98775847,
5272248524,-19.95895543,
5272848484,-19.93496021,
5273448444,-19.90953422,
5274048404,-19.88534002,
5274648364,-19.86131498,
5275248324,-19.83715536,
5275848284,-19.81244465,
5276448244,-19.79168057,
5277048204,-19.76603869,
5277648164,-19.74300151,
5278248124,-19.72187207,
5278848084,-19.69976523,
5279448044,-19.67793547,
5280048004,-19.65479732,
5280647964,-19.63743129,
5281247924,-19.61825391,
5281847884,-19.59818102,
5282447844,-19.57987897,
5283047804,-19.56165443,
5283647764,-19.54044301,
5284247724,-19.52510888,
5284847684,-19.50741049,
5285447644,-19.49026111,
5286047604,-19.47330752,
5286647564,-19.45904675,
5287247524,-19.44433782,
5287847484,-19.43262475,
5288447444,-19.41469464,
5289047404,-19.39892851,
5289647364,-19.38360803,
5290247324,-19.3736628,
5290847284,-19.36540098,
5291447244,-19.35523914,
5292047204,-19.34485166,
5292647164,-19.33175403,
5293247124,-19.32550669,
5293847084,-19.31520831,
5294447044,-19.3069377,
5295047004,-19.29998583,
5295646964,-19.29494638,
5296246924,-19.28745828,
5296846884,-19.28249791,
5297446844,-19.28117155,
5298046804,-19.27367919,
5298646764,-19.2705792,
5299246724,-19.27447255,
5299846684,-19.26490377,
5300446644,-19.26826528,
5301046604,-19.26143139,
5301646564,-19.260178,
5302246524,-19.2584132,
5302846484,-19.26070409,
5303446444,-19.26194191,
5304046404,-19.26723194,
5304646364,-19.27270111,
5305246324,-19.26691373,
5305846284,-19.2751116,
5306446244,-19.27295218,
5307046204,-19.28616226,
5307646164,-19.29022409,
5308246124,-19.29023922,
5308846084,-19.29829591,
5309446044,-19.31242221,
5310046004,-19.31415647,
5310645964,-19.32766119,
5311245924,-19.32961188,
5311845884,-19.34593251,
5312445844,-19.35679031,
5313045804,-19.36880624,
5313645764,-19.36747868,
5314245724,-19.38021658,
5314845684,-19.40048695,
5315445644,-19.41518745,
5316045604,-19.43296242,
5316645564,-19.43235311,
5317245524,-19.44895741,
5317845484,-19.46773546,
5318445444,-19.48585128,
5319045404,-19.49544108,
5319645364,-19.51547233,
5320245324,-19.52154763,
5320845284,-19.53502617,
5321445244,-19.55378934,
5322045204,-19.58019838,
5322645164,-19.5959999,
5323245124,-19.59990698,
5323845084,-19.63091372,
5324445044,-19.65689133,
5325045004,-19.67794966,
5325644964,-19.69346611,
5326244924,-19.71562319,
5326844884,-19.73257853,
5327444844,-19.75490652,
5328044804,-19.78019935,
5328644764,-19.8090764,
5329244724,-19.82606938,
5329844684,-19.85440338,
5330444644,-19.86761564,
5331044604,-19.9050067,
5331644564,-19.92577631,
5332244524,-19.95164736,
5332844484,-19.97299089,
5333444444,-20.00409472,
5334044404,-20.03475552,
5334644364,-20.06287153,
5335244324,-20.08789806,
5335844284,-20.12633249,
5336444244,-20.14651407,
5337044204,-20.18036507,
5337644164,-20.20937072,
5338244124,-20.23084121,
5338844084,-20.26371871,
5339444044,-20.290646,
5340044004,-20.32955133,
5340643964,-20.35160973,
5341243924,-20.38901549,
5341843884,-20.42099503,
5342443844,-20.45387819,
5343043804,-20.4780203,
5343643764,-20.51289884,
5344243724,-20.54403462,
5344843684,-20.57624983,
5345443644,-20.61375751,
5346043604,-20.64564935,
5346643564,-20.6775583,
5347243524,-20.71282219,
5347843484,-20.74712821,
5348443444,-20.78067854,
5349043404,-20.81364756,
5349643364,-20.8495925,
5350243324,-20.88272519,
5350843284,-20.91697303,
5351443244,-20.95310522,
5352043204,-20.98390013,
5352643164,-21.02521607,
5353243124,-21.0554636,
5353843084,-21.0933827,
5354443044,-21.12805786,
5355043004,-21.16343172,
5355642964,-21.20161016,
5356242924,-21.23448674,
5356842884,-21.27218155,
5357442844,-21.31021967,
5358042804,-21.34257701,
5358642764,-21.37873296,
5359242724,-21.41757981,
5359842684,-21.45189812,
5360442644,-21.48705619,
5361042604,-21.52275927,
5361642564,-21.56050707,
5362242524,-21.59984135,
5362842484,-21.63141043,
5363442444,-21.67196147,
5364042404,-21.70706838,
5364642364,-21.74365471,
5365242324,-21.77935824,
5365842284,-21.81438664,
5366442244,-21.8510915,
5367042204,-21.88823637,
5367642164,-21.923351,
5368242124,-21.9624561,
5368842084,-21.99613459,
5369442044,-22.03366378,
5370042004,-22.06831442,
5370641964,-22.10577798,
5371241924,-22.14142108,
5371841884,-22.17804648,
5372441844,-22.21309301,
5373041804,-22.24983165,
5373641764,-22.28464322,
5374241724,-22.32204842,
5374841684,-22.35427862,
5375441644,-22.39045061,
5376041604,-22.42685735,
5376641564,-22.46032157,
5377241524,-22.49746093,
5377841484,-22.53106954,
5378441444,-22.56645988,
5379041404,-22.60118635,
5379641364,-22.6362094,
5380241324,-22.66892376,
5380841284,-22.70511381,
5381441244,-22.74139188,
5382041204,-22.77384298,
5382641164,-22.80752348,
5383241124,-22.84221957,
5383841084,-22.87553867,
5384441044,-22.90913578,
5385041004,-22.94039038,
5385640963,-22.97790016,
5386240923,-23.01181331,
5386840883,-23.04503954,
5387440843,-23.07604772,
5388040803,-23.1089032,
5388640763,-23.14154822,
5389240723,-23.17384515,
5389840683,-23.20913625,
5390440643,-23.24238482,
5391040603,-23.27285912,
5391640563,-23.30481055,
5392240523,-23.33699071,
5392840483,-23.36910283,
5393440443,-23.40072514,
5394040403,-23.43271008,
5394640363,-23.46188757,
5395240323,-23.49522368,
5395840283,-23.52466637,
5396440243,-23.55829644,
5397040203,-23.58650984,
5397640163,-23.61627388,
5398240123,-23.64584986,
5398840083,-23.68009254,
5399440043,-23.70981201,
5400040003,-23.73819552,
5400639963,-23.76971655,
5401239923,-23.79739889,
5401839883,-23.83044431,
5402439843,-23.85435457,
5403039803,-23.88824861,
5403639763,-23.9130051,
5404239723,-23.94582266,
5404839683,-23.97519793,
5405439643,-24.00220769,
5406039603,-24.03105936,
5406639563,-24.06136222,
5407239523,-24.08462358,
5407839483,-24.11108614,
5408439443,-24.13613277,
5409039403,-24.16737842,
5409639363,-24.19435844,
5410239323,-24.21819052,
5410839283,-24.24299898,
5411439243,-24.26197683,
5412039203,-24.28969571,
5412639163,-24.31790146,
5413239123,-24.34353057,
5413839083,-24.36686454,
5414439043,-24.38801081,
5415039003,-24.40624024,
5415638963,-24.42976741,
5416238923,-24.45446452,
5416838883,-24.47822651,
5417438843,-24.4970407,
5418038803,-24.51773051,
5418638763,-24.54144608,
5419238723,-24.56122211,
5419838683,-24.5873319,
5420438643,-24.60181756,
5421038603,-24.62552134,
5421638563,-24.64056445,
5422238523,-24.65797409,
5422838483,-24.68430947,
5423438443,-24.696348,
5424038403,-24.71590082,
5424638363,-24.73747343,
5425238323,-24.75749134,
5425838283,-24.77071811,
5426438243,-24.78494943,
5427038203,-24.80460021,
5427638163,-24.82029537,
5428238123,-24.83784938,
5428838083,-24.85564611,
5429438043,-24.86820363,
5430038003,-24.88592493,
5430637963,-24.89968603,
5431237923,-24.91735155,
5431837883,-24.9299479,
5432437843,-24.94622927,
5433037803,-24.95536137,
5433637763,-24.9724959,
5434237723,-24.9841192,
5434837683,-24.9988807,
5435437643,-25.00352425,
5436037603,-25.03312646,
5436637563,-25.03487149,
5437237523,-25.04342662,
5437837483,-25.04833631,
5438437443,-25.06543419,
5439037403,-25.07041088,
5439637363,-25.07850874,
5440237323,-25.096725,
5440837283,-25.09907669,
5441437243,-25.11409129,
5442037203,-25.11928622,
5442637163,-25.13013352,
5443237123,-25.14028209,
5443837083,-25.14017627,
5444437043,-25.14947346,
5445037003,-25.16278828,
5445636963,-25.16906877,
5446236923,-25.17662258,
5446836883,-25.1828662,
5447436843,-25.18862632,
5448036803,-25.19578634,
5448636763,-25.20251576,
5449236723,-25.20128138,
5449836683,-25.2081343,
5450436643,-25.21427471,
5451036603,-25.21304236,
5451636563,-25.22096761,
5452236523,-25.22484979,
5452836483,-25.2287284,
5453436443,-25.23136137,
5454036403,-25.23564995,
5454636363,-25.23738809,
5455236323,-25.24202513,
5455836283,-25.24491735,
5456436243,-25.24276908,
5457036203,-25.24183314,
5457636163,-25.24497297,
5458236123,-25.24701696,
5458836083,-25.24439424,
5459436043,-25.24161556,
5460036003,-25.24467086,
5460635963,-25.24177792,
5461235923,-25.24226049,
5461835883,-25.23768207,
5462435843,-25.23461689,
5463035803,-25.2358323,
5463635763,-25.23400766,
5464235723,-25.22656647,
5464835683,-25.22545921,
5465435643,-25.21895921,
5466035603,-25.2180393,
5466635563,-25.21424144,
5467235523,-25.2087245,
5467835483,-25.20643939,
5468435443,-25.19254966,
5469035403,-25.19062853,
5469635363,-25.18478052,
5470235323,-25.17543786,
5470835283,-25.16652716,
5471435243,-25.16654434,
5472035203,-25.15697789,
5472635163,-25.13916904,
5473235123,-25.14307889,
5473835083,-25.13086081,
5474435043,-25.11679286,
5475035003,-25.1129416,
5475634963,-25.09551517,
5476234923,-25.0867823,
5476834883,-25.07713942,
5477434843,-25.06517579,
5478034803,-25.05762818,
5478634763,-25.04311405,
5479234723,-25.03159803,
5479834683,-25.02134244,
5480434643,-25.00592512,
5481034603,-24.99528886,
5481634563,-24.98177447,
5482234523,-24.97048048,
5482834483,-24.95800606,
5483434443,-24.94291796,
5484034403,-24.92731301,
5484634363,-24.9128878,
5485234323,-24.89439694,
5485834283,-24.88502346,
5486434243,-24.86817992,
5487034203,-24.84734166,
5487634163,-24.82745515,
5488234123,-24.81153573,
5488834083,-24.79003725,
5489434043,-24.78005078,
5490034003,-24.76887504,
5490633963,-24.74676136,
5491233923,-24.73598786,
5491833883,-24.71434397,
5492433843,-24.67639517,
5493033803,-24.67195241,
5493633763,-24.65377511,
5494233723,-24.63296031,
5494833683,-24.60464026,
5495433643,-24.58757758,
5496033603,-24.56910119,
5496633563,-24.54962229,
5497233523,-24.53843831,
5497833483,-24.50820663,
5498433443,-24.49013772,
5499033403,-24.46178919,
5499633363,-24.43944407,
5500233323,-24.41341615,
5500833283,-24.39079872,
5501433243,-24.37073925,
5502033203,-24.34690466,
5502633163,-24.32389942,
5503233123,-24.29759084,
5503833083,-24.27118208,
5504433043,-24.24745825,
5505033003,-24.22424733,
5505632963,-24.19642123,
5506232923,-24.17242999,
5506832883,-24.15045536,
5507432843,-24.11972001,
5508032803,-24.09098635,
5508632763,-24.06873833,
5509232723,-24.03739373,
5509832683,-24.01571572,
5510432643,-23.98640853,
5511032603,-23.95654274,
5511632563,-23.93072739,
5512232523,-23.9017793,
5512832483,-23.87148744,
5513432443,-23.84813888,
5514032403,-23.81611214,
5514632363,-23.78943313,
5515232323,-23.75583052,
5515832283,-23.72628067,
5516432243,-23.69791806,
5517032203,-23.66851101,
5517632163,-23.63594938,
5518232123,-23.60671958,
5518832083,-23.57702578,
5519432043,-23.54478928,
5520032003,-23.5149422,
5520631963,-23.48083928,
5521231923,-23.44585066,
5521831883,-23.41491536,
5522431843,-23.38763106,
5523031803,-23.35133238,
5523631763,-23.3192195,
5524231723,-23.28393812,
5524831683,-23.25643648,
5525431643,-23.21931117,
5526031603,-23.18737887,
5526631563,-23.15231195,
5527231523,-23.12026145,
5527831483,-23.08922345,
5528431443,-23.05357702,
5529031403,-23.02181732,
5529631363,-22.98957218,
5530231323,-22.95351475,
5530831283,-22.92328773,
5531431243,-22.88686694,
5532031203,-22.85140787,
5532631163,-22.81754583,
5533231123,-22.78529123,
5533831083,-22.74880753,
5534431043,-22.71567936,
5535031003,-22.6813274,
5535630963,-22.6482299,
5536230923,-22.61281546,
5536830883,-22.57605613,
5537430843,-22.54208777,
5538030803,-22.50663854,
5538630763,-22.47146122,
5539230722,-22.43652976,
5539830682,-22.40268295,
5540430642,-22.3662546,
5541030602,-22.33281678,
5541630562,-22.29549009,
5542230522,-22.26123584,
5542830482,-22.22539739,
5543430442,-22.19317769,
5544030402,-22.15533747,
5544630362,-22.11985665,
5545230322,-22.08546285,
5545830282,-22.05433474,
5546430242,-22.01657122,
5547030202,-21.97966846,
5547630162,-21.94638053,
5548230122,-21.91035717,
5548830082,-21.87408111,
5549430042,-21.84087388,
5550030002,-21.80651851,
5550629962,-21.7716452,
5551229922,-21.73573537,
5551829882,-21.70031037,
5552429842,-21.66904,
5553029802,-21.63289343,
5553629762,-21.59682536,
5554229722,-21.56134878,
5554829682,-21.5320816,
5555429642,-21.49568414,
5556029602,-21.46022492,
5556629562,-21.43009461,
5557229522,-21.39593932,
5557829482,-21.36283045,
5558429442,-21.32736824,
5559029402,-21.29467065,
5559629362,-21.26502487,
5560229322,-21.23492053,
5560829282,-21.20032865,
5561429242,-21.16701491,
5562029202,-21.13751858,
5562629162,-21.10701146,
5563229122,-21.07373587,
5563829082,-21.04151366,
5564429042,-21.01145989,
5565029002,-20.98360877,
5565628962,-20.94990018,
5566228922,-20.9197688,
5566828882,-20.89031866,
5567428842,-20.86270163,
5568028802,-20.83352795,
5568628762,-20.80720571,
5569228722,-20.77503603,
5569828682,-20.74776247,
5570428642,-20.71958024,
5571028602,-20.69184482,
5571628562,-20.67015895,
5572228522,-20.64323615,
5572828482,-20.61398715,
5573428442,-20.59021828,
5574028402,-20.56362892,
5574628362,-20.54080446,
5575228322,-20.51536076,
5575828282,-20.49424408,
5576428242,-20.47111245,
5577028202,-20.44538494,
5577628162,-20.42570772,
5578228122,-20.40796918,
5578828082,-20.38361425,
5579428042,-20.36885234,
5580028002,-20.3420212,
5580627962,-20.32096668,
5581227922,-20.30638005,
5581827882,-20.29019773,
5582427842,-20.26990029,
5583027802,-20.24902,
5583627762,-20.23500358,
5584227722,-20.21964668,
5584827682,-20.20258262,
5585427642,-20.18914062,
5586027602,-20.1748148,
5586627562,-20.1600967,
5587227522,-20.14350689,
5587827482,-20.13450236,
5588427442,-20.11851293,
5589027402,-20.10803992,
5589627362,-20.09091278,
5590227322,-20.082557,
5590827282,-20.07616449,
5591427242,-20.0701082,
5592027202,-20.05796016,
5592627162,-20.04754693,
5593227122,-20.04343613,
5593827082,-20.03400934,
5594427042,-20.03135939,
5595027002,-20.02502997,
5595626962,-20.01519736,
5596226922,-20.0098415,
5596826882,-20.00989749,
5597426842,-20.00256929,
5598026802,-20.00178247,
5598626762,-20.00198462,
5599226722,-19.99630833,
5599826682,-19.99877857,
5600426642,-19.9989112,
5601026602,-19.99743979,
5601626562,-20.00370576,
5602226522,-19.99577454,
5602826482,-20.00749073,
5603426442,-19.99785293,
5604026402,-20.00302907,
5604626362,-20.00942873,
5605226322,-20.0127342,
5605826282,-20.00953376,
5606426242,-20.02143697,
5607026202,-20.03433156,
5607626162,-20.0405335,
5608226122,-20.0435199,
5608826082,-20.05383257,
5609426042,-20.05714882,
5610026002,-20.07192395,
5610625962,-20.07441207,
5611225922,-20.08836517,
5611825882,-20.10057797,
5612425842,-20.1070242,
5613025802,-20.11496251,
5613625762,-20.12856941,
5614225722,-20.1443057,
5614825682,-20.1598608,
5615425642,-20.17129777,
5616025602,-20.18431991,
5616625562,-20.20386371,
5617225522,-20.21601037,
5617825482,-20.23300905,
5618425442,-20.24901737,
5619025402,-20.26269085,
5619625362,-20.28390844,
5620225322,-20.3004411,
5620825282,-20.31810073,
5621425242,-20.3358677,
5622025202,-20.36127817,
5622625162,-20.38005013,
5623225122,-20.39651265,
5623825082,-20.41357779,
5624425042,-20.4390761,
5625025002,-20.46012724,
5625624962,-20.47989677,
5626224922,-20.50341554,
5626824882,-20.52585371,
5627424842,-20.54808124,
5628024802,-20.57092341,
5628624762,-20.59952372,
5629224722,-20.62179943,
5629824682,-20.64596767,
5630424642,-20.67247677,
5631024602,-20.69794834,
5631624562,-20.720976,
5632224522,-20.75165589,
5632824482,-20.77904107,
5633424442,-20.80770063,
5634024402,-20.82778691,
5634624362,-20.85666081,
5635224322,-20.88822242,
5635824282,-20.91893029,
5636424242,-20.94664279,
5637024202,-20.97578906,
5637624162,-21.0071287,
5638224122,-21.03489253,
5638824082,-21.06273878,
5639424042,-21.09331208,
5640024002,-21.12802818,
5640623962,-21.15983982,
5641223922,-21.18943412,
5641823882,-21.21984791,
5642423842,-21.25358678,
5643023802,-21.28653741,
5643623762,-21.316808,
5644223722,-21.35012936,
5644823682,-21.38236439,
5645423642,-21.41621472,
5646023602,-21.45045907,
5646623562,-21.48482973,
5647223522,-21.51488539,
5647823482,-21.55147898,
5648423442,-21.58503893,
5649023402,-21.61917771,
5649623362,-21.6515732,
5650223322,-21.68666314,
5650823282,-21.72230465,
5651423242,-21.75640916,
5652023202,-21.78924973,
5652623162,-21.82691184,
5653223122,-21.85843966,
5653823082,-21.89523189,
5654423042,-21.93103318,
5655023002,-21.96785794,
5655622962,-22.00201148,
5656222922,-22.03581484,
5656822882,-22.0727702,
5657422842,-22.10630908,
5658022802,-22.14454335,
5658622762,-22.18195999,
5659222722,-22.21740317,
5659822682,-22.25240077,
5660422642,-22.2889085,
5661022602,-22.32477851,
5661622562,-22.35970254,
5662222522,-22.39642223,
5662822482,-22.43313839,
5663422442,-22.46766335,
5664022402,-22.50248214,
5664622362,-22.54016237,
5665222322,-22.57568163,
5665822282,-22.61279435,
5666422242,-22.64822497,
5667022202,-22.6826297,
5667622162,-22.71898067,
5668222122,-22.75380863,
5668822082,-22.788705,
5669422042,-22.82503309,
5670022002,-22.86144301,
5670621962,-22.89718857,
5671221922,-22.93295769,
5671821882,-22.96866685,
5672421842,-23.00579849,
5673021802,-23.03618114,
5673621762,-23.07266055,
5674221722,-23.11123026,
5674821682,-23.14555953,
5675421642,-23.1799886,
5676021602,-23.21430528,
5676621562,-23.25035486,
5677221522,-23.28535138,
5677821482,-23.32222856,
5678421442,-23.35321496,
5679021402,-23.39361226,
5679621362,-23.42248593,
5680221322,-23.45712799,
5680821282,-23.48980517,
5681421242,-23.52598878,
5682021202,-23.5566863,
5682621162,-23.59114815,
5683221122,-23.62809704,
5683821082,-23.65712079,
5684421042,-23.69272822,
5685021002,-23.73044,
5685620962,-23.76334886,
5686220922,-23.79688455,
5686820882,-23.83384886,
5687420842,-23.86492717,
5688020802,-23.89757697,
5688620762,-23.92994419,
5689220722,-23.96171851,
5689820682,-23.99833389,
5690420642,-24.03379749,
5691020602,-24.06323879,
5691620562,-24.09389953,
5692220522,-24.12597239,
5692820481,-24.16051748,
5693420441,-24.18683636,
5694020401,-24.22286347,
5694620361,-24.25297806,
5695220321,-24.28084746,
5695820281,-24.31485404,
5696420241,-24.3462247,
5697020201,-24.37550276,
5697620161,-24.40556872,
5698220121,-24.43733578,
5698820081,-24.46564004,
5699420041,-24.49704921,
5700020001,-24.52246283,
5700619961,-24.55774269,
5701219921,-24.5816449,
5701819881,-24.61589895,
5702419841,-24.64134976,
5703019801,-24.66709166,
5703619761,-24.68976741,
5704219721,-24.72228285,
5704819681,-24.74478931,
5705419641,-24.77582473,
5706019601,-24.79430313,
5706619561,-24.82780271,
5707219521,-24.85114109,
5707819481,-24.87903903,
5708419441,-24.90305311,
5709019401,-24.92340558,
5709619361,-24.95476646,
5710219321,-24.98117017,
5710819281,-25.00181975,
5711419241,-25.0266368,
5712019201,-25.05008554,
5712619161,-25.07002337,
5713219121,-25.09254037,
5713819081,-25.12165407,
5714419041,-25.13863152,
5715019001,-25.16165536,
5715618961,-25.18515565,
5716218921,-25.19838212,
5716818881,-25.22910424,
5717418841,-25.24461431,
5718018801,-25.2710377,
5718618761,-25.28917016,
5719218721,-25.30382366,
5719818681,-25.33679822,
5720418641,-25.34796815,
5721018601,-25.36161666,
5721618561,-25.38991364,
5722218521,-25.39738112,
5722818481,-25.41617125,
5723418441,-25.43433327,
5724018401,-25.46485528,
5724618361,-25.47473303,
5725218321,-25.48783876,
5725818281,-25.50935727,
5726418241,-25.52428774,
5727018201,-25.54154481,
5727618161,-25.56111476,
5728218121,-25.57171312,
5728818081,-25.58657905,
5729418041,-25.60003175,
5730018001,-25.61228004,
5730617961,-25.62750399,
5731217921,-25.63959661,
5731817881,-25.65477641,
5732417841,-25.67041952,
5733017801,-25.69415307,
5733617761,-25.69912819,
5734217721,-25.71201721,
5734817681,-25.72113377,
5735417641,-25.73003344,
5736017601,-25.74486224,
5736617561,-25.75726674,
5737217521,-25.76885822,
5737817481,-25.77893944,
5738417441,-25.79426763,
5739017401,-25.80637058,
5739617361,-25.81090825,
5740217321,-25.82636722,
5740817281,-25.82830774,
5741417241,-25.84384771,
5742017201,-25.84687227,
5742617161,-25.84749713,
5743217121,-25.86378153,
5743817081,-25.87499064,
5744417041,-25.87639407,
5745017001,-25.88617626,
5745616961,-25.89653564,
5746216921,-25.89450127,
5746816881,-25.90952083,
5747416841,-25.90480377,
5748016801,-25.92805343,
5748616761,-25.91828534,
5749216721,-25.92912864,
5749816681,-25.93644232,
5750416641,-25.94044249,
5751016601,-25.93201479,
5751616561,-25.94033157,
5752216521,-25.94518629,
5752816481,-25.94820913,
5753416441,-25.95095343,
5754016401,-25.94580923,
5754616361,-25.95222202,
5755216321,-25.95643764,
5755816281,-25.95487335,
5756416241,-25.9599978,
5757016201,-25.96055719,
5757616161,-25.95384525,
5758216121,-25.95807482,
5758816081,-25.96120417,
5759416041,-25.9531641,
5760016001,-25.95337328,
5760615961,-25.94795063,
5761215921,-25.93871367,
5761815881,-25.94466437,
5762415841,-25.93469391,
5763015801,-25.9285487,
5763615761,-25.92476711,
5764215721,-25.91782231,
5764815681,-25.92373771,
5765415641,-25.91527585,
5766015601,-25.90143364,
5766615561,-25.89447928,
5767215521,-25.88852244,
5767815481,-25.88575133,
5768415441,-25.87137192,
5769015401,-25.86264003,
5769615361,-25.85564614,
5770215321,-25.84730967,
5770815281,-25.8341283,
5771415241,-25.82871743,
5772015201,-25.81488892,
5772615161,-25.80735641,
5773215121,-25.79667373,
5773815081,-25.78113256,
5774415041,-25.78093291,
5775015001,-25.75956519,
5775614961,-25.75274354,
5776214921,-25.74316257,
5776814881,-25.72741072,
5777414841,-25.71594172,
5778014801,-25.69571651,
5778614761,-25.68092522,
5779214721,-25.67065028,
5779814681,-25.65934572,
5780414641,-25.64634644,
5781014601,-25.62784027,
5781614561,-25.61160353,
5782214521,-25.59404526,
5782814481,-25.57840321,
5783414441,-25.56028677,
5784014401,-25.54507741,
5784614361,-25.52846331,
5785214321,-25.49996013,
5785814281,-25.49169754,
5786414241,-25.47447553,
5787014201,-25.45648511,
5787614161,-25.43772739,
5788214121,-25.42017319,
5788814081,-25.39548364,
5789414041,-25.38109004,
5790014001,-25.36006038,
5790613961,-25.3405406,
5791213921,-25.31680917,
5791813881,-25.29158147,
5792413841,-25.27261101,
5793013801,-25.24825833,
5793613761,-25.22591778,
5794213721,-25.20340328,
5794813681,-25.18580224,
5795413641,-25.161906,
5796013601,-25.13517245,
5796613561,-25.1122895,
5797213521,-25.08706388,
5797813481,-25.0636017,
5798413441,-25.03980234,
5799013401,-25.01638154,
5799613361,-24.98734359,
5800213321,-24.96677914,
5800813281,-24.93958387,
5801413241,-24.912797,
5802013201,-24.88949944,
5802613161,-24.86128536,
5803213121,-24.82733284,
5803813081,-24.80511027,
5804413041,-24.77839694,
5805013001,-24.75423468,
5805612961,-24.72308271,
5806212921,-24.69607752,
5806812881,-24.66815591,
5807412841,-24.63674581,
5808012801,-24.60549687,
5808612761,-24.57760607,
5809212721,-24.55024868,
5809812681,-24.51842155,
5810412641,-24.48911521,
5811012601,-24.45913594,
5811612561,-24.43042287,
5812212521,-24.40101684,
5812812481,-24.36678907,
5813412441,-24.33583161,
5814012401,-24.30413921,
5814612361,-24.27228703,
5815212321,-24.24020167,
5815812281,-24.20837595,
5816412241,-24.17762176,
5817012201,-24.14322664,
5817612161,-24.11300445,
5818212121,-24.07495088,
5818812081,-24.04326598,
5819412041,-24.01161181,
5820012001,-23.97605361,
5820611961,-23.94292718,
5821211921,-23.9117924,
5821811881,-23.87653397,
5822411841,-23.84342597,
5823011801,-23.80550739,
5823611761,-23.76980048,
5824211721,-23.73855195,
5824811681,-23.70062301,
5825411641,-23.66506008,
5826011601,-23.63180577,
5826611561,-23.59530969,
5827211521,-23.56098073,
5827811481,-23.52161281,
5828411441,-23.48727042,
5829011401,-23.45181011,
5829611361,-23.41453644,
5830211321,-23.37994894,
5830811281,-23.34288977,
5831411241,-23.30768849,
5832011201,-23.27023515,
5832611161,-23.23435504,
5833211121,-23.19486084,
5833811081,-23.15828187,
5834411041,-23.11935693,
5835011001,-23.08106725,
5835610961,-23.04466052,
5836210921,-23.01008541,
5836810881,-22.97254395,
5837410841,-22.93555513,
5838010801,-22.89663472,
5838610761,-22.86080841,
5839210721,-22.82176223,
5839810681,-22.78142606,
5840410641,-22.74803789,
5841010601,-22.70715156,
5841610561,-22.67324635,
5842210521,-22.6308834,
5842810481,-22.59148604,
5843410441,-22.55365922,
5844010401,-22.51841519,
5844610361,-22.47977802,
5845210321,-22.43926129,
5845810281,-22.39960577,
5846410240,-22.36999877,
5847010200,-22.33102647,
5847610160,-22.29022439,
5848210120,-22.25335569,
5848810080,-22.22131212,
5849410040,-22.18214136,
5850010000,-22.14355141,
5850609960,-22.10629091,
5851209920,-22.06770281,
5851809880,-22.03154489,
5852409840,-21.9979787,
5853009800,-21.95739606,
5853609760,-21.92110365,
5854209720,-21.88637569,
5854809680,-21.8427213,
5855409640,-21.81691799,
5856009600,-21.77697366,
5856609560,-21.74384794,
5857209520,-21.70348738,
5857809480,-21.66571937,
5858409440,-21.637527,
5859009400,-21.60467989,
5859609360,-21.56382457,
5860209320,-21.52797111,
5860809280,-21.50111827,
5861409240,-21.46029235,
5862009200,-21.43599295,
5862609160,-21.39264656,
5863209120,-21.36593411,
5863809080,-21.34170233,
5864409040,-21.3020495,
5865009000,-21.27372215,
5865608960,-21.24348824,
5866208920,-21.20787153,
5866808880,-21.17532792,
5867408840,-21.14499005,
5868008800,-21.12171832,
5868608760,-21.08638595,
5869208720,-21.05919868,
5869808680,-21.0319384,
5870408640,-21.01006376,
5871008600,-20.9733912,
5871608560,-20.94471533,
5872208520,-20.92098733,
5872808480,-20.90089602,
5873408440,-20.86930624,
5874008400,-20.85358168,
5874608360,-20.8209224,
5875208320,-20.80310859,
5875808280,-20.77237919,
5876408240,-20.75056998,
5877008200,-20.72637558,
5877608160,-20.70103299,
5878208120,-20.68260828,
5878808080,-20.65223038,
5879408040,-20.64000038,
5880008000,-20.62254868,
5880607960,-20.60145073,
5881207920,-20.58241604,
5881807880,-20.5582433,
5882407840,-20.54160763,
5883007800,-20.5202597,
5883607760,-20.50539999,
5884207720,-20.4911548,
5884807680,-20.47116527,
5885407640,-20.46147303,
5886007600,-20.44886851,
5886607560,-20.43843912,
5887207520,-20.41556824,
5887807480,-20.40332325,
5888407440,-20.39754423,
5889007400,-20.38208646,
5889607360,-20.37583724,
5890207320,-20.36193744,
5890807280,-20.34594685,
5891407240,-20.34131636,
5892007200,-20.32989964,
5892607160,-20.32903883,
5893207120,-20.32334693,
5893807080,-20.31123614,
5894407040,-20.30926096,
5895007000,-20.30181772,
5895606960,-20.29994755,
5896206920,-20.28811003,
5896806880,-20.29629034,
5897406840,-20.28418947,
5898006800,-20.28099404,
5898606760,-20.28372358,
5899206720,-20.27967494,
5899806680,-20.28613494,
5900406640,-20.28985819,
5901006600,-20.28475762,
5901606560,-20.28681744,
5902206520,-20.28267913,
5902806480,-20.29153401,
5903406440,-20.2919945,
5904006400,-20.29476866,
5904606360,-20.30190202,
5905206320,-20.3097403,
5905806280,-20.31020322,
5906406240,-20.32009857,
5907006200,-20.32971459,
5907606160,-20.33789304,
5908206120,-20.34797115,
5908806080,-20.35135369,
5909406040,-20.35877078,
5910006000,-20.37780128,
5910605960,-20.38758499,
5911205920,-20.40316099,
5911805880,-20.41007109,
5912405840,-20.42276584,
5913005800,-20.43276929,
5913605760,-20.45331817,
5914205720,-20.46793217,
5914805680,-20.48045269,
5915405640,-20.49372255,
5916005600,-20.51339095,
5916605560,-20.52986464,
5917205520,-20.54838345,
5917805480,-20.56565661,
5918405440,-20.58671605,
5919005400,-20.60096884,
5919605360,-20.6260027,
5920205320,-20.64241055,
5920805280,-20.66514801,
5921405240,-20.68335231,
5922005200,-20.70468829,
5922605160,-20.72768046,
5923205120,-20.75284878,
5923805080,-20.77715403,
5924405040,-20.80156897,
5925005000,-20.82634827,
5925604960,-20.85126072,
5926204920,-20.87345066,
5926804880,-20.89849138,
5927404840,-20.9254927,
5928004800,-20.94863634,
5928604760,-20.97997543,
5929204720,-21.00923336,
5929804680,-21.03614076,
5930404640,-21.06367772,
5931004600,-21.09094203,
5931604560,-21.11868405,
5932204520,-21.14868441,
5932804480,-21.17784251,
5933404440,-21.20751131,
5934004400,-21.23871022,
5934604360,-21.26711714,
5935204320,-21.29867513,
5935804280,-21.32935821,
5936404240,-21.3642029,
5937004200,-21.3952366,
5937604160,-21.42661054,
5938204120,-21.4600404,
5938804080,-21.49398058,
5939404040,-21.52819153,
5940004000,-21.56067961,
5940603960,-21.59310709,
5941203920,-21.63138554,
5941803880,-21.66404101,
5942403840,-21.69920669,
5943003800,-21.73548751,
5943603760,-21.77159925,
5944203720,-21.80580406,
5944803680,-21.84101534,
5945403640,-21.87735726,
5946003600,-21.91014564,
5946603560,-21.94731369,
5947203520,-21.98622814,
5947803480,-22.02123444,
5948403440,-22.05788584,
5949003400,-22.09753777,
5949603360,-22.13281081,
5950203320,-22.17199012,
5950803280,-22.20927671,
5951403240,-22.24600798,
5952003200,-22.28458962,
5952603160,-22.32460788,
5953203120,-22.36373757,
5953803080,-22.40168176,
5954403040,-22.43684492,
5955003000,-22.47539226,
5955602960,-22.51495544,
5956202920,-22.55632948,
5956802880,-22.59160297,
5957402840,-22.63311925,
5958002800,-22.67429797,
5958602760,-22.71113181,
5959202720,-22.74904893,
5959802680,-22.79023151,
5960402640,-22.82919563,
5961002600,-22.86827092,
5961602560,-22.9083407,
5962202520,-22.94546844,
5962802480,-22.98505121,
5963402440,-23.02561069,
5964002400,-23.06487737,
5964602360,-23.1035295,
5965202320,-23.14608734,
5965802280,-23.18722279,
5966402240,-23.22517174,
5967002200,-23.26241116,
5967602160,-23.30247549,
5968202120,-23.35550788,
5968802080,-23.38480376,
5969402040,-23.42821331,
5970002000,-23.46585727,
5970601960,-23.5096547,
5971201920,-23.54624213,
5971801880,-23.5885204,
5972401840,-23.62297233,
5973001800,-23.66274818,
5973601760,-23.6980257,
5974201720,-23.74049983,
5974801680,-23.77951123,
5975401640,-23.81996669,
5976001600,-23.86612882,
5976601560,-23.89089388,
5977201520,-23.93436333,
5977801480,-23.96536485,
5978401440,-24.00939216,
5979001400,-24.05288502,
5979601360,-24.09124967,
5980201320,-24.11829137,
5980801280,-24.16194534,
5981401240,-24.20423284,
5982001200,-24.24068615,
5982601160,-24.26857266,
5983201120,-24.30893924,
5983801080,-24.3480073,
5984401040,-24.3807569,
5985001000,-24.42645188,
5985600960,-24.45092887,
5986200920,-24.49353508,
5986800880,-24.53956907,
5987400840,-24.56804923,
5988000800,-24.59581642,
5988600760,-24.63509766,
5989200720,-24.6740886,
5989800680,-24.71402788,
5990400640,-24.74610902,
5991000600,-24.78072437,
5991600560,-24.8110409,
5992200520,-24.84847621,
5992800480,-24.88194491,
5993400440,-24.91583795,
5994000400,-24.95204695,
5994600360,-24.98583585,
5995200320,-25.00922097,
5995800280,-25.04029822,
5996400240,-25.07816679,
5997000200,-25.11094914,
5997600160,-25.13594812,
5998200120,-25.16607229,
5998800080,-25.19526525,
5999400040,-25.22203384,
6000000000,-25.25463047,
