Frequency,S12_Magnitude,
1000000,-3.399201758,
1599959,-3.386550805,
2199919,-3.227286909,
2799879,-3.016020941,
3399839,-3.121696385,
3999799,-3.046237438,
4599759,-2.914560829,
5199719,-3.062457244,
5799679,-3.137869336,
6399639,-3.082604271,
6999599,-3.314086444,
7599559,-3.384330762,
8199519,-3.54589255,
8799479,-3.636438047,
9399439,-3.797244238,
9999399,-4.093115462,
10599359,-4.083680555,
11199319,-4.285725482,
11799279,-4.479578367,
12399239,-4.599959384,
12999199,-4.737576999,
13599159,-4.86231464,
14199119,-5.155777168,
14799079,-5.36692484,
15399039,-5.56295525,
15998999,-5.725867463,
16598959,-5.970996224,
17198919,-6.276883105,
17798879,-6.520768936,
18398839,-6.681912067,
18998799,-6.809726244,
19598759,-7.130829642,
20198719,-7.201949186,
20798679,-7.553414596,
21398639,-7.758147241,
21998599,-7.954523856,
22598559,-8.185588776,
23198519,-8.466352176,
23798479,-8.680936346,
24398439,-9.075569235,
24998399,-9.324633509,
25598359,-9.423786205,
26198319,-9.920434781,
26798279,-10.24879096,
27398239,-10.33406134,
27998199,-10.63198704,
28598159,-10.96798234,
29198119,-11.42330611,
29798079,-11.76906953,
30398039,-11.89385638,
30997999,-12.27388406,
31597959,-12.85459676,
32197919,-13.08415999,
32797879,-13.34194122,
33397839,-13.91390665,
33997799,-14.64066651,
34597759,-14.8064301,
35197719,-14.97881629,
35797679,-15.43501825,
36397639,-16.09270207,
36997599,-16.86599035,
37597559,-17.57152583,
38197519,-17.91410931,
38797479,-18.52147797,
39397439,-18.96725376,
39997399,-20.20463196,
40597359,-21.14844803,
41197319,-22.50816608,
41797279,-23.0207696,
42397239,-24.19863858,
42997199,-25.2796991,
43597159,-26.17916032,
44197119,-29.91404831,
44797079,-36.92150463,
45397039,-38.31397965,
45996999,-41.14601349,
46596959,-44.58259326,
47196919,-37.6785459,
47796879,-36.77552815,
48396839,-29.02123996,
48996799,-26.63541401,
49596759,-25.31608235,
50196719,-24.24964016,
50796679,-23.38632278,
51396639,-22.85797326,
51996599,-22.0717736,
52596559,-20.39295583,
53196519,-19.18945451,
53796479,-18.32607244,
54396439,-18.16982237,
54996399,-17.46336553,
55596359,-17.37870477,
56196319,-16.95517701,
56796279,-15.65056536,
57396239,-15.45620892,
57996199,-15.00401131,
58596159,-14.36366373,
59196119,-14.24440387,
59796079,-13.67004068,
60396039,-13.42756975,
60995999,-12.98445717,
61595959,-12.70068392,
62195919,-12.32153363,
62795879,-12.02289766,
63395839,-11.6994794,
63995799,-11.40328714,
64595759,-11.05049986,
65195719,-10.66134299,
65795679,-10.57291816,
66395639,-10.3645977,
66995599,-10.17365112,
67595559,-9.999231315,
68195519,-9.726918428,
68795479,-9.48817792,
69395439,-9.163162429,
69995399,-9.037303609,
70595359,-8.895534748,
71195319,-8.728091749,
71795279,-8.47405557,
72395239,-8.444744069,
72995199,-8.180656495,
73595159,-7.91959383,
74195119,-7.70294904,
74795079,-7.676133658,
75395039,-7.56126525,
75994999,-7.41502228,
76594959,-7.343552291,
77194919,-7.126126367,
77794879,-7.165782687,
78394839,-6.826039321,
78994799,-6.784747844,
79594759,-6.64862087,
80194719,-6.493006042,
80794679,-6.424065554,
81394639,-6.373873385,
81994599,-6.340163289,
82594559,-6.218282633,
83194519,-6.141890294,
83794479,-6.072458313,
84394439,-5.953799258,
84994399,-5.919636617,
85594359,-5.676946601,
86194319,-5.661946433,
86794279,-5.551167917,
87394239,-5.578627704,
87994199,-5.445897904,
88594159,-5.456929577,
89194119,-5.364887504,
89794079,-5.275789331,
90394039,-5.219194894,
90993999,-5.229288487,
91593959,-5.088586628,
92193919,-5.098095885,
92793879,-5.075133355,
93393839,-5.108507184,
93993799,-4.950976038,
94593759,-4.969897546,
95193719,-4.961781655,
95793679,-4.825698514,
96393639,-4.795137453,
96993599,-4.761789364,
97593559,-4.657095602,
98193519,-4.683484899,
98793479,-4.636633595,
99393439,-4.643061306,
99993399,-4.53053294,
100593359,-4.58488789,
101193319,-4.55220489,
101793279,-4.485050374,
102393239,-4.513539226,
102993199,-4.447401078,
103593159,-4.455712205,
104193119,-4.429429327,
104793079,-4.410357146,
105393039,-4.199253935,
105992999,-4.303917493,
106592959,-4.288393036,
107192919,-4.316470279,
107792879,-4.338560546,
108392839,-4.268056743,
108992799,-4.216625334,
109592759,-4.228432825,
110192719,-4.238715117,
110792679,-4.189459741,
111392639,-4.203673342,
111992599,-4.167136009,
112592559,-4.158432309,
113192519,-4.083622938,
113792479,-4.19983384,
114392439,-4.136671684,
114992399,-4.086230204,
115592359,-4.100974345,
116192319,-4.092434195,
116792279,-4.130940552,
117392239,-4.004879664,
117992199,-4.091472108,
118592159,-3.98349022,
119192119,-4.170043476,
119792079,-4.119115371,
120392039,-4.138676448,
120991999,-4.090123875,
121591959,-4.031078777,
122191919,-3.983707729,
122791879,-4.019549201,
123391839,-4.004301332,
123991799,-3.972622744,
124591759,-4.024702822,
125191719,-4.05625173,
125791679,-3.977957546,
126391639,-3.996507989,
126991599,-3.977552501,
127591559,-3.99038982,
128191519,-3.909731161,
128791479,-4.062529827,
129391439,-4.128272763,
129991399,-3.939184976,
130591359,-4.014588678,
131191319,-3.920704053,
131791279,-3.99898511,
132391239,-3.986402051,
132991199,-3.926999319,
133591159,-4.015788184,
134191119,-4.011991841,
134791079,-4.05061819,
135391039,-3.988717441,
135990999,-3.940021321,
136590959,-4.029616203,
137190919,-4.014333111,
137790879,-4.017777796,
138390839,-3.960602728,
138990799,-4.005840578,
139590759,-3.973513443,
140190719,-3.9641483,
140790679,-3.971623833,
141390639,-3.984435671,
141990599,-3.921468752,
142590559,-4.104428532,
143190519,-3.955177581,
143790479,-4.047685848,
144390438,-3.994221219,
144990398,-4.042734786,
145590358,-3.994432702,
146190318,-3.95284384,
146790278,-3.964389208,
147390238,-3.929206544,
147990198,-3.98972837,
148590158,-3.971064372,
149190118,-3.897766791,
149790078,-3.978736769,
150390038,-4.03078606,
150989998,-3.993280335,
151589958,-4.019679818,
152189918,-4.072052959,
152789878,-3.975487596,
153389838,-3.99455475,
153989798,-3.991264609,
154589758,-4.010865027,
155189718,-4.062650116,
155789678,-4.025316884,
156389638,-4.009688456,
156989598,-4.023104456,
157589558,-3.989413135,
158189518,-4.079391722,
158789478,-3.98102223,
159389438,-3.990378192,
159989398,-3.994695081,
160589358,-4.1334465,
161189318,-3.948813831,
161789278,-3.945793601,
162389238,-3.964135358,
162989198,-3.941532352,
163589158,-4.102404141,
164189118,-4.039816185,
164789078,-3.938320132,
165389038,-3.997930735,
165988998,-4.016803188,
166588958,-4.098786014,
167188918,-4.088380361,
167788878,-4.165747951,
168388838,-4.134500214,
168988798,-3.941200836,
169588758,-4.042955258,
170188718,-4.085141971,
170788678,-3.93776365,
171388638,-3.982456177,
171988598,-4.056411653,
172588558,-4.100707719,
173188518,-3.947530488,
173788478,-3.922589151,
174388438,-3.982287915,
174988398,-4.010621824,
175588358,-3.971688544,
176188318,-3.978940421,
176788278,-3.998718046,
177388238,-3.996490797,
177988198,-3.963989864,
178588158,-4.089002316,
179188118,-4.062091827,
179788078,-4.00704136,
180388038,-3.99930446,
180987998,-4.012236433,
181587958,-4.044618047,
182187918,-4.046318945,
182787878,-4.057297625,
183387838,-3.977347589,
183987798,-4.004143512,
184587758,-3.941766809,
185187718,-4.156995044,
185787678,-3.993210929,
186387638,-3.936641391,
186987598,-3.993594604,
187587558,-3.9496502,
188187518,-3.862516153,
188787478,-3.926867778,
189387438,-3.823698222,
189987398,-3.86016629,
190587358,-3.879822592,
191187318,-3.843074806,
191787278,-3.916366766,
192387238,-3.819783217,
192987198,-3.916922402,
193587158,-3.784799443,
194187118,-3.92204787,
194787078,-3.889479255,
195387038,-3.820292827,
195986998,-3.841959139,
196586958,-3.861641876,
197186918,-3.819487246,
197786878,-3.873228505,
198386838,-3.85833722,
198986798,-3.85791515,
199586758,-3.746867226,
200186718,-3.790463784,
200786678,-3.797595773,
201386638,-3.882125413,
201986598,-3.845154175,
202586558,-3.832721376,
203186518,-3.84966534,
203786478,-3.843946188,
204386438,-3.837255163,
204986398,-3.767997405,
205586358,-3.761458201,
206186318,-3.870477716,
206786278,-3.854723012,
207386238,-3.788899482,
207986198,-3.831126849,
208586158,-3.800589138,
209186118,-3.767595934,
209786078,-3.802959629,
210386038,-3.793132632,
210985998,-3.722598665,
211585958,-3.808436031,
212185918,-3.782552306,
212785878,-3.756166535,
213385838,-3.708480932,
213985798,-3.740499783,
214585758,-3.778393562,
215185718,-3.770684907,
215785678,-3.700088336,
216385638,-3.796547509,
216985598,-3.719144327,
217585558,-3.719308606,
218185518,-3.668390635,
218785478,-3.707945688,
219385438,-3.712262102,
219985398,-3.67283492,
220585358,-3.668667006,
221185318,-3.671011571,
221785278,-3.666798296,
222385238,-3.724404919,
222985198,-3.652437101,
223585158,-3.54712183,
224185118,-3.533045905,
224785078,-3.566655351,
225385038,-3.572527198,
225984998,-3.466390543,
226584958,-3.493074827,
227184918,-3.463420066,
227784878,-3.414848224,
228384838,-3.479571447,
228984798,-3.414486623,
229584758,-3.413787123,
230184718,-3.355275143,
230784678,-3.358971061,
231384638,-3.458996859,
231984598,-3.395749609,
232584558,-3.42968122,
233184518,-3.427535706,
233784478,-3.375972787,
234384438,-3.439882141,
234984398,-3.402381002,
235584358,-3.402293045,
236184318,-3.46667569,
236784278,-3.367222419,
237384238,-3.376468819,
237984198,-3.315272941,
238584158,-3.321126051,
239184118,-3.325033902,
239784078,-3.338709974,
240384038,-3.26056846,
240983998,-3.339157676,
241583958,-3.307119465,
242183918,-3.278073766,
242783878,-3.305755801,
243383838,-3.280180702,
243983798,-3.299849646,
244583758,-3.304828022,
245183718,-3.299217223,
245783678,-3.250644389,
246383638,-3.24378479,
246983598,-3.282710155,
247583558,-3.149919575,
248183518,-3.227308749,
248783478,-3.32224479,
249383438,-3.176382852,
249983398,-3.250524428,
250583358,-3.158809077,
251183318,-3.251414598,
251783278,-3.186103068,
252383238,-3.301914718,
252983198,-3.307274366,
253583158,-3.217763275,
254183118,-3.239921859,
254783078,-3.216614302,
255383038,-3.284456586,
255982998,-3.207003598,
256582958,-3.192098672,
257182918,-3.221562911,
257782878,-3.242817746,
258382838,-3.290832982,
258982798,-3.210124349,
259582758,-3.231274203,
260182718,-3.287202441,
260782678,-3.284406271,
261382638,-3.301111992,
261982598,-3.289957611,
262582558,-3.247235996,
263182518,-3.297575834,
263782478,-3.218423836,
264382438,-3.295267781,
264982398,-3.215567079,
265582358,-3.256607811,
266182318,-3.226574912,
266782278,-3.2326772,
267382238,-3.253081568,
267982198,-3.302024215,
268582158,-3.304683103,
269182118,-3.243132148,
269782078,-3.278512565,
270382038,-3.223041515,
270981998,-3.252649014,
271581958,-3.252473361,
272181918,-3.272269717,
272781878,-3.281820758,
273381838,-3.258856588,
273981798,-3.169291788,
274581758,-3.325641804,
275181718,-3.248259851,
275781678,-3.24828601,
276381638,-3.291623573,
276981598,-3.356014859,
277581558,-3.326726279,
278181518,-3.297101799,
278781478,-3.276972435,
279381438,-3.359497793,
279981398,-3.330256579,
280581358,-3.333673566,
281181318,-3.37879905,
281781278,-3.386577043,
282381238,-3.356592777,
282981198,-3.363353273,
283581158,-3.336738973,
284181118,-3.398998598,
284781078,-3.358117262,
285381038,-3.446861502,
285980998,-3.397045379,
286580958,-3.359674582,
287180917,-3.436951909,
287780877,-3.343244766,
288380837,-3.422587167,
288980797,-3.439503235,
289580757,-3.422807302,
290180717,-3.448701777,
290780677,-3.452894997,
291380637,-3.448992108,
291980597,-3.433818864,
292580557,-3.451951458,
293180517,-3.41949466,
293780477,-3.489291163,
294380437,-3.397469367,
294980397,-3.545314768,
295580357,-3.513702085,
296180317,-3.595174165,
296780277,-3.486590412,
297380237,-3.517510608,
297980197,-3.504560846,
298580157,-3.552797614,
299180117,-3.53666672,
299780077,-3.60351468,
300380037,-3.565504332,
300979997,-3.556856784,
301579957,-3.554081408,
302179917,-3.604162996,
302779877,-3.59544056,
303379837,-3.553243334,
303979797,-3.610130324,
304579757,-3.583949393,
305179717,-3.557526636,
305779677,-3.566580544,
306379637,-3.666057435,
306979597,-3.680593915,
307579557,-3.638444124,
308179517,-3.691933277,
308779477,-3.727155632,
309379437,-3.554505486,
309979397,-3.593643166,
310579357,-3.660601681,
311179317,-3.685480682,
311779277,-3.638542938,
312379237,-3.685233307,
312979197,-3.63214071,
313579157,-3.656951619,
314179117,-3.687529008,
314779077,-3.699093228,
315379037,-3.692049228,
315978997,-3.667117465,
316578957,-3.704067589,
317178917,-3.743921299,
317778877,-3.811492941,
318378837,-3.740534302,
318978797,-3.663269777,
319578757,-3.679626653,
320178717,-3.747898524,
320778677,-3.734381412,
321378637,-3.783287529,
321978597,-3.678888439,
322578557,-3.770945618,
323178517,-3.748426736,
323778477,-3.740456606,
324378437,-3.809039102,
324978397,-3.77318293,
325578357,-3.717563023,
326178317,-3.76107787,
326778277,-3.854112821,
327378237,-3.803030104,
327978197,-3.734605477,
328578157,-3.768334018,
329178117,-3.800331992,
329778077,-3.769247786,
330378037,-3.791977754,
330977997,-3.710395118,
331577957,-3.820905145,
332177917,-3.887971442,
332777877,-3.817301956,
333377837,-3.826822127,
333977797,-3.867263127,
334577757,-3.804619628,
335177717,-3.894574392,
335777677,-3.832369466,
336377637,-3.868505995,
336977597,-3.857902627,
337577557,-3.800413648,
338177517,-3.863170494,
338777477,-3.759210877,
339377437,-3.870737176,
339977397,-3.758467579,
340577357,-3.828117,
341177317,-3.793231194,
341777277,-3.860970914,
342377237,-3.843829217,
342977197,-3.802811785,
343577157,-3.771485097,
344177117,-3.780019128,
344777077,-3.819264245,
345377037,-3.790157435,
345976997,-3.864312584,
346576957,-3.711485903,
347176917,-3.747422214,
347776877,-3.748176754,
348376837,-3.828635976,
348976797,-3.736251783,
349576757,-3.842541687,
350176717,-3.841928814,
350776677,-3.804421084,
351376637,-3.763709937,
351976597,-3.810471363,
352576557,-3.815566025,
353176517,-3.786600068,
353776477,-3.739912288,
354376437,-3.777821302,
354976397,-3.813213382,
355576357,-3.78860485,
356176317,-3.820903061,
356776277,-3.793631438,
357376237,-3.772640586,
357976197,-3.760871782,
358576157,-3.708956988,
359176117,-3.745375967,
359776077,-3.771598595,
360376037,-3.764682817,
360975997,-3.739339348,
361575957,-3.797990971,
362175917,-3.802062083,
362775877,-3.701297097,
363375837,-3.709788616,
363975797,-3.704428513,
364575757,-3.672469439,
365175717,-3.645563752,
365775677,-3.768973529,
366375637,-3.682149792,
366975597,-3.643077275,
367575557,-3.738425259,
368175517,-3.703098767,
368775477,-3.685740002,
369375437,-3.577174988,
369975397,-3.692933549,
370575357,-3.683804656,
371175317,-3.699245329,
371775277,-3.565637436,
372375237,-3.686733893,
372975197,-3.565888748,
373575157,-3.660216085,
374175117,-3.624063753,
374775077,-3.597537673,
375375037,-3.696829967,
375974997,-3.560703905,
376574957,-3.608336207,
377174917,-3.604286201,
377774877,-3.611685614,
378374837,-3.446251923,
378974797,-3.515670759,
379574757,-3.513812438,
380174717,-3.467100985,
380774677,-3.535470722,
381374637,-3.531255462,
381974597,-3.604635264,
382574557,-3.586730268,
383174517,-3.414638746,
383774477,-3.492924189,
384374437,-3.483748502,
384974397,-3.427332064,
385574357,-3.537947177,
386174317,-3.455400599,
386774277,-3.517182511,
387374237,-3.482730099,
387974197,-3.361365558,
388574157,-3.465283594,
389174117,-3.4147179,
389774077,-3.391128101,
390374037,-3.464727773,
390973997,-3.385475833,
391573957,-3.434799101,
392173917,-3.449199539,
392773877,-3.398344358,
393373837,-3.387187161,
393973797,-3.391487732,
394573757,-3.376657414,
395173717,-3.344788879,
395773677,-3.28158609,
396373637,-3.379815966,
396973597,-3.355206348,
397573557,-3.386571892,
398173517,-3.342135306,
398773477,-3.38540669,
399373437,-3.364554223,
399973397,-3.327701023,
400573357,-3.319308172,
401173317,-3.393505745,
401773277,-3.295947306,
402373237,-3.304183575,
402973197,-3.367190871,
403573157,-3.339641929,
404173117,-3.317263679,
404773077,-3.386639493,
405373037,-3.287840624,
405972997,-3.36511807,
406572957,-3.207210046,
407172917,-3.28424539,
407772877,-3.360965552,
408372837,-3.280172303,
408972797,-3.249898263,
409572757,-3.262922047,
410172717,-3.208960429,
410772677,-3.226653706,
411372637,-3.248045388,
411972597,-3.245068542,
412572557,-3.229840544,
413172517,-3.252568681,
413772477,-3.201792597,
414372437,-3.309272607,
414972397,-3.254679754,
415572357,-3.3723988,
416172317,-3.207881912,
416772277,-3.171389872,
417372237,-3.359752932,
417972197,-3.183810561,
418572157,-3.189385739,
419172117,-3.226491306,
419772077,-3.313351172,
420372037,-3.125450854,
420971997,-3.187087836,
421571957,-3.223732598,
422171917,-3.131514257,
422771877,-3.30186911,
423371837,-3.198049599,
423971797,-3.279744478,
424571757,-3.222264865,
425171717,-3.230016691,
425771677,-3.209507302,
426371637,-3.218742882,
426971597,-3.316271281,
427571557,-3.138478823,
428171517,-3.17491726,
428771477,-3.251330839,
429371437,-3.223723589,
429971396,-3.232340337,
430571356,-3.18874623,
431171316,-3.193066842,
431771276,-3.270528908,
432371236,-3.189221312,
432971196,-3.180443424,
433571156,-3.195093647,
434171116,-3.204425373,
434771076,-3.162958419,
435371036,-3.143190539,
435970996,-3.157895449,
436570956,-3.092215327,
437170916,-3.168382001,
437770876,-3.139653289,
438370836,-3.178446546,
438970796,-3.228400429,
439570756,-3.127667649,
440170716,-3.246971132,
440770676,-3.199527949,
441370636,-3.231704452,
441970596,-3.154585409,
442570556,-3.086209802,
443170516,-3.171198284,
443770476,-3.185040638,
444370436,-3.219887171,
444970396,-3.118011351,
445570356,-3.172305017,
446170316,-3.15158324,
446770276,-3.288798614,
447370236,-3.17291032,
447970196,-3.157496586,
448570156,-3.091470521,
449170116,-3.146012438,
449770076,-3.167672513,
450370036,-3.11074441,
450969996,-3.210769393,
451569956,-3.201152824,
452169916,-3.036708491,
452769876,-3.10322749,
453369836,-3.22253945,
453969796,-3.144532959,
454569756,-3.18834595,
455169716,-3.050575667,
455769676,-3.143720997,
456369636,-3.137028355,
456969596,-3.111410041,
457569556,-3.194251463,
458169516,-3.147872204,
458769476,-3.159811538,
459369436,-3.094545266,
459969396,-3.190150817,
460569356,-3.176772834,
461169316,-3.165792251,
461769276,-3.16936123,
462369236,-3.059165688,
462969196,-3.194006197,
463569156,-3.243146063,
464169116,-3.209644765,
464769076,-3.217294836,
465369036,-3.264465017,
465968996,-3.203895437,
466568956,-3.112676779,
467168916,-3.13996216,
467768876,-3.220152982,
468368836,-3.186996886,
468968796,-3.17863587,
469568756,-3.109837005,
470168716,-3.213936102,
470768676,-3.193602214,
471368636,-3.279242792,
471968596,-3.178937327,
472568556,-3.23176995,
473168516,-3.23537248,
473768476,-3.294245975,
474368436,-3.194939058,
474968396,-3.19203172,
475568356,-3.202294804,
476168316,-3.262570509,
476768276,-3.187117087,
477368236,-3.289039118,
477968196,-3.251820262,
478568156,-3.25662444,
479168116,-3.19949983,
479768076,-3.241387811,
480368036,-3.277707373,
480967996,-3.375567062,
481567956,-3.337291883,
482167916,-3.261673738,
482767876,-3.275951488,
483367836,-3.255608568,
483967796,-3.388300653,
484567756,-3.298489198,
485167716,-3.374726163,
485767676,-3.210320454,
486367636,-3.284580756,
486967596,-3.320839872,
487567556,-3.326482281,
488167516,-3.29421647,
488767476,-3.475471429,
489367436,-3.29660743,
489967396,-3.36501427,
490567356,-3.39196566,
491167316,-3.373736452,
491767276,-3.421812158,
492367236,-3.37871334,
492967196,-3.429885864,
493567156,-3.463834655,
494167116,-3.402018198,
494767076,-3.498195353,
495367036,-3.390111515,
495966996,-3.447156539,
496566956,-3.441473478,
497166916,-3.479816769,
497766876,-3.546693866,
498366836,-3.421929416,
498966796,-3.532825779,
499566756,-3.433490995,
500166716,-3.535039147,
500766676,-3.494134647,
501366636,-3.483341182,
501966596,-3.474997618,
502566556,-3.471705948,
503166516,-3.563621134,
503766476,-3.547317357,
504366436,-3.569571349,
504966396,-3.590936266,
505566356,-3.617389539,
506166316,-3.499324309,
506766276,-3.491716111,
507366236,-3.509889733,
507966196,-3.584937073,
508566156,-3.569213801,
509166116,-3.607772785,
509766076,-3.536185048,
510366036,-3.655507964,
510965996,-3.580427464,
511565956,-3.586092138,
512165916,-3.57251884,
512765876,-3.581624415,
513365836,-3.617616769,
513965796,-3.590940189,
514565756,-3.543866794,
515165716,-3.651414613,
515765676,-3.57370393,
516365636,-3.591439017,
516965596,-3.673655107,
517565556,-3.734012734,
518165516,-3.622439061,
518765476,-3.733821488,
519365436,-3.662163779,
519965396,-3.675538353,
520565356,-3.675864202,
521165316,-3.713903019,
521765276,-3.740689608,
522365236,-3.756059519,
522965196,-3.735644673,
523565156,-3.717910185,
524165116,-3.832079263,
524765076,-3.846352582,
525365036,-3.776926298,
525964996,-3.767523212,
526564956,-3.773680766,
527164916,-3.757027517,
527764876,-3.835036015,
528364836,-3.804863404,
528964796,-3.861775121,
529564756,-3.873712551,
530164716,-3.867150288,
530764676,-3.926147575,
531364636,-3.811123743,
531964596,-4.009729583,
532564556,-3.907826374,
533164516,-3.849803485,
533764476,-3.913765573,
534364436,-3.996168096,
534964396,-3.907704742,
535564356,-3.995511608,
536164316,-3.947294662,
536764276,-3.960574535,
537364236,-3.976857592,
537964196,-3.988520084,
538564156,-4.008399192,
539164116,-4.059519576,
539764076,-4.05030887,
540364036,-4.045645353,
540963996,-3.908733831,
541563956,-4.050910812,
542163916,-4.101695226,
542763876,-4.093469551,
543363836,-4.153928982,
543963796,-4.129266861,
544563756,-4.177902441,
545163716,-4.253914882,
545763676,-4.066026652,
546363636,-4.107650662,
546963596,-4.290274864,
547563556,-4.179964997,
548163516,-4.196974595,
548763476,-4.122384347,
549363436,-4.163176631,
549963396,-4.303989858,
550563356,-4.261711287,
551163316,-4.243997912,
551763276,-4.171739986,
552363236,-4.261749402,
552963196,-4.273474827,
553563156,-4.313077584,
554163116,-4.316889897,
554763076,-4.268792637,
555363036,-4.288548071,
555962996,-4.234893816,
556562956,-4.256278762,
557162916,-4.300747269,
557762876,-4.337081799,
558362836,-4.329083182,
558962796,-4.298753832,
559562756,-4.36490177,
560162716,-4.341652399,
560762676,-4.333511905,
561362636,-4.362842653,
561962596,-4.33144328,
562562556,-4.373474579,
563162516,-4.491257701,
563762476,-4.409558502,
564362436,-4.362111124,
564962396,-4.418218604,
565562356,-4.413996904,
566162316,-4.404588624,
566762276,-4.429715608,
567362236,-4.391948995,
567962196,-4.47038826,
568562156,-4.415673698,
569162116,-4.338533329,
569762076,-4.397764338,
570362036,-4.458136712,
570961996,-4.405011008,
571561956,-4.534612088,
572161916,-4.487808248,
572761875,-4.618660109,
573361835,-4.521955712,
573961795,-4.479533668,
574561755,-4.43055864,
575161715,-4.488506473,
575761675,-4.466540285,
576361635,-4.466804409,
576961595,-4.507998541,
577561555,-4.5263224,
578161515,-4.561034768,
578761475,-4.437680544,
579361435,-4.462855033,
579961395,-4.524360808,
580561355,-4.513649855,
581161315,-4.610627977,
581761275,-4.495484647,
582361235,-4.517859346,
582961195,-4.600120928,
583561155,-4.627096906,
584161115,-4.543650273,
584761075,-4.55013546,
585361035,-4.537597562,
585960995,-4.59244363,
586560955,-4.570190108,
587160915,-4.516901381,
587760875,-4.532227599,
588360835,-4.499406992,
588960795,-4.632929731,
589560755,-4.548250448,
590160715,-4.588822442,
590760675,-4.624154435,
591360635,-4.546587198,
591960595,-4.709217536,
592560555,-4.588475487,
593160515,-4.662631224,
593760475,-4.588591105,
594360435,-4.619069276,
594960395,-4.666837423,
595560355,-4.599317155,
596160315,-4.536436033,
596760275,-4.537625427,
597360235,-4.580001108,
597960195,-4.595062708,
598560155,-4.524336082,
599160115,-4.621908826,
599760075,-4.654250907,
600360035,-4.635810146,
600959995,-4.503546494,
601559955,-4.619577671,
602159915,-4.532120529,
602759875,-4.716690676,
603359835,-4.524198089,
603959795,-4.607563915,
604559755,-4.61788752,
605159715,-4.545487906,
605759675,-4.650701576,
606359635,-4.581828376,
606959595,-4.524980566,
607559555,-4.598523073,
608159515,-4.595097143,
608759475,-4.602927356,
609359435,-4.617692245,
609959395,-4.529576761,
610559355,-4.513582777,
611159315,-4.51242975,
611759275,-4.636848078,
612359235,-4.616527764,
612959195,-4.546331469,
613559155,-4.595722074,
614159115,-4.597509412,
614759075,-4.525997466,
615359035,-4.443796564,
615958995,-4.633978822,
616558955,-4.564625288,
617158915,-4.528058538,
617758875,-4.464849105,
618358835,-4.566511506,
618958795,-4.651117741,
619558755,-4.592497169,
620158715,-4.573790582,
620758675,-4.60843068,
621358635,-4.44620036,
621958595,-4.528669182,
622558555,-4.519348814,
623158515,-4.493404593,
623758475,-4.521606385,
624358435,-4.502080124,
624958395,-4.482105894,
625558355,-4.55492813,
626158315,-4.493002372,
626758275,-4.457872409,
627358235,-4.616381477,
627958195,-4.511860267,
628558155,-4.39433202,
629158115,-4.421492392,
629758075,-4.409037999,
630358035,-4.497306781,
630957995,-4.400417556,
631557955,-4.280807272,
632157915,-4.441542715,
632757875,-4.415926985,
633357835,-4.411502248,
633957795,-4.379411417,
634557755,-4.400417583,
635157715,-4.399577002,
635757675,-4.420791203,
636357635,-4.399898827,
636957595,-4.412983926,
637557555,-4.325707715,
638157515,-4.363983931,
638757475,-4.373358446,
639357435,-4.336656656,
639957395,-4.311233602,
640557355,-4.397072721,
641157315,-4.40996932,
641757275,-4.269074418,
642357235,-4.395215829,
642957195,-4.298928587,
643557155,-4.272122335,
644157115,-4.312877012,
644757075,-4.248033318,
645357035,-4.303996409,
645956995,-4.339153592,
646556955,-4.293373842,
647156915,-4.177147425,
647756875,-4.220431648,
648356835,-4.193796531,
648956795,-4.254959118,
649556755,-4.234318931,
650156715,-4.241042083,
650756675,-4.182149062,
651356635,-4.299036501,
651956595,-4.214588317,
652556555,-4.181686115,
653156515,-4.161199647,
653756475,-4.245057576,
654356435,-4.220359477,
654956395,-4.143532924,
655556355,-4.223908892,
656156315,-4.158404592,
656756275,-4.140818943,
657356235,-4.269959876,
657956195,-4.202061329,
658556155,-4.121132472,
659156115,-4.26344723,
659756075,-4.116201862,
660356035,-4.067289659,
660955995,-4.10403772,
661555955,-4.004533764,
662155915,-4.080983918,
662755875,-4.077639045,
663355835,-4.051519327,
663955795,-4.041786388,
664555755,-4.153222144,
665155715,-4.031002748,
665755675,-4.058697429,
666355635,-4.055847358,
666955595,-3.967513557,
667555555,-4.013119574,
668155515,-3.98876338,
668755475,-3.934411914,
669355435,-4.02294112,
669955395,-3.93354439,
670555355,-3.934918439,
671155315,-3.871014141,
671755275,-3.867070104,
672355235,-3.983053684,
672955195,-4.005674849,
673555155,-3.988070023,
674155115,-3.81419059,
674755075,-3.859329581,
675355035,-3.828404483,
675954995,-3.811403665,
676554955,-3.785217529,
677154915,-3.838775154,
677754875,-3.851992202,
678354835,-3.773881251,
678954795,-3.802035062,
679554755,-3.860935725,
680154715,-3.832013968,
680754675,-3.737658764,
681354635,-3.709606392,
681954595,-3.764153309,
682554555,-3.758558057,
683154515,-3.751547239,
683754475,-3.706288339,
684354435,-3.703487108,
684954395,-3.67029129,
685554355,-3.77089396,
686154315,-3.802061979,
686754275,-3.739536588,
687354235,-3.721407598,
687954195,-3.793306491,
688554155,-3.697782263,
689154115,-3.622698907,
689754075,-3.703644637,
690354035,-3.664477762,
690953995,-3.643817926,
691553955,-3.63532873,
692153915,-3.711117791,
692753875,-3.648297432,
693353835,-3.599218744,
693953795,-3.581868755,
694553755,-3.667247036,
695153715,-3.628131985,
695753675,-3.639063484,
696353635,-3.604271592,
696953595,-3.59340013,
697553555,-3.638767354,
698153515,-3.490190899,
698753475,-3.59945062,
699353435,-3.539307661,
699953395,-3.585438924,
700553355,-3.557112514,
701153315,-3.490370879,
701753275,-3.563372422,
702353235,-3.537876176,
702953195,-3.557461204,
703553155,-3.562421092,
704153115,-3.544674546,
704753075,-3.489188302,
705353035,-3.494747586,
705952995,-3.531993477,
706552955,-3.568609049,
707152915,-3.536067022,
707752875,-3.452815881,
708352835,-3.504115703,
708952795,-3.434833233,
709552755,-3.462017912,
710152715,-3.52784283,
710752675,-3.512123857,
711352635,-3.448438444,
711952595,-3.540706624,
712552555,-3.433955311,
713152515,-3.513164419,
713752475,-3.527923057,
714352435,-3.482149196,
714952395,-3.445666959,
715552354,-3.379497254,
716152314,-3.36465702,
716752274,-3.405493327,
717352234,-3.403021786,
717952194,-3.419174534,
718552154,-3.387506449,
719152114,-3.423621207,
719752074,-3.37533883,
720352034,-3.398094011,
720951994,-3.447317535,
721551954,-3.374593303,
722151914,-3.434065225,
722751874,-3.396103559,
723351834,-3.39214341,
723951794,-3.302518065,
724551754,-3.36919711,
725151714,-3.384923709,
725751674,-3.394118107,
726351634,-3.328232096,
726951594,-3.38944667,
727551554,-3.446526277,
728151514,-3.375567237,
728751474,-3.354475446,
729351434,-3.372131524,
729951394,-3.365334349,
730551354,-3.384408635,
731151314,-3.365363934,
731751274,-3.422862922,
732351234,-3.378594451,
732951194,-3.374122932,
733551154,-3.397475612,
734151114,-3.353430084,
734751074,-3.320718885,
735351034,-3.371841765,
735950994,-3.418415309,
736550954,-3.344408388,
737150914,-3.306982454,
737750874,-3.395816385,
738350834,-3.385049752,
738950794,-3.295234023,
739550754,-3.333774601,
740150714,-3.341734131,
740750674,-3.299038491,
741350634,-3.295470311,
741950594,-3.308524956,
742550554,-3.307547055,
743150514,-3.30704482,
743750474,-3.361181525,
744350434,-3.260824361,
744950394,-3.350457473,
745550354,-3.378902162,
746150314,-3.334470657,
746750274,-3.38393668,
747350234,-3.257051063,
747950194,-3.314777971,
748550154,-3.386554312,
749150114,-3.369851882,
749750074,-3.351268329,
750350034,-3.345419184,
750949994,-3.343369814,
751549954,-3.392882423,
752149914,-3.405977626,
752749874,-3.366246293,
753349834,-3.353054718,
753949794,-3.475287638,
754549754,-3.327505679,
755149714,-3.411806787,
755749674,-3.302589823,
756349634,-3.29441899,
756949594,-3.379215183,
757549554,-3.331686011,
758149514,-3.372221445,
758749474,-3.320408521,
759349434,-3.441315232,
759949394,-3.360134532,
760549354,-3.2756381,
761149314,-3.319853069,
761749274,-3.290692706,
762349234,-3.346437384,
762949194,-3.405617646,
763549154,-3.463633774,
764149114,-3.338713753,
764749074,-3.423993293,
765349034,-3.294489164,
765948994,-3.341325177,
766548954,-3.409701583,
767148914,-3.387616215,
767748874,-3.342925556,
768348834,-3.471767475,
768948794,-3.327450392,
769548754,-3.424866533,
770148714,-3.489714808,
770748674,-3.437433895,
771348634,-3.569327433,
771948594,-3.479381372,
772548554,-3.53389675,
773148514,-3.53472926,
773748474,-3.455252288,
774348434,-3.504812638,
774948394,-3.56384546,
775548354,-3.52564257,
776148314,-3.560680712,
776748274,-3.52195944,
777348234,-3.571774695,
777948194,-3.582615965,
778548154,-3.579097972,
779148114,-3.606854574,
779748074,-3.711006612,
780348034,-3.582048402,
780947994,-3.562383985,
781547954,-3.691155416,
782147914,-3.661378894,
782747874,-3.706898625,
783347834,-3.698008976,
783947794,-3.591079514,
784547754,-3.70475061,
785147714,-3.691584324,
785747674,-3.66277905,
786347634,-3.675649097,
786947594,-3.706124001,
787547554,-3.637407776,
788147514,-3.712949151,
788747474,-3.683337715,
789347434,-3.672733073,
789947394,-3.743586265,
790547354,-3.700273531,
791147314,-3.714121039,
791747274,-3.685942532,
792347234,-3.741648455,
792947194,-3.688812463,
793547154,-3.73773025,
794147114,-3.774668797,
794747074,-3.743396299,
795347034,-3.822059659,
795946994,-3.722974656,
796546954,-3.764675601,
797146914,-3.850785539,
797746874,-3.750684476,
798346834,-3.795381015,
798946794,-3.809252901,
799546754,-3.867919022,
800146714,-3.882546858,
800746674,-3.719163713,
801346634,-3.90058226,
801946594,-3.87035698,
802546554,-3.904745314,
803146514,-3.86491054,
803746474,-3.956669053,
804346434,-3.922718072,
804946394,-3.928029919,
805546354,-3.843958858,
806146314,-3.934395649,
806746274,-4.025744261,
807346234,-3.967622805,
807946194,-3.920223173,
808546154,-3.93156677,
809146114,-3.997273501,
809746074,-3.996126143,
810346034,-4.012447788,
810945994,-3.98505113,
811545954,-4.125745035,
812145914,-4.092752537,
812745874,-4.105858223,
813345834,-3.995653574,
813945794,-4.106912347,
814545754,-4.027181361,
815145714,-4.181643423,
815745674,-4.16564708,
816345634,-4.144498304,
816945594,-4.200900404,
817545554,-4.124541339,
818145514,-4.152276349,
818745474,-4.100729747,
819345434,-4.217867673,
819945394,-4.271911073,
820545354,-4.168504494,
821145314,-4.184704848,
821745274,-4.25493401,
822345234,-4.312389732,
822945194,-4.271580477,
823545154,-4.286781044,
824145114,-4.317684024,
824745074,-4.362782301,
825345034,-4.41465849,
825944994,-4.350257742,
826544954,-4.393369627,
827144914,-4.427625321,
827744874,-4.498755118,
828344834,-4.514553398,
828944794,-4.379627438,
829544754,-4.40988272,
830144714,-4.431730659,
830744674,-4.561527664,
831344634,-4.437111517,
831944594,-4.48076407,
832544554,-4.541109741,
833144514,-4.4709324,
833744474,-4.514652996,
834344434,-4.451822474,
834944394,-4.53610934,
835544354,-4.495455792,
836144314,-4.499618037,
836744274,-4.593648913,
837344234,-4.526238753,
837944194,-4.534423541,
838544154,-4.547453426,
839144114,-4.562545622,
839744074,-4.508738337,
840344034,-4.607248919,
840943994,-4.553656186,
841543954,-4.513186129,
842143914,-4.563763995,
842743874,-4.632395963,
843343834,-4.654560012,
843943794,-4.675868614,
844543754,-4.563064824,
845143714,-4.656927857,
845743674,-4.665810694,
846343634,-4.598935701,
846943594,-4.699268164,
847543554,-4.628685199,
848143514,-4.678504455,
848743474,-4.692181418,
849343434,-4.692727044,
849943394,-4.740619666,
850543354,-4.708238683,
851143314,-4.644215335,
851743274,-4.701814796,
852343234,-4.783825059,
852943194,-4.711733142,
853543154,-4.784252706,
854143114,-4.799831322,
854743074,-4.719431605,
855343034,-4.758786692,
855942994,-4.731712272,
856542954,-4.686064799,
857142914,-4.693071762,
857742874,-4.866529885,
858342833,-4.772837003,
858942793,-4.833747005,
859542753,-4.776736004,
860142713,-4.766557598,
860742673,-4.809848432,
861342633,-4.86971715,
861942593,-4.832677605,
862542553,-4.860879383,
863142513,-4.895271926,
863742473,-4.814130511,
864342433,-4.773894013,
864942393,-4.771342568,
865542353,-4.823029001,
866142313,-4.813136827,
866742273,-4.79749341,
867342233,-4.845558982,
867942193,-4.832889303,
868542153,-4.941994633,
869142113,-4.909808777,
869742073,-4.802499417,
870342033,-4.921511106,
870941993,-4.910101084,
871541953,-4.852612297,
872141913,-4.875721621,
872741873,-4.773500492,
873341833,-4.964124047,
873941793,-4.901641731,
874541753,-4.932332141,
875141713,-4.915775884,
875741673,-4.923196906,
876341633,-4.86383778,
876941593,-4.897186933,
877541553,-4.835829291,
878141513,-4.926870487,
878741473,-4.80212337,
879341433,-4.884678909,
879941393,-4.987191702,
880541353,-4.916914766,
881141313,-4.948001023,
881741273,-4.818581569,
882341233,-4.886707164,
882941193,-4.85840004,
883541153,-4.91470101,
884141113,-4.883157864,
884741073,-4.891151854,
885341033,-4.873529776,
885940993,-4.871439732,
886540953,-4.88757845,
887140913,-4.886357914,
887740873,-4.821907615,
888340833,-4.844309277,
888940793,-4.906278441,
889540753,-4.814689968,
890140713,-4.795773496,
890740673,-4.782394642,
891340633,-4.830823412,
891940593,-4.868364788,
892540553,-4.86149563,
893140513,-4.688169153,
893740473,-4.758221916,
894340433,-4.776828943,
894940393,-4.833125129,
895540353,-4.778707179,
896140313,-4.750813163,
896740273,-4.776874941,
897340233,-4.834434693,
897940193,-4.802432129,
898540153,-4.698132274,
899140113,-4.751440056,
899740073,-4.751999276,
900340033,-4.76307985,
900939993,-4.748773587,
901539953,-4.821116896,
902139913,-4.737650432,
902739873,-4.64981173,
903339833,-4.878901421,
903939793,-4.814847704,
904539753,-4.874974075,
905139713,-4.719722943,
905739673,-4.717127075,
906339633,-4.699369516,
906939593,-4.640897411,
907539553,-4.739959632,
908139513,-4.766059065,
908739473,-4.639515767,
909339433,-4.746952923,
909939393,-4.72400534,
910539353,-4.733877936,
911139313,-4.751930478,
911739273,-4.548366984,
912339233,-4.573231704,
912939193,-4.631221461,
913539153,-4.536974988,
914139113,-4.557917087,
914739073,-4.489414866,
915339033,-4.554126314,
915938993,-4.490443657,
916538953,-4.606901255,
917138913,-4.56806216,
917738873,-4.527566315,
918338833,-4.485553006,
918938793,-4.396359859,
919538753,-4.443314983,
920138713,-4.44192835,
920738673,-4.392479312,
921338633,-4.354971701,
921938593,-4.359221661,
922538553,-4.391257079,
923138513,-4.388441533,
923738473,-4.288681863,
924338433,-4.352251279,
924938393,-4.231265616,
925538353,-4.259500648,
926138313,-4.303059979,
926738273,-4.390469137,
927338233,-4.312404448,
927938193,-4.316399993,
928538153,-4.28664344,
929138113,-4.171263929,
929738073,-4.297410049,
930338033,-4.216590463,
930937993,-4.154730045,
931537953,-4.294272868,
932137913,-4.226673711,
932737873,-4.277940973,
933337833,-4.23555069,
933937793,-4.058573694,
934537753,-4.18755983,
935137713,-4.195619188,
935737673,-4.187471992,
936337633,-4.164455929,
936937593,-4.0966795,
937537553,-4.188992877,
938137513,-4.068930953,
938737473,-4.1134113,
939337433,-4.080977399,
939937393,-4.127251446,
940537353,-4.089899234,
941137313,-4.033592799,
941737273,-4.024188484,
942337233,-3.934768562,
942937193,-4.040899554,
943537153,-3.988206438,
944137113,-3.967759053,
944737073,-3.927331074,
945337033,-3.951535583,
945936993,-3.960531268,
946536953,-3.937303193,
947136913,-3.994500222,
947736873,-3.855789499,
948336833,-3.937302065,
948936793,-3.863234015,
949536753,-3.879703809,
950136713,-3.914859796,
950736673,-3.97195192,
951336633,-3.819703469,
951936593,-3.836289577,
952536553,-3.751397219,
953136513,-3.769096401,
953736473,-3.93769703,
954336433,-3.781342172,
954936393,-3.692904757,
955536353,-3.792768096,
956136313,-3.697837274,
956736273,-3.652552162,
957336233,-3.748628281,
957936193,-3.665039496,
958536153,-3.734712422,
959136113,-3.689449362,
959736073,-3.647420343,
960336033,-3.796813299,
960935993,-3.679919657,
961535953,-3.689376871,
962135913,-3.686264338,
962735873,-3.603929468,
963335833,-3.567481721,
963935793,-3.643551726,
964535753,-3.579566691,
965135713,-3.555621503,
965735673,-3.722453086,
966335633,-3.665372848,
966935593,-3.577300429,
967535553,-3.599787262,
968135513,-3.676942862,
968735473,-3.614986738,
969335433,-3.601054108,
969935393,-3.619963901,
970535353,-3.600184912,
971135313,-3.549018525,
971735273,-3.619183183,
972335233,-3.52586943,
972935193,-3.520499596,
973535153,-3.484836728,
974135113,-3.46282326,
974735073,-3.460813895,
975335033,-3.481394258,
975934993,-3.49050961,
976534953,-3.507331663,
977134913,-3.50672601,
977734873,-3.536422591,
978334833,-3.438060381,
978934793,-3.478071959,
979534753,-3.468108012,
980134713,-3.471243222,
980734673,-3.389725412,
981334633,-3.365817738,
981934593,-3.461952498,
982534553,-3.36539096,
983134513,-3.467113831,
983734473,-3.411108243,
984334433,-3.354236625,
984934393,-3.376429437,
985534353,-3.324189083,
986134313,-3.368217569,
986734273,-3.370393999,
987334233,-3.391863889,
987934193,-3.399772701,
988534153,-3.415726842,
989134113,-3.354662964,
989734073,-3.379905691,
990334033,-3.358128539,
990933993,-3.270885815,
991533953,-3.388948578,
992133913,-3.358527111,
992733873,-3.342015097,
993333833,-3.253701642,
993933793,-3.383741938,
994533753,-3.213027817,
995133713,-3.329076583,
995733673,-3.299443718,
996333633,-3.329719338,
996933593,-3.260670745,
997533553,-3.240794542,
998133513,-3.231675406,
998733473,-3.214446243,
999333433,-3.255597654,
999933393,-3.268095565,
1000533353,-3.246141755,
1001133312,-3.260627561,
1001733272,-3.242142678,
1002333232,-3.253850999,
1002933192,-3.205817322,
1003533152,-3.31878073,
1004133112,-3.291977153,
1004733072,-3.210657832,
1005333032,-3.254140944,
1005932992,-3.273812892,
1006532952,-3.158340634,
1007132912,-3.216569532,
1007732872,-3.224065,
1008332832,-3.217134114,
1008932792,-3.296335927,
1009532752,-3.297495981,
1010132712,-3.302391442,
1010732672,-3.284600598,
1011332632,-3.208833737,
1011932592,-3.223225618,
1012532552,-3.33626201,
1013132512,-3.220913435,
1013732472,-3.391172034,
1014332432,-3.206806326,
1014932392,-3.198202526,
1015532352,-3.211537361,
1016132312,-3.198726171,
1016732272,-3.168584084,
1017332232,-3.132982267,
1017932192,-3.339380831,
1018532152,-3.287320097,
1019132112,-3.331091428,
1019732072,-3.292184506,
1020332032,-3.372355388,
1020931992,-3.22471471,
1021531952,-3.203400034,
1022131912,-3.252840526,
1022731872,-3.295335198,
1023331832,-3.215649311,
1023931792,-3.295330991,
1024531752,-3.2770926,
1025131712,-3.239777285,
1025731672,-3.278534915,
1026331632,-3.263616661,
1026931592,-3.313458333,
1027531552,-3.307916914,
1028131512,-3.246786298,
1028731472,-3.300635159,
1029331432,-3.307128541,
1029931392,-3.35184105,
1030531352,-3.322656391,
1031131312,-3.296425983,
1031731272,-3.394877999,
1032331232,-3.285166066,
1032931192,-3.373990041,
1033531152,-3.361934326,
1034131112,-3.275578938,
1034731072,-3.327648164,
1035331032,-3.349040446,
1035930992,-3.38199185,
1036530952,-3.348557737,
1037130912,-3.367265595,
1037730872,-3.395184759,
1038330832,-3.436858796,
1038930792,-3.295146142,
1039530752,-3.258036769,
1040130712,-3.414816653,
1040730672,-3.382685311,
1041330632,-3.457405195,
1041930592,-3.310555219,
1042530552,-3.402734388,
1043130512,-3.368295307,
1043730472,-3.499842361,
1044330432,-3.417517033,
1044930392,-3.353734881,
1045530352,-3.464301402,
1046130312,-3.482663366,
1046730272,-3.41600743,
1047330232,-3.431584717,
1047930192,-3.447122572,
1048530152,-3.483742785,
1049130112,-3.425955995,
1049730072,-3.559084969,
1050330032,-3.465218958,
1050929992,-3.453756766,
1051529952,-3.549620418,
1052129912,-3.607642957,
1052729872,-3.446509749,
1053329832,-3.468974585,
1053929792,-3.638287191,
1054529752,-3.601539139,
1055129712,-3.541285059,
1055729672,-3.598363057,
1056329632,-3.537783123,
1056929592,-3.547126613,
1057529552,-3.59905569,
1058129512,-3.525150959,
1058729472,-3.704319219,
1059329432,-3.603889584,
1059929392,-3.576038116,
1060529352,-3.691529871,
1061129312,-3.483379495,
1061729272,-3.668599067,
1062329232,-3.657355299,
1062929192,-3.725099068,
1063529152,-3.690884717,
1064129112,-3.723470771,
1064729072,-3.664572379,
1065329032,-3.70315974,
1065928992,-3.649089206,
1066528952,-3.696246305,
1067128912,-3.772998658,
1067728872,-3.698378129,
1068328832,-3.774415503,
1068928792,-3.674438989,
1069528752,-3.73374894,
1070128712,-3.767488475,
1070728672,-3.682793444,
1071328632,-3.772163409,
1071928592,-3.756811078,
1072528552,-3.742136873,
1073128512,-3.709846883,
1073728472,-3.722792626,
1074328432,-3.875426971,
1074928392,-3.784512534,
1075528352,-3.742535742,
1076128312,-3.823265582,
1076728272,-3.814069897,
1077328232,-3.810693571,
1077928192,-3.866991481,
1078528152,-3.893652561,
1079128112,-3.894384896,
1079728072,-3.862935193,
1080328032,-3.827873521,
1080927992,-3.897396003,
1081527952,-3.853504361,
1082127912,-3.933977417,
1082727872,-3.863096587,
1083327832,-3.891916232,
1083927792,-3.926481675,
1084527752,-3.940821043,
1085127712,-3.90304362,
1085727672,-3.94037221,
1086327632,-3.939620085,
1086927592,-3.945769166,
1087527552,-3.928303267,
1088127512,-4.009951461,
1088727472,-3.945504553,
1089327432,-3.927790275,
1089927392,-3.957678166,
1090527352,-4.013866899,
1091127312,-3.994987108,
1091727272,-4.0456756,
1092327232,-4.037520978,
1092927192,-4.158598467,
1093527152,-3.979580057,
1094127112,-4.120205871,
1094727072,-4.133957002,
1095327032,-4.091654529,
1095926992,-4.163560342,
1096526952,-4.146856641,
1097126912,-4.146139867,
1097726872,-4.137619515,
1098326832,-4.083550408,
1098926792,-4.066626348,
1099526752,-4.178115976,
1100126712,-4.243977439,
1100726672,-4.248581267,
1101326632,-4.154262544,
1101926592,-4.236205996,
1102526552,-4.074132129,
1103126512,-4.264154119,
1103726472,-4.252698479,
1104326432,-4.201868682,
1104926392,-4.2301657,
1105526352,-4.279512401,
1106126312,-4.168894817,
1106726272,-4.275183869,
1107326232,-4.322837695,
1107926192,-4.34446753,
1108526152,-4.23313252,
1109126112,-4.281380015,
1109726072,-4.28872067,
1110326032,-4.323397929,
1110925992,-4.354021248,
1111525952,-4.396876886,
1112125912,-4.415567041,
1112725872,-4.36903754,
1113325832,-4.357581696,
1113925792,-4.347736242,
1114525752,-4.430186448,
1115125712,-4.264587068,
1115725672,-4.447459262,
1116325632,-4.332148152,
1116925592,-4.384319121,
1117525552,-4.420774454,
1118125512,-4.391606273,
1118725472,-4.343094459,
1119325432,-4.48945424,
1119925392,-4.470900462,
1120525352,-4.460327225,
1121125312,-4.417050252,
1121725272,-4.480548586,
1122325232,-4.522183657,
1122925192,-4.43594787,
1123525152,-4.434603714,
1124125112,-4.501795801,
1124725072,-4.519547238,
1125325032,-4.468423382,
1125924992,-4.478665245,
1126524952,-4.446892367,
1127124912,-4.474520663,
1127724872,-4.556305983,
1128324832,-4.455769728,
1128924792,-4.591295548,
1129524752,-4.422768238,
1130124712,-4.485739018,
1130724672,-4.515720336,
1131324632,-4.505961987,
1131924592,-4.43779401,
1132524552,-4.354571832,
1133124512,-4.508420535,
1133724472,-4.56984036,
1134324432,-4.540772322,
1134924392,-4.551854299,
1135524352,-4.546344238,
1136124312,-4.452824517,
1136724272,-4.508932924,
1137324232,-4.611559101,
1137924192,-4.536607596,
1138524152,-4.427824087,
1139124112,-4.506312403,
1139724072,-4.501058951,
1140324032,-4.609117426,
1140923992,-4.566787804,
1141523952,-4.46040457,
1142123912,-4.529786591,
1142723872,-4.547702997,
1143323832,-4.532963447,
1143923791,-4.508814516,
1144523751,-4.52578217,
1145123711,-4.577324726,
1145723671,-4.550667195,
1146323631,-4.579610398,
1146923591,-4.660153967,
1147523551,-4.555864535,
1148123511,-4.52539618,
1148723471,-4.620370572,
1149323431,-4.446581874,
1149923391,-4.562882578,
1150523351,-4.527793506,
1151123311,-4.526503742,
1151723271,-4.560249465,
1152323231,-4.562943711,
1152923191,-4.740083172,
1153523151,-4.540948313,
1154123111,-4.555882205,
1154723071,-4.539081084,
1155323031,-4.575440399,
1155922991,-4.540188842,
1156522951,-4.555704871,
1157122911,-4.551845882,
1157722871,-4.614313951,
1158322831,-4.451440565,
1158922791,-4.476555545,
1159522751,-4.55753202,
1160122711,-4.444737713,
1160722671,-4.616757789,
1161322631,-4.489371324,
1161922591,-4.451434126,
1162522551,-4.461994939,
1163122511,-4.525541842,
1163722471,-4.539875977,
1164322431,-4.528089471,
1164922391,-4.47223681,
1165522351,-4.535683625,
1166122311,-4.511106384,
1166722271,-4.549187942,
1167322231,-4.523197899,
1167922191,-4.47375296,
1168522151,-4.407633809,
1169122111,-4.464347252,
1169722071,-4.398883132,
1170322031,-4.354786403,
1170921991,-4.431338596,
1171521951,-4.397922141,
1172121911,-4.378727708,
1172721871,-4.478262635,
1173321831,-4.391332244,
1173921791,-4.281788593,
1174521751,-4.393657535,
1175121711,-4.490878098,
1175721671,-4.47696723,
1176321631,-4.400400448,
1176921591,-4.449391337,
1177521551,-4.389351846,
1178121511,-4.318078742,
1178721471,-4.375444573,
1179321431,-4.341894634,
1179921391,-4.299203458,
1180521351,-4.343235151,
1181121311,-4.343018549,
1181721271,-4.189867965,
1182321231,-4.381763178,
1182921191,-4.269812677,
1183521151,-4.319260537,
1184121111,-4.249481478,
1184721071,-4.232468942,
1185321031,-4.211311677,
1185920991,-4.248269316,
1186520951,-4.255006124,
1187120911,-4.237992738,
1187720871,-4.216356441,
1188320831,-4.188160665,
1188920791,-4.323120626,
1189520751,-4.202594776,
1190120711,-4.233301462,
1190720671,-4.194839431,
1191320631,-4.207563841,
1191920591,-4.178412641,
1192520551,-4.165983265,
1193120511,-4.2680196,
1193720471,-4.131265596,
1194320431,-4.151586316,
1194920391,-4.207090568,
1195520351,-4.229349404,
1196120311,-4.171560194,
1196720271,-4.128760832,
1197320231,-4.243613577,
1197920191,-4.074386773,
1198520151,-4.076123861,
1199120111,-4.170228851,
1199720071,-4.09416197,
1200320031,-4.01257881,
1200919991,-4.144694906,
1201519951,-4.202855493,
1202119911,-4.140494693,
1202719871,-4.174215394,
1203319831,-4.09765767,
1203919791,-4.02803759,
1204519751,-4.044494228,
1205119711,-4.125883709,
1205719671,-4.011426312,
1206319631,-4.096066256,
1206919591,-3.996765089,
1207519551,-4.000633321,
1208119511,-4.021429298,
1208719471,-4.016122883,
1209319431,-4.083442275,
1209919391,-3.999240472,
1210519351,-4.087302407,
1211119311,-3.941109983,
1211719271,-4.063360328,
1212319231,-3.924435305,
1212919191,-3.944289877,
1213519151,-4.069715544,
1214119111,-3.993385102,
1214719071,-4.025320915,
1215319031,-4.017112847,
1215918991,-3.907812059,
1216518951,-3.96062003,
1217118911,-3.921173464,
1217718871,-3.926378997,
1218318831,-3.887699217,
1218918791,-3.874067542,
1219518751,-3.977332257,
1220118711,-3.910624645,
1220718671,-3.863953684,
1221318631,-3.891567316,
1221918591,-3.860194008,
1222518551,-4.003305523,
1223118511,-3.921474227,
1223718471,-3.871637129,
1224318431,-3.843583263,
1224918391,-3.989001087,
1225518351,-3.862696982,
1226118311,-3.90687702,
1226718271,-3.933333811,
1227318231,-3.863527413,
1227918191,-3.81301865,
1228518151,-3.876701447,
1229118111,-3.869373935,
1229718071,-3.89532399,
1230318031,-3.923325165,
1230917991,-3.895974106,
1231517951,-3.877724435,
1232117911,-3.84315308,
1232717871,-3.837668508,
1233317831,-3.814648877,
1233917791,-3.844296356,
1234517751,-3.956186862,
1235117711,-3.866203557,
1235717671,-3.852566818,
1236317631,-3.871182207,
1236917591,-3.867729273,
1237517551,-3.929893181,
1238117511,-3.824811618,
1238717471,-4.053274781,
1239317431,-3.830724741,
1239917391,-3.915941424,
1240517351,-3.902427563,
1241117311,-3.897030899,
1241717271,-3.84698224,
1242317231,-3.802544309,
1242917191,-3.899714337,
1243517151,-3.818042418,
1244117111,-3.980298393,
1244717071,-3.938004036,
1245317031,-3.890370475,
1245916991,-3.912688255,
1246516951,-3.876948202,
1247116911,-3.850335955,
1247716871,-3.901973636,
1248316831,-3.903860851,
1248916791,-3.825471289,
1249516751,-3.968257573,
1250116711,-3.841240213,
1250716671,-3.930370025,
1251316631,-3.907378628,
1251916591,-3.878754829,
1252516551,-3.970084699,
1253116511,-3.88627462,
1253716471,-3.925224746,
1254316431,-3.846919609,
1254916391,-4.012087699,
1255516351,-3.891315467,
1256116311,-3.897813085,
1256716271,-3.952770999,
1257316231,-4.009535936,
1257916191,-3.847646344,
1258516151,-3.88149976,
1259116111,-3.918716903,
1259716071,-3.875064001,
1260316031,-3.901995926,
1260915991,-3.928653083,
1261515951,-3.922139427,
1262115911,-3.949169793,
1262715871,-3.920486039,
1263315831,-3.866028468,
1263915791,-4.004167049,
1264515751,-3.883017456,
1265115711,-3.959907308,
1265715671,-3.895269727,
1266315631,-3.944810995,
1266915591,-3.915428874,
1267515551,-4.016016332,
1268115511,-3.951610018,
1268715471,-4.011562699,
1269315431,-3.860641785,
1269915391,-3.907722743,
1270515351,-3.970646961,
1271115311,-3.936691556,
1271715271,-4.03571217,
1272315231,-3.963471928,
1272915191,-3.979700877,
1273515151,-3.882956269,
1274115111,-4.05554454,
1274715071,-4.074432449,
1275315031,-4.047150977,
1275914991,-3.989373169,
1276514951,-4.000492371,
1277114911,-3.967321875,
1277714871,-3.955608345,
1278314831,-3.929251819,
1278914791,-4.04953662,
1279514751,-3.897749074,
1280114711,-4.055909221,
1280714671,-3.932077802,
1281314631,-3.967607142,
1281914591,-3.895573254,
1282514551,-3.940345249,
1283114511,-4.026974276,
1283714471,-3.933167408,
1284314431,-4.075469773,
1284914391,-3.968965072,
1285514351,-3.996868791,
1286114311,-3.91453615,
1286714270,-3.980181214,
1287314230,-4.050372732,
1287914190,-3.954271464,
1288514150,-3.901986676,
1289114110,-3.97691763,
1289714070,-4.030300025,
1290314030,-3.991035452,
1290913990,-3.914759152,
1291513950,-4.091924456,
1292113910,-4.013038489,
1292713870,-3.991265743,
1293313830,-4.03731181,
1293913790,-3.973998782,
1294513750,-4.086043022,
1295113710,-4.118976037,
1295713670,-4.081423934,
1296313630,-4.131825253,
1296913590,-4.012317146,
1297513550,-4.091877366,
1298113510,-3.977021978,
1298713470,-4.015588277,
1299313430,-4.043496755,
1299913390,-4.106142086,
1300513350,-4.023566712,
1301113310,-4.009646904,
1301713270,-4.032780137,
1302313230,-4.023255537,
1302913190,-3.981940629,
1303513150,-4.108977867,
1304113110,-4.11512733,
1304713070,-4.009012516,
1305313030,-4.183907822,
1305912990,-4.026909019,
1306512950,-4.00604754,
1307112910,-4.111156589,
1307712870,-4.089114617,
1308312830,-4.088055484,
1308912790,-4.046074619,
1309512750,-4.094143816,
1310112710,-4.093992786,
1310712670,-3.954598523,
1311312630,-4.07798414,
1311912590,-4.148472344,
1312512550,-4.085499555,
1313112510,-4.046352247,
1313712470,-4.132559255,
1314312430,-4.016261942,
1314912390,-4.008642719,
1315512350,-4.128343225,
1316112310,-4.066242456,
1316712270,-4.16099126,
1317312230,-4.066827212,
1317912190,-4.082627113,
1318512150,-4.015510192,
1319112110,-3.991889859,
1319712070,-4.161491554,
1320312030,-4.027495747,
1320911990,-4.169741135,
1321511950,-4.043715507,
1322111910,-4.185556482,
1322711870,-4.099615973,
1323311830,-4.116685786,
1323911790,-4.02062103,
1324511750,-4.054453185,
1325111710,-4.114400174,
1325711670,-4.074144886,
1326311630,-4.048860002,
1326911590,-4.105700484,
1327511550,-4.021156654,
1328111510,-4.137953661,
1328711470,-4.102816103,
1329311430,-4.01853924,
1329911390,-4.105192615,
1330511350,-4.132102701,
1331111310,-4.110607137,
1331711270,-4.125776378,
1332311230,-4.091258605,
1332911190,-4.083036895,
1333511150,-4.114308962,
1334111110,-4.081182136,
1334711070,-4.107512501,
1335311030,-4.139645138,
1335910990,-4.06916298,
1336510950,-4.182306902,
1337110910,-4.168686522,
1337710870,-4.142492588,
1338310830,-4.143997137,
1338910790,-4.201962462,
1339510750,-4.160309316,
1340110710,-4.106861801,
1340710670,-4.101609172,
1341310630,-4.051533813,
1341910590,-4.118368534,
1342510550,-4.182432709,
1343110510,-4.214591881,
1343710470,-4.147622184,
1344310430,-4.169926972,
1344910390,-4.075487249,
1345510350,-4.067401407,
1346110310,-4.108926661,
1346710270,-4.130884726,
1347310230,-4.110890462,
1347910190,-4.178662354,
1348510150,-4.16294673,
1349110110,-4.080237143,
1349710070,-4.148820532,
1350310030,-4.19029728,
1350909990,-4.151688706,
1351509950,-4.183583597,
1352109910,-4.201870609,
1352709870,-4.100244543,
1353309830,-4.15262281,
1353909790,-4.157703922,
1354509750,-4.11851483,
1355109710,-4.151605105,
1355709670,-4.110484623,
1356309630,-4.244485059,
1356909590,-4.194323868,
1357509550,-4.071316736,
1358109510,-4.181954889,
1358709470,-4.234752059,
1359309430,-4.208958061,
1359909390,-4.117240845,
1360509350,-4.110736192,
1361109310,-4.160913545,
1361709270,-4.256883479,
1362309230,-4.255963918,
1362909190,-4.200903296,
1363509150,-4.340980837,
1364109110,-4.300431752,
1364709070,-4.254692837,
1365309030,-4.187487358,
1365908990,-4.166220854,
1366508950,-4.168186202,
1367108910,-4.157631507,
1367708870,-4.268683832,
1368308830,-4.27311544,
1368908790,-4.292471559,
1369508750,-4.299872756,
1370108710,-4.237797564,
1370708670,-4.293521425,
1371308630,-4.254479177,
1371908590,-4.267133831,
1372508550,-4.187246699,
1373108510,-4.247684704,
1373708470,-4.269352043,
1374308430,-4.172529078,
1374908390,-4.19701577,
1375508350,-4.234371352,
1376108310,-4.210079656,
1376708270,-4.29177907,
1377308230,-4.267664337,
1377908190,-4.314048765,
1378508150,-4.332145897,
1379108110,-4.230592483,
1379708070,-4.282881221,
1380308030,-4.32222905,
1380907990,-4.270824593,
1381507950,-4.217688416,
1382107910,-4.232194056,
1382707870,-4.23256108,
1383307830,-4.22654018,
1383907790,-4.33546834,
1384507750,-4.294634184,
1385107710,-4.334526314,
1385707670,-4.366933181,
1386307630,-4.361281979,
1386907590,-4.250161544,
1387507550,-4.306331796,
1388107510,-4.305211031,
1388707470,-4.348788144,
1389307430,-4.285268512,
1389907390,-4.297402344,
1390507350,-4.350309695,
1391107310,-4.31760961,
1391707270,-4.326106622,
1392307230,-4.32707174,
1392907190,-4.330933432,
1393507150,-4.382978273,
1394107110,-4.370579191,
1394707070,-4.364277647,
1395307030,-4.358580972,
1395906990,-4.242997141,
1396506950,-4.374615234,
1397106910,-4.336289133,
1397706870,-4.340273109,
1398306830,-4.250992281,
1398906790,-4.317579723,
1399506750,-4.331460895,
1400106710,-4.413437906,
1400706670,-4.417633641,
1401306630,-4.451781938,
1401906590,-4.365500835,
1402506550,-4.306475878,
1403106510,-4.321019162,
1403706470,-4.410684224,
1404306430,-4.425804147,
1404906390,-4.403443347,
1405506350,-4.455217701,
1406106310,-4.367926882,
1406706270,-4.397381681,
1407306230,-4.418297823,
1407906190,-4.295136178,
1408506150,-4.473839082,
1409106110,-4.406089381,
1409706070,-4.40029418,
1410306030,-4.361631783,
1410905990,-4.444498407,
1411505950,-4.379867041,
1412105910,-4.468153277,
1412705870,-4.412106025,
1413305830,-4.486004102,
1413905790,-4.37609302,
1414505750,-4.41585291,
1415105710,-4.443067228,
1415705670,-4.472192133,
1416305630,-4.445968071,
1416905590,-4.447557138,
1417505550,-4.470629717,
1418105510,-4.402344441,
1418705470,-4.415567352,
1419305430,-4.471068017,
1419905390,-4.521535345,
1420505350,-4.483179582,
1421105310,-4.457008619,
1421705270,-4.368660039,
1422305230,-4.510079454,
1422905190,-4.477055716,
1423505150,-4.423500194,
1424105110,-4.444519599,
1424705070,-4.424692883,
1425305030,-4.470692982,
1425904990,-4.516591439,
1426504950,-4.531657777,
1427104910,-4.511902879,
1427704870,-4.615853136,
1428304830,-4.510137886,
1428904790,-4.528722309,
1429504749,-4.511381208,
1430104709,-4.523919513,
1430704669,-4.521765728,
1431304629,-4.586939807,
1431904589,-4.536509811,
1432504549,-4.458734201,
1433104509,-4.551638786,
1433704469,-4.553305761,
1434304429,-4.499251244,
1434904389,-4.549987747,
1435504349,-4.504159303,
1436104309,-4.550528419,
1436704269,-4.457337832,
1437304229,-4.576829382,
1437904189,-4.538349733,
1438504149,-4.536881561,
1439104109,-4.511940257,
1439704069,-4.573276122,
1440304029,-4.500833179,
1440903989,-4.564243756,
1441503949,-4.640281698,
1442103909,-4.633567561,
1442703869,-4.635500712,
1443303829,-4.526647392,
1443903789,-4.543427561,
1444503749,-4.605918173,
1445103709,-4.599384181,
1445703669,-4.556703669,
1446303629,-4.50063702,
1446903589,-4.59277722,
1447503549,-4.536987263,
1448103509,-4.549815093,
1448703469,-4.55905259,
1449303429,-4.526238231,
1449903389,-4.47834919,
1450503349,-4.58858086,
1451103309,-4.599274785,
1451703269,-4.524787837,
1452303229,-4.454849826,
1452903189,-4.650906161,
1453503149,-4.528586794,
1454103109,-4.614769002,
1454703069,-4.579660111,
1455303029,-4.624354081,
1455902989,-4.590453388,
1456502949,-4.532062306,
1457102909,-4.516055602,
1457702869,-4.598895755,
1458302829,-4.61427324,
1458902789,-4.563052725,
1459502749,-4.518346832,
1460102709,-4.600493955,
1460702669,-4.581949346,
1461302629,-4.575122571,
1461902589,-4.610193362,
1462502549,-4.558593793,
1463102509,-4.653919492,
1463702469,-4.687503995,
1464302429,-4.651091518,
1464902389,-4.634145595,
1465502349,-4.54405742,
1466102309,-4.599038754,
1466702269,-4.70068213,
1467302229,-4.622506853,
1467902189,-4.619584852,
1468502149,-4.664536026,
1469102109,-4.581567707,
1469702069,-4.649517074,
1470302029,-4.600960765,
1470901989,-4.609380205,
1471501949,-4.579256932,
1472101909,-4.563273606,
1472701869,-4.640840195,
1473301829,-4.704016385,
1473901789,-4.648216192,
1474501749,-4.671808837,
1475101709,-4.683243815,
1475701669,-4.716459582,
1476301629,-4.609994555,
1476901589,-4.617637226,
1477501549,-4.569714761,
1478101509,-4.658473781,
1478701469,-4.642757108,
1479301429,-4.733059145,
1479901389,-4.715149174,
1480501349,-4.656384617,
1481101309,-4.765821408,
1481701269,-4.727486391,
1482301229,-4.687267169,
1482901189,-4.738570946,
1483501149,-4.683106086,
1484101109,-4.776950834,
1484701069,-4.686996905,
1485301029,-4.676771639,
1485900989,-4.732067079,
1486500949,-4.692620774,
1487100909,-4.702597966,
1487700869,-4.802317073,
1488300829,-4.718792287,
1488900789,-4.703072263,
1489500749,-4.837883154,
1490100709,-4.804962672,
1490700669,-4.717901867,
1491300629,-4.755722566,
1491900589,-4.796473525,
1492500549,-4.858871892,
1493100509,-4.809591152,
1493700469,-4.827851318,
1494300429,-4.902316427,
1494900389,-4.810572448,
1495500349,-4.884329448,
1496100309,-4.82372147,
1496700269,-4.898419192,
1497300229,-4.855796782,
1497900189,-4.928725547,
1498500149,-4.839236294,
1499100109,-4.866265395,
1499700069,-4.894255564,
1500300029,-4.888906814,
1500899989,-4.917203859,
1501499949,-4.899043959,
1502099909,-4.869464015,
1502699869,-5.005207327,
1503299829,-4.981155231,
1503899789,-5.056500355,
1504499749,-4.800362224,
1505099709,-4.969728824,
1505699669,-4.997764568,
1506299629,-4.953523297,
1506899589,-4.998109685,
1507499549,-5.059629802,
1508099509,-5.083275472,
1508699469,-5.028572502,
1509299429,-5.034251292,
1509899389,-5.104289533,
1510499349,-5.020248263,
1511099309,-5.064315102,
1511699269,-5.117283337,
1512299229,-5.107234622,
1512899189,-5.125745811,
1513499149,-5.148860141,
1514099109,-5.107779446,
1514699069,-5.132387274,
1515299029,-5.133419428,
1515898989,-5.150387025,
1516498949,-5.16850261,
1517098909,-5.153456165,
1517698869,-5.252921657,
1518298829,-5.153937826,
1518898789,-5.240296556,
1519498749,-5.212635216,
1520098709,-5.277706017,
1520698669,-5.309890853,
1521298629,-5.248190947,
1521898589,-5.155493744,
1522498549,-5.25658784,
1523098509,-5.21485348,
1523698469,-5.358887421,
1524298429,-5.294808955,
1524898389,-5.37428566,
1525498349,-5.34728475,
1526098309,-5.385365446,
1526698269,-5.502263973,
1527298229,-5.403954753,
1527898189,-5.485937291,
1528498149,-5.525823361,
1529098109,-5.365379716,
1529698069,-5.50468566,
1530298029,-5.386240492,
1530897989,-5.51582931,
1531497949,-5.471703519,
1532097909,-5.53511202,
1532697869,-5.564124,
1533297829,-5.499154132,
1533897789,-5.42645354,
1534497749,-5.553927849,
1535097709,-5.630254838,
1535697669,-5.605894689,
1536297629,-5.688667233,
1536897589,-5.615982446,
1537497549,-5.587679921,
1538097509,-5.612201432,
1538697469,-5.647194481,
1539297429,-5.801600176,
1539897389,-5.718804708,
1540497349,-5.754819428,
1541097309,-5.726752518,
1541697269,-5.664506947,
1542297229,-5.74904546,
1542897189,-5.719621977,
1543497149,-5.653075467,
1544097109,-5.702731715,
1544697069,-5.72547,
1545297029,-5.779332983,
1545896989,-5.661748744,
1546496949,-5.729446099,
1547096909,-5.762986979,
1547696869,-5.834080928,
1548296829,-5.889380569,
1548896789,-5.831949814,
1549496749,-5.777618849,
1550096709,-5.823611654,
1550696669,-5.814102154,
1551296629,-5.837379626,
1551896589,-5.837631544,
1552496549,-5.764604181,
1553096509,-5.831621708,
1553696469,-5.87223615,
1554296429,-5.859279005,
1554896389,-5.76492241,
1555496349,-5.951211216,
1556096309,-5.867794032,
1556696269,-5.86522581,
1557296229,-5.819305216,
1557896189,-5.867656937,
1558496149,-5.872180917,
1559096109,-5.892067189,
1559696069,-5.891798985,
1560296029,-5.934099555,
1560895989,-5.883313692,
1561495949,-6.061324532,
1562095909,-5.977379276,
1562695869,-5.935217029,
1563295829,-5.992035721,
1563895789,-5.914967562,
1564495749,-5.89396156,
1565095709,-6.014505286,
1565695669,-6.108268075,
1566295629,-6.029913185,
1566895589,-5.972503619,
1567495549,-5.997092687,
1568095509,-5.96442348,
1568695469,-6.029594453,
1569295429,-5.913718599,
1569895389,-5.968650203,
1570495349,-5.965849231,
1571095309,-6.103169224,
1571695269,-6.070518269,
1572295228,-6.053294276,
1572895188,-6.097949629,
1573495148,-5.955705372,
1574095108,-6.024929845,
1574695068,-6.067424548,
1575295028,-6.084465201,
1575894988,-6.04808372,
1576494948,-6.060975333,
1577094908,-6.072822909,
1577694868,-6.04326704,
1578294828,-6.164293391,
1578894788,-6.124891089,
1579494748,-6.111377807,
1580094708,-6.071413921,
1580694668,-6.108146727,
1581294628,-6.222889487,
1581894588,-6.092277884,
1582494548,-6.122389513,
1583094508,-6.104099404,
1583694468,-6.050653979,
1584294428,-6.117991441,
1584894388,-6.058661244,
1585494348,-6.127261609,
1586094308,-6.109927046,
1586694268,-6.189772331,
1587294228,-6.144806895,
1587894188,-6.118033615,
1588494148,-6.174654377,
1589094108,-6.084191393,
1589694068,-6.114364643,
1590294028,-6.077703482,
1590893988,-6.071040752,
1591493948,-6.178469299,
1592093908,-6.160848309,
1592693868,-6.123739708,
1593293828,-6.088414221,
1593893788,-6.111962234,
1594493748,-6.115929599,
1595093708,-6.245990279,
1595693668,-6.226165305,
1596293628,-6.113979396,
1596893588,-6.164385998,
1597493548,-6.164242391,
1598093508,-6.134275304,
1598693468,-6.114985901,
1599293428,-6.175642649,
1599893388,-6.179050672,
1600493348,-6.21179867,
1601093308,-6.165830009,
1601693268,-6.141206431,
1602293228,-6.184826365,
1602893188,-6.159343793,
1603493148,-6.096064,
1604093108,-6.059058643,
1604693068,-6.176645321,
1605293028,-6.190250142,
1605892988,-6.170660904,
1606492948,-6.208258129,
1607092908,-6.166803134,
1607692868,-6.197634787,
1608292828,-6.18005124,
1608892788,-6.233530485,
1609492748,-6.199196642,
1610092708,-6.212488489,
1610692668,-6.125062693,
1611292628,-6.197926574,
1611892588,-6.323146818,
1612492548,-6.182618227,
1613092508,-6.221179378,
1613692468,-6.172898736,
1614292428,-6.178926923,
1614892388,-6.27453524,
1615492348,-6.277818524,
1616092308,-6.246502842,
1616692268,-6.195232774,
1617292228,-6.274042092,
1617892188,-6.307381886,
1618492148,-6.267309948,
1619092108,-6.282296358,
1619692068,-6.236587766,
1620292028,-6.225668954,
1620891988,-6.319963728,
1621491948,-6.305956632,
1622091908,-6.184494772,
1622691868,-6.271646209,
1623291828,-6.345617425,
1623891788,-6.350579812,
1624491748,-6.302934661,
1625091708,-6.353515111,
1625691668,-6.352841602,
1626291628,-6.322819371,
1626891588,-6.32699384,
1627491548,-6.355765044,
1628091508,-6.280139405,
1628691468,-6.327720868,
1629291428,-6.36712707,
1629891388,-6.33141987,
1630491348,-6.419043953,
1631091308,-6.387234531,
1631691268,-6.352008647,
1632291228,-6.366037623,
1632891188,-6.418499297,
1633491148,-6.3688313,
1634091108,-6.474897739,
1634691068,-6.471575341,
1635291028,-6.537440991,
1635890988,-6.405818662,
1636490948,-6.525684187,
1637090908,-6.433389843,
1637690868,-6.46662741,
1638290828,-6.570930239,
1638890788,-6.424880217,
1639490748,-6.413499305,
1640090708,-6.585794873,
1640690668,-6.552621481,
1641290628,-6.498523839,
1641890588,-6.599844337,
1642490548,-6.593263218,
1643090508,-6.693856706,
1643690468,-6.622767632,
1644290428,-6.671382651,
1644890388,-6.664339352,
1645490348,-6.801663085,
1646090308,-6.795152475,
1646690268,-6.715640084,
1647290228,-6.773932134,
1647890188,-6.761166447,
1648490148,-6.798434695,
1649090108,-6.807525437,
1649690068,-6.888086039,
1650290028,-6.750982746,
1650889988,-6.906168952,
1651489948,-6.871963792,
1652089908,-6.804047612,
1652689868,-6.933895482,
1653289828,-6.921596303,
1653889788,-6.855005986,
1654489748,-6.95148625,
1655089708,-6.943843527,
1655689668,-6.96062405,
1656289628,-6.9456624,
1656889588,-7.002016749,
1657489548,-6.893248318,
1658089508,-6.986280065,
1658689468,-7.012172417,
1659289428,-6.970262165,
1659889388,-6.956279109,
1660489348,-6.966180265,
1661089308,-7.135572578,
1661689268,-7.114671499,
1662289228,-7.053965796,
1662889188,-7.124580523,
1663489148,-7.167591885,
1664089108,-7.118736371,
1664689068,-7.204033145,
1665289028,-7.077228181,
1665888988,-7.20724004,
1666488948,-7.269600858,
1667088908,-7.202701348,
1667688868,-7.238292038,
1668288828,-7.214997927,
1668888788,-7.212121611,
1669488748,-7.232802544,
1670088708,-7.373217852,
1670688668,-7.228859386,
1671288628,-7.31485107,
1671888588,-7.211540509,
1672488548,-7.297552089,
1673088508,-7.455790452,
1673688468,-7.296506573,
1674288428,-7.443934869,
1674888388,-7.447598675,
1675488348,-7.53352447,
1676088308,-7.432359504,
1676688268,-7.453339869,
1677288228,-7.523509385,
1677888188,-7.432821158,
1678488148,-7.464036978,
1679088108,-7.385304979,
1679688068,-7.693295861,
1680288028,-7.631905227,
1680887988,-7.599606203,
1681487948,-7.625210338,
1682087908,-7.642734706,
1682687868,-7.65252952,
1683287828,-7.610369258,
1683887788,-7.592510535,
1684487748,-7.710933428,
1685087708,-7.764262762,
1685687668,-7.75058782,
1686287628,-7.779942822,
1686887588,-7.873158346,
1687487548,-7.885567516,
1688087508,-7.903312974,
1688687468,-7.932430122,
1689287428,-7.957819287,
1689887388,-8.021193189,
1690487348,-8.026201934,
1691087308,-8.044147375,
1691687268,-8.019665627,
1692287228,-7.983419794,
1692887188,-8.11148949,
1693487148,-8.105982898,
1694087108,-8.085544805,
1694687068,-8.058598841,
1695287028,-8.219427092,
1695886988,-8.18544985,
1696486948,-8.25029443,
1697086908,-8.171606632,
1697686868,-8.216554649,
1698286828,-8.287111906,
1698886788,-8.268523852,
1699486748,-8.268805113,
1700086708,-8.232182807,
1700686668,-8.299614166,
1701286628,-8.401946407,
1701886588,-8.349944331,
1702486548,-8.338057724,
1703086508,-8.368102049,
1703686468,-8.359969328,
1704286428,-8.458152198,
1704886388,-8.549390174,
1705486348,-8.455613497,
1706086308,-8.580802256,
1706686268,-8.611257908,
1707286228,-8.51235973,
1707886188,-8.703449191,
1708486148,-8.636794699,
1709086108,-8.737335665,
1709686068,-8.745694042,
1710286028,-8.719126154,
1710885988,-8.866528601,
1711485948,-8.664036672,
1712085908,-8.94869812,
1712685868,-8.867719298,
1713285828,-8.926433034,
1713885788,-9.007786744,
1714485748,-8.965804593,
1715085707,-9.016303963,
1715685667,-9.013050469,
1716285627,-9.002815902,
1716885587,-9.158869661,
1717485547,-9.205917776,
1718085507,-9.386220169,
1718685467,-9.200277036,
1719285427,-9.61450726,
1719885387,-9.416620951,
1720485347,-9.649778972,
1721085307,-9.506041864,
1721685267,-9.642738516,
1722285227,-9.532412485,
1722885187,-9.658793356,
1723485147,-9.764163185,
1724085107,-9.835616903,
1724685067,-9.755162437,
1725285027,-9.785223205,
1725884987,-9.84657795,
1726484947,-9.841050575,
1727084907,-9.944640849,
1727684867,-10.02424472,
1728284827,-10.06642611,
1728884787,-10.2039534,
1729484747,-10.26991508,
1730084707,-10.22264497,
1730684667,-10.36270628,
1731284627,-10.45866112,
1731884587,-10.40512828,
1732484547,-10.44309212,
1733084507,-10.44880391,
1733684467,-10.66479243,
1734284427,-10.61559915,
1734884387,-10.63410925,
1735484347,-10.54245947,
1736084307,-10.8446217,
1736684267,-11.01099107,
1737284227,-11.2412475,
1737884187,-11.14016934,
1738484147,-11.49564595,
1739084107,-11.35494503,
1739684067,-11.45587347,
1740284027,-11.32867991,
1740883987,-11.45474353,
1741483947,-11.46579406,
1742083907,-11.6642835,
1742683867,-11.73705889,
1743283827,-11.69095431,
1743883787,-11.81252131,
1744483747,-12.01955507,
1745083707,-11.86236886,
1745683667,-12.11951532,
1746283627,-12.13606168,
1746883587,-12.32757291,
1747483547,-12.35135439,
1748083507,-12.38805047,
1748683467,-12.44613575,
1749283427,-12.64556352,
1749883387,-12.63815134,
1750483347,-12.81844047,
1751083307,-12.65338023,
1751683267,-13.16383201,
1752283227,-13.55829744,
1752883187,-13.37542391,
1753483147,-13.62852989,
1754083107,-13.81162776,
1754683067,-13.67126461,
1755283027,-13.79937642,
1755882987,-13.94778519,
1756482947,-14.03643369,
1757082907,-14.15522314,
1757682867,-14.19187186,
1758282827,-14.44276025,
1758882787,-14.47828182,
1759482747,-14.79643753,
1760082707,-14.79885043,
1760682667,-14.77066172,
1761282627,-15.27012949,
1761882587,-15.38082198,
1762482547,-15.10152926,
1763082507,-15.25724596,
1763682467,-15.92981871,
1764282427,-15.66459359,
1764882387,-16.45005646,
1765482347,-16.50045359,
1766082307,-16.88180999,
1766682267,-16.97181524,
1767282227,-16.96850981,
1767882187,-16.94186964,
1768482147,-17.03705669,
1769082107,-17.39312711,
1769682067,-17.47200739,
1770282027,-17.81936752,
1770881987,-17.80206563,
1771481947,-17.78980411,
1772081907,-18.10091088,
1772681867,-18.38797706,
1773281827,-18.48849456,
1773881787,-18.43199836,
1774481747,-18.83578364,
1775081707,-19.38243011,
1775681667,-19.51584942,
1776281627,-19.74367932,
1776881587,-19.79787435,
1777481547,-21.13935167,
1778081507,-21.3604448,
1778681467,-21.39624543,
1779281427,-21.91950006,
1779881387,-23.1161595,
1780481347,-22.09131277,
1781081307,-22.29183062,
1781681267,-22.38628507,
1782281227,-23.04930097,
1782881187,-23.17437079,
1783481147,-23.84142262,
1784081107,-24.39884422,
1784681067,-24.16371292,
1785281027,-24.82883783,
1785880987,-25.45479922,
1786480947,-24.88971752,
1787080907,-25.03529251,
1787680867,-26.50860847,
1788280827,-27.1155624,
1788880787,-28.87115634,
1789480747,-28.63814287,
1790080707,-29.19303585,
1790680667,-36.83286037,
1791280627,-36.10414442,
1791880587,-38.58773102,
1792480547,-36.70206964,
1793080507,-38.99624226,
1793680467,-37.61427777,
1794280427,-39.87822585,
1794880387,-38.76216398,
1795480347,-38.7130988,
1796080307,-40.63335867,
1796680267,-38.78995847,
1797280227,-33.96250347,
1797880187,-36.24597468,
1798480147,-34.95490379,
1799080107,-34.61231713,
1799680067,-31.83732594,
1800280027,-29.87437493,
1800879987,-27.0703955,
1801479947,-27.85183077,
1802079907,-25.51268762,
1802679867,-25.13742055,
1803279827,-25.96743763,
1803879787,-24.92616886,
1804479747,-25.07168741,
1805079707,-24.00948921,
1805679667,-24.28065226,
1806279627,-23.87043785,
1806879587,-23.4253044,
1807479547,-23.31393885,
1808079507,-22.68948305,
1808679467,-22.37306591,
1809279427,-22.3612045,
1809879387,-22.33763518,
1810479347,-22.43568439,
1811079307,-21.57110249,
1811679267,-21.21550558,
1812279227,-21.28129637,
1812879187,-21.36385713,
1813479147,-20.44662027,
1814079107,-20.27771355,
1814679067,-19.72113762,
1815279027,-19.38892859,
1815878987,-19.18046915,
1816478947,-19.12841766,
1817078907,-18.98768772,
1817678867,-19.06954484,
1818278827,-18.07034678,
1818878787,-18.38401405,
1819478747,-18.20081184,
1820078707,-18.1783704,
1820678667,-18.17075803,
1821278627,-18.01264656,
1821878587,-17.8370161,
1822478547,-17.59114936,
1823078507,-17.6012087,
1823678467,-17.45846,
1824278427,-17.27253817,
1824878387,-17.3665307,
1825478347,-17.16121899,
1826078307,-17.07877809,
1826678267,-16.84819793,
1827278227,-17.09240099,
1827878187,-17.0132471,
1828478147,-16.98326099,
1829078107,-16.98735382,
1829678067,-17.16239716,
1830278027,-16.81704535,
1830877987,-16.32178284,
1831477947,-16.50811768,
1832077907,-16.56941675,
1832677867,-16.40242801,
1833277827,-16.41436784,
1833877787,-16.34898803,
1834477747,-15.83792953,
1835077707,-15.90854135,
1835677667,-15.91250306,
1836277627,-15.96560854,
1836877587,-15.72381599,
1837477547,-15.65913056,
1838077507,-15.54628181,
1838677467,-15.45889073,
1839277427,-15.45476134,
1839877387,-15.57977328,
1840477347,-15.72750455,
1841077307,-15.33845001,
1841677267,-15.47072832,
1842277227,-15.33782966,
1842877187,-15.76505353,
1843477147,-15.67065345,
1844077107,-15.39048112,
1844677067,-15.62768805,
1845277027,-15.4430111,
1845876987,-15.15500813,
1846476947,-15.19118763,
1847076907,-15.0405595,
1847676867,-15.32561054,
1848276827,-15.10654902,
1848876787,-15.22759373,
1849476747,-15.62341449,
1850076707,-15.12247837,
1850676667,-15.31109121,
1851276627,-15.17964403,
1851876587,-15.11795868,
1852476547,-15.35388089,
1853076507,-15.47482251,
1853676467,-15.2620211,
1854276427,-15.04084131,
1854876387,-15.43244486,
1855476347,-15.36455232,
1856076307,-15.10883779,
1856676267,-15.33593574,
1857276227,-15.36681705,
1857876186,-15.15952514,
1858476146,-15.30830788,
1859076106,-14.85360862,
1859676066,-15.31858306,
1860276026,-15.07651709,
1860875986,-14.91263208,
1861475946,-15.41108853,
1862075906,-15.28511844,
1862675866,-15.18592982,
1863275826,-15.13793358,
1863875786,-15.18282562,
1864475746,-15.23490522,
1865075706,-15.56938243,
1865675666,-15.48694063,
1866275626,-15.13148049,
1866875586,-15.25677483,
1867475546,-15.23521335,
1868075506,-15.2457314,
1868675466,-15.27645386,
1869275426,-15.07352129,
1869875386,-15.19406969,
1870475346,-15.10547382,
1871075306,-15.24452266,
1871675266,-15.54069457,
1872275226,-15.27580784,
1872875186,-15.4673629,
1873475146,-15.06928685,
1874075106,-15.16164656,
1874675066,-15.55020095,
1875275026,-14.8744398,
1875874986,-15.53635389,
1876474946,-15.16298372,
1877074906,-15.6375142,
1877674866,-15.33151955,
1878274826,-15.50068579,
1878874786,-15.06422886,
1879474746,-15.16757046,
1880074706,-15.38650307,
1880674666,-15.11632411,
1881274626,-15.14982405,
1881874586,-15.42663402,
1882474546,-15.29937985,
1883074506,-15.30346662,
1883674466,-15.15016704,
1884274426,-15.22915641,
1884874386,-15.22779635,
1885474346,-15.30113244,
1886074306,-15.25987669,
1886674266,-15.20454456,
1887274226,-15.3319325,
1887874186,-15.23159982,
1888474146,-15.23440188,
1889074106,-15.5026972,
1889674066,-15.24209699,
1890274026,-15.18194192,
1890873986,-15.0775175,
1891473946,-15.31498759,
1892073906,-15.06570471,
1892673866,-15.23067659,
1893273826,-15.28239764,
1893873786,-15.44965102,
1894473746,-15.37042572,
1895073706,-15.03786735,
1895673666,-15.32072803,
1896273626,-15.16133008,
1896873586,-15.18005919,
1897473546,-15.34817682,
1898073506,-15.32300404,
1898673466,-15.2935235,
1899273426,-14.93592403,
1899873386,-14.87192681,
1900473346,-15.20353253,
1901073306,-15.23315303,
1901673266,-15.23858795,
1902273226,-15.11030379,
1902873186,-15.04042345,
1903473146,-15.01533261,
1904073106,-15.15729013,
1904673066,-15.04009039,
1905273026,-15.00995726,
1905872986,-14.92067099,
1906472946,-15.29775858,
1907072906,-15.14177561,
1907672866,-14.96366676,
1908272826,-15.03397854,
1908872786,-14.973822,
1909472746,-15.10181794,
1910072706,-14.98603415,
1910672666,-15.0878232,
1911272626,-14.99968543,
1911872586,-14.80907618,
1912472546,-14.75718771,
1913072506,-14.9535452,
1913672466,-14.78503037,
1914272426,-14.86182384,
1914872386,-14.9545019,
1915472346,-14.73747557,
1916072306,-14.79391463,
1916672266,-14.85587004,
1917272226,-14.93739128,
1917872186,-14.67412608,
1918472146,-14.67005709,
1919072106,-14.8445929,
1919672066,-14.60409343,
1920272026,-14.87302289,
1920871986,-14.79193576,
1921471946,-14.65724092,
1922071906,-14.66980884,
1922671866,-14.61613379,
1923271826,-14.53895999,
1923871786,-14.61538262,
1924471746,-14.50122127,
1925071706,-14.33383806,
1925671666,-14.48275496,
1926271626,-14.63193301,
1926871586,-14.69412319,
1927471546,-14.35796328,
1928071506,-14.67730895,
1928671466,-14.35329109,
1929271426,-14.60705297,
1929871386,-14.45864809,
1930471346,-14.3847957,
1931071306,-14.39893886,
1931671266,-14.27246882,
1932271226,-14.22845409,
1932871186,-14.29559748,
1933471146,-14.33094306,
1934071106,-14.44076572,
1934671066,-14.23608289,
1935271026,-14.17762642,
1935870986,-14.13743721,
1936470946,-14.16701306,
1937070906,-13.98433194,
1937670866,-14.24051291,
1938270826,-13.94162368,
1938870786,-14.12767508,
1939470746,-14.31551967,
1940070706,-14.00232603,
1940670666,-14.05995595,
1941270626,-13.99057983,
1941870586,-14.14139683,
1942470546,-14.06488492,
1943070506,-13.97968978,
1943670466,-13.88809005,
1944270426,-14.10593115,
1944870386,-13.84689141,
1945470346,-14.07489994,
1946070306,-14.07377436,
1946670266,-13.91182677,
1947270226,-13.95097139,
1947870186,-14.0817301,
1948470146,-13.79043163,
1949070106,-14.03004232,
1949670066,-13.88586217,
1950270026,-13.80657165,
1950869986,-14.06674299,
1951469946,-13.9026761,
1952069906,-13.78443248,
1952669866,-13.88985248,
1953269826,-13.99427808,
1953869786,-13.85497754,
1954469746,-13.89090118,
1955069706,-13.87634853,
1955669666,-13.72936987,
1956269626,-13.97682775,
1956869586,-13.90403284,
1957469546,-13.6766625,
1958069506,-13.87234434,
1958669466,-13.76954223,
1959269426,-13.7419018,
1959869386,-13.74816277,
1960469346,-13.76068905,
1961069306,-13.93443871,
1961669266,-14.01944423,
1962269226,-13.82797459,
1962869186,-13.95204018,
1963469146,-13.76249419,
1964069106,-13.73122573,
1964669066,-13.71577242,
1965269026,-13.74008976,
1965868986,-13.79606976,
1966468946,-13.95071127,
1967068906,-13.72974192,
1967668866,-13.86141053,
1968268826,-13.70146686,
1968868786,-13.74794316,
1969468746,-13.89342819,
1970068706,-13.96295469,
1970668666,-13.97587986,
1971268626,-13.91056414,
1971868586,-13.75708805,
1972468546,-13.85584275,
1973068506,-13.81830534,
1973668466,-13.98926316,
1974268426,-13.88309628,
1974868386,-13.85433096,
1975468346,-13.96650782,
1976068306,-13.88872208,
1976668266,-14.01466068,
1977268226,-14.19101708,
1977868186,-13.99793874,
1978468146,-13.98221208,
1979068106,-14.10752724,
1979668066,-14.07466956,
1980268026,-14.19323013,
1980867986,-14.00072443,
1981467946,-13.95301371,
1982067906,-14.28310001,
1982667866,-14.26200976,
1983267826,-14.20181846,
1983867786,-14.28303394,
1984467746,-14.19353721,
1985067706,-14.31265063,
1985667666,-14.36153661,
1986267626,-14.36772983,
1986867586,-14.41637154,
1987467546,-14.52142134,
1988067506,-14.35528517,
1988667466,-14.46096353,
1989267426,-14.46305407,
1989867386,-14.5400818,
1990467346,-14.68165585,
1991067306,-14.43579332,
1991667266,-14.75279068,
1992267226,-14.4267222,
1992867186,-14.69342352,
1993467146,-14.63258708,
1994067106,-14.7662708,
1994667066,-14.79116885,
1995267026,-14.62260933,
1995866986,-14.97535957,
1996466946,-15.22853246,
1997066906,-14.83175363,
1997666866,-15.20598283,
1998266826,-15.33874551,
1998866786,-15.19563628,
1999466746,-15.20085702,
2000066706,-15.17936376,
2000666666,-15.15670721,
2001266626,-15.68103315,
2001866585,-15.68959998,
2002466545,-15.51539381,
2003066505,-16.05465143,
2003666465,-15.70425909,
2004266425,-15.83194161,
2004866385,-16.04805224,
2005466345,-16.24339917,
2006066305,-16.15392372,
2006666265,-15.98770702,
2007266225,-16.56482159,
2007866185,-16.43547041,
2008466145,-16.18262753,
2009066105,-16.42026371,
2009666065,-16.47544518,
2010266025,-16.726143,
2010865985,-16.64942665,
2011465945,-17.10062284,
2012065905,-16.63369203,
2012665865,-16.9182303,
2013265825,-16.76829341,
2013865785,-16.74448192,
2014465745,-16.74160496,
2015065705,-16.83323351,
2015665665,-17.06729808,
2016265625,-17.01341549,
2016865585,-17.09998408,
2017465545,-17.23479322,
2018065505,-17.53425875,
2018665465,-16.92207668,
2019265425,-17.68430314,
2019865385,-17.42626569,
2020465345,-17.57905777,
2021065305,-17.65067661,
2021665265,-17.6649113,
2022265225,-18.01579278,
2022865185,-17.93598617,
2023465145,-18.0482947,
2024065105,-17.85776,
2024665065,-18.21415029,
2025265025,-18.01216412,
2025864985,-18.69443985,
2026464945,-18.541853,
2027064905,-18.33462446,
2027664865,-18.44227297,
2028264825,-18.96323147,
2028864785,-18.49715919,
2029464745,-18.26684183,
2030064705,-18.71024015,
2030664665,-19.37132633,
2031264625,-19.2057466,
2031864585,-19.47610049,
2032464545,-19.26749007,
2033064505,-19.35336317,
2033664465,-19.23942787,
2034264425,-18.91601865,
2034864385,-19.53670482,
2035464345,-19.37050359,
2036064305,-19.67165478,
2036664265,-19.66254877,
2037264225,-19.94713159,
2037864185,-20.45723543,
2038464145,-21.10929963,
2039064105,-20.99012826,
2039664065,-21.21305527,
2040264025,-20.98562883,
2040863985,-21.5095641,
2041463945,-21.17785125,
2042063905,-21.04393898,
2042663865,-21.73200033,
2043263825,-21.56675414,
2043863785,-21.35798211,
2044463745,-21.69949982,
2045063705,-21.90057085,
2045663665,-21.3653899,
2046263625,-21.75863993,
2046863585,-21.69944591,
2047463545,-21.51111198,
2048063505,-22.07746388,
2048663465,-21.65817498,
2049263425,-21.98538613,
2049863385,-22.01985959,
2050463345,-21.90682662,
2051063305,-22.35420311,
2051663265,-22.27161821,
2052263225,-22.10498839,
2052863185,-22.25837958,
2053463145,-22.46919106,
2054063105,-22.75351702,
2054663065,-22.76288836,
2055263025,-22.91050083,
2055862985,-23.21357004,
2056462945,-22.93905893,
2057062905,-23.10389786,
2057662865,-23.25233918,
2058262825,-23.25178595,
2058862785,-23.80129603,
2059462745,-23.41162184,
2060062705,-23.77746797,
2060662665,-24.12706913,
2061262625,-24.32885691,
2061862585,-24.11099307,
2062462545,-23.86399329,
2063062505,-24.62867975,
2063662465,-24.6563695,
2064262425,-24.48194757,
2064862385,-24.66584699,
2065462345,-24.26117141,
2066062305,-24.97253575,
2066662265,-25.2249848,
2067262225,-24.35434306,
2067862185,-24.82446576,
2068462145,-25.42106326,
2069062105,-25.61087337,
2069662065,-25.42282876,
2070262025,-25.09774901,
2070861985,-25.38241359,
2071461945,-25.25748429,
2072061905,-25.03865885,
2072661865,-25.33590228,
2073261825,-25.01848665,
2073861785,-25.23661691,
2074461745,-25.8039389,
2075061705,-25.70119395,
2075661665,-25.41215541,
2076261625,-26.58660941,
2076861585,-26.52356582,
2077461545,-26.62574585,
2078061505,-27.3304952,
2078661465,-26.20886781,
2079261425,-28.33272734,
2079861385,-26.77007874,
2080461345,-26.52481327,
2081061305,-29.14180215,
2081661265,-27.05833628,
2082261225,-27.86791723,
2082861185,-26.82365738,
2083461145,-30.97006878,
2084061105,-28.63050497,
2084661065,-29.88331748,
2085261025,-31.51384307,
2085860985,-30.91117648,
2086460945,-33.20064044,
2087060905,-35.67725918,
2087660865,-36.52990216,
2088260825,-34.13268905,
2088860785,-33.13970524,
2089460745,-34.24418819,
2090060705,-37.35736674,
2090660665,-37.02002623,
2091260625,-36.97773902,
2091860585,-35.22849892,
2092460545,-36.72776762,
2093060505,-36.74977762,
2093660465,-35.11110707,
2094260425,-37.76100927,
2094860385,-38.14303063,
2095460345,-38.89735505,
2096060305,-39.41815157,
2096660265,-39.6103988,
2097260225,-39.72461767,
2097860185,-41.92089368,
2098460145,-40.54958901,
2099060105,-36.23443678,
2099660065,-38.65274287,
2100260025,-40.78358638,
2100859985,-38.29703612,
2101459945,-38.8616703,
2102059905,-36.09072601,
2102659865,-36.48550222,
2103259825,-35.82012342,
2103859785,-36.0728227,
2104459745,-36.36519571,
2105059705,-36.676369,
2105659665,-36.9674507,
2106259625,-37.27925718,
2106859585,-37.54380923,
2107459545,-37.87619549,
2108059505,-38.16146892,
2108659465,-38.45319917,
2109259425,-38.76769369,
2109859385,-39.04773789,
2110459345,-39.34816923,
2111059305,-39.59525232,
2111659265,-39.83572054,
2112259225,-40.04316519,
2112859185,-40.27665964,
2113459145,-40.36903342,
2114059105,-40.42796449,
2114659065,-40.48738366,
2115259025,-40.43181871,
2115858985,-40.44876881,
2116458945,-40.3048898,
2117058905,-40.14863808,
2117658865,-40.02225425,
2118258825,-39.76876767,
2118858785,-39.44326899,
2119458745,-39.24219363,
2120058705,-38.83571912,
2120658665,-38.56315114,
2121258625,-38.23766908,
2121858585,-37.94901286,
2122458545,-37.48838457,
2123058505,-37.22235462,
2123658465,-36.85831741,
2124258425,-36.46631474,
2124858385,-36.12231641,
2125458345,-35.81644733,
2126058305,-35.48315782,
2126658265,-37.0243096,
2127258225,-36.64197869,
2127858185,-34.53681475,
2128458145,-37.66793642,
2129058105,-34.56745668,
2129658065,-36.70209152,
2130258025,-38.15483058,
2130857985,-40.08560245,
2131457945,-34.90681457,
2132057905,-36.82700171,
2132657865,-34.29554468,
2133257825,-37.25582061,
2133857785,-36.62892221,
2134457745,-33.36407735,
2135057705,-35.79564231,
2135657665,-36.23235374,
2136257625,-35.18582183,
2136857585,-33.97663976,
2137457545,-35.26912295,
2138057505,-34.01130543,
2138657465,-36.59049705,
2139257425,-33.16325782,
2139857385,-31.83579651,
2140457345,-29.1265655,
2141057305,-28.87121785,
2141657265,-30.3992776,
2142257225,-26.01819562,
2142857185,-28.36199434,
2143457145,-27.05263639,
2144057105,-26.311577,
2144657065,-26.57331028,
2145257025,-26.12095414,
2145856985,-26.94219666,
2146456945,-24.99151531,
2147056905,-25.20615153,
2147656865,-25.74854333,
2148256825,-24.95921351,
2148856785,-24.8439202,
2149456745,-24.69178065,
2150056705,-24.34285859,
2150656665,-24.06231896,
2151256625,-24.03661538,
2151856585,-24.70211789,
2152456545,-23.7613324,
2153056505,-24.10020248,
2153656465,-24.3784043,
2154256425,-24.73299608,
2154856385,-24.40810106,
2155456344,-23.54525375,
2156056304,-22.78699767,
2156656264,-24.09854432,
2157256224,-23.85676865,
2157856184,-23.45346789,
2158456144,-23.45297121,
2159056104,-22.91156718,
2159656064,-23.08454259,
2160256024,-22.45568589,
2160855984,-22.1758353,
2161455944,-22.51765444,
2162055904,-22.40246894,
2162655864,-22.18054999,
2163255824,-21.79388119,
2163855784,-22.06404892,
2164455744,-21.4011122,
2165055704,-21.40562863,
2165655664,-21.4121369,
2166255624,-21.39202569,
2166855584,-20.97464302,
2167455544,-21.02619679,
2168055504,-20.97061123,
2168655464,-21.29674153,
2169255424,-20.54574426,
2169855384,-21.06428608,
2170455344,-21.12082307,
2171055304,-20.70953037,
2171655264,-21.38846221,
2172255224,-19.87026927,
2172855184,-20.8001276,
2173455144,-20.9921983,
2174055104,-20.12797915,
2174655064,-20.29955335,
2175255024,-20.07642297,
2175854984,-20.13722086,
2176454944,-19.66868286,
2177054904,-19.48781061,
2177654864,-19.12639178,
2178254824,-18.48816971,
2178854784,-18.73545689,
2179454744,-17.91755443,
2180054704,-18.52648457,
2180654664,-17.80961478,
2181254624,-17.59754487,
2181854584,-17.62981964,
2182454544,-17.93926031,
2183054504,-17.91320679,
2183654464,-18.00494433,
2184254424,-17.88049626,
2184854384,-17.6146322,
2185454344,-17.54408801,
2186054304,-17.81024384,
2186654264,-17.24793263,
2187254224,-17.0140001,
2187854184,-16.67021438,
2188454144,-16.82309031,
2189054104,-16.76413884,
2189654064,-16.66516982,
2190254024,-16.7690706,
2190853984,-16.39714647,
2191453944,-16.44596629,
2192053904,-16.43970403,
2192653864,-16.11334874,
2193253824,-16.16300281,
2193853784,-16.05800859,
2194453744,-16.00245047,
2195053704,-15.73302579,
2195653664,-16.20942212,
2196253624,-15.82859622,
2196853584,-15.73095944,
2197453544,-15.66117486,
2198053504,-15.5137649,
2198653464,-15.51128528,
2199253424,-15.25379593,
2199853384,-15.53361787,
2200453344,-15.16614728,
2201053304,-14.54193642,
2201653264,-15.07653531,
2202253224,-14.91364255,
2202853184,-14.64992572,
2203453144,-14.32613151,
2204053104,-14.12197364,
2204653064,-14.17016836,
2205253024,-14.18701734,
2205852984,-13.92021779,
2206452944,-13.93199846,
2207052904,-14.03525493,
2207652864,-13.92555969,
2208252824,-13.67971238,
2208852784,-13.78083325,
2209452744,-13.6537292,
2210052704,-13.59187588,
2210652664,-13.48337407,
2211252624,-13.39718198,
2211852584,-13.54317474,
2212452544,-13.5640589,
2213052504,-13.0963894,
2213652464,-13.11503685,
2214252424,-12.99003122,
2214852384,-12.98795654,
2215452344,-12.98950022,
2216052304,-12.86002175,
2216652264,-12.90510111,
2217252224,-12.76536604,
2217852184,-12.88674068,
2218452144,-12.68212155,
2219052104,-12.73158297,
2219652064,-12.74456014,
2220252024,-12.63465287,
2220851984,-12.51416246,
2221451944,-12.43901843,
2222051904,-12.69705066,
2222651864,-12.31132669,
2223251824,-12.54615777,
2223851784,-12.19882681,
2224451744,-11.98052686,
2225051704,-12.034096,
2225651664,-11.94024079,
2226251624,-12.11459222,
2226851584,-11.79706241,
2227451544,-11.78937423,
2228051504,-11.72693887,
2228651464,-11.39610882,
2229251424,-11.35391303,
2229851384,-11.727496,
2230451344,-11.54314272,
2231051304,-11.70790551,
2231651264,-11.49078275,
2232251224,-11.12073056,
2232851184,-11.36765549,
2233451144,-11.47948514,
2234051104,-11.2850567,
2234651064,-11.17964755,
2235251024,-11.19769879,
2235850984,-11.21074387,
2236450944,-11.1580056,
2237050904,-11.09309153,
2237650864,-11.11764478,
2238250824,-11.0169338,
2238850784,-10.78098354,
2239450744,-10.93251464,
2240050704,-10.95486618,
2240650664,-11.08973244,
2241250624,-10.86204703,
2241850584,-10.83755429,
2242450544,-10.85112379,
2243050504,-10.81817831,
2243650464,-10.76747183,
2244250424,-10.72237945,
2244850384,-10.67507001,
2245450344,-10.8843173,
2246050304,-10.63121751,
2246650264,-10.5862984,
2247250224,-10.65842288,
2247850184,-10.60994029,
2248450144,-10.59857052,
2249050104,-10.46665788,
2249650064,-10.38278904,
2250250024,-10.57362155,
2250849984,-10.49481706,
2251449944,-10.40843334,
2252049904,-10.2892481,
2252649864,-10.68567607,
2253249824,-10.59196124,
2253849784,-10.34678761,
2254449744,-10.6141704,
2255049704,-10.40645852,
2255649664,-10.50485029,
2256249624,-10.45065691,
2256849584,-10.3809288,
2257449544,-10.32306331,
2258049504,-10.3084675,
2258649464,-10.41556939,
2259249424,-10.43432488,
2259849384,-10.31581501,
2260449344,-10.16359654,
2261049304,-10.18582514,
2261649264,-10.38626624,
2262249224,-10.27605491,
2262849184,-10.06098049,
2263449144,-10.22445217,
2264049104,-9.992571678,
2264649064,-10.16608722,
2265249024,-10.23423697,
2265848984,-10.0018821,
2266448944,-9.816212053,
2267048904,-9.966502704,
2267648864,-9.892884414,
2268248824,-9.773254338,
2268848784,-9.948370591,
2269448744,-9.936296042,
2270048704,-9.901578325,
2270648664,-10.12044869,
2271248624,-9.892897574,
2271848584,-9.843041369,
2272448544,-9.671216019,
2273048504,-9.972782389,
2273648464,-9.859172441,
2274248424,-9.971674413,
2274848384,-9.851537475,
2275448344,-9.933674224,
2276048304,-9.780199946,
2276648264,-9.701773988,
2277248224,-9.965454004,
2277848184,-9.894829124,
2278448144,-9.828775082,
2279048104,-9.721310991,
2279648064,-9.517495413,
2280248024,-9.66956429,
2280847984,-9.731891394,
2281447944,-9.733866245,
2282047904,-9.640219583,
2282647864,-9.760260844,
2283247824,-9.624702437,
2283847784,-9.631083328,
2284447744,-9.793004949,
2285047704,-9.540948,
2285647664,-9.541958256,
2286247624,-9.744433632,
2286847584,-9.60467183,
2287447544,-9.598051669,
2288047504,-9.428396388,
2288647464,-9.614429952,
2289247424,-9.501562173,
2289847384,-9.451983938,
2290447344,-9.526087591,
2291047304,-9.40697125,
2291647264,-9.759182949,
2292247224,-9.497493157,
2292847184,-9.538923754,
2293447144,-9.49164652,
2294047104,-9.639478969,
2294647064,-9.459811971,
2295247024,-9.641070344,
2295846984,-9.429779573,
2296446944,-9.552908143,
2297046904,-9.486459496,
2297646864,-9.42669302,
2298246824,-9.511450726,
2298846784,-9.442870167,
2299446744,-9.591565485,
2300046704,-9.5768231,
2300646664,-9.525772387,
2301246624,-9.539221665,
2301846584,-9.466803521,
2302446544,-9.487822421,
2303046504,-9.500741944,
2303646464,-9.249336267,
2304246424,-9.586899517,
2304846384,-9.397362472,
2305446344,-9.510753341,
2306046304,-9.379139017,
2306646264,-9.303301012,
2307246224,-9.350972319,
2307846184,-9.442615947,
2308446144,-9.447929186,
2309046103,-9.458693696,
2309646063,-9.528054755,
2310246023,-9.446128177,
2310845983,-9.333181533,
2311445943,-9.283155165,
2312045903,-9.351575236,
2312645863,-9.198631704,
2313245823,-9.424982406,
2313845783,-9.263022787,
2314445743,-9.430326996,
2315045703,-9.284592806,
2315645663,-9.312446844,
2316245623,-9.093676168,
2316845583,-9.272011897,
2317445543,-9.382457431,
2318045503,-9.173171064,
2318645463,-9.211869115,
2319245423,-9.137527252,
2319845383,-9.156808752,
2320445343,-9.146702326,
2321045303,-9.220298878,
2321645263,-9.144714171,
2322245223,-9.128636077,
2322845183,-8.976485193,
2323445143,-9.104883895,
2324045103,-9.181546178,
2324645063,-9.168454402,
2325245023,-9.13255404,
2325844983,-8.989485898,
2326444943,-9.167554982,
2327044903,-9.025473102,
2327644863,-9.043302112,
2328244823,-9.066814168,
2328844783,-8.914484771,
2329444743,-8.981486014,
2330044703,-8.936372986,
2330644663,-8.976439778,
2331244623,-8.977858595,
2331844583,-8.878142281,
2332444543,-8.822759905,
2333044503,-8.812300091,
2333644463,-8.805644964,
2334244423,-8.907642081,
2334844383,-8.925348231,
2335444343,-8.790065944,
2336044303,-8.769537916,
2336644263,-8.841285512,
2337244223,-8.853479991,
2337844183,-8.720821229,
2338444143,-8.779526782,
2339044103,-8.826037655,
2339644063,-8.766050969,
2340244023,-8.679190731,
2340843983,-8.674197163,
2341443943,-8.720388804,
2342043903,-8.461379044,
2342643863,-8.656322328,
2343243823,-8.529275802,
2343843783,-8.551099181,
2344443743,-8.636083282,
2345043703,-8.438820028,
2345643663,-8.577240191,
2346243623,-8.530077607,
2346843583,-8.464688963,
2347443543,-8.496150718,
2348043503,-8.382149178,
2348643463,-8.425152551,
2349243423,-8.331476507,
2349843383,-8.474609704,
2350443343,-8.348132255,
2351043303,-8.409248586,
2351643263,-8.370487478,
2352243223,-8.380781677,
2352843183,-8.341574857,
2353443143,-8.263321215,
2354043103,-8.198238573,
2354643063,-8.326174221,
2355243023,-8.127098644,
2355842983,-8.268888344,
2356442943,-8.276396784,
2357042903,-8.228180449,
2357642863,-8.028514104,
2358242823,-8.064925836,
2358842783,-8.015326771,
2359442743,-8.086859603,
2360042703,-7.77698973,
2360642663,-7.719097702,
2361242623,-7.848640697,
2361842583,-7.922476655,
2362442543,-7.784500587,
2363042503,-7.868513506,
2363642463,-7.812769118,
2364242423,-7.637041054,
2364842383,-7.686575179,
2365442343,-7.784009576,
2366042303,-7.651983541,
2366642263,-7.347322773,
2367242223,-7.622089515,
2367842183,-7.593111553,
2368442143,-7.678706724,
2369042103,-7.513496101,
2369642063,-7.60776771,
2370242023,-7.484160697,
2370841983,-7.625155513,
2371441943,-7.402511275,
2372041903,-7.398093021,
2372641863,-7.427980173,
2373241823,-7.278708136,
2373841783,-7.351872873,
2374441743,-7.333586455,
2375041703,-7.36418662,
2375641663,-7.314195358,
2376241623,-7.289605048,
2376841583,-7.326831234,
2377441543,-7.308558608,
2378041503,-7.218380105,
2378641463,-7.169398211,
2379241423,-7.195739964,
2379841383,-7.055196717,
2380441343,-7.19752237,
2381041303,-7.164079589,
2381641263,-7.134828031,
2382241223,-7.058476171,
2382841183,-7.028482236,
2383441143,-7.024665848,
2384041103,-7.049407278,
2384641063,-6.983316449,
2385241023,-6.915002192,
2385840983,-7.002620245,
2386440943,-6.949507759,
2387040903,-6.923397004,
2387640863,-6.933407745,
2388240823,-7.032656354,
2388840783,-6.896031672,
2389440743,-6.908750904,
2390040703,-6.921270513,
2390640663,-6.801017036,
2391240623,-6.83446467,
2391840583,-6.7335658,
2392440543,-6.833542379,
2393040503,-6.754160432,
2393640463,-6.580361712,
2394240423,-6.616146947,
2394840383,-6.587706651,
2395440343,-6.662453008,
2396040303,-6.684953456,
2396640263,-6.52597794,
2397240223,-6.512929945,
2397840183,-6.599105961,
2398440143,-6.650783351,
2399040103,-6.406737592,
2399640063,-6.564410643,
2400240023,-6.469033009,
2400839983,-6.385274296,
2401439943,-6.389310677,
2402039903,-6.438273746,
2402639863,-6.32315736,
2403239823,-6.275384239,
2403839783,-6.398105996,
2404439743,-6.247404061,
2405039703,-6.42898532,
2405639663,-6.313781482,
2406239623,-6.328435294,
2406839583,-6.322934512,
2407439543,-6.320768173,
2408039503,-6.289396617,
2408639463,-6.224459232,
2409239423,-6.207031942,
2409839383,-6.1854033,
2410439343,-6.219470057,
2411039303,-6.229672294,
2411639263,-6.226954204,
2412239223,-6.113344308,
2412839183,-6.063543473,
2413439143,-6.187102526,
2414039103,-6.121335908,
2414639063,-6.14298361,
2415239023,-6.068237381,
2415838983,-6.192282986,
2416438943,-6.07781662,
2417038903,-5.996245648,
2417638863,-6.05168299,
2418238823,-6.036743634,
2418838783,-6.045666848,
2419438743,-6.159007911,
2420038703,-6.002163056,
2420638663,-6.148400218,
2421238623,-5.927625491,
2421838583,-6.146751935,
2422438543,-6.048798698,
2423038503,-6.023750096,
2423638463,-6.073421346,
2424238423,-5.975563025,
2424838383,-5.955288398,
2425438343,-6.012112102,
2426038303,-5.926513256,
2426638263,-5.94181637,
2427238223,-6.013499145,
2427838183,-5.983752977,
2428438143,-5.973635195,
2429038103,-6.0226132,
2429638063,-5.961631031,
2430238023,-5.956128583,
2430837983,-5.966565117,
2431437943,-5.897650266,
2432037903,-5.897482321,
2432637863,-6.045785581,
2433237823,-5.951044412,
2433837783,-5.982210341,
2434437743,-5.9791796,
2435037703,-6.005486019,
2435637663,-5.98118823,
2436237623,-5.966788859,
2436837583,-5.950188371,
2437437543,-5.956236775,
2438037503,-5.977157168,
2438637463,-5.892326438,
2439237423,-5.950661604,
2439837383,-5.903776106,
2440437343,-5.843652134,
2441037303,-5.884124952,
2441637263,-5.916020385,
2442237223,-6.109326831,
2442837183,-5.879762845,
2443437143,-5.837638256,
2444037103,-5.8103966,
2444637063,-5.915510973,
2445237023,-5.860095845,
2445836983,-5.908567091,
2446436943,-5.963975445,
2447036903,-5.88747355,
2447636863,-5.811799028,
2448236823,-5.915505186,
2448836783,-5.884872373,
2449436743,-5.929013541,
2450036703,-5.948979219,
2450636663,-5.875610203,
2451236623,-5.946314469,
2451836583,-5.76324367,
2452436543,-5.824794639,
2453036503,-5.914826839,
2453636463,-5.818524623,
2454236423,-5.924614042,
2454836383,-5.891615024,
2455436343,-5.914415553,
2456036303,-5.845475613,
2456636263,-5.928634645,
2457236223,-5.919264183,
2457836183,-5.857669944,
2458436143,-5.884016402,
2459036103,-5.789956373,
2459636063,-5.789749056,
2460236023,-5.904192707,
2460835983,-5.836805677,
2461435943,-5.916211935,
2462035903,-5.833432699,
2462635863,-5.833196945,
2463235822,-5.830500471,
2463835782,-5.822988374,
2464435742,-5.876978552,
2465035702,-5.819016938,
2465635662,-5.913571512,
2466235622,-5.795742869,
2466835582,-5.866094426,
2467435542,-5.860756263,
2468035502,-5.777494559,
2468635462,-5.863839273,
2469235422,-5.889353904,
2469835382,-5.795623002,
2470435342,-5.920318701,
2471035302,-5.78271802,
2471635262,-5.814369035,
2472235222,-5.866585859,
2472835182,-5.754135433,
2473435142,-5.897240931,
2474035102,-5.786791071,
2474635062,-5.799121301,
2475235022,-5.722193411,
2475834982,-5.867394202,
2476434942,-5.752756627,
2477034902,-5.811636597,
2477634862,-5.758745739,
2478234822,-5.833784176,
2478834782,-5.77811113,
2479434742,-5.733987686,
2480034702,-5.783007899,
2480634662,-5.760384853,
2481234622,-5.754389549,
2481834582,-5.842457985,
2482434542,-5.798135339,
2483034502,-5.761078111,
2483634462,-5.765341107,
2484234422,-5.752771072,
2484834382,-5.695978488,
2485434342,-5.823086833,
2486034302,-5.743262995,
2486634262,-5.693665237,
2487234222,-5.749571677,
2487834182,-5.716497994,
2488434142,-5.715172971,
2489034102,-5.724209951,
2489634062,-5.735437256,
2490234022,-5.74155776,
2490833982,-5.719933769,
2491433942,-5.747355369,
2492033902,-5.704233454,
2492633862,-5.728559813,
2493233822,-5.624009987,
2493833782,-5.740104184,
2494433742,-5.59211314,
2495033702,-5.565444078,
2495633662,-5.728057224,
2496233622,-5.661019234,
2496833582,-5.711481106,
2497433542,-5.671577672,
2498033502,-5.688692664,
2498633462,-5.718350483,
2499233422,-5.679164309,
2499833382,-5.711502382,
2500433342,-5.703028509,
2501033302,-5.707321841,
2501633262,-5.688620354,
2502233222,-5.662789273,
2502833182,-5.718503421,
2503433142,-5.64015878,
2504033102,-5.703778441,
2504633062,-5.630853083,
2505233022,-5.579688916,
2505832982,-5.571659361,
2506432942,-5.524833024,
2507032902,-5.528887302,
2507632862,-5.493626329,
2508232822,-5.694391103,
2508832782,-5.605981114,
2509432742,-5.515701588,
2510032702,-5.660047735,
2510632662,-5.622537204,
2511232622,-5.61321005,
2511832582,-5.614041308,
2512432542,-5.657437012,
2513032502,-5.538145675,
2513632462,-5.648899032,
2514232422,-5.559528723,
2514832382,-5.629961683,
2515432342,-5.721351145,
2516032302,-5.650119718,
2516632262,-5.548033064,
2517232222,-5.60602578,
2517832182,-5.52770648,
2518432142,-5.578839422,
2519032102,-5.46176026,
2519632062,-5.564062752,
2520232022,-5.541603706,
2520831982,-5.512629896,
2521431942,-5.575284259,
2522031902,-5.494873947,
2522631862,-5.634258399,
2523231822,-5.512242303,
2523831782,-5.552197241,
2524431742,-5.713839993,
2525031702,-5.507758637,
2525631662,-5.651780026,
2526231622,-5.598393109,
2526831582,-5.557402933,
2527431542,-5.493944665,
2528031502,-5.540741517,
2528631462,-5.577491786,
2529231422,-5.735882571,
2529831382,-5.578475215,
2530431342,-5.682887104,
2531031302,-5.572014834,
2531631262,-5.630120611,
2532231222,-5.630284045,
2532831182,-5.533157054,
2533431142,-5.605280304,
2534031102,-5.669321941,
2534631062,-5.555396803,
2535231022,-5.605730241,
2535830982,-5.564601354,
2536430942,-5.645631301,
2537030902,-5.715373261,
2537630862,-5.764974116,
2538230822,-5.698288519,
2538830782,-5.669145817,
2539430742,-5.698855989,
2540030702,-5.670518187,
2540630662,-5.732548546,
2541230622,-5.677520298,
2541830582,-5.720766367,
2542430542,-5.69739437,
2543030502,-5.683786118,
2543630462,-5.65879152,
2544230422,-5.687730902,
2544830382,-5.524814577,
2545430342,-5.652734491,
2546030302,-5.747897534,
2546630262,-5.715323218,
2547230222,-5.781416787,
2547830182,-5.743818651,
2548430142,-5.777741708,
2549030102,-5.73153539,
2549630062,-5.747141125,
2550230022,-5.724614305,
2550829982,-5.804490837,
2551429942,-5.805867501,
2552029902,-5.720575799,
2552629862,-5.770281108,
2553229822,-5.71301121,
2553829782,-5.788037236,
2554429742,-5.774423845,
2555029702,-5.711110228,
2555629662,-5.650633337,
2556229622,-5.822181722,
2556829582,-5.726831477,
2557429542,-5.780380198,
2558029502,-5.66244389,
2558629462,-5.822721936,
2559229422,-5.770661719,
2559829382,-5.747178144,
2560429342,-5.700239451,
2561029302,-5.833403886,
2561629262,-5.757521982,
2562229222,-5.745929742,
2562829182,-5.798016516,
2563429142,-5.874037365,
2564029102,-5.718023004,
2564629062,-5.848765624,
2565229022,-5.780905379,
2565828982,-5.877060626,
2566428942,-5.918583177,
2567028902,-5.893172657,
2567628862,-5.74913691,
2568228822,-5.833620545,
2568828782,-5.928522092,
2569428742,-5.786806573,
2570028702,-5.976922055,
2570628662,-5.824605674,
2571228622,-5.832651284,
2571828582,-5.879630724,
2572428542,-5.958989706,
2573028502,-5.822883223,
2573628462,-5.862474393,
2574228422,-6.017144625,
2574828382,-5.816919414,
2575428342,-5.956000854,
2576028302,-5.90221096,
2576628262,-5.961845105,
2577228222,-5.863400959,
2577828182,-5.967271206,
2578428142,-5.882648691,
2579028102,-5.905195251,
2579628062,-5.764623706,
2580228022,-5.966305225,
2580827982,-5.912700341,
2581427942,-5.912208122,
2582027902,-5.874374668,
2582627862,-5.853609345,
2583227822,-5.876717186,
2583827782,-5.952638066,
2584427742,-5.927944262,
2585027702,-5.911652998,
2585627662,-5.930644082,
2586227622,-5.808471938,
2586827582,-5.979500064,
2587427542,-5.857470247,
2588027502,-5.944253746,
2588627462,-5.861214196,
2589227422,-5.837644064,
2589827382,-5.852655379,
2590427342,-5.953094781,
2591027302,-5.86699899,
2591627262,-5.846429326,
2592227222,-6.077394232,
2592827182,-5.992690485,
2593427142,-5.821192136,
2594027102,-5.862171171,
2594627062,-5.902851477,
2595227022,-5.887507438,
2595826982,-6.022366245,
2596426942,-5.854025692,
2597026902,-5.925434815,
2597626862,-5.984442464,
2598226822,-5.898585124,
2598826782,-5.946756647,
2599426742,-5.958672591,
2600026702,-5.97649137,
2600626662,-5.936848663,
2601226622,-5.9116286,
2601826582,-5.912027166,
2602426542,-6.064589895,
2603026502,-5.979857932,
2603626462,-5.843952577,
2604226422,-5.850777951,
2604826382,-5.935301662,
2605426342,-5.921622231,
2606026302,-5.921681261,
2606626262,-5.92295268,
2607226222,-5.797235512,
2607826182,-5.947861793,
2608426142,-5.911461575,
2609026102,-5.852993685,
2609626062,-5.952421307,
2610226022,-5.949911497,
2610825982,-5.855750542,
2611425942,-5.978927984,
2612025902,-6.006009726,
2612625862,-5.985906197,
2613225822,-6.009552462,
2613825782,-5.992623171,
2614425742,-6.032260454,
2615025702,-5.933184041,
2615625662,-5.886988762,
2616225622,-6.007139973,
2616825581,-6.034891716,
2617425541,-6.010635585,
2618025501,-5.918222084,
2618625461,-6.10301619,
2619225421,-6.092476494,
2619825381,-5.995854015,
2620425341,-6.030103026,
2621025301,-6.07476186,
2621625261,-6.111525085,
2622225221,-6.126258982,
2622825181,-6.100772531,
2623425141,-6.043328128,
2624025101,-6.109130319,
2624625061,-6.10020279,
2625225021,-6.136218268,
2625824981,-6.057781438,
2626424941,-6.130594006,
2627024901,-6.170126142,
2627624861,-6.192838788,
2628224821,-6.098951507,
2628824781,-6.090938228,
2629424741,-6.141649588,
2630024701,-6.180995445,
2630624661,-6.285511126,
2631224621,-6.180498025,
2631824581,-6.248882924,
2632424541,-6.14024376,
2633024501,-6.221391965,
2633624461,-6.283395929,
2634224421,-6.252376838,
2634824381,-6.235119292,
2635424341,-6.278024452,
2636024301,-6.40167828,
2636624261,-6.274103744,
2637224221,-6.282148477,
2637824181,-6.287895598,
2638424141,-6.371521908,
2639024101,-6.337148113,
2639624061,-6.32012968,
2640224021,-6.321424192,
2640823981,-6.274588089,
2641423941,-6.344334932,
2642023901,-6.363617639,
2642623861,-6.362381261,
2643223821,-6.452657298,
2643823781,-6.442275646,
2644423741,-6.348016867,
2645023701,-6.472929159,
2645623661,-6.53921843,
2646223621,-6.508213653,
2646823581,-6.642517072,
2647423541,-6.528262955,
2648023501,-6.591780997,
2648623461,-6.556662558,
2649223421,-6.549746813,
2649823381,-6.487424901,
2650423341,-6.619317314,
2651023301,-6.613545805,
2651623261,-6.622750837,
2652223221,-6.610491431,
2652823181,-6.658213831,
2653423141,-6.755812737,
2654023101,-6.499963289,
2654623061,-6.761552254,
2655223021,-6.84301571,
2655822981,-6.840916908,
2656422941,-6.829416168,
2657022901,-6.779180185,
2657622861,-6.83636073,
2658222821,-6.821423732,
2658822781,-6.840775363,
2659422741,-6.875085439,
2660022701,-6.900256129,
2660622661,-6.98619915,
2661222621,-6.80781168,
2661822581,-6.859649778,
2662422541,-6.893460239,
2663022501,-6.997542222,
2663622461,-7.055868783,
2664222421,-7.039992174,
2664822381,-7.006457827,
2665422341,-7.034237318,
2666022301,-7.136801931,
2666622261,-7.200380082,
2667222221,-7.112234598,
2667822181,-7.162131206,
2668422141,-7.197002345,
2669022101,-7.179491342,
2669622061,-7.251642136,
2670222021,-7.24934176,
2670821981,-7.160420484,
2671421941,-7.19857509,
2672021901,-7.288258782,
2672621861,-7.358603337,
2673221821,-7.164862199,
2673821781,-7.337393097,
2674421741,-7.282933607,
2675021701,-7.240119509,
2675621661,-7.318619223,
2676221621,-7.318365569,
2676821581,-7.368827445,
2677421541,-7.295579824,
2678021501,-7.360559721,
2678621461,-7.459181905,
2679221421,-7.421195321,
2679821381,-7.436603203,
2680421341,-7.328997795,
2681021301,-7.507271862,
2681621261,-7.516730645,
2682221221,-7.488575319,
2682821181,-7.410574176,
2683421141,-7.561348937,
2684021101,-7.401243426,
2684621061,-7.398943754,
2685221021,-7.460566016,
2685820981,-7.604398173,
2686420941,-7.503695725,
2687020901,-7.427791095,
2687620861,-7.489433979,
2688220821,-7.47760521,
2688820781,-7.544831081,
2689420741,-7.480334046,
2690020701,-7.622355112,
2690620661,-7.545238485,
2691220621,-7.563327647,
2691820581,-7.529737089,
2692420541,-7.427445274,
2693020501,-7.604881834,
2693620461,-7.60830161,
2694220421,-7.59116096,
2694820381,-7.560922594,
2695420341,-7.605773788,
2696020301,-7.624265802,
2696620261,-7.661376047,
2697220221,-7.717338597,
2697820181,-7.704609856,
2698420141,-7.596437703,
2699020101,-7.64757217,
2699620061,-7.713000644,
2700220021,-7.659818357,
2700819981,-7.657909364,
2701419941,-7.685078875,
2702019901,-7.769500117,
2702619861,-7.708563472,
2703219821,-7.587527209,
2703819781,-7.731135848,
2704419741,-7.720794756,
2705019701,-7.729300121,
2705619661,-7.649442658,
2706219621,-7.647075688,
2706819581,-7.672439933,
2707419541,-7.685935678,
2708019501,-7.595003472,
2708619461,-7.723719151,
2709219421,-7.693449309,
2709819381,-7.77472775,
2710419341,-7.695859194,
2711019301,-7.706438947,
2711619261,-7.554710647,
2712219221,-7.67663893,
2712819181,-7.70038735,
2713419141,-7.710400771,
2714019101,-7.709627847,
2714619061,-7.704369738,
2715219021,-7.751052928,
2715818981,-7.663902061,
2716418941,-7.696549872,
2717018901,-7.663878239,
2717618861,-7.698260046,
2718218821,-7.739045152,
2718818781,-7.61143564,
2719418741,-7.639570754,
2720018701,-7.739542683,
2720618661,-7.651702002,
2721218621,-7.821509887,
2721818581,-7.707173638,
2722418541,-7.578994193,
2723018501,-7.655618914,
2723618461,-7.801326076,
2724218421,-7.666811683,
2724818381,-7.595130139,
2725418341,-7.749476783,
2726018301,-7.701306626,
2726618261,-7.632654365,
2727218221,-7.693460646,
2727818181,-7.57202546,
2728418141,-7.614653785,
2729018101,-7.704574421,
2729618061,-7.612974846,
2730218021,-7.653260218,
2730817981,-7.603136947,
2731417941,-7.725819821,
2732017901,-7.69250662,
2732617861,-7.637902526,
2733217821,-7.509431884,
2733817781,-7.525747541,
2734417741,-7.563436866,
2735017701,-7.57798982,
2735617661,-7.405677151,
2736217621,-7.617323328,
2736817581,-7.580366645,
2737417541,-7.492012228,
2738017501,-7.598081114,
2738617461,-7.662270111,
2739217421,-7.555376929,
2739817381,-7.515780375,
2740417341,-7.481619406,
2741017301,-7.497284964,
2741617261,-7.409111993,
2742217221,-7.395280824,
2742817181,-7.451914286,
2743417141,-7.364019464,
2744017101,-7.302333975,
2744617061,-7.405642314,
2745217021,-7.311711933,
2745816981,-7.396654373,
2746416941,-7.366257692,
2747016901,-7.301535918,
2747616861,-7.356657592,
2748216821,-7.345689735,
2748816781,-7.343896356,
2749416741,-7.320292567,
2750016701,-7.261062971,
2750616661,-7.401839924,
2751216621,-7.211849007,
2751816581,-7.193129233,
2752416541,-7.375192787,
2753016501,-7.190950425,
2753616461,-7.189558291,
2754216421,-7.236423167,
2754816381,-7.192169592,
2755416341,-7.211248397,
2756016301,-7.0298242,
2756616261,-7.155570668,
2757216221,-7.205830453,
2757816181,-7.178626843,
2758416141,-7.112077927,
2759016101,-7.150994952,
2759616061,-7.276561525,
2760216021,-6.928519258,
2760815981,-7.104497427,
2761415941,-7.021841331,
2762015901,-7.090296072,
2762615861,-7.010008308,
2763215821,-7.163583834,
2763815781,-6.98301604,
2764415741,-7.076530356,
2765015701,-7.055164525,
2765615661,-6.994491046,
2766215621,-7.086572157,
2766815581,-7.108976286,
2767415541,-7.076488574,
2768015501,-7.095304442,
2768615461,-7.028456059,
2769215421,-6.983951004,
2769815381,-7.076399831,
2770415340,-6.93649786,
2771015300,-7.025733095,
2771615260,-6.926708295,
2772215220,-7.031660332,
2772815180,-6.958618381,
2773415140,-6.989559849,
2774015100,-6.779672619,
2774615060,-7.009121777,
2775215020,-6.925630438,
2775814980,-7.022244589,
2776414940,-7.075827749,
2777014900,-6.995492896,
2777614860,-7.018286329,
2778214820,-6.939366178,
2778814780,-6.987787186,
2779414740,-7.014384102,
2780014700,-6.97890917,
2780614660,-6.974547757,
2781214620,-6.94274029,
2781814580,-6.937189213,
2782414540,-6.963831123,
2783014500,-7.036334185,
2783614460,-6.863987566,
2784214420,-6.91748071,
2784814380,-6.998437551,
2785414340,-6.987716979,
2786014300,-6.95046106,
2786614260,-6.910463091,
2787214220,-6.862370591,
2787814180,-6.846910189,
2788414140,-6.826672849,
2789014100,-6.894184331,
2789614060,-6.888573049,
2790214020,-6.942276215,
2790813980,-6.87244055,
2791413940,-7.060130863,
2792013900,-6.909271912,
2792613860,-6.937089243,
2793213820,-6.919553188,
2793813780,-6.868950225,
2794413740,-6.882816904,
2795013700,-6.926022001,
2795613660,-7.004459194,
2796213620,-6.988202164,
2796813580,-7.017394256,
2797413540,-6.984330381,
2798013500,-6.939662564,
2798613460,-6.945753485,
2799213420,-7.0648794,
2799813380,-6.957798723,
2800413340,-7.041681659,
2801013300,-6.996511114,
2801613260,-6.941914522,
2802213220,-6.885521281,
2802813180,-6.941778126,
2803413140,-6.996975954,
2804013100,-7.046629456,
2804613060,-7.041000615,
2805213020,-6.935770421,
2805812980,-6.922581024,
2806412940,-6.827749219,
2807012900,-6.904479223,
2807612860,-6.9255702,
2808212820,-7.027072083,
2808812780,-6.875241208,
2809412740,-7.017553175,
2810012700,-6.949136996,
2810612660,-7.012947416,
2811212620,-6.983727626,
2811812580,-6.895983578,
2812412540,-6.962423226,
2813012500,-7.037419143,
2813612460,-7.081774243,
2814212420,-6.99863943,
2814812380,-6.919572214,
2815412340,-7.076939744,
2816012300,-7.012682795,
2816612260,-7.000879575,
2817212220,-7.023737316,
2817812180,-7.052199633,
2818412140,-6.864589639,
2819012100,-7.070029297,
2819612060,-7.180351838,
2820212020,-7.016449144,
2820811980,-7.113781774,
2821411940,-7.088728325,
2822011900,-7.046584118,
2822611860,-6.999538955,
2823211820,-7.043982794,
2823811780,-7.045766328,
2824411740,-7.098688904,
2825011700,-7.066978573,
2825611660,-7.14715669,
2826211620,-7.091118911,
2826811580,-7.015902214,
2827411540,-7.173557685,
2828011500,-7.132756171,
2828611460,-7.112096584,
2829211420,-7.001291729,
2829811380,-7.05735091,
2830411340,-7.080956047,
2831011300,-7.16455665,
2831611260,-7.102432814,
2832211220,-7.174455603,
2832811180,-7.031163568,
2833411140,-7.182360599,
2834011100,-7.054461476,
2834611060,-7.211803839,
2835211020,-7.093642773,
2835810980,-7.097420534,
2836410940,-7.275887706,
2837010900,-7.138168471,
2837610860,-7.137532811,
2838210820,-7.053772611,
2838810780,-7.119282224,
2839410740,-7.072898467,
2840010700,-7.167999577,
2840610660,-7.09757682,
2841210620,-7.207794592,
2841810580,-7.18244145,
2842410540,-7.309582437,
2843010500,-7.218984131,
2843610460,-7.183177143,
2844210420,-7.144280484,
2844810380,-7.325649641,
2845410340,-7.271494384,
2846010300,-7.247414706,
2846610260,-7.311303666,
2847210220,-7.161531218,
2847810180,-7.153338147,
2848410140,-7.173006063,
2849010100,-7.244814929,
2849610060,-7.242296843,
2850210020,-7.233232276,
2850809980,-7.279579295,
2851409940,-7.246457386,
2852009900,-7.159620319,
2852609860,-7.346477444,
2853209820,-7.236613478,
2853809780,-7.238264681,
2854409740,-7.360976225,
2855009700,-7.255492119,
2855609660,-7.22029274,
2856209620,-7.393818789,
2856809580,-7.396923861,
2857409540,-7.31242097,
2858009500,-7.401268623,
2858609460,-7.331076216,
2859209420,-7.472290778,
2859809380,-7.355136802,
2860409340,-7.347126205,
2861009300,-7.146746227,
2861609260,-7.436232676,
2862209220,-7.358576485,
2862809180,-7.354418568,
2863409140,-7.451309122,
2864009100,-7.409866289,
2864609060,-7.419751747,
2865209020,-7.247945112,
2865808980,-7.595251384,
2866408940,-7.353080299,
2867008900,-7.447291197,
2867608860,-7.54893634,
2868208820,-7.374315538,
2868808780,-7.563536155,
2869408740,-7.486216381,
2870008700,-7.482806244,
2870608660,-7.466946148,
2871208620,-7.552377691,
2871808580,-7.424874566,
2872408540,-7.66811722,
2873008500,-7.701901171,
2873608460,-7.489332847,
2874208420,-7.665809773,
2874808380,-7.724707112,
2875408340,-7.602244866,
2876008300,-7.614752407,
2876608260,-7.592586655,
2877208220,-7.740381519,
2877808180,-7.739964211,
2878408140,-7.660203899,
2879008100,-7.677631396,
2879608060,-7.860894969,
2880208020,-7.698564782,
2880807980,-7.79447054,
2881407940,-7.806291841,
2882007900,-7.846753003,
2882607860,-7.848823852,
2883207820,-7.905534524,
2883807780,-7.909072453,
2884407740,-7.919807947,
2885007700,-7.953087854,
2885607660,-8.049398666,
2886207620,-7.99536666,
2886807580,-7.975703449,
2887407540,-8.032581718,
2888007500,-8.065603552,
2888607460,-8.006715348,
2889207420,-8.009193891,
2889807380,-7.973819828,
2890407340,-8.033532154,
2891007300,-8.163215784,
2891607260,-8.103295344,
2892207220,-8.042453659,
2892807180,-8.019494071,
2893407140,-8.156125202,
2894007100,-8.078644859,
2894607060,-8.126062765,
2895207020,-8.081648551,
2895806980,-8.242000218,
2896406940,-8.22815686,
2897006900,-8.22287244,
2897606860,-8.314686356,
2898206820,-8.158714742,
2898806780,-8.305784427,
2899406740,-8.182258536,
2900006700,-8.13071896,
2900606660,-8.248088125,
2901206620,-8.300753152,
2901806580,-8.203631384,
2902406540,-8.283544993,
2903006500,-8.483639938,
2903606460,-8.399142984,
2904206420,-8.421432447,
2904806380,-8.281241919,
2905406340,-8.334946223,
2906006300,-8.432401738,
2906606260,-8.491982509,
2907206220,-8.530387614,
2907806180,-8.513257398,
2908406140,-8.549141811,
2909006100,-8.508262316,
2909606060,-8.482120027,
2910206020,-8.615563921,
2910805980,-8.496470919,
2911405940,-8.554119792,
2912005900,-8.529000697,
2912605860,-8.662319349,
2913205820,-8.67800263,
2913805780,-8.625955778,
2914405740,-8.667224165,
2915005700,-8.673291608,
2915605660,-8.624171679,
2916205620,-8.664605061,
2916805580,-8.639664888,
2917405540,-8.507281934,
2918005500,-8.833339364,
2918605460,-8.610434374,
2919205420,-8.747156277,
2919805380,-8.737205433,
2920405340,-8.801935256,
2921005300,-8.799279932,
2921605260,-8.8027734,
2922205220,-8.913509268,
2922805180,-8.933944086,
2923405140,-8.86833828,
2924005100,-8.804806529,
2924605059,-8.959333081,
2925205019,-8.85979705,
2925804979,-8.822923027,
2926404939,-8.903313919,
2927004899,-8.901302515,
2927604859,-8.816901485,
2928204819,-8.984970597,
2928804779,-8.899313388,
2929404739,-8.929345575,
2930004699,-8.94799158,
2930604659,-8.94561821,
2931204619,-8.910923717,
2931804579,-9.015567683,
2932404539,-8.963984406,
2933004499,-9.042939755,
2933604459,-9.002111262,
2934204419,-9.190716152,
2934804379,-9.125570314,
2935404339,-9.004269004,
2936004299,-8.955813201,
2936604259,-8.970857575,
2937204219,-9.040515499,
2937804179,-8.923776489,
2938404139,-9.040589853,
2939004099,-9.082041141,
2939604059,-9.095836232,
2940204019,-9.117244423,
2940803979,-9.077604123,
2941403939,-9.177077847,
2942003899,-9.032326998,
2942603859,-9.203568666,
2943203819,-9.174690039,
2943803779,-9.154979491,
2944403739,-9.146364454,
2945003699,-9.088250346,
2945603659,-9.144149349,
2946203619,-9.149872537,
2946803579,-9.0672169,
2947403539,-9.206370019,
2948003499,-9.171953358,
2948603459,-9.15168153,
2949203419,-9.179609144,
2949803379,-9.260471858,
2950403339,-9.145121493,
2951003299,-9.195620457,
2951603259,-9.054567622,
2952203219,-9.183896933,
2952803179,-9.218998413,
2953403139,-9.159518281,
2954003099,-9.182495596,
2954603059,-9.125235431,
2955203019,-9.173821898,
2955802979,-9.141725235,
2956402939,-9.158833334,
2957002899,-9.122995211,
2957602859,-9.216468816,
2958202819,-9.123147144,
2958802779,-9.179441225,
2959402739,-9.261007538,
2960002699,-9.203362793,
2960602659,-9.314044203,
2961202619,-9.004325788,
2961802579,-9.106064662,
2962402539,-9.31553716,
2963002499,-9.119411978,
2963602459,-9.131035833,
2964202419,-9.096202981,
2964802379,-9.221979448,
2965402339,-9.061728467,
2966002299,-9.065075449,
2966602259,-9.202857239,
2967202219,-9.151369118,
2967802179,-9.190039724,
2968402139,-8.968667105,
2969002099,-9.054765832,
2969602059,-9.018009079,
2970202019,-8.996267524,
2970801979,-9.015749347,
2971401939,-9.112497833,
2972001899,-8.957874544,
2972601859,-9.072028219,
2973201819,-8.98806047,
2973801779,-9.009804977,
2974401739,-9.080033635,
2975001699,-9.112339544,
2975601659,-9.120661956,
2976201619,-8.927605084,
2976801579,-9.089411696,
2977401539,-8.859207675,
2978001499,-9.104543426,
2978601459,-9.076373429,
2979201419,-9.004444003,
2979801379,-8.874337549,
2980401339,-8.893996951,
2981001299,-9.017317468,
2981601259,-8.99007022,
2982201219,-8.928717977,
2982801179,-8.993550338,
2983401139,-8.954771585,
2984001099,-9.031925834,
2984601059,-8.931683527,
2985201019,-8.799698671,
2985800979,-8.905672268,
2986400939,-9.005058969,
2987000899,-8.843551775,
2987600859,-8.874221626,
2988200819,-8.839702302,
2988800779,-8.939192229,
2989400739,-8.781680289,
2990000699,-8.810440518,
2990600659,-8.807233086,
2991200619,-8.723976177,
2991800579,-8.769112547,
2992400539,-8.738633479,
2993000499,-8.879074168,
2993600459,-8.839508895,
2994200419,-8.739732601,
2994800379,-8.637374263,
2995400339,-8.773116333,
2996000299,-8.705517673,
2996600259,-8.919649753,
2997200219,-8.735804613,
2997800179,-8.710905396,
2998400139,-8.765316976,
2999000099,-8.720555748,
2999600059,-8.501477342,
3000200019,-8.772592885,
3000799979,-8.788329976,
3001399939,-8.652575225,
3001999899,-8.60960415,
3002599859,-8.696913023,
3003199819,-8.666842543,
3003799779,-8.629520097,
3004399739,-8.599551315,
3004999699,-8.579635818,
3005599659,-8.552814143,
3006199619,-8.583434942,
3006799579,-8.529992792,
3007399539,-8.457628593,
3007999499,-8.584455924,
3008599459,-8.686221199,
3009199419,-8.515080345,
3009799379,-8.425982516,
3010399339,-8.488812298,
3010999299,-8.508280384,
3011599259,-8.658191816,
3012199219,-8.486296608,
3012799179,-8.508039806,
3013399139,-8.407659789,
3013999099,-8.428569155,
3014599059,-8.439826558,
3015199019,-8.531118076,
3015798979,-8.450838696,
3016398939,-8.386177965,
3016998899,-8.382927097,
3017598859,-8.438846742,
3018198819,-8.491245714,
3018798779,-8.47907345,
3019398739,-8.307512398,
3019998699,-8.377729164,
3020598659,-8.451676679,
3021198619,-8.37378571,
3021798579,-8.438515453,
3022398539,-8.382959141,
3022998499,-8.311296614,
3023598459,-8.287597013,
3024198419,-8.403883143,
3024798379,-8.468926845,
3025398339,-8.358008184,
3025998299,-8.230041401,
3026598259,-8.230646509,
3027198219,-8.286952134,
3027798179,-8.403182975,
3028398139,-8.184342618,
3028998099,-8.316644542,
3029598059,-8.238088638,
3030198019,-8.268940837,
3030797979,-8.204386442,
3031397939,-8.288552797,
3031997899,-8.313318632,
3032597859,-8.373454662,
3033197819,-8.291050134,
3033797779,-8.352552752,
3034397739,-8.43557776,
3034997699,-8.208707726,
3035597659,-8.352601358,
3036197619,-8.212498798,
3036797579,-8.321287869,
3037397539,-8.274199143,
3037997499,-8.224264463,
3038597459,-8.320174106,
3039197419,-8.323641091,
3039797379,-8.194907761,
3040397339,-8.326308812,
3040997299,-8.29222366,
3041597259,-8.341007886,
3042197219,-8.332614268,
3042797179,-8.31816593,
3043397139,-8.313526763,
3043997099,-8.308827109,
3044597059,-8.296027591,
3045197019,-8.417106072,
3045796979,-8.307067441,
3046396939,-8.262179854,
3046996899,-8.426049608,
3047596859,-8.315560373,
3048196819,-8.270681935,
3048796779,-8.303912446,
3049396739,-8.200561686,
3049996699,-8.31526221,
3050596659,-8.334227021,
3051196619,-8.36692464,
3051796579,-8.337391635,
3052396539,-8.347396201,
3052996499,-8.304178646,
3053596459,-8.28550698,
3054196419,-8.322562332,
3054796379,-8.241513898,
3055396339,-8.330196817,
3055996299,-8.356358591,
3056596259,-8.398326639,
3057196219,-8.284098798,
3057796179,-8.225531759,
3058396139,-8.289930404,
3058996099,-8.236605735,
3059596059,-8.294073623,
3060196019,-8.396456288,
3060795979,-8.25158071,
3061395939,-8.425842141,
3061995899,-8.373700217,
3062595859,-8.420434446,
3063195819,-8.336625916,
3063795779,-8.355919631,
3064395739,-8.312967499,
3064995699,-8.308621514,
3065595659,-8.316423271,
3066195619,-8.351515101,
3066795579,-8.336046275,
3067395539,-8.388849711,
3067995499,-8.344764748,
3068595459,-8.397409978,
3069195419,-8.363823395,
3069795379,-8.355487181,
3070395339,-8.315445196,
3070995299,-8.345184739,
3071595259,-8.280864737,
3072195219,-8.301148742,
3072795179,-8.280410459,
3073395139,-8.364715873,
3073995099,-8.450847861,
3074595059,-8.426125229,
3075195019,-8.424725566,
3075794979,-8.286311804,
3076394939,-8.405189351,
3076994899,-8.18872465,
3077594859,-8.302794397,
3078194818,-8.381392422,
3078794778,-8.308996137,
3079394738,-8.285067382,
3079994698,-8.323901689,
3080594658,-8.351547415,
3081194618,-8.486853905,
3081794578,-8.290677186,
3082394538,-8.477178251,
3082994498,-8.242687891,
3083594458,-8.456204127,
3084194418,-8.310965709,
3084794378,-8.46665532,
3085394338,-8.311204458,
3085994298,-8.288598307,
3086594258,-8.344652807,
3087194218,-8.417669209,
3087794178,-8.469721052,
3088394138,-8.347087291,
3088994098,-8.326770586,
3089594058,-8.40561141,
3090194018,-8.508929628,
3090793978,-8.355956842,
3091393938,-8.320373653,
3091993898,-8.457428328,
3092593858,-8.417655398,
3093193818,-8.518657469,
3093793778,-8.436705593,
3094393738,-8.51749882,
3094993698,-8.466090305,
3095593658,-8.454938512,
3096193618,-8.407015382,
3096793578,-8.400984712,
3097393538,-8.438185094,
3097993498,-8.490714991,
3098593458,-8.428169381,
3099193418,-8.356985232,
3099793378,-8.546903913,
3100393338,-8.47012124,
3100993298,-8.507596792,
3101593258,-8.504735069,
3102193218,-8.463935762,
3102793178,-8.542021073,
3103393138,-8.561691402,
3103993098,-8.594469579,
3104593058,-8.59478501,
3105193018,-8.590417154,
3105792978,-8.451979025,
3106392938,-8.582922014,
3106992898,-8.573050415,
3107592858,-8.617886322,
3108192818,-8.646581473,
3108792778,-8.576329362,
3109392738,-8.503356137,
3109992698,-8.604181811,
3110592658,-8.656802961,
3111192618,-8.50683941,
3111792578,-8.467200104,
3112392538,-8.631064622,
3112992498,-8.572868162,
3113592458,-8.655497775,
3114192418,-8.51429483,
3114792378,-8.601401953,
3115392338,-8.60665697,
3115992298,-8.650656666,
3116592258,-8.771715909,
3117192218,-8.739208734,
3117792178,-8.725525147,
3118392138,-8.659826475,
3118992098,-8.782560179,
3119592058,-8.650780046,
3120192018,-8.703323562,
3120791978,-8.678820096,
3121391938,-8.673341983,
3121991898,-8.806407576,
3122591858,-8.870182595,
3123191818,-8.690975635,
3123791778,-8.657136076,
3124391738,-8.788096457,
3124991698,-8.66786362,
3125591658,-8.699589416,
3126191618,-8.808697904,
3126791578,-8.892739307,
3127391538,-8.855255805,
3127991498,-8.734030382,
3128591458,-8.869585082,
3129191418,-8.945533035,
3129791378,-8.803670121,
3130391338,-8.939643695,
3130991298,-8.88063681,
3131591258,-8.977612391,
3132191218,-8.854870599,
3132791178,-8.911520113,
3133391138,-8.954753251,
3133991098,-8.903046407,
3134591058,-8.76901412,
3135191018,-9.012660688,
3135790978,-8.777199697,
3136390938,-8.94301025,
3136990898,-8.956297482,
3137590858,-8.84208936,
3138190818,-9.083227572,
3138790778,-9.006892324,
3139390738,-8.946622311,
3139990698,-9.144599866,
3140590658,-9.175645375,
3141190618,-9.102405634,
3141790578,-9.057958431,
3142390538,-9.175388283,
3142990498,-9.241333911,
3143590458,-9.175015998,
3144190418,-9.106639755,
3144790378,-9.105745402,
3145390338,-9.167949382,
3145990298,-9.121728938,
3146590258,-9.212475981,
3147190218,-9.212661858,
3147790178,-9.290844722,
3148390138,-9.340831777,
3148990098,-9.348365002,
3149590058,-9.321196812,
3150190018,-9.226010942,
3150789978,-9.221156721,
3151389938,-9.303550696,
3151989898,-9.385192831,
3152589858,-9.477906417,
3153189818,-9.427507077,
3153789778,-9.387385404,
3154389738,-9.38166728,
3154989698,-9.602320808,
3155589658,-9.535352142,
3156189618,-9.540979787,
3156789578,-9.526316413,
3157389538,-9.679219526,
3157989498,-9.642868361,
3158589458,-9.559878924,
3159189418,-9.446164544,
3159789378,-9.529745211,
3160389338,-9.591870984,
3160989298,-9.616997374,
3161589258,-9.608847009,
3162189218,-9.539006566,
3162789178,-9.660253856,
3163389138,-9.600655043,
3163989098,-9.703152513,
3164589058,-9.583154584,
3165189018,-9.496559029,
3165788978,-9.572533723,
3166388938,-9.798942832,
3166988898,-9.684403721,
3167588858,-9.574060831,
3168188818,-9.740548016,
3168788778,-9.762774325,
3169388738,-9.728617723,
3169988698,-9.660452124,
3170588658,-9.690524727,
3171188618,-9.72773072,
3171788578,-9.77658959,
3172388538,-9.729095674,
3172988498,-9.726970157,
3173588458,-9.73550156,
3174188418,-9.729411187,
3174788378,-9.768958359,
3175388338,-9.74323936,
3175988298,-9.756416747,
3176588258,-9.760246119,
3177188218,-9.722160416,
3177788178,-9.753866823,
3178388138,-9.698219109,
3178988098,-9.793984204,
3179588058,-9.712299706,
3180188018,-9.582906291,
3180787978,-9.659825425,
3181387938,-9.774051506,
3181987898,-9.789527179,
3182587858,-9.804228907,
3183187818,-9.834354048,
3183787778,-9.852041383,
3184387738,-9.874265995,
3184987698,-9.849342763,
3185587658,-9.80050704,
3186187618,-9.651385619,
3186787578,-9.830974968,
3187387538,-9.879741825,
3187987498,-9.84157836,
3188587458,-9.842566141,
3189187418,-9.846927602,
3189787378,-9.847100329,
3190387338,-9.837294263,
3190987298,-9.790890211,
3191587258,-9.764266873,
3192187218,-9.846108964,
3192787178,-9.975250015,
3193387138,-9.845990403,
3193987098,-9.888342086,
3194587058,-9.862369209,
3195187018,-9.779726808,
3195786978,-9.999085096,
3196386938,-9.888185381,
3196986898,-9.813866641,
3197586858,-9.87072155,
3198186818,-9.746618806,
3198786778,-9.852799331,
3199386738,-9.929138804,
3199986698,-9.87371142,
3200586658,-10.07091416,
3201186618,-9.915909739,
3201786578,-9.855433496,
3202386538,-9.890277552,
3202986498,-9.895022125,
3203586458,-9.889893032,
3204186418,-9.856163329,
3204786378,-9.813198375,
3205386338,-9.771047295,
3205986298,-9.749995475,
3206586258,-9.86522906,
3207186218,-9.826406287,
3207786178,-9.831619468,
3208386138,-9.771747012,
3208986098,-9.80799255,
3209586058,-9.751989641,
3210186018,-9.847832519,
3210785978,-9.809244012,
3211385938,-9.793329438,
3211985898,-9.87372414,
3212585858,-9.682994567,
3213185818,-9.835019811,
3213785778,-9.841531597,
3214385738,-9.857643638,
3214985698,-9.853955747,
3215585658,-9.722679504,
3216185618,-9.731441426,
3216785578,-9.779111188,
3217385538,-9.803222023,
3217985498,-9.81250001,
3218585458,-9.75144637,
3219185418,-9.799554374,
3219785378,-9.727908033,
3220385338,-9.542059093,
3220985298,-9.843721283,
3221585258,-9.713312647,
3222185218,-9.76765229,
3222785178,-9.728832327,
3223385138,-9.68806283,
3223985098,-9.716086431,
3224585058,-9.67494708,
3225185018,-9.670110484,
3225784978,-9.661506578,
3226384938,-9.621913739,
3226984898,-9.708431461,
3227584858,-9.639699396,
3228184818,-9.685381986,
3228784778,-9.632655137,
3229384738,-9.630954712,
3229984698,-9.589280877,
3230584658,-9.583677487,
3231184618,-9.593409445,
3231784578,-9.387321892,
3232384537,-9.558448773,
3232984497,-9.569404498,
3233584457,-9.466527084,
3234184417,-9.571477137,
3234784377,-9.474151633,
3235384337,-9.448796775,
3235984297,-9.527290702,
3236584257,-9.56685059,
3237184217,-9.517372176,
3237784177,-9.403706366,
3238384137,-9.512522762,
3238984097,-9.357469173,
3239584057,-9.350402184,
3240184017,-9.473198847,
3240783977,-9.448077058,
3241383937,-9.539736476,
3241983897,-9.411337011,
3242583857,-9.435705033,
3243183817,-9.414414805,
3243783777,-9.257887164,
3244383737,-9.425385612,
3244983697,-9.410375183,
3245583657,-9.424228522,
3246183617,-9.318260574,
3246783577,-9.410506018,
3247383537,-9.378597411,
3247983497,-9.167126263,
3248583457,-9.441820106,
3249183417,-9.249684829,
3249783377,-9.424878534,
3250383337,-9.303720687,
3250983297,-9.342821951,
3251583257,-9.284475953,
3252183217,-9.334042046,
3252783177,-9.35578437,
3253383137,-9.296278889,
3253983097,-9.152451811,
3254583057,-9.208997411,
3255183017,-9.253658558,
3255782977,-9.463775528,
3256382937,-9.274131659,
3256982897,-9.323131441,
3257582857,-9.222022469,
3258182817,-9.224483498,
3258782777,-9.263811735,
3259382737,-9.24219879,
3259982697,-9.180764754,
3260582657,-9.231184413,
3261182617,-9.130070546,
3261782577,-9.176314616,
3262382537,-9.324532471,
3262982497,-9.13122228,
3263582457,-9.145565098,
3264182417,-9.261024338,
3264782377,-9.049590387,
3265382337,-9.191856023,
3265982297,-9.219586048,
3266582257,-9.299815089,
3267182217,-9.125042264,
3267782177,-9.119026116,
3268382137,-9.240389439,
3268982097,-9.281045357,
3269582057,-9.231685565,
3270182017,-9.116698032,
3270781977,-9.133317875,
3271381937,-9.175389215,
3271981897,-9.106338924,
3272581857,-9.204285585,
3273181817,-9.196365656,
3273781777,-9.019467521,
3274381737,-9.114605393,
3274981697,-9.178901115,
3275581657,-9.094619979,
3276181617,-9.033748318,
3276781577,-9.073157591,
3277381537,-9.04493551,
3277981497,-9.217868106,
3278581457,-9.171900621,
3279181417,-9.120485977,
3279781377,-8.880195142,
3280381337,-9.050584128,
3280981297,-9.000226315,
3281581257,-9.024661759,
3282181217,-9.140212202,
3282781177,-9.165903732,
3283381137,-9.18703961,
3283981097,-9.096308684,
3284581057,-9.137249143,
3285181017,-9.143600047,
3285780977,-9.124420203,
3286380937,-9.088345035,
3286980897,-9.030687138,
3287580857,-9.168237351,
3288180817,-9.165628245,
3288780777,-9.168329284,
3289380737,-9.168235157,
3289980697,-9.089504729,
3290580657,-9.133435063,
3291180617,-9.039394035,
3291780577,-9.097720149,
3292380537,-8.992398755,
3292980497,-8.998018915,
3293580457,-9.109831954,
3294180417,-9.038492631,
3294780377,-9.107832427,
3295380337,-9.033784485,
3295980297,-8.980327147,
3296580257,-9.108339208,
3297180217,-9.192156633,
3297780177,-9.039857789,
3298380137,-9.055593548,
3298980097,-9.029088125,
3299580057,-8.95783789,
3300180017,-8.86887044,
3300779977,-9.062855483,
3301379937,-9.094836356,
3301979897,-9.045991769,
3302579857,-9.071377189,
3303179817,-8.970908487,
3303779777,-8.955655048,
3304379737,-8.971013046,
3304979697,-8.998005263,
3305579657,-9.069844935,
3306179617,-9.008730214,
3306779577,-9.008643927,
3307379537,-9.059795608,
3307979497,-9.047711786,
3308579457,-8.993803098,
3309179417,-8.885397317,
3309779377,-8.89542967,
3310379337,-9.026480789,
3310979297,-9.120064084,
3311579257,-8.93317551,
3312179217,-8.935597391,
3312779177,-9.101737764,
3313379137,-9.066771065,
3313979097,-9.012041868,
3314579057,-9.08269773,
3315179017,-8.982399941,
3315778977,-9.010578835,
3316378937,-9.061337869,
3316978897,-8.997373245,
3317578857,-9.071544764,
3318178817,-9.037991223,
3318778777,-9.020217941,
3319378737,-9.016821086,
3319978697,-9.004122702,
3320578657,-9.080038693,
3321178617,-9.034160024,
3321778577,-9.032969283,
3322378537,-9.057344243,
3322978497,-8.971325906,
3323578457,-9.034086597,
3324178417,-9.159671543,
3324778377,-9.175701286,
3325378337,-9.044294728,
3325978297,-9.098086844,
3326578257,-9.08744434,
3327178217,-9.193769495,
3327778177,-9.000764085,
3328378137,-8.960814242,
3328978097,-9.099543274,
3329578057,-9.176503913,
3330178017,-9.066861488,
3330777977,-9.047515712,
3331377937,-9.11583788,
3331977897,-9.037428522,
3332577857,-9.030796508,
3333177817,-9.023528375,
3333777777,-9.14348536,
3334377737,-9.148790779,
3334977697,-9.013809237,
3335577657,-9.112342906,
3336177617,-9.101020885,
3336777577,-9.083949501,
3337377537,-9.055001623,
3337977497,-9.117508671,
3338577457,-9.082653796,
3339177417,-9.01314043,
3339777377,-9.093817319,
3340377337,-9.139371779,
3340977297,-9.159843545,
3341577257,-9.146525733,
3342177217,-9.110474025,
3342777177,-9.077860626,
3343377137,-9.102309676,
3343977097,-9.148246087,
3344577057,-9.095969696,
3345177017,-9.091344185,
3345776977,-9.062070601,
3346376937,-9.070731551,
3346976897,-9.130788708,
3347576857,-9.093094273,
3348176817,-9.142530525,
3348776777,-9.151812523,
3349376737,-9.059519773,
3349976697,-9.183884552,
3350576657,-9.019495456,
3351176617,-9.186982163,
3351776577,-9.109628942,
3352376537,-9.218735646,
3352976497,-9.254807151,
3353576457,-9.073804483,
3354176417,-9.141977119,
3354776377,-9.142368153,
3355376337,-9.256523293,
3355976297,-9.055175885,
3356576257,-9.225676055,
3357176217,-9.181505006,
3357776177,-9.163077262,
3358376137,-9.241541895,
3358976097,-9.2093679,
3359576057,-9.224044753,
3360176017,-9.237759111,
3360775977,-9.244551576,
3361375937,-9.191473508,
3361975897,-9.209207244,
3362575857,-9.183109009,
3363175817,-9.053907456,
3363775777,-9.248862604,
3364375737,-9.345634789,
3364975697,-9.266113861,
3365575657,-9.156112304,
3366175617,-9.196025431,
3366775577,-9.14281413,
3367375537,-9.255358066,
3367975497,-9.282546232,
3368575457,-9.359271591,
3369175417,-9.308401085,
3369775377,-9.343222934,
3370375337,-9.371562562,
3370975297,-9.299199888,
3371575257,-9.352024865,
3372175217,-9.267927466,
3372775177,-9.299492449,
3373375137,-9.360882251,
3373975097,-9.366742723,
3374575057,-9.257876062,
3375175017,-9.31183218,
3375774977,-9.335894074,
3376374937,-9.374601079,
3376974897,-9.436938343,
3377574857,-9.359446288,
3378174817,-9.299613166,
3378774777,-9.23637206,
3379374737,-9.359385089,
3379974697,-9.431919591,
3380574657,-9.279779572,
3381174617,-9.377644629,
3381774577,-9.379852087,
3382374537,-9.383606027,
3382974497,-9.452566341,
3383574457,-9.402775944,
3384174417,-9.358399216,
3384774377,-9.488493401,
3385374337,-9.605537439,
3385974296,-9.436106347,
3386574256,-9.48003556,
3387174216,-9.398975549,
3387774176,-9.64027514,
3388374136,-9.507676859,
3388974096,-9.582041231,
3389574056,-9.436794386,
3390174016,-9.364581293,
3390773976,-9.518602264,
3391373936,-9.602559883,
3391973896,-9.616796558,
3392573856,-9.623051011,
3393173816,-9.714789371,
3393773776,-9.692498798,
3394373736,-9.559845873,
3394973696,-9.523297364,
3395573656,-9.410966721,
3396173616,-9.697757704,
3396773576,-9.453435279,
3397373536,-9.86084784,
3397973496,-9.780327689,
3398573456,-9.54133319,
3399173416,-9.541704949,
3399773376,-9.561483721,
3400373336,-9.721809321,
3400973296,-9.88835451,
3401573256,-9.634669133,
3402173216,-9.747847613,
3402773176,-9.801390648,
3403373136,-9.698760955,
3403973096,-9.677567874,
3404573056,-10.03535602,
3405173016,-9.746521646,
3405772976,-9.852901751,
3406372936,-9.82526758,
3406972896,-9.883939545,
3407572856,-9.591086086,
3408172816,-10.01018078,
3408772776,-9.647913731,
3409372736,-9.720066282,
3409972696,-9.994978824,
3410572656,-10.00043339,
3411172616,-9.933737371,
3411772576,-10.0340606,
3412372536,-10.02822984,
3412972496,-10.08387419,
3413572456,-10.05329936,
3414172416,-10.13196199,
3414772376,-9.965161576,
3415372336,-9.910017283,
3415972296,-10.146661,
3416572256,-10.1935655,
3417172216,-10.02127838,
3417772176,-10.22959052,
3418372136,-10.01666914,
3418972096,-10.17097455,
3419572056,-10.24618284,
3420172016,-10.22914923,
3420771976,-10.12428687,
3421371936,-10.2113326,
3421971896,-10.25678723,
3422571856,-10.38703985,
3423171816,-10.10676419,
3423771776,-10.19288009,
3424371736,-9.990478549,
3424971696,-10.40450731,
3425571656,-10.48509303,
3426171616,-10.01510269,
3426771576,-10.24404058,
3427371536,-10.31094445,
3427971496,-10.411684,
3428571456,-10.20694622,
3429171416,-9.941697293,
3429771376,-10.08435191,
3430371336,-10.25959097,
3430971296,-10.23212043,
3431571256,-10.13462202,
3432171216,-10.24878555,
3432771176,-10.22674149,
3433371136,-10.36190179,
3433971096,-10.26765575,
3434571056,-10.26661876,
3435171016,-10.14827653,
3435770976,-10.35941439,
3436370936,-10.32166644,
3436970896,-10.28805483,
3437570856,-10.33095028,
3438170816,-10.34441064,
3438770776,-10.25994831,
3439370736,-10.1627848,
3439970696,-10.14591642,
3440570656,-10.30964008,
3441170616,-10.37559858,
3441770576,-10.20375956,
3442370536,-10.33921765,
3442970496,-10.21897024,
3443570456,-10.33255862,
3444170416,-10.3224537,
3444770376,-10.24679854,
3445370336,-10.24294565,
3445970296,-10.29532214,
3446570256,-10.1856845,
3447170216,-10.11231909,
3447770176,-10.23140865,
3448370136,-10.27959583,
3448970096,-10.12931187,
3449570056,-10.35105714,
3450170016,-10.18110934,
3450769976,-10.22902113,
3451369936,-10.24301333,
3451969896,-10.17733005,
3452569856,-10.26164141,
3453169816,-10.24817555,
3453769776,-10.28533983,
3454369736,-10.33178649,
3454969696,-10.45067009,
3455569656,-10.12209368,
3456169616,-10.1966232,
3456769576,-10.2350829,
3457369536,-10.23990669,
3457969496,-10.17492225,
3458569456,-10.29616175,
3459169416,-10.25145349,
3459769376,-10.38718718,
3460369336,-10.33397854,
3460969296,-10.27451599,
3461569256,-10.23227948,
3462169216,-10.26659951,
3462769176,-10.2807658,
3463369136,-10.2120268,
3463969096,-10.24569846,
3464569056,-10.12880097,
3465169016,-10.18873824,
3465768976,-10.06702774,
3466368936,-10.13944224,
3466968896,-10.36455818,
3467568856,-10.14996388,
3468168816,-10.14887291,
3468768776,-10.31986765,
3469368736,-10.11582205,
3469968696,-10.16385026,
3470568656,-10.23447536,
3471168616,-10.16712841,
3471768576,-10.11542183,
3472368536,-10.007068,
3472968496,-10.11197119,
3473568456,-10.01664385,
3474168416,-10.01325539,
3474768376,-10.08612773,
3475368336,-10.05458266,
3475968296,-10.04084584,
3476568256,-9.983240453,
3477168216,-10.09953104,
3477768176,-10.10155834,
3478368136,-10.08907218,
3478968096,-9.963742204,
3479568056,-10.08218455,
3480168016,-10.00131423,
3480767976,-10.07176322,
3481367936,-10.00737186,
3481967896,-9.935151584,
3482567856,-10.1450357,
3483167816,-10.04417902,
3483767776,-10.04493941,
3484367736,-10.0473925,
3484967696,-10.06064162,
3485567656,-10.08291242,
3486167616,-9.92583687,
3486767576,-9.986485085,
3487367536,-10.16959678,
3487967496,-9.949887779,
3488567456,-10.06692074,
3489167416,-9.950530844,
3489767376,-9.988980913,
3490367336,-9.868703937,
3490967296,-9.938756091,
3491567256,-9.769253058,
3492167216,-9.870759835,
3492767176,-9.793286357,
3493367136,-9.914687397,
3493967096,-9.947606079,
3494567056,-9.813727774,
3495167016,-9.645147842,
3495766976,-9.752053427,
3496366936,-9.777885083,
3496966896,-9.715156834,
3497566856,-9.736485904,
3498166816,-9.766580649,
3498766776,-9.784704499,
3499366736,-9.752933574,
3499966696,-9.818796101,
3500566656,-9.866497853,
3501166616,-9.639069074,
3501766576,-9.794701213,
3502366536,-9.77939286,
3502966496,-9.75317045,
3503566456,-9.649265887,
3504166416,-9.682767927,
3504766376,-9.658478905,
3505366336,-9.514509238,
3505966296,-9.69100122,
3506566256,-9.5633726,
3507166216,-9.390655543,
3507766176,-9.530150374,
3508366136,-9.534311835,
3508966096,-9.487387102,
3509566056,-9.527706785,
3510166016,-9.650562361,
3510765976,-9.485861024,
3511365936,-9.548792278,
3511965896,-9.52203836,
3512565856,-9.52912085,
3513165816,-9.608508203,
3513765776,-9.474937001,
3514365736,-9.494476237,
3514965696,-9.512001895,
3515565656,-9.506086118,
3516165616,-9.517054487,
3516765576,-9.502451338,
3517365536,-9.543699061,
3517965496,-9.542663185,
3518565456,-9.547539405,
3519165416,-9.506788585,
3519765376,-9.436489213,
3520365336,-9.454566067,
3520965296,-9.451928208,
3521565256,-9.544139989,
3522165216,-9.517128826,
3522765176,-9.410781182,
3523365136,-9.478407856,
3523965096,-9.410723011,
3524565056,-9.424330145,
3525165016,-9.417381149,
3525764976,-9.377010756,
3526364936,-9.492678142,
3526964896,-9.484240824,
3527564856,-9.332596901,
3528164816,-9.511943167,
3528764776,-9.501336599,
3529364736,-9.589302126,
3529964696,-9.43350268,
3530564656,-9.448815071,
3531164616,-9.526485577,
3531764576,-9.468370268,
3532364536,-9.372738536,
3532964496,-9.445972475,
3533564456,-9.397929505,
3534164416,-9.360213118,
3534764376,-9.377674553,
3535364336,-9.511582583,
3535964296,-9.516629911,
3536564256,-9.32358582,
3537164216,-9.309879888,
3537764176,-9.316040688,
3538364136,-9.479352265,
3538964096,-9.49337917,
3539564055,-9.458653399,
3540164015,-9.376885783,
3540763975,-9.503815264,
3541363935,-9.349099446,
3541963895,-9.555607919,
3542563855,-9.271637933,
3543163815,-9.299483771,
3543763775,-9.389757294,
3544363735,-9.36394624,
3544963695,-9.377323413,
3545563655,-9.431476623,
3546163615,-9.381435184,
3546763575,-9.368395283,
3547363535,-9.409725347,
3547963495,-9.361636625,
3548563455,-9.480836327,
3549163415,-9.561036828,
3549763375,-9.382230283,
3550363335,-9.399272132,
3550963295,-9.236383755,
3551563255,-9.449665061,
3552163215,-9.361330269,
3552763175,-9.401514336,
3553363135,-9.437989456,
3553963095,-9.488304578,
3554563055,-9.48782783,
3555163015,-9.59256796,
3555762975,-9.414232905,
3556362935,-9.506068297,
3556962895,-9.389172982,
3557562855,-9.559885365,
3558162815,-9.499344103,
3558762775,-9.308606014,
3559362735,-9.428940018,
3559962695,-9.437008247,
3560562655,-9.474196445,
3561162615,-9.439151656,
3561762575,-9.470158708,
3562362535,-9.528885101,
3562962495,-9.663685103,
3563562455,-9.332158738,
3564162415,-9.362838759,
3564762375,-9.586888122,
3565362335,-9.471553995,
3565962295,-9.417214906,
3566562255,-9.538019897,
3567162215,-9.399183189,
3567762175,-9.407832225,
3568362135,-9.465102483,
3568962095,-9.456869543,
3569562055,-9.525005465,
3570162015,-9.436161979,
3570761975,-9.551404748,
3571361935,-9.373408113,
3571961895,-9.410886855,
3572561855,-9.41267505,
3573161815,-9.428986077,
3573761775,-9.416642833,
3574361735,-9.412164461,
3574961695,-9.55133671,
3575561655,-9.410500137,
3576161615,-9.424717198,
3576761575,-9.477653727,
3577361535,-9.454312149,
3577961495,-9.437656148,
3578561455,-9.671103742,
3579161415,-9.568900548,
3579761375,-9.452359091,
3580361335,-9.525672026,
3580961295,-9.514982531,
3581561255,-9.460141897,
3582161215,-9.594017577,
3582761175,-9.55638815,
3583361135,-9.47277838,
3583961095,-9.468918571,
3584561055,-9.537082204,
3585161015,-9.47654116,
3585760975,-9.493056544,
3586360935,-9.540259766,
3586960895,-9.56719723,
3587560855,-9.61984126,
3588160815,-9.574271428,
3588760775,-9.608825644,
3589360735,-9.564439368,
3589960695,-9.588790171,
3590560655,-9.419673204,
3591160615,-9.510119349,
3591760575,-9.631978646,
3592360535,-9.692621451,
3592960495,-9.401738589,
3593560455,-9.521052941,
3594160415,-9.462254167,
3594760375,-9.591293557,
3595360335,-9.399034344,
3595960295,-9.737438755,
3596560255,-9.584981935,
3597160215,-9.549750594,
3597760175,-9.556905168,
3598360135,-9.6364903,
3598960095,-9.677686522,
3599560055,-9.545716309,
3600160015,-9.52459782,
3600759975,-9.409801619,
3601359935,-9.380270813,
3601959895,-9.313576541,
3602559855,-9.802782168,
3603159815,-9.6399432,
3603759775,-9.578186463,
3604359735,-9.698236338,
3604959695,-9.566060235,
3605559655,-9.549130468,
3606159615,-9.812279928,
3606759575,-9.603281781,
3607359535,-9.478506184,
3607959495,-9.588328273,
3608559455,-9.640195722,
3609159415,-9.637525539,
3609759375,-9.582842553,
3610359335,-9.742154151,
3610959295,-9.768819661,
3611559255,-9.474982141,
3612159215,-9.723223171,
3612759175,-9.72269552,
3613359135,-9.682184194,
3613959095,-9.651988397,
3614559055,-9.583462218,
3615159015,-9.784144332,
3615758975,-9.843902599,
3616358935,-9.567945843,
3616958895,-9.831828327,
3617558855,-9.658520207,
3618158815,-9.678237617,
3618758775,-9.733556189,
3619358735,-9.792223142,
3619958695,-9.754338737,
3620558655,-9.645562453,
3621158615,-9.67347717,
3621758575,-9.83553924,
3622358535,-9.929012924,
3622958495,-9.666963736,
3623558455,-9.730788494,
3624158415,-9.921992659,
3624758375,-9.702970917,
3625358335,-9.810681804,
3625958295,-9.843662039,
3626558255,-9.832869542,
3627158215,-10.01071828,
3627758175,-10.08709413,
3628358135,-9.830077741,
3628958095,-9.955254571,
3629558055,-10.06683429,
3630158015,-10.15179192,
3630757975,-9.954661039,
3631357935,-10.06452211,
3631957895,-10.22868997,
3632557855,-10.14656562,
3633157815,-10.08037972,
3633757775,-10.01192435,
3634357735,-10.12882183,
3634957695,-10.11977614,
3635557655,-10.01018817,
3636157615,-10.11849131,
3636757575,-10.04004938,
3637357535,-10.14698753,
3637957495,-10.37168911,
3638557455,-10.17911452,
3639157415,-10.10112267,
3639757375,-10.38263213,
3640357335,-10.22087152,
3640957295,-10.18257739,
3641557255,-10.1939305,
3642157215,-10.27496893,
3642757175,-10.24526026,
3643357135,-10.09364189,
3643957095,-10.2334801,
3644557055,-10.34031962,
3645157015,-10.2684752,
3645756975,-10.35300619,
3646356935,-10.33477238,
3646956895,-10.20555566,
3647556855,-10.31941321,
3648156815,-10.27821261,
3648756775,-10.28885397,
3649356735,-10.37428996,
3649956695,-10.25965726,
3650556655,-10.45334995,
3651156615,-10.44300783,
3651756575,-10.37552153,
3652356535,-10.30074133,
3652956495,-10.5635463,
3653556455,-10.34917215,
3654156415,-10.48934116,
3654756375,-10.37758035,
3655356335,-10.46536251,
3655956295,-10.54508322,
3656556255,-10.51330162,
3657156215,-10.4689785,
3657756175,-10.38844233,
3658356135,-10.44275032,
3658956095,-10.38708359,
3659556055,-10.43594186,
3660156015,-10.52222496,
3660755975,-10.43704067,
3661355935,-10.62077841,
3661955895,-10.54655432,
3662555855,-10.55821753,
3663155815,-10.52557324,
3663755775,-10.5771059,
3664355735,-10.53237531,
3664955695,-10.55577257,
3665555655,-10.61546124,
3666155615,-10.57944602,
3666755575,-10.55947005,
3667355535,-10.6404971,
3667955495,-10.53542621,
3668555455,-10.66898197,
3669155415,-10.45912427,
3669755375,-10.59555372,
3670355335,-10.61044289,
3670955295,-10.63552459,
3671555255,-10.5799904,
3672155215,-10.79270658,
3672755175,-10.73080313,
3673355135,-10.6392277,
3673955095,-10.84205015,
3674555055,-10.77882173,
3675155015,-10.68217555,
3675754975,-10.7491057,
3676354935,-10.69704082,
3676954895,-10.70638257,
3677554855,-10.89690985,
3678154815,-10.76135209,
3678754775,-11.00100202,
3679354735,-10.88949608,
3679954695,-10.90185362,
3680554655,-10.79580984,
3681154615,-10.86309337,
3681754575,-10.82655303,
3682354535,-10.89929906,
3682954495,-10.9295315,
3683554455,-10.9261087,
3684154415,-10.94984802,
3684754375,-10.76065419,
3685354335,-10.87881167,
3685954295,-10.88802129,
3686554255,-10.90201167,
3687154215,-10.84687998,
3687754175,-10.98414211,
3688354135,-11.0390082,
3688954095,-10.98775531,
3689554055,-11.02768025,
3690154015,-10.98802602,
3690753975,-10.88580048,
3691353935,-10.93400654,
3691953895,-11.05318363,
3692553855,-11.09507747,
3693153815,-11.0808606,
3693753774,-10.91458153,
3694353734,-11.15691427,
3694953694,-11.03748192,
3695553654,-11.25978018,
3696153614,-11.03067601,
3696753574,-10.88182572,
3697353534,-10.97624012,
3697953494,-10.93539339,
3698553454,-11.06129131,
3699153414,-11.09123088,
3699753374,-11.1528119,
3700353334,-11.19294003,
3700953294,-10.85181209,
3701553254,-11.14143865,
3702153214,-11.13416798,
3702753174,-11.12558085,
3703353134,-11.00241364,
3703953094,-11.16822307,
3704553054,-11.11811661,
3705153014,-11.04534846,
3705752974,-11.19848628,
3706352934,-11.0700613,
3706952894,-11.18991858,
3707552854,-11.03561231,
3708152814,-11.07106979,
3708752774,-11.06266465,
3709352734,-10.97820507,
3709952694,-11.1526598,
3710552654,-11.17031292,
3711152614,-11.08797138,
3711752574,-11.02971228,
3712352534,-11.31006873,
3712952494,-11.21821553,
3713552454,-11.043622,
3714152414,-11.02505524,
3714752374,-11.07243756,
3715352334,-11.09270584,
3715952294,-11.1085602,
3716552254,-11.23965955,
3717152214,-10.82698582,
3717752174,-11.2228551,
3718352134,-11.1384276,
3718952094,-11.02229201,
3719552054,-11.33039546,
3720152014,-11.00812229,
3720751974,-11.15981618,
3721351934,-11.283127,
3721951894,-11.03861006,
3722551854,-11.13824827,
3723151814,-11.3462452,
3723751774,-11.0958972,
3724351734,-10.89654767,
3724951694,-11.15500202,
3725551654,-10.96833428,
3726151614,-11.05030928,
3726751574,-11.01973334,
3727351534,-10.96103632,
3727951494,-11.11053168,
3728551454,-10.92437522,
3729151414,-11.14863004,
3729751374,-11.07676191,
3730351334,-11.10593271,
3730951294,-11.180742,
3731551254,-11.01808104,
3732151214,-11.04864672,
3732751174,-11.03373211,
3733351134,-11.06070922,
3733951094,-11.0034001,
3734551054,-11.17280954,
3735151014,-11.11924896,
3735750974,-11.07540307,
3736350934,-10.90147162,
3736950894,-10.88945194,
3737550854,-11.16712264,
3738150814,-11.0461235,
3738750774,-11.0269411,
3739350734,-11.08228694,
3739950694,-10.9571848,
3740550654,-10.92147353,
3741150614,-10.89262175,
3741750574,-10.85207818,
3742350534,-10.9607778,
3742950494,-11.06743245,
3743550454,-10.73239502,
3744150414,-10.82608538,
3744750374,-10.91103664,
3745350334,-10.95961701,
3745950294,-10.65653319,
3746550254,-10.81653028,
3747150214,-10.86582868,
3747750174,-10.8631421,
3748350134,-10.86899683,
3748950094,-10.95116421,
3749550054,-10.90438252,
3750150014,-10.90025988,
3750749974,-10.87480407,
3751349934,-10.78517465,
3751949894,-10.8172456,
3752549854,-10.83930411,
3753149814,-10.57315776,
3753749774,-10.81090567,
3754349734,-10.88448276,
3754949694,-10.69265389,
3755549654,-10.80839114,
3756149614,-10.6908481,
3756749574,-10.64029789,
3757349534,-10.85957679,
3757949494,-10.75168458,
3758549454,-10.75298151,
3759149414,-10.83481261,
3759749374,-10.58162033,
3760349334,-10.64917355,
3760949294,-10.75338474,
3761549254,-10.86201473,
3762149214,-10.62441057,
3762749174,-10.62024815,
3763349134,-10.58765933,
3763949094,-10.80878676,
3764549054,-10.7253177,
3765149014,-10.58209512,
3765748974,-10.6789627,
3766348934,-10.56386241,
3766948894,-10.51526146,
3767548854,-10.57619552,
3768148814,-10.55126235,
3768748774,-10.48333522,
3769348734,-10.60325833,
3769948694,-10.71293023,
3770548654,-10.64182716,
3771148614,-10.67470563,
3771748574,-10.52399682,
3772348534,-10.5466886,
3772948494,-10.67242842,
3773548454,-10.55826051,
3774148414,-10.4993592,
3774748374,-10.58977135,
3775348334,-10.47585741,
3775948294,-10.36282885,
3776548254,-10.49404086,
3777148214,-10.4274586,
3777748174,-10.42456636,
3778348134,-10.52276082,
3778948094,-10.37938215,
3779548054,-10.46435755,
3780148014,-10.40758089,
3780747974,-10.40745456,
3781347934,-10.29747922,
3781947894,-10.50929377,
3782547854,-10.46358296,
3783147814,-10.50035913,
3783747774,-10.27583315,
3784347734,-10.38669161,
3784947694,-10.46805415,
3785547654,-10.5077735,
3786147614,-10.45465775,
3786747574,-10.54222863,
3787347534,-10.43927293,
3787947494,-10.50013312,
3788547454,-10.36288904,
3789147414,-10.36007161,
3789747374,-10.38850377,
3790347334,-10.35638528,
3790947294,-10.54548764,
3791547254,-10.41678468,
3792147214,-10.31013064,
3792747174,-10.41078008,
3793347134,-10.4632788,
3793947094,-10.30860544,
3794547054,-10.30627954,
3795147014,-10.39456031,
3795746974,-10.36739084,
3796346934,-10.40806323,
3796946894,-10.32034395,
3797546854,-10.42446163,
3798146814,-10.26147275,
3798746774,-10.48500936,
3799346734,-10.44024966,
3799946694,-10.37684357,
3800546654,-10.26457743,
3801146614,-10.40284905,
3801746574,-10.35522094,
3802346534,-10.44437991,
3802946494,-10.49519374,
3803546454,-10.38437496,
3804146414,-10.30513661,
3804746374,-10.36582849,
3805346334,-10.27392218,
3805946294,-10.31613197,
3806546254,-10.29352182,
3807146214,-10.41676697,
3807746174,-10.32204869,
3808346134,-10.22635911,
3808946094,-10.55095854,
3809546054,-10.45529525,
3810146014,-10.32165584,
3810745974,-10.38567619,
3811345934,-10.28745329,
3811945894,-10.39463739,
3812545854,-10.5574412,
3813145814,-10.49750556,
3813745774,-10.47856511,
3814345734,-10.57091972,
3814945694,-10.35578091,
3815545654,-10.41845124,
3816145614,-10.39604644,
3816745574,-10.3839727,
3817345534,-10.44435559,
3817945494,-10.4225509,
3818545454,-10.34632777,
3819145414,-10.39774219,
3819745374,-10.41200667,
3820345334,-10.40441455,
3820945294,-10.56829378,
3821545254,-10.28393512,
3822145214,-10.35574861,
3822745174,-10.51922149,
3823345134,-10.39744126,
3823945094,-10.43716851,
3824545054,-10.41382847,
3825145014,-10.53552498,
3825744974,-10.46080614,
3826344934,-10.31425852,
3826944894,-10.42550967,
3827544854,-10.33895229,
3828144814,-10.32756073,
3828744774,-10.3638257,
3829344734,-10.42766218,
3829944694,-10.40317049,
3830544654,-10.32912951,
3831144614,-10.471943,
3831744574,-10.48023288,
3832344534,-10.51964221,
3832944494,-10.57439114,
3833544454,-10.63488106,
3834144414,-10.49565996,
3834744374,-10.54573128,
3835344334,-10.58928564,
3835944294,-10.69312927,
3836544254,-10.50226155,
3837144214,-10.6981234,
3837744174,-10.52418586,
3838344134,-10.563367,
3838944094,-10.30126022,
3839544054,-10.62865481,
3840144014,-10.51410875,
3840743974,-10.59088263,
3841343934,-10.38852477,
3841943894,-10.63780451,
3842543854,-10.51949378,
3843143814,-10.4922457,
3843743774,-10.49803243,
3844343734,-10.49415169,
3844943694,-10.70275394,
3845543654,-10.8286691,
3846143614,-10.56455884,
3846743574,-10.56181501,
3847343533,-10.5214947,
3847943493,-10.44673244,
3848543453,-10.58370909,
3849143413,-10.43245108,
3849743373,-10.50600507,
3850343333,-10.48029336,
3850943293,-10.49310812,
3851543253,-10.63449431,
3852143213,-10.69978277,
3852743173,-10.53324786,
3853343133,-10.70197736,
3853943093,-10.47931258,
3854543053,-10.68103588,
3855143013,-10.52064242,
3855742973,-10.88060597,
3856342933,-10.69987331,
3856942893,-10.66183758,
3857542853,-10.49596697,
3858142813,-10.54242676,
3858742773,-10.64232755,
3859342733,-10.8119816,
3859942693,-10.59274516,
3860542653,-10.75105172,
3861142613,-10.59232439,
3861742573,-10.66257167,
3862342533,-10.69809198,
3862942493,-10.66576543,
3863542453,-10.80646281,
3864142413,-10.83137984,
3864742373,-10.61529129,
3865342333,-10.71248203,
3865942293,-10.65512344,
3866542253,-10.67639454,
3867142213,-10.67002675,
3867742173,-10.72669695,
3868342133,-10.63762346,
3868942093,-10.81632581,
3869542053,-10.68307849,
3870142013,-10.86055293,
3870741973,-10.72017436,
3871341933,-10.72664146,
3871941893,-10.87515631,
3872541853,-10.83286269,
3873141813,-10.78958522,
3873741773,-10.82653729,
3874341733,-10.79085159,
3874941693,-10.91572356,
3875541653,-10.74296875,
3876141613,-10.8478371,
3876741573,-10.91337848,
3877341533,-10.79040509,
3877941493,-10.80572043,
3878541453,-10.70484454,
3879141413,-10.809608,
3879741373,-10.78942562,
3880341333,-11.06127642,
3880941293,-10.94632953,
3881541253,-10.9354208,
3882141213,-11.05744435,
3882741173,-10.80725196,
3883341133,-10.87324395,
3883941093,-10.7402112,
3884541053,-10.7888031,
3885141013,-10.85984382,
3885740973,-10.9427912,
3886340933,-10.86164441,
3886940893,-10.64421287,
3887540853,-10.8593545,
3888140813,-11.03620551,
3888740773,-11.06831038,
3889340733,-11.03084867,
3889940693,-11.12395826,
3890540653,-11.07139838,
3891140613,-11.03739285,
3891740573,-10.8897019,
3892340533,-10.9683601,
3892940493,-11.1291912,
3893540453,-10.93542949,
3894140413,-10.97159221,
3894740373,-11.00793184,
3895340333,-11.14736146,
3895940293,-11.0698203,
3896540253,-11.13174084,
3897140213,-11.31784269,
3897740173,-11.00946905,
3898340133,-10.9510541,
3898940093,-11.24297036,
3899540053,-11.34303171,
3900140013,-11.2736188,
3900739973,-11.11299035,
3901339933,-11.48718632,
3901939893,-11.20312381,
3902539853,-11.27304166,
3903139813,-11.28518775,
3903739773,-11.10865306,
3904339733,-11.19329627,
3904939693,-11.17459742,
3905539653,-11.40077581,
3906139613,-11.17232912,
3906739573,-11.53156312,
3907339533,-11.26620212,
3907939493,-11.53382348,
3908539453,-11.35455853,
3909139413,-11.25165202,
3909739373,-11.62111137,
3910339333,-11.34728412,
3910939293,-11.60111757,
3911539253,-11.50028242,
3912139213,-11.55889347,
3912739173,-11.55704212,
3913339133,-11.63283244,
3913939093,-11.77998212,
3914539053,-11.82643025,
3915139013,-11.7433283,
3915738973,-11.76668946,
3916338933,-11.53274398,
3916938893,-11.72610342,
3917538853,-11.73688397,
3918138813,-11.95224477,
3918738773,-12.34145763,
3919338733,-12.01444511,
3919938693,-11.99571034,
3920538653,-11.74619315,
3921138613,-12.12759812,
3921738573,-12.11856587,
3922338533,-12.31788037,
3922938493,-12.09791226,
3923538453,-12.26598932,
3924138413,-12.19403811,
3924738373,-12.2861028,
3925338333,-11.9900294,
3925938293,-12.18718339,
3926538253,-12.19773338,
3927138213,-12.37515741,
3927738173,-12.47180068,
3928338133,-12.11972781,
3928938093,-12.40752052,
3929538053,-12.1989487,
3930138013,-12.26897712,
3930737973,-12.17029165,
3931337933,-12.16811481,
3931937893,-12.24968054,
3932537853,-12.16908956,
3933137813,-12.20997075,
3933737773,-12.21249452,
3934337733,-12.24001557,
3934937693,-12.50688444,
3935537653,-12.19387403,
3936137613,-12.34409538,
3936737573,-12.49552432,
3937337533,-12.28352508,
3937937493,-12.12456413,
3938537453,-12.23501831,
3939137413,-12.33455815,
3939737373,-12.4600153,
3940337333,-12.52940291,
3940937293,-12.29154791,
3941537253,-12.56399014,
3942137213,-12.42912654,
3942737173,-12.53581496,
3943337133,-12.32178535,
3943937093,-12.40817468,
3944537053,-12.55617101,
3945137013,-12.51391234,
3945736973,-12.5553534,
3946336933,-12.44423969,
3946936893,-12.55313028,
3947536853,-12.70455576,
3948136813,-12.67574226,
3948736773,-12.66897543,
3949336733,-12.40175592,
3949936693,-12.67299149,
3950536653,-12.64511143,
3951136613,-12.63339083,
3951736573,-12.53243336,
3952336533,-12.73864946,
3952936493,-12.76572796,
3953536453,-12.77606674,
3954136413,-12.5233888,
3954736373,-12.71048028,
3955336333,-12.78549259,
3955936293,-12.8524532,
3956536253,-12.84495146,
3957136213,-12.92594798,
3957736173,-12.84695047,
3958336133,-12.9292955,
3958936093,-12.96475345,
3959536053,-12.72894684,
3960136013,-13.06443657,
3960735973,-13.11578679,
3961335933,-12.69691711,
3961935893,-12.68623208,
3962535853,-12.94208795,
3963135813,-12.83404923,
3963735773,-13.06947716,
3964335733,-12.95885995,
3964935693,-12.9485276,
3965535653,-13.08537422,
3966135613,-13.02772764,
3966735573,-12.8903897,
3967335533,-12.91944417,
3967935493,-12.86263308,
3968535453,-12.9657079,
3969135413,-13.05583943,
3969735373,-13.16275648,
3970335333,-12.97547297,
3970935293,-12.88665221,
3971535253,-12.92739545,
3972135213,-13.1066138,
3972735173,-12.67614806,
3973335133,-12.73244413,
3973935093,-12.98004715,
3974535053,-12.86525532,
3975135013,-12.91439249,
3975734973,-13.07067062,
3976334933,-13.17270031,
3976934893,-13.17945576,
3977534853,-13.12077981,
3978134813,-13.05641811,
3978734773,-12.9389751,
3979334733,-13.13191567,
3979934693,-13.07593134,
3980534653,-13.00654629,
3981134613,-12.94367712,
3981734573,-12.91960823,
3982334533,-12.86948856,
3982934493,-13.03414798,
3983534453,-13.01121048,
3984134413,-13.17967533,
3984734373,-12.96037626,
3985334333,-12.90901937,
3985934293,-13.22325344,
3986534253,-13.02600075,
3987134213,-13.06318977,
3987734173,-12.88823155,
3988334133,-13.05006128,
3988934093,-13.09043899,
3989534053,-13.14399665,
3990134013,-13.03572553,
3990733973,-13.07038242,
3991333933,-13.03215833,
3991933893,-13.01854423,
3992533853,-13.00024705,
3993133813,-13.00942048,
3993733773,-12.90396128,
3994333733,-13.02843135,
3994933693,-13.00165125,
3995533653,-12.83902778,
3996133613,-12.87709321,
3996733573,-13.0216673,
3997333533,-12.83359234,
3997933493,-12.97843603,
3998533453,-12.69831343,
3999133413,-12.85530084,
3999733373,-13.03316341,
4000333333,-13.01244771,
4000933293,-12.83274853,
4001533253,-12.9820069,
4002133212,-12.74704465,
4002733172,-12.7498407,
4003333132,-12.87349914,
4003933092,-13.12602324,
4004533052,-12.93286188,
4005133012,-12.7725796,
4005732972,-12.83330296,
4006332932,-12.85340725,
4006932892,-12.71827001,
4007532852,-12.74614169,
4008132812,-12.78256562,
4008732772,-12.85094957,
4009332732,-12.72895357,
4009932692,-12.53453597,
4010532652,-12.72229745,
4011132612,-12.46255241,
4011732572,-12.73318892,
4012332532,-12.61293855,
4012932492,-12.69481362,
4013532452,-12.64179622,
4014132412,-12.6112771,
4014732372,-12.67421238,
4015332332,-12.54356286,
4015932292,-12.60825414,
4016532252,-12.52898944,
4017132212,-12.62552114,
4017732172,-12.60120112,
4018332132,-12.52753985,
4018932092,-12.670159,
4019532052,-12.51791564,
4020132012,-12.64231969,
4020731972,-12.55646119,
4021331932,-12.69963114,
4021931892,-12.8378091,
4022531852,-12.69290107,
4023131812,-12.74087717,
4023731772,-12.53876842,
4024331732,-12.54712076,
4024931692,-12.64910982,
4025531652,-12.48211071,
4026131612,-12.65103169,
4026731572,-12.56163328,
4027331532,-12.50776721,
4027931492,-12.37310132,
4028531452,-12.3676603,
4029131412,-12.48429935,
4029731372,-12.37964624,
4030331332,-12.61936906,
4030931292,-12.46065049,
4031531252,-12.38208039,
4032131212,-12.63891166,
4032731172,-12.5386141,
4033331132,-12.3937489,
4033931092,-12.41024951,
4034531052,-12.51811347,
4035131012,-12.29971455,
4035730972,-12.2541752,
4036330932,-12.31692305,
4036930892,-12.43507153,
4037530852,-12.35594999,
4038130812,-12.43149986,
4038730772,-12.19402213,
4039330732,-12.1550112,
4039930692,-12.27376589,
4040530652,-12.26394674,
4041130612,-12.4192253,
4041730572,-12.23046588,
4042330532,-12.25323115,
4042930492,-12.4820532,
4043530452,-12.44081315,
4044130412,-12.40857994,
4044730372,-12.26073588,
4045330332,-12.29560801,
4045930292,-12.05089519,
4046530252,-12.17308891,
4047130212,-12.16190623,
4047730172,-12.04043083,
4048330132,-12.29380805,
4048930092,-12.26098626,
4049530052,-12.08235046,
4050130012,-12.21296275,
4050729972,-12.01544441,
4051329932,-12.22286067,
4051929892,-12.19537634,
4052529852,-11.9206528,
4053129812,-11.94014463,
4053729772,-11.98973994,
4054329732,-12.05682895,
4054929692,-11.9417848,
4055529652,-12.100754,
4056129612,-12.1620415,
4056729572,-11.95656052,
4057329532,-11.91406158,
4057929492,-11.794857,
4058529452,-12.03058056,
4059129412,-12.08202082,
4059729372,-12.07622158,
4060329332,-11.93325517,
4060929292,-12.02850526,
4061529252,-12.15398061,
4062129212,-12.00731049,
4062729172,-11.73487239,
4063329132,-11.96359922,
4063929092,-11.91033892,
4064529052,-12.02697021,
4065129012,-11.97253532,
4065728972,-11.74043528,
4066328932,-11.80534768,
4066928892,-11.87883516,
4067528852,-11.79445966,
4068128812,-11.9666361,
4068728772,-11.88955551,
4069328732,-11.68066893,
4069928692,-11.88289415,
4070528652,-11.9395789,
4071128612,-11.82373907,
4071728572,-11.89963081,
4072328532,-11.89075296,
4072928492,-11.98328793,
4073528452,-12.03361035,
4074128412,-11.71543888,
4074728372,-11.96242357,
4075328332,-11.90814391,
4075928292,-11.74425359,
4076528252,-11.68965766,
4077128212,-11.69749128,
4077728172,-11.79727679,
4078328132,-11.84129479,
4078928092,-11.68537087,
4079528052,-11.90664377,
4080128012,-11.76148762,
4080727972,-11.77555819,
4081327932,-11.67341861,
4081927892,-11.81792087,
4082527852,-11.75452134,
4083127812,-11.83621608,
4083727772,-11.92927914,
4084327732,-11.81114495,
4084927692,-11.82013324,
4085527652,-11.62919824,
4086127612,-11.74052166,
4086727572,-12.06111994,
4087327532,-11.54600504,
4087927492,-11.77363448,
4088527452,-12.12693633,
4089127412,-11.98832923,
4089727372,-11.81661359,
4090327332,-11.76018682,
4090927292,-11.85898193,
4091527252,-11.71680509,
4092127212,-11.66729035,
4092727172,-11.88055347,
4093327132,-11.85932827,
4093927092,-11.71852995,
4094527052,-11.91131373,
4095127012,-11.90120779,
4095726972,-11.70179878,
4096326932,-11.99992942,
4096926892,-11.7281222,
4097526852,-11.71772334,
4098126812,-11.89421828,
4098726772,-11.89959608,
4099326732,-11.922896,
4099926692,-12.07725286,
4100526652,-11.90251808,
4101126612,-11.85402505,
4101726572,-11.83524555,
4102326532,-12.00999092,
4102926492,-11.99410423,
4103526452,-11.89637626,
4104126412,-11.85974118,
4104726372,-11.98988335,
4105326332,-11.81626978,
4105926292,-11.77445895,
4106526252,-11.90243715,
4107126212,-11.69874424,
4107726172,-11.85090855,
4108326132,-11.63658993,
4108926092,-11.75306596,
4109526052,-11.76976342,
4110126012,-12.02314581,
4110725972,-11.81590689,
4111325932,-12.13353065,
4111925892,-11.71950646,
4112525852,-12.02411926,
4113125812,-11.90702686,
4113725772,-12.00154935,
4114325732,-11.96742439,
4114925692,-11.99753709,
4115525652,-12.10731625,
4116125612,-11.73915084,
4116725572,-12.0420065,
4117325532,-11.90815504,
4117925492,-12.12396994,
4118525452,-12.06632003,
4119125412,-11.76587003,
4119725372,-11.8593896,
4120325332,-11.91827114,
4120925292,-11.95871551,
4121525252,-11.93411549,
4122125212,-12.13445424,
4122725172,-11.81893217,
4123325132,-12.07184093,
4123925092,-11.85270826,
4124525052,-11.97245375,
4125125012,-11.87777026,
4125724972,-12.14693506,
4126324932,-11.85714932,
4126924892,-11.89188361,
4127524852,-11.8973766,
4128124812,-12.1192912,
4128724772,-11.71972024,
4129324732,-12.24551026,
4129924692,-11.90139892,
4130524652,-11.95500459,
4131124612,-12.12261733,
4131724572,-11.89321529,
4132324532,-12.24100055,
4132924492,-11.92487865,
4133524452,-12.02410177,
4134124412,-12.16115071,
4134724372,-12.26756927,
4135324332,-12.12760713,
4135924292,-12.06762844,
4136524252,-12.32425146,
4137124212,-12.24423905,
4137724172,-12.25088582,
4138324132,-12.41835305,
4138924092,-12.18516071,
4139524052,-12.25773099,
4140124012,-12.55481387,
4140723972,-12.46981907,
4141323932,-12.25638566,
4141923892,-12.35537175,
4142523852,-12.2923296,
4143123812,-12.44166512,
4143723772,-12.35598083,
4144323732,-12.50310593,
4144923692,-12.35866779,
4145523652,-12.34091474,
4146123612,-12.40549048,
4146723572,-12.4461015,
4147323532,-12.52101919,
4147923492,-12.54305876,
4148523452,-12.38677322,
4149123412,-12.55181909,
4149723372,-12.74227637,
4150323332,-12.42510946,
4150923292,-12.53084772,
4151523252,-12.43649291,
4152123212,-12.68197571,
4152723172,-12.7868825,
4153323132,-12.67434162,
4153923092,-12.47457266,
4154523052,-12.55398906,
4155123012,-12.53181358,
4155722971,-12.75431695,
4156322931,-12.65433523,
4156922891,-12.75241406,
4157522851,-12.80516499,
4158122811,-12.43925301,
4158722771,-12.61998042,
4159322731,-12.4718012,
4159922691,-12.98887089,
4160522651,-12.72724028,
4161122611,-12.58407976,
4161722571,-12.84252364,
4162322531,-12.80060894,
4162922491,-12.70811745,
4163522451,-12.68377694,
4164122411,-12.89984771,
4164722371,-12.70207058,
4165322331,-12.75962465,
4165922291,-12.80725414,
4166522251,-12.84240896,
4167122211,-12.84092665,
4167722171,-12.76999326,
4168322131,-12.94562483,
4168922091,-12.76438913,
4169522051,-12.88590209,
4170122011,-12.87287542,
4170721971,-12.93628129,
4171321931,-12.91456439,
4171921891,-13.04339513,
4172521851,-13.12650467,
4173121811,-12.89086954,
4173721771,-12.97463623,
4174321731,-12.98584631,
4174921691,-12.98658247,
4175521651,-13.05694485,
4176121611,-13.09186666,
4176721571,-13.20300986,
4177321531,-13.21723546,
4177921491,-13.34050376,
4178521451,-13.20007545,
4179121411,-13.17492604,
4179721371,-13.3838155,
4180321331,-13.31584575,
4180921291,-13.12569711,
4181521251,-13.47531627,
4182121211,-13.47691506,
4182721171,-13.35315967,
4183321131,-13.38454679,
4183921091,-13.54973046,
4184521051,-13.68119925,
4185121011,-13.41575016,
4185720971,-13.72209396,
4186320931,-13.41216698,
4186920891,-13.6810813,
4187520851,-13.40457546,
4188120811,-13.69544622,
4188720771,-13.59746626,
4189320731,-13.74658038,
4189920691,-13.7675775,
4190520651,-13.72853429,
4191120611,-13.97784818,
4191720571,-14.04387722,
4192320531,-13.71837144,
4192920491,-13.878019,
4193520451,-13.98445658,
4194120411,-13.70128743,
4194720371,-14.03332811,
4195320331,-13.80299536,
4195920291,-13.89896768,
4196520251,-13.89445243,
4197120211,-14.01364481,
4197720171,-13.71341502,
4198320131,-13.90116173,
4198920091,-14.40554332,
4199520051,-14.2288974,
4200120011,-13.99194383,
4200719971,-14.03770704,
4201319931,-14.01144628,
4201919891,-14.37505697,
4202519851,-14.00080138,
4203119811,-14.21808522,
4203719771,-14.00300152,
4204319731,-14.07186411,
4204919691,-14.50163385,
4205519651,-14.31626621,
4206119611,-14.46663829,
4206719571,-14.49932656,
4207319531,-14.42170134,
4207919491,-14.27359724,
4208519451,-14.15505286,
4209119411,-14.3449575,
4209719371,-14.13174688,
4210319331,-14.57443774,
4210919291,-14.24859044,
4211519251,-14.54903881,
4212119211,-14.58928002,
4212719171,-14.64019396,
4213319131,-14.66323717,
4213919091,-14.16666667,
4214519051,-14.29802009,
4215119011,-14.29490417,
4215718971,-14.45680221,
4216318931,-14.26572413,
4216918891,-14.37726108,
4217518851,-14.51518243,
4218118811,-14.85120726,
4218718771,-14.67518321,
4219318731,-14.60043983,
4219918691,-14.34096586,
4220518651,-14.69768232,
4221118611,-14.62997946,
4221718571,-14.76797383,
4222318531,-14.76367839,
4222918491,-14.83838188,
4223518451,-14.80376625,
4224118411,-14.76479753,
4224718371,-14.55590542,
4225318331,-14.96876334,
4225918291,-15.37823711,
4226518251,-15.00360478,
4227118211,-14.90178237,
4227718171,-14.88250042,
4228318131,-14.71010121,
4228918091,-14.87377269,
4229518051,-14.93443386,
4230118011,-15.16466624,
4230717971,-14.65831057,
4231317931,-14.88296756,
4231917891,-14.67530777,
4232517851,-15.13136736,
4233117811,-14.97170369,
4233717771,-15.04707996,
4234317731,-15.0200595,
4234917691,-14.90059366,
4235517651,-15.19937174,
4236117611,-15.09445722,
4236717571,-14.89671414,
4237317531,-15.18435231,
4237917491,-15.27247206,
4238517451,-14.90557769,
4239117411,-15.2759675,
4239717371,-14.94015269,
4240317331,-15.32205336,
4240917291,-15.38366497,
4241517251,-15.25297574,
4242117211,-15.22586586,
4242717171,-15.14739105,
4243317131,-15.14416522,
4243917091,-14.98388648,
4244517051,-15.0115167,
4245117011,-15.00423692,
4245716971,-15.26333313,
4246316931,-15.55744317,
4246916891,-14.68771498,
4247516851,-14.99735479,
4248116811,-15.04535348,
4248716771,-14.9145646,
4249316731,-15.2967083,
4249916691,-15.04493965,
4250516651,-14.77914064,
4251116611,-15.16196108,
4251716571,-15.0242206,
4252316531,-15.16609041,
4252916491,-14.95414834,
4253516451,-15.47180726,
4254116411,-15.25369367,
4254716371,-15.22536146,
4255316331,-15.64362523,
4255916291,-15.10204234,
4256516251,-15.36149083,
4257116211,-14.92627136,
4257716171,-14.90543204,
4258316131,-15.19062691,
4258916091,-15.22675898,
4259516051,-14.78185168,
4260116011,-14.79297324,
4260715971,-15.11887277,
4261315931,-14.81030593,
4261915891,-14.79630168,
4262515851,-15.06225653,
4263115811,-15.0721093,
4263715771,-14.99757847,
4264315731,-15.05913596,
4264915691,-14.81305156,
4265515651,-14.88230261,
4266115611,-14.8201541,
4266715571,-14.79698499,
4267315531,-14.96589315,
4267915491,-14.93659875,
4268515451,-14.91469379,
4269115411,-14.86896804,
4269715371,-14.79408908,
4270315331,-14.82299342,
4270915291,-14.83783639,
4271515251,-14.94541343,
4272115211,-14.76216361,
4272715171,-14.84247121,
4273315131,-14.68923494,
4273915091,-14.35559754,
4274515051,-14.74259618,
4275115011,-14.72549288,
4275714971,-14.57720656,
4276314931,-14.54557594,
4276914891,-15.08767673,
4277514851,-14.70378925,
4278114811,-14.14762856,
4278714771,-14.72596079,
4279314731,-14.46600087,
4279914691,-14.50974811,
4280514651,-14.60986507,
4281114611,-14.39025416,
4281714571,-14.56028229,
4282314531,-14.74117358,
4282914491,-14.3526249,
4283514451,-14.39295154,
4284114411,-14.9637205,
4284714371,-14.58577223,
4285314331,-14.63433727,
4285914291,-14.54525391,
4286514251,-14.35211041,
4287114211,-14.39678697,
4287714171,-14.37703873,
4288314131,-14.33426718,
4288914091,-14.42518749,
4289514051,-14.64974364,
4290114011,-14.44142107,
4290713971,-14.09125388,
4291313931,-14.41060629,
4291913891,-13.93501797,
4292513851,-14.3157328,
4293113811,-13.85448438,
4293713771,-14.6460703,
4294313731,-14.18520652,
4294913691,-14.18750257,
4295513651,-14.14687634,
4296113611,-14.44737998,
4296713571,-14.03738935,
4297313531,-14.03004679,
4297913491,-14.17012056,
4298513451,-14.07346899,
4299113411,-14.37051075,
4299713371,-14.32856185,
4300313331,-14.2717766,
4300913291,-14.30424712,
4301513251,-14.13525023,
4302113211,-14.21924133,
4302713171,-14.12856766,
4303313131,-14.04290095,
4303913091,-14.11571911,
4304513051,-14.07540392,
4305113011,-14.22099299,
4305712971,-14.17779649,
4306312931,-14.02744341,
4306912891,-14.02335645,
4307512851,-14.04959848,
4308112811,-14.23389865,
4308712771,-14.09380333,
4309312730,-13.94148195,
4309912690,-13.97231478,
4310512650,-13.98472669,
4311112610,-14.15742844,
4311712570,-13.99909192,
4312312530,-14.10846489,
4312912490,-13.93217268,
4313512450,-14.12090411,
4314112410,-13.81049551,
4314712370,-13.83969701,
4315312330,-13.91219409,
4315912290,-13.9508534,
4316512250,-13.95994853,
4317112210,-13.8916186,
4317712170,-13.81913952,
4318312130,-14.02590623,
4318912090,-13.78541846,
4319512050,-13.77262668,
4320112010,-13.66690313,
4320711970,-13.72501782,
4321311930,-13.62877224,
4321911890,-13.78149315,
4322511850,-13.81429106,
4323111810,-13.8601226,
4323711770,-13.83569895,
4324311730,-13.72232993,
4324911690,-13.67781196,
4325511650,-13.67891697,
4326111610,-13.67711536,
4326711570,-13.83743446,
4327311530,-13.76517578,
4327911490,-13.74716922,
4328511450,-13.91223516,
4329111410,-13.56772794,
4329711370,-13.76091336,
4330311330,-13.6632897,
4330911290,-13.73265925,
4331511250,-13.73118935,
4332111210,-13.53432256,
4332711170,-13.6405603,
4333311130,-13.77733617,
4333911090,-13.52755879,
4334511050,-13.6372885,
4335111010,-13.68687333,
4335710970,-13.48374943,
4336310930,-13.43656879,
4336910890,-13.53363607,
4337510850,-13.70740418,
4338110810,-13.70246622,
4338710770,-13.56643293,
4339310730,-13.64206794,
4339910690,-13.58479004,
4340510650,-13.58617631,
4341110610,-13.66106923,
4341710570,-13.44698101,
4342310530,-13.7658806,
4342910490,-13.56845597,
4343510450,-13.47126882,
4344110410,-13.69478009,
4344710370,-13.60958619,
4345310330,-13.75658887,
4345910290,-13.536676,
4346510250,-13.59766774,
4347110210,-13.44762918,
4347710170,-13.49182493,
4348310130,-13.60017114,
4348910090,-13.61766861,
4349510050,-13.43841098,
4350110010,-13.64437714,
4350709970,-13.6965794,
4351309930,-13.55903528,
4351909890,-13.56688525,
4352509850,-13.59353185,
4353109810,-13.52269911,
4353709770,-13.47000062,
4354309730,-13.59819,
4354909690,-13.59235903,
4355509650,-13.32460914,
4356109610,-13.49430721,
4356709570,-13.31588567,
4357309530,-13.60158605,
4357909490,-13.49894391,
4358509450,-13.67902272,
4359109410,-13.50659546,
4359709370,-13.47740796,
4360309330,-13.37787668,
4360909290,-13.3482774,
4361509250,-13.4938666,
4362109210,-13.49604567,
4362709170,-13.43899517,
4363309130,-13.42283151,
4363909090,-13.50398838,
4364509050,-13.23780232,
4365109010,-13.54698161,
4365708970,-13.48516028,
4366308930,-13.45606577,
4366908890,-13.57534055,
4367508850,-13.44861233,
4368108810,-13.61985402,
4368708770,-13.58539551,
4369308730,-13.25833005,
4369908690,-13.56112885,
4370508650,-13.41575871,
4371108610,-13.32647347,
4371708570,-13.55425364,
4372308530,-13.6233516,
4372908490,-13.37153945,
4373508450,-13.56632695,
4374108410,-13.35157631,
4374708370,-13.57803301,
4375308330,-13.41758639,
4375908290,-13.30626011,
4376508250,-13.72112269,
4377108210,-13.56548809,
4377708170,-13.57721219,
4378308130,-13.45213126,
4378908090,-13.53382835,
4379508050,-13.53198181,
4380108010,-13.43653574,
4380707970,-13.50305243,
4381307930,-13.53997632,
4381907890,-13.46363945,
4382507850,-13.59846375,
4383107810,-13.64795301,
4383707770,-13.47755161,
4384307730,-13.53672536,
4384907690,-13.43685142,
4385507650,-13.44544079,
4386107610,-13.73804918,
4386707570,-13.52636589,
4387307530,-13.56809097,
4387907490,-13.63709605,
4388507450,-13.72547392,
4389107410,-13.62021567,
4389707370,-13.56787314,
4390307330,-13.37215249,
4390907290,-13.55395336,
4391507250,-13.29170829,
4392107210,-13.22933182,
4392707170,-13.67817143,
4393307130,-13.49895885,
4393907090,-13.57619655,
4394507050,-13.66585397,
4395107010,-13.57918009,
4395706970,-13.39469883,
4396306930,-13.49701716,
4396906890,-13.52650252,
4397506850,-13.64556472,
4398106810,-13.60763854,
4398706770,-13.47766881,
4399306730,-13.45201505,
4399906690,-13.61636552,
4400506650,-13.52354867,
4401106610,-13.80923038,
4401706570,-13.48110055,
4402306530,-13.70026193,
4402906490,-13.49961244,
4403506450,-13.48109088,
4404106410,-13.51211274,
4404706370,-13.4770987,
4405306330,-13.25689614,
4405906290,-13.87520761,
4406506250,-13.54863732,
4407106210,-13.59095134,
4407706170,-13.57697135,
4408306130,-13.47962354,
4408906090,-13.7860239,
4409506050,-13.45598336,
4410106010,-13.45303019,
4410705970,-13.34512143,
4411305930,-13.5612132,
4411905890,-13.56799337,
4412505850,-13.61310268,
4413105810,-13.66798643,
4413705770,-13.69590874,
4414305730,-13.67047429,
4414905690,-13.82129371,
4415505650,-13.46589974,
4416105610,-13.64474367,
4416705570,-13.61765666,
4417305530,-13.74289077,
4417905490,-13.7914058,
4418505450,-13.75641644,
4419105410,-13.65848636,
4419705370,-13.79777582,
4420305330,-13.78485953,
4420905290,-13.66034632,
4421505250,-13.8676542,
4422105210,-14.06416369,
4422705170,-14.11601211,
4423305130,-13.93038147,
4423905090,-13.89756734,
4424505050,-13.91162446,
4425105010,-13.86580165,
4425704970,-13.94718345,
4426304930,-13.90397593,
4426904890,-13.88534305,
4427504850,-13.82247721,
4428104810,-14.06928597,
4428704770,-14.12774448,
4429304730,-13.82958956,
4429904690,-14.04940831,
4430504650,-14.19914284,
4431104610,-14.1055466,
4431704570,-14.06384817,
4432304530,-14.00014389,
4432904490,-14.3388317,
4433504450,-14.13405913,
4434104410,-14.13361854,
4434704370,-14.21286134,
4435304330,-14.13326083,
4435904290,-14.23862847,
4436504250,-13.9761155,
4437104210,-14.24998043,
4437704170,-14.12139434,
4438304130,-14.38489644,
4438904090,-14.09865671,
4439504050,-14.50854133,
4440104010,-14.2461691,
4440703970,-14.34794972,
4441303930,-14.39320031,
4441903890,-14.38503842,
4442503850,-14.35505361,
4443103810,-14.21936498,
4443703770,-14.43240118,
4444303730,-14.50189755,
4444903690,-14.76438483,
4445503650,-14.31247951,
4446103610,-14.80366609,
4446703570,-14.80564063,
4447303530,-14.77851794,
4447903490,-14.77343418,
4448503450,-14.30528243,
4449103410,-14.57223208,
4449703370,-14.44689996,
4450303330,-14.49863037,
4450903290,-14.64596125,
4451503250,-14.6733705,
4452103210,-14.61581787,
4452703170,-14.59303397,
4453303130,-15.05160374,
4453903090,-14.87898657,
4454503050,-14.91720203,
4455103010,-14.94912353,
4455702970,-14.8323255,
4456302930,-14.85313658,
4456902890,-15.20040756,
4457502850,-15.01798624,
4458102810,-14.9712103,
4458702770,-15.19762685,
4459302730,-14.95362328,
4459902690,-15.37299353,
4460502650,-15.36811871,
4461102610,-15.19490522,
4461702570,-15.47395106,
4462302530,-15.29474207,
4462902489,-15.58614351,
4463502449,-15.47477355,
4464102409,-15.53111533,
4464702369,-15.65178779,
4465302329,-15.44332183,
4465902289,-15.55663877,
4466502249,-15.78080773,
4467102209,-15.6986339,
4467702169,-15.77570309,
4468302129,-15.60767572,
4468902089,-15.91673642,
4469502049,-15.96305208,
4470102009,-15.55818462,
4470701969,-15.60142831,
4471301929,-15.73437311,
4471901889,-15.96200443,
4472501849,-16.00981864,
4473101809,-15.82973982,
4473701769,-16.1897796,
4474301729,-16.11195546,
4474901689,-16.17909019,
4475501649,-16.04360417,
4476101609,-15.95870884,
4476701569,-15.80267779,
4477301529,-15.88216863,
4477901489,-16.29555183,
4478501449,-16.17357533,
4479101409,-15.99358823,
4479701369,-16.10556785,
4480301329,-16.12068114,
4480901289,-16.07355063,
4481501249,-15.8648559,
4482101209,-16.60740109,
4482701169,-16.19269759,
4483301129,-16.19861305,
4483901089,-16.22091316,
4484501049,-16.31305019,
4485101009,-16.10470539,
4485700969,-16.33240994,
4486300929,-16.39383711,
4486900889,-16.11499511,
4487500849,-16.22017397,
4488100809,-16.24146849,
4488700769,-16.24915717,
4489300729,-16.43614042,
4489900689,-16.20472088,
4490500649,-16.49741275,
4491100609,-16.44523296,
4491700569,-16.4515834,
4492300529,-16.22614898,
4492900489,-16.30799679,
4493500449,-16.1697142,
4494100409,-16.43365437,
4494700369,-16.54603717,
4495300329,-16.32317164,
4495900289,-16.4623172,
4496500249,-16.36067755,
4497100209,-16.47332601,
4497700169,-16.54105803,
4498300129,-16.60335072,
4498900089,-16.48749377,
4499500049,-16.39174255,
4500100009,-16.4082508,
4500699969,-16.50619177,
4501299929,-16.38688101,
4501899889,-16.45038902,
4502499849,-16.46306191,
4503099809,-16.47409343,
4503699769,-16.54642095,
4504299729,-16.41224437,
4504899689,-16.54417505,
4505499649,-16.68741258,
4506099609,-16.47432729,
4506699569,-16.74282693,
4507299529,-16.76308315,
4507899489,-16.64790807,
4508499449,-16.56677968,
4509099409,-16.61970161,
4509699369,-16.66116176,
4510299329,-16.58848953,
4510899289,-16.61603142,
4511499249,-16.68844978,
4512099209,-16.66503099,
4512699169,-16.64688026,
4513299129,-16.78213002,
4513899089,-16.48174657,
4514499049,-16.60636007,
4515099009,-16.70437828,
4515698969,-16.69993065,
4516298929,-16.54063994,
4516898889,-16.73803833,
4517498849,-16.71944665,
4518098809,-16.89579129,
4518698769,-16.71943674,
4519298729,-16.57976797,
4519898689,-16.79110619,
4520498649,-16.72726951,
4521098609,-16.69195922,
4521698569,-16.72851618,
4522298529,-16.69903914,
4522898489,-16.59153378,
4523498449,-16.78261557,
4524098409,-16.76519917,
4524698369,-16.75092981,
4525298329,-16.84661582,
4525898289,-16.78180229,
4526498249,-16.81613166,
4527098209,-16.65336387,
4527698169,-16.77648295,
4528298129,-16.53662606,
4528898089,-16.5741174,
4529498049,-16.82678537,
4530098009,-16.75053122,
4530697969,-16.57687608,
4531297929,-17.06528935,
4531897889,-16.68779519,
4532497849,-16.54079878,
4533097809,-16.72302086,
4533697769,-16.64465509,
4534297729,-16.70447781,
4534897689,-16.92971876,
4535497649,-16.73778437,
4536097609,-16.67819115,
4536697569,-16.43329455,
4537297529,-16.74367207,
4537897489,-16.71756722,
4538497449,-16.81534637,
4539097409,-16.72948772,
4539697369,-16.61428599,
4540297329,-16.9423073,
4540897289,-16.54511734,
4541497249,-16.95040327,
4542097209,-16.49837494,
4542697169,-16.65248173,
4543297129,-16.56785877,
4543897089,-16.78140828,
4544497049,-16.50005112,
4545097009,-16.62927911,
4545696969,-16.71882536,
4546296929,-16.59167846,
4546896889,-16.41419978,
4547496849,-16.81351286,
4548096809,-16.63719839,
4548696769,-16.32425975,
4549296729,-16.86612813,
4549896689,-16.62471655,
4550496649,-16.83614963,
4551096609,-16.76942456,
4551696569,-16.64861433,
4552296529,-16.63800786,
4552896489,-16.56821141,
4553496449,-16.58546128,
4554096409,-16.68863034,
4554696369,-16.68256612,
4555296329,-16.79568142,
4555896289,-16.38712017,
4556496249,-16.50213184,
4557096209,-16.87294639,
4557696169,-16.53158267,
4558296129,-16.55334617,
4558896089,-16.53213791,
4559496049,-16.54313286,
4560096009,-16.48283755,
4560695969,-16.62255274,
4561295929,-16.51732787,
4561895889,-16.41038298,
4562495849,-16.84400158,
4563095809,-16.42425602,
4563695769,-16.44570598,
4564295729,-16.59002556,
4564895689,-16.49488902,
4565495649,-16.56388476,
4566095609,-16.45915619,
4566695569,-16.79590305,
4567295529,-16.22470452,
4567895489,-16.68189178,
4568495449,-16.60874635,
4569095409,-16.74230606,
4569695369,-16.50422012,
4570295329,-16.40321879,
4570895289,-16.46359092,
4571495249,-16.34001306,
4572095209,-16.20000591,
4572695169,-16.33745863,
4573295129,-16.51737105,
4573895089,-16.63911366,
4574495049,-16.47120435,
4575095009,-16.38683497,
4575694969,-16.139171,
4576294929,-16.27522373,
4576894889,-16.48226691,
4577494849,-16.52174247,
4578094809,-16.51805876,
4578694769,-16.39371998,
4579294729,-16.28029853,
4579894689,-16.522258,
4580494649,-16.40420365,
4581094609,-16.34814915,
4581694569,-16.43275809,
4582294529,-16.46501636,
4582894489,-16.41983093,
4583494449,-16.32158704,
4584094409,-16.29382156,
4584694369,-16.44573825,
4585294329,-16.1416888,
4585894289,-16.30628898,
4586494249,-16.38294756,
4587094209,-16.42035755,
4587694169,-16.44058483,
4588294129,-16.12928787,
4588894089,-16.23913199,
4589494049,-16.34331088,
4590094009,-16.37031462,
4590693969,-16.40492697,
4591293929,-16.5110142,
4591893889,-16.32124115,
4592493849,-16.35260357,
4593093809,-16.30234845,
4593693769,-16.37829269,
4594293729,-16.36320934,
4594893689,-16.19912868,
4595493649,-16.23537609,
4596093609,-16.49537696,
4596693569,-16.27929896,
4597293529,-16.310632,
4597893489,-16.1958872,
4598493449,-16.30190801,
4599093409,-16.25119147,
4599693369,-16.35988867,
4600293329,-16.12829094,
4600893289,-16.34447847,
4601493249,-16.32566525,
4602093209,-16.19511213,
4602693169,-16.23820229,
4603293129,-16.40006079,
4603893089,-16.1645512,
4604493049,-16.30077274,
4605093009,-16.11777248,
4605692969,-16.40845647,
4606292929,-16.31128027,
4606892889,-16.29569862,
4607492849,-16.32321918,
4608092809,-16.23567029,
4608692769,-16.13650825,
4609292729,-16.21871922,
4609892689,-16.22739312,
4610492649,-16.26295789,
4611092609,-16.12174951,
4611692569,-16.14163242,
4612292529,-16.08081109,
4612892489,-16.34638889,
4613492449,-16.29990685,
4614092409,-16.13370238,
4614692369,-16.38341961,
4615292329,-16.14241326,
4615892289,-15.98911918,
4616492248,-16.38286677,
4617092208,-16.34417012,
4617692168,-16.22350163,
4618292128,-16.18675761,
4618892088,-16.37990163,
4619492048,-16.15804085,
4620092008,-16.38357042,
4620691968,-16.27072316,
4621291928,-16.19746184,
4621891888,-16.0484971,
4622491848,-16.24637281,
4623091808,-16.33804101,
4623691768,-16.28663476,
4624291728,-16.13824819,
4624891688,-16.27385173,
4625491648,-16.10789657,
4626091608,-16.24195052,
4626691568,-16.32306895,
4627291528,-16.09107098,
4627891488,-16.27426799,
4628491448,-16.24742291,
4629091408,-16.2007005,
4629691368,-16.31972818,
4630291328,-16.37755638,
4630891288,-16.23724981,
4631491248,-16.07145904,
4632091208,-16.22139428,
4632691168,-16.27327682,
4633291128,-16.15933571,
4633891088,-15.98999016,
4634491048,-16.12756795,
4635091008,-16.35803774,
4635690968,-16.18137323,
4636290928,-16.30336014,
4636890888,-16.20460018,
4637490848,-16.31801682,
4638090808,-16.20750397,
4638690768,-15.96827538,
4639290728,-16.2522494,
4639890688,-15.98419433,
4640490648,-16.36390294,
4641090608,-16.03595434,
4641690568,-16.16712653,
4642290528,-16.14775251,
4642890488,-16.1466375,
4643490448,-16.1312165,
4644090408,-16.18080648,
4644690368,-16.10954942,
4645290328,-16.01280879,
4645890288,-16.1187954,
4646490248,-16.0488635,
4647090208,-16.12668284,
4647690168,-16.01332227,
4648290128,-16.13382597,
4648890088,-16.12602749,
4649490048,-16.08181026,
4650090008,-15.99207726,
4650689968,-16.1360005,
4651289928,-16.05306778,
4651889888,-15.90485377,
4652489848,-15.95896725,
4653089808,-15.86460076,
4653689768,-16.15133576,
4654289728,-15.97555409,
4654889688,-15.88666504,
4655489648,-16.08158588,
4656089608,-16.04950728,
4656689568,-16.11372478,
4657289528,-16.01606499,
4657889488,-16.24223641,
4658489448,-15.99708866,
4659089408,-16.24845356,
4659689368,-16.20105908,
4660289328,-16.25559452,
4660889288,-16.21410289,
4661489248,-16.10390387,
4662089208,-15.95894074,
4662689168,-16.25437289,
4663289128,-15.95319911,
4663889088,-16.01180136,
4664489048,-16.13543377,
4665089008,-16.02696768,
4665688968,-15.9868652,
4666288928,-16.09467527,
4666888888,-16.02510767,
4667488848,-15.97666978,
4668088808,-16.46301586,
4668688768,-16.02803832,
4669288728,-16.06592498,
4669888688,-15.9035014,
4670488648,-15.76649626,
4671088608,-16.14677474,
4671688568,-15.65144863,
4672288528,-16.23281187,
4672888488,-15.91200674,
4673488448,-16.06004897,
4674088408,-16.20509402,
4674688368,-15.92767849,
4675288328,-16.08377858,
4675888288,-16.17508158,
4676488248,-16.16877556,
4677088208,-16.11141662,
4677688168,-16.19819674,
4678288128,-16.16841994,
4678888088,-15.73691299,
4679488048,-15.66066336,
4680088008,-16.18468564,
4680687968,-16.12094285,
4681287928,-16.06710742,
4681887888,-16.14114846,
4682487848,-16.07526591,
4683087808,-15.92225749,
4683687768,-15.97956011,
4684287728,-16.02620879,
4684887688,-15.68550748,
4685487648,-16.26336995,
4686087608,-15.84922362,
4686687568,-15.58025052,
4687287528,-15.89852916,
4687887488,-15.84111426,
4688487448,-15.66145681,
4689087408,-16.10539267,
4689687368,-16.0372139,
4690287328,-15.66931463,
4690887288,-15.95885324,
4691487248,-16.09902808,
4692087208,-15.88795872,
4692687168,-15.83306342,
4693287128,-15.96260683,
4693887088,-16.20592295,
4694487048,-15.98872388,
4695087008,-16.044036,
4695686968,-15.87140286,
4696286928,-16.33151239,
4696886888,-15.91777062,
4697486848,-15.94969101,
4698086808,-16.13758739,
4698686768,-15.72393922,
4699286728,-15.83748434,
4699886688,-16.20537226,
4700486648,-16.23604899,
4701086608,-15.80369167,
4701686568,-16.09385224,
4702286528,-16.06011432,
4702886488,-16.01913313,
4703486448,-16.13567732,
4704086408,-16.077265,
4704686368,-16.03008273,
4705286328,-16.09989502,
4705886288,-15.88066911,
4706486248,-16.31293996,
4707086208,-15.71215906,
4707686168,-15.83497366,
4708286128,-16.21499122,
4708886088,-16.17544009,
4709486048,-16.10024279,
4710086008,-15.96326183,
4710685968,-16.51071463,
4711285928,-15.95152182,
4711885888,-15.99756461,
4712485848,-16.23133882,
4713085808,-16.05295505,
4713685768,-16.20804134,
4714285728,-15.95544189,
4714885688,-16.29350078,
4715485648,-16.06738161,
4716085608,-16.24081196,
4716685568,-16.0202268,
4717285528,-16.07413642,
4717885488,-15.95671164,
4718485448,-16.14063161,
4719085408,-16.08356011,
4719685368,-16.26456654,
4720285328,-16.44400605,
4720885288,-16.23615,
4721485248,-16.19151506,
4722085208,-16.09343907,
4722685168,-16.19654796,
4723285128,-16.25206472,
4723885088,-16.51638977,
4724485048,-16.45471761,
4725085008,-16.32755306,
4725684968,-16.26808011,
4726284928,-16.28699806,
4726884888,-16.36390139,
4727484848,-16.30640253,
4728084808,-16.36275831,
4728684768,-16.67145889,
4729284728,-16.3371881,
4729884688,-16.50278769,
4730484648,-16.44653293,
4731084608,-16.48080124,
4731684568,-16.31671147,
4732284528,-16.48874117,
4732884488,-16.44066219,
4733484448,-16.52258631,
4734084408,-16.37416287,
4734684368,-16.66217961,
4735284328,-16.57422236,
4735884288,-16.53007396,
4736484248,-16.69576641,
4737084208,-16.63491251,
4737684168,-16.56113443,
4738284128,-16.95596199,
4738884088,-16.60341338,
4739484048,-16.49769738,
4740084008,-16.88489205,
4740683968,-16.83594747,
4741283928,-16.74683485,
4741883888,-16.7854061,
4742483848,-16.79747391,
4743083808,-16.79330058,
4743683768,-16.8613647,
4744283728,-17.00759437,
4744883688,-16.84127872,
4745483648,-17.07038319,
4746083608,-16.96031129,
4746683568,-17.00431984,
4747283528,-17.57652321,
4747883488,-17.16934263,
4748483448,-17.38647572,
4749083408,-17.23654317,
4749683368,-16.98974275,
4750283328,-17.01851173,
4750883288,-16.8163382,
4751483248,-17.20992162,
4752083208,-17.1390537,
4752683168,-17.27208445,
4753283128,-17.36500072,
4753883088,-17.71634475,
4754483048,-17.23455227,
4755083008,-17.23810701,
4755682968,-17.4061441,
4756282928,-17.05700984,
4756882888,-17.20604327,
4757482848,-17.34710375,
4758082808,-17.4222782,
4758682768,-17.65794978,
4759282728,-17.33174173,
4759882688,-17.59969278,
4760482648,-17.73844447,
4761082608,-18.08537349,
4761682568,-17.78199395,
4762282528,-17.48401967,
4762882488,-17.36594147,
4763482448,-17.92055482,
4764082408,-17.85269681,
4764682368,-17.77826951,
4765282328,-18.01333348,
4765882288,-17.65830244,
4766482248,-18.29019303,
4767082208,-17.68782241,
4767682168,-17.77507122,
4768282128,-18.39386111,
4768882088,-18.43040467,
4769482048,-17.83435465,
4770082008,-17.78468324,
4770681967,-17.64068305,
4771281927,-17.24715582,
4771881887,-17.99845716,
4772481847,-17.81070691,
4773081807,-17.96981232,
4773681767,-17.58806947,
4774281727,-17.95089289,
4774881687,-18.14103428,
4775481647,-17.29681299,
4776081607,-17.77939204,
4776681567,-17.86828399,
4777281527,-17.55194733,
4777881487,-17.72826533,
4778481447,-17.8531109,
4779081407,-17.71222943,
4779681367,-18.71514074,
4780281327,-18.11390456,
4780881287,-18.10616773,
4781481247,-17.82338187,
4782081207,-17.96938427,
4782681167,-18.37881818,
4783281127,-18.4458017,
4783881087,-18.03881085,
4784481047,-18.37138555,
4785081007,-18.4069588,
4785680967,-18.45203883,
4786280927,-18.04937746,
4786880887,-18.17342071,
4787480847,-18.42612147,
4788080807,-18.10125072,
4788680767,-18.0753725,
4789280727,-17.9796136,
4789880687,-18.21528808,
4790480647,-18.19207691,
4791080607,-18.01685151,
4791680567,-18.47465426,
4792280527,-18.26181662,
4792880487,-18.13740107,
4793480447,-18.61441283,
4794080407,-18.33800392,
4794680367,-18.63190434,
4795280327,-18.82736053,
4795880287,-18.73030787,
4796480247,-18.64363153,
4797080207,-18.53356004,
4797680167,-18.55614905,
4798280127,-18.54256348,
4798880087,-18.40221889,
4799480047,-18.69575469,
4800080007,-18.85488628,
4800679967,-18.70408116,
4801279927,-18.1079309,
4801879887,-19.18555691,
4802479847,-19.04337533,
4803079807,-18.99560859,
4803679767,-19.20259531,
4804279727,-19.28259316,
4804879687,-18.89655555,
4805479647,-19.20172373,
4806079607,-18.99575047,
4806679567,-19.39124154,
4807279527,-19.37793572,
4807879487,-19.19749503,
4808479447,-19.50503733,
4809079407,-19.36068786,
4809679367,-19.20009732,
4810279327,-18.97525428,
4810879287,-19.23621827,
4811479247,-19.43582181,
4812079207,-18.71233309,
4812679167,-19.93384487,
4813279127,-19.52614406,
4813879087,-19.553981,
4814479047,-19.67669756,
4815079007,-18.92965248,
4815678967,-18.9986559,
4816278927,-19.22409992,
4816878887,-19.78739381,
4817478847,-19.48455863,
4818078807,-19.92514159,
4818678767,-19.228662,
4819278727,-19.60953802,
4819878687,-19.86847556,
4820478647,-18.90184135,
4821078607,-19.3610657,
4821678567,-19.64120048,
4822278527,-19.38510146,
4822878487,-19.64040796,
4823478447,-20.19121498,
4824078407,-20.02340763,
4824678367,-20.25724451,
4825278327,-19.56772413,
4825878287,-20.08224335,
4826478247,-19.85804445,
4827078207,-19.7250584,
4827678167,-20.12370462,
4828278127,-19.92099105,
4828878087,-20.46051339,
4829478047,-19.81426285,
4830078007,-19.88831288,
4830677967,-20.04212153,
4831277927,-20.33063033,
4831877887,-20.19448941,
4832477847,-20.40220762,
4833077807,-20.11875296,
4833677767,-20.06440244,
4834277727,-20.16140425,
4834877687,-19.86762935,
4835477647,-20.33496481,
4836077607,-20.658287,
4836677567,-19.95794706,
4837277527,-20.12186554,
4837877487,-20.66089371,
4838477447,-20.18684136,
4839077407,-20.60573051,
4839677367,-20.41386715,
4840277327,-20.34667435,
4840877287,-20.46338484,
4841477247,-20.4898357,
4842077207,-20.26279049,
4842677167,-20.59192872,
4843277127,-20.64154703,
4843877087,-20.18804582,
4844477047,-20.36854545,
4845077007,-20.75596413,
4845676967,-20.61214785,
4846276927,-20.50535005,
4846876887,-20.19895485,
4847476847,-20.5125665,
4848076807,-20.51217565,
4848676767,-20.44491286,
4849276727,-20.05017889,
4849876687,-20.50874376,
4850476647,-21.03124575,
4851076607,-20.13865507,
4851676567,-20.51231732,
4852276527,-19.99301545,
4852876487,-20.96399975,
4853476447,-20.7412756,
4854076407,-20.06027452,
4854676367,-20.98577601,
4855276327,-20.78038661,
4855876287,-20.77423383,
4856476247,-20.88800443,
4857076207,-20.15475433,
4857676167,-20.45844115,
4858276127,-19.67715854,
4858876087,-21.12238075,
4859476047,-20.92354331,
4860076007,-21.08932475,
4860675967,-21.41237839,
4861275927,-20.5125141,
4861875887,-21.0380715,
4862475847,-20.67720329,
4863075807,-21.48463948,
4863675767,-20.61249821,
4864275727,-20.74204894,
4864875687,-20.44918716,
4865475647,-20.50151786,
4866075607,-20.76594289,
4866675567,-20.66554776,
4867275527,-20.158049,
4867875487,-20.79757756,
4868475447,-20.66461602,
4869075407,-20.46321658,
4869675367,-20.7092256,
4870275327,-20.47221025,
4870875287,-21.55331292,
4871475247,-21.3006104,
4872075207,-20.72688086,
4872675167,-21.08252379,
4873275127,-20.63306523,
4873875087,-20.43363038,
4874475047,-21.45844852,
4875075007,-21.54961089,
4875674967,-20.5337365,
4876274927,-21.13182299,
4876874887,-20.88848519,
4877474847,-21.0800698,
4878074807,-21.2062986,
4878674767,-21.12124523,
4879274727,-21.12193532,
4879874687,-20.39204455,
4880474647,-20.62111495,
4881074607,-20.3508656,
4881674567,-20.63453471,
4882274527,-20.53938072,
4882874487,-20.44959003,
4883474447,-20.77550011,
4884074407,-21.13205911,
4884674367,-20.7308973,
4885274327,-21.00755615,
4885874287,-20.81021957,
4886474247,-20.97971011,
4887074207,-21.2214484,
4887674167,-21.0117434,
4888274127,-20.66413266,
4888874087,-20.65518752,
4889474047,-20.81981589,
4890074007,-20.44473809,
4890673967,-21.09077027,
4891273927,-20.5291563,
4891873887,-21.35988486,
4892473847,-20.32249842,
4893073807,-20.82798071,
4893673767,-20.92392273,
4894273727,-20.74044887,
4894873687,-20.6847998,
4895473647,-20.91371412,
4896073607,-21.03560976,
4896673567,-20.41060621,
4897273527,-20.98324169,
4897873487,-20.59855641,
4898473447,-21.05550186,
4899073407,-20.93786448,
4899673367,-20.9408077,
4900273327,-21.14116189,
4900873287,-21.27771342,
4901473247,-20.78263752,
4902073207,-21.1029217,
4902673167,-20.66993405,
4903273127,-20.52851719,
4903873087,-21.22071489,
4904473047,-20.45298271,
4905073007,-21.02613602,
4905672967,-20.59403473,
4906272927,-20.90801491,
4906872887,-21.0929975,
4907472847,-21.16022282,
4908072807,-21.09502619,
4908672767,-20.65251573,
4909272727,-20.4703331,
4909872687,-20.85865612,
4910472647,-20.99231568,
4911072607,-20.5387764,
4911672567,-20.66978556,
4912272527,-20.65849013,
4912872487,-21.26383466,
4913472447,-20.97862242,
4914072407,-21.26788383,
4914672367,-20.82269022,
4915272327,-21.37772407,
4915872287,-20.45417263,
4916472247,-20.55099996,
4917072207,-20.3809071,
4917672167,-20.80434267,
4918272127,-20.93617278,
4918872087,-20.64651245,
4919472047,-21.54614876,
4920072007,-20.94637449,
4920671967,-20.41726784,
4921271927,-20.97541125,
4921871887,-20.82061819,
4922471847,-21.0168322,
4923071807,-20.83041113,
4923671767,-20.85994545,
4924271726,-20.91918347,
4924871686,-21.07653869,
4925471646,-20.52316966,
4926071606,-20.52614922,
4926671566,-20.75093521,
4927271526,-20.79098929,
4927871486,-20.23139569,
4928471446,-20.24467621,
4929071406,-20.9438769,
4929671366,-20.67400518,
4930271326,-20.3870062,
4930871286,-20.24992013,
4931471246,-21.12019404,
4932071206,-20.73627999,
4932671166,-20.59334063,
4933271126,-20.89182376,
4933871086,-20.58155169,
4934471046,-20.74347346,
4935071006,-20.36817695,
4935670966,-20.76178998,
4936270926,-20.38179635,
4936870886,-20.12545664,
4937470846,-20.20661131,
4938070806,-20.50520358,
4938670766,-20.52692844,
4939270726,-20.6635174,
4939870686,-20.28830524,
4940470646,-20.57085512,
4941070606,-20.23160085,
4941670566,-20.32320159,
4942270526,-20.56596388,
4942870486,-20.47801593,
4943470446,-20.20210586,
4944070406,-20.37187289,
4944670366,-20.16388229,
4945270326,-20.14372544,
4945870286,-20.39439053,
4946470246,-20.2646888,
4947070206,-20.45679324,
4947670166,-20.38493655,
4948270126,-20.19962136,
4948870086,-20.4862374,
4949470046,-20.46089505,
4950070006,-20.42505633,
4950669966,-19.69700838,
4951269926,-20.07750909,
4951869886,-19.29923245,
4952469846,-19.81347094,
4953069806,-19.84916957,
4953669766,-18.74967149,
4954269726,-19.50372466,
4954869686,-19.40406448,
4955469646,-20.15081205,
4956069606,-19.92659526,
4956669566,-19.77950702,
4957269526,-18.94394757,
4957869486,-19.04356518,
4958469446,-19.48408169,
4959069406,-19.40852003,
4959669366,-18.97280047,
4960269326,-19.39538468,
4960869286,-19.02010557,
4961469246,-19.40887351,
4962069206,-19.03781663,
4962669166,-19.47942288,
4963269126,-18.73523013,
4963869086,-19.08386729,
4964469046,-18.89046698,
4965069006,-19.02086217,
4965668966,-18.66964986,
4966268926,-18.53468038,
4966868886,-18.61914032,
4967468846,-18.92252987,
4968068806,-18.6383802,
4968668766,-19.08499166,
4969268726,-19.17712504,
4969868686,-18.66579478,
4970468646,-18.51720881,
4971068606,-18.64721245,
4971668566,-18.61404376,
4972268526,-18.59711861,
4972868486,-18.99123795,
4973468446,-18.94766111,
4974068406,-18.74831754,
4974668366,-18.3354531,
4975268326,-18.09313802,
4975868286,-18.32844772,
4976468246,-18.61488073,
4977068206,-18.33265441,
4977668166,-18.61715791,
4978268126,-18.19498491,
4978868086,-18.51364932,
4979468046,-18.66703508,
4980068006,-18.73595573,
4980667966,-18.43736315,
4981267926,-18.58211948,
4981867886,-18.6093114,
4982467846,-18.16953743,
4983067806,-18.48061261,
4983667766,-18.72606256,
4984267726,-17.94693373,
4984867686,-18.38161528,
4985467646,-18.71265143,
4986067606,-17.92154375,
4986667566,-18.47012415,
4987267526,-18.034039,
4987867486,-18.00156389,
4988467446,-18.07142235,
4989067406,-17.83767506,
4989667366,-18.22521569,
4990267326,-18.06754681,
4990867286,-18.26946818,
4991467246,-17.72874701,
4992067206,-18.0793534,
4992667166,-17.65608053,
4993267126,-18.66573364,
4993867086,-18.10565195,
4994467046,-18.20058806,
4995067006,-18.58407081,
4995666966,-18.07903123,
4996266926,-18.53737228,
4996866886,-18.2316157,
4997466846,-18.07387048,
4998066806,-18.05076416,
4998666766,-18.40258414,
4999266726,-18.22963243,
4999866686,-18.16530345,
5000466646,-18.19198202,
5001066606,-18.09603377,
5001666566,-18.68200361,
5002266526,-18.15606139,
5002866486,-17.99999835,
5003466446,-17.97691646,
5004066406,-18.21285652,
5004666366,-18.86586115,
5005266326,-18.54583161,
5005866286,-18.65707497,
5006466246,-17.93319298,
5007066206,-18.07813433,
5007666166,-18.35444141,
5008266126,-18.16164701,
5008866086,-18.62307527,
5009466046,-18.25398553,
5010066006,-18.51911006,
5010665966,-18.71998803,
5011265926,-18.47107452,
5011865886,-18.3546714,
5012465846,-18.71765105,
5013065806,-18.51867291,
5013665766,-18.64266628,
5014265726,-18.45050997,
5014865686,-18.5255117,
5015465646,-18.37598152,
5016065606,-18.29689533,
5016665566,-18.74300216,
5017265526,-17.98395473,
5017865486,-18.96275698,
5018465446,-18.41080953,
5019065406,-18.96721262,
5019665366,-18.45892043,
5020265326,-18.61829092,
5020865286,-18.63993568,
5021465246,-18.78219625,
5022065206,-18.81008529,
5022665166,-19.04079765,
5023265126,-19.49522827,
5023865086,-18.66048867,
5024465046,-18.5359527,
5025065006,-19.16119156,
5025664966,-18.55652046,
5026264926,-19.04010393,
5026864886,-19.08958372,
5027464846,-19.08281311,
5028064806,-19.01446242,
5028664766,-19.28876232,
5029264726,-19.23712268,
5029864686,-18.60821047,
5030464646,-19.09368264,
5031064606,-19.56565124,
5031664566,-19.49803796,
5032264526,-19.93146716,
5032864486,-19.41222614,
5033464446,-19.09348436,
5034064406,-19.84548427,
5034664366,-19.49717605,
5035264326,-19.83567909,
5035864286,-20.08014162,
5036464246,-19.43730085,
5037064206,-19.40401874,
5037664166,-20.15804716,
5038264126,-20.40889608,
5038864086,-20.14125507,
5039464046,-20.33078092,
5040064006,-19.6587811,
5040663966,-20.20000947,
5041263926,-20.13646936,
5041863886,-20.25516226,
5042463846,-21.12758264,
5043063806,-20.37929991,
5043663766,-20.25501749,
5044263726,-20.17472513,
5044863686,-20.38118665,
5045463646,-20.49479033,
5046063606,-20.71421998,
5046663566,-20.29539009,
5047263526,-20.26655847,
5047863486,-20.29699691,
5048463446,-20.49875597,
5049063406,-20.39684016,
5049663366,-20.26751634,
5050263326,-20.93246804,
5050863286,-20.34214421,
5051463246,-20.95381895,
5052063206,-20.18914473,
5052663166,-20.77098917,
5053263126,-21.0892986,
5053863086,-20.76252632,
5054463046,-20.86630613,
5055063006,-21.18029833,
5055662966,-21.30856512,
5056262926,-21.45105805,
5056862886,-21.01244913,
5057462846,-20.53668551,
5058062806,-20.61639784,
5058662766,-20.98176946,
5059262726,-21.02671819,
5059862686,-20.47371863,
5060462646,-21.08335758,
5061062606,-21.06669986,
5061662566,-21.23721762,
5062262526,-21.14311777,
5062862486,-21.05652013,
5063462446,-21.33390255,
5064062406,-21.25803417,
5064662366,-21.03181817,
5065262326,-20.97414122,
5065862286,-21.21314789,
5066462246,-20.92612979,
5067062206,-20.86104454,
5067662166,-20.77520961,
5068262126,-21.35373543,
5068862086,-21.19824222,
5069462046,-21.0743753,
5070062006,-20.83649935,
5070661966,-21.09457172,
5071261926,-20.81537027,
5071861886,-20.90394675,
5072461846,-20.91694987,
5073061806,-20.94221767,
5073661766,-20.84706549,
5074261726,-21.0290156,
5074861686,-20.91794769,
5075461646,-21.30173006,
5076061606,-20.94156277,
5076661566,-21.46309505,
5077261526,-21.21296931,
5077861485,-21.37520092,
5078461445,-21.17109985,
5079061405,-21.19297485,
5079661365,-21.48015448,
5080261325,-21.39347211,
5080861285,-21.52365829,
5081461245,-21.41644395,
5082061205,-21.41404987,
5082661165,-21.81390047,
5083261125,-21.81682094,
5083861085,-21.21109546,
5084461045,-21.72916188,
5085061005,-21.89419607,
5085660965,-21.42850014,
5086260925,-21.44827887,
5086860885,-21.97420409,
5087460845,-21.83650287,
5088060805,-21.92168454,
5088660765,-21.69653979,
5089260725,-21.64161047,
5089860685,-22.07600731,
5090460645,-21.78067824,
5091060605,-22.28893783,
5091660565,-22.10581166,
5092260525,-21.62862438,
5092860485,-22.32997215,
5093460445,-21.9707221,
5094060405,-21.9563159,
5094660365,-21.76601917,
5095260325,-22.03828289,
5095860285,-22.08635196,
5096460245,-22.25365478,
5097060205,-22.51688497,
5097660165,-22.54474,
5098260125,-22.34222679,
5098860085,-22.54812363,
5099460045,-22.4577148,
5100060005,-22.12954853,
5100659965,-22.16196277,
5101259925,-22.43565304,
5101859885,-22.22203309,
5102459845,-22.41029821,
5103059805,-22.49483926,
5103659765,-22.85581995,
5104259725,-22.35919604,
5104859685,-22.51810399,
5105459645,-23.23157118,
5106059605,-22.73191864,
5106659565,-22.18736518,
5107259525,-22.34378348,
5107859485,-22.23246259,
5108459445,-22.43491681,
5109059405,-22.67043249,
5109659365,-22.47244691,
5110259325,-23.05758306,
5110859285,-23.1740778,
5111459245,-22.06093444,
5112059205,-23.18327753,
5112659165,-23.10470958,
5113259125,-22.71102058,
5113859085,-23.589721,
5114459045,-22.52528454,
5115059005,-22.65647185,
5115658965,-23.51836691,
5116258925,-23.08537855,
5116858885,-22.80685491,
5117458845,-23.21511905,
5118058805,-22.94838992,
5118658765,-22.93921068,
5119258725,-23.34438887,
5119858685,-22.97039421,
5120458645,-22.98337322,
5121058605,-23.32414379,
5121658565,-23.06669741,
5122258525,-23.44750759,
5122858485,-22.43849854,
5123458445,-22.79210629,
5124058405,-22.77693153,
5124658365,-23.01934812,
5125258325,-23.5232805,
5125858285,-22.62075838,
5126458245,-22.85294818,
5127058205,-23.47428896,
5127658165,-23.62384671,
5128258125,-23.51084004,
5128858085,-23.69705473,
5129458045,-23.46891903,
5130058005,-22.76481391,
5130657965,-23.79609704,
5131257925,-23.09211054,
5131857885,-24.10783647,
5132457845,-23.42896509,
5133057805,-23.99376825,
5133657765,-23.01905165,
5134257725,-23.38971458,
5134857685,-24.06460837,
5135457645,-23.4647219,
5136057605,-23.90783722,
5136657565,-24.31402803,
5137257525,-23.34004288,
5137857485,-23.53650261,
5138457445,-23.77864405,
5139057405,-22.71074115,
5139657365,-23.95410519,
5140257325,-23.54387144,
5140857285,-23.48655464,
5141457245,-23.49239568,
5142057205,-23.58759642,
5142657165,-24.18745179,
5143257125,-23.36889233,
5143857085,-23.69761537,
5144457045,-23.63898646,
5145057005,-24.45119142,
5145656965,-24.11733854,
5146256925,-23.6508663,
5146856885,-23.78342306,
5147456845,-23.10584025,
5148056805,-23.16458475,
5148656765,-24.23034565,
5149256725,-24.09315124,
5149856685,-23.97814234,
5150456645,-23.34201519,
5151056605,-22.95379469,
5151656565,-23.22446349,
5152256525,-23.63753969,
5152856485,-24.37560729,
5153456445,-23.69145951,
5154056405,-23.46315189,
5154656365,-23.90589848,
5155256325,-23.67971944,
5155856285,-24.19881602,
5156456245,-24.31156754,
5157056205,-23.79900978,
5157656165,-23.34255757,
5158256125,-22.97248541,
5158856085,-23.30288882,
5159456045,-23.53237966,
5160056005,-24.27819943,
5160655965,-23.59357232,
5161255925,-24.32208969,
5161855885,-23.59557386,
5162455845,-23.88701968,
5163055805,-23.58872254,
5163655765,-24.48350574,
5164255725,-24.41934825,
5164855685,-23.38983595,
5165455645,-23.75344845,
5166055605,-23.27831044,
5166655565,-24.12542719,
5167255525,-23.93747416,
5167855485,-23.46613598,
5168455445,-24.4421939,
5169055405,-23.56311865,
5169655365,-24.26879191,
5170255325,-24.07960072,
5170855285,-24.21861842,
5171455245,-23.49970814,
5172055205,-24.01769799,
5172655165,-23.59203851,
5173255125,-23.58659118,
5173855085,-23.47461771,
5174455045,-23.1242314,
5175055005,-23.83678913,
5175654965,-23.7744508,
5176254925,-23.33859892,
5176854885,-23.55037182,
5177454845,-24.23837827,
5178054805,-24.12189906,
5178654765,-24.0064066,
5179254725,-23.80156098,
5179854685,-23.39024002,
5180454645,-23.55163597,
5181054605,-23.68964007,
5181654565,-23.61642338,
5182254525,-23.13865559,
5182854485,-23.85518754,
5183454445,-23.59927125,
5184054405,-23.81208733,
5184654365,-23.6444552,
5185254325,-23.71232362,
5185854285,-23.28830477,
5186454245,-23.3885303,
5187054205,-24.21079156,
5187654165,-23.67359848,
5188254125,-23.62429252,
5188854085,-24.00786467,
5189454045,-23.80559995,
5190054005,-23.99356688,
5190653965,-24.10700898,
5191253925,-23.73845582,
5191853885,-23.97837409,
5192453845,-23.36076747,
5193053805,-23.30383086,
5193653765,-23.58372742,
5194253725,-23.45870845,
5194853685,-23.45007877,
5195453645,-23.31632264,
5196053605,-23.54773721,
5196653565,-22.84182894,
5197253525,-23.28343574,
5197853485,-24.5257108,
5198453445,-23.82886008,
5199053405,-23.18063884,
5199653365,-22.987923,
5200253325,-23.82071823,
5200853285,-23.30368941,
5201453245,-23.47816162,
5202053205,-23.44267983,
5202653165,-23.7337227,
5203253125,-23.5477181,
5203853085,-22.45375513,
5204453045,-23.85537678,
5205053005,-23.39125593,
5205652965,-22.71746367,
5206252925,-23.87675537,
5206852885,-23.44138364,
5207452845,-23.80983249,
5208052805,-23.08476513,
5208652765,-23.48188172,
5209252725,-23.17975471,
5209852685,-23.27851971,
5210452645,-23.18456274,
5211052605,-22.5863206,
5211652565,-22.95564384,
5212252525,-22.94562282,
5212852485,-23.48269475,
5213452445,-22.99304239,
5214052405,-22.72479408,
5214652365,-23.31564092,
5215252325,-23.10276127,
5215852285,-23.21900729,
5216452245,-23.45881887,
5217052205,-23.04288003,
5217652165,-23.10613032,
5218252125,-23.01810858,
5218852085,-22.90450215,
5219452045,-22.62663569,
5220052005,-22.19045675,
5220651965,-23.12125424,
5221251925,-22.71648305,
5221851885,-22.68715607,
5222451845,-22.46295833,
5223051805,-22.36254703,
5223651765,-22.17777043,
5224251725,-21.78260816,
5224851685,-22.75102343,
5225451645,-22.5226623,
5226051605,-22.74821296,
5226651565,-23.38475151,
5227251525,-22.70593409,
5227851485,-22.32811831,
5228451445,-21.92309612,
5229051405,-21.94770108,
5229651365,-22.31224406,
5230251325,-22.24588945,
5230851285,-22.41219833,
5231451244,-22.3639715,
5232051204,-22.23756147,
5232651164,-22.27679448,
5233251124,-21.53850265,
5233851084,-22.10393377,
5234451044,-22.26885353,
5235051004,-21.92086378,
5235650964,-22.25153416,
5236250924,-21.86008097,
5236850884,-21.79874394,
5237450844,-21.73609163,
5238050804,-22.1283291,
5238650764,-21.69597523,
5239250724,-21.98355245,
5239850684,-21.54994482,
5240450644,-21.86518975,
5241050604,-21.32079619,
5241650564,-21.75926622,
5242250524,-21.90985699,
5242850484,-21.41067894,
5243450444,-21.80294831,
5244050404,-21.49335826,
5244650364,-21.53365757,
5245250324,-21.55453389,
5245850284,-21.00417268,
5246450244,-21.54829381,
5247050204,-21.57799907,
5247650164,-21.30477715,
5248250124,-21.73966788,
5248850084,-21.54749824,
5249450044,-21.28859249,
5250050004,-21.46349411,
5250649964,-21.52978518,
5251249924,-21.12511159,
5251849884,-21.26430664,
5252449844,-21.41272574,
5253049804,-21.17464965,
5253649764,-21.26369223,
5254249724,-21.00988569,
5254849684,-21.41280196,
5255449644,-20.97442662,
5256049604,-20.93468745,
5256649564,-21.02908965,
5257249524,-21.01989277,
5257849484,-21.10731046,
5258449444,-20.30780863,
5259049404,-21.02450266,
5259649364,-20.70415762,
5260249324,-20.76511306,
5260849284,-20.70752524,
5261449244,-20.62531147,
5262049204,-21.04290578,
5262649164,-20.70694389,
5263249124,-20.63521937,
5263849084,-20.64497369,
5264449044,-20.67421719,
5265049004,-20.65036556,
5265648964,-20.62306517,
5266248924,-20.46309275,
5266848884,-20.68395821,
5267448844,-20.24172019,
5268048804,-20.44846578,
5268648764,-20.43993303,
5269248724,-20.21765876,
5269848684,-20.60263186,
5270448644,-20.44401021,
5271048604,-20.27778706,
5271648564,-20.46903223,
5272248524,-20.17566018,
5272848484,-20.40876685,
5273448444,-20.35898127,
5274048404,-19.98907233,
5274648364,-19.96900267,
5275248324,-20.40526307,
5275848284,-20.50224463,
5276448244,-20.15107763,
5277048204,-20.8914218,
5277648164,-20.47567816,
5278248124,-20.19684916,
5278848084,-20.46119574,
5279448044,-20.19558849,
5280048004,-20.42775474,
5280647964,-20.65454881,
5281247924,-20.10792072,
5281847884,-20.07112585,
5282447844,-20.55106309,
5283047804,-20.40049524,
5283647764,-20.93537346,
5284247724,-20.73581936,
5284847684,-20.34630826,
5285447644,-20.13187844,
5286047604,-20.28439294,
5286647564,-20.22259057,
5287247524,-20.48865154,
5287847484,-20.54017619,
5288447444,-20.11658512,
5289047404,-20.06053278,
5289647364,-19.86614693,
5290247324,-19.66492279,
5290847284,-20.32396413,
5291447244,-20.10677948,
5292047204,-20.37166626,
5292647164,-20.03343941,
5293247124,-20.58356933,
5293847084,-19.77043691,
5294447044,-20.03515879,
5295047004,-20.4994096,
5295646964,-20.10434616,
5296246924,-20.59791836,
5296846884,-20.54913422,
5297446844,-19.80051822,
5298046804,-20.49499562,
5298646764,-19.9476617,
5299246724,-20.33056045,
5299846684,-19.92401242,
5300446644,-20.73103617,
5301046604,-20.48560663,
5301646564,-20.73074181,
5302246524,-20.04970559,
5302846484,-20.75958531,
5303446444,-20.58194601,
5304046404,-20.36310786,
5304646364,-19.80818297,
5305246324,-20.04746309,
5305846284,-20.20049129,
5306446244,-19.71838228,
5307046204,-20.56488907,
5307646164,-20.52531449,
5308246124,-20.13266394,
5308846084,-20.46251646,
5309446044,-19.95762106,
5310046004,-20.24390722,
5310645964,-20.23412405,
5311245924,-20.46630457,
5311845884,-19.98177502,
5312445844,-20.30316383,
5313045804,-20.14315666,
5313645764,-20.36998673,
5314245724,-20.44846962,
5314845684,-20.22150869,
5315445644,-20.13354684,
5316045604,-20.53303994,
5316645564,-20.07439129,
5317245524,-20.40459473,
5317845484,-20.29859423,
5318445444,-20.04445417,
5319045404,-20.61144244,
5319645364,-20.20333813,
5320245324,-20.17992051,
5320845284,-20.47586553,
5321445244,-20.27865156,
5322045204,-20.54674566,
5322645164,-20.25969892,
5323245124,-20.06489786,
5323845084,-20.574523,
5324445044,-20.65406173,
5325045004,-20.23608858,
5325644964,-20.34146324,
5326244924,-20.5900437,
5326844884,-20.47074463,
5327444844,-20.31522546,
5328044804,-20.72088194,
5328644764,-20.65525205,
5329244724,-20.70742169,
5329844684,-20.71722289,
5330444644,-20.72645762,
5331044604,-20.84828923,
5331644564,-20.87509904,
5332244524,-20.91680483,
5332844484,-21.03808743,
5333444444,-20.88245069,
5334044404,-21.04360062,
5334644364,-20.76384432,
5335244324,-20.92013305,
5335844284,-20.63099894,
5336444244,-21.03966991,
5337044204,-21.00503866,
5337644164,-21.19992637,
5338244124,-20.81238144,
5338844084,-21.30366092,
5339444044,-21.43265079,
5340044004,-21.2359668,
5340643964,-20.91235912,
5341243924,-21.42338521,
5341843884,-21.28832114,
5342443844,-21.17273111,
5343043804,-21.3367945,
5343643764,-21.33406796,
5344243724,-21.31774228,
5344843684,-21.59004442,
5345443644,-21.52754209,
5346043604,-21.52630531,
5346643564,-21.92402049,
5347243524,-21.78311637,
5347843484,-21.84681132,
5348443444,-21.47054238,
5349043404,-21.34437019,
5349643364,-22.06091448,
5350243324,-21.47643577,
5350843284,-22.02606603,
5351443244,-21.40677751,
5352043204,-21.69817408,
5352643164,-21.8130536,
5353243124,-22.03933403,
5353843084,-21.68950419,
5354443044,-21.7978582,
5355043004,-21.66680048,
5355642964,-22.10703747,
5356242924,-22.25813661,
5356842884,-22.05899163,
5357442844,-22.48771021,
5358042804,-22.22265982,
5358642764,-22.1441258,
5359242724,-22.32571364,
5359842684,-22.31623532,
5360442644,-22.03836003,
5361042604,-22.66767471,
5361642564,-22.08211853,
5362242524,-22.48224097,
5362842484,-22.05632485,
5363442444,-22.48833766,
5364042404,-22.41725657,
5364642364,-23.3386396,
5365242324,-22.46669866,
5365842284,-22.6255476,
5366442244,-21.91531081,
5367042204,-22.99048885,
5367642164,-22.70066035,
5368242124,-22.90091563,
5368842084,-22.41345615,
5369442044,-22.39649181,
5370042004,-23.00207702,
5370641964,-22.82579549,
5371241924,-22.67854601,
5371841884,-23.3749503,
5372441844,-22.52829541,
5373041804,-23.09694939,
5373641764,-22.51943111,
5374241724,-22.65444678,
5374841684,-23.08646912,
5375441644,-23.31929797,
5376041604,-22.46193657,
5376641564,-23.48804167,
5377241524,-23.34655027,
5377841484,-22.5864845,
5378441444,-22.49851217,
5379041404,-22.28674179,
5379641364,-23.77171712,
5380241324,-23.10153803,
5380841284,-22.653956,
5381441244,-23.54484266,
5382041204,-22.60527323,
5382641164,-22.77986886,
5383241124,-22.1791348,
5383841084,-23.80127787,
5384441044,-23.61335806,
5385041004,-22.442833,
5385640963,-23.41940697,
5386240923,-23.24722337,
5386840883,-23.16967914,
5387440843,-23.31286659,
5388040803,-23.82686992,
5388640763,-23.43651364,
5389240723,-23.55181852,
5389840683,-23.34712952,
5390440643,-23.30636427,
5391040603,-23.34017238,
5391640563,-23.3090896,
5392240523,-22.78610352,
5392840483,-23.17172459,
5393440443,-22.85963782,
5394040403,-23.39864106,
5394640363,-22.99486912,
5395240323,-23.79884657,
5395840283,-23.16117017,
5396440243,-22.84220544,
5397040203,-23.04063545,
5397640163,-23.34818142,
5398240123,-23.00823217,
5398840083,-22.83114112,
5399440043,-23.01793834,
5400040003,-22.75238663,
5400639963,-22.97792316,
5401239923,-23.37423279,
5401839883,-23.59561608,
5402439843,-23.28758452,
5403039803,-22.85860721,
5403639763,-23.03046444,
5404239723,-24.02587771,
5404839683,-24.48630432,
5405439643,-24.10630403,
5406039603,-23.96160516,
5406639563,-23.0917076,
5407239523,-24.38642066,
5407839483,-24.68964175,
5408439443,-23.72964283,
5409039403,-23.42745389,
5409639363,-23.34987599,
5410239323,-23.88544482,
5410839283,-23.18393952,
5411439243,-23.43956137,
5412039203,-23.71015311,
5412639163,-24.65742109,
5413239123,-23.96490399,
5413839083,-23.62021262,
5414439043,-23.94644268,
5415039003,-23.49297928,
5415638963,-23.51199175,
5416238923,-23.60805649,
5416838883,-23.91116508,
5417438843,-25.00390606,
5418038803,-24.37469418,
5418638763,-23.31746643,
5419238723,-23.71214167,
5419838683,-24.48024263,
5420438643,-23.84769021,
5421038603,-24.26913453,
5421638563,-23.23850547,
5422238523,-24.32596516,
5422838483,-24.52795076,
5423438443,-23.84215688,
5424038403,-23.7773291,
5424638363,-24.32978212,
5425238323,-24.49261417,
5425838283,-24.13970963,
5426438243,-24.00821711,
5427038203,-25.83618234,
5427638163,-23.81674683,
5428238123,-23.72921269,
5428838083,-25.21156954,
5429438043,-24.15882877,
5430038003,-24.1529001,
5430637963,-25.83907674,
5431237923,-24.60310951,
5431837883,-25.04737702,
5432437843,-24.81283285,
5433037803,-24.71408154,
5433637763,-24.49172118,
5434237723,-25.32666286,
5434837683,-24.12118364,
5435437643,-24.47751723,
5436037603,-24.39686355,
5436637563,-24.39066584,
5437237523,-24.66842054,
5437837483,-23.75663525,
5438437443,-24.53816324,
5439037403,-23.66493133,
5439637363,-23.89277798,
5440237323,-25.20584232,
5440837283,-25.00507608,
5441437243,-25.30078382,
5442037203,-25.17893984,
5442637163,-24.72450261,
5443237123,-24.61793077,
5443837083,-25.22146543,
5444437043,-25.60947663,
5445037003,-24.33176185,
5445636963,-24.02760949,
5446236923,-24.76082409,
5446836883,-26.17268308,
5447436843,-23.84370538,
5448036803,-25.58498498,
5448636763,-24.74826056,
5449236723,-23.66060959,
5449836683,-24.6679159,
5450436643,-24.7483866,
5451036603,-24.09560746,
5451636563,-25.24978096,
5452236523,-25.4467245,
5452836483,-24.91848334,
5453436443,-24.76032835,
5454036403,-24.30530761,
5454636363,-26.25217076,
5455236323,-24.5327548,
5455836283,-25.91554381,
5456436243,-23.79250578,
5457036203,-25.60067866,
5457636163,-24.58873174,
5458236123,-24.42662444,
5458836083,-24.64569432,
5459436043,-25.26462145,
5460036003,-23.61298828,
5460635963,-24.22685032,
5461235923,-24.83324578,
5461835883,-24.27186232,
5462435843,-23.59259752,
5463035803,-23.30980528,
5463635763,-24.33182254,
5464235723,-26.34526344,
5464835683,-24.72805897,
5465435643,-24.18944144,
5466035603,-24.28814118,
5466635563,-23.70893505,
5467235523,-24.46496738,
5467835483,-24.6604024,
5468435443,-23.5227356,
5469035403,-25.47354298,
5469635363,-25.53233224,
5470235323,-24.42005778,
5470835283,-24.16847386,
5471435243,-24.7233417,
5472035203,-24.44895834,
5472635163,-24.49517682,
5473235123,-23.09098712,
5473835083,-24.33902419,
5474435043,-24.29762537,
5475035003,-25.8741068,
5475634963,-24.91298228,
5476234923,-24.37516604,
5476834883,-23.76745453,
5477434843,-24.47150574,
5478034803,-23.1782722,
5478634763,-24.81656869,
5479234723,-24.15734532,
5479834683,-24.21530307,
5480434643,-23.6147044,
5481034603,-25.40255011,
5481634563,-25.43504111,
5482234523,-24.31391305,
5482834483,-23.33443686,
5483434443,-24.08471037,
5484034403,-24.2310608,
5484634363,-23.51306706,
5485234323,-24.58558097,
5485834283,-23.50222174,
5486434243,-23.98901817,
5487034203,-23.08083449,
5487634163,-23.9240917,
5488234123,-24.29012856,
5488834083,-23.39906802,
5489434043,-24.12286486,
5490034003,-22.45236849,
5490633963,-23.73391337,
5491233923,-23.2091693,
5491833883,-23.53000905,
5492433843,-23.22806998,
5493033803,-23.07444612,
5493633763,-24.22542691,
5494233723,-23.24128775,
5494833683,-24.48242677,
5495433643,-24.82060151,
5496033603,-23.56086841,
5496633563,-23.13532898,
5497233523,-24.39523089,
5497833483,-22.80974915,
5498433443,-23.34201804,
5499033403,-23.35314911,
5499633363,-22.98194208,
5500233323,-23.7024255,
5500833283,-24.50640159,
5501433243,-22.9306768,
5502033203,-22.29397113,
5502633163,-23.00990239,
5503233123,-22.86147383,
5503833083,-23.16735532,
5504433043,-22.70540859,
5505033003,-22.80823185,
5505632963,-23.45035944,
5506232923,-22.91320751,
5506832883,-22.57306082,
5507432843,-22.41816321,
5508032803,-22.84208507,
5508632763,-24.01441339,
5509232723,-22.40596932,
5509832683,-23.21620118,
5510432643,-21.96550471,
5511032603,-22.64353593,
5511632563,-22.56851722,
5512232523,-23.18117302,
5512832483,-22.46288542,
5513432443,-22.41298276,
5514032403,-22.29687569,
5514632363,-22.43478691,
5515232323,-22.88549619,
5515832283,-22.24309414,
5516432243,-21.98498087,
5517032203,-22.24747163,
5517632163,-22.25434151,
5518232123,-21.71102001,
5518832083,-22.49583098,
5519432043,-23.32351067,
5520032003,-22.67627312,
5520631963,-22.13330114,
5521231923,-23.05222858,
5521831883,-22.89996103,
5522431843,-22.21977545,
5523031803,-22.51170564,
5523631763,-22.02362222,
5524231723,-22.3947605,
5524831683,-22.24648813,
5525431643,-22.28430353,
5526031603,-22.36455814,
5526631563,-23.19202036,
5527231523,-22.14638194,
5527831483,-22.32330183,
5528431443,-22.36758682,
5529031403,-22.45134416,
5529631363,-22.23066834,
5530231323,-22.47643009,
5530831283,-22.68387079,
5531431243,-22.65301228,
5532031203,-22.13417333,
5532631163,-22.71555854,
5533231123,-21.62527385,
5533831083,-22.39272393,
5534431043,-21.74409888,
5535031003,-21.62398502,
5535630963,-22.45523773,
5536230923,-22.34325298,
5536830883,-22.42754778,
5537430843,-22.11760152,
5538030803,-22.15839595,
5538630763,-21.71502017,
5539230722,-21.49302859,
5539830682,-22.04846974,
5540430642,-22.11299291,
5541030602,-21.9107433,
5541630562,-21.57754431,
5542230522,-22.43812402,
5542830482,-21.94503105,
5543430442,-21.17970313,
5544030402,-21.43003561,
5544630362,-22.27433504,
5545230322,-21.43771076,
5545830282,-22.23867406,
5546430242,-21.81191277,
5547030202,-21.41237421,
5547630162,-21.10113041,
5548230122,-21.32814207,
5548830082,-21.37800216,
5549430042,-21.62543825,
5550030002,-21.75519797,
5550629962,-21.43971663,
5551229922,-21.71850196,
5551829882,-20.31327565,
5552429842,-21.75762253,
5553029802,-21.35398072,
5553629762,-20.95285952,
5554229722,-20.48356283,
5554829682,-20.93146764,
5555429642,-20.34619642,
5556029602,-20.57255596,
5556629562,-21.23070366,
5557229522,-20.84086443,
5557829482,-20.89386928,
5558429442,-21.06560699,
5559029402,-20.2192857,
5559629362,-21.05353699,
5560229322,-20.59810012,
5560829282,-21.14788823,
5561429242,-20.86942867,
5562029202,-21.05729684,
5562629162,-20.35318664,
5563229122,-20.85705743,
5563829082,-20.77246195,
5564429042,-20.98557419,
5565029002,-21.01979503,
5565628962,-20.55891523,
5566228922,-20.7846655,
5566828882,-20.51940848,
5567428842,-20.62866866,
5568028802,-20.49571012,
5568628762,-20.02299768,
5569228722,-20.74878352,
5569828682,-20.31208446,
5570428642,-20.13574,
5571028602,-20.08468744,
5571628562,-20.58433973,
5572228522,-19.95577117,
5572828482,-20.02587466,
5573428442,-20.16032704,
5574028402,-20.01287249,
5574628362,-20.228029,
5575228322,-19.9174938,
5575828282,-19.81905149,
5576428242,-20.19769949,
5577028202,-20.4499369,
5577628162,-20.22994491,
5578228122,-20.02539364,
5578828082,-19.78861462,
5579428042,-20.30774925,
5580028002,-19.98296769,
5580627962,-19.65817677,
5581227922,-20.11229924,
5581827882,-20.06706431,
5582427842,-19.85526253,
5583027802,-20.39685308,
5583627762,-19.93952078,
5584227722,-20.01999685,
5584827682,-19.52263164,
5585427642,-19.9072543,
5586027602,-19.9192608,
5586627562,-19.90159308,
5587227522,-19.66568602,
5587827482,-20.01344085,
5588427442,-20.07696788,
5589027402,-20.31167219,
5589627362,-20.05935299,
5590227322,-19.83543318,
5590827282,-19.8758599,
5591427242,-20.15233608,
5592027202,-19.79477239,
5592627162,-19.87448775,
5593227122,-19.86444282,
5593827082,-19.65439666,
5594427042,-19.7193116,
5595027002,-20.14946112,
5595626962,-19.95875522,
5596226922,-19.76844462,
5596826882,-19.71816468,
5597426842,-20.28027429,
5598026802,-19.83334279,
5598626762,-19.62809079,
5599226722,-19.48064849,
5599826682,-19.915903,
5600426642,-19.80818735,
5601026602,-19.69749058,
5601626562,-20.07180229,
5602226522,-19.7340744,
5602826482,-20.1980366,
5603426442,-19.79108622,
5604026402,-20.38907369,
5604626362,-19.91370374,
5605226322,-20.01973012,
5605826282,-20.38013768,
5606426242,-19.89509879,
5607026202,-20.08987302,
5607626162,-19.63296691,
5608226122,-20.16192761,
5608826082,-20.13602543,
5609426042,-19.92611355,
5610026002,-19.77503248,
5610625962,-20.13439607,
5611225922,-19.86390713,
5611825882,-20.46583856,
5612425842,-19.94038793,
5613025802,-19.7055268,
5613625762,-19.96648235,
5614225722,-20.08706651,
5614825682,-19.64020479,
5615425642,-20.2300089,
5616025602,-19.89406511,
5616625562,-20.49771071,
5617225522,-20.29764644,
5617825482,-20.58081005,
5618425442,-20.62846682,
5619025402,-20.46754731,
5619625362,-20.36750417,
5620225322,-20.98645878,
5620825282,-19.87852583,
5621425242,-20.15600143,
5622025202,-20.32428644,
5622625162,-20.47884437,
5623225122,-20.67933593,
5623825082,-20.44243892,
5624425042,-20.21604231,
5625025002,-20.77359732,
5625624962,-20.60773281,
5626224922,-20.47781612,
5626824882,-20.48042791,
5627424842,-20.87232912,
5628024802,-21.0703074,
5628624762,-21.02408422,
5629224722,-20.86638652,
5629824682,-21.27083765,
5630424642,-20.98298759,
5631024602,-20.46042257,
5631624562,-20.73968018,
5632224522,-21.1964981,
5632824482,-20.82760654,
5633424442,-20.33187761,
5634024402,-20.80925708,
5634624362,-21.31027111,
5635224322,-21.11725169,
5635824282,-21.44023446,
5636424242,-21.29536115,
5637024202,-21.40845391,
5637624162,-21.26951635,
5638224122,-21.46023656,
5638824082,-21.64584689,
5639424042,-21.32445135,
5640024002,-20.85538266,
5640623962,-21.0146215,
5641223922,-21.65689794,
5641823882,-21.06941538,
5642423842,-21.1565196,
5643023802,-21.57558926,
5643623762,-21.14459314,
5644223722,-21.3308202,
5644823682,-21.77908307,
5645423642,-21.49348073,
5646023602,-21.37277721,
5646623562,-21.57266617,
5647223522,-21.67763439,
5647823482,-21.1850208,
5648423442,-21.62846637,
5649023402,-21.29090964,
5649623362,-21.58460646,
5650223322,-21.47863818,
5650823282,-22.19742755,
5651423242,-21.28495723,
5652023202,-21.89383003,
5652623162,-21.08097382,
5653223122,-22.16242946,
5653823082,-21.90689433,
5654423042,-22.54897694,
5655023002,-22.51389685,
5655622962,-21.51305021,
5656222922,-22.17465009,
5656822882,-21.73162495,
5657422842,-22.80249914,
5658022802,-22.02654908,
5658622762,-22.18575309,
5659222722,-21.19703091,
5659822682,-21.50799902,
5660422642,-21.77257885,
5661022602,-21.62048255,
5661622562,-21.82141644,
5662222522,-22.22134182,
5662822482,-21.20417263,
5663422442,-22.44395769,
5664022402,-22.10534376,
5664622362,-21.57495949,
5665222322,-22.28748511,
5665822282,-22.11607832,
5666422242,-22.0863762,
5667022202,-22.37645022,
5667622162,-22.01412029,
5668222122,-21.91691672,
5668822082,-21.54618865,
5669422042,-21.97169925,
5670022002,-22.81203755,
5670621962,-21.98925326,
5671221922,-22.15167104,
5671821882,-22.13959333,
5672421842,-22.0082707,
5673021802,-22.50285092,
5673621762,-21.63268713,
5674221722,-22.07123864,
5674821682,-22.24306282,
5675421642,-22.18928119,
5676021602,-22.74914994,
5676621562,-22.23005078,
5677221522,-22.60614477,
5677821482,-22.02949202,
5678421442,-24.05650279,
5679021402,-21.98787366,
5679621362,-23.33431841,
5680221322,-22.95030223,
5680821282,-21.89904614,
5681421242,-22.67332556,
5682021202,-22.71565143,
5682621162,-22.95452034,
5683221122,-24.38165968,
5683821082,-22.86771085,
5684421042,-22.61634439,
5685021002,-22.78045153,
5685620962,-23.8651612,
5686220922,-23.2177376,
5686820882,-22.53953935,
5687420842,-22.18382063,
5688020802,-22.36038615,
5688620762,-23.46208863,
5689220722,-22.1429291,
5689820682,-23.4302589,
5690420642,-23.51081122,
5691020602,-23.26939242,
5691620562,-22.97136526,
5692220522,-24.3747299,
5692820481,-22.58585392,
5693420441,-22.70328448,
5694020401,-22.9848668,
5694620361,-25.1987505,
5695220321,-23.16892386,
5695820281,-24.65339109,
5696420241,-25.15436639,
5697020201,-24.57008145,
5697620161,-24.78717901,
5698220121,-23.35359727,
5698820081,-22.70505317,
5699420041,-24.06528194,
5700020001,-25.357378,
5700619961,-25.64321976,
5701219921,-25.64183651,
5701819881,-26.76614773,
5702419841,-24.77873009,
5703019801,-24.20458402,
5703619761,-23.21767299,
5704219721,-24.77678183,
5704819681,-24.38440726,
5705419641,-25.85530656,
5706019601,-25.35478465,
5706619561,-24.73151756,
5707219521,-25.09651671,
5707819481,-25.85103908,
5708419441,-24.14474273,
5709019401,-25.60506306,
5709619361,-24.22154176,
5710219321,-24.90171347,
5710819281,-25.93161147,
5711419241,-24.96937665,
5712019201,-24.85693447,
5712619161,-23.98836874,
5713219121,-25.51325527,
5713819081,-26.23175175,
5714419041,-26.73533777,
5715019001,-23.73434813,
5715618961,-27.00642779,
5716218921,-26.29261379,
5716818881,-24.82534872,
5717418841,-26.36857397,
5718018801,-24.48928941,
5718618761,-26.47592532,
5719218721,-25.51036726,
5719818681,-26.48296066,
5720418641,-23.12117307,
5721018601,-25.09326493,
5721618561,-27.79953475,
5722218521,-26.38859124,
5722818481,-26.28673763,
5723418441,-26.01520515,
5724018401,-25.32879085,
5724618361,-26.54732862,
5725218321,-25.1317772,
5725818281,-27.2913387,
5726418241,-26.83897827,
5727018201,-26.86720121,
5727618161,-29.28521707,
5728218121,-26.12932652,
5728818081,-25.19643967,
5729418041,-24.77684483,
5730018001,-27.31409219,
5730617961,-26.65705142,
5731217921,-25.11528549,
5731817881,-32.05014936,
5732417841,-31.03668942,
5733017801,-25.82549209,
5733617761,-27.39893857,
5734217721,-27.07064769,
5734817681,-25.80421577,
5735417641,-26.42837996,
5736017601,-29.37935122,
5736617561,-27.45274728,
5737217521,-28.19500979,
5737817481,-30.6097071,
5738417441,-28.35037176,
5739017401,-26.43770122,
5739617361,-26.90543316,
5740217321,-27.70586871,
5740817281,-26.83197295,
5741417241,-26.36370762,
5742017201,-27.25634103,
5742617161,-30.28599242,
5743217121,-25.13981736,
5743817081,-26.72018008,
5744417041,-29.17046009,
5745017001,-27.74438244,
5745616961,-26.23900562,
5746216921,-27.43099269,
5746816881,-27.60258851,
5747416841,-28.90415355,
5748016801,-30.04097326,
5748616761,-29.69173071,
5749216721,-28.11994139,
5749816681,-28.17713918,
5750416641,-27.66958595,
5751016601,-28.13520349,
5751616561,-27.11473313,
5752216521,-27.02311732,
5752816481,-30.3732488,
5753416441,-26.99912254,
5754016401,-28.57161994,
5754616361,-25.64304771,
5755216321,-27.25326118,
5755816281,-28.51445714,
5756416241,-28.56712886,
5757016201,-24.95745401,
5757616161,-26.67529384,
5758216121,-28.66898754,
5758816081,-26.65540781,
5759416041,-29.41097587,
5760016001,-27.85621297,
5760615961,-27.46611789,
5761215921,-27.3197857,
5761815881,-25.42051121,
5762415841,-27.01674728,
5763015801,-28.61096657,
5763615761,-26.00287543,
5764215721,-26.8541856,
5764815681,-25.93425378,
5765415641,-29.33785749,
5766015601,-26.6992779,
5766615561,-25.8844799,
5767215521,-27.25540236,
5767815481,-27.30378652,
5768415441,-25.60588912,
5769015401,-26.77954388,
5769615361,-28.3145978,
5770215321,-26.16828254,
5770815281,-26.65303218,
5771415241,-26.93113987,
5772015201,-25.45997919,
5772615161,-26.71116151,
5773215121,-25.11672579,
5773815081,-27.20988714,
5774415041,-26.49290531,
5775015001,-25.93636031,
5775614961,-27.84103828,
5776214921,-26.23943564,
5776814881,-25.35415591,
5777414841,-26.04347712,
5778014801,-25.15110817,
5778614761,-26.11263369,
5779214721,-23.73606744,
5779814681,-31.17803245,
5780414641,-24.2988826,
5781014601,-28.51851458,
5781614561,-25.64568836,
5782214521,-25.78449107,
5782814481,-25.04731013,
5783414441,-25.74093733,
5784014401,-25.99594088,
5784614361,-24.7384499,
5785214321,-24.00390877,
5785814281,-25.00822284,
5786414241,-23.68280969,
5787014201,-24.85165594,
5787614161,-25.23726212,
5788214121,-24.60945604,
5788814081,-24.94426512,
5789414041,-24.63554159,
5790014001,-25.96295369,
5790613961,-25.66870039,
5791213921,-23.78978156,
5791813881,-25.45161808,
5792413841,-24.23439749,
5793013801,-24.69940966,
5793613761,-24.17117031,
5794213721,-25.38206635,
5794813681,-24.77681356,
5795413641,-24.18653786,
5796013601,-24.5452094,
5796613561,-23.58173675,
5797213521,-25.56846418,
5797813481,-27.40117847,
5798413441,-24.9720752,
5799013401,-23.44156308,
5799613361,-24.51577789,
5800213321,-26.09315534,
5800813281,-23.86945793,
5801413241,-23.24738639,
5802013201,-26.62405113,
5802613161,-23.52682086,
5803213121,-24.84190502,
5803813081,-23.63843978,
5804413041,-22.2494195,
5805013001,-23.76261415,
5805612961,-23.06423242,
5806212921,-24.31926735,
5806812881,-23.68805817,
5807412841,-23.70815145,
5808012801,-22.75755394,
5808612761,-23.09702105,
5809212721,-22.98201159,
5809812681,-23.30834606,
5810412641,-22.86747045,
5811012601,-23.43229121,
5811612561,-22.63976816,
5812212521,-23.51619687,
5812812481,-22.70485482,
5813412441,-24.19744032,
5814012401,-23.35505846,
5814612361,-22.56210646,
5815212321,-22.08730734,
5815812281,-22.95180288,
5816412241,-23.11494379,
5817012201,-22.41960078,
5817612161,-22.29537487,
5818212121,-23.02543764,
5818812081,-22.21515404,
5819412041,-23.40500089,
5820012001,-21.9033127,
5820611961,-22.1781419,
5821211921,-22.35764975,
5821811881,-24.36189918,
5822411841,-21.78802086,
5823011801,-21.24264893,
5823611761,-21.61165389,
5824211721,-21.87577656,
5824811681,-22.56619229,
5825411641,-22.42794689,
5826011601,-21.48086086,
5826611561,-21.4677732,
5827211521,-21.50960501,
5827811481,-21.80438469,
5828411441,-22.06147294,
5829011401,-20.96874804,
5829611361,-21.28224158,
5830211321,-21.53461622,
5830811281,-21.54448219,
5831411241,-21.92518322,
5832011201,-21.64453231,
5832611161,-21.59000956,
5833211121,-21.07374232,
5833811081,-21.09283589,
5834411041,-21.64873619,
5835011001,-21.50224439,
5835610961,-21.10842034,
5836210921,-21.75725389,
5836810881,-21.56374063,
5837410841,-21.00907749,
5838010801,-21.57740895,
5838610761,-21.29099146,
5839210721,-21.76110615,
5839810681,-21.73809528,
5840410641,-21.44248578,
5841010601,-21.30290083,
5841610561,-21.30522637,
5842210521,-21.26506673,
5842810481,-21.59158819,
5843410441,-21.54602846,
5844010401,-21.45888657,
5844610361,-21.52536443,
5845210321,-20.90425368,
5845810281,-21.4201857,
5846410240,-21.84006651,
5847010200,-21.00162421,
5847610160,-21.82844616,
5848210120,-21.27114918,
5848810080,-21.52842515,
5849410040,-21.31786584,
5850010000,-21.05175949,
5850609960,-21.27851669,
5851209920,-21.42641021,
5851809880,-20.60018216,
5852409840,-20.8912815,
5853009800,-20.83063608,
5853609760,-21.7750092,
5854209720,-21.39983986,
5854809680,-21.3367271,
5855409640,-20.9524599,
5856009600,-20.91975302,
5856609560,-20.72517068,
5857209520,-21.2703113,
5857809480,-20.65927654,
5858409440,-20.23180197,
5859009400,-20.77655967,
5859609360,-21.27092205,
5860209320,-19.99189022,
5860809280,-20.81256191,
5861409240,-21.72810912,
5862009200,-20.81235933,
5862609160,-21.38402244,
5863209120,-20.85914056,
5863809080,-20.37995228,
5864409040,-20.81728787,
5865009000,-20.34270394,
5865608960,-20.57746853,
5866208920,-20.02820609,
5866808880,-21.08103796,
5867408840,-20.55047277,
5868008800,-20.80657475,
5868608760,-20.45194604,
5869208720,-19.80482979,
5869808680,-20.99847264,
5870408640,-20.7741085,
5871008600,-20.10795804,
5871608560,-20.49644282,
5872208520,-20.65878052,
5872808480,-20.25084527,
5873408440,-20.62549191,
5874008400,-19.92002338,
5874608360,-20.20857584,
5875208320,-20.0527155,
5875808280,-19.87420682,
5876408240,-20.54275963,
5877008200,-20.57493541,
5877608160,-19.83112814,
5878208120,-20.21525156,
5878808080,-19.65869962,
5879408040,-19.75877758,
5880008000,-19.97367987,
5880607960,-20.22580001,
5881207920,-20.4815286,
5881807880,-20.38700962,
5882407840,-20.22916148,
5883007800,-20.36794099,
5883607760,-20.21198819,
5884207720,-19.30314517,
5884807680,-20.19643246,
5885407640,-19.74213163,
5886007600,-19.96824088,
5886607560,-19.34055932,
5887207520,-20.38004498,
5887807480,-20.08127176,
5888407440,-19.34792695,
5889007400,-20.25269389,
5889607360,-19.83473418,
5890207320,-20.53763483,
5890807280,-19.74005144,
5891407240,-20.17085349,
5892007200,-19.74786495,
5892607160,-19.916564,
5893207120,-19.8445296,
5893807080,-19.79753584,
5894407040,-20.2910614,
5895007000,-20.03898978,
5895606960,-20.35774374,
5896206920,-20.10854318,
5896806880,-19.46643483,
5897406840,-20.27096624,
5898006800,-19.40003359,
5898606760,-20.20401103,
5899206720,-20.3784133,
5899806680,-20.0806662,
5900406640,-20.01147816,
5901006600,-19.98363389,
5901606560,-19.96449113,
5902206520,-20.57914662,
5902806480,-20.77891907,
5903406440,-19.94529947,
5904006400,-19.62821907,
5904606360,-20.23862177,
5905206320,-20.02162073,
5905806280,-20.46425475,
5906406240,-20.35373439,
5907006200,-20.83880181,
5907606160,-19.36855508,
5908206120,-20.1751778,
5908806080,-20.24233535,
5909406040,-19.99475941,
5910006000,-20.28908668,
5910605960,-20.63227295,
5911205920,-20.0082737,
5911805880,-20.03235538,
5912405840,-20.59918388,
5913005800,-19.94619893,
5913605760,-20.50530498,
5914205720,-19.60056577,
5914805680,-20.27245414,
5915405640,-20.34455119,
5916005600,-20.1169592,
5916605560,-20.1779426,
5917205520,-20.6937089,
5917805480,-20.44795259,
5918405440,-20.6630319,
5919005400,-20.72631022,
5919605360,-20.20261278,
5920205320,-19.83020573,
5920805280,-19.85035149,
5921405240,-20.80145727,
5922005200,-20.48254634,
5922605160,-20.68313705,
5923205120,-19.33406816,
5923805080,-21.07070556,
5924405040,-20.93476109,
5925005000,-20.04925102,
5925604960,-21.0854982,
5926204920,-20.40985214,
5926804880,-21.22495886,
5927404840,-21.7112848,
5928004800,-21.43597607,
5928604760,-21.575564,
5929204720,-20.73678232,
5929804680,-21.0459461,
5930404640,-20.19015019,
5931004600,-20.41600444,
5931604560,-21.13916899,
5932204520,-20.8758121,
5932804480,-21.14430545,
5933404440,-21.03271553,
5934004400,-21.39698147,
5934604360,-20.41101018,
5935204320,-21.32727187,
5935804280,-20.47879845,
5936404240,-21.54461053,
5937004200,-21.45706625,
5937604160,-21.20290709,
5938204120,-20.96831208,
5938804080,-20.88233563,
5939404040,-21.10148877,
5940004000,-21.40133901,
5940603960,-20.76607023,
5941203920,-21.05302766,
5941803880,-21.35101538,
5942403840,-21.76834628,
5943003800,-22.11774768,
5943603760,-21.3231575,
5944203720,-21.15859727,
5944803680,-21.04470413,
5945403640,-20.61843345,
5946003600,-21.49549316,
5946603560,-21.03191032,
5947203520,-21.42175532,
5947803480,-21.128368,
5948403440,-21.40469523,
5949003400,-20.94702001,
5949603360,-20.98572731,
5950203320,-20.94412564,
5950803280,-21.70224612,
5951403240,-21.72872449,
5952003200,-21.53480345,
5952603160,-20.71341494,
5953203120,-21.86304513,
5953803080,-21.05107785,
5954403040,-21.84698762,
5955003000,-21.68544485,
5955602960,-21.47153867,
5956202920,-21.69018014,
5956802880,-22.38883769,
5957402840,-21.95122111,
5958002800,-22.11969102,
5958602760,-23.14201824,
5959202720,-22.11293854,
5959802680,-22.08674453,
5960402640,-22.06034712,
5961002600,-22.98807444,
5961602560,-24.23886473,
5962202520,-23.28896328,
5962802480,-22.29750599,
5963402440,-24.1908018,
5964002400,-22.9254596,
5964602360,-23.48690024,
5965202320,-23.3650729,
5965802280,-21.99105867,
5966402240,-22.17031575,
5967002200,-22.45753461,
5967602160,-23.43652864,
5968202120,-23.51256062,
5968802080,-23.62921849,
5969402040,-23.50000815,
5970002000,-24.62086626,
5970601960,-23.86684865,
5971201920,-22.73618061,
5971801880,-24.46687957,
5972401840,-21.99237096,
5973001800,-23.48243562,
5973601760,-23.21190004,
5974201720,-24.89613865,
5974801680,-24.66354515,
5975401640,-24.66394852,
5976001600,-22.49718981,
5976601560,-22.29202464,
5977201520,-23.96326933,
5977801480,-23.22465139,
5978401440,-25.24117418,
5979001400,-24.21251082,
5979601360,-25.4077551,
5980201320,-23.49559472,
5980801280,-25.49267078,
5981401240,-25.15322711,
5982001200,-23.8124619,
5982601160,-24.15159679,
5983201120,-23.01866344,
5983801080,-25.76620471,
5984401040,-24.57541868,
5985001000,-25.02941487,
5985600960,-26.36848903,
5986200920,-24.93185773,
5986800880,-24.43844184,
5987400840,-25.80480807,
5988000800,-24.7320215,
5988600760,-25.50019038,
5989200720,-28.3578763,
5989800680,-24.914096,
5990400640,-25.58194444,
5991000600,-27.62778014,
5991600560,-25.8956155,
5992200520,-26.88351959,
5992800480,-25.39244843,
5993400440,-25.85427362,
5994000400,-32.32023193,
5994600360,-27.42529016,
5995200320,-26.69957603,
5995800280,-26.03700644,
5996400240,-26.45428677,
5997000200,-26.86726786,
5997600160,-26.92805348,
5998200120,-25.5082551,
5998800080,-28.80367064,
5999400040,-25.01177527,
6000000000,-28.51514245,
